trade_date,security_id,symbol,fyers_symbol,open,high,low,close,volume,source,downloaded_at
2017-11-02,SMD-0229,TIINDIA,NSE:TIINDIA-EQ,275.05,284.9,261.3,266.15,113099,FYERS_HISTORY,2026-08-08T23:57:42+05:30
2017-11-03,SMD-0229,TIINDIA,NSE:TIINDIA-EQ,269.95,269.95,252.85,253.1,147702,FYERS_HISTORY,2026-08-08T23:57:42+05:30
2017-11-06,SMD-0229,TIINDIA,NSE:TIINDIA-EQ,255.75,255.75,241.0,243.05,397193,FYERS_HISTORY,2026-08-08T23:57:42+05:30
2017-11-07,SMD-0229,TIINDIA,NSE:TIINDIA-EQ,241.0,254.85,241.0,250.1,145331,FYERS_HISTORY,2026-08-08T23:57:42+05:30
2017-11-08,SMD-0229,TIINDIA,NSE:TIINDIA-EQ,262.6,262.6,251.05,262.55,116053,FYERS_HISTORY,2026-08-08T23:57:42+05:30
2017-11-09,SMD-0229,TIINDIA,NSE:TIINDIA-EQ,270.75,275.65,270.0,275.65,8258,FYERS_HISTORY,2026-08-08T23:57:42+05:30
2017-11-10,SMD-0229,TIINDIA,NSE:TIINDIA-EQ,289.4,289.4,289.4,289.4,263167,FYERS_HISTORY,2026-08-08T23:57:42+05:30
2017-11-13,SMD-0229,TIINDIA,NSE:TIINDIA-EQ,303.85,303.85,290.0,291.85,516205,FYERS_HISTORY,2026-08-08T23:57:42+05:30
2017-11-14,SMD-0229,TIINDIA,NSE:TIINDIA-EQ,278.0,294.8,277.5,289.9,97766,FYERS_HISTORY,2026-08-08T23:57:42+05:30
2017-11-15,SMD-0229,TIINDIA,NSE:TIINDIA-EQ,291.0,299.0,285.0,293.5,137404,FYERS_HISTORY,2026-08-08T23:57:42+05:30
2017-11-16,SMD-0229,TIINDIA,NSE:TIINDIA-EQ,304.0,308.9,284.0,290.5,54867,FYERS_HISTORY,2026-08-08T23:57:42+05:30
2017-11-17,SMD-0229,TIINDIA,NSE:TIINDIA-EQ,299.95,299.95,277.25,279.45,91870,FYERS_HISTORY,2026-08-08T23:57:42+05:30
2017-11-20,SMD-0229,TIINDIA,NSE:TIINDIA-EQ,280.0,283.0,275.0,275.25,59105,FYERS_HISTORY,2026-08-08T23:57:42+05:30
2017-11-21,SMD-0229,TIINDIA,NSE:TIINDIA-EQ,274.85,278.2,265.65,269.1,133093,FYERS_HISTORY,2026-08-08T23:57:42+05:30
2017-11-22,SMD-0229,TIINDIA,NSE:TIINDIA-EQ,269.1,270.0,262.0,264.8,25553,FYERS_HISTORY,2026-08-08T23:57:42+05:30
2017-11-23,SMD-0229,TIINDIA,NSE:TIINDIA-EQ,268.95,270.0,262.5,265.7,26151,FYERS_HISTORY,2026-08-08T23:57:42+05:30
2017-11-24,SMD-0229,TIINDIA,NSE:TIINDIA-EQ,268.5,271.0,265.0,269.6,34189,FYERS_HISTORY,2026-08-08T23:57:42+05:30
2017-11-27,SMD-0229,TIINDIA,NSE:TIINDIA-EQ,274.5,274.5,266.3,269.8,29991,FYERS_HISTORY,2026-08-08T23:57:42+05:30
2017-11-28,SMD-0229,TIINDIA,NSE:TIINDIA-EQ,271.0,271.7,262.4,264.95,220652,FYERS_HISTORY,2026-08-08T23:57:42+05:30
2017-11-29,SMD-0229,TIINDIA,NSE:TIINDIA-EQ,264.95,267.0,259.3,260.85,35770,FYERS_HISTORY,2026-08-08T23:57:42+05:30
2017-11-30,SMD-0229,TIINDIA,NSE:TIINDIA-EQ,263.0,263.0,256.0,258.9,71198,FYERS_HISTORY,2026-08-08T23:57:42+05:30
2017-12-01,SMD-0229,TIINDIA,NSE:TIINDIA-EQ,259.0,264.45,255.0,255.75,24233,FYERS_HISTORY,2026-08-08T23:57:42+05:30
2017-12-04,SMD-0229,TIINDIA,NSE:TIINDIA-EQ,255.75,262.0,253.0,258.9,33722,FYERS_HISTORY,2026-08-08T23:57:42+05:30
2017-12-05,SMD-0229,TIINDIA,NSE:TIINDIA-EQ,253.05,258.95,251.05,257.1,14675,FYERS_HISTORY,2026-08-08T23:57:42+05:30
2017-12-06,SMD-0229,TIINDIA,NSE:TIINDIA-EQ,257.1,257.1,215.7,252.55,190976,FYERS_HISTORY,2026-08-08T23:57:42+05:30
2017-12-07,SMD-0229,TIINDIA,NSE:TIINDIA-EQ,254.95,254.95,242.05,251.8,20875,FYERS_HISTORY,2026-08-08T23:57:42+05:30
2017-12-08,SMD-0229,TIINDIA,NSE:TIINDIA-EQ,259.9,261.0,252.15,259.2,38260,FYERS_HISTORY,2026-08-08T23:57:42+05:30
2017-12-11,SMD-0229,TIINDIA,NSE:TIINDIA-EQ,271.0,283.35,269.0,270.4,92879,FYERS_HISTORY,2026-08-08T23:57:42+05:30
2017-12-12,SMD-0229,TIINDIA,NSE:TIINDIA-EQ,273.95,273.95,256.25,257.9,59252,FYERS_HISTORY,2026-08-08T23:57:42+05:30
2017-12-13,SMD-0229,TIINDIA,NSE:TIINDIA-EQ,250.5,263.95,250.5,259.8,13344,FYERS_HISTORY,2026-08-08T23:57:42+05:30
2017-12-14,SMD-0229,TIINDIA,NSE:TIINDIA-EQ,262.4,262.4,257.0,259.95,17643,FYERS_HISTORY,2026-08-08T23:57:42+05:30
2017-12-15,SMD-0229,TIINDIA,NSE:TIINDIA-EQ,262.95,265.75,259.75,263.1,446942,FYERS_HISTORY,2026-08-08T23:57:42+05:30
2017-12-18,SMD-0229,TIINDIA,NSE:TIINDIA-EQ,268.0,275.0,255.0,265.15,516880,FYERS_HISTORY,2026-08-08T23:57:42+05:30
2017-12-19,SMD-0229,TIINDIA,NSE:TIINDIA-EQ,267.75,270.9,260.5,264.6,57890,FYERS_HISTORY,2026-08-08T23:57:42+05:30
2017-12-20,SMD-0229,TIINDIA,NSE:TIINDIA-EQ,263.05,269.9,262.05,263.95,42921,FYERS_HISTORY,2026-08-08T23:57:42+05:30
2017-12-21,SMD-0229,TIINDIA,NSE:TIINDIA-EQ,265.75,269.85,263.2,264.5,43533,FYERS_HISTORY,2026-08-08T23:57:42+05:30
2017-12-22,SMD-0229,TIINDIA,NSE:TIINDIA-EQ,268.2,272.85,266.0,270.05,56045,FYERS_HISTORY,2026-08-08T23:57:42+05:30
2017-12-26,SMD-0229,TIINDIA,NSE:TIINDIA-EQ,270.3,275.05,267.0,273.45,105722,FYERS_HISTORY,2026-08-08T23:57:42+05:30
2017-12-27,SMD-0229,TIINDIA,NSE:TIINDIA-EQ,273.9,276.0,270.0,270.8,40298,FYERS_HISTORY,2026-08-08T23:57:43+05:30
2017-12-28,SMD-0229,TIINDIA,NSE:TIINDIA-EQ,272.45,274.0,269.95,271.35,21342,FYERS_HISTORY,2026-08-08T23:57:43+05:30
2017-12-29,SMD-0229,TIINDIA,NSE:TIINDIA-EQ,274.65,274.75,267.6,269.55,53814,FYERS_HISTORY,2026-08-08T23:57:43+05:30
2018-01-01,SMD-0229,TIINDIA,NSE:TIINDIA-EQ,265.45,275.2,265.45,269.8,71903,FYERS_HISTORY,2026-08-08T23:57:43+05:30
2018-01-02,SMD-0229,TIINDIA,NSE:TIINDIA-EQ,267.0,273.0,263.85,268.15,200465,FYERS_HISTORY,2026-08-08T23:57:43+05:30
2018-01-03,SMD-0229,TIINDIA,NSE:TIINDIA-EQ,268.0,274.9,265.05,273.85,54103,FYERS_HISTORY,2026-08-08T23:57:43+05:30
2018-01-04,SMD-0229,TIINDIA,NSE:TIINDIA-EQ,270.0,284.8,270.0,280.6,243242,FYERS_HISTORY,2026-08-08T23:57:43+05:30
2018-01-05,SMD-0229,TIINDIA,NSE:TIINDIA-EQ,281.65,300.0,281.65,294.45,127514,FYERS_HISTORY,2026-08-08T23:57:43+05:30
2018-01-08,SMD-0229,TIINDIA,NSE:TIINDIA-EQ,299.9,300.5,294.0,294.7,85480,FYERS_HISTORY,2026-08-08T23:57:43+05:30
2018-01-09,SMD-0229,TIINDIA,NSE:TIINDIA-EQ,302.5,304.7,289.95,295.6,166365,FYERS_HISTORY,2026-08-08T23:57:43+05:30
2018-01-10,SMD-0229,TIINDIA,NSE:TIINDIA-EQ,295.95,300.5,293.0,294.1,33230,FYERS_HISTORY,2026-08-08T23:57:43+05:30
2018-01-11,SMD-0229,TIINDIA,NSE:TIINDIA-EQ,295.0,300.0,269.1,287.4,668166,FYERS_HISTORY,2026-08-08T23:57:43+05:30
2018-01-12,SMD-0229,TIINDIA,NSE:TIINDIA-EQ,285.1,292.75,285.1,287.35,254450,FYERS_HISTORY,2026-08-08T23:57:43+05:30
2018-01-15,SMD-0229,TIINDIA,NSE:TIINDIA-EQ,286.0,296.0,286.0,294.15,67738,FYERS_HISTORY,2026-08-08T23:57:43+05:30
2018-01-16,SMD-0229,TIINDIA,NSE:TIINDIA-EQ,299.85,300.0,278.2,279.35,46453,FYERS_HISTORY,2026-08-08T23:57:43+05:30
2018-01-17,SMD-0229,TIINDIA,NSE:TIINDIA-EQ,279.5,289.0,271.6,283.4,24093,FYERS_HISTORY,2026-08-08T23:57:43+05:30
2018-01-18,SMD-0229,TIINDIA,NSE:TIINDIA-EQ,281.5,289.4,266.5,268.35,63228,FYERS_HISTORY,2026-08-08T23:57:43+05:30
2018-01-19,SMD-0229,TIINDIA,NSE:TIINDIA-EQ,270.0,273.95,268.0,272.65,12777,FYERS_HISTORY,2026-08-08T23:57:43+05:30
2018-01-22,SMD-0229,TIINDIA,NSE:TIINDIA-EQ,281.0,281.0,268.55,277.35,22164,FYERS_HISTORY,2026-08-08T23:57:43+05:30
2018-01-23,SMD-0229,TIINDIA,NSE:TIINDIA-EQ,277.35,284.4,270.5,273.7,25813,FYERS_HISTORY,2026-08-08T23:57:43+05:30
2018-01-24,SMD-0229,TIINDIA,NSE:TIINDIA-EQ,270.55,277.4,259.5,260.75,430124,FYERS_HISTORY,2026-08-08T23:57:43+05:30
2018-01-25,SMD-0229,TIINDIA,NSE:TIINDIA-EQ,261.0,273.7,261.0,268.15,64574,FYERS_HISTORY,2026-08-08T23:57:43+05:30
2018-01-29,SMD-0229,TIINDIA,NSE:TIINDIA-EQ,265.25,275.0,260.0,264.1,1227085,FYERS_HISTORY,2026-08-08T23:57:43+05:30
2018-01-30,SMD-0229,TIINDIA,NSE:TIINDIA-EQ,266.9,268.75,262.0,267.25,61986,FYERS_HISTORY,2026-08-08T23:57:43+05:30
2018-01-31,SMD-0229,TIINDIA,NSE:TIINDIA-EQ,268.9,268.95,261.8,267.25,16116,FYERS_HISTORY,2026-08-08T23:57:43+05:30
2018-02-01,SMD-0229,TIINDIA,NSE:TIINDIA-EQ,269.95,269.95,261.9,265.75,43679,FYERS_HISTORY,2026-08-08T23:57:43+05:30
2018-02-02,SMD-0229,TIINDIA,NSE:TIINDIA-EQ,263.6,267.0,245.0,263.45,95629,FYERS_HISTORY,2026-08-08T23:57:43+05:30
2018-02-05,SMD-0229,TIINDIA,NSE:TIINDIA-EQ,262.95,263.0,250.0,259.8,41947,FYERS_HISTORY,2026-08-08T23:57:43+05:30
2018-02-06,SMD-0229,TIINDIA,NSE:TIINDIA-EQ,252.05,263.0,245.0,262.1,35032,FYERS_HISTORY,2026-08-08T23:57:43+05:30
2018-02-07,SMD-0229,TIINDIA,NSE:TIINDIA-EQ,263.0,266.5,257.15,264.85,164749,FYERS_HISTORY,2026-08-08T23:57:43+05:30
2018-02-08,SMD-0229,TIINDIA,NSE:TIINDIA-EQ,268.0,268.0,260.0,261.9,14999,FYERS_HISTORY,2026-08-08T23:57:43+05:30
2018-02-09,SMD-0229,TIINDIA,NSE:TIINDIA-EQ,260.0,271.1,255.0,270.2,16781,FYERS_HISTORY,2026-08-08T23:57:43+05:30
2018-02-12,SMD-0229,TIINDIA,NSE:TIINDIA-EQ,273.0,282.0,273.0,280.05,21256,FYERS_HISTORY,2026-08-08T23:57:43+05:30
2018-02-14,SMD-0229,TIINDIA,NSE:TIINDIA-EQ,285.05,295.0,277.95,286.6,58700,FYERS_HISTORY,2026-08-08T23:57:43+05:30
2018-02-15,SMD-0229,TIINDIA,NSE:TIINDIA-EQ,288.0,288.35,270.0,273.1,28447,FYERS_HISTORY,2026-08-08T23:57:43+05:30
2018-02-16,SMD-0229,TIINDIA,NSE:TIINDIA-EQ,283.0,283.0,263.05,270.55,85077,FYERS_HISTORY,2026-08-08T23:57:43+05:30
2018-02-19,SMD-0229,TIINDIA,NSE:TIINDIA-EQ,270.0,273.0,261.8,267.8,225249,FYERS_HISTORY,2026-08-08T23:57:43+05:30
2018-02-20,SMD-0229,TIINDIA,NSE:TIINDIA-EQ,267.05,278.7,267.05,274.05,16564,FYERS_HISTORY,2026-08-08T23:57:43+05:30
2018-02-21,SMD-0229,TIINDIA,NSE:TIINDIA-EQ,272.3,275.8,265.9,271.25,21743,FYERS_HISTORY,2026-08-08T23:57:43+05:30
2018-02-22,SMD-0229,TIINDIA,NSE:TIINDIA-EQ,269.4,270.0,265.55,266.5,7470,FYERS_HISTORY,2026-08-08T23:57:43+05:30
2018-02-23,SMD-0229,TIINDIA,NSE:TIINDIA-EQ,265.95,271.55,261.8,263.3,88387,FYERS_HISTORY,2026-08-08T23:57:43+05:30
2018-02-26,SMD-0229,TIINDIA,NSE:TIINDIA-EQ,268.5,268.5,258.0,260.0,84836,FYERS_HISTORY,2026-08-08T23:57:43+05:30
2018-02-27,SMD-0229,TIINDIA,NSE:TIINDIA-EQ,261.15,262.45,257.7,260.05,24509,FYERS_HISTORY,2026-08-08T23:57:43+05:30
2018-02-28,SMD-0229,TIINDIA,NSE:TIINDIA-EQ,262.9,263.4,257.0,261.3,368987,FYERS_HISTORY,2026-08-08T23:57:43+05:30
2018-03-01,SMD-0229,TIINDIA,NSE:TIINDIA-EQ,260.85,263.9,260.3,263.05,9746,FYERS_HISTORY,2026-08-08T23:57:43+05:30
2018-03-05,SMD-0229,TIINDIA,NSE:TIINDIA-EQ,265.0,272.5,264.9,266.05,65700,FYERS_HISTORY,2026-08-08T23:57:43+05:30
2018-03-06,SMD-0229,TIINDIA,NSE:TIINDIA-EQ,270.0,271.4,260.0,261.65,57890,FYERS_HISTORY,2026-08-08T23:57:43+05:30
2018-03-07,SMD-0229,TIINDIA,NSE:TIINDIA-EQ,262.1,262.1,255.0,260.2,15518,FYERS_HISTORY,2026-08-08T23:57:43+05:30
2018-03-08,SMD-0229,TIINDIA,NSE:TIINDIA-EQ,260.2,267.0,254.5,264.25,27076,FYERS_HISTORY,2026-08-08T23:57:43+05:30
2018-03-09,SMD-0229,TIINDIA,NSE:TIINDIA-EQ,269.0,269.0,257.0,260.7,56539,FYERS_HISTORY,2026-08-08T23:57:43+05:30
2018-03-12,SMD-0229,TIINDIA,NSE:TIINDIA-EQ,269.0,269.0,258.95,261.0,13147,FYERS_HISTORY,2026-08-08T23:57:43+05:30
2018-03-13,SMD-0229,TIINDIA,NSE:TIINDIA-EQ,262.95,265.0,259.0,260.55,185416,FYERS_HISTORY,2026-08-08T23:57:43+05:30
2018-03-14,SMD-0229,TIINDIA,NSE:TIINDIA-EQ,259.15,262.75,256.25,258.5,910986,FYERS_HISTORY,2026-08-08T23:57:43+05:30
2018-03-15,SMD-0229,TIINDIA,NSE:TIINDIA-EQ,260.95,261.5,255.55,255.95,27691,FYERS_HISTORY,2026-08-08T23:57:43+05:30
2018-03-16,SMD-0229,TIINDIA,NSE:TIINDIA-EQ,255.95,257.45,246.15,248.25,116976,FYERS_HISTORY,2026-08-08T23:57:43+05:30
2018-03-19,SMD-0229,TIINDIA,NSE:TIINDIA-EQ,248.05,252.0,245.0,248.75,20617,FYERS_HISTORY,2026-08-08T23:57:43+05:30
2018-03-20,SMD-0229,TIINDIA,NSE:TIINDIA-EQ,251.0,252.0,248.1,251.2,11991,FYERS_HISTORY,2026-08-08T23:57:43+05:30
2018-03-21,SMD-0229,TIINDIA,NSE:TIINDIA-EQ,252.0,255.0,243.6,244.95,39502,FYERS_HISTORY,2026-08-08T23:57:43+05:30
2018-03-22,SMD-0229,TIINDIA,NSE:TIINDIA-EQ,244.0,246.2,240.0,241.45,27663,FYERS_HISTORY,2026-08-08T23:57:43+05:30
2018-03-23,SMD-0229,TIINDIA,NSE:TIINDIA-EQ,243.75,243.75,232.5,234.25,23286,FYERS_HISTORY,2026-08-08T23:57:43+05:30
2018-03-26,SMD-0229,TIINDIA,NSE:TIINDIA-EQ,241.75,241.75,227.8,231.4,30988,FYERS_HISTORY,2026-08-08T23:57:43+05:30
2018-03-27,SMD-0229,TIINDIA,NSE:TIINDIA-EQ,231.5,235.45,223.1,225.2,34523,FYERS_HISTORY,2026-08-08T23:57:43+05:30
2018-03-28,SMD-0229,TIINDIA,NSE:TIINDIA-EQ,226.85,226.85,220.2,222.4,13649,FYERS_HISTORY,2026-08-08T23:57:43+05:30
2018-04-02,SMD-0229,TIINDIA,NSE:TIINDIA-EQ,229.0,261.9,223.05,254.05,1212116,FYERS_HISTORY,2026-08-08T23:57:43+05:30
2018-04-03,SMD-0229,TIINDIA,NSE:TIINDIA-EQ,252.0,262.0,246.0,248.8,97467,FYERS_HISTORY,2026-08-08T23:57:43+05:30
2018-04-04,SMD-0229,TIINDIA,NSE:TIINDIA-EQ,249.55,254.7,235.5,237.85,94607,FYERS_HISTORY,2026-08-08T23:57:43+05:30
2018-04-05,SMD-0229,TIINDIA,NSE:TIINDIA-EQ,246.0,246.0,235.25,243.2,118133,FYERS_HISTORY,2026-08-08T23:57:43+05:30
2018-04-06,SMD-0229,TIINDIA,NSE:TIINDIA-EQ,245.75,245.75,236.25,239.6,31708,FYERS_HISTORY,2026-08-08T23:57:43+05:30
2018-04-09,SMD-0229,TIINDIA,NSE:TIINDIA-EQ,238.6,243.5,238.6,241.6,25134,FYERS_HISTORY,2026-08-08T23:57:43+05:30
2018-04-10,SMD-0229,TIINDIA,NSE:TIINDIA-EQ,240.05,243.85,238.6,240.1,32793,FYERS_HISTORY,2026-08-08T23:57:43+05:30
2018-04-11,SMD-0229,TIINDIA,NSE:TIINDIA-EQ,239.2,243.0,228.6,232.7,100915,FYERS_HISTORY,2026-08-08T23:57:43+05:30
2018-04-12,SMD-0229,TIINDIA,NSE:TIINDIA-EQ,232.05,237.55,230.15,232.1,14641,FYERS_HISTORY,2026-08-08T23:57:43+05:30
2018-04-13,SMD-0229,TIINDIA,NSE:TIINDIA-EQ,236.5,237.0,231.05,232.75,9080,FYERS_HISTORY,2026-08-08T23:57:43+05:30
2018-04-16,SMD-0229,TIINDIA,NSE:TIINDIA-EQ,228.0,236.75,227.45,234.25,10067,FYERS_HISTORY,2026-08-08T23:57:43+05:30
2018-04-17,SMD-0229,TIINDIA,NSE:TIINDIA-EQ,234.3,236.5,229.0,231.2,14493,FYERS_HISTORY,2026-08-08T23:57:43+05:30
2018-04-18,SMD-0229,TIINDIA,NSE:TIINDIA-EQ,230.05,245.0,230.0,230.9,447407,FYERS_HISTORY,2026-08-08T23:57:43+05:30
2018-04-19,SMD-0229,TIINDIA,NSE:TIINDIA-EQ,233.8,235.7,229.0,231.1,38568,FYERS_HISTORY,2026-08-08T23:57:43+05:30
2018-04-20,SMD-0229,TIINDIA,NSE:TIINDIA-EQ,233.85,236.0,225.0,234.45,615790,FYERS_HISTORY,2026-08-08T23:57:43+05:30
2018-04-23,SMD-0229,TIINDIA,NSE:TIINDIA-EQ,233.8,241.5,231.05,240.0,104839,FYERS_HISTORY,2026-08-08T23:57:43+05:30
2018-04-24,SMD-0229,TIINDIA,NSE:TIINDIA-EQ,240.45,255.7,235.0,241.95,904241,FYERS_HISTORY,2026-08-08T23:57:43+05:30
2018-04-25,SMD-0229,TIINDIA,NSE:TIINDIA-EQ,241.95,241.95,227.4,238.45,37254,FYERS_HISTORY,2026-08-08T23:57:43+05:30
2018-04-26,SMD-0229,TIINDIA,NSE:TIINDIA-EQ,238.0,240.5,233.0,234.55,17453,FYERS_HISTORY,2026-08-08T23:57:43+05:30
2018-04-27,SMD-0229,TIINDIA,NSE:TIINDIA-EQ,236.05,240.0,235.6,237.25,14635,FYERS_HISTORY,2026-08-08T23:57:43+05:30
2018-04-30,SMD-0229,TIINDIA,NSE:TIINDIA-EQ,237.85,243.0,233.95,234.75,17304,FYERS_HISTORY,2026-08-08T23:57:43+05:30
2018-05-02,SMD-0229,TIINDIA,NSE:TIINDIA-EQ,235.35,236.25,232.0,233.6,17710,FYERS_HISTORY,2026-08-08T23:57:43+05:30
2018-05-03,SMD-0229,TIINDIA,NSE:TIINDIA-EQ,233.3,233.6,229.45,230.35,13858,FYERS_HISTORY,2026-08-08T23:57:43+05:30
2018-05-04,SMD-0229,TIINDIA,NSE:TIINDIA-EQ,230.05,232.75,226.2,229.65,33399,FYERS_HISTORY,2026-08-08T23:57:43+05:30
2018-05-07,SMD-0229,TIINDIA,NSE:TIINDIA-EQ,229.9,233.9,225.0,230.35,37494,FYERS_HISTORY,2026-08-08T23:57:43+05:30
2018-05-08,SMD-0229,TIINDIA,NSE:TIINDIA-EQ,229.55,229.55,223.0,224.85,35692,FYERS_HISTORY,2026-08-08T23:57:43+05:30
2018-05-09,SMD-0229,TIINDIA,NSE:TIINDIA-EQ,224.85,229.5,220.0,222.45,733289,FYERS_HISTORY,2026-08-08T23:57:43+05:30
2018-05-10,SMD-0229,TIINDIA,NSE:TIINDIA-EQ,226.45,231.5,223.0,228.2,85271,FYERS_HISTORY,2026-08-08T23:57:43+05:30
2018-05-11,SMD-0229,TIINDIA,NSE:TIINDIA-EQ,228.35,234.1,226.7,228.45,146881,FYERS_HISTORY,2026-08-08T23:57:43+05:30
2018-05-14,SMD-0229,TIINDIA,NSE:TIINDIA-EQ,237.95,237.95,225.1,227.9,40574,FYERS_HISTORY,2026-08-08T23:57:43+05:30
2018-05-15,SMD-0229,TIINDIA,NSE:TIINDIA-EQ,230.95,234.0,225.0,225.75,25492,FYERS_HISTORY,2026-08-08T23:57:43+05:30
2018-05-16,SMD-0229,TIINDIA,NSE:TIINDIA-EQ,226.6,226.6,222.4,223.45,146489,FYERS_HISTORY,2026-08-08T23:57:43+05:30
2018-05-17,SMD-0229,TIINDIA,NSE:TIINDIA-EQ,224.25,233.65,220.7,229.45,23767,FYERS_HISTORY,2026-08-08T23:57:43+05:30
2018-05-18,SMD-0229,TIINDIA,NSE:TIINDIA-EQ,230.05,231.0,225.0,225.15,14619,FYERS_HISTORY,2026-08-08T23:57:43+05:30
2018-05-21,SMD-0229,TIINDIA,NSE:TIINDIA-EQ,225.05,225.05,221.0,222.75,15737,FYERS_HISTORY,2026-08-08T23:57:43+05:30
2018-05-22,SMD-0229,TIINDIA,NSE:TIINDIA-EQ,222.0,224.25,220.1,221.75,15054,FYERS_HISTORY,2026-08-08T23:57:43+05:30
2018-05-23,SMD-0229,TIINDIA,NSE:TIINDIA-EQ,221.95,221.95,215.0,215.3,52221,FYERS_HISTORY,2026-08-08T23:57:43+05:30
2018-05-24,SMD-0229,TIINDIA,NSE:TIINDIA-EQ,218.5,218.5,212.0,212.15,25164,FYERS_HISTORY,2026-08-08T23:57:43+05:30
2018-05-25,SMD-0229,TIINDIA,NSE:TIINDIA-EQ,213.25,224.0,212.85,221.75,18397,FYERS_HISTORY,2026-08-08T23:57:43+05:30
2018-05-28,SMD-0229,TIINDIA,NSE:TIINDIA-EQ,220.0,229.65,219.0,228.65,9355,FYERS_HISTORY,2026-08-08T23:57:43+05:30
2018-05-29,SMD-0229,TIINDIA,NSE:TIINDIA-EQ,225.95,229.95,223.1,225.85,14021,FYERS_HISTORY,2026-08-08T23:57:43+05:30
2018-05-30,SMD-0229,TIINDIA,NSE:TIINDIA-EQ,227.45,227.45,217.2,217.8,31518,FYERS_HISTORY,2026-08-08T23:57:43+05:30
2018-05-31,SMD-0229,TIINDIA,NSE:TIINDIA-EQ,216.05,220.75,213.5,216.95,77671,FYERS_HISTORY,2026-08-08T23:57:43+05:30
2018-06-01,SMD-0229,TIINDIA,NSE:TIINDIA-EQ,216.35,224.3,215.2,220.3,108531,FYERS_HISTORY,2026-08-08T23:57:43+05:30
2018-06-04,SMD-0229,TIINDIA,NSE:TIINDIA-EQ,220.95,224.7,217.6,220.85,40693,FYERS_HISTORY,2026-08-08T23:57:43+05:30
2018-06-05,SMD-0229,TIINDIA,NSE:TIINDIA-EQ,221.9,224.0,215.0,216.35,16465,FYERS_HISTORY,2026-08-08T23:57:43+05:30
2018-06-06,SMD-0229,TIINDIA,NSE:TIINDIA-EQ,215.15,222.6,215.0,220.5,9345,FYERS_HISTORY,2026-08-08T23:57:43+05:30
2018-06-07,SMD-0229,TIINDIA,NSE:TIINDIA-EQ,219.4,230.65,217.0,218.95,19405,FYERS_HISTORY,2026-08-08T23:57:43+05:30
2018-06-08,SMD-0229,TIINDIA,NSE:TIINDIA-EQ,220.05,224.65,219.45,223.05,8129,FYERS_HISTORY,2026-08-08T23:57:43+05:30
2018-06-11,SMD-0229,TIINDIA,NSE:TIINDIA-EQ,223.65,231.0,220.25,229.5,24123,FYERS_HISTORY,2026-08-08T23:57:43+05:30
2018-06-12,SMD-0229,TIINDIA,NSE:TIINDIA-EQ,233.0,235.5,227.0,233.0,26924,FYERS_HISTORY,2026-08-08T23:57:43+05:30
2018-06-13,SMD-0229,TIINDIA,NSE:TIINDIA-EQ,237.0,239.3,232.3,236.8,16321,FYERS_HISTORY,2026-08-08T23:57:43+05:30
2018-06-14,SMD-0229,TIINDIA,NSE:TIINDIA-EQ,239.0,239.0,229.5,234.05,17368,FYERS_HISTORY,2026-08-08T23:57:43+05:30
2018-06-15,SMD-0229,TIINDIA,NSE:TIINDIA-EQ,234.05,238.0,232.55,237.35,29521,FYERS_HISTORY,2026-08-08T23:57:43+05:30
2018-06-18,SMD-0229,TIINDIA,NSE:TIINDIA-EQ,233.1,237.55,232.25,235.1,6868,FYERS_HISTORY,2026-08-08T23:57:43+05:30
2018-06-19,SMD-0229,TIINDIA,NSE:TIINDIA-EQ,234.65,240.0,230.15,239.15,37868,FYERS_HISTORY,2026-08-08T23:57:43+05:30
2018-06-20,SMD-0229,TIINDIA,NSE:TIINDIA-EQ,235.5,239.5,230.65,233.3,9019,FYERS_HISTORY,2026-08-08T23:57:43+05:30
2018-06-21,SMD-0229,TIINDIA,NSE:TIINDIA-EQ,233.0,233.0,225.1,226.45,8247,FYERS_HISTORY,2026-08-08T23:57:43+05:30
2018-06-22,SMD-0229,TIINDIA,NSE:TIINDIA-EQ,226.65,226.65,218.75,223.2,24808,FYERS_HISTORY,2026-08-08T23:57:43+05:30
2018-06-25,SMD-0229,TIINDIA,NSE:TIINDIA-EQ,223.2,225.0,220.3,222.25,134512,FYERS_HISTORY,2026-08-08T23:57:43+05:30
2018-06-26,SMD-0229,TIINDIA,NSE:TIINDIA-EQ,224.2,239.25,224.2,232.85,121081,FYERS_HISTORY,2026-08-08T23:57:43+05:30
2018-06-27,SMD-0229,TIINDIA,NSE:TIINDIA-EQ,232.0,234.0,228.0,230.5,94815,FYERS_HISTORY,2026-08-08T23:57:43+05:30
2018-06-28,SMD-0229,TIINDIA,NSE:TIINDIA-EQ,231.0,231.0,225.15,226.75,12902,FYERS_HISTORY,2026-08-08T23:57:43+05:30
2018-06-29,SMD-0229,TIINDIA,NSE:TIINDIA-EQ,226.5,232.0,226.25,231.2,7034,FYERS_HISTORY,2026-08-08T23:57:43+05:30
2018-07-02,SMD-0229,TIINDIA,NSE:TIINDIA-EQ,231.05,234.0,227.05,231.95,23589,FYERS_HISTORY,2026-08-08T23:57:43+05:30
2018-07-03,SMD-0229,TIINDIA,NSE:TIINDIA-EQ,235.35,235.75,230.0,232.45,9723,FYERS_HISTORY,2026-08-08T23:57:43+05:30
2018-07-04,SMD-0229,TIINDIA,NSE:TIINDIA-EQ,238.0,238.0,231.95,232.9,17498,FYERS_HISTORY,2026-08-08T23:57:43+05:30
2018-07-05,SMD-0229,TIINDIA,NSE:TIINDIA-EQ,233.95,236.95,231.0,233.8,32386,FYERS_HISTORY,2026-08-08T23:57:43+05:30
2018-07-06,SMD-0229,TIINDIA,NSE:TIINDIA-EQ,233.05,247.0,231.35,244.3,50151,FYERS_HISTORY,2026-08-08T23:57:43+05:30
2018-07-09,SMD-0229,TIINDIA,NSE:TIINDIA-EQ,243.95,255.0,243.95,248.45,91384,FYERS_HISTORY,2026-08-08T23:57:43+05:30
2018-07-10,SMD-0229,TIINDIA,NSE:TIINDIA-EQ,249.9,251.05,237.85,239.2,36166,FYERS_HISTORY,2026-08-08T23:57:43+05:30
2018-07-11,SMD-0229,TIINDIA,NSE:TIINDIA-EQ,238.2,248.0,235.15,245.0,30126,FYERS_HISTORY,2026-08-08T23:57:43+05:30
2018-07-12,SMD-0229,TIINDIA,NSE:TIINDIA-EQ,245.5,249.9,242.1,244.8,17623,FYERS_HISTORY,2026-08-08T23:57:43+05:30
2018-07-13,SMD-0229,TIINDIA,NSE:TIINDIA-EQ,242.95,244.1,235.2,236.15,11878,FYERS_HISTORY,2026-08-08T23:57:43+05:30
2018-07-16,SMD-0229,TIINDIA,NSE:TIINDIA-EQ,236.7,240.7,235.0,236.35,17974,FYERS_HISTORY,2026-08-08T23:57:43+05:30
2018-07-17,SMD-0229,TIINDIA,NSE:TIINDIA-EQ,236.7,237.35,230.1,234.05,19545,FYERS_HISTORY,2026-08-08T23:57:43+05:30
2018-07-18,SMD-0229,TIINDIA,NSE:TIINDIA-EQ,234.55,238.0,227.3,229.45,40403,FYERS_HISTORY,2026-08-08T23:57:43+05:30
2018-07-19,SMD-0229,TIINDIA,NSE:TIINDIA-EQ,232.15,233.85,222.6,226.75,22204,FYERS_HISTORY,2026-08-08T23:57:43+05:30
2018-07-20,SMD-0229,TIINDIA,NSE:TIINDIA-EQ,225.6,229.45,222.3,223.8,14225,FYERS_HISTORY,2026-08-08T23:57:43+05:30
2018-07-23,SMD-0229,TIINDIA,NSE:TIINDIA-EQ,225.1,231.75,224.65,230.75,11065,FYERS_HISTORY,2026-08-08T23:57:43+05:30
2018-07-24,SMD-0229,TIINDIA,NSE:TIINDIA-EQ,229.25,253.75,229.05,248.9,63056,FYERS_HISTORY,2026-08-08T23:57:43+05:30
2018-07-25,SMD-0229,TIINDIA,NSE:TIINDIA-EQ,248.85,251.5,242.3,248.3,24406,FYERS_HISTORY,2026-08-08T23:57:43+05:30
2018-07-26,SMD-0229,TIINDIA,NSE:TIINDIA-EQ,249.05,249.7,242.65,245.05,5376,FYERS_HISTORY,2026-08-08T23:57:43+05:30
2018-07-27,SMD-0229,TIINDIA,NSE:TIINDIA-EQ,247.05,249.5,238.25,245.45,6256,FYERS_HISTORY,2026-08-08T23:57:43+05:30
2018-07-30,SMD-0229,TIINDIA,NSE:TIINDIA-EQ,245.4,252.0,245.1,248.1,15186,FYERS_HISTORY,2026-08-08T23:57:43+05:30
2018-07-31,SMD-0229,TIINDIA,NSE:TIINDIA-EQ,247.95,250.15,242.7,245.9,7617,FYERS_HISTORY,2026-08-08T23:57:43+05:30
2018-08-01,SMD-0229,TIINDIA,NSE:TIINDIA-EQ,250.15,250.15,240.9,242.1,7121,FYERS_HISTORY,2026-08-08T23:57:43+05:30
2018-08-02,SMD-0229,TIINDIA,NSE:TIINDIA-EQ,240.7,244.9,240.5,241.95,13450,FYERS_HISTORY,2026-08-08T23:57:43+05:30
2018-08-03,SMD-0229,TIINDIA,NSE:TIINDIA-EQ,243.0,251.0,243.0,250.55,23110,FYERS_HISTORY,2026-08-08T23:57:43+05:30
2018-08-06,SMD-0229,TIINDIA,NSE:TIINDIA-EQ,260.0,260.0,244.1,246.75,28645,FYERS_HISTORY,2026-08-08T23:57:43+05:30
2018-08-07,SMD-0229,TIINDIA,NSE:TIINDIA-EQ,248.95,251.0,241.0,241.55,12036,FYERS_HISTORY,2026-08-08T23:57:43+05:30
2018-08-08,SMD-0229,TIINDIA,NSE:TIINDIA-EQ,240.1,243.9,238.0,239.4,20259,FYERS_HISTORY,2026-08-08T23:57:43+05:30
2018-08-09,SMD-0229,TIINDIA,NSE:TIINDIA-EQ,240.3,246.1,240.3,242.4,24380,FYERS_HISTORY,2026-08-08T23:57:43+05:30
2018-08-10,SMD-0229,TIINDIA,NSE:TIINDIA-EQ,243.05,246.95,240.0,242.75,12041,FYERS_HISTORY,2026-08-08T23:57:43+05:30
2018-08-13,SMD-0229,TIINDIA,NSE:TIINDIA-EQ,245.0,249.9,232.15,245.75,33523,FYERS_HISTORY,2026-08-08T23:57:43+05:30
2018-08-14,SMD-0229,TIINDIA,NSE:TIINDIA-EQ,249.75,250.0,243.3,245.95,15387,FYERS_HISTORY,2026-08-08T23:57:43+05:30
2018-08-16,SMD-0229,TIINDIA,NSE:TIINDIA-EQ,244.35,260.0,244.35,258.0,61706,FYERS_HISTORY,2026-08-08T23:57:43+05:30
2018-08-17,SMD-0229,TIINDIA,NSE:TIINDIA-EQ,262.0,271.95,260.3,269.45,111508,FYERS_HISTORY,2026-08-08T23:57:43+05:30
2018-08-20,SMD-0229,TIINDIA,NSE:TIINDIA-EQ,267.0,277.0,267.0,271.6,43601,FYERS_HISTORY,2026-08-08T23:57:43+05:30
2018-08-21,SMD-0229,TIINDIA,NSE:TIINDIA-EQ,274.85,274.85,265.15,268.7,35885,FYERS_HISTORY,2026-08-08T23:57:43+05:30
2018-08-23,SMD-0229,TIINDIA,NSE:TIINDIA-EQ,268.7,275.0,267.0,270.8,34827,FYERS_HISTORY,2026-08-08T23:57:43+05:30
2018-08-24,SMD-0229,TIINDIA,NSE:TIINDIA-EQ,269.95,275.95,269.95,273.8,15381,FYERS_HISTORY,2026-08-08T23:57:43+05:30
2018-08-27,SMD-0229,TIINDIA,NSE:TIINDIA-EQ,273.75,282.0,273.75,280.5,66834,FYERS_HISTORY,2026-08-08T23:57:43+05:30
2018-08-28,SMD-0229,TIINDIA,NSE:TIINDIA-EQ,280.75,284.5,280.0,280.0,36051,FYERS_HISTORY,2026-08-08T23:57:43+05:30
2018-08-29,SMD-0229,TIINDIA,NSE:TIINDIA-EQ,284.65,284.65,280.0,280.3,27671,FYERS_HISTORY,2026-08-08T23:57:43+05:30
2018-08-30,SMD-0229,TIINDIA,NSE:TIINDIA-EQ,283.95,294.9,281.0,293.5,58875,FYERS_HISTORY,2026-08-08T23:57:43+05:30
2018-08-31,SMD-0229,TIINDIA,NSE:TIINDIA-EQ,299.7,300.0,290.95,293.25,87578,FYERS_HISTORY,2026-08-08T23:57:43+05:30
2018-09-03,SMD-0229,TIINDIA,NSE:TIINDIA-EQ,295.0,302.0,291.1,294.05,39663,FYERS_HISTORY,2026-08-08T23:57:43+05:30
2018-09-04,SMD-0229,TIINDIA,NSE:TIINDIA-EQ,299.75,299.75,290.0,290.75,43576,FYERS_HISTORY,2026-08-08T23:57:43+05:30
2018-09-05,SMD-0229,TIINDIA,NSE:TIINDIA-EQ,290.15,305.95,290.0,303.25,67790,FYERS_HISTORY,2026-08-08T23:57:43+05:30
2018-09-06,SMD-0229,TIINDIA,NSE:TIINDIA-EQ,305.0,327.0,302.25,319.15,158126,FYERS_HISTORY,2026-08-08T23:57:43+05:30
2018-09-07,SMD-0229,TIINDIA,NSE:TIINDIA-EQ,319.0,320.6,305.3,308.2,50668,FYERS_HISTORY,2026-08-08T23:57:43+05:30
2018-09-10,SMD-0229,TIINDIA,NSE:TIINDIA-EQ,309.0,318.95,299.0,301.7,52675,FYERS_HISTORY,2026-08-08T23:57:43+05:30
2018-09-11,SMD-0229,TIINDIA,NSE:TIINDIA-EQ,302.0,307.0,293.0,295.45,21565,FYERS_HISTORY,2026-08-08T23:57:43+05:30
2018-09-12,SMD-0229,TIINDIA,NSE:TIINDIA-EQ,293.35,303.0,291.1,295.65,32817,FYERS_HISTORY,2026-08-08T23:57:43+05:30
2018-09-14,SMD-0229,TIINDIA,NSE:TIINDIA-EQ,304.0,304.0,294.0,300.6,34194,FYERS_HISTORY,2026-08-08T23:57:43+05:30
2018-09-17,SMD-0229,TIINDIA,NSE:TIINDIA-EQ,295.35,309.55,295.35,300.45,35626,FYERS_HISTORY,2026-08-08T23:57:43+05:30
2018-09-18,SMD-0229,TIINDIA,NSE:TIINDIA-EQ,300.4,303.0,291.5,293.8,26118,FYERS_HISTORY,2026-08-08T23:57:43+05:30
2018-09-19,SMD-0229,TIINDIA,NSE:TIINDIA-EQ,296.95,310.0,292.3,295.35,13610,FYERS_HISTORY,2026-08-08T23:57:43+05:30
2018-09-21,SMD-0229,TIINDIA,NSE:TIINDIA-EQ,299.5,299.55,280.0,285.05,232541,FYERS_HISTORY,2026-08-08T23:57:43+05:30
2018-09-24,SMD-0229,TIINDIA,NSE:TIINDIA-EQ,285.9,294.5,275.3,289.8,84987,FYERS_HISTORY,2026-08-08T23:57:43+05:30
2018-09-25,SMD-0229,TIINDIA,NSE:TIINDIA-EQ,288.0,299.0,270.0,295.8,86672,FYERS_HISTORY,2026-08-08T23:57:43+05:30
2018-09-26,SMD-0229,TIINDIA,NSE:TIINDIA-EQ,296.05,301.8,295.0,296.55,20648,FYERS_HISTORY,2026-08-08T23:57:43+05:30
2018-09-27,SMD-0229,TIINDIA,NSE:TIINDIA-EQ,297.5,299.0,288.45,295.6,55989,FYERS_HISTORY,2026-08-08T23:57:43+05:30
2018-09-28,SMD-0229,TIINDIA,NSE:TIINDIA-EQ,297.0,299.0,290.85,294.55,68711,FYERS_HISTORY,2026-08-08T23:57:43+05:30
2018-10-01,SMD-0229,TIINDIA,NSE:TIINDIA-EQ,294.95,300.95,287.05,297.95,29104,FYERS_HISTORY,2026-08-08T23:57:43+05:30
2018-10-03,SMD-0229,TIINDIA,NSE:TIINDIA-EQ,298.0,298.0,290.0,291.9,17498,FYERS_HISTORY,2026-08-08T23:57:43+05:30
2018-10-04,SMD-0229,TIINDIA,NSE:TIINDIA-EQ,298.0,298.0,280.0,280.1,48267,FYERS_HISTORY,2026-08-08T23:57:43+05:30
2018-10-05,SMD-0229,TIINDIA,NSE:TIINDIA-EQ,280.05,289.0,271.15,283.1,74679,FYERS_HISTORY,2026-08-08T23:57:43+05:30
2018-10-08,SMD-0229,TIINDIA,NSE:TIINDIA-EQ,281.7,294.0,280.0,283.45,72991,FYERS_HISTORY,2026-08-08T23:57:43+05:30
2018-10-09,SMD-0229,TIINDIA,NSE:TIINDIA-EQ,281.1,285.55,277.0,280.65,14648,FYERS_HISTORY,2026-08-08T23:57:43+05:30
2018-10-10,SMD-0229,TIINDIA,NSE:TIINDIA-EQ,280.15,298.9,280.05,293.5,35648,FYERS_HISTORY,2026-08-08T23:57:43+05:30
2018-10-11,SMD-0229,TIINDIA,NSE:TIINDIA-EQ,288.3,290.0,281.65,285.8,21876,FYERS_HISTORY,2026-08-08T23:57:43+05:30
2018-10-12,SMD-0229,TIINDIA,NSE:TIINDIA-EQ,287.1,294.9,282.0,289.7,101908,FYERS_HISTORY,2026-08-08T23:57:43+05:30
2018-10-15,SMD-0229,TIINDIA,NSE:TIINDIA-EQ,294.0,294.0,282.2,288.55,143409,FYERS_HISTORY,2026-08-08T23:57:43+05:30
2018-10-16,SMD-0229,TIINDIA,NSE:TIINDIA-EQ,293.8,293.8,286.2,289.7,7499,FYERS_HISTORY,2026-08-08T23:57:43+05:30
2018-10-17,SMD-0229,TIINDIA,NSE:TIINDIA-EQ,290.95,292.2,290.0,290.15,11932,FYERS_HISTORY,2026-08-08T23:57:43+05:30
2018-10-19,SMD-0229,TIINDIA,NSE:TIINDIA-EQ,293.95,293.95,284.05,289.85,32115,FYERS_HISTORY,2026-08-08T23:57:43+05:30
2018-10-22,SMD-0229,TIINDIA,NSE:TIINDIA-EQ,289.35,303.0,285.0,300.35,48447,FYERS_HISTORY,2026-08-08T23:57:43+05:30
2018-10-23,SMD-0229,TIINDIA,NSE:TIINDIA-EQ,302.0,306.0,291.05,294.55,51120,FYERS_HISTORY,2026-08-08T23:57:43+05:30
2018-10-24,SMD-0229,TIINDIA,NSE:TIINDIA-EQ,295.6,300.6,285.0,293.4,63301,FYERS_HISTORY,2026-08-08T23:57:43+05:30
2018-10-25,SMD-0229,TIINDIA,NSE:TIINDIA-EQ,290.0,301.0,285.5,297.55,37804,FYERS_HISTORY,2026-08-08T23:57:43+05:30
2018-10-26,SMD-0229,TIINDIA,NSE:TIINDIA-EQ,293.05,300.0,291.9,292.8,12897,FYERS_HISTORY,2026-08-08T23:57:43+05:30
2018-10-29,SMD-0229,TIINDIA,NSE:TIINDIA-EQ,293.05,300.0,289.15,299.35,29337,FYERS_HISTORY,2026-08-08T23:57:43+05:30
2018-10-30,SMD-0229,TIINDIA,NSE:TIINDIA-EQ,293.25,298.1,288.3,291.35,14525,FYERS_HISTORY,2026-08-08T23:57:43+05:30
2018-10-31,SMD-0229,TIINDIA,NSE:TIINDIA-EQ,296.95,296.95,287.95,292.75,21247,FYERS_HISTORY,2026-08-08T23:57:43+05:30
2018-11-01,SMD-0229,TIINDIA,NSE:TIINDIA-EQ,292.05,299.0,292.05,297.75,7662,FYERS_HISTORY,2026-08-08T23:57:43+05:30
2018-11-02,SMD-0229,TIINDIA,NSE:TIINDIA-EQ,297.75,306.0,287.95,294.25,18043,FYERS_HISTORY,2026-08-08T23:57:43+05:30
2018-11-05,SMD-0229,TIINDIA,NSE:TIINDIA-EQ,295.0,300.0,294.0,298.05,26589,FYERS_HISTORY,2026-08-08T23:57:43+05:30
2018-11-06,SMD-0229,TIINDIA,NSE:TIINDIA-EQ,299.35,299.35,291.35,297.05,8113,FYERS_HISTORY,2026-08-08T23:57:43+05:30
2018-11-07,SMD-0229,TIINDIA,NSE:TIINDIA-EQ,301.0,301.0,298.05,299.3,2155,FYERS_HISTORY,2026-08-08T23:57:43+05:30
2018-11-09,SMD-0229,TIINDIA,NSE:TIINDIA-EQ,293.0,301.95,293.0,299.9,27608,FYERS_HISTORY,2026-08-08T23:57:43+05:30
2018-11-12,SMD-0229,TIINDIA,NSE:TIINDIA-EQ,305.85,305.9,292.95,297.7,14676,FYERS_HISTORY,2026-08-08T23:57:43+05:30
2018-11-13,SMD-0229,TIINDIA,NSE:TIINDIA-EQ,296.05,299.0,293.05,296.8,14122,FYERS_HISTORY,2026-08-08T23:57:43+05:30
2018-11-14,SMD-0229,TIINDIA,NSE:TIINDIA-EQ,298.05,298.1,290.1,290.65,13213,FYERS_HISTORY,2026-08-08T23:57:43+05:30
2018-11-15,SMD-0229,TIINDIA,NSE:TIINDIA-EQ,291.85,293.9,284.75,288.1,12168,FYERS_HISTORY,2026-08-08T23:57:43+05:30
2018-11-16,SMD-0229,TIINDIA,NSE:TIINDIA-EQ,294.4,297.0,285.05,295.6,22678,FYERS_HISTORY,2026-08-08T23:57:43+05:30
2018-11-19,SMD-0229,TIINDIA,NSE:TIINDIA-EQ,294.1,300.9,292.6,295.65,18269,FYERS_HISTORY,2026-08-08T23:57:43+05:30
2018-11-20,SMD-0229,TIINDIA,NSE:TIINDIA-EQ,291.3,298.0,291.3,293.0,200266,FYERS_HISTORY,2026-08-08T23:57:43+05:30
2018-11-21,SMD-0229,TIINDIA,NSE:TIINDIA-EQ,293.0,297.45,290.15,292.35,8921,FYERS_HISTORY,2026-08-08T23:57:43+05:30
2018-11-22,SMD-0229,TIINDIA,NSE:TIINDIA-EQ,291.45,292.8,286.0,287.55,17894,FYERS_HISTORY,2026-08-08T23:57:43+05:30
2018-11-26,SMD-0229,TIINDIA,NSE:TIINDIA-EQ,291.95,293.4,280.3,281.7,8766,FYERS_HISTORY,2026-08-08T23:57:43+05:30
2018-11-27,SMD-0229,TIINDIA,NSE:TIINDIA-EQ,282.0,292.5,272.2,290.3,74478,FYERS_HISTORY,2026-08-08T23:57:43+05:30
2018-11-28,SMD-0229,TIINDIA,NSE:TIINDIA-EQ,288.1,301.8,281.7,297.1,43587,FYERS_HISTORY,2026-08-08T23:57:43+05:30
2018-11-29,SMD-0229,TIINDIA,NSE:TIINDIA-EQ,296.15,305.15,291.95,299.55,35246,FYERS_HISTORY,2026-08-08T23:57:43+05:30
2018-11-30,SMD-0229,TIINDIA,NSE:TIINDIA-EQ,302.0,302.0,292.85,300.15,28768,FYERS_HISTORY,2026-08-08T23:57:43+05:30
2018-12-03,SMD-0229,TIINDIA,NSE:TIINDIA-EQ,300.35,308.9,294.05,305.5,36963,FYERS_HISTORY,2026-08-08T23:57:43+05:30
2018-12-04,SMD-0229,TIINDIA,NSE:TIINDIA-EQ,303.45,317.55,303.45,315.8,39615,FYERS_HISTORY,2026-08-08T23:57:43+05:30
2018-12-05,SMD-0229,TIINDIA,NSE:TIINDIA-EQ,316.0,319.0,312.55,315.75,24826,FYERS_HISTORY,2026-08-08T23:57:43+05:30
2018-12-06,SMD-0229,TIINDIA,NSE:TIINDIA-EQ,316.0,324.0,315.0,321.25,84780,FYERS_HISTORY,2026-08-08T23:57:43+05:30
2018-12-07,SMD-0229,TIINDIA,NSE:TIINDIA-EQ,315.0,336.65,315.0,333.75,95965,FYERS_HISTORY,2026-08-08T23:57:43+05:30
2018-12-10,SMD-0229,TIINDIA,NSE:TIINDIA-EQ,334.0,337.0,323.25,325.7,49119,FYERS_HISTORY,2026-08-08T23:57:43+05:30
2018-12-11,SMD-0229,TIINDIA,NSE:TIINDIA-EQ,322.0,332.65,319.95,326.55,14634,FYERS_HISTORY,2026-08-08T23:57:43+05:30
2018-12-12,SMD-0229,TIINDIA,NSE:TIINDIA-EQ,330.95,344.65,327.05,339.95,52327,FYERS_HISTORY,2026-08-08T23:57:43+05:30
2018-12-13,SMD-0229,TIINDIA,NSE:TIINDIA-EQ,347.0,348.45,332.0,336.85,30786,FYERS_HISTORY,2026-08-08T23:57:43+05:30
2018-12-14,SMD-0229,TIINDIA,NSE:TIINDIA-EQ,339.5,342.45,325.0,328.7,25643,FYERS_HISTORY,2026-08-08T23:57:43+05:30
2018-12-17,SMD-0229,TIINDIA,NSE:TIINDIA-EQ,328.7,334.7,324.95,325.3,16432,FYERS_HISTORY,2026-08-08T23:57:43+05:30
2018-12-18,SMD-0229,TIINDIA,NSE:TIINDIA-EQ,328.75,333.3,322.0,325.3,10548,FYERS_HISTORY,2026-08-08T23:57:43+05:30
2018-12-19,SMD-0229,TIINDIA,NSE:TIINDIA-EQ,323.15,331.9,323.15,329.3,10562,FYERS_HISTORY,2026-08-08T23:57:43+05:30
2018-12-20,SMD-0229,TIINDIA,NSE:TIINDIA-EQ,329.8,329.8,324.95,325.15,7808,FYERS_HISTORY,2026-08-08T23:57:43+05:30
2018-12-21,SMD-0229,TIINDIA,NSE:TIINDIA-EQ,326.0,327.0,323.7,324.95,15194,FYERS_HISTORY,2026-08-08T23:57:43+05:30
2018-12-24,SMD-0229,TIINDIA,NSE:TIINDIA-EQ,327.95,336.0,321.65,334.15,10398,FYERS_HISTORY,2026-08-08T23:57:43+05:30
2018-12-26,SMD-0229,TIINDIA,NSE:TIINDIA-EQ,332.0,335.1,320.35,325.9,7854,FYERS_HISTORY,2026-08-08T23:57:43+05:30
2018-12-27,SMD-0229,TIINDIA,NSE:TIINDIA-EQ,326.85,339.6,326.85,332.15,63771,FYERS_HISTORY,2026-08-08T23:57:43+05:30
2018-12-28,SMD-0229,TIINDIA,NSE:TIINDIA-EQ,330.45,344.95,330.45,341.75,16709,FYERS_HISTORY,2026-08-08T23:57:43+05:30
2018-12-31,SMD-0229,TIINDIA,NSE:TIINDIA-EQ,341.0,358.7,336.35,356.25,121487,FYERS_HISTORY,2026-08-08T23:57:43+05:30
2019-01-01,SMD-0229,TIINDIA,NSE:TIINDIA-EQ,359.05,363.0,346.35,350.15,320389,FYERS_HISTORY,2026-08-08T23:57:43+05:30
2019-01-02,SMD-0229,TIINDIA,NSE:TIINDIA-EQ,349.95,363.0,343.0,353.0,754873,FYERS_HISTORY,2026-08-08T23:57:43+05:30
2019-01-03,SMD-0229,TIINDIA,NSE:TIINDIA-EQ,350.2,391.95,349.95,359.35,1408638,FYERS_HISTORY,2026-08-08T23:57:43+05:30
2019-01-04,SMD-0229,TIINDIA,NSE:TIINDIA-EQ,360.0,369.0,346.8,351.1,310286,FYERS_HISTORY,2026-08-08T23:57:43+05:30
2019-01-07,SMD-0229,TIINDIA,NSE:TIINDIA-EQ,362.0,364.85,346.7,349.05,84754,FYERS_HISTORY,2026-08-08T23:57:43+05:30
2019-01-08,SMD-0229,TIINDIA,NSE:TIINDIA-EQ,354.7,354.7,335.5,337.3,69648,FYERS_HISTORY,2026-08-08T23:57:43+05:30
2019-01-09,SMD-0229,TIINDIA,NSE:TIINDIA-EQ,333.35,344.6,333.35,335.45,55029,FYERS_HISTORY,2026-08-08T23:57:43+05:30
2019-01-10,SMD-0229,TIINDIA,NSE:TIINDIA-EQ,335.45,339.65,323.0,324.5,75675,FYERS_HISTORY,2026-08-08T23:57:43+05:30
2019-01-11,SMD-0229,TIINDIA,NSE:TIINDIA-EQ,325.8,335.0,323.7,327.8,62337,FYERS_HISTORY,2026-08-08T23:57:43+05:30
2019-01-14,SMD-0229,TIINDIA,NSE:TIINDIA-EQ,323.0,332.35,322.0,326.95,35782,FYERS_HISTORY,2026-08-08T23:57:43+05:30
2019-01-15,SMD-0229,TIINDIA,NSE:TIINDIA-EQ,327.0,329.85,323.25,325.05,21616,FYERS_HISTORY,2026-08-08T23:57:43+05:30
2019-01-16,SMD-0229,TIINDIA,NSE:TIINDIA-EQ,324.95,337.85,323.3,335.2,84255,FYERS_HISTORY,2026-08-08T23:57:43+05:30
2019-01-17,SMD-0229,TIINDIA,NSE:TIINDIA-EQ,337.15,345.95,330.0,330.4,75127,FYERS_HISTORY,2026-08-08T23:57:43+05:30
2019-01-18,SMD-0229,TIINDIA,NSE:TIINDIA-EQ,331.95,344.0,329.0,341.7,73972,FYERS_HISTORY,2026-08-08T23:57:43+05:30
2019-01-21,SMD-0229,TIINDIA,NSE:TIINDIA-EQ,342.8,342.8,330.0,330.3,23735,FYERS_HISTORY,2026-08-08T23:57:43+05:30
2019-01-22,SMD-0229,TIINDIA,NSE:TIINDIA-EQ,331.0,335.0,330.0,332.7,20559,FYERS_HISTORY,2026-08-08T23:57:43+05:30
2019-01-23,SMD-0229,TIINDIA,NSE:TIINDIA-EQ,334.0,338.35,330.0,331.05,17123,FYERS_HISTORY,2026-08-08T23:57:43+05:30
2019-01-24,SMD-0229,TIINDIA,NSE:TIINDIA-EQ,335.85,338.0,330.1,335.45,23942,FYERS_HISTORY,2026-08-08T23:57:43+05:30
2019-01-25,SMD-0229,TIINDIA,NSE:TIINDIA-EQ,335.4,339.8,325.0,331.55,53198,FYERS_HISTORY,2026-08-08T23:57:43+05:30
2019-01-28,SMD-0229,TIINDIA,NSE:TIINDIA-EQ,337.5,339.0,321.0,336.95,37363,FYERS_HISTORY,2026-08-08T23:57:43+05:30
2019-01-29,SMD-0229,TIINDIA,NSE:TIINDIA-EQ,335.0,347.0,330.0,341.8,28609,FYERS_HISTORY,2026-08-08T23:57:43+05:30
2019-01-30,SMD-0229,TIINDIA,NSE:TIINDIA-EQ,341.8,347.0,335.5,340.35,10665,FYERS_HISTORY,2026-08-08T23:57:43+05:30
2019-01-31,SMD-0229,TIINDIA,NSE:TIINDIA-EQ,340.35,348.8,333.0,345.1,40792,FYERS_HISTORY,2026-08-08T23:57:43+05:30
2019-02-01,SMD-0229,TIINDIA,NSE:TIINDIA-EQ,342.1,347.0,337.55,342.2,38776,FYERS_HISTORY,2026-08-08T23:57:43+05:30
2019-02-04,SMD-0229,TIINDIA,NSE:TIINDIA-EQ,345.9,345.9,330.0,331.45,1073497,FYERS_HISTORY,2026-08-08T23:57:43+05:30
2019-02-05,SMD-0229,TIINDIA,NSE:TIINDIA-EQ,330.15,342.0,322.55,339.65,521242,FYERS_HISTORY,2026-08-08T23:57:43+05:30
2019-02-06,SMD-0229,TIINDIA,NSE:TIINDIA-EQ,337.8,344.9,333.65,339.55,25157,FYERS_HISTORY,2026-08-08T23:57:43+05:30
2019-02-07,SMD-0229,TIINDIA,NSE:TIINDIA-EQ,339.0,354.0,335.0,347.6,528033,FYERS_HISTORY,2026-08-08T23:57:43+05:30
2019-02-08,SMD-0229,TIINDIA,NSE:TIINDIA-EQ,342.0,347.0,338.0,339.7,19237,FYERS_HISTORY,2026-08-08T23:57:43+05:30
2019-02-11,SMD-0229,TIINDIA,NSE:TIINDIA-EQ,335.1,351.9,328.3,345.25,168770,FYERS_HISTORY,2026-08-08T23:57:43+05:30
2019-02-12,SMD-0229,TIINDIA,NSE:TIINDIA-EQ,345.05,350.0,341.6,348.75,27483,FYERS_HISTORY,2026-08-08T23:57:43+05:30
2019-02-13,SMD-0229,TIINDIA,NSE:TIINDIA-EQ,348.55,354.0,348.5,352.6,34497,FYERS_HISTORY,2026-08-08T23:57:43+05:30
2019-02-14,SMD-0229,TIINDIA,NSE:TIINDIA-EQ,350.0,351.95,339.95,341.05,10743,FYERS_HISTORY,2026-08-08T23:57:43+05:30
2019-02-15,SMD-0229,TIINDIA,NSE:TIINDIA-EQ,341.05,347.9,331.35,337.7,19877,FYERS_HISTORY,2026-08-08T23:57:43+05:30
2019-02-18,SMD-0229,TIINDIA,NSE:TIINDIA-EQ,341.9,346.0,332.85,344.65,32261,FYERS_HISTORY,2026-08-08T23:57:43+05:30
2019-02-19,SMD-0229,TIINDIA,NSE:TIINDIA-EQ,342.05,354.0,340.95,348.95,55417,FYERS_HISTORY,2026-08-08T23:57:43+05:30
2019-02-20,SMD-0229,TIINDIA,NSE:TIINDIA-EQ,348.3,363.9,346.15,356.75,65721,FYERS_HISTORY,2026-08-08T23:57:43+05:30
2019-02-21,SMD-0229,TIINDIA,NSE:TIINDIA-EQ,356.75,360.0,352.2,355.6,12231,FYERS_HISTORY,2026-08-08T23:57:43+05:30
2019-02-22,SMD-0229,TIINDIA,NSE:TIINDIA-EQ,351.6,354.0,347.0,351.2,26219,FYERS_HISTORY,2026-08-08T23:57:43+05:30
2019-02-25,SMD-0229,TIINDIA,NSE:TIINDIA-EQ,351.2,359.0,351.0,356.15,25085,FYERS_HISTORY,2026-08-08T23:57:43+05:30
2019-02-26,SMD-0229,TIINDIA,NSE:TIINDIA-EQ,352.05,365.0,350.0,364.85,44292,FYERS_HISTORY,2026-08-08T23:57:43+05:30
2019-02-27,SMD-0229,TIINDIA,NSE:TIINDIA-EQ,362.0,366.25,345.0,351.2,61922,FYERS_HISTORY,2026-08-08T23:57:43+05:30
2019-02-28,SMD-0229,TIINDIA,NSE:TIINDIA-EQ,348.0,358.95,348.0,358.0,32547,FYERS_HISTORY,2026-08-08T23:57:43+05:30
2019-03-01,SMD-0229,TIINDIA,NSE:TIINDIA-EQ,360.25,370.0,356.45,366.05,92508,FYERS_HISTORY,2026-08-08T23:57:43+05:30
2019-03-05,SMD-0229,TIINDIA,NSE:TIINDIA-EQ,366.0,383.5,366.0,380.0,143151,FYERS_HISTORY,2026-08-08T23:57:43+05:30
2019-03-06,SMD-0229,TIINDIA,NSE:TIINDIA-EQ,380.0,384.0,374.1,379.85,63910,FYERS_HISTORY,2026-08-08T23:57:43+05:30
2019-03-07,SMD-0229,TIINDIA,NSE:TIINDIA-EQ,384.0,397.45,379.6,384.85,679160,FYERS_HISTORY,2026-08-08T23:57:43+05:30
2019-03-08,SMD-0229,TIINDIA,NSE:TIINDIA-EQ,387.95,388.75,371.45,380.85,27341,FYERS_HISTORY,2026-08-08T23:57:43+05:30
2019-03-11,SMD-0229,TIINDIA,NSE:TIINDIA-EQ,382.0,384.95,374.0,379.15,17325,FYERS_HISTORY,2026-08-08T23:57:43+05:30
2019-03-12,SMD-0229,TIINDIA,NSE:TIINDIA-EQ,379.6,387.4,376.8,379.2,35171,FYERS_HISTORY,2026-08-08T23:57:43+05:30
2019-03-13,SMD-0229,TIINDIA,NSE:TIINDIA-EQ,384.6,386.0,373.0,383.9,27936,FYERS_HISTORY,2026-08-08T23:57:43+05:30
2019-03-14,SMD-0229,TIINDIA,NSE:TIINDIA-EQ,384.0,384.75,380.0,382.6,19666,FYERS_HISTORY,2026-08-08T23:57:43+05:30
2019-03-15,SMD-0229,TIINDIA,NSE:TIINDIA-EQ,381.0,434.0,381.0,414.45,1130039,FYERS_HISTORY,2026-08-08T23:57:43+05:30
2019-03-18,SMD-0229,TIINDIA,NSE:TIINDIA-EQ,419.8,419.9,399.0,401.15,94989,FYERS_HISTORY,2026-08-08T23:57:43+05:30
2019-03-19,SMD-0229,TIINDIA,NSE:TIINDIA-EQ,402.1,402.75,381.7,383.95,56350,FYERS_HISTORY,2026-08-08T23:57:43+05:30
2019-03-20,SMD-0229,TIINDIA,NSE:TIINDIA-EQ,386.8,387.95,368.0,370.8,146996,FYERS_HISTORY,2026-08-08T23:57:43+05:30
2019-03-22,SMD-0229,TIINDIA,NSE:TIINDIA-EQ,373.8,375.0,358.05,360.8,64204,FYERS_HISTORY,2026-08-08T23:57:43+05:30
2019-03-25,SMD-0229,TIINDIA,NSE:TIINDIA-EQ,355.9,371.1,348.45,365.4,158859,FYERS_HISTORY,2026-08-08T23:57:43+05:30
2019-03-26,SMD-0229,TIINDIA,NSE:TIINDIA-EQ,363.0,382.55,363.0,378.25,392463,FYERS_HISTORY,2026-08-08T23:57:43+05:30
2019-03-27,SMD-0229,TIINDIA,NSE:TIINDIA-EQ,382.45,382.5,363.5,372.65,280764,FYERS_HISTORY,2026-08-08T23:57:43+05:30
2019-03-28,SMD-0229,TIINDIA,NSE:TIINDIA-EQ,367.05,388.25,364.1,383.25,148683,FYERS_HISTORY,2026-08-08T23:57:43+05:30
2019-03-29,SMD-0229,TIINDIA,NSE:TIINDIA-EQ,387.9,387.9,375.05,383.2,83356,FYERS_HISTORY,2026-08-08T23:57:43+05:30
2019-04-01,SMD-0229,TIINDIA,NSE:TIINDIA-EQ,385.0,394.0,376.0,389.0,31347,FYERS_HISTORY,2026-08-08T23:57:43+05:30
2019-04-02,SMD-0229,TIINDIA,NSE:TIINDIA-EQ,388.15,395.2,383.0,387.65,28917,FYERS_HISTORY,2026-08-08T23:57:43+05:30
2019-04-03,SMD-0229,TIINDIA,NSE:TIINDIA-EQ,381.35,398.0,381.35,385.25,83939,FYERS_HISTORY,2026-08-08T23:57:43+05:30
2019-04-04,SMD-0229,TIINDIA,NSE:TIINDIA-EQ,391.0,393.0,381.0,390.4,52521,FYERS_HISTORY,2026-08-08T23:57:43+05:30
2019-04-05,SMD-0229,TIINDIA,NSE:TIINDIA-EQ,393.95,396.5,388.7,393.25,28829,FYERS_HISTORY,2026-08-08T23:57:43+05:30
2019-04-08,SMD-0229,TIINDIA,NSE:TIINDIA-EQ,399.9,399.9,387.6,391.25,16220,FYERS_HISTORY,2026-08-08T23:57:43+05:30
2019-04-09,SMD-0229,TIINDIA,NSE:TIINDIA-EQ,394.95,394.95,377.25,382.05,19303,FYERS_HISTORY,2026-08-08T23:57:43+05:30
2019-04-10,SMD-0229,TIINDIA,NSE:TIINDIA-EQ,379.65,381.85,374.4,376.05,13473,FYERS_HISTORY,2026-08-08T23:57:43+05:30
2019-04-11,SMD-0229,TIINDIA,NSE:TIINDIA-EQ,378.75,381.55,375.5,377.35,9979,FYERS_HISTORY,2026-08-08T23:57:43+05:30
2019-04-12,SMD-0229,TIINDIA,NSE:TIINDIA-EQ,378.15,378.65,372.5,373.6,10107,FYERS_HISTORY,2026-08-08T23:57:43+05:30
2019-04-15,SMD-0229,TIINDIA,NSE:TIINDIA-EQ,373.3,378.8,370.0,376.15,27011,FYERS_HISTORY,2026-08-08T23:57:43+05:30
2019-04-16,SMD-0229,TIINDIA,NSE:TIINDIA-EQ,375.0,380.0,374.15,378.55,29005,FYERS_HISTORY,2026-08-08T23:57:43+05:30
2019-04-18,SMD-0229,TIINDIA,NSE:TIINDIA-EQ,378.55,378.55,369.1,372.3,22839,FYERS_HISTORY,2026-08-08T23:57:43+05:30
2019-04-22,SMD-0229,TIINDIA,NSE:TIINDIA-EQ,375.0,375.0,355.0,359.9,29933,FYERS_HISTORY,2026-08-08T23:57:43+05:30
2019-04-23,SMD-0229,TIINDIA,NSE:TIINDIA-EQ,354.2,385.85,354.2,381.95,108484,FYERS_HISTORY,2026-08-08T23:57:43+05:30
2019-04-24,SMD-0229,TIINDIA,NSE:TIINDIA-EQ,379.3,384.4,373.2,379.3,19531,FYERS_HISTORY,2026-08-08T23:57:43+05:30
2019-04-25,SMD-0229,TIINDIA,NSE:TIINDIA-EQ,375.05,381.65,374.0,379.05,32714,FYERS_HISTORY,2026-08-08T23:57:43+05:30
2019-04-26,SMD-0229,TIINDIA,NSE:TIINDIA-EQ,377.2,382.0,376.35,380.1,23930,FYERS_HISTORY,2026-08-08T23:57:43+05:30
2019-04-30,SMD-0229,TIINDIA,NSE:TIINDIA-EQ,380.0,385.0,367.0,380.4,18162,FYERS_HISTORY,2026-08-08T23:57:43+05:30
2019-05-02,SMD-0229,TIINDIA,NSE:TIINDIA-EQ,396.9,396.9,370.55,374.1,67967,FYERS_HISTORY,2026-08-08T23:57:43+05:30
2019-05-03,SMD-0229,TIINDIA,NSE:TIINDIA-EQ,371.05,380.0,370.0,374.45,46576,FYERS_HISTORY,2026-08-08T23:57:43+05:30
2019-05-06,SMD-0229,TIINDIA,NSE:TIINDIA-EQ,379.95,379.95,365.0,370.25,88646,FYERS_HISTORY,2026-08-08T23:57:43+05:30
2019-05-07,SMD-0229,TIINDIA,NSE:TIINDIA-EQ,375.95,378.05,365.55,368.8,43552,FYERS_HISTORY,2026-08-08T23:57:43+05:30
2019-05-08,SMD-0229,TIINDIA,NSE:TIINDIA-EQ,366.1,374.85,362.1,371.05,76839,FYERS_HISTORY,2026-08-08T23:57:43+05:30
2019-05-09,SMD-0229,TIINDIA,NSE:TIINDIA-EQ,376.6,376.6,365.0,368.0,120447,FYERS_HISTORY,2026-08-08T23:57:43+05:30
2019-05-10,SMD-0229,TIINDIA,NSE:TIINDIA-EQ,368.0,373.75,366.1,371.65,15153,FYERS_HISTORY,2026-08-08T23:57:43+05:30
2019-05-13,SMD-0229,TIINDIA,NSE:TIINDIA-EQ,371.65,372.95,365.0,371.35,162071,FYERS_HISTORY,2026-08-08T23:57:43+05:30
2019-05-14,SMD-0229,TIINDIA,NSE:TIINDIA-EQ,367.75,376.0,365.65,372.1,20578,FYERS_HISTORY,2026-08-08T23:57:43+05:30
2019-05-15,SMD-0229,TIINDIA,NSE:TIINDIA-EQ,379.0,379.0,370.0,370.95,5046,FYERS_HISTORY,2026-08-08T23:57:43+05:30
2019-05-16,SMD-0229,TIINDIA,NSE:TIINDIA-EQ,376.0,384.0,366.0,375.5,45830,FYERS_HISTORY,2026-08-08T23:57:43+05:30
2019-05-17,SMD-0229,TIINDIA,NSE:TIINDIA-EQ,377.7,382.0,371.2,379.65,26785,FYERS_HISTORY,2026-08-08T23:57:43+05:30
2019-05-20,SMD-0229,TIINDIA,NSE:TIINDIA-EQ,384.0,388.35,375.35,387.1,46984,FYERS_HISTORY,2026-08-08T23:57:43+05:30
2019-05-21,SMD-0229,TIINDIA,NSE:TIINDIA-EQ,385.75,387.5,370.05,383.8,46194,FYERS_HISTORY,2026-08-08T23:57:43+05:30
2019-05-22,SMD-0229,TIINDIA,NSE:TIINDIA-EQ,385.0,385.0,378.05,379.8,68428,FYERS_HISTORY,2026-08-08T23:57:43+05:30
2019-05-23,SMD-0229,TIINDIA,NSE:TIINDIA-EQ,381.9,387.0,372.0,378.05,43279,FYERS_HISTORY,2026-08-08T23:57:43+05:30
2019-05-24,SMD-0229,TIINDIA,NSE:TIINDIA-EQ,384.1,402.95,379.85,398.85,76209,FYERS_HISTORY,2026-08-08T23:57:43+05:30
2019-05-27,SMD-0229,TIINDIA,NSE:TIINDIA-EQ,401.0,401.0,391.5,396.5,67321,FYERS_HISTORY,2026-08-08T23:57:43+05:30
2019-05-28,SMD-0229,TIINDIA,NSE:TIINDIA-EQ,395.0,398.95,386.7,394.55,72981,FYERS_HISTORY,2026-08-08T23:57:43+05:30
2019-05-29,SMD-0229,TIINDIA,NSE:TIINDIA-EQ,390.05,397.0,387.7,395.0,225665,FYERS_HISTORY,2026-08-08T23:57:43+05:30
2019-05-30,SMD-0229,TIINDIA,NSE:TIINDIA-EQ,390.5,398.75,383.2,388.55,19615,FYERS_HISTORY,2026-08-08T23:57:43+05:30
2019-05-31,SMD-0229,TIINDIA,NSE:TIINDIA-EQ,390.7,394.45,381.2,389.4,28296,FYERS_HISTORY,2026-08-08T23:57:43+05:30
2019-06-03,SMD-0229,TIINDIA,NSE:TIINDIA-EQ,398.0,398.0,383.0,386.35,12079,FYERS_HISTORY,2026-08-08T23:57:43+05:30
2019-06-04,SMD-0229,TIINDIA,NSE:TIINDIA-EQ,392.0,398.0,384.3,395.25,33033,FYERS_HISTORY,2026-08-08T23:57:43+05:30
2019-06-06,SMD-0229,TIINDIA,NSE:TIINDIA-EQ,399.0,399.0,389.95,394.8,32204,FYERS_HISTORY,2026-08-08T23:57:43+05:30
2019-06-07,SMD-0229,TIINDIA,NSE:TIINDIA-EQ,394.05,396.95,381.55,385.4,185087,FYERS_HISTORY,2026-08-08T23:57:43+05:30
2019-06-10,SMD-0229,TIINDIA,NSE:TIINDIA-EQ,386.0,395.95,386.0,388.4,11593,FYERS_HISTORY,2026-08-08T23:57:43+05:30
2019-06-11,SMD-0229,TIINDIA,NSE:TIINDIA-EQ,394.4,397.0,390.0,392.8,28501,FYERS_HISTORY,2026-08-08T23:57:43+05:30
2019-06-12,SMD-0229,TIINDIA,NSE:TIINDIA-EQ,395.95,399.5,386.2,395.15,50566,FYERS_HISTORY,2026-08-08T23:57:43+05:30
2019-06-13,SMD-0229,TIINDIA,NSE:TIINDIA-EQ,400.0,400.0,390.05,395.3,14621,FYERS_HISTORY,2026-08-08T23:57:43+05:30
2019-06-14,SMD-0229,TIINDIA,NSE:TIINDIA-EQ,395.3,397.3,388.0,392.6,29749,FYERS_HISTORY,2026-08-08T23:57:43+05:30
2019-06-17,SMD-0229,TIINDIA,NSE:TIINDIA-EQ,394.75,394.75,382.25,389.8,24073,FYERS_HISTORY,2026-08-08T23:57:43+05:30
2019-06-18,SMD-0229,TIINDIA,NSE:TIINDIA-EQ,385.0,392.0,382.0,384.45,14864,FYERS_HISTORY,2026-08-08T23:57:43+05:30
2019-06-19,SMD-0229,TIINDIA,NSE:TIINDIA-EQ,385.2,389.7,379.65,380.1,54246,FYERS_HISTORY,2026-08-08T23:57:43+05:30
2019-06-20,SMD-0229,TIINDIA,NSE:TIINDIA-EQ,383.0,387.7,379.95,382.1,26425,FYERS_HISTORY,2026-08-08T23:57:43+05:30
2019-06-21,SMD-0229,TIINDIA,NSE:TIINDIA-EQ,386.0,386.0,379.95,380.45,8990,FYERS_HISTORY,2026-08-08T23:57:43+05:30
2019-06-24,SMD-0229,TIINDIA,NSE:TIINDIA-EQ,376.55,384.95,376.55,380.5,71495,FYERS_HISTORY,2026-08-08T23:57:43+05:30
2019-06-25,SMD-0229,TIINDIA,NSE:TIINDIA-EQ,380.5,404.8,380.0,399.9,61629,FYERS_HISTORY,2026-08-08T23:57:43+05:30
2019-06-26,SMD-0229,TIINDIA,NSE:TIINDIA-EQ,392.1,409.6,392.1,397.15,30478,FYERS_HISTORY,2026-08-08T23:57:43+05:30
2019-06-27,SMD-0229,TIINDIA,NSE:TIINDIA-EQ,399.95,400.0,391.5,392.6,18762,FYERS_HISTORY,2026-08-08T23:57:43+05:30
2019-06-28,SMD-0229,TIINDIA,NSE:TIINDIA-EQ,394.0,394.0,376.2,384.05,33343,FYERS_HISTORY,2026-08-08T23:57:43+05:30
2019-07-01,SMD-0229,TIINDIA,NSE:TIINDIA-EQ,384.05,392.95,379.6,387.5,31958,FYERS_HISTORY,2026-08-08T23:57:43+05:30
2019-07-02,SMD-0229,TIINDIA,NSE:TIINDIA-EQ,391.0,392.0,383.55,389.6,20690,FYERS_HISTORY,2026-08-08T23:57:43+05:30
2019-07-03,SMD-0229,TIINDIA,NSE:TIINDIA-EQ,390.0,392.9,385.0,387.2,16152,FYERS_HISTORY,2026-08-08T23:57:43+05:30
2019-07-04,SMD-0229,TIINDIA,NSE:TIINDIA-EQ,385.35,391.0,385.0,386.7,8274,FYERS_HISTORY,2026-08-08T23:57:43+05:30
2019-07-05,SMD-0229,TIINDIA,NSE:TIINDIA-EQ,385.05,393.85,385.0,386.9,12218,FYERS_HISTORY,2026-08-08T23:57:43+05:30
2019-07-08,SMD-0229,TIINDIA,NSE:TIINDIA-EQ,385.5,391.85,383.4,384.55,41132,FYERS_HISTORY,2026-08-08T23:57:43+05:30
2019-07-09,SMD-0229,TIINDIA,NSE:TIINDIA-EQ,381.4,387.75,380.0,383.0,56191,FYERS_HISTORY,2026-08-08T23:57:43+05:30
2019-07-10,SMD-0229,TIINDIA,NSE:TIINDIA-EQ,380.55,387.0,380.55,384.9,19840,FYERS_HISTORY,2026-08-08T23:57:43+05:30
2019-07-11,SMD-0229,TIINDIA,NSE:TIINDIA-EQ,381.35,388.95,381.35,384.9,8437,FYERS_HISTORY,2026-08-08T23:57:43+05:30
2019-07-12,SMD-0229,TIINDIA,NSE:TIINDIA-EQ,382.0,414.85,382.0,404.7,1026092,FYERS_HISTORY,2026-08-08T23:57:43+05:30
2019-07-15,SMD-0229,TIINDIA,NSE:TIINDIA-EQ,408.9,408.9,397.0,404.45,91474,FYERS_HISTORY,2026-08-08T23:57:43+05:30
2019-07-16,SMD-0229,TIINDIA,NSE:TIINDIA-EQ,404.45,407.0,397.35,400.2,17469,FYERS_HISTORY,2026-08-08T23:57:43+05:30
2019-07-17,SMD-0229,TIINDIA,NSE:TIINDIA-EQ,397.05,419.8,397.05,416.45,109891,FYERS_HISTORY,2026-08-08T23:57:43+05:30
2019-07-18,SMD-0229,TIINDIA,NSE:TIINDIA-EQ,416.45,422.4,411.35,415.6,25266,FYERS_HISTORY,2026-08-08T23:57:43+05:30
2019-07-19,SMD-0229,TIINDIA,NSE:TIINDIA-EQ,415.6,421.9,389.2,392.3,64920,FYERS_HISTORY,2026-08-08T23:57:43+05:30
2019-07-22,SMD-0229,TIINDIA,NSE:TIINDIA-EQ,393.9,394.5,381.5,383.15,16810,FYERS_HISTORY,2026-08-08T23:57:43+05:30
2019-07-23,SMD-0229,TIINDIA,NSE:TIINDIA-EQ,381.0,387.85,381.0,384.2,12413,FYERS_HISTORY,2026-08-08T23:57:43+05:30
2019-07-24,SMD-0229,TIINDIA,NSE:TIINDIA-EQ,390.0,390.0,363.2,376.5,84065,FYERS_HISTORY,2026-08-08T23:57:43+05:30
2019-07-25,SMD-0229,TIINDIA,NSE:TIINDIA-EQ,384.0,389.5,356.0,363.15,542444,FYERS_HISTORY,2026-08-08T23:57:43+05:30
2019-07-26,SMD-0229,TIINDIA,NSE:TIINDIA-EQ,363.15,363.95,336.0,339.2,61692,FYERS_HISTORY,2026-08-08T23:57:43+05:30
2019-07-29,SMD-0229,TIINDIA,NSE:TIINDIA-EQ,331.0,345.0,327.0,337.2,66727,FYERS_HISTORY,2026-08-08T23:57:43+05:30
2019-07-30,SMD-0229,TIINDIA,NSE:TIINDIA-EQ,335.0,348.25,335.0,344.9,32850,FYERS_HISTORY,2026-08-08T23:57:43+05:30
2019-07-31,SMD-0229,TIINDIA,NSE:TIINDIA-EQ,343.0,347.8,338.25,346.35,33306,FYERS_HISTORY,2026-08-08T23:57:43+05:30
2019-08-01,SMD-0229,TIINDIA,NSE:TIINDIA-EQ,350.95,361.0,342.65,357.5,42536,FYERS_HISTORY,2026-08-08T23:57:43+05:30
2019-08-02,SMD-0229,TIINDIA,NSE:TIINDIA-EQ,357.5,362.0,344.95,358.45,20112,FYERS_HISTORY,2026-08-08T23:57:43+05:30
2019-08-05,SMD-0229,TIINDIA,NSE:TIINDIA-EQ,355.0,357.9,347.7,355.2,81583,FYERS_HISTORY,2026-08-08T23:57:43+05:30
2019-08-06,SMD-0229,TIINDIA,NSE:TIINDIA-EQ,355.2,362.65,346.55,352.3,16538,FYERS_HISTORY,2026-08-08T23:57:43+05:30
2019-08-07,SMD-0229,TIINDIA,NSE:TIINDIA-EQ,349.0,353.6,349.0,350.4,12461,FYERS_HISTORY,2026-08-08T23:57:43+05:30
2019-08-08,SMD-0229,TIINDIA,NSE:TIINDIA-EQ,347.0,357.6,347.0,352.75,36575,FYERS_HISTORY,2026-08-08T23:57:43+05:30
2019-08-09,SMD-0229,TIINDIA,NSE:TIINDIA-EQ,349.0,358.95,349.0,352.75,56750,FYERS_HISTORY,2026-08-08T23:57:43+05:30
2019-08-13,SMD-0229,TIINDIA,NSE:TIINDIA-EQ,356.0,356.0,342.0,349.85,776067,FYERS_HISTORY,2026-08-08T23:57:43+05:30
2019-08-14,SMD-0229,TIINDIA,NSE:TIINDIA-EQ,347.0,353.7,341.7,351.55,11878,FYERS_HISTORY,2026-08-08T23:57:43+05:30
2019-08-16,SMD-0229,TIINDIA,NSE:TIINDIA-EQ,351.55,358.6,347.2,352.75,23878,FYERS_HISTORY,2026-08-08T23:57:43+05:30
2019-08-19,SMD-0229,TIINDIA,NSE:TIINDIA-EQ,348.0,355.8,348.0,353.9,11527,FYERS_HISTORY,2026-08-08T23:57:43+05:30
2019-08-20,SMD-0229,TIINDIA,NSE:TIINDIA-EQ,353.0,359.0,350.0,356.05,51745,FYERS_HISTORY,2026-08-08T23:57:43+05:30
2019-08-21,SMD-0229,TIINDIA,NSE:TIINDIA-EQ,351.2,359.0,340.0,340.15,59657,FYERS_HISTORY,2026-08-08T23:57:43+05:30
2019-08-22,SMD-0229,TIINDIA,NSE:TIINDIA-EQ,338.0,344.95,335.0,337.7,11675,FYERS_HISTORY,2026-08-08T23:57:43+05:30
2019-08-23,SMD-0229,TIINDIA,NSE:TIINDIA-EQ,335.0,348.8,333.25,344.45,28209,FYERS_HISTORY,2026-08-08T23:57:43+05:30
2019-08-26,SMD-0229,TIINDIA,NSE:TIINDIA-EQ,346.5,350.0,341.1,349.2,18659,FYERS_HISTORY,2026-08-08T23:57:43+05:30
2019-08-27,SMD-0229,TIINDIA,NSE:TIINDIA-EQ,343.2,350.0,343.2,348.65,19425,FYERS_HISTORY,2026-08-08T23:57:43+05:30
2019-08-28,SMD-0229,TIINDIA,NSE:TIINDIA-EQ,346.0,349.45,337.0,340.05,100785,FYERS_HISTORY,2026-08-08T23:57:43+05:30
2019-08-29,SMD-0229,TIINDIA,NSE:TIINDIA-EQ,334.2,342.0,334.2,335.35,759125,FYERS_HISTORY,2026-08-08T23:57:43+05:30
2019-08-30,SMD-0229,TIINDIA,NSE:TIINDIA-EQ,331.0,342.35,331.0,337.9,319794,FYERS_HISTORY,2026-08-08T23:57:43+05:30
2019-09-03,SMD-0229,TIINDIA,NSE:TIINDIA-EQ,337.9,342.85,330.0,331.15,109820,FYERS_HISTORY,2026-08-08T23:57:43+05:30
2019-09-04,SMD-0229,TIINDIA,NSE:TIINDIA-EQ,327.35,333.9,326.05,330.9,21122,FYERS_HISTORY,2026-08-08T23:57:43+05:30
2019-09-05,SMD-0229,TIINDIA,NSE:TIINDIA-EQ,325.2,333.8,325.2,330.6,9862,FYERS_HISTORY,2026-08-08T23:57:43+05:30
2019-09-06,SMD-0229,TIINDIA,NSE:TIINDIA-EQ,326.55,349.0,326.55,342.15,233757,FYERS_HISTORY,2026-08-08T23:57:43+05:30
2019-09-09,SMD-0229,TIINDIA,NSE:TIINDIA-EQ,337.4,342.35,333.55,339.0,66556,FYERS_HISTORY,2026-08-08T23:57:43+05:30
2019-09-11,SMD-0229,TIINDIA,NSE:TIINDIA-EQ,347.85,349.0,337.15,341.85,19437,FYERS_HISTORY,2026-08-08T23:57:43+05:30
2019-09-12,SMD-0229,TIINDIA,NSE:TIINDIA-EQ,341.0,345.9,330.0,332.05,27542,FYERS_HISTORY,2026-08-08T23:57:43+05:30
2019-09-13,SMD-0229,TIINDIA,NSE:TIINDIA-EQ,338.75,341.05,330.0,335.75,148498,FYERS_HISTORY,2026-08-08T23:57:43+05:30
2019-09-16,SMD-0229,TIINDIA,NSE:TIINDIA-EQ,331.2,354.0,331.15,351.25,1086916,FYERS_HISTORY,2026-08-08T23:57:43+05:30
2019-09-17,SMD-0229,TIINDIA,NSE:TIINDIA-EQ,354.45,362.0,339.0,340.05,210049,FYERS_HISTORY,2026-08-08T23:57:43+05:30
2019-09-18,SMD-0229,TIINDIA,NSE:TIINDIA-EQ,351.0,351.0,336.05,343.3,29039,FYERS_HISTORY,2026-08-08T23:57:43+05:30
2019-09-19,SMD-0229,TIINDIA,NSE:TIINDIA-EQ,344.1,344.1,334.2,336.35,756534,FYERS_HISTORY,2026-08-08T23:57:43+05:30
2019-09-20,SMD-0229,TIINDIA,NSE:TIINDIA-EQ,335.0,346.2,334.0,345.45,353366,FYERS_HISTORY,2026-08-08T23:57:43+05:30
2019-09-23,SMD-0229,TIINDIA,NSE:TIINDIA-EQ,355.0,374.3,346.1,365.8,180822,FYERS_HISTORY,2026-08-08T23:57:43+05:30
2019-09-24,SMD-0229,TIINDIA,NSE:TIINDIA-EQ,372.0,394.6,365.0,389.35,81834,FYERS_HISTORY,2026-08-08T23:57:43+05:30
2019-09-25,SMD-0229,TIINDIA,NSE:TIINDIA-EQ,389.35,404.05,377.35,399.55,89433,FYERS_HISTORY,2026-08-08T23:57:43+05:30
2019-09-26,SMD-0229,TIINDIA,NSE:TIINDIA-EQ,399.55,401.25,385.1,392.3,244629,FYERS_HISTORY,2026-08-08T23:57:43+05:30
2019-09-27,SMD-0229,TIINDIA,NSE:TIINDIA-EQ,409.0,409.0,385.0,385.75,641131,FYERS_HISTORY,2026-08-08T23:57:43+05:30
2019-09-30,SMD-0229,TIINDIA,NSE:TIINDIA-EQ,388.85,395.05,380.05,384.1,63879,FYERS_HISTORY,2026-08-08T23:57:43+05:30
2019-10-01,SMD-0229,TIINDIA,NSE:TIINDIA-EQ,384.1,388.0,376.25,380.9,78153,FYERS_HISTORY,2026-08-08T23:57:43+05:30
2019-10-03,SMD-0229,TIINDIA,NSE:TIINDIA-EQ,384.85,393.9,381.0,385.0,14734,FYERS_HISTORY,2026-08-08T23:57:43+05:30
2019-10-04,SMD-0229,TIINDIA,NSE:TIINDIA-EQ,392.95,392.95,375.0,383.1,130325,FYERS_HISTORY,2026-08-08T23:57:43+05:30
2019-10-07,SMD-0229,TIINDIA,NSE:TIINDIA-EQ,379.0,387.05,372.65,383.55,10571,FYERS_HISTORY,2026-08-08T23:57:43+05:30
2019-10-09,SMD-0229,TIINDIA,NSE:TIINDIA-EQ,383.1,384.95,371.0,374.0,18232,FYERS_HISTORY,2026-08-08T23:57:43+05:30
2019-10-10,SMD-0229,TIINDIA,NSE:TIINDIA-EQ,375.75,375.75,360.55,363.6,14123,FYERS_HISTORY,2026-08-08T23:57:43+05:30
2019-10-11,SMD-0229,TIINDIA,NSE:TIINDIA-EQ,363.0,367.55,360.7,363.8,17969,FYERS_HISTORY,2026-08-08T23:57:43+05:30
2019-10-14,SMD-0229,TIINDIA,NSE:TIINDIA-EQ,373.0,375.95,369.25,371.55,10634,FYERS_HISTORY,2026-08-08T23:57:43+05:30
2019-10-15,SMD-0229,TIINDIA,NSE:TIINDIA-EQ,377.95,377.95,361.0,364.3,14041,FYERS_HISTORY,2026-08-08T23:57:43+05:30
2019-10-16,SMD-0229,TIINDIA,NSE:TIINDIA-EQ,368.0,368.0,361.65,364.85,20763,FYERS_HISTORY,2026-08-08T23:57:43+05:30
2019-10-17,SMD-0229,TIINDIA,NSE:TIINDIA-EQ,369.95,369.95,355.0,361.15,38586,FYERS_HISTORY,2026-08-08T23:57:43+05:30
2019-10-18,SMD-0229,TIINDIA,NSE:TIINDIA-EQ,372.15,372.15,362.3,364.65,16555,FYERS_HISTORY,2026-08-08T23:57:43+05:30
2019-10-22,SMD-0229,TIINDIA,NSE:TIINDIA-EQ,361.0,374.8,361.0,372.95,20048,FYERS_HISTORY,2026-08-08T23:57:43+05:30
2019-10-23,SMD-0229,TIINDIA,NSE:TIINDIA-EQ,374.0,374.7,364.0,366.05,13302,FYERS_HISTORY,2026-08-08T23:57:43+05:30
2019-10-24,SMD-0229,TIINDIA,NSE:TIINDIA-EQ,372.0,373.5,367.25,370.45,20218,FYERS_HISTORY,2026-08-08T23:57:43+05:30
2019-10-25,SMD-0229,TIINDIA,NSE:TIINDIA-EQ,370.45,373.5,365.0,371.8,17228,FYERS_HISTORY,2026-08-08T23:57:43+05:30
2019-10-27,SMD-0229,TIINDIA,NSE:TIINDIA-EQ,370.15,377.0,370.15,374.5,4444,FYERS_HISTORY,2026-08-08T23:57:43+05:30
2019-10-29,SMD-0229,TIINDIA,NSE:TIINDIA-EQ,374.0,375.25,366.05,372.15,42392,FYERS_HISTORY,2026-08-08T23:57:43+05:30
2019-10-30,SMD-0229,TIINDIA,NSE:TIINDIA-EQ,374.9,377.0,364.1,369.7,26654,FYERS_HISTORY,2026-08-08T23:57:43+05:30
2019-10-31,SMD-0229,TIINDIA,NSE:TIINDIA-EQ,362.3,409.0,362.3,398.4,419723,FYERS_HISTORY,2026-08-08T23:57:43+05:30
2019-11-01,SMD-0229,TIINDIA,NSE:TIINDIA-EQ,399.0,429.0,399.0,425.1,194081,FYERS_HISTORY,2026-08-08T23:57:43+05:30
2019-11-04,SMD-0229,TIINDIA,NSE:TIINDIA-EQ,432.0,463.6,428.35,436.5,1243303,FYERS_HISTORY,2026-08-08T23:57:43+05:30
2019-11-05,SMD-0229,TIINDIA,NSE:TIINDIA-EQ,439.0,449.6,435.0,446.4,92065,FYERS_HISTORY,2026-08-08T23:57:43+05:30
2019-11-06,SMD-0229,TIINDIA,NSE:TIINDIA-EQ,451.7,451.7,439.05,445.65,210900,FYERS_HISTORY,2026-08-08T23:57:43+05:30
2019-11-07,SMD-0229,TIINDIA,NSE:TIINDIA-EQ,446.0,458.9,443.05,449.2,174853,FYERS_HISTORY,2026-08-08T23:57:43+05:30
2019-11-08,SMD-0229,TIINDIA,NSE:TIINDIA-EQ,455.0,457.4,433.35,438.45,47499,FYERS_HISTORY,2026-08-08T23:57:43+05:30
2019-11-11,SMD-0229,TIINDIA,NSE:TIINDIA-EQ,438.45,449.5,437.9,441.95,566806,FYERS_HISTORY,2026-08-08T23:57:43+05:30
2019-11-13,SMD-0229,TIINDIA,NSE:TIINDIA-EQ,442.0,450.0,440.25,445.45,258298,FYERS_HISTORY,2026-08-08T23:57:43+05:30
2019-11-14,SMD-0229,TIINDIA,NSE:TIINDIA-EQ,445.0,448.9,439.0,445.1,133924,FYERS_HISTORY,2026-08-08T23:57:43+05:30
2019-11-15,SMD-0229,TIINDIA,NSE:TIINDIA-EQ,440.55,451.9,440.55,449.0,112571,FYERS_HISTORY,2026-08-08T23:57:43+05:30
2019-11-18,SMD-0229,TIINDIA,NSE:TIINDIA-EQ,453.3,453.3,440.35,443.75,25004,FYERS_HISTORY,2026-08-08T23:57:43+05:30
2019-11-19,SMD-0229,TIINDIA,NSE:TIINDIA-EQ,443.75,450.0,443.1,448.1,53834,FYERS_HISTORY,2026-08-08T23:57:43+05:30
2019-11-20,SMD-0229,TIINDIA,NSE:TIINDIA-EQ,457.0,469.0,445.15,453.9,331394,FYERS_HISTORY,2026-08-08T23:57:43+05:30
2019-11-21,SMD-0229,TIINDIA,NSE:TIINDIA-EQ,454.0,463.85,449.5,451.2,32556,FYERS_HISTORY,2026-08-08T23:57:43+05:30
2019-11-22,SMD-0229,TIINDIA,NSE:TIINDIA-EQ,454.5,459.5,447.85,451.75,35961,FYERS_HISTORY,2026-08-08T23:57:43+05:30
2019-11-25,SMD-0229,TIINDIA,NSE:TIINDIA-EQ,459.5,461.8,449.05,459.9,268829,FYERS_HISTORY,2026-08-08T23:57:43+05:30
2019-11-26,SMD-0229,TIINDIA,NSE:TIINDIA-EQ,468.0,468.0,449.1,458.7,85559,FYERS_HISTORY,2026-08-08T23:57:43+05:30
2019-11-27,SMD-0229,TIINDIA,NSE:TIINDIA-EQ,457.25,468.8,443.55,451.5,72593,FYERS_HISTORY,2026-08-08T23:57:43+05:30
2019-11-28,SMD-0229,TIINDIA,NSE:TIINDIA-EQ,455.65,460.65,450.2,454.85,42687,FYERS_HISTORY,2026-08-08T23:57:43+05:30
2019-11-29,SMD-0229,TIINDIA,NSE:TIINDIA-EQ,455.0,473.85,455.0,470.65,453554,FYERS_HISTORY,2026-08-08T23:57:43+05:30
2019-12-02,SMD-0229,TIINDIA,NSE:TIINDIA-EQ,476.0,509.0,474.0,488.95,191713,FYERS_HISTORY,2026-08-08T23:57:43+05:30
2019-12-03,SMD-0229,TIINDIA,NSE:TIINDIA-EQ,497.3,502.75,475.0,489.65,56614,FYERS_HISTORY,2026-08-08T23:57:43+05:30
2019-12-04,SMD-0229,TIINDIA,NSE:TIINDIA-EQ,489.0,489.0,479.0,486.05,34669,FYERS_HISTORY,2026-08-08T23:57:43+05:30
2019-12-05,SMD-0229,TIINDIA,NSE:TIINDIA-EQ,486.05,500.0,473.55,477.7,75562,FYERS_HISTORY,2026-08-08T23:57:43+05:30
2019-12-06,SMD-0229,TIINDIA,NSE:TIINDIA-EQ,477.7,484.65,473.0,477.1,21221,FYERS_HISTORY,2026-08-08T23:57:43+05:30
2019-12-09,SMD-0229,TIINDIA,NSE:TIINDIA-EQ,477.0,483.05,466.35,469.75,33789,FYERS_HISTORY,2026-08-08T23:57:43+05:30
2019-12-10,SMD-0229,TIINDIA,NSE:TIINDIA-EQ,469.75,488.0,469.75,482.65,61465,FYERS_HISTORY,2026-08-08T23:57:43+05:30
2019-12-11,SMD-0229,TIINDIA,NSE:TIINDIA-EQ,486.05,486.8,468.95,478.05,114418,FYERS_HISTORY,2026-08-08T23:57:43+05:30
2019-12-12,SMD-0229,TIINDIA,NSE:TIINDIA-EQ,474.55,483.45,471.15,473.3,173538,FYERS_HISTORY,2026-08-08T23:57:43+05:30
2019-12-13,SMD-0229,TIINDIA,NSE:TIINDIA-EQ,476.1,485.0,476.1,481.6,62844,FYERS_HISTORY,2026-08-08T23:57:43+05:30
2019-12-16,SMD-0229,TIINDIA,NSE:TIINDIA-EQ,493.0,493.0,473.2,475.2,26729,FYERS_HISTORY,2026-08-08T23:57:43+05:30
2019-12-17,SMD-0229,TIINDIA,NSE:TIINDIA-EQ,476.25,484.0,473.75,478.4,28917,FYERS_HISTORY,2026-08-08T23:57:43+05:30
2019-12-18,SMD-0229,TIINDIA,NSE:TIINDIA-EQ,474.1,483.9,470.4,473.2,20305,FYERS_HISTORY,2026-08-08T23:57:43+05:30
2019-12-19,SMD-0229,TIINDIA,NSE:TIINDIA-EQ,482.5,485.0,473.1,483.9,441964,FYERS_HISTORY,2026-08-08T23:57:43+05:30
2019-12-20,SMD-0229,TIINDIA,NSE:TIINDIA-EQ,485.9,498.8,482.9,492.5,53146,FYERS_HISTORY,2026-08-08T23:57:43+05:30
2019-12-23,SMD-0229,TIINDIA,NSE:TIINDIA-EQ,496.0,499.5,491.15,498.45,21743,FYERS_HISTORY,2026-08-08T23:57:43+05:30
2019-12-24,SMD-0229,TIINDIA,NSE:TIINDIA-EQ,501.0,504.15,484.05,488.1,28856,FYERS_HISTORY,2026-08-08T23:57:43+05:30
2019-12-26,SMD-0229,TIINDIA,NSE:TIINDIA-EQ,490.05,495.0,480.35,488.4,16611,FYERS_HISTORY,2026-08-08T23:57:43+05:30
2019-12-27,SMD-0229,TIINDIA,NSE:TIINDIA-EQ,488.0,493.0,481.5,486.7,17798,FYERS_HISTORY,2026-08-08T23:57:44+05:30
2019-12-30,SMD-0229,TIINDIA,NSE:TIINDIA-EQ,488.9,493.0,484.45,488.6,16199,FYERS_HISTORY,2026-08-08T23:57:44+05:30
2019-12-31,SMD-0229,TIINDIA,NSE:TIINDIA-EQ,483.15,487.95,480.5,481.6,17849,FYERS_HISTORY,2026-08-08T23:57:44+05:30
2020-01-01,SMD-0229,TIINDIA,NSE:TIINDIA-EQ,480.1,492.85,480.1,490.55,17858,FYERS_HISTORY,2026-08-08T23:57:44+05:30
2020-01-02,SMD-0229,TIINDIA,NSE:TIINDIA-EQ,490.55,499.5,487.75,495.65,38536,FYERS_HISTORY,2026-08-08T23:57:44+05:30
2020-01-03,SMD-0229,TIINDIA,NSE:TIINDIA-EQ,494.9,503.3,487.25,491.15,65384,FYERS_HISTORY,2026-08-08T23:57:44+05:30
2020-01-06,SMD-0229,TIINDIA,NSE:TIINDIA-EQ,491.0,492.75,480.35,489.3,872037,FYERS_HISTORY,2026-08-08T23:57:44+05:30
2020-01-07,SMD-0229,TIINDIA,NSE:TIINDIA-EQ,490.0,492.6,482.05,484.9,12026,FYERS_HISTORY,2026-08-08T23:57:44+05:30
2020-01-08,SMD-0229,TIINDIA,NSE:TIINDIA-EQ,473.6,491.0,473.6,483.05,23436,FYERS_HISTORY,2026-08-08T23:57:44+05:30
2020-01-09,SMD-0229,TIINDIA,NSE:TIINDIA-EQ,483.95,493.0,483.95,490.35,61621,FYERS_HISTORY,2026-08-08T23:57:44+05:30
2020-01-10,SMD-0229,TIINDIA,NSE:TIINDIA-EQ,494.75,500.0,486.55,498.35,27862,FYERS_HISTORY,2026-08-08T23:57:44+05:30
2020-01-13,SMD-0229,TIINDIA,NSE:TIINDIA-EQ,499.8,505.9,494.75,496.5,27144,FYERS_HISTORY,2026-08-08T23:57:44+05:30
2020-01-14,SMD-0229,TIINDIA,NSE:TIINDIA-EQ,496.95,511.9,496.95,505.55,71016,FYERS_HISTORY,2026-08-08T23:57:44+05:30
2020-01-15,SMD-0229,TIINDIA,NSE:TIINDIA-EQ,509.4,529.0,506.15,524.9,677792,FYERS_HISTORY,2026-08-08T23:57:44+05:30
2020-01-16,SMD-0229,TIINDIA,NSE:TIINDIA-EQ,529.7,549.75,520.35,524.75,59492,FYERS_HISTORY,2026-08-08T23:57:44+05:30
2020-01-17,SMD-0229,TIINDIA,NSE:TIINDIA-EQ,529.7,532.65,519.45,523.2,551091,FYERS_HISTORY,2026-08-08T23:57:44+05:30
2020-01-20,SMD-0229,TIINDIA,NSE:TIINDIA-EQ,543.0,543.0,520.0,523.2,35680,FYERS_HISTORY,2026-08-08T23:57:44+05:30
2020-01-21,SMD-0229,TIINDIA,NSE:TIINDIA-EQ,520.1,527.9,520.05,523.5,17618,FYERS_HISTORY,2026-08-08T23:57:44+05:30
2020-01-22,SMD-0229,TIINDIA,NSE:TIINDIA-EQ,524.1,525.0,520.0,523.4,13525,FYERS_HISTORY,2026-08-08T23:57:44+05:30
2020-01-23,SMD-0229,TIINDIA,NSE:TIINDIA-EQ,524.1,525.05,516.35,519.9,16998,FYERS_HISTORY,2026-08-08T23:57:44+05:30
2020-01-24,SMD-0229,TIINDIA,NSE:TIINDIA-EQ,518.1,525.0,516.35,520.2,33727,FYERS_HISTORY,2026-08-08T23:57:44+05:30
2020-01-27,SMD-0229,TIINDIA,NSE:TIINDIA-EQ,520.2,524.9,516.35,519.3,27420,FYERS_HISTORY,2026-08-08T23:57:44+05:30
2020-01-28,SMD-0229,TIINDIA,NSE:TIINDIA-EQ,516.15,532.0,505.0,512.4,31872,FYERS_HISTORY,2026-08-08T23:57:44+05:30
2020-01-29,SMD-0229,TIINDIA,NSE:TIINDIA-EQ,506.0,508.15,478.05,486.8,274970,FYERS_HISTORY,2026-08-08T23:57:44+05:30
2020-01-30,SMD-0229,TIINDIA,NSE:TIINDIA-EQ,486.0,505.0,481.0,501.3,63339,FYERS_HISTORY,2026-08-08T23:57:44+05:30
2020-01-31,SMD-0229,TIINDIA,NSE:TIINDIA-EQ,502.5,516.3,499.3,511.45,208405,FYERS_HISTORY,2026-08-08T23:57:44+05:30
2020-02-01,SMD-0229,TIINDIA,NSE:TIINDIA-EQ,516.0,516.0,501.0,505.75,18945,FYERS_HISTORY,2026-08-08T23:57:44+05:30
2020-02-03,SMD-0229,TIINDIA,NSE:TIINDIA-EQ,500.0,509.7,483.0,488.0,23942,FYERS_HISTORY,2026-08-08T23:57:44+05:30
2020-02-04,SMD-0229,TIINDIA,NSE:TIINDIA-EQ,491.9,524.5,489.15,522.2,56213,FYERS_HISTORY,2026-08-08T23:57:44+05:30
2020-02-05,SMD-0229,TIINDIA,NSE:TIINDIA-EQ,522.1,537.0,512.2,523.2,40736,FYERS_HISTORY,2026-08-08T23:57:44+05:30
2020-02-06,SMD-0229,TIINDIA,NSE:TIINDIA-EQ,523.2,539.0,515.85,534.8,34702,FYERS_HISTORY,2026-08-08T23:57:44+05:30
2020-02-07,SMD-0229,TIINDIA,NSE:TIINDIA-EQ,532.0,537.9,521.1,526.7,21215,FYERS_HISTORY,2026-08-08T23:57:44+05:30
2020-02-10,SMD-0229,TIINDIA,NSE:TIINDIA-EQ,532.3,532.3,516.2,523.7,48175,FYERS_HISTORY,2026-08-08T23:57:44+05:30
2020-02-11,SMD-0229,TIINDIA,NSE:TIINDIA-EQ,530.0,530.0,503.55,519.4,27154,FYERS_HISTORY,2026-08-08T23:57:44+05:30
2020-02-12,SMD-0229,TIINDIA,NSE:TIINDIA-EQ,511.0,519.3,511.0,516.05,20259,FYERS_HISTORY,2026-08-08T23:57:44+05:30
2020-02-13,SMD-0229,TIINDIA,NSE:TIINDIA-EQ,525.0,525.0,498.0,501.2,42361,FYERS_HISTORY,2026-08-08T23:57:44+05:30
2020-02-14,SMD-0229,TIINDIA,NSE:TIINDIA-EQ,508.9,508.9,500.95,503.1,19233,FYERS_HISTORY,2026-08-08T23:57:44+05:30
2020-02-17,SMD-0229,TIINDIA,NSE:TIINDIA-EQ,507.0,507.0,492.35,499.15,267641,FYERS_HISTORY,2026-08-08T23:57:44+05:30
2020-02-18,SMD-0229,TIINDIA,NSE:TIINDIA-EQ,501.95,501.95,480.1,486.05,46719,FYERS_HISTORY,2026-08-08T23:57:44+05:30
2020-02-19,SMD-0229,TIINDIA,NSE:TIINDIA-EQ,489.5,497.25,487.45,494.85,36814,FYERS_HISTORY,2026-08-08T23:57:44+05:30
2020-02-20,SMD-0229,TIINDIA,NSE:TIINDIA-EQ,499.9,514.5,490.0,505.8,54483,FYERS_HISTORY,2026-08-08T23:57:44+05:30
2020-02-24,SMD-0229,TIINDIA,NSE:TIINDIA-EQ,504.0,562.0,502.7,544.5,522546,FYERS_HISTORY,2026-08-08T23:57:44+05:30
2020-02-25,SMD-0229,TIINDIA,NSE:TIINDIA-EQ,553.0,562.0,535.0,552.15,168936,FYERS_HISTORY,2026-08-08T23:57:44+05:30
2020-02-26,SMD-0229,TIINDIA,NSE:TIINDIA-EQ,549.9,559.8,542.7,554.25,117546,FYERS_HISTORY,2026-08-08T23:57:44+05:30
2020-02-27,SMD-0229,TIINDIA,NSE:TIINDIA-EQ,558.0,577.0,542.8,568.8,523312,FYERS_HISTORY,2026-08-08T23:57:44+05:30
2020-02-28,SMD-0229,TIINDIA,NSE:TIINDIA-EQ,567.9,567.9,522.35,528.0,166382,FYERS_HISTORY,2026-08-08T23:57:44+05:30
2020-03-02,SMD-0229,TIINDIA,NSE:TIINDIA-EQ,530.0,554.75,530.0,546.85,138872,FYERS_HISTORY,2026-08-08T23:57:44+05:30
2020-03-03,SMD-0229,TIINDIA,NSE:TIINDIA-EQ,560.0,561.45,500.0,527.8,99395,FYERS_HISTORY,2026-08-08T23:57:44+05:30
2020-03-04,SMD-0229,TIINDIA,NSE:TIINDIA-EQ,535.55,537.85,511.25,523.95,1337821,FYERS_HISTORY,2026-08-08T23:57:44+05:30
2020-03-05,SMD-0229,TIINDIA,NSE:TIINDIA-EQ,529.8,536.95,522.05,532.15,586881,FYERS_HISTORY,2026-08-08T23:57:44+05:30
2020-03-06,SMD-0229,TIINDIA,NSE:TIINDIA-EQ,511.0,517.9,496.0,504.8,161585,FYERS_HISTORY,2026-08-08T23:57:44+05:30
2020-03-09,SMD-0229,TIINDIA,NSE:TIINDIA-EQ,500.0,514.0,497.7,505.9,57378,FYERS_HISTORY,2026-08-08T23:57:44+05:30
2020-03-11,SMD-0229,TIINDIA,NSE:TIINDIA-EQ,504.0,509.0,497.8,501.95,139397,FYERS_HISTORY,2026-08-08T23:57:44+05:30
2020-03-12,SMD-0229,TIINDIA,NSE:TIINDIA-EQ,494.9,494.9,465.0,481.5,500724,FYERS_HISTORY,2026-08-08T23:57:44+05:30
2020-03-13,SMD-0229,TIINDIA,NSE:TIINDIA-EQ,420.55,482.0,400.0,470.5,168541,FYERS_HISTORY,2026-08-08T23:57:44+05:30
2020-03-16,SMD-0229,TIINDIA,NSE:TIINDIA-EQ,452.55,483.3,423.55,471.1,174182,FYERS_HISTORY,2026-08-08T23:57:44+05:30
2020-03-17,SMD-0229,TIINDIA,NSE:TIINDIA-EQ,460.0,468.75,439.0,450.0,209476,FYERS_HISTORY,2026-08-08T23:57:44+05:30
2020-03-18,SMD-0229,TIINDIA,NSE:TIINDIA-EQ,464.45,464.45,412.55,429.5,87432,FYERS_HISTORY,2026-08-08T23:57:44+05:30
2020-03-19,SMD-0229,TIINDIA,NSE:TIINDIA-EQ,401.75,415.5,376.0,388.75,244572,FYERS_HISTORY,2026-08-08T23:57:44+05:30
2020-03-20,SMD-0229,TIINDIA,NSE:TIINDIA-EQ,377.3,401.8,377.3,385.55,654309,FYERS_HISTORY,2026-08-08T23:57:44+05:30
2020-03-23,SMD-0229,TIINDIA,NSE:TIINDIA-EQ,320.0,360.8,309.0,346.2,48491,FYERS_HISTORY,2026-08-08T23:57:44+05:30
2020-03-24,SMD-0229,TIINDIA,NSE:TIINDIA-EQ,342.1,353.05,284.85,302.2,159901,FYERS_HISTORY,2026-08-08T23:57:44+05:30
2020-03-25,SMD-0229,TIINDIA,NSE:TIINDIA-EQ,300.0,300.0,285.2,298.05,26142,FYERS_HISTORY,2026-08-08T23:57:44+05:30
2020-03-26,SMD-0229,TIINDIA,NSE:TIINDIA-EQ,295.1,317.4,270.0,310.15,379089,FYERS_HISTORY,2026-08-08T23:57:44+05:30
2020-03-27,SMD-0229,TIINDIA,NSE:TIINDIA-EQ,315.0,331.95,304.0,305.1,182754,FYERS_HISTORY,2026-08-08T23:57:44+05:30
2020-03-30,SMD-0229,TIINDIA,NSE:TIINDIA-EQ,305.1,305.35,279.5,281.6,56380,FYERS_HISTORY,2026-08-08T23:57:44+05:30
2020-03-31,SMD-0229,TIINDIA,NSE:TIINDIA-EQ,282.55,295.3,270.0,273.9,88905,FYERS_HISTORY,2026-08-08T23:57:44+05:30
2020-04-01,SMD-0229,TIINDIA,NSE:TIINDIA-EQ,272.5,278.0,255.05,258.8,132835,FYERS_HISTORY,2026-08-08T23:57:44+05:30
2020-04-03,SMD-0229,TIINDIA,NSE:TIINDIA-EQ,259.0,279.0,254.0,274.75,58407,FYERS_HISTORY,2026-08-08T23:57:44+05:30
2020-04-07,SMD-0229,TIINDIA,NSE:TIINDIA-EQ,290.0,298.0,270.0,284.5,102757,FYERS_HISTORY,2026-08-08T23:57:44+05:30
2020-04-08,SMD-0229,TIINDIA,NSE:TIINDIA-EQ,283.0,312.0,280.0,302.45,161245,FYERS_HISTORY,2026-08-08T23:57:44+05:30
2020-04-09,SMD-0229,TIINDIA,NSE:TIINDIA-EQ,324.0,326.35,308.25,314.25,34958,FYERS_HISTORY,2026-08-08T23:57:44+05:30
2020-04-13,SMD-0229,TIINDIA,NSE:TIINDIA-EQ,325.0,325.0,300.0,306.35,34075,FYERS_HISTORY,2026-08-08T23:57:44+05:30
2020-04-15,SMD-0229,TIINDIA,NSE:TIINDIA-EQ,306.35,336.95,306.35,328.9,81148,FYERS_HISTORY,2026-08-08T23:57:44+05:30
2020-04-16,SMD-0229,TIINDIA,NSE:TIINDIA-EQ,338.0,341.2,315.0,320.1,50009,FYERS_HISTORY,2026-08-08T23:57:44+05:30
2020-04-17,SMD-0229,TIINDIA,NSE:TIINDIA-EQ,343.65,345.0,332.45,339.6,54651,FYERS_HISTORY,2026-08-08T23:57:44+05:30
2020-04-20,SMD-0229,TIINDIA,NSE:TIINDIA-EQ,370.0,370.0,352.15,366.2,89313,FYERS_HISTORY,2026-08-08T23:57:44+05:30
2020-04-21,SMD-0229,TIINDIA,NSE:TIINDIA-EQ,355.0,355.0,338.65,342.9,43094,FYERS_HISTORY,2026-08-08T23:57:44+05:30
2020-04-22,SMD-0229,TIINDIA,NSE:TIINDIA-EQ,338.0,361.75,336.2,342.7,46850,FYERS_HISTORY,2026-08-08T23:57:44+05:30
2020-04-23,SMD-0229,TIINDIA,NSE:TIINDIA-EQ,345.95,353.25,342.15,346.65,55027,FYERS_HISTORY,2026-08-08T23:57:44+05:30
2020-04-24,SMD-0229,TIINDIA,NSE:TIINDIA-EQ,345.95,345.95,331.0,335.7,111249,FYERS_HISTORY,2026-08-08T23:57:44+05:30
2020-04-27,SMD-0229,TIINDIA,NSE:TIINDIA-EQ,338.7,342.0,332.0,339.55,47075,FYERS_HISTORY,2026-08-08T23:57:44+05:30
2020-04-28,SMD-0229,TIINDIA,NSE:TIINDIA-EQ,342.0,343.0,332.95,339.15,41355,FYERS_HISTORY,2026-08-08T23:57:44+05:30
2020-04-29,SMD-0229,TIINDIA,NSE:TIINDIA-EQ,341.85,358.9,339.75,354.3,98755,FYERS_HISTORY,2026-08-08T23:57:44+05:30
2020-04-30,SMD-0229,TIINDIA,NSE:TIINDIA-EQ,360.0,375.95,357.55,373.25,146579,FYERS_HISTORY,2026-08-08T23:57:44+05:30
2020-05-04,SMD-0229,TIINDIA,NSE:TIINDIA-EQ,368.0,370.95,353.9,362.65,46495,FYERS_HISTORY,2026-08-08T23:57:44+05:30
2020-05-05,SMD-0229,TIINDIA,NSE:TIINDIA-EQ,365.0,371.9,354.1,357.15,53340,FYERS_HISTORY,2026-08-08T23:57:44+05:30
2020-05-06,SMD-0229,TIINDIA,NSE:TIINDIA-EQ,359.95,376.0,357.4,373.2,111447,FYERS_HISTORY,2026-08-08T23:57:44+05:30
2020-05-07,SMD-0229,TIINDIA,NSE:TIINDIA-EQ,374.8,376.0,367.5,374.3,64557,FYERS_HISTORY,2026-08-08T23:57:44+05:30
2020-05-08,SMD-0229,TIINDIA,NSE:TIINDIA-EQ,377.0,377.0,350.0,366.1,261880,FYERS_HISTORY,2026-08-08T23:57:44+05:30
2020-05-11,SMD-0229,TIINDIA,NSE:TIINDIA-EQ,371.0,373.0,350.4,352.6,29397,FYERS_HISTORY,2026-08-08T23:57:44+05:30
2020-05-12,SMD-0229,TIINDIA,NSE:TIINDIA-EQ,355.7,355.7,331.4,334.85,38511,FYERS_HISTORY,2026-08-08T23:57:44+05:30
2020-05-13,SMD-0229,TIINDIA,NSE:TIINDIA-EQ,345.0,354.0,340.1,347.05,64352,FYERS_HISTORY,2026-08-08T23:57:44+05:30
2020-05-14,SMD-0229,TIINDIA,NSE:TIINDIA-EQ,345.0,357.75,335.2,339.45,612582,FYERS_HISTORY,2026-08-08T23:57:44+05:30
2020-05-15,SMD-0229,TIINDIA,NSE:TIINDIA-EQ,341.9,346.4,336.2,338.75,31868,FYERS_HISTORY,2026-08-08T23:57:44+05:30
2020-05-18,SMD-0229,TIINDIA,NSE:TIINDIA-EQ,335.0,342.45,315.05,317.6,39575,FYERS_HISTORY,2026-08-08T23:57:44+05:30
2020-05-19,SMD-0229,TIINDIA,NSE:TIINDIA-EQ,321.25,327.95,310.75,314.7,27393,FYERS_HISTORY,2026-08-08T23:57:44+05:30
2020-05-20,SMD-0229,TIINDIA,NSE:TIINDIA-EQ,310.75,322.95,310.75,314.4,23567,FYERS_HISTORY,2026-08-08T23:57:44+05:30
2020-05-21,SMD-0229,TIINDIA,NSE:TIINDIA-EQ,316.6,320.9,314.0,316.95,31770,FYERS_HISTORY,2026-08-08T23:57:44+05:30
2020-05-22,SMD-0229,TIINDIA,NSE:TIINDIA-EQ,320.0,322.75,315.45,316.2,22563,FYERS_HISTORY,2026-08-08T23:57:44+05:30
2020-05-26,SMD-0229,TIINDIA,NSE:TIINDIA-EQ,321.0,321.0,309.0,310.95,22405,FYERS_HISTORY,2026-08-08T23:57:44+05:30
2020-05-27,SMD-0229,TIINDIA,NSE:TIINDIA-EQ,314.85,317.7,306.45,309.55,39916,FYERS_HISTORY,2026-08-08T23:57:44+05:30
2020-05-28,SMD-0229,TIINDIA,NSE:TIINDIA-EQ,316.5,340.5,316.5,340.45,304149,FYERS_HISTORY,2026-08-08T23:57:44+05:30
2020-05-29,SMD-0229,TIINDIA,NSE:TIINDIA-EQ,345.9,371.0,343.0,367.5,395154,FYERS_HISTORY,2026-08-08T23:57:44+05:30
2020-06-01,SMD-0229,TIINDIA,NSE:TIINDIA-EQ,372.2,399.05,372.2,391.8,220500,FYERS_HISTORY,2026-08-08T23:57:44+05:30
2020-06-02,SMD-0229,TIINDIA,NSE:TIINDIA-EQ,398.5,405.0,392.05,400.05,1089859,FYERS_HISTORY,2026-08-08T23:57:44+05:30
2020-06-03,SMD-0229,TIINDIA,NSE:TIINDIA-EQ,407.0,416.0,404.5,409.45,75699,FYERS_HISTORY,2026-08-08T23:57:44+05:30
2020-06-04,SMD-0229,TIINDIA,NSE:TIINDIA-EQ,410.0,412.45,391.2,400.05,74121,FYERS_HISTORY,2026-08-08T23:57:44+05:30
2020-06-05,SMD-0229,TIINDIA,NSE:TIINDIA-EQ,400.05,410.0,399.0,399.8,27307,FYERS_HISTORY,2026-08-08T23:57:44+05:30
2020-06-08,SMD-0229,TIINDIA,NSE:TIINDIA-EQ,402.0,402.0,389.85,393.65,24799,FYERS_HISTORY,2026-08-08T23:57:44+05:30
2020-06-09,SMD-0229,TIINDIA,NSE:TIINDIA-EQ,391.5,398.95,384.05,386.9,17299,FYERS_HISTORY,2026-08-08T23:57:44+05:30
2020-06-10,SMD-0229,TIINDIA,NSE:TIINDIA-EQ,386.9,398.5,381.35,395.7,21840,FYERS_HISTORY,2026-08-08T23:57:44+05:30
2020-06-11,SMD-0229,TIINDIA,NSE:TIINDIA-EQ,395.1,397.9,390.0,395.75,28052,FYERS_HISTORY,2026-08-08T23:57:44+05:30
2020-06-12,SMD-0229,TIINDIA,NSE:TIINDIA-EQ,381.55,396.8,377.65,393.65,19791,FYERS_HISTORY,2026-08-08T23:57:44+05:30
2020-06-15,SMD-0229,TIINDIA,NSE:TIINDIA-EQ,402.9,407.9,391.15,402.1,35239,FYERS_HISTORY,2026-08-08T23:57:44+05:30
2020-06-16,SMD-0229,TIINDIA,NSE:TIINDIA-EQ,407.7,407.7,390.0,393.7,26870,FYERS_HISTORY,2026-08-08T23:57:44+05:30
2020-06-17,SMD-0229,TIINDIA,NSE:TIINDIA-EQ,394.9,406.55,391.55,402.3,37999,FYERS_HISTORY,2026-08-08T23:57:44+05:30
2020-06-18,SMD-0229,TIINDIA,NSE:TIINDIA-EQ,405.0,408.3,398.25,401.45,32388,FYERS_HISTORY,2026-08-08T23:57:44+05:30
2020-06-19,SMD-0229,TIINDIA,NSE:TIINDIA-EQ,404.4,421.5,402.1,421.5,274305,FYERS_HISTORY,2026-08-08T23:57:44+05:30
2020-06-22,SMD-0229,TIINDIA,NSE:TIINDIA-EQ,433.45,433.45,417.55,427.6,48074,FYERS_HISTORY,2026-08-08T23:57:44+05:30
2020-06-23,SMD-0229,TIINDIA,NSE:TIINDIA-EQ,430.0,436.5,427.4,435.05,84021,FYERS_HISTORY,2026-08-08T23:57:44+05:30
2020-06-24,SMD-0229,TIINDIA,NSE:TIINDIA-EQ,432.15,440.1,430.7,438.8,63658,FYERS_HISTORY,2026-08-08T23:57:44+05:30
2020-06-25,SMD-0229,TIINDIA,NSE:TIINDIA-EQ,432.15,441.0,432.15,440.6,29190,FYERS_HISTORY,2026-08-08T23:57:44+05:30
2020-06-26,SMD-0229,TIINDIA,NSE:TIINDIA-EQ,440.9,448.85,437.05,445.85,99375,FYERS_HISTORY,2026-08-08T23:57:44+05:30
2020-06-29,SMD-0229,TIINDIA,NSE:TIINDIA-EQ,445.85,447.0,440.0,444.6,47393,FYERS_HISTORY,2026-08-08T23:57:44+05:30
2020-06-30,SMD-0229,TIINDIA,NSE:TIINDIA-EQ,448.95,449.85,442.15,444.4,59833,FYERS_HISTORY,2026-08-08T23:57:44+05:30
2020-07-01,SMD-0229,TIINDIA,NSE:TIINDIA-EQ,445.1,451.0,445.0,447.5,63238,FYERS_HISTORY,2026-08-08T23:57:44+05:30
2020-07-02,SMD-0229,TIINDIA,NSE:TIINDIA-EQ,451.0,451.0,443.1,444.6,20225,FYERS_HISTORY,2026-08-08T23:57:44+05:30
2020-07-03,SMD-0229,TIINDIA,NSE:TIINDIA-EQ,445.2,450.95,433.0,440.0,30581,FYERS_HISTORY,2026-08-08T23:57:44+05:30
2020-07-06,SMD-0229,TIINDIA,NSE:TIINDIA-EQ,439.0,452.0,438.95,449.85,61139,FYERS_HISTORY,2026-08-08T23:57:44+05:30
2020-07-07,SMD-0229,TIINDIA,NSE:TIINDIA-EQ,449.95,451.95,439.2,442.55,19329,FYERS_HISTORY,2026-08-08T23:57:44+05:30
2020-07-08,SMD-0229,TIINDIA,NSE:TIINDIA-EQ,444.95,452.5,433.55,436.9,59314,FYERS_HISTORY,2026-08-08T23:57:44+05:30
2020-07-09,SMD-0229,TIINDIA,NSE:TIINDIA-EQ,437.1,446.0,437.0,445.05,52027,FYERS_HISTORY,2026-08-08T23:57:44+05:30
2020-07-10,SMD-0229,TIINDIA,NSE:TIINDIA-EQ,450.0,450.0,439.0,444.45,47168,FYERS_HISTORY,2026-08-08T23:57:44+05:30
2020-07-13,SMD-0229,TIINDIA,NSE:TIINDIA-EQ,450.0,450.15,443.0,444.2,51395,FYERS_HISTORY,2026-08-08T23:57:44+05:30
2020-07-14,SMD-0229,TIINDIA,NSE:TIINDIA-EQ,444.0,453.75,441.1,451.2,112274,FYERS_HISTORY,2026-08-08T23:57:44+05:30
2020-07-15,SMD-0229,TIINDIA,NSE:TIINDIA-EQ,452.95,473.75,445.05,473.75,313352,FYERS_HISTORY,2026-08-08T23:57:44+05:30
2020-07-16,SMD-0229,TIINDIA,NSE:TIINDIA-EQ,475.0,484.35,464.3,476.9,39115,FYERS_HISTORY,2026-08-08T23:57:44+05:30
2020-07-17,SMD-0229,TIINDIA,NSE:TIINDIA-EQ,478.0,499.5,472.05,494.95,378930,FYERS_HISTORY,2026-08-08T23:57:44+05:30
2020-07-20,SMD-0229,TIINDIA,NSE:TIINDIA-EQ,509.95,510.0,493.0,504.95,615652,FYERS_HISTORY,2026-08-08T23:57:44+05:30
2020-07-21,SMD-0229,TIINDIA,NSE:TIINDIA-EQ,509.95,510.0,502.9,507.25,191699,FYERS_HISTORY,2026-08-08T23:57:44+05:30
2020-07-22,SMD-0229,TIINDIA,NSE:TIINDIA-EQ,508.0,510.0,506.05,507.0,67936,FYERS_HISTORY,2026-08-08T23:57:44+05:30
2020-07-23,SMD-0229,TIINDIA,NSE:TIINDIA-EQ,507.4,519.0,507.0,511.3,345792,FYERS_HISTORY,2026-08-08T23:57:44+05:30
2020-07-24,SMD-0229,TIINDIA,NSE:TIINDIA-EQ,500.0,519.0,494.65,503.15,81803,FYERS_HISTORY,2026-08-08T23:57:44+05:30
2020-07-27,SMD-0229,TIINDIA,NSE:TIINDIA-EQ,503.1,510.4,491.2,494.3,49311,FYERS_HISTORY,2026-08-08T23:57:44+05:30
2020-07-28,SMD-0229,TIINDIA,NSE:TIINDIA-EQ,494.5,505.05,492.2,499.95,121256,FYERS_HISTORY,2026-08-08T23:57:44+05:30
2020-07-29,SMD-0229,TIINDIA,NSE:TIINDIA-EQ,501.5,508.6,498.0,501.6,300174,FYERS_HISTORY,2026-08-08T23:57:44+05:30
2020-07-30,SMD-0229,TIINDIA,NSE:TIINDIA-EQ,502.1,514.2,500.35,507.4,56064,FYERS_HISTORY,2026-08-08T23:57:44+05:30
2020-07-31,SMD-0229,TIINDIA,NSE:TIINDIA-EQ,507.55,513.0,499.95,508.9,134071,FYERS_HISTORY,2026-08-08T23:57:44+05:30
2020-08-03,SMD-0229,TIINDIA,NSE:TIINDIA-EQ,505.25,530.0,505.25,522.55,61909,FYERS_HISTORY,2026-08-08T23:57:44+05:30
2020-08-04,SMD-0229,TIINDIA,NSE:TIINDIA-EQ,537.0,539.95,498.0,504.25,59221,FYERS_HISTORY,2026-08-08T23:57:44+05:30
2020-08-05,SMD-0229,TIINDIA,NSE:TIINDIA-EQ,505.1,524.65,499.85,518.0,76740,FYERS_HISTORY,2026-08-08T23:57:44+05:30
2020-08-06,SMD-0229,TIINDIA,NSE:TIINDIA-EQ,512.25,521.4,505.25,509.5,22068,FYERS_HISTORY,2026-08-08T23:57:44+05:30
2020-08-07,SMD-0229,TIINDIA,NSE:TIINDIA-EQ,513.1,557.0,513.1,546.4,125952,FYERS_HISTORY,2026-08-08T23:57:44+05:30
2020-08-10,SMD-0229,TIINDIA,NSE:TIINDIA-EQ,543.9,546.85,531.85,535.2,414972,FYERS_HISTORY,2026-08-08T23:57:44+05:30
2020-08-11,SMD-0229,TIINDIA,NSE:TIINDIA-EQ,544.0,544.0,526.25,532.1,34436,FYERS_HISTORY,2026-08-08T23:57:44+05:30
2020-08-12,SMD-0229,TIINDIA,NSE:TIINDIA-EQ,533.0,553.15,533.0,549.75,49835,FYERS_HISTORY,2026-08-08T23:57:44+05:30
2020-08-13,SMD-0229,TIINDIA,NSE:TIINDIA-EQ,554.0,603.0,545.0,594.2,274905,FYERS_HISTORY,2026-08-08T23:57:44+05:30
2020-08-14,SMD-0229,TIINDIA,NSE:TIINDIA-EQ,604.8,609.9,585.0,590.1,152081,FYERS_HISTORY,2026-08-08T23:57:44+05:30
2020-08-17,SMD-0229,TIINDIA,NSE:TIINDIA-EQ,603.0,603.0,588.0,594.15,65380,FYERS_HISTORY,2026-08-08T23:57:44+05:30
2020-08-18,SMD-0229,TIINDIA,NSE:TIINDIA-EQ,599.9,600.0,588.0,596.95,155755,FYERS_HISTORY,2026-08-08T23:57:44+05:30
2020-08-19,SMD-0229,TIINDIA,NSE:TIINDIA-EQ,596.95,600.0,590.0,590.35,44285,FYERS_HISTORY,2026-08-08T23:57:44+05:30
2020-08-20,SMD-0229,TIINDIA,NSE:TIINDIA-EQ,589.75,597.3,585.05,590.1,29639,FYERS_HISTORY,2026-08-08T23:57:44+05:30
2020-08-21,SMD-0229,TIINDIA,NSE:TIINDIA-EQ,600.0,603.0,588.35,593.25,61204,FYERS_HISTORY,2026-08-08T23:57:44+05:30
2020-08-24,SMD-0229,TIINDIA,NSE:TIINDIA-EQ,604.0,652.55,593.0,637.25,344908,FYERS_HISTORY,2026-08-08T23:57:44+05:30
2020-08-25,SMD-0229,TIINDIA,NSE:TIINDIA-EQ,649.95,670.0,623.75,647.45,749392,FYERS_HISTORY,2026-08-08T23:57:44+05:30
2020-08-26,SMD-0229,TIINDIA,NSE:TIINDIA-EQ,635.0,639.9,622.5,625.85,476370,FYERS_HISTORY,2026-08-08T23:57:44+05:30
2020-08-27,SMD-0229,TIINDIA,NSE:TIINDIA-EQ,634.4,637.9,625.95,628.05,156932,FYERS_HISTORY,2026-08-08T23:57:44+05:30
2020-08-28,SMD-0229,TIINDIA,NSE:TIINDIA-EQ,625.45,645.0,623.1,641.0,205899,FYERS_HISTORY,2026-08-08T23:57:44+05:30
2020-08-31,SMD-0229,TIINDIA,NSE:TIINDIA-EQ,655.05,656.5,645.85,647.9,305539,FYERS_HISTORY,2026-08-08T23:57:44+05:30
2020-09-01,SMD-0229,TIINDIA,NSE:TIINDIA-EQ,644.1,646.5,635.4,644.1,96538,FYERS_HISTORY,2026-08-08T23:57:44+05:30
2020-09-02,SMD-0229,TIINDIA,NSE:TIINDIA-EQ,641.1,652.8,640.0,649.05,117288,FYERS_HISTORY,2026-08-08T23:57:44+05:30
2020-09-03,SMD-0229,TIINDIA,NSE:TIINDIA-EQ,648.5,678.7,643.25,655.45,117004,FYERS_HISTORY,2026-08-08T23:57:44+05:30
2020-09-04,SMD-0229,TIINDIA,NSE:TIINDIA-EQ,659.0,669.35,645.45,663.25,91687,FYERS_HISTORY,2026-08-08T23:57:44+05:30
2020-09-07,SMD-0229,TIINDIA,NSE:TIINDIA-EQ,676.0,681.95,659.05,669.15,99855,FYERS_HISTORY,2026-08-08T23:57:44+05:30
2020-09-08,SMD-0229,TIINDIA,NSE:TIINDIA-EQ,670.0,672.35,630.35,640.45,44753,FYERS_HISTORY,2026-08-08T23:57:44+05:30
2020-09-09,SMD-0229,TIINDIA,NSE:TIINDIA-EQ,635.0,635.0,605.25,611.9,177705,FYERS_HISTORY,2026-08-08T23:57:44+05:30
2020-09-10,SMD-0229,TIINDIA,NSE:TIINDIA-EQ,613.0,628.0,607.6,616.85,65282,FYERS_HISTORY,2026-08-08T23:57:44+05:30
2020-09-11,SMD-0229,TIINDIA,NSE:TIINDIA-EQ,616.25,622.4,600.0,602.7,40377,FYERS_HISTORY,2026-08-08T23:57:44+05:30
2020-09-14,SMD-0229,TIINDIA,NSE:TIINDIA-EQ,629.0,629.0,607.2,614.8,260926,FYERS_HISTORY,2026-08-08T23:57:44+05:30
2020-09-15,SMD-0229,TIINDIA,NSE:TIINDIA-EQ,623.0,637.45,618.9,626.95,74458,FYERS_HISTORY,2026-08-08T23:57:44+05:30
2020-09-16,SMD-0229,TIINDIA,NSE:TIINDIA-EQ,633.7,640.0,621.35,636.8,166624,FYERS_HISTORY,2026-08-08T23:57:44+05:30
2020-09-17,SMD-0229,TIINDIA,NSE:TIINDIA-EQ,638.7,659.8,635.5,647.85,117690,FYERS_HISTORY,2026-08-08T23:57:44+05:30
2020-09-18,SMD-0229,TIINDIA,NSE:TIINDIA-EQ,653.0,663.0,625.25,643.55,347351,FYERS_HISTORY,2026-08-08T23:57:44+05:30
2020-09-21,SMD-0229,TIINDIA,NSE:TIINDIA-EQ,628.25,635.85,620.0,621.25,60292,FYERS_HISTORY,2026-08-08T23:57:44+05:30
2020-09-22,SMD-0229,TIINDIA,NSE:TIINDIA-EQ,612.1,619.55,565.0,575.1,54366,FYERS_HISTORY,2026-08-08T23:57:44+05:30
2020-09-23,SMD-0229,TIINDIA,NSE:TIINDIA-EQ,585.1,585.1,545.25,560.1,49499,FYERS_HISTORY,2026-08-08T23:57:44+05:30
2020-09-24,SMD-0229,TIINDIA,NSE:TIINDIA-EQ,556.9,608.7,522.7,573.6,1201795,FYERS_HISTORY,2026-08-08T23:57:44+05:30
2020-09-25,SMD-0229,TIINDIA,NSE:TIINDIA-EQ,588.0,597.55,565.0,569.95,203016,FYERS_HISTORY,2026-08-08T23:57:44+05:30
2020-09-28,SMD-0229,TIINDIA,NSE:TIINDIA-EQ,579.7,626.9,575.5,624.95,495000,FYERS_HISTORY,2026-08-08T23:57:44+05:30
2020-09-29,SMD-0229,TIINDIA,NSE:TIINDIA-EQ,624.8,627.9,593.1,612.5,112477,FYERS_HISTORY,2026-08-08T23:57:44+05:30
2020-09-30,SMD-0229,TIINDIA,NSE:TIINDIA-EQ,612.5,624.3,595.5,604.3,40903,FYERS_HISTORY,2026-08-08T23:57:44+05:30
2020-10-01,SMD-0229,TIINDIA,NSE:TIINDIA-EQ,612.9,650.0,612.0,638.0,195686,FYERS_HISTORY,2026-08-08T23:57:44+05:30
2020-10-05,SMD-0229,TIINDIA,NSE:TIINDIA-EQ,650.0,652.9,622.0,625.1,16226,FYERS_HISTORY,2026-08-08T23:57:44+05:30
2020-10-06,SMD-0229,TIINDIA,NSE:TIINDIA-EQ,624.0,645.0,617.0,620.9,35318,FYERS_HISTORY,2026-08-08T23:57:44+05:30
2020-10-07,SMD-0229,TIINDIA,NSE:TIINDIA-EQ,615.0,624.85,602.0,605.35,31108,FYERS_HISTORY,2026-08-08T23:57:44+05:30
2020-10-08,SMD-0229,TIINDIA,NSE:TIINDIA-EQ,618.0,618.0,588.5,591.2,532908,FYERS_HISTORY,2026-08-08T23:57:44+05:30
2020-10-09,SMD-0229,TIINDIA,NSE:TIINDIA-EQ,587.0,603.0,584.1,589.1,33766,FYERS_HISTORY,2026-08-08T23:57:44+05:30
2020-10-12,SMD-0229,TIINDIA,NSE:TIINDIA-EQ,598.8,599.9,577.7,581.35,29753,FYERS_HISTORY,2026-08-08T23:57:44+05:30
2020-10-13,SMD-0229,TIINDIA,NSE:TIINDIA-EQ,592.0,592.0,572.2,585.35,15120,FYERS_HISTORY,2026-08-08T23:57:44+05:30
2020-10-14,SMD-0229,TIINDIA,NSE:TIINDIA-EQ,592.9,598.0,577.05,586.8,226678,FYERS_HISTORY,2026-08-08T23:57:44+05:30
2020-10-15,SMD-0229,TIINDIA,NSE:TIINDIA-EQ,589.45,591.95,571.0,574.95,19926,FYERS_HISTORY,2026-08-08T23:57:44+05:30
2020-10-16,SMD-0229,TIINDIA,NSE:TIINDIA-EQ,576.0,586.1,571.15,574.4,17815,FYERS_HISTORY,2026-08-08T23:57:44+05:30
2020-10-19,SMD-0229,TIINDIA,NSE:TIINDIA-EQ,576.2,582.55,552.1,560.05,61379,FYERS_HISTORY,2026-08-08T23:57:44+05:30
2020-10-20,SMD-0229,TIINDIA,NSE:TIINDIA-EQ,557.5,577.2,547.2,551.95,26784,FYERS_HISTORY,2026-08-08T23:57:44+05:30
2020-10-21,SMD-0229,TIINDIA,NSE:TIINDIA-EQ,564.0,586.0,553.25,576.05,75682,FYERS_HISTORY,2026-08-08T23:57:44+05:30
2020-10-22,SMD-0229,TIINDIA,NSE:TIINDIA-EQ,579.5,608.0,572.9,591.05,103772,FYERS_HISTORY,2026-08-08T23:57:44+05:30
2020-10-23,SMD-0229,TIINDIA,NSE:TIINDIA-EQ,595.8,615.0,595.8,610.35,305366,FYERS_HISTORY,2026-08-08T23:57:44+05:30
2020-10-26,SMD-0229,TIINDIA,NSE:TIINDIA-EQ,610.35,640.75,605.2,622.55,245230,FYERS_HISTORY,2026-08-08T23:57:44+05:30
2020-10-27,SMD-0229,TIINDIA,NSE:TIINDIA-EQ,624.7,652.5,623.6,649.35,247533,FYERS_HISTORY,2026-08-08T23:57:44+05:30
2020-10-28,SMD-0229,TIINDIA,NSE:TIINDIA-EQ,648.0,658.0,640.45,646.3,177620,FYERS_HISTORY,2026-08-08T23:57:44+05:30
2020-10-29,SMD-0229,TIINDIA,NSE:TIINDIA-EQ,635.1,653.2,629.05,648.2,149641,FYERS_HISTORY,2026-08-08T23:57:44+05:30
2020-10-30,SMD-0229,TIINDIA,NSE:TIINDIA-EQ,649.0,664.0,641.45,654.85,89087,FYERS_HISTORY,2026-08-08T23:57:44+05:30
2020-11-02,SMD-0229,TIINDIA,NSE:TIINDIA-EQ,662.0,674.0,644.2,658.15,121958,FYERS_HISTORY,2026-08-08T23:57:44+05:30
2020-11-03,SMD-0229,TIINDIA,NSE:TIINDIA-EQ,658.0,674.8,652.15,667.5,266931,FYERS_HISTORY,2026-08-08T23:57:44+05:30
2020-11-04,SMD-0229,TIINDIA,NSE:TIINDIA-EQ,673.5,678.4,656.0,669.45,53401,FYERS_HISTORY,2026-08-08T23:57:44+05:30
2020-11-05,SMD-0229,TIINDIA,NSE:TIINDIA-EQ,670.25,678.9,670.0,675.0,602502,FYERS_HISTORY,2026-08-08T23:57:44+05:30
2020-11-06,SMD-0229,TIINDIA,NSE:TIINDIA-EQ,678.05,699.85,675.85,689.15,119241,FYERS_HISTORY,2026-08-08T23:57:44+05:30
2020-11-09,SMD-0229,TIINDIA,NSE:TIINDIA-EQ,708.0,714.0,690.0,692.85,521020,FYERS_HISTORY,2026-08-08T23:57:44+05:30
2020-11-10,SMD-0229,TIINDIA,NSE:TIINDIA-EQ,701.2,710.0,685.0,703.35,94357,FYERS_HISTORY,2026-08-08T23:57:44+05:30
2020-11-11,SMD-0229,TIINDIA,NSE:TIINDIA-EQ,705.0,713.5,702.75,708.7,74390,FYERS_HISTORY,2026-08-08T23:57:44+05:30
2020-11-12,SMD-0229,TIINDIA,NSE:TIINDIA-EQ,713.0,735.0,712.8,731.55,133786,FYERS_HISTORY,2026-08-08T23:57:44+05:30
2020-11-13,SMD-0229,TIINDIA,NSE:TIINDIA-EQ,737.9,750.0,728.3,745.55,78492,FYERS_HISTORY,2026-08-08T23:57:44+05:30
2020-11-14,SMD-0229,TIINDIA,NSE:TIINDIA-EQ,756.9,757.0,735.0,741.65,16000,FYERS_HISTORY,2026-08-08T23:57:44+05:30
2020-11-17,SMD-0229,TIINDIA,NSE:TIINDIA-EQ,742.0,747.0,733.4,740.1,229193,FYERS_HISTORY,2026-08-08T23:57:44+05:30
2020-11-18,SMD-0229,TIINDIA,NSE:TIINDIA-EQ,740.1,763.9,740.1,760.9,93366,FYERS_HISTORY,2026-08-08T23:57:44+05:30
2020-11-19,SMD-0229,TIINDIA,NSE:TIINDIA-EQ,754.45,772.8,743.55,765.5,287184,FYERS_HISTORY,2026-08-08T23:57:44+05:30
2020-11-20,SMD-0229,TIINDIA,NSE:TIINDIA-EQ,769.8,794.9,755.1,789.2,147788,FYERS_HISTORY,2026-08-08T23:57:44+05:30
2020-11-23,SMD-0229,TIINDIA,NSE:TIINDIA-EQ,789.2,838.0,784.0,830.4,280399,FYERS_HISTORY,2026-08-08T23:57:44+05:30
2020-11-24,SMD-0229,TIINDIA,NSE:TIINDIA-EQ,844.0,857.5,835.7,844.05,166427,FYERS_HISTORY,2026-08-08T23:57:44+05:30
2020-11-25,SMD-0229,TIINDIA,NSE:TIINDIA-EQ,850.0,852.0,823.4,836.8,830746,FYERS_HISTORY,2026-08-08T23:57:44+05:30
2020-11-26,SMD-0229,TIINDIA,NSE:TIINDIA-EQ,847.0,857.95,802.15,812.75,2594939,FYERS_HISTORY,2026-08-08T23:57:44+05:30
2020-11-27,SMD-0229,TIINDIA,NSE:TIINDIA-EQ,844.7,850.9,812.35,823.6,463581,FYERS_HISTORY,2026-08-08T23:57:44+05:30
2020-12-01,SMD-0229,TIINDIA,NSE:TIINDIA-EQ,828.0,837.0,795.1,809.8,156914,FYERS_HISTORY,2026-08-08T23:57:44+05:30
2020-12-02,SMD-0229,TIINDIA,NSE:TIINDIA-EQ,810.0,833.9,802.5,828.9,1300086,FYERS_HISTORY,2026-08-08T23:57:44+05:30
2020-12-03,SMD-0229,TIINDIA,NSE:TIINDIA-EQ,835.0,836.25,820.0,833.65,66194,FYERS_HISTORY,2026-08-08T23:57:44+05:30
2020-12-04,SMD-0229,TIINDIA,NSE:TIINDIA-EQ,837.0,842.5,831.35,839.9,94344,FYERS_HISTORY,2026-08-08T23:57:44+05:30
2020-12-07,SMD-0229,TIINDIA,NSE:TIINDIA-EQ,835.8,835.8,810.05,828.15,68216,FYERS_HISTORY,2026-08-08T23:57:44+05:30
2020-12-08,SMD-0229,TIINDIA,NSE:TIINDIA-EQ,830.1,838.0,805.0,810.8,56189,FYERS_HISTORY,2026-08-08T23:57:44+05:30
2020-12-09,SMD-0229,TIINDIA,NSE:TIINDIA-EQ,815.0,824.35,790.1,801.35,1189513,FYERS_HISTORY,2026-08-08T23:57:44+05:30
2020-12-10,SMD-0229,TIINDIA,NSE:TIINDIA-EQ,801.35,882.0,801.35,846.25,741307,FYERS_HISTORY,2026-08-08T23:57:44+05:30
2020-12-11,SMD-0229,TIINDIA,NSE:TIINDIA-EQ,848.95,858.8,838.0,854.5,87144,FYERS_HISTORY,2026-08-08T23:57:44+05:30
2020-12-14,SMD-0229,TIINDIA,NSE:TIINDIA-EQ,859.8,868.4,836.1,846.15,206211,FYERS_HISTORY,2026-08-08T23:57:44+05:30
2020-12-15,SMD-0229,TIINDIA,NSE:TIINDIA-EQ,849.9,862.9,810.0,820.35,93121,FYERS_HISTORY,2026-08-08T23:57:44+05:30
2020-12-16,SMD-0229,TIINDIA,NSE:TIINDIA-EQ,822.0,837.7,815.0,825.5,59050,FYERS_HISTORY,2026-08-08T23:57:44+05:30
2020-12-17,SMD-0229,TIINDIA,NSE:TIINDIA-EQ,829.95,832.85,810.0,813.4,25191,FYERS_HISTORY,2026-08-08T23:57:44+05:30
2020-12-18,SMD-0229,TIINDIA,NSE:TIINDIA-EQ,821.7,822.4,805.15,815.4,549292,FYERS_HISTORY,2026-08-08T23:57:44+05:30
2020-12-21,SMD-0229,TIINDIA,NSE:TIINDIA-EQ,815.4,834.0,775.0,806.5,256917,FYERS_HISTORY,2026-08-08T23:57:44+05:30
2020-12-22,SMD-0229,TIINDIA,NSE:TIINDIA-EQ,811.0,821.95,771.05,791.9,71230,FYERS_HISTORY,2026-08-08T23:57:44+05:30
2020-12-23,SMD-0229,TIINDIA,NSE:TIINDIA-EQ,794.8,818.0,794.8,808.3,39149,FYERS_HISTORY,2026-08-08T23:57:44+05:30
2020-12-24,SMD-0229,TIINDIA,NSE:TIINDIA-EQ,817.0,817.0,796.65,798.25,263533,FYERS_HISTORY,2026-08-08T23:57:44+05:30
2020-12-28,SMD-0229,TIINDIA,NSE:TIINDIA-EQ,812.0,812.0,798.0,799.55,99029,FYERS_HISTORY,2026-08-08T23:57:44+05:30
2020-12-29,SMD-0229,TIINDIA,NSE:TIINDIA-EQ,809.6,812.0,795.0,799.0,42895,FYERS_HISTORY,2026-08-08T23:57:44+05:30
2020-12-30,SMD-0229,TIINDIA,NSE:TIINDIA-EQ,806.2,806.2,791.0,793.3,34007,FYERS_HISTORY,2026-08-08T23:57:44+05:30
2020-12-31,SMD-0229,TIINDIA,NSE:TIINDIA-EQ,793.35,808.0,788.75,800.85,84083,FYERS_HISTORY,2026-08-08T23:57:44+05:30
2021-01-01,SMD-0229,TIINDIA,NSE:TIINDIA-EQ,806.05,807.95,792.45,798.3,29002,FYERS_HISTORY,2026-08-08T23:57:44+05:30
2021-01-04,SMD-0229,TIINDIA,NSE:TIINDIA-EQ,799.0,811.5,795.0,802.15,115652,FYERS_HISTORY,2026-08-08T23:57:44+05:30
2021-01-05,SMD-0229,TIINDIA,NSE:TIINDIA-EQ,800.1,845.0,800.1,821.0,164033,FYERS_HISTORY,2026-08-08T23:57:44+05:30
2021-01-06,SMD-0229,TIINDIA,NSE:TIINDIA-EQ,825.05,837.0,804.7,812.25,58216,FYERS_HISTORY,2026-08-08T23:57:44+05:30
2021-01-07,SMD-0229,TIINDIA,NSE:TIINDIA-EQ,823.75,825.0,812.25,821.55,63587,FYERS_HISTORY,2026-08-08T23:57:44+05:30
2021-01-08,SMD-0229,TIINDIA,NSE:TIINDIA-EQ,828.0,836.0,818.05,833.7,335005,FYERS_HISTORY,2026-08-08T23:57:44+05:30
2021-01-11,SMD-0229,TIINDIA,NSE:TIINDIA-EQ,837.85,846.65,816.0,839.15,117132,FYERS_HISTORY,2026-08-08T23:57:44+05:30
2021-01-12,SMD-0229,TIINDIA,NSE:TIINDIA-EQ,829.0,840.45,821.2,832.7,56450,FYERS_HISTORY,2026-08-08T23:57:44+05:30
2021-01-13,SMD-0229,TIINDIA,NSE:TIINDIA-EQ,835.2,836.85,821.5,830.3,177584,FYERS_HISTORY,2026-08-08T23:57:44+05:30
2021-01-14,SMD-0229,TIINDIA,NSE:TIINDIA-EQ,837.1,838.5,828.0,833.7,25049,FYERS_HISTORY,2026-08-08T23:57:44+05:30
2021-01-15,SMD-0229,TIINDIA,NSE:TIINDIA-EQ,831.3,832.75,810.2,821.85,53791,FYERS_HISTORY,2026-08-08T23:57:44+05:30
2021-01-18,SMD-0229,TIINDIA,NSE:TIINDIA-EQ,822.9,834.7,809.1,824.3,66279,FYERS_HISTORY,2026-08-08T23:57:44+05:30
2021-01-19,SMD-0229,TIINDIA,NSE:TIINDIA-EQ,828.6,850.0,822.0,845.75,259055,FYERS_HISTORY,2026-08-08T23:57:44+05:30
2021-01-20,SMD-0229,TIINDIA,NSE:TIINDIA-EQ,850.0,878.0,846.1,851.6,103837,FYERS_HISTORY,2026-08-08T23:57:44+05:30
2021-01-21,SMD-0229,TIINDIA,NSE:TIINDIA-EQ,844.0,859.25,825.0,830.1,106840,FYERS_HISTORY,2026-08-08T23:57:44+05:30
2021-01-22,SMD-0229,TIINDIA,NSE:TIINDIA-EQ,832.1,832.9,810.6,823.25,94522,FYERS_HISTORY,2026-08-08T23:57:44+05:30
2021-01-25,SMD-0229,TIINDIA,NSE:TIINDIA-EQ,827.35,830.0,750.1,781.3,268542,FYERS_HISTORY,2026-08-08T23:57:44+05:30
2021-01-27,SMD-0229,TIINDIA,NSE:TIINDIA-EQ,782.6,799.1,780.5,789.6,156972,FYERS_HISTORY,2026-08-08T23:57:44+05:30
2021-01-28,SMD-0229,TIINDIA,NSE:TIINDIA-EQ,782.0,791.8,753.1,756.8,36781,FYERS_HISTORY,2026-08-08T23:57:44+05:30
2021-01-29,SMD-0229,TIINDIA,NSE:TIINDIA-EQ,761.5,794.0,750.1,779.2,63133,FYERS_HISTORY,2026-08-08T23:57:44+05:30
2021-02-01,SMD-0229,TIINDIA,NSE:TIINDIA-EQ,772.0,805.95,752.4,796.0,777606,FYERS_HISTORY,2026-08-08T23:57:44+05:30
2021-02-02,SMD-0229,TIINDIA,NSE:TIINDIA-EQ,795.0,813.0,774.35,805.3,79267,FYERS_HISTORY,2026-08-08T23:57:44+05:30
2021-02-03,SMD-0229,TIINDIA,NSE:TIINDIA-EQ,833.0,855.0,822.0,843.25,304724,FYERS_HISTORY,2026-08-08T23:57:44+05:30
2021-02-04,SMD-0229,TIINDIA,NSE:TIINDIA-EQ,847.4,858.8,804.35,826.95,118368,FYERS_HISTORY,2026-08-08T23:57:44+05:30
2021-02-05,SMD-0229,TIINDIA,NSE:TIINDIA-EQ,831.0,874.0,806.2,858.3,127118,FYERS_HISTORY,2026-08-08T23:57:44+05:30
2021-02-08,SMD-0229,TIINDIA,NSE:TIINDIA-EQ,865.0,927.15,865.0,905.35,217795,FYERS_HISTORY,2026-08-08T23:57:44+05:30
2021-02-09,SMD-0229,TIINDIA,NSE:TIINDIA-EQ,987.0,987.0,895.0,909.95,137732,FYERS_HISTORY,2026-08-08T23:57:44+05:30
2021-02-10,SMD-0229,TIINDIA,NSE:TIINDIA-EQ,915.2,935.0,905.0,921.4,260579,FYERS_HISTORY,2026-08-08T23:57:44+05:30
2021-02-11,SMD-0229,TIINDIA,NSE:TIINDIA-EQ,918.95,964.0,905.25,945.55,343513,FYERS_HISTORY,2026-08-08T23:57:44+05:30
2021-02-12,SMD-0229,TIINDIA,NSE:TIINDIA-EQ,962.0,979.8,922.2,949.2,143769,FYERS_HISTORY,2026-08-08T23:57:44+05:30
2021-02-15,SMD-0229,TIINDIA,NSE:TIINDIA-EQ,960.15,1024.7,949.5,999.95,416338,FYERS_HISTORY,2026-08-08T23:57:44+05:30
2021-02-16,SMD-0229,TIINDIA,NSE:TIINDIA-EQ,1005.2,1025.0,1000.0,1020.1,414846,FYERS_HISTORY,2026-08-08T23:57:44+05:30
2021-02-17,SMD-0229,TIINDIA,NSE:TIINDIA-EQ,1020.1,1048.7,1014.0,1028.5,421076,FYERS_HISTORY,2026-08-08T23:57:44+05:30
2021-02-18,SMD-0229,TIINDIA,NSE:TIINDIA-EQ,1015.05,1039.25,999.0,1008.75,246643,FYERS_HISTORY,2026-08-08T23:57:44+05:30
2021-02-19,SMD-0229,TIINDIA,NSE:TIINDIA-EQ,1007.0,1051.0,990.05,1028.3,227645,FYERS_HISTORY,2026-08-08T23:57:44+05:30
2021-02-22,SMD-0229,TIINDIA,NSE:TIINDIA-EQ,1051.0,1078.95,1036.05,1046.45,297013,FYERS_HISTORY,2026-08-08T23:57:44+05:30
2021-02-23,SMD-0229,TIINDIA,NSE:TIINDIA-EQ,1059.7,1068.25,1021.5,1059.25,384312,FYERS_HISTORY,2026-08-08T23:57:44+05:30
2021-02-24,SMD-0229,TIINDIA,NSE:TIINDIA-EQ,1045.1,1097.0,1000.0,1071.8,746390,FYERS_HISTORY,2026-08-08T23:57:44+05:30
2021-02-25,SMD-0229,TIINDIA,NSE:TIINDIA-EQ,1077.4,1085.2,1045.95,1067.2,128101,FYERS_HISTORY,2026-08-08T23:57:44+05:30
2021-02-26,SMD-0229,TIINDIA,NSE:TIINDIA-EQ,1043.1,1098.0,1043.1,1080.45,386118,FYERS_HISTORY,2026-08-08T23:57:44+05:30
2021-03-01,SMD-0229,TIINDIA,NSE:TIINDIA-EQ,1080.45,1082.0,1021.0,1041.4,226705,FYERS_HISTORY,2026-08-08T23:57:44+05:30
2021-03-02,SMD-0229,TIINDIA,NSE:TIINDIA-EQ,1067.8,1098.0,1044.0,1090.1,150378,FYERS_HISTORY,2026-08-08T23:57:44+05:30
2021-03-03,SMD-0229,TIINDIA,NSE:TIINDIA-EQ,1097.0,1152.0,1062.1,1135.9,251989,FYERS_HISTORY,2026-08-08T23:57:44+05:30
2021-03-04,SMD-0229,TIINDIA,NSE:TIINDIA-EQ,1134.0,1186.25,1112.45,1149.6,70456,FYERS_HISTORY,2026-08-08T23:57:44+05:30
2021-03-05,SMD-0229,TIINDIA,NSE:TIINDIA-EQ,1149.0,1169.4,1109.6,1126.45,91392,FYERS_HISTORY,2026-08-08T23:57:44+05:30
2021-03-08,SMD-0229,TIINDIA,NSE:TIINDIA-EQ,1149.0,1163.1,1103.7,1117.6,45919,FYERS_HISTORY,2026-08-08T23:57:44+05:30
2021-03-09,SMD-0229,TIINDIA,NSE:TIINDIA-EQ,1125.0,1190.65,1113.8,1173.0,517974,FYERS_HISTORY,2026-08-08T23:57:44+05:30
2021-03-10,SMD-0229,TIINDIA,NSE:TIINDIA-EQ,1194.0,1224.8,1191.0,1206.05,803900,FYERS_HISTORY,2026-08-08T23:57:44+05:30
2021-03-12,SMD-0229,TIINDIA,NSE:TIINDIA-EQ,1229.9,1240.0,1158.25,1199.8,59941,FYERS_HISTORY,2026-08-08T23:57:44+05:30
2021-03-15,SMD-0229,TIINDIA,NSE:TIINDIA-EQ,1181.0,1211.65,1160.15,1198.95,188336,FYERS_HISTORY,2026-08-08T23:57:44+05:30
2021-03-16,SMD-0229,TIINDIA,NSE:TIINDIA-EQ,1218.0,1218.0,1165.5,1179.7,79110,FYERS_HISTORY,2026-08-08T23:57:44+05:30
2021-03-17,SMD-0229,TIINDIA,NSE:TIINDIA-EQ,1179.7,1198.0,1140.0,1170.75,25331,FYERS_HISTORY,2026-08-08T23:57:44+05:30
2021-03-18,SMD-0229,TIINDIA,NSE:TIINDIA-EQ,1189.9,1205.0,1138.9,1169.5,76970,FYERS_HISTORY,2026-08-08T23:57:44+05:30
2021-03-19,SMD-0229,TIINDIA,NSE:TIINDIA-EQ,1183.9,1183.9,1106.05,1148.5,381264,FYERS_HISTORY,2026-08-08T23:57:44+05:30
2021-03-22,SMD-0229,TIINDIA,NSE:TIINDIA-EQ,1137.0,1166.0,1107.05,1137.4,46108,FYERS_HISTORY,2026-08-08T23:57:44+05:30
2021-03-23,SMD-0229,TIINDIA,NSE:TIINDIA-EQ,1137.1,1164.5,1115.5,1118.9,22433,FYERS_HISTORY,2026-08-08T23:57:44+05:30
2021-03-24,SMD-0229,TIINDIA,NSE:TIINDIA-EQ,1122.0,1129.7,1096.6,1106.25,23545,FYERS_HISTORY,2026-08-08T23:57:44+05:30
2021-03-25,SMD-0229,TIINDIA,NSE:TIINDIA-EQ,1100.0,1111.85,1084.0,1093.3,27149,FYERS_HISTORY,2026-08-08T23:57:44+05:30
2021-03-26,SMD-0229,TIINDIA,NSE:TIINDIA-EQ,1109.7,1142.0,1100.05,1116.2,32321,FYERS_HISTORY,2026-08-08T23:57:44+05:30
2021-03-30,SMD-0229,TIINDIA,NSE:TIINDIA-EQ,1154.7,1189.9,1126.0,1165.05,48773,FYERS_HISTORY,2026-08-08T23:57:44+05:30
2021-03-31,SMD-0229,TIINDIA,NSE:TIINDIA-EQ,1160.0,1211.0,1136.75,1193.35,92570,FYERS_HISTORY,2026-08-08T23:57:44+05:30
2021-04-01,SMD-0229,TIINDIA,NSE:TIINDIA-EQ,1219.0,1219.85,1153.0,1198.35,282259,FYERS_HISTORY,2026-08-08T23:57:44+05:30
2021-04-05,SMD-0229,TIINDIA,NSE:TIINDIA-EQ,1200.1,1200.1,1131.7,1158.95,64430,FYERS_HISTORY,2026-08-08T23:57:44+05:30
2021-04-06,SMD-0229,TIINDIA,NSE:TIINDIA-EQ,1155.0,1170.0,1139.7,1148.15,415517,FYERS_HISTORY,2026-08-08T23:57:44+05:30
2021-04-07,SMD-0229,TIINDIA,NSE:TIINDIA-EQ,1170.0,1175.0,1150.1,1170.65,80899,FYERS_HISTORY,2026-08-08T23:57:44+05:30
2021-04-08,SMD-0229,TIINDIA,NSE:TIINDIA-EQ,1176.0,1189.0,1158.05,1170.7,74551,FYERS_HISTORY,2026-08-08T23:57:44+05:30
2021-04-09,SMD-0229,TIINDIA,NSE:TIINDIA-EQ,1149.7,1197.0,1141.0,1177.4,74247,FYERS_HISTORY,2026-08-08T23:57:44+05:30
2021-04-12,SMD-0229,TIINDIA,NSE:TIINDIA-EQ,1152.5,1176.0,1103.0,1135.65,50707,FYERS_HISTORY,2026-08-08T23:57:44+05:30
2021-04-13,SMD-0229,TIINDIA,NSE:TIINDIA-EQ,1154.65,1164.95,1125.0,1136.45,66009,FYERS_HISTORY,2026-08-08T23:57:44+05:30
2021-04-15,SMD-0229,TIINDIA,NSE:TIINDIA-EQ,1130.1,1154.4,1087.0,1102.7,297426,FYERS_HISTORY,2026-08-08T23:57:44+05:30
2021-04-16,SMD-0229,TIINDIA,NSE:TIINDIA-EQ,1106.0,1124.3,1105.0,1117.65,23690,FYERS_HISTORY,2026-08-08T23:57:44+05:30
2021-04-19,SMD-0229,TIINDIA,NSE:TIINDIA-EQ,1110.0,1153.0,1050.0,1096.2,120095,FYERS_HISTORY,2026-08-08T23:57:44+05:30
2021-04-20,SMD-0229,TIINDIA,NSE:TIINDIA-EQ,1094.5,1114.95,1070.0,1098.85,149072,FYERS_HISTORY,2026-08-08T23:57:44+05:30
2021-04-22,SMD-0229,TIINDIA,NSE:TIINDIA-EQ,1099.1,1126.95,1098.2,1122.45,21550,FYERS_HISTORY,2026-08-08T23:57:44+05:30
2021-04-23,SMD-0229,TIINDIA,NSE:TIINDIA-EQ,1139.0,1140.0,1104.35,1117.1,33929,FYERS_HISTORY,2026-08-08T23:57:44+05:30
2021-04-26,SMD-0229,TIINDIA,NSE:TIINDIA-EQ,1144.0,1144.0,1097.05,1123.2,204089,FYERS_HISTORY,2026-08-08T23:57:44+05:30
2021-04-27,SMD-0229,TIINDIA,NSE:TIINDIA-EQ,1137.9,1146.8,1114.5,1126.7,18024,FYERS_HISTORY,2026-08-08T23:57:44+05:30
2021-04-28,SMD-0229,TIINDIA,NSE:TIINDIA-EQ,1150.0,1266.0,1135.8,1205.1,113758,FYERS_HISTORY,2026-08-08T23:57:44+05:30
2021-04-29,SMD-0229,TIINDIA,NSE:TIINDIA-EQ,1267.0,1325.0,1225.0,1264.95,145332,FYERS_HISTORY,2026-08-08T23:57:44+05:30
2021-04-30,SMD-0229,TIINDIA,NSE:TIINDIA-EQ,1274.9,1274.9,1215.0,1234.7,43536,FYERS_HISTORY,2026-08-08T23:57:44+05:30
2021-05-03,SMD-0229,TIINDIA,NSE:TIINDIA-EQ,1258.0,1275.0,1228.0,1263.2,68376,FYERS_HISTORY,2026-08-08T23:57:44+05:30
2021-05-04,SMD-0229,TIINDIA,NSE:TIINDIA-EQ,1292.95,1292.95,1240.0,1248.1,28216,FYERS_HISTORY,2026-08-08T23:57:44+05:30
2021-05-05,SMD-0229,TIINDIA,NSE:TIINDIA-EQ,1250.0,1262.25,1230.15,1247.35,45861,FYERS_HISTORY,2026-08-08T23:57:44+05:30
2021-05-06,SMD-0229,TIINDIA,NSE:TIINDIA-EQ,1258.0,1258.0,1202.35,1218.0,496342,FYERS_HISTORY,2026-08-08T23:57:44+05:30
2021-05-07,SMD-0229,TIINDIA,NSE:TIINDIA-EQ,1202.0,1240.05,1183.55,1218.95,72487,FYERS_HISTORY,2026-08-08T23:57:44+05:30
2021-05-10,SMD-0229,TIINDIA,NSE:TIINDIA-EQ,1220.0,1232.0,1175.0,1185.5,31434,FYERS_HISTORY,2026-08-08T23:57:44+05:30
2021-05-11,SMD-0229,TIINDIA,NSE:TIINDIA-EQ,1184.7,1210.0,1179.9,1205.1,34680,FYERS_HISTORY,2026-08-08T23:57:44+05:30
2021-05-12,SMD-0229,TIINDIA,NSE:TIINDIA-EQ,1206.0,1225.3,1178.4,1220.45,50164,FYERS_HISTORY,2026-08-08T23:57:44+05:30
2021-05-14,SMD-0229,TIINDIA,NSE:TIINDIA-EQ,1227.9,1227.9,1160.35,1170.55,119128,FYERS_HISTORY,2026-08-08T23:57:44+05:30
2021-05-17,SMD-0229,TIINDIA,NSE:TIINDIA-EQ,1171.5,1210.0,1157.7,1184.05,52524,FYERS_HISTORY,2026-08-08T23:57:44+05:30
2021-05-18,SMD-0229,TIINDIA,NSE:TIINDIA-EQ,1204.9,1204.9,1168.0,1181.1,64957,FYERS_HISTORY,2026-08-08T23:57:44+05:30
2021-05-19,SMD-0229,TIINDIA,NSE:TIINDIA-EQ,1180.0,1207.3,1172.0,1199.6,45822,FYERS_HISTORY,2026-08-08T23:57:44+05:30
2021-05-20,SMD-0229,TIINDIA,NSE:TIINDIA-EQ,1208.7,1208.7,1175.4,1183.3,20415,FYERS_HISTORY,2026-08-08T23:57:44+05:30
2021-05-21,SMD-0229,TIINDIA,NSE:TIINDIA-EQ,1198.0,1198.0,1133.15,1175.15,154015,FYERS_HISTORY,2026-08-08T23:57:44+05:30
2021-05-24,SMD-0229,TIINDIA,NSE:TIINDIA-EQ,1189.0,1205.8,1177.25,1190.35,35992,FYERS_HISTORY,2026-08-08T23:57:44+05:30
2021-05-25,SMD-0229,TIINDIA,NSE:TIINDIA-EQ,1199.35,1199.35,1167.0,1173.65,39561,FYERS_HISTORY,2026-08-08T23:57:44+05:30
2021-05-26,SMD-0229,TIINDIA,NSE:TIINDIA-EQ,1182.0,1218.8,1172.2,1201.1,59429,FYERS_HISTORY,2026-08-08T23:57:44+05:30
2021-05-27,SMD-0229,TIINDIA,NSE:TIINDIA-EQ,1215.0,1259.7,1142.0,1160.25,198414,FYERS_HISTORY,2026-08-08T23:57:44+05:30
2021-05-28,SMD-0229,TIINDIA,NSE:TIINDIA-EQ,1166.0,1185.0,1140.0,1151.8,68293,FYERS_HISTORY,2026-08-08T23:57:44+05:30
2021-05-31,SMD-0229,TIINDIA,NSE:TIINDIA-EQ,1152.1,1197.7,1151.15,1186.3,60061,FYERS_HISTORY,2026-08-08T23:57:44+05:30
2021-06-01,SMD-0229,TIINDIA,NSE:TIINDIA-EQ,1195.0,1197.0,1175.3,1189.35,55751,FYERS_HISTORY,2026-08-08T23:57:44+05:30
2021-06-02,SMD-0229,TIINDIA,NSE:TIINDIA-EQ,1180.0,1195.0,1161.8,1184.65,44860,FYERS_HISTORY,2026-08-08T23:57:44+05:30
2021-06-03,SMD-0229,TIINDIA,NSE:TIINDIA-EQ,1195.0,1195.0,1175.0,1194.05,32730,FYERS_HISTORY,2026-08-08T23:57:44+05:30
2021-06-04,SMD-0229,TIINDIA,NSE:TIINDIA-EQ,1199.0,1200.0,1186.45,1197.85,40356,FYERS_HISTORY,2026-08-08T23:57:44+05:30
2021-06-07,SMD-0229,TIINDIA,NSE:TIINDIA-EQ,1193.0,1230.0,1188.8,1227.35,74748,FYERS_HISTORY,2026-08-08T23:57:44+05:30
2021-06-08,SMD-0229,TIINDIA,NSE:TIINDIA-EQ,1230.1,1279.4,1230.1,1271.6,286578,FYERS_HISTORY,2026-08-08T23:57:44+05:30
2021-06-09,SMD-0229,TIINDIA,NSE:TIINDIA-EQ,1284.9,1307.0,1205.35,1267.3,101966,FYERS_HISTORY,2026-08-08T23:57:44+05:30
2021-06-10,SMD-0229,TIINDIA,NSE:TIINDIA-EQ,1285.0,1299.95,1271.25,1292.9,61051,FYERS_HISTORY,2026-08-08T23:57:44+05:30
2021-06-11,SMD-0229,TIINDIA,NSE:TIINDIA-EQ,1300.0,1349.0,1273.7,1339.0,100925,FYERS_HISTORY,2026-08-08T23:57:44+05:30
2021-06-14,SMD-0229,TIINDIA,NSE:TIINDIA-EQ,1349.7,1450.0,1303.55,1329.8,89338,FYERS_HISTORY,2026-08-08T23:57:44+05:30
2021-06-15,SMD-0229,TIINDIA,NSE:TIINDIA-EQ,1345.0,1346.8,1307.15,1325.7,62484,FYERS_HISTORY,2026-08-08T23:57:44+05:30
2021-06-16,SMD-0229,TIINDIA,NSE:TIINDIA-EQ,1348.0,1348.0,1246.2,1266.4,146197,FYERS_HISTORY,2026-08-08T23:57:44+05:30
2021-06-17,SMD-0229,TIINDIA,NSE:TIINDIA-EQ,1245.4,1270.1,1211.2,1244.2,105801,FYERS_HISTORY,2026-08-08T23:57:44+05:30
2021-06-18,SMD-0229,TIINDIA,NSE:TIINDIA-EQ,1305.0,1305.0,1180.05,1192.05,434171,FYERS_HISTORY,2026-08-08T23:57:44+05:30
2021-06-21,SMD-0229,TIINDIA,NSE:TIINDIA-EQ,1170.5,1191.35,1135.25,1166.9,442575,FYERS_HISTORY,2026-08-08T23:57:44+05:30
2021-06-22,SMD-0229,TIINDIA,NSE:TIINDIA-EQ,1174.25,1196.0,1149.0,1167.1,55221,FYERS_HISTORY,2026-08-08T23:57:44+05:30
2021-06-23,SMD-0229,TIINDIA,NSE:TIINDIA-EQ,1168.9,1188.0,1146.0,1169.15,44186,FYERS_HISTORY,2026-08-08T23:57:44+05:30
2021-06-24,SMD-0229,TIINDIA,NSE:TIINDIA-EQ,1157.45,1178.45,1150.2,1157.85,22582,FYERS_HISTORY,2026-08-08T23:57:44+05:30
2021-06-25,SMD-0229,TIINDIA,NSE:TIINDIA-EQ,1168.0,1182.9,1133.95,1176.6,51024,FYERS_HISTORY,2026-08-08T23:57:44+05:30
2021-06-28,SMD-0229,TIINDIA,NSE:TIINDIA-EQ,1187.0,1187.25,1155.0,1161.5,60736,FYERS_HISTORY,2026-08-08T23:57:44+05:30
2021-06-29,SMD-0229,TIINDIA,NSE:TIINDIA-EQ,1173.25,1173.25,1140.85,1152.8,23482,FYERS_HISTORY,2026-08-08T23:57:44+05:30
2021-06-30,SMD-0229,TIINDIA,NSE:TIINDIA-EQ,1154.0,1174.85,1140.0,1168.6,63282,FYERS_HISTORY,2026-08-08T23:57:44+05:30
2021-07-01,SMD-0229,TIINDIA,NSE:TIINDIA-EQ,1174.0,1198.15,1161.0,1181.45,48052,FYERS_HISTORY,2026-08-08T23:57:44+05:30
2021-07-02,SMD-0229,TIINDIA,NSE:TIINDIA-EQ,1182.1,1194.8,1165.05,1175.65,128006,FYERS_HISTORY,2026-08-08T23:57:44+05:30
2021-07-05,SMD-0229,TIINDIA,NSE:TIINDIA-EQ,1170.25,1185.0,1125.0,1132.7,94494,FYERS_HISTORY,2026-08-08T23:57:44+05:30
2021-07-06,SMD-0229,TIINDIA,NSE:TIINDIA-EQ,1130.0,1145.55,1110.35,1117.95,340306,FYERS_HISTORY,2026-08-08T23:57:44+05:30
2021-07-07,SMD-0229,TIINDIA,NSE:TIINDIA-EQ,1119.0,1130.95,1096.0,1103.6,73954,FYERS_HISTORY,2026-08-08T23:57:44+05:30
2021-07-08,SMD-0229,TIINDIA,NSE:TIINDIA-EQ,1103.6,1115.4,1090.15,1097.7,126635,FYERS_HISTORY,2026-08-08T23:57:44+05:30
2021-07-09,SMD-0229,TIINDIA,NSE:TIINDIA-EQ,1100.0,1108.05,1086.0,1090.75,88074,FYERS_HISTORY,2026-08-08T23:57:44+05:30
2021-07-12,SMD-0229,TIINDIA,NSE:TIINDIA-EQ,1097.9,1105.0,1090.35,1098.15,130719,FYERS_HISTORY,2026-08-08T23:57:44+05:30
2021-07-13,SMD-0229,TIINDIA,NSE:TIINDIA-EQ,1110.0,1135.95,1106.05,1133.55,70853,FYERS_HISTORY,2026-08-08T23:57:44+05:30
2021-07-14,SMD-0229,TIINDIA,NSE:TIINDIA-EQ,1141.0,1165.55,1137.0,1142.85,93442,FYERS_HISTORY,2026-08-08T23:57:44+05:30
2021-07-15,SMD-0229,TIINDIA,NSE:TIINDIA-EQ,1145.0,1162.9,1134.0,1136.7,39507,FYERS_HISTORY,2026-08-08T23:57:44+05:30
2021-07-16,SMD-0229,TIINDIA,NSE:TIINDIA-EQ,1140.0,1159.0,1127.1,1128.7,33059,FYERS_HISTORY,2026-08-08T23:57:44+05:30
2021-07-19,SMD-0229,TIINDIA,NSE:TIINDIA-EQ,1127.1,1128.15,1101.05,1104.5,676115,FYERS_HISTORY,2026-08-08T23:57:44+05:30
2021-07-20,SMD-0229,TIINDIA,NSE:TIINDIA-EQ,1128.9,1128.9,1081.1,1110.2,47967,FYERS_HISTORY,2026-08-08T23:57:44+05:30
2021-07-22,SMD-0229,TIINDIA,NSE:TIINDIA-EQ,1123.25,1129.7,1106.05,1113.8,143888,FYERS_HISTORY,2026-08-08T23:57:44+05:30
2021-07-23,SMD-0229,TIINDIA,NSE:TIINDIA-EQ,1120.0,1120.0,1094.05,1105.85,182432,FYERS_HISTORY,2026-08-08T23:57:44+05:30
2021-07-26,SMD-0229,TIINDIA,NSE:TIINDIA-EQ,1113.95,1113.95,1090.0,1102.1,96315,FYERS_HISTORY,2026-08-08T23:57:44+05:30
2021-07-27,SMD-0229,TIINDIA,NSE:TIINDIA-EQ,1097.1,1109.85,1081.05,1085.8,163083,FYERS_HISTORY,2026-08-08T23:57:44+05:30
2021-07-28,SMD-0229,TIINDIA,NSE:TIINDIA-EQ,1090.0,1139.0,1088.0,1102.15,454114,FYERS_HISTORY,2026-08-08T23:57:44+05:30
2021-07-29,SMD-0229,TIINDIA,NSE:TIINDIA-EQ,1117.0,1143.85,1110.0,1136.5,106748,FYERS_HISTORY,2026-08-08T23:57:44+05:30
2021-07-30,SMD-0229,TIINDIA,NSE:TIINDIA-EQ,1140.0,1151.5,1114.0,1119.4,52944,FYERS_HISTORY,2026-08-08T23:57:44+05:30
2021-08-02,SMD-0229,TIINDIA,NSE:TIINDIA-EQ,1118.15,1126.3,1093.0,1101.1,51306,FYERS_HISTORY,2026-08-08T23:57:44+05:30
2021-08-03,SMD-0229,TIINDIA,NSE:TIINDIA-EQ,1109.0,1179.0,1102.05,1156.5,105211,FYERS_HISTORY,2026-08-08T23:57:44+05:30
2021-08-04,SMD-0229,TIINDIA,NSE:TIINDIA-EQ,1175.0,1185.0,1120.0,1172.95,119357,FYERS_HISTORY,2026-08-08T23:57:44+05:30
2021-08-05,SMD-0229,TIINDIA,NSE:TIINDIA-EQ,1180.0,1211.95,1134.0,1197.5,179372,FYERS_HISTORY,2026-08-08T23:57:44+05:30
2021-08-06,SMD-0229,TIINDIA,NSE:TIINDIA-EQ,1219.0,1221.45,1152.0,1173.5,88139,FYERS_HISTORY,2026-08-08T23:57:44+05:30
2021-08-09,SMD-0229,TIINDIA,NSE:TIINDIA-EQ,1170.0,1214.0,1122.35,1189.25,104254,FYERS_HISTORY,2026-08-08T23:57:44+05:30
2021-08-10,SMD-0229,TIINDIA,NSE:TIINDIA-EQ,1199.25,1199.25,1135.55,1178.85,94478,FYERS_HISTORY,2026-08-08T23:57:44+05:30
2021-08-11,SMD-0229,TIINDIA,NSE:TIINDIA-EQ,1194.0,1200.0,1120.0,1186.6,347608,FYERS_HISTORY,2026-08-08T23:57:44+05:30
2021-08-12,SMD-0229,TIINDIA,NSE:TIINDIA-EQ,1185.0,1197.8,1162.95,1185.1,286925,FYERS_HISTORY,2026-08-08T23:57:44+05:30
2021-08-13,SMD-0229,TIINDIA,NSE:TIINDIA-EQ,1195.0,1252.7,1180.05,1233.85,506446,FYERS_HISTORY,2026-08-08T23:57:44+05:30
2021-08-16,SMD-0229,TIINDIA,NSE:TIINDIA-EQ,1259.0,1302.0,1218.0,1280.95,159247,FYERS_HISTORY,2026-08-08T23:57:44+05:30
2021-08-17,SMD-0229,TIINDIA,NSE:TIINDIA-EQ,1260.0,1292.0,1234.6,1279.75,122655,FYERS_HISTORY,2026-08-08T23:57:44+05:30
2021-08-18,SMD-0229,TIINDIA,NSE:TIINDIA-EQ,1277.75,1290.0,1248.0,1264.05,66587,FYERS_HISTORY,2026-08-08T23:57:44+05:30
2021-08-20,SMD-0229,TIINDIA,NSE:TIINDIA-EQ,1249.95,1285.0,1221.0,1267.7,199871,FYERS_HISTORY,2026-08-08T23:57:44+05:30
2021-08-23,SMD-0229,TIINDIA,NSE:TIINDIA-EQ,1277.85,1323.15,1252.1,1292.85,179525,FYERS_HISTORY,2026-08-08T23:57:44+05:30
2021-08-24,SMD-0229,TIINDIA,NSE:TIINDIA-EQ,1306.45,1309.9,1265.45,1281.3,82310,FYERS_HISTORY,2026-08-08T23:57:44+05:30
2021-08-25,SMD-0229,TIINDIA,NSE:TIINDIA-EQ,1276.0,1303.65,1266.35,1293.45,79119,FYERS_HISTORY,2026-08-08T23:57:44+05:30
2021-08-26,SMD-0229,TIINDIA,NSE:TIINDIA-EQ,1275.1,1288.0,1251.25,1267.2,382359,FYERS_HISTORY,2026-08-08T23:57:44+05:30
2021-08-27,SMD-0229,TIINDIA,NSE:TIINDIA-EQ,1269.95,1297.05,1247.0,1291.35,80243,FYERS_HISTORY,2026-08-08T23:57:44+05:30
2021-08-30,SMD-0229,TIINDIA,NSE:TIINDIA-EQ,1294.7,1320.0,1282.15,1316.05,125418,FYERS_HISTORY,2026-08-08T23:57:44+05:30
2021-08-31,SMD-0229,TIINDIA,NSE:TIINDIA-EQ,1316.0,1398.0,1281.0,1364.65,224732,FYERS_HISTORY,2026-08-08T23:57:44+05:30
2021-09-01,SMD-0229,TIINDIA,NSE:TIINDIA-EQ,1370.0,1395.0,1340.1,1358.3,105329,FYERS_HISTORY,2026-08-08T23:57:44+05:30
2021-09-02,SMD-0229,TIINDIA,NSE:TIINDIA-EQ,1354.9,1377.0,1332.45,1354.3,214473,FYERS_HISTORY,2026-08-08T23:57:44+05:30
2021-09-03,SMD-0229,TIINDIA,NSE:TIINDIA-EQ,1350.0,1357.15,1325.0,1335.9,66810,FYERS_HISTORY,2026-08-08T23:57:44+05:30
2021-09-06,SMD-0229,TIINDIA,NSE:TIINDIA-EQ,1326.1,1350.0,1310.0,1331.3,65759,FYERS_HISTORY,2026-08-08T23:57:44+05:30
2021-09-07,SMD-0229,TIINDIA,NSE:TIINDIA-EQ,1335.25,1408.85,1325.0,1386.5,208899,FYERS_HISTORY,2026-08-08T23:57:44+05:30
2021-09-08,SMD-0229,TIINDIA,NSE:TIINDIA-EQ,1401.7,1429.65,1371.0,1383.2,163889,FYERS_HISTORY,2026-08-08T23:57:44+05:30
2021-09-09,SMD-0229,TIINDIA,NSE:TIINDIA-EQ,1391.95,1391.95,1341.3,1364.3,108743,FYERS_HISTORY,2026-08-08T23:57:44+05:30
2021-09-13,SMD-0229,TIINDIA,NSE:TIINDIA-EQ,1360.0,1364.95,1330.0,1338.9,75656,FYERS_HISTORY,2026-08-08T23:57:44+05:30
2021-09-14,SMD-0229,TIINDIA,NSE:TIINDIA-EQ,1336.0,1375.55,1330.0,1342.45,82163,FYERS_HISTORY,2026-08-08T23:57:44+05:30
2021-09-15,SMD-0229,TIINDIA,NSE:TIINDIA-EQ,1359.9,1403.2,1339.0,1386.6,118931,FYERS_HISTORY,2026-08-08T23:57:44+05:30
2021-09-16,SMD-0229,TIINDIA,NSE:TIINDIA-EQ,1390.0,1484.7,1382.7,1457.7,311368,FYERS_HISTORY,2026-08-08T23:57:44+05:30
2021-09-17,SMD-0229,TIINDIA,NSE:TIINDIA-EQ,1480.0,1526.4,1430.0,1463.1,379185,FYERS_HISTORY,2026-08-08T23:57:44+05:30
2021-09-20,SMD-0229,TIINDIA,NSE:TIINDIA-EQ,1470.0,1548.7,1463.0,1513.7,200925,FYERS_HISTORY,2026-08-08T23:57:44+05:30
2021-09-21,SMD-0229,TIINDIA,NSE:TIINDIA-EQ,1544.95,1544.95,1463.75,1502.55,115057,FYERS_HISTORY,2026-08-08T23:57:44+05:30
2021-09-22,SMD-0229,TIINDIA,NSE:TIINDIA-EQ,1492.0,1513.95,1480.0,1488.5,56441,FYERS_HISTORY,2026-08-08T23:57:44+05:30
2021-09-23,SMD-0229,TIINDIA,NSE:TIINDIA-EQ,1499.9,1530.0,1490.05,1494.1,82860,FYERS_HISTORY,2026-08-08T23:57:44+05:30
2021-09-24,SMD-0229,TIINDIA,NSE:TIINDIA-EQ,1498.0,1508.55,1458.5,1478.15,58688,FYERS_HISTORY,2026-08-08T23:57:44+05:30
2021-09-27,SMD-0229,TIINDIA,NSE:TIINDIA-EQ,1489.0,1489.0,1431.0,1438.75,66903,FYERS_HISTORY,2026-08-08T23:57:44+05:30
2021-09-28,SMD-0229,TIINDIA,NSE:TIINDIA-EQ,1438.0,1438.4,1355.0,1366.7,136088,FYERS_HISTORY,2026-08-08T23:57:44+05:30
2021-09-29,SMD-0229,TIINDIA,NSE:TIINDIA-EQ,1363.9,1390.25,1329.35,1381.05,73333,FYERS_HISTORY,2026-08-08T23:57:44+05:30
2021-09-30,SMD-0229,TIINDIA,NSE:TIINDIA-EQ,1389.0,1405.25,1382.25,1396.85,97063,FYERS_HISTORY,2026-08-08T23:57:44+05:30
2021-10-01,SMD-0229,TIINDIA,NSE:TIINDIA-EQ,1390.0,1396.0,1375.55,1386.65,32690,FYERS_HISTORY,2026-08-08T23:57:44+05:30
2021-10-04,SMD-0229,TIINDIA,NSE:TIINDIA-EQ,1415.25,1418.95,1324.0,1335.15,224951,FYERS_HISTORY,2026-08-08T23:57:44+05:30
2021-10-05,SMD-0229,TIINDIA,NSE:TIINDIA-EQ,1334.3,1344.65,1310.0,1328.75,104351,FYERS_HISTORY,2026-08-08T23:57:44+05:30
2021-10-06,SMD-0229,TIINDIA,NSE:TIINDIA-EQ,1335.0,1351.6,1281.0,1289.15,130470,FYERS_HISTORY,2026-08-08T23:57:44+05:30
2021-10-07,SMD-0229,TIINDIA,NSE:TIINDIA-EQ,1294.0,1337.65,1294.0,1327.3,102107,FYERS_HISTORY,2026-08-08T23:57:44+05:30
2021-10-08,SMD-0229,TIINDIA,NSE:TIINDIA-EQ,1330.0,1383.35,1330.0,1368.2,502544,FYERS_HISTORY,2026-08-08T23:57:44+05:30
2021-10-11,SMD-0229,TIINDIA,NSE:TIINDIA-EQ,1390.0,1405.0,1350.1,1358.45,170577,FYERS_HISTORY,2026-08-08T23:57:44+05:30
2021-10-12,SMD-0229,TIINDIA,NSE:TIINDIA-EQ,1374.7,1396.55,1360.25,1381.35,73981,FYERS_HISTORY,2026-08-08T23:57:44+05:30
2021-10-13,SMD-0229,TIINDIA,NSE:TIINDIA-EQ,1381.35,1398.9,1365.35,1377.55,57252,FYERS_HISTORY,2026-08-08T23:57:44+05:30
2021-10-14,SMD-0229,TIINDIA,NSE:TIINDIA-EQ,1394.0,1396.0,1350.0,1362.95,69273,FYERS_HISTORY,2026-08-08T23:57:44+05:30
2021-10-18,SMD-0229,TIINDIA,NSE:TIINDIA-EQ,1351.0,1396.0,1351.0,1391.25,45348,FYERS_HISTORY,2026-08-08T23:57:44+05:30
2021-10-19,SMD-0229,TIINDIA,NSE:TIINDIA-EQ,1405.85,1415.0,1352.85,1381.6,252731,FYERS_HISTORY,2026-08-08T23:57:44+05:30
2021-10-20,SMD-0229,TIINDIA,NSE:TIINDIA-EQ,1393.5,1429.95,1323.6,1380.25,136692,FYERS_HISTORY,2026-08-08T23:57:44+05:30
2021-10-21,SMD-0229,TIINDIA,NSE:TIINDIA-EQ,1388.25,1434.95,1355.0,1412.95,196312,FYERS_HISTORY,2026-08-08T23:57:44+05:30
2021-10-22,SMD-0229,TIINDIA,NSE:TIINDIA-EQ,1397.75,1453.0,1351.15,1417.75,108574,FYERS_HISTORY,2026-08-08T23:57:44+05:30
2021-10-25,SMD-0229,TIINDIA,NSE:TIINDIA-EQ,1419.9,1429.0,1356.05,1387.45,167772,FYERS_HISTORY,2026-08-08T23:57:44+05:30
2021-10-26,SMD-0229,TIINDIA,NSE:TIINDIA-EQ,1391.95,1412.1,1369.1,1392.6,115391,FYERS_HISTORY,2026-08-08T23:57:44+05:30
2021-10-27,SMD-0229,TIINDIA,NSE:TIINDIA-EQ,1398.25,1433.0,1382.25,1422.65,67068,FYERS_HISTORY,2026-08-08T23:57:44+05:30
2021-10-28,SMD-0229,TIINDIA,NSE:TIINDIA-EQ,1455.0,1455.0,1382.0,1397.05,84040,FYERS_HISTORY,2026-08-08T23:57:44+05:30
2021-10-29,SMD-0229,TIINDIA,NSE:TIINDIA-EQ,1376.0,1410.75,1366.0,1396.5,36632,FYERS_HISTORY,2026-08-08T23:57:44+05:30
2021-11-01,SMD-0229,TIINDIA,NSE:TIINDIA-EQ,1415.0,1462.1,1392.45,1445.4,78420,FYERS_HISTORY,2026-08-08T23:57:44+05:30
2021-11-02,SMD-0229,TIINDIA,NSE:TIINDIA-EQ,1443.0,1700.0,1443.0,1657.2,1260588,FYERS_HISTORY,2026-08-08T23:57:44+05:30
2021-11-03,SMD-0229,TIINDIA,NSE:TIINDIA-EQ,1662.0,1679.0,1578.0,1605.85,256319,FYERS_HISTORY,2026-08-08T23:57:44+05:30
2021-11-04,SMD-0229,TIINDIA,NSE:TIINDIA-EQ,1580.0,1675.0,1565.35,1662.7,53997,FYERS_HISTORY,2026-08-08T23:57:44+05:30
2021-11-08,SMD-0229,TIINDIA,NSE:TIINDIA-EQ,1665.0,1729.0,1613.1,1698.8,175672,FYERS_HISTORY,2026-08-08T23:57:44+05:30
2021-11-09,SMD-0229,TIINDIA,NSE:TIINDIA-EQ,1681.0,1716.0,1651.0,1659.15,134738,FYERS_HISTORY,2026-08-08T23:57:44+05:30
2021-11-10,SMD-0229,TIINDIA,NSE:TIINDIA-EQ,1697.95,1716.65,1682.7,1712.7,218740,FYERS_HISTORY,2026-08-08T23:57:44+05:30
2021-11-11,SMD-0229,TIINDIA,NSE:TIINDIA-EQ,1725.0,1728.4,1690.55,1711.1,81192,FYERS_HISTORY,2026-08-08T23:57:44+05:30
2021-11-12,SMD-0229,TIINDIA,NSE:TIINDIA-EQ,1728.0,1798.0,1705.25,1746.05,90689,FYERS_HISTORY,2026-08-08T23:57:44+05:30
2021-11-15,SMD-0229,TIINDIA,NSE:TIINDIA-EQ,1793.7,1793.7,1696.2,1721.0,114769,FYERS_HISTORY,2026-08-08T23:57:44+05:30
2021-11-16,SMD-0229,TIINDIA,NSE:TIINDIA-EQ,1709.0,1725.0,1675.0,1685.95,61081,FYERS_HISTORY,2026-08-08T23:57:44+05:30
2021-11-17,SMD-0229,TIINDIA,NSE:TIINDIA-EQ,1685.0,1761.55,1672.25,1735.4,59712,FYERS_HISTORY,2026-08-08T23:57:44+05:30
2021-11-18,SMD-0229,TIINDIA,NSE:TIINDIA-EQ,1740.0,1750.0,1700.0,1742.15,49956,FYERS_HISTORY,2026-08-08T23:57:44+05:30
2021-11-22,SMD-0229,TIINDIA,NSE:TIINDIA-EQ,1742.15,1754.25,1677.5,1719.35,57726,FYERS_HISTORY,2026-08-08T23:57:44+05:30
2021-11-23,SMD-0229,TIINDIA,NSE:TIINDIA-EQ,1701.5,1728.85,1691.5,1704.15,39636,FYERS_HISTORY,2026-08-08T23:57:44+05:30
2021-11-24,SMD-0229,TIINDIA,NSE:TIINDIA-EQ,1720.0,1745.0,1691.0,1708.15,359759,FYERS_HISTORY,2026-08-08T23:57:44+05:30
2021-11-25,SMD-0229,TIINDIA,NSE:TIINDIA-EQ,1705.0,1717.45,1661.75,1672.9,172039,FYERS_HISTORY,2026-08-08T23:57:44+05:30
2021-11-26,SMD-0229,TIINDIA,NSE:TIINDIA-EQ,1665.0,1665.05,1562.0,1588.3,120966,FYERS_HISTORY,2026-08-08T23:57:44+05:30
2021-11-29,SMD-0229,TIINDIA,NSE:TIINDIA-EQ,1580.1,1598.0,1523.55,1583.15,487337,FYERS_HISTORY,2026-08-08T23:57:44+05:30
2021-11-30,SMD-0229,TIINDIA,NSE:TIINDIA-EQ,1599.9,1644.2,1551.05,1622.55,610203,FYERS_HISTORY,2026-08-08T23:57:44+05:30
2021-12-01,SMD-0229,TIINDIA,NSE:TIINDIA-EQ,1644.35,1680.0,1600.25,1642.35,96656,FYERS_HISTORY,2026-08-08T23:57:44+05:30
2021-12-02,SMD-0229,TIINDIA,NSE:TIINDIA-EQ,1655.0,1710.0,1616.4,1669.6,113781,FYERS_HISTORY,2026-08-08T23:57:44+05:30
2021-12-03,SMD-0229,TIINDIA,NSE:TIINDIA-EQ,1680.0,1700.0,1612.3,1628.6,87326,FYERS_HISTORY,2026-08-08T23:57:44+05:30
2021-12-06,SMD-0229,TIINDIA,NSE:TIINDIA-EQ,1629.9,1650.95,1618.1,1637.65,30297,FYERS_HISTORY,2026-08-08T23:57:44+05:30
2021-12-07,SMD-0229,TIINDIA,NSE:TIINDIA-EQ,1636.0,1690.0,1621.6,1648.0,59560,FYERS_HISTORY,2026-08-08T23:57:44+05:30
2021-12-08,SMD-0229,TIINDIA,NSE:TIINDIA-EQ,1646.0,1687.1,1646.0,1674.3,149661,FYERS_HISTORY,2026-08-08T23:57:44+05:30
2021-12-09,SMD-0229,TIINDIA,NSE:TIINDIA-EQ,1684.0,1684.0,1651.5,1674.45,35613,FYERS_HISTORY,2026-08-08T23:57:44+05:30
2021-12-10,SMD-0229,TIINDIA,NSE:TIINDIA-EQ,1678.0,1678.0,1655.0,1660.85,43446,FYERS_HISTORY,2026-08-08T23:57:44+05:30
2021-12-13,SMD-0229,TIINDIA,NSE:TIINDIA-EQ,1676.65,1731.25,1673.5,1690.0,121569,FYERS_HISTORY,2026-08-08T23:57:44+05:30
2021-12-14,SMD-0229,TIINDIA,NSE:TIINDIA-EQ,1689.7,1689.7,1620.0,1627.75,96323,FYERS_HISTORY,2026-08-08T23:57:44+05:30
2021-12-15,SMD-0229,TIINDIA,NSE:TIINDIA-EQ,1620.6,1641.1,1605.1,1626.75,38973,FYERS_HISTORY,2026-08-08T23:57:44+05:30
2021-12-16,SMD-0229,TIINDIA,NSE:TIINDIA-EQ,1648.95,1657.9,1596.0,1602.5,28303,FYERS_HISTORY,2026-08-08T23:57:44+05:30
2021-12-17,SMD-0229,TIINDIA,NSE:TIINDIA-EQ,1610.9,1610.9,1549.05,1553.15,160028,FYERS_HISTORY,2026-08-08T23:57:44+05:30
2021-12-20,SMD-0229,TIINDIA,NSE:TIINDIA-EQ,1510.1,1589.0,1500.4,1572.85,77001,FYERS_HISTORY,2026-08-08T23:57:44+05:30
2021-12-21,SMD-0229,TIINDIA,NSE:TIINDIA-EQ,1572.0,1635.0,1558.05,1622.55,106978,FYERS_HISTORY,2026-08-08T23:57:44+05:30
2021-12-22,SMD-0229,TIINDIA,NSE:TIINDIA-EQ,1626.0,1661.6,1600.2,1656.55,123704,FYERS_HISTORY,2026-08-08T23:57:44+05:30
2021-12-23,SMD-0229,TIINDIA,NSE:TIINDIA-EQ,1667.4,1754.9,1651.1,1711.85,408994,FYERS_HISTORY,2026-08-08T23:57:44+05:30
2021-12-24,SMD-0229,TIINDIA,NSE:TIINDIA-EQ,1718.0,1720.0,1681.35,1708.05,54944,FYERS_HISTORY,2026-08-08T23:57:44+05:30
2021-12-27,SMD-0229,TIINDIA,NSE:TIINDIA-EQ,1701.0,1722.05,1685.0,1714.45,70913,FYERS_HISTORY,2026-08-08T23:57:45+05:30
2021-12-28,SMD-0229,TIINDIA,NSE:TIINDIA-EQ,1729.0,1754.0,1700.0,1744.9,149440,FYERS_HISTORY,2026-08-08T23:57:45+05:30
2021-12-29,SMD-0229,TIINDIA,NSE:TIINDIA-EQ,1769.0,1769.0,1715.1,1738.45,46374,FYERS_HISTORY,2026-08-08T23:57:45+05:30
2021-12-30,SMD-0229,TIINDIA,NSE:TIINDIA-EQ,1750.0,1768.0,1744.7,1757.4,106775,FYERS_HISTORY,2026-08-08T23:57:45+05:30
2021-12-31,SMD-0229,TIINDIA,NSE:TIINDIA-EQ,1756.95,1780.0,1737.35,1754.8,61980,FYERS_HISTORY,2026-08-08T23:57:45+05:30
2022-01-03,SMD-0229,TIINDIA,NSE:TIINDIA-EQ,1778.0,1929.35,1764.9,1888.6,520657,FYERS_HISTORY,2026-08-08T23:57:45+05:30
2022-01-04,SMD-0229,TIINDIA,NSE:TIINDIA-EQ,1900.0,2024.0,1870.0,1975.1,264517,FYERS_HISTORY,2026-08-08T23:57:45+05:30
2022-01-05,SMD-0229,TIINDIA,NSE:TIINDIA-EQ,2020.5,2025.0,1883.3,1901.3,263145,FYERS_HISTORY,2026-08-08T23:57:45+05:30
2022-01-06,SMD-0229,TIINDIA,NSE:TIINDIA-EQ,1875.5,1880.65,1778.0,1803.55,392151,FYERS_HISTORY,2026-08-08T23:57:45+05:30
2022-01-07,SMD-0229,TIINDIA,NSE:TIINDIA-EQ,1804.7,1823.7,1767.0,1777.25,163296,FYERS_HISTORY,2026-08-08T23:57:45+05:30
2022-01-10,SMD-0229,TIINDIA,NSE:TIINDIA-EQ,1794.95,1828.95,1761.3,1797.8,163730,FYERS_HISTORY,2026-08-08T23:57:45+05:30
2022-01-11,SMD-0229,TIINDIA,NSE:TIINDIA-EQ,1790.1,1807.0,1751.0,1762.65,129819,FYERS_HISTORY,2026-08-08T23:57:45+05:30
2022-01-12,SMD-0229,TIINDIA,NSE:TIINDIA-EQ,1764.0,1859.3,1748.4,1832.5,157395,FYERS_HISTORY,2026-08-08T23:57:45+05:30
2022-01-13,SMD-0229,TIINDIA,NSE:TIINDIA-EQ,1845.0,1857.7,1801.2,1810.15,88527,FYERS_HISTORY,2026-08-08T23:57:45+05:30
2022-01-14,SMD-0229,TIINDIA,NSE:TIINDIA-EQ,1800.0,1830.05,1780.0,1794.85,242825,FYERS_HISTORY,2026-08-08T23:57:45+05:30
2022-01-17,SMD-0229,TIINDIA,NSE:TIINDIA-EQ,1790.1,1817.35,1790.1,1802.1,71942,FYERS_HISTORY,2026-08-08T23:57:45+05:30
2022-01-18,SMD-0229,TIINDIA,NSE:TIINDIA-EQ,1815.0,1815.0,1760.4,1791.05,251059,FYERS_HISTORY,2026-08-08T23:57:45+05:30
2022-01-19,SMD-0229,TIINDIA,NSE:TIINDIA-EQ,1780.0,1802.0,1758.05,1794.45,75186,FYERS_HISTORY,2026-08-08T23:57:45+05:30
2022-01-20,SMD-0229,TIINDIA,NSE:TIINDIA-EQ,1790.0,1810.0,1771.55,1800.15,95646,FYERS_HISTORY,2026-08-08T23:57:45+05:30
2022-01-21,SMD-0229,TIINDIA,NSE:TIINDIA-EQ,1785.0,1805.0,1778.7,1783.0,52976,FYERS_HISTORY,2026-08-08T23:57:45+05:30
2022-01-24,SMD-0229,TIINDIA,NSE:TIINDIA-EQ,1793.4,1793.4,1669.2,1714.6,160368,FYERS_HISTORY,2026-08-08T23:57:45+05:30
2022-01-25,SMD-0229,TIINDIA,NSE:TIINDIA-EQ,1716.1,1716.1,1654.15,1692.5,334437,FYERS_HISTORY,2026-08-08T23:57:45+05:30
2022-01-27,SMD-0229,TIINDIA,NSE:TIINDIA-EQ,1652.35,1742.35,1652.35,1679.8,166122,FYERS_HISTORY,2026-08-08T23:57:45+05:30
2022-01-28,SMD-0229,TIINDIA,NSE:TIINDIA-EQ,1688.6,1708.75,1650.0,1662.5,185701,FYERS_HISTORY,2026-08-08T23:57:45+05:30
2022-01-31,SMD-0229,TIINDIA,NSE:TIINDIA-EQ,1684.7,1715.0,1666.85,1695.35,187726,FYERS_HISTORY,2026-08-08T23:57:45+05:30
2022-02-01,SMD-0229,TIINDIA,NSE:TIINDIA-EQ,1703.0,1703.45,1662.4,1686.75,40460,FYERS_HISTORY,2026-08-08T23:57:45+05:30
2022-02-02,SMD-0229,TIINDIA,NSE:TIINDIA-EQ,1706.55,1758.6,1681.55,1746.65,109351,FYERS_HISTORY,2026-08-08T23:57:45+05:30
2022-02-03,SMD-0229,TIINDIA,NSE:TIINDIA-EQ,1755.8,1819.0,1750.15,1766.4,215440,FYERS_HISTORY,2026-08-08T23:57:45+05:30
2022-02-04,SMD-0229,TIINDIA,NSE:TIINDIA-EQ,1780.85,1819.0,1751.0,1796.5,102063,FYERS_HISTORY,2026-08-08T23:57:45+05:30
2022-02-07,SMD-0229,TIINDIA,NSE:TIINDIA-EQ,1809.4,1866.0,1786.8,1801.7,339336,FYERS_HISTORY,2026-08-08T23:57:45+05:30
2022-02-08,SMD-0229,TIINDIA,NSE:TIINDIA-EQ,1820.0,1824.0,1763.35,1780.05,116291,FYERS_HISTORY,2026-08-08T23:57:45+05:30
2022-02-09,SMD-0229,TIINDIA,NSE:TIINDIA-EQ,1800.0,1803.85,1732.05,1772.65,145646,FYERS_HISTORY,2026-08-08T23:57:45+05:30
2022-02-10,SMD-0229,TIINDIA,NSE:TIINDIA-EQ,1789.9,1789.9,1691.1,1717.9,208483,FYERS_HISTORY,2026-08-08T23:57:45+05:30
2022-02-11,SMD-0229,TIINDIA,NSE:TIINDIA-EQ,1710.0,1717.9,1685.55,1700.2,96196,FYERS_HISTORY,2026-08-08T23:57:45+05:30
2022-02-14,SMD-0229,TIINDIA,NSE:TIINDIA-EQ,1680.0,1684.0,1588.0,1609.15,160469,FYERS_HISTORY,2026-08-08T23:57:45+05:30
2022-02-15,SMD-0229,TIINDIA,NSE:TIINDIA-EQ,1609.15,1701.0,1561.75,1689.0,167069,FYERS_HISTORY,2026-08-08T23:57:45+05:30
2022-02-16,SMD-0229,TIINDIA,NSE:TIINDIA-EQ,1709.0,1709.0,1645.7,1665.65,74883,FYERS_HISTORY,2026-08-08T23:57:45+05:30
2022-02-17,SMD-0229,TIINDIA,NSE:TIINDIA-EQ,1662.0,1676.0,1632.15,1646.35,156907,FYERS_HISTORY,2026-08-08T23:57:45+05:30
2022-02-18,SMD-0229,TIINDIA,NSE:TIINDIA-EQ,1620.1,1646.95,1601.25,1612.4,138558,FYERS_HISTORY,2026-08-08T23:57:45+05:30
2022-02-21,SMD-0229,TIINDIA,NSE:TIINDIA-EQ,1610.0,1673.0,1585.55,1634.35,178492,FYERS_HISTORY,2026-08-08T23:57:45+05:30
2022-02-22,SMD-0229,TIINDIA,NSE:TIINDIA-EQ,1603.0,1679.4,1587.0,1627.55,289080,FYERS_HISTORY,2026-08-08T23:57:45+05:30
2022-02-23,SMD-0229,TIINDIA,NSE:TIINDIA-EQ,1630.0,1630.0,1552.0,1574.1,312763,FYERS_HISTORY,2026-08-08T23:57:45+05:30
2022-02-24,SMD-0229,TIINDIA,NSE:TIINDIA-EQ,1519.7,1532.85,1478.5,1507.8,416257,FYERS_HISTORY,2026-08-08T23:57:45+05:30
2022-02-25,SMD-0229,TIINDIA,NSE:TIINDIA-EQ,1548.0,1604.75,1514.0,1547.9,237037,FYERS_HISTORY,2026-08-08T23:57:45+05:30
2022-02-28,SMD-0229,TIINDIA,NSE:TIINDIA-EQ,1531.0,1575.0,1492.2,1514.45,618398,FYERS_HISTORY,2026-08-08T23:57:45+05:30
2022-03-02,SMD-0229,TIINDIA,NSE:TIINDIA-EQ,1514.55,1535.7,1499.0,1516.25,661570,FYERS_HISTORY,2026-08-08T23:57:45+05:30
2022-03-03,SMD-0229,TIINDIA,NSE:TIINDIA-EQ,1518.0,1541.85,1502.5,1519.8,216125,FYERS_HISTORY,2026-08-08T23:57:45+05:30
2022-03-04,SMD-0229,TIINDIA,NSE:TIINDIA-EQ,1508.0,1518.3,1478.5,1493.1,95756,FYERS_HISTORY,2026-08-08T23:57:45+05:30
2022-03-07,SMD-0229,TIINDIA,NSE:TIINDIA-EQ,1488.0,1522.0,1463.0,1512.6,165941,FYERS_HISTORY,2026-08-08T23:57:45+05:30
2022-03-08,SMD-0229,TIINDIA,NSE:TIINDIA-EQ,1519.4,1520.55,1447.85,1461.55,221463,FYERS_HISTORY,2026-08-08T23:57:45+05:30
2022-03-09,SMD-0229,TIINDIA,NSE:TIINDIA-EQ,1460.0,1510.0,1441.95,1503.55,179715,FYERS_HISTORY,2026-08-08T23:57:45+05:30
2022-03-10,SMD-0229,TIINDIA,NSE:TIINDIA-EQ,1519.9,1578.5,1510.05,1572.95,146930,FYERS_HISTORY,2026-08-08T23:57:45+05:30
2022-03-11,SMD-0229,TIINDIA,NSE:TIINDIA-EQ,1562.9,1575.95,1523.15,1554.95,230032,FYERS_HISTORY,2026-08-08T23:57:45+05:30
2022-03-14,SMD-0229,TIINDIA,NSE:TIINDIA-EQ,1550.25,1584.95,1547.75,1566.95,224942,FYERS_HISTORY,2026-08-08T23:57:45+05:30
2022-03-15,SMD-0229,TIINDIA,NSE:TIINDIA-EQ,1566.95,1566.95,1456.5,1471.9,551294,FYERS_HISTORY,2026-08-08T23:57:45+05:30
2022-03-16,SMD-0229,TIINDIA,NSE:TIINDIA-EQ,1482.0,1534.9,1482.0,1530.5,899224,FYERS_HISTORY,2026-08-08T23:57:45+05:30
2022-03-17,SMD-0229,TIINDIA,NSE:TIINDIA-EQ,1535.0,1558.0,1496.0,1540.4,1315161,FYERS_HISTORY,2026-08-08T23:57:45+05:30
2022-03-21,SMD-0229,TIINDIA,NSE:TIINDIA-EQ,1540.4,1582.75,1540.4,1574.8,517318,FYERS_HISTORY,2026-08-08T23:57:45+05:30
2022-03-22,SMD-0229,TIINDIA,NSE:TIINDIA-EQ,1587.8,1618.05,1572.95,1610.0,130892,FYERS_HISTORY,2026-08-08T23:57:45+05:30
2022-03-23,SMD-0229,TIINDIA,NSE:TIINDIA-EQ,1619.0,1627.95,1566.15,1578.2,86632,FYERS_HISTORY,2026-08-08T23:57:45+05:30
2022-03-24,SMD-0229,TIINDIA,NSE:TIINDIA-EQ,1576.7,1625.5,1571.25,1611.4,278455,FYERS_HISTORY,2026-08-08T23:57:45+05:30
2022-03-25,SMD-0229,TIINDIA,NSE:TIINDIA-EQ,1622.0,1632.45,1587.0,1598.75,80967,FYERS_HISTORY,2026-08-08T23:57:45+05:30
2022-03-28,SMD-0229,TIINDIA,NSE:TIINDIA-EQ,1609.0,1684.95,1589.55,1670.65,322278,FYERS_HISTORY,2026-08-08T23:57:45+05:30
2022-03-29,SMD-0229,TIINDIA,NSE:TIINDIA-EQ,1674.0,1683.0,1630.5,1643.2,166840,FYERS_HISTORY,2026-08-08T23:57:45+05:30
2022-03-30,SMD-0229,TIINDIA,NSE:TIINDIA-EQ,1664.0,1682.0,1647.75,1663.65,98399,FYERS_HISTORY,2026-08-08T23:57:45+05:30
2022-03-31,SMD-0229,TIINDIA,NSE:TIINDIA-EQ,1679.85,1689.9,1602.4,1624.7,275729,FYERS_HISTORY,2026-08-08T23:57:45+05:30
2022-04-01,SMD-0229,TIINDIA,NSE:TIINDIA-EQ,1624.85,1659.35,1603.95,1614.9,551256,FYERS_HISTORY,2026-08-08T23:57:45+05:30
2022-04-04,SMD-0229,TIINDIA,NSE:TIINDIA-EQ,1623.4,1637.25,1602.05,1612.55,71480,FYERS_HISTORY,2026-08-08T23:57:45+05:30
2022-04-05,SMD-0229,TIINDIA,NSE:TIINDIA-EQ,1620.0,1714.0,1615.0,1699.8,373721,FYERS_HISTORY,2026-08-08T23:57:45+05:30
2022-04-06,SMD-0229,TIINDIA,NSE:TIINDIA-EQ,1700.0,1702.0,1655.1,1681.1,145793,FYERS_HISTORY,2026-08-08T23:57:45+05:30
2022-04-07,SMD-0229,TIINDIA,NSE:TIINDIA-EQ,1694.7,1694.7,1640.0,1645.2,85713,FYERS_HISTORY,2026-08-08T23:57:45+05:30
2022-04-08,SMD-0229,TIINDIA,NSE:TIINDIA-EQ,1677.0,1677.0,1635.9,1669.8,53942,FYERS_HISTORY,2026-08-08T23:57:45+05:30
2022-04-11,SMD-0229,TIINDIA,NSE:TIINDIA-EQ,1669.8,1764.55,1669.8,1739.6,171692,FYERS_HISTORY,2026-08-08T23:57:45+05:30
2022-04-12,SMD-0229,TIINDIA,NSE:TIINDIA-EQ,1727.0,1782.0,1700.6,1769.3,75941,FYERS_HISTORY,2026-08-08T23:57:45+05:30
2022-04-13,SMD-0229,TIINDIA,NSE:TIINDIA-EQ,1778.0,1778.0,1733.25,1744.15,44169,FYERS_HISTORY,2026-08-08T23:57:45+05:30
2022-04-18,SMD-0229,TIINDIA,NSE:TIINDIA-EQ,1748.55,1748.55,1634.95,1650.8,111078,FYERS_HISTORY,2026-08-08T23:57:45+05:30
2022-04-19,SMD-0229,TIINDIA,NSE:TIINDIA-EQ,1669.0,1684.95,1660.2,1677.3,74570,FYERS_HISTORY,2026-08-08T23:57:45+05:30
2022-04-20,SMD-0229,TIINDIA,NSE:TIINDIA-EQ,1683.35,1750.0,1683.0,1728.55,282622,FYERS_HISTORY,2026-08-08T23:57:45+05:30
2022-04-21,SMD-0229,TIINDIA,NSE:TIINDIA-EQ,1749.0,1780.0,1730.2,1770.6,79471,FYERS_HISTORY,2026-08-08T23:57:45+05:30
2022-04-22,SMD-0229,TIINDIA,NSE:TIINDIA-EQ,1769.7,1769.7,1716.5,1750.0,66185,FYERS_HISTORY,2026-08-08T23:57:45+05:30
2022-04-25,SMD-0229,TIINDIA,NSE:TIINDIA-EQ,1738.0,1864.9,1736.5,1822.3,850552,FYERS_HISTORY,2026-08-08T23:57:45+05:30
2022-04-26,SMD-0229,TIINDIA,NSE:TIINDIA-EQ,1844.0,1876.7,1827.55,1870.15,977201,FYERS_HISTORY,2026-08-08T23:57:45+05:30
2022-04-27,SMD-0229,TIINDIA,NSE:TIINDIA-EQ,1860.0,1890.0,1827.5,1833.1,107180,FYERS_HISTORY,2026-08-08T23:57:45+05:30
2022-04-28,SMD-0229,TIINDIA,NSE:TIINDIA-EQ,1826.1,1860.25,1813.0,1849.4,36555,FYERS_HISTORY,2026-08-08T23:57:45+05:30
2022-04-29,SMD-0229,TIINDIA,NSE:TIINDIA-EQ,1872.9,1883.65,1845.05,1865.65,60438,FYERS_HISTORY,2026-08-08T23:57:45+05:30
2022-05-02,SMD-0229,TIINDIA,NSE:TIINDIA-EQ,1865.65,1906.7,1838.0,1845.45,217649,FYERS_HISTORY,2026-08-08T23:57:45+05:30
2022-05-04,SMD-0229,TIINDIA,NSE:TIINDIA-EQ,1833.0,1885.0,1828.0,1862.5,99353,FYERS_HISTORY,2026-08-08T23:57:45+05:30
2022-05-05,SMD-0229,TIINDIA,NSE:TIINDIA-EQ,1862.5,1900.0,1858.0,1879.4,97637,FYERS_HISTORY,2026-08-08T23:57:45+05:30
2022-05-06,SMD-0229,TIINDIA,NSE:TIINDIA-EQ,1853.0,1853.0,1802.2,1822.45,248639,FYERS_HISTORY,2026-08-08T23:57:45+05:30
2022-05-09,SMD-0229,TIINDIA,NSE:TIINDIA-EQ,1798.0,1828.7,1785.05,1811.75,38357,FYERS_HISTORY,2026-08-08T23:57:45+05:30
2022-05-10,SMD-0229,TIINDIA,NSE:TIINDIA-EQ,1795.3,1849.0,1770.1,1804.0,151768,FYERS_HISTORY,2026-08-08T23:57:45+05:30
2022-05-11,SMD-0229,TIINDIA,NSE:TIINDIA-EQ,1775.0,1806.95,1638.15,1666.6,93974,FYERS_HISTORY,2026-08-08T23:57:45+05:30
2022-05-12,SMD-0229,TIINDIA,NSE:TIINDIA-EQ,1650.05,1692.0,1575.05,1635.0,71660,FYERS_HISTORY,2026-08-08T23:57:45+05:30
2022-05-13,SMD-0229,TIINDIA,NSE:TIINDIA-EQ,1606.35,1755.0,1606.35,1725.0,188868,FYERS_HISTORY,2026-08-08T23:57:45+05:30
2022-05-16,SMD-0229,TIINDIA,NSE:TIINDIA-EQ,1729.9,1780.15,1716.2,1729.15,42949,FYERS_HISTORY,2026-08-08T23:57:45+05:30
2022-05-17,SMD-0229,TIINDIA,NSE:TIINDIA-EQ,1713.4,1738.3,1683.2,1692.9,48202,FYERS_HISTORY,2026-08-08T23:57:45+05:30
2022-05-18,SMD-0229,TIINDIA,NSE:TIINDIA-EQ,1681.2,1697.1,1658.0,1669.3,1616770,FYERS_HISTORY,2026-08-08T23:57:45+05:30
2022-05-19,SMD-0229,TIINDIA,NSE:TIINDIA-EQ,1630.3,1665.0,1610.0,1612.95,23447,FYERS_HISTORY,2026-08-08T23:57:45+05:30
2022-05-20,SMD-0229,TIINDIA,NSE:TIINDIA-EQ,1621.4,1677.15,1612.55,1629.7,36328,FYERS_HISTORY,2026-08-08T23:57:45+05:30
2022-05-23,SMD-0229,TIINDIA,NSE:TIINDIA-EQ,1631.0,1643.7,1567.0,1579.4,51433,FYERS_HISTORY,2026-08-08T23:57:45+05:30
2022-05-24,SMD-0229,TIINDIA,NSE:TIINDIA-EQ,1580.1,1583.2,1514.4,1539.95,52574,FYERS_HISTORY,2026-08-08T23:57:45+05:30
2022-05-25,SMD-0229,TIINDIA,NSE:TIINDIA-EQ,1545.95,1573.95,1496.1,1552.4,149913,FYERS_HISTORY,2026-08-08T23:57:45+05:30
2022-05-26,SMD-0229,TIINDIA,NSE:TIINDIA-EQ,1560.6,1612.0,1513.05,1593.1,50884,FYERS_HISTORY,2026-08-08T23:57:45+05:30
2022-05-27,SMD-0229,TIINDIA,NSE:TIINDIA-EQ,1596.0,1659.75,1578.6,1590.7,82309,FYERS_HISTORY,2026-08-08T23:57:45+05:30
2022-05-30,SMD-0229,TIINDIA,NSE:TIINDIA-EQ,1610.0,1645.0,1590.0,1600.4,71985,FYERS_HISTORY,2026-08-08T23:57:45+05:30
2022-05-31,SMD-0229,TIINDIA,NSE:TIINDIA-EQ,1604.1,1613.85,1568.15,1570.35,890305,FYERS_HISTORY,2026-08-08T23:57:45+05:30
2022-06-01,SMD-0229,TIINDIA,NSE:TIINDIA-EQ,1560.15,1612.05,1560.15,1599.95,101949,FYERS_HISTORY,2026-08-08T23:57:45+05:30
2022-06-02,SMD-0229,TIINDIA,NSE:TIINDIA-EQ,1603.9,1608.4,1575.1,1580.0,95382,FYERS_HISTORY,2026-08-08T23:57:45+05:30
2022-06-03,SMD-0229,TIINDIA,NSE:TIINDIA-EQ,1581.1,1601.6,1550.1,1566.6,59543,FYERS_HISTORY,2026-08-08T23:57:45+05:30
2022-06-06,SMD-0229,TIINDIA,NSE:TIINDIA-EQ,1568.1,1581.3,1547.0,1566.25,54181,FYERS_HISTORY,2026-08-08T23:57:45+05:30
2022-06-07,SMD-0229,TIINDIA,NSE:TIINDIA-EQ,1569.95,1578.85,1531.0,1550.8,287773,FYERS_HISTORY,2026-08-08T23:57:45+05:30
2022-06-08,SMD-0229,TIINDIA,NSE:TIINDIA-EQ,1551.05,1590.65,1543.6,1553.2,29422,FYERS_HISTORY,2026-08-08T23:57:45+05:30
2022-06-09,SMD-0229,TIINDIA,NSE:TIINDIA-EQ,1548.3,1548.3,1515.0,1525.4,339308,FYERS_HISTORY,2026-08-08T23:57:45+05:30
2022-06-10,SMD-0229,TIINDIA,NSE:TIINDIA-EQ,1508.5,1525.5,1508.3,1521.1,63378,FYERS_HISTORY,2026-08-08T23:57:45+05:30
2022-06-13,SMD-0229,TIINDIA,NSE:TIINDIA-EQ,1514.0,1522.8,1492.0,1498.15,57138,FYERS_HISTORY,2026-08-08T23:57:45+05:30
2022-06-14,SMD-0229,TIINDIA,NSE:TIINDIA-EQ,1506.0,1536.95,1488.0,1524.45,356088,FYERS_HISTORY,2026-08-08T23:57:45+05:30
2022-06-15,SMD-0229,TIINDIA,NSE:TIINDIA-EQ,1524.45,1574.0,1524.45,1554.15,76142,FYERS_HISTORY,2026-08-08T23:57:45+05:30
2022-06-16,SMD-0229,TIINDIA,NSE:TIINDIA-EQ,1542.0,1568.45,1505.35,1516.5,98921,FYERS_HISTORY,2026-08-08T23:57:45+05:30
2022-06-17,SMD-0229,TIINDIA,NSE:TIINDIA-EQ,1492.2,1524.0,1465.0,1487.5,800006,FYERS_HISTORY,2026-08-08T23:57:45+05:30
2022-06-20,SMD-0229,TIINDIA,NSE:TIINDIA-EQ,1484.7,1560.0,1457.6,1548.2,119257,FYERS_HISTORY,2026-08-08T23:57:45+05:30
2022-06-21,SMD-0229,TIINDIA,NSE:TIINDIA-EQ,1534.1,1564.0,1534.1,1550.85,66247,FYERS_HISTORY,2026-08-08T23:57:45+05:30
2022-06-22,SMD-0229,TIINDIA,NSE:TIINDIA-EQ,1550.85,1556.55,1503.0,1513.7,42324,FYERS_HISTORY,2026-08-08T23:57:45+05:30
2022-06-23,SMD-0229,TIINDIA,NSE:TIINDIA-EQ,1518.0,1530.75,1491.0,1515.2,45741,FYERS_HISTORY,2026-08-08T23:57:45+05:30
2022-06-24,SMD-0229,TIINDIA,NSE:TIINDIA-EQ,1530.0,1596.0,1530.0,1588.65,329604,FYERS_HISTORY,2026-08-08T23:57:45+05:30
2022-06-27,SMD-0229,TIINDIA,NSE:TIINDIA-EQ,1620.0,1658.95,1600.0,1632.8,934396,FYERS_HISTORY,2026-08-08T23:57:45+05:30
2022-06-28,SMD-0229,TIINDIA,NSE:TIINDIA-EQ,1632.8,1790.0,1623.85,1753.8,169886,FYERS_HISTORY,2026-08-08T23:57:45+05:30
2022-06-29,SMD-0229,TIINDIA,NSE:TIINDIA-EQ,1740.1,1850.0,1710.0,1798.8,235479,FYERS_HISTORY,2026-08-08T23:57:45+05:30
2022-06-30,SMD-0229,TIINDIA,NSE:TIINDIA-EQ,1809.0,1858.9,1756.3,1841.3,188473,FYERS_HISTORY,2026-08-08T23:57:45+05:30
2022-07-01,SMD-0229,TIINDIA,NSE:TIINDIA-EQ,1803.7,1835.0,1751.0,1764.9,88311,FYERS_HISTORY,2026-08-08T23:57:45+05:30
2022-07-04,SMD-0229,TIINDIA,NSE:TIINDIA-EQ,1750.0,1784.9,1729.25,1746.25,146565,FYERS_HISTORY,2026-08-08T23:57:45+05:30
2022-07-05,SMD-0229,TIINDIA,NSE:TIINDIA-EQ,1735.0,1834.0,1735.0,1820.25,99694,FYERS_HISTORY,2026-08-08T23:57:45+05:30
2022-07-06,SMD-0229,TIINDIA,NSE:TIINDIA-EQ,1831.0,1999.0,1825.0,1975.75,684821,FYERS_HISTORY,2026-08-08T23:57:45+05:30
2022-07-07,SMD-0229,TIINDIA,NSE:TIINDIA-EQ,1994.7,2057.8,1989.1,2010.1,611072,FYERS_HISTORY,2026-08-08T23:57:45+05:30
2022-07-08,SMD-0229,TIINDIA,NSE:TIINDIA-EQ,2020.0,2055.0,1992.0,2013.1,335643,FYERS_HISTORY,2026-08-08T23:57:45+05:30
2022-07-11,SMD-0229,TIINDIA,NSE:TIINDIA-EQ,2005.8,2095.0,1960.1,2056.4,227178,FYERS_HISTORY,2026-08-08T23:57:45+05:30
2022-07-12,SMD-0229,TIINDIA,NSE:TIINDIA-EQ,2040.0,2041.85,1961.65,1991.5,261711,FYERS_HISTORY,2026-08-08T23:57:45+05:30
2022-07-13,SMD-0229,TIINDIA,NSE:TIINDIA-EQ,1994.25,2015.0,1965.45,1991.3,142328,FYERS_HISTORY,2026-08-08T23:57:45+05:30
2022-07-14,SMD-0229,TIINDIA,NSE:TIINDIA-EQ,1992.0,2042.4,1960.0,1991.0,176863,FYERS_HISTORY,2026-08-08T23:57:45+05:30
2022-07-15,SMD-0229,TIINDIA,NSE:TIINDIA-EQ,1987.0,2024.95,1985.0,1999.3,122938,FYERS_HISTORY,2026-08-08T23:57:45+05:30
2022-07-18,SMD-0229,TIINDIA,NSE:TIINDIA-EQ,2028.85,2030.95,1999.45,2014.8,171920,FYERS_HISTORY,2026-08-08T23:57:45+05:30
2022-07-19,SMD-0229,TIINDIA,NSE:TIINDIA-EQ,2024.9,2319.0,2024.85,2263.75,1898045,FYERS_HISTORY,2026-08-08T23:57:45+05:30
2022-07-20,SMD-0229,TIINDIA,NSE:TIINDIA-EQ,2249.0,2354.0,2150.25,2194.9,1157619,FYERS_HISTORY,2026-08-08T23:57:45+05:30
2022-07-21,SMD-0229,TIINDIA,NSE:TIINDIA-EQ,2200.25,2360.0,2172.0,2191.25,1114161,FYERS_HISTORY,2026-08-08T23:57:45+05:30
2022-07-22,SMD-0229,TIINDIA,NSE:TIINDIA-EQ,2191.0,2205.5,2125.55,2150.6,458240,FYERS_HISTORY,2026-08-08T23:57:45+05:30
2022-07-25,SMD-0229,TIINDIA,NSE:TIINDIA-EQ,2135.0,2160.0,2098.15,2128.25,660120,FYERS_HISTORY,2026-08-08T23:57:45+05:30
2022-07-26,SMD-0229,TIINDIA,NSE:TIINDIA-EQ,2136.0,2164.0,2112.0,2149.45,268909,FYERS_HISTORY,2026-08-08T23:57:45+05:30
2022-07-27,SMD-0229,TIINDIA,NSE:TIINDIA-EQ,2158.75,2158.75,2086.85,2107.85,134101,FYERS_HISTORY,2026-08-08T23:57:45+05:30
2022-07-28,SMD-0229,TIINDIA,NSE:TIINDIA-EQ,2139.4,2139.4,2081.2,2095.7,253359,FYERS_HISTORY,2026-08-08T23:57:45+05:30
2022-07-29,SMD-0229,TIINDIA,NSE:TIINDIA-EQ,2119.7,2119.95,2072.0,2082.0,228812,FYERS_HISTORY,2026-08-08T23:57:45+05:30
2022-08-01,SMD-0229,TIINDIA,NSE:TIINDIA-EQ,2100.0,2100.0,1996.0,2023.0,271350,FYERS_HISTORY,2026-08-08T23:57:45+05:30
2022-08-02,SMD-0229,TIINDIA,NSE:TIINDIA-EQ,2023.6,2101.55,1981.0,2079.6,913111,FYERS_HISTORY,2026-08-08T23:57:45+05:30
2022-08-03,SMD-0229,TIINDIA,NSE:TIINDIA-EQ,2088.8,2126.8,2065.0,2116.65,377231,FYERS_HISTORY,2026-08-08T23:57:45+05:30
2022-08-04,SMD-0229,TIINDIA,NSE:TIINDIA-EQ,2129.0,2247.65,2125.25,2219.5,771693,FYERS_HISTORY,2026-08-08T23:57:45+05:30
2022-08-05,SMD-0229,TIINDIA,NSE:TIINDIA-EQ,2210.0,2398.0,2205.35,2306.75,788679,FYERS_HISTORY,2026-08-08T23:57:45+05:30
2022-08-08,SMD-0229,TIINDIA,NSE:TIINDIA-EQ,2272.15,2355.9,2206.05,2325.55,331631,FYERS_HISTORY,2026-08-08T23:57:45+05:30
2022-08-10,SMD-0229,TIINDIA,NSE:TIINDIA-EQ,2329.0,2364.95,2271.15,2318.55,279212,FYERS_HISTORY,2026-08-08T23:57:45+05:30
2022-08-11,SMD-0229,TIINDIA,NSE:TIINDIA-EQ,2348.0,2348.0,2220.2,2241.65,222822,FYERS_HISTORY,2026-08-08T23:57:45+05:30
2022-08-12,SMD-0229,TIINDIA,NSE:TIINDIA-EQ,2255.4,2255.4,2231.0,2239.4,118592,FYERS_HISTORY,2026-08-08T23:57:45+05:30
2022-08-16,SMD-0229,TIINDIA,NSE:TIINDIA-EQ,2250.0,2250.0,2184.15,2222.5,155312,FYERS_HISTORY,2026-08-08T23:57:45+05:30
2022-08-17,SMD-0229,TIINDIA,NSE:TIINDIA-EQ,2239.0,2240.0,2207.95,2234.25,130976,FYERS_HISTORY,2026-08-08T23:57:45+05:30
2022-08-18,SMD-0229,TIINDIA,NSE:TIINDIA-EQ,2231.85,2234.0,2154.05,2168.95,181642,FYERS_HISTORY,2026-08-08T23:57:45+05:30
2022-08-19,SMD-0229,TIINDIA,NSE:TIINDIA-EQ,2186.05,2200.0,2150.0,2172.7,110734,FYERS_HISTORY,2026-08-08T23:57:45+05:30
2022-08-22,SMD-0229,TIINDIA,NSE:TIINDIA-EQ,2172.55,2172.7,2065.15,2112.35,275977,FYERS_HISTORY,2026-08-08T23:57:45+05:30
2022-08-23,SMD-0229,TIINDIA,NSE:TIINDIA-EQ,2090.0,2166.25,2081.2,2093.45,245449,FYERS_HISTORY,2026-08-08T23:57:45+05:30
2022-08-24,SMD-0229,TIINDIA,NSE:TIINDIA-EQ,2104.5,2120.0,2034.05,2059.8,404267,FYERS_HISTORY,2026-08-08T23:57:45+05:30
2022-08-25,SMD-0229,TIINDIA,NSE:TIINDIA-EQ,2065.0,2105.85,2052.05,2093.9,273819,FYERS_HISTORY,2026-08-08T23:57:45+05:30
2022-08-26,SMD-0229,TIINDIA,NSE:TIINDIA-EQ,2105.0,2174.0,2061.0,2150.35,360606,FYERS_HISTORY,2026-08-08T23:57:45+05:30
2022-08-29,SMD-0229,TIINDIA,NSE:TIINDIA-EQ,2061.0,2167.7,2061.0,2153.5,322333,FYERS_HISTORY,2026-08-08T23:57:45+05:30
2022-08-30,SMD-0229,TIINDIA,NSE:TIINDIA-EQ,2184.0,2283.9,2177.0,2263.9,432702,FYERS_HISTORY,2026-08-08T23:57:45+05:30
2022-09-01,SMD-0229,TIINDIA,NSE:TIINDIA-EQ,2262.9,2277.0,2211.25,2261.15,382303,FYERS_HISTORY,2026-08-08T23:57:45+05:30
2022-09-02,SMD-0229,TIINDIA,NSE:TIINDIA-EQ,2284.0,2324.9,2265.3,2292.3,338625,FYERS_HISTORY,2026-08-08T23:57:45+05:30
2022-09-05,SMD-0229,TIINDIA,NSE:TIINDIA-EQ,2313.2,2515.0,2295.05,2487.85,1079085,FYERS_HISTORY,2026-08-08T23:57:45+05:30
2022-09-06,SMD-0229,TIINDIA,NSE:TIINDIA-EQ,2525.0,2570.0,2480.0,2515.1,1014317,FYERS_HISTORY,2026-08-08T23:57:45+05:30
2022-09-07,SMD-0229,TIINDIA,NSE:TIINDIA-EQ,2501.7,2629.0,2468.7,2587.9,753657,FYERS_HISTORY,2026-08-08T23:57:45+05:30
2022-09-08,SMD-0229,TIINDIA,NSE:TIINDIA-EQ,2614.0,2668.0,2575.0,2623.6,718168,FYERS_HISTORY,2026-08-08T23:57:45+05:30
2022-09-09,SMD-0229,TIINDIA,NSE:TIINDIA-EQ,2634.9,2768.0,2615.0,2745.2,859488,FYERS_HISTORY,2026-08-08T23:57:45+05:30
2022-09-12,SMD-0229,TIINDIA,NSE:TIINDIA-EQ,2725.0,2823.0,2705.3,2735.65,535041,FYERS_HISTORY,2026-08-08T23:57:45+05:30
2022-09-13,SMD-0229,TIINDIA,NSE:TIINDIA-EQ,2745.0,2745.0,2642.0,2649.65,531868,FYERS_HISTORY,2026-08-08T23:57:45+05:30
2022-09-14,SMD-0229,TIINDIA,NSE:TIINDIA-EQ,2649.0,2654.6,2613.55,2623.85,486859,FYERS_HISTORY,2026-08-08T23:57:45+05:30
2022-09-15,SMD-0229,TIINDIA,NSE:TIINDIA-EQ,2638.0,2667.5,2633.1,2649.25,396020,FYERS_HISTORY,2026-08-08T23:57:45+05:30
2022-09-16,SMD-0229,TIINDIA,NSE:TIINDIA-EQ,2651.9,2673.9,2510.0,2567.85,487145,FYERS_HISTORY,2026-08-08T23:57:45+05:30
2022-09-19,SMD-0229,TIINDIA,NSE:TIINDIA-EQ,2572.8,2584.35,2485.0,2559.1,243441,FYERS_HISTORY,2026-08-08T23:57:45+05:30
2022-09-20,SMD-0229,TIINDIA,NSE:TIINDIA-EQ,2581.4,2750.0,2572.5,2718.85,771633,FYERS_HISTORY,2026-08-08T23:57:45+05:30
2022-09-21,SMD-0229,TIINDIA,NSE:TIINDIA-EQ,2700.0,2770.0,2685.45,2742.65,365271,FYERS_HISTORY,2026-08-08T23:57:45+05:30
2022-09-22,SMD-0229,TIINDIA,NSE:TIINDIA-EQ,2725.0,2794.7,2684.8,2738.25,309920,FYERS_HISTORY,2026-08-08T23:57:45+05:30
2022-09-23,SMD-0229,TIINDIA,NSE:TIINDIA-EQ,2752.7,2855.0,2726.4,2772.35,502732,FYERS_HISTORY,2026-08-08T23:57:45+05:30
2022-09-26,SMD-0229,TIINDIA,NSE:TIINDIA-EQ,2737.75,2794.4,2640.0,2672.15,315934,FYERS_HISTORY,2026-08-08T23:57:45+05:30
2022-09-27,SMD-0229,TIINDIA,NSE:TIINDIA-EQ,2711.25,2718.3,2476.0,2577.7,868099,FYERS_HISTORY,2026-08-08T23:57:45+05:30
2022-09-28,SMD-0229,TIINDIA,NSE:TIINDIA-EQ,2590.0,2715.0,2506.8,2641.9,423902,FYERS_HISTORY,2026-08-08T23:57:45+05:30
2022-09-29,SMD-0229,TIINDIA,NSE:TIINDIA-EQ,2655.0,2681.25,2540.0,2583.95,431025,FYERS_HISTORY,2026-08-08T23:57:45+05:30
2022-09-30,SMD-0229,TIINDIA,NSE:TIINDIA-EQ,2592.35,2784.0,2583.0,2744.35,433889,FYERS_HISTORY,2026-08-08T23:57:45+05:30
2022-10-03,SMD-0229,TIINDIA,NSE:TIINDIA-EQ,2709.0,2784.95,2678.05,2699.45,252082,FYERS_HISTORY,2026-08-08T23:57:45+05:30
2022-10-04,SMD-0229,TIINDIA,NSE:TIINDIA-EQ,2725.0,2764.0,2718.75,2753.8,371199,FYERS_HISTORY,2026-08-08T23:57:45+05:30
2022-10-06,SMD-0229,TIINDIA,NSE:TIINDIA-EQ,2773.9,2782.0,2736.65,2763.95,430018,FYERS_HISTORY,2026-08-08T23:57:45+05:30
2022-10-07,SMD-0229,TIINDIA,NSE:TIINDIA-EQ,2769.0,2775.0,2721.05,2745.55,216957,FYERS_HISTORY,2026-08-08T23:57:45+05:30
2022-10-10,SMD-0229,TIINDIA,NSE:TIINDIA-EQ,2720.0,2804.1,2699.95,2722.4,241172,FYERS_HISTORY,2026-08-08T23:57:45+05:30
2022-10-11,SMD-0229,TIINDIA,NSE:TIINDIA-EQ,2713.0,2729.55,2644.55,2682.9,190083,FYERS_HISTORY,2026-08-08T23:57:45+05:30
2022-10-12,SMD-0229,TIINDIA,NSE:TIINDIA-EQ,2696.0,2699.85,2621.85,2648.8,159708,FYERS_HISTORY,2026-08-08T23:57:45+05:30
2022-10-13,SMD-0229,TIINDIA,NSE:TIINDIA-EQ,2640.0,2676.45,2624.8,2666.35,203213,FYERS_HISTORY,2026-08-08T23:57:45+05:30
2022-10-14,SMD-0229,TIINDIA,NSE:TIINDIA-EQ,2688.0,2732.65,2633.95,2643.9,219094,FYERS_HISTORY,2026-08-08T23:57:45+05:30
2022-10-17,SMD-0229,TIINDIA,NSE:TIINDIA-EQ,2621.1,2714.55,2595.0,2669.3,364729,FYERS_HISTORY,2026-08-08T23:57:45+05:30
2022-10-18,SMD-0229,TIINDIA,NSE:TIINDIA-EQ,2678.0,2779.9,2669.4,2760.75,375284,FYERS_HISTORY,2026-08-08T23:57:45+05:30
2022-10-19,SMD-0229,TIINDIA,NSE:TIINDIA-EQ,2775.3,2881.9,2757.1,2832.6,617164,FYERS_HISTORY,2026-08-08T23:57:45+05:30
2022-10-20,SMD-0229,TIINDIA,NSE:TIINDIA-EQ,2800.0,2844.0,2595.25,2793.15,633667,FYERS_HISTORY,2026-08-08T23:57:45+05:30
2022-10-21,SMD-0229,TIINDIA,NSE:TIINDIA-EQ,2812.85,2823.5,2661.0,2707.05,387956,FYERS_HISTORY,2026-08-08T23:57:45+05:30
2022-10-24,SMD-0229,TIINDIA,NSE:TIINDIA-EQ,2737.0,2737.8,2709.2,2720.5,19224,FYERS_HISTORY,2026-08-08T23:57:45+05:30
2022-10-25,SMD-0229,TIINDIA,NSE:TIINDIA-EQ,2727.0,2870.0,2701.1,2829.9,847884,FYERS_HISTORY,2026-08-08T23:57:45+05:30
2022-10-27,SMD-0229,TIINDIA,NSE:TIINDIA-EQ,2840.0,2862.7,2725.0,2737.4,486496,FYERS_HISTORY,2026-08-08T23:57:45+05:30
2022-10-28,SMD-0229,TIINDIA,NSE:TIINDIA-EQ,2744.0,2748.85,2634.2,2668.3,215959,FYERS_HISTORY,2026-08-08T23:57:45+05:30
2022-10-31,SMD-0229,TIINDIA,NSE:TIINDIA-EQ,2675.0,2783.85,2671.75,2743.25,206683,FYERS_HISTORY,2026-08-08T23:57:45+05:30
2022-11-01,SMD-0229,TIINDIA,NSE:TIINDIA-EQ,2735.0,2828.0,2731.4,2797.8,334608,FYERS_HISTORY,2026-08-08T23:57:45+05:30
2022-11-02,SMD-0229,TIINDIA,NSE:TIINDIA-EQ,2805.0,2870.0,2765.05,2843.45,706997,FYERS_HISTORY,2026-08-08T23:57:45+05:30
2022-11-03,SMD-0229,TIINDIA,NSE:TIINDIA-EQ,2840.0,2936.65,2820.0,2866.6,699800,FYERS_HISTORY,2026-08-08T23:57:45+05:30
2022-11-04,SMD-0229,TIINDIA,NSE:TIINDIA-EQ,2860.0,2915.0,2858.7,2885.05,411464,FYERS_HISTORY,2026-08-08T23:57:45+05:30
2022-11-07,SMD-0229,TIINDIA,NSE:TIINDIA-EQ,2900.0,2969.85,2830.1,2879.75,574006,FYERS_HISTORY,2026-08-08T23:57:45+05:30
2022-11-09,SMD-0229,TIINDIA,NSE:TIINDIA-EQ,2898.0,2913.6,2685.95,2713.1,877244,FYERS_HISTORY,2026-08-08T23:57:45+05:30
2022-11-10,SMD-0229,TIINDIA,NSE:TIINDIA-EQ,2710.0,2710.0,2505.0,2568.7,705930,FYERS_HISTORY,2026-08-08T23:57:45+05:30
2022-11-11,SMD-0229,TIINDIA,NSE:TIINDIA-EQ,2652.0,2698.95,2525.5,2573.15,643135,FYERS_HISTORY,2026-08-08T23:57:45+05:30
2022-11-14,SMD-0229,TIINDIA,NSE:TIINDIA-EQ,2583.45,2583.5,2492.85,2508.7,724365,FYERS_HISTORY,2026-08-08T23:57:45+05:30
2022-11-15,SMD-0229,TIINDIA,NSE:TIINDIA-EQ,2510.35,2627.95,2480.0,2543.75,609797,FYERS_HISTORY,2026-08-08T23:57:45+05:30
2022-11-16,SMD-0229,TIINDIA,NSE:TIINDIA-EQ,2556.9,2627.0,2556.0,2599.6,825142,FYERS_HISTORY,2026-08-08T23:57:45+05:30
2022-11-17,SMD-0229,TIINDIA,NSE:TIINDIA-EQ,2607.5,2609.5,2515.15,2541.95,370805,FYERS_HISTORY,2026-08-08T23:57:45+05:30
2022-11-18,SMD-0229,TIINDIA,NSE:TIINDIA-EQ,2554.7,2600.75,2502.95,2575.15,503006,FYERS_HISTORY,2026-08-08T23:57:45+05:30
2022-11-21,SMD-0229,TIINDIA,NSE:TIINDIA-EQ,2575.0,2600.0,2551.05,2569.2,397839,FYERS_HISTORY,2026-08-08T23:57:45+05:30
2022-11-22,SMD-0229,TIINDIA,NSE:TIINDIA-EQ,2580.95,2605.0,2575.1,2596.75,482021,FYERS_HISTORY,2026-08-08T23:57:45+05:30
2022-11-23,SMD-0229,TIINDIA,NSE:TIINDIA-EQ,2614.9,2669.0,2531.55,2582.15,653612,FYERS_HISTORY,2026-08-08T23:57:45+05:30
2022-11-24,SMD-0229,TIINDIA,NSE:TIINDIA-EQ,2633.0,2639.0,2572.75,2602.35,505606,FYERS_HISTORY,2026-08-08T23:57:45+05:30
2022-11-25,SMD-0229,TIINDIA,NSE:TIINDIA-EQ,2619.7,2725.0,2560.15,2588.3,685507,FYERS_HISTORY,2026-08-08T23:57:45+05:30
2022-11-28,SMD-0229,TIINDIA,NSE:TIINDIA-EQ,2570.0,2775.0,2565.35,2746.95,1427618,FYERS_HISTORY,2026-08-08T23:57:45+05:30
2022-11-29,SMD-0229,TIINDIA,NSE:TIINDIA-EQ,2755.6,2784.0,2625.0,2743.7,992017,FYERS_HISTORY,2026-08-08T23:57:45+05:30
2022-11-30,SMD-0229,TIINDIA,NSE:TIINDIA-EQ,2723.0,2834.0,2675.65,2771.35,12989587,FYERS_HISTORY,2026-08-08T23:57:45+05:30
2022-12-01,SMD-0229,TIINDIA,NSE:TIINDIA-EQ,2778.8,2838.85,2725.0,2818.1,435976,FYERS_HISTORY,2026-08-08T23:57:45+05:30
2022-12-02,SMD-0229,TIINDIA,NSE:TIINDIA-EQ,2800.0,2973.5,2788.05,2933.3,777567,FYERS_HISTORY,2026-08-08T23:57:45+05:30
2022-12-05,SMD-0229,TIINDIA,NSE:TIINDIA-EQ,2940.0,2999.0,2918.3,2957.65,434419,FYERS_HISTORY,2026-08-08T23:57:45+05:30
2022-12-06,SMD-0229,TIINDIA,NSE:TIINDIA-EQ,2941.0,2989.0,2896.55,2964.45,276641,FYERS_HISTORY,2026-08-08T23:57:45+05:30
2022-12-07,SMD-0229,TIINDIA,NSE:TIINDIA-EQ,2970.0,3010.35,2918.0,2943.85,258840,FYERS_HISTORY,2026-08-08T23:57:45+05:30
2022-12-08,SMD-0229,TIINDIA,NSE:TIINDIA-EQ,2933.0,2952.9,2855.0,2898.2,254851,FYERS_HISTORY,2026-08-08T23:57:45+05:30
2022-12-09,SMD-0229,TIINDIA,NSE:TIINDIA-EQ,2922.5,3039.9,2910.0,3010.2,343450,FYERS_HISTORY,2026-08-08T23:57:45+05:30
2022-12-12,SMD-0229,TIINDIA,NSE:TIINDIA-EQ,3020.0,3025.45,2945.25,2999.25,296148,FYERS_HISTORY,2026-08-08T23:57:45+05:30
2022-12-13,SMD-0229,TIINDIA,NSE:TIINDIA-EQ,3014.25,3014.25,2911.6,2940.15,204384,FYERS_HISTORY,2026-08-08T23:57:45+05:30
2022-12-14,SMD-0229,TIINDIA,NSE:TIINDIA-EQ,2939.7,2998.0,2924.05,2979.45,175857,FYERS_HISTORY,2026-08-08T23:57:45+05:30
2022-12-15,SMD-0229,TIINDIA,NSE:TIINDIA-EQ,2970.0,2972.8,2805.55,2831.7,174515,FYERS_HISTORY,2026-08-08T23:57:45+05:30
2022-12-16,SMD-0229,TIINDIA,NSE:TIINDIA-EQ,2836.0,2962.0,2735.1,2921.85,488922,FYERS_HISTORY,2026-08-08T23:57:45+05:30
2022-12-19,SMD-0229,TIINDIA,NSE:TIINDIA-EQ,2921.85,2988.25,2852.35,2972.05,247280,FYERS_HISTORY,2026-08-08T23:57:45+05:30
2022-12-20,SMD-0229,TIINDIA,NSE:TIINDIA-EQ,2932.0,3046.2,2880.0,3017.35,378974,FYERS_HISTORY,2026-08-08T23:57:45+05:30
2022-12-21,SMD-0229,TIINDIA,NSE:TIINDIA-EQ,3017.35,3017.35,2783.35,2900.2,265168,FYERS_HISTORY,2026-08-08T23:57:45+05:30
2022-12-22,SMD-0229,TIINDIA,NSE:TIINDIA-EQ,2929.0,2949.0,2795.0,2925.75,235028,FYERS_HISTORY,2026-08-08T23:57:45+05:30
2022-12-23,SMD-0229,TIINDIA,NSE:TIINDIA-EQ,2860.1,2883.95,2750.0,2778.5,291123,FYERS_HISTORY,2026-08-08T23:57:45+05:30
2022-12-26,SMD-0229,TIINDIA,NSE:TIINDIA-EQ,2778.0,2838.7,2724.4,2759.4,123415,FYERS_HISTORY,2026-08-08T23:57:45+05:30
2022-12-27,SMD-0229,TIINDIA,NSE:TIINDIA-EQ,2774.95,2836.0,2760.1,2796.85,178876,FYERS_HISTORY,2026-08-08T23:57:45+05:30
2022-12-28,SMD-0229,TIINDIA,NSE:TIINDIA-EQ,2784.05,2810.0,2761.0,2785.85,132065,FYERS_HISTORY,2026-08-08T23:57:45+05:30
2022-12-29,SMD-0229,TIINDIA,NSE:TIINDIA-EQ,2760.5,2790.1,2665.1,2758.5,327875,FYERS_HISTORY,2026-08-08T23:57:45+05:30
2022-12-30,SMD-0229,TIINDIA,NSE:TIINDIA-EQ,2793.3,2808.65,2738.0,2775.55,157856,FYERS_HISTORY,2026-08-08T23:57:45+05:30
2023-01-02,SMD-0229,TIINDIA,NSE:TIINDIA-EQ,2757.95,2793.0,2755.55,2785.3,109334,FYERS_HISTORY,2026-08-08T23:57:45+05:30
2023-01-03,SMD-0229,TIINDIA,NSE:TIINDIA-EQ,2783.85,2796.7,2772.25,2785.25,146578,FYERS_HISTORY,2026-08-08T23:57:45+05:30
2023-01-04,SMD-0229,TIINDIA,NSE:TIINDIA-EQ,2790.1,2832.45,2752.0,2781.1,247927,FYERS_HISTORY,2026-08-08T23:57:45+05:30
2023-01-05,SMD-0229,TIINDIA,NSE:TIINDIA-EQ,2785.0,2818.25,2760.15,2771.55,118486,FYERS_HISTORY,2026-08-08T23:57:45+05:30
2023-01-06,SMD-0229,TIINDIA,NSE:TIINDIA-EQ,2770.0,2789.9,2681.05,2705.4,83515,FYERS_HISTORY,2026-08-08T23:57:45+05:30
2023-01-09,SMD-0229,TIINDIA,NSE:TIINDIA-EQ,2720.0,2761.2,2709.6,2730.3,187598,FYERS_HISTORY,2026-08-08T23:57:45+05:30
2023-01-10,SMD-0229,TIINDIA,NSE:TIINDIA-EQ,2740.0,2740.0,2652.2,2674.6,113903,FYERS_HISTORY,2026-08-08T23:57:45+05:30
2023-01-11,SMD-0229,TIINDIA,NSE:TIINDIA-EQ,2674.8,2687.8,2595.0,2642.9,193418,FYERS_HISTORY,2026-08-08T23:57:45+05:30
2023-01-12,SMD-0229,TIINDIA,NSE:TIINDIA-EQ,2637.95,2710.65,2622.05,2684.5,198620,FYERS_HISTORY,2026-08-08T23:57:45+05:30
2023-01-13,SMD-0229,TIINDIA,NSE:TIINDIA-EQ,2684.5,2693.95,2636.0,2652.8,121785,FYERS_HISTORY,2026-08-08T23:57:45+05:30
2023-01-16,SMD-0229,TIINDIA,NSE:TIINDIA-EQ,2645.0,2662.25,2608.0,2619.7,76467,FYERS_HISTORY,2026-08-08T23:57:45+05:30
2023-01-17,SMD-0229,TIINDIA,NSE:TIINDIA-EQ,2619.0,2662.0,2612.05,2657.7,224598,FYERS_HISTORY,2026-08-08T23:57:45+05:30
2023-01-18,SMD-0229,TIINDIA,NSE:TIINDIA-EQ,2663.9,2664.0,2617.05,2638.25,125721,FYERS_HISTORY,2026-08-08T23:57:45+05:30
2023-01-19,SMD-0229,TIINDIA,NSE:TIINDIA-EQ,2627.05,2644.7,2582.4,2598.7,113233,FYERS_HISTORY,2026-08-08T23:57:45+05:30
2023-01-20,SMD-0229,TIINDIA,NSE:TIINDIA-EQ,2608.0,2644.0,2580.05,2634.75,106503,FYERS_HISTORY,2026-08-08T23:57:45+05:30
2023-01-23,SMD-0229,TIINDIA,NSE:TIINDIA-EQ,2640.95,2661.0,2563.0,2587.8,120254,FYERS_HISTORY,2026-08-08T23:57:45+05:30
2023-01-24,SMD-0229,TIINDIA,NSE:TIINDIA-EQ,2589.0,2675.0,2572.65,2638.85,112428,FYERS_HISTORY,2026-08-08T23:57:45+05:30
2023-01-25,SMD-0229,TIINDIA,NSE:TIINDIA-EQ,2619.0,2633.4,2555.55,2570.15,53848,FYERS_HISTORY,2026-08-08T23:57:45+05:30
2023-01-27,SMD-0229,TIINDIA,NSE:TIINDIA-EQ,2587.9,2685.8,2533.55,2665.75,236919,FYERS_HISTORY,2026-08-08T23:57:45+05:30
2023-01-30,SMD-0229,TIINDIA,NSE:TIINDIA-EQ,2660.0,2660.0,2528.0,2586.9,337970,FYERS_HISTORY,2026-08-08T23:57:45+05:30
2023-01-31,SMD-0229,TIINDIA,NSE:TIINDIA-EQ,2610.0,2621.95,2591.0,2609.95,171822,FYERS_HISTORY,2026-08-08T23:57:45+05:30
2023-02-01,SMD-0229,TIINDIA,NSE:TIINDIA-EQ,2610.15,2631.7,2541.9,2616.9,149585,FYERS_HISTORY,2026-08-08T23:57:45+05:30
2023-02-02,SMD-0229,TIINDIA,NSE:TIINDIA-EQ,2602.0,2740.0,2545.0,2689.85,198161,FYERS_HISTORY,2026-08-08T23:57:45+05:30
2023-02-03,SMD-0229,TIINDIA,NSE:TIINDIA-EQ,2697.0,2734.15,2591.35,2689.75,152600,FYERS_HISTORY,2026-08-08T23:57:45+05:30
2023-02-06,SMD-0229,TIINDIA,NSE:TIINDIA-EQ,2674.0,2694.85,2577.0,2672.05,181664,FYERS_HISTORY,2026-08-08T23:57:45+05:30
2023-02-07,SMD-0229,TIINDIA,NSE:TIINDIA-EQ,2665.0,2686.45,2567.0,2584.2,128061,FYERS_HISTORY,2026-08-08T23:57:45+05:30
2023-02-08,SMD-0229,TIINDIA,NSE:TIINDIA-EQ,2576.75,2596.95,2506.0,2545.0,180524,FYERS_HISTORY,2026-08-08T23:57:45+05:30
2023-02-09,SMD-0229,TIINDIA,NSE:TIINDIA-EQ,2544.95,2558.4,2511.0,2517.95,76080,FYERS_HISTORY,2026-08-08T23:57:45+05:30
2023-02-10,SMD-0229,TIINDIA,NSE:TIINDIA-EQ,2524.5,2585.95,2519.0,2554.55,94059,FYERS_HISTORY,2026-08-08T23:57:45+05:30
2023-02-13,SMD-0229,TIINDIA,NSE:TIINDIA-EQ,2550.0,2569.9,2484.0,2527.1,144550,FYERS_HISTORY,2026-08-08T23:57:45+05:30
2023-02-14,SMD-0229,TIINDIA,NSE:TIINDIA-EQ,2529.35,2539.0,2453.15,2481.35,219326,FYERS_HISTORY,2026-08-08T23:57:45+05:30
2023-02-15,SMD-0229,TIINDIA,NSE:TIINDIA-EQ,2487.9,2513.1,2406.65,2431.6,268674,FYERS_HISTORY,2026-08-08T23:57:45+05:30
2023-02-16,SMD-0229,TIINDIA,NSE:TIINDIA-EQ,2450.0,2458.0,2401.0,2419.45,166386,FYERS_HISTORY,2026-08-08T23:57:45+05:30
2023-02-17,SMD-0229,TIINDIA,NSE:TIINDIA-EQ,2408.65,2437.6,2396.45,2421.65,89717,FYERS_HISTORY,2026-08-08T23:57:45+05:30
2023-02-20,SMD-0229,TIINDIA,NSE:TIINDIA-EQ,2400.0,2485.0,2375.0,2471.4,324367,FYERS_HISTORY,2026-08-08T23:57:45+05:30
2023-02-21,SMD-0229,TIINDIA,NSE:TIINDIA-EQ,2467.0,2577.15,2456.0,2547.75,196024,FYERS_HISTORY,2026-08-08T23:57:45+05:30
2023-02-22,SMD-0229,TIINDIA,NSE:TIINDIA-EQ,2529.7,2560.45,2503.0,2515.55,116862,FYERS_HISTORY,2026-08-08T23:57:45+05:30
2023-02-23,SMD-0229,TIINDIA,NSE:TIINDIA-EQ,2506.15,2557.7,2471.0,2497.4,215355,FYERS_HISTORY,2026-08-08T23:57:45+05:30
2023-02-24,SMD-0229,TIINDIA,NSE:TIINDIA-EQ,2510.0,2563.9,2508.1,2551.05,120864,FYERS_HISTORY,2026-08-08T23:57:45+05:30
2023-02-27,SMD-0229,TIINDIA,NSE:TIINDIA-EQ,2566.0,2745.0,2521.3,2660.5,278165,FYERS_HISTORY,2026-08-08T23:57:45+05:30
2023-02-28,SMD-0229,TIINDIA,NSE:TIINDIA-EQ,2660.5,2861.95,2600.0,2771.8,707344,FYERS_HISTORY,2026-08-08T23:57:45+05:30
2023-03-01,SMD-0229,TIINDIA,NSE:TIINDIA-EQ,2788.0,2818.65,2747.0,2782.95,234903,FYERS_HISTORY,2026-08-08T23:57:45+05:30
2023-03-02,SMD-0229,TIINDIA,NSE:TIINDIA-EQ,2783.0,2857.2,2753.9,2811.6,152875,FYERS_HISTORY,2026-08-08T23:57:45+05:30
2023-03-03,SMD-0229,TIINDIA,NSE:TIINDIA-EQ,2811.6,2813.95,2665.0,2707.05,179408,FYERS_HISTORY,2026-08-08T23:57:45+05:30
2023-03-06,SMD-0229,TIINDIA,NSE:TIINDIA-EQ,2701.9,2776.25,2673.05,2763.6,152245,FYERS_HISTORY,2026-08-08T23:57:45+05:30
2023-03-08,SMD-0229,TIINDIA,NSE:TIINDIA-EQ,2740.0,2814.0,2734.0,2793.9,149028,FYERS_HISTORY,2026-08-08T23:57:45+05:30
2023-03-09,SMD-0229,TIINDIA,NSE:TIINDIA-EQ,2782.9,2782.9,2731.35,2748.8,82979,FYERS_HISTORY,2026-08-08T23:57:45+05:30
2023-03-10,SMD-0229,TIINDIA,NSE:TIINDIA-EQ,2740.0,2740.0,2676.0,2701.75,101721,FYERS_HISTORY,2026-08-08T23:57:45+05:30
2023-03-13,SMD-0229,TIINDIA,NSE:TIINDIA-EQ,2697.75,2725.0,2620.25,2705.0,150327,FYERS_HISTORY,2026-08-08T23:57:45+05:30
2023-03-14,SMD-0229,TIINDIA,NSE:TIINDIA-EQ,2705.0,2749.0,2685.0,2706.2,140536,FYERS_HISTORY,2026-08-08T23:57:45+05:30
2023-03-15,SMD-0229,TIINDIA,NSE:TIINDIA-EQ,2715.0,2715.6,2659.9,2680.75,136740,FYERS_HISTORY,2026-08-08T23:57:45+05:30
2023-03-16,SMD-0229,TIINDIA,NSE:TIINDIA-EQ,2659.9,2690.0,2641.3,2667.55,207254,FYERS_HISTORY,2026-08-08T23:57:45+05:30
2023-03-17,SMD-0229,TIINDIA,NSE:TIINDIA-EQ,2672.65,2690.95,2526.5,2550.25,412328,FYERS_HISTORY,2026-08-08T23:57:45+05:30
2023-03-20,SMD-0229,TIINDIA,NSE:TIINDIA-EQ,2650.0,2660.0,2466.95,2541.7,134712,FYERS_HISTORY,2026-08-08T23:57:45+05:30
2023-03-21,SMD-0229,TIINDIA,NSE:TIINDIA-EQ,2541.7,2542.0,2473.1,2489.1,177768,FYERS_HISTORY,2026-08-08T23:57:45+05:30
2023-03-22,SMD-0229,TIINDIA,NSE:TIINDIA-EQ,2479.05,2489.85,2464.55,2483.6,78797,FYERS_HISTORY,2026-08-08T23:57:45+05:30
2023-03-23,SMD-0229,TIINDIA,NSE:TIINDIA-EQ,2476.0,2492.25,2422.0,2480.0,107625,FYERS_HISTORY,2026-08-08T23:57:45+05:30
2023-03-24,SMD-0229,TIINDIA,NSE:TIINDIA-EQ,2480.0,2570.9,2479.15,2551.4,152502,FYERS_HISTORY,2026-08-08T23:57:45+05:30
2023-03-27,SMD-0229,TIINDIA,NSE:TIINDIA-EQ,2567.85,2574.65,2468.0,2495.5,87693,FYERS_HISTORY,2026-08-08T23:57:45+05:30
2023-03-28,SMD-0229,TIINDIA,NSE:TIINDIA-EQ,2489.85,2548.0,2482.55,2538.75,121465,FYERS_HISTORY,2026-08-08T23:57:45+05:30
2023-03-29,SMD-0229,TIINDIA,NSE:TIINDIA-EQ,2540.0,2581.0,2538.75,2570.65,484967,FYERS_HISTORY,2026-08-08T23:57:45+05:30
2023-03-31,SMD-0229,TIINDIA,NSE:TIINDIA-EQ,2583.55,2585.0,2526.05,2546.6,489701,FYERS_HISTORY,2026-08-08T23:57:45+05:30
2023-04-03,SMD-0229,TIINDIA,NSE:TIINDIA-EQ,2560.0,2592.0,2532.15,2561.85,92654,FYERS_HISTORY,2026-08-08T23:57:45+05:30
2023-04-05,SMD-0229,TIINDIA,NSE:TIINDIA-EQ,2561.85,2628.4,2550.05,2597.1,239870,FYERS_HISTORY,2026-08-08T23:57:45+05:30
2023-04-06,SMD-0229,TIINDIA,NSE:TIINDIA-EQ,2597.15,2628.95,2580.0,2597.9,688122,FYERS_HISTORY,2026-08-08T23:57:45+05:30
2023-04-10,SMD-0229,TIINDIA,NSE:TIINDIA-EQ,2598.0,2619.75,2566.0,2575.95,388290,FYERS_HISTORY,2026-08-08T23:57:45+05:30
2023-04-11,SMD-0229,TIINDIA,NSE:TIINDIA-EQ,2582.9,2597.65,2547.75,2576.05,362223,FYERS_HISTORY,2026-08-08T23:57:45+05:30
2023-04-12,SMD-0229,TIINDIA,NSE:TIINDIA-EQ,2589.6,2649.0,2576.2,2635.65,489118,FYERS_HISTORY,2026-08-08T23:57:45+05:30
2023-04-13,SMD-0229,TIINDIA,NSE:TIINDIA-EQ,2647.0,2655.5,2591.45,2598.55,163067,FYERS_HISTORY,2026-08-08T23:57:45+05:30
2023-04-17,SMD-0229,TIINDIA,NSE:TIINDIA-EQ,2598.45,2730.0,2598.3,2707.5,259669,FYERS_HISTORY,2026-08-08T23:57:45+05:30
2023-04-18,SMD-0229,TIINDIA,NSE:TIINDIA-EQ,2699.05,2750.0,2691.35,2700.55,106772,FYERS_HISTORY,2026-08-08T23:57:45+05:30
2023-04-19,SMD-0229,TIINDIA,NSE:TIINDIA-EQ,2691.1,2748.9,2691.0,2722.25,157564,FYERS_HISTORY,2026-08-08T23:57:45+05:30
2023-04-20,SMD-0229,TIINDIA,NSE:TIINDIA-EQ,2722.05,2722.05,2615.0,2635.55,109352,FYERS_HISTORY,2026-08-08T23:57:45+05:30
2023-04-21,SMD-0229,TIINDIA,NSE:TIINDIA-EQ,2637.65,2650.0,2570.1,2595.85,109284,FYERS_HISTORY,2026-08-08T23:57:45+05:30
2023-04-24,SMD-0229,TIINDIA,NSE:TIINDIA-EQ,2600.05,2608.8,2525.3,2558.5,81166,FYERS_HISTORY,2026-08-08T23:57:45+05:30
2023-04-25,SMD-0229,TIINDIA,NSE:TIINDIA-EQ,2561.35,2576.9,2501.0,2504.95,1247308,FYERS_HISTORY,2026-08-08T23:57:45+05:30
2023-04-26,SMD-0229,TIINDIA,NSE:TIINDIA-EQ,2497.15,2529.0,2485.0,2513.9,216427,FYERS_HISTORY,2026-08-08T23:57:45+05:30
2023-04-27,SMD-0229,TIINDIA,NSE:TIINDIA-EQ,2514.0,2574.9,2513.9,2527.55,220033,FYERS_HISTORY,2026-08-08T23:57:45+05:30
2023-04-28,SMD-0229,TIINDIA,NSE:TIINDIA-EQ,2540.0,2599.95,2517.4,2589.2,188403,FYERS_HISTORY,2026-08-08T23:57:45+05:30
2023-05-02,SMD-0229,TIINDIA,NSE:TIINDIA-EQ,2589.9,2619.0,2542.15,2582.35,237586,FYERS_HISTORY,2026-08-08T23:57:45+05:30
2023-05-03,SMD-0229,TIINDIA,NSE:TIINDIA-EQ,2570.1,2582.35,2530.6,2545.95,82964,FYERS_HISTORY,2026-08-08T23:57:45+05:30
2023-05-04,SMD-0229,TIINDIA,NSE:TIINDIA-EQ,2548.8,2574.0,2535.05,2561.3,173725,FYERS_HISTORY,2026-08-08T23:57:45+05:30
2023-05-05,SMD-0229,TIINDIA,NSE:TIINDIA-EQ,2555.0,2649.0,2546.35,2639.85,160506,FYERS_HISTORY,2026-08-08T23:57:45+05:30
2023-05-08,SMD-0229,TIINDIA,NSE:TIINDIA-EQ,2650.0,2669.95,2600.05,2605.45,109065,FYERS_HISTORY,2026-08-08T23:57:45+05:30
2023-05-09,SMD-0229,TIINDIA,NSE:TIINDIA-EQ,2618.6,2739.75,2608.1,2721.25,216449,FYERS_HISTORY,2026-08-08T23:57:45+05:30
2023-05-10,SMD-0229,TIINDIA,NSE:TIINDIA-EQ,2735.0,2777.0,2705.0,2725.25,156568,FYERS_HISTORY,2026-08-08T23:57:45+05:30
2023-05-11,SMD-0229,TIINDIA,NSE:TIINDIA-EQ,2728.95,2774.0,2673.1,2767.35,170419,FYERS_HISTORY,2026-08-08T23:57:45+05:30
2023-05-12,SMD-0229,TIINDIA,NSE:TIINDIA-EQ,2773.55,2789.0,2718.05,2749.55,93315,FYERS_HISTORY,2026-08-08T23:57:45+05:30
2023-05-15,SMD-0229,TIINDIA,NSE:TIINDIA-EQ,2755.0,2834.4,2622.15,2646.1,328072,FYERS_HISTORY,2026-08-08T23:57:45+05:30
2023-05-16,SMD-0229,TIINDIA,NSE:TIINDIA-EQ,2668.05,2809.95,2667.0,2681.25,526592,FYERS_HISTORY,2026-08-08T23:57:45+05:30
2023-05-17,SMD-0229,TIINDIA,NSE:TIINDIA-EQ,2688.0,2728.4,2682.05,2707.4,133198,FYERS_HISTORY,2026-08-08T23:57:45+05:30
2023-05-18,SMD-0229,TIINDIA,NSE:TIINDIA-EQ,2725.85,2775.0,2672.0,2689.65,115599,FYERS_HISTORY,2026-08-08T23:57:45+05:30
2023-05-19,SMD-0229,TIINDIA,NSE:TIINDIA-EQ,2703.05,2705.0,2650.0,2700.9,135057,FYERS_HISTORY,2026-08-08T23:57:45+05:30
2023-05-22,SMD-0229,TIINDIA,NSE:TIINDIA-EQ,2706.2,2725.0,2685.95,2712.25,74534,FYERS_HISTORY,2026-08-08T23:57:45+05:30
2023-05-23,SMD-0229,TIINDIA,NSE:TIINDIA-EQ,2712.25,2726.5,2676.0,2695.5,92449,FYERS_HISTORY,2026-08-08T23:57:45+05:30
2023-05-24,SMD-0229,TIINDIA,NSE:TIINDIA-EQ,2695.5,2721.95,2681.55,2685.45,120823,FYERS_HISTORY,2026-08-08T23:57:45+05:30
2023-05-25,SMD-0229,TIINDIA,NSE:TIINDIA-EQ,2669.95,2746.45,2664.8,2724.25,181163,FYERS_HISTORY,2026-08-08T23:57:45+05:30
2023-05-26,SMD-0229,TIINDIA,NSE:TIINDIA-EQ,2705.0,2784.8,2705.0,2781.6,208970,FYERS_HISTORY,2026-08-08T23:57:45+05:30
2023-05-29,SMD-0229,TIINDIA,NSE:TIINDIA-EQ,2788.0,2881.0,2788.0,2865.15,217784,FYERS_HISTORY,2026-08-08T23:57:45+05:30
2023-05-30,SMD-0229,TIINDIA,NSE:TIINDIA-EQ,2881.0,2988.0,2836.5,2863.2,321235,FYERS_HISTORY,2026-08-08T23:57:45+05:30
2023-05-31,SMD-0229,TIINDIA,NSE:TIINDIA-EQ,2870.0,2875.35,2782.3,2862.95,484614,FYERS_HISTORY,2026-08-08T23:57:45+05:30
2023-06-01,SMD-0229,TIINDIA,NSE:TIINDIA-EQ,2854.0,2930.0,2833.0,2885.7,136944,FYERS_HISTORY,2026-08-08T23:57:45+05:30
2023-06-02,SMD-0229,TIINDIA,NSE:TIINDIA-EQ,2888.0,2899.0,2840.0,2884.2,136490,FYERS_HISTORY,2026-08-08T23:57:45+05:30
2023-06-05,SMD-0229,TIINDIA,NSE:TIINDIA-EQ,2899.0,2928.35,2876.55,2891.35,144801,FYERS_HISTORY,2026-08-08T23:57:45+05:30
2023-06-06,SMD-0229,TIINDIA,NSE:TIINDIA-EQ,2899.85,2900.85,2882.65,2899.15,64597,FYERS_HISTORY,2026-08-08T23:57:45+05:30
2023-06-07,SMD-0229,TIINDIA,NSE:TIINDIA-EQ,2905.0,2905.0,2885.0,2899.95,82728,FYERS_HISTORY,2026-08-08T23:57:45+05:30
2023-06-08,SMD-0229,TIINDIA,NSE:TIINDIA-EQ,2919.95,2924.75,2841.75,2865.6,79737,FYERS_HISTORY,2026-08-08T23:57:45+05:30
2023-06-09,SMD-0229,TIINDIA,NSE:TIINDIA-EQ,2865.6,2888.0,2836.5,2848.45,54512,FYERS_HISTORY,2026-08-08T23:57:45+05:30
2023-06-12,SMD-0229,TIINDIA,NSE:TIINDIA-EQ,2871.6,2871.6,2831.1,2840.0,46994,FYERS_HISTORY,2026-08-08T23:57:45+05:30
2023-06-13,SMD-0229,TIINDIA,NSE:TIINDIA-EQ,2849.0,2849.05,2783.25,2797.2,186827,FYERS_HISTORY,2026-08-08T23:57:45+05:30
2023-06-14,SMD-0229,TIINDIA,NSE:TIINDIA-EQ,2825.0,2837.95,2787.0,2834.2,90083,FYERS_HISTORY,2026-08-08T23:57:45+05:30
2023-06-15,SMD-0229,TIINDIA,NSE:TIINDIA-EQ,2840.0,3064.4,2805.05,2978.5,311278,FYERS_HISTORY,2026-08-08T23:57:45+05:30
2023-06-16,SMD-0229,TIINDIA,NSE:TIINDIA-EQ,3000.0,3038.0,2935.55,2988.7,166279,FYERS_HISTORY,2026-08-08T23:57:45+05:30
2023-06-19,SMD-0229,TIINDIA,NSE:TIINDIA-EQ,2984.0,3101.1,2952.5,2969.8,253817,FYERS_HISTORY,2026-08-08T23:57:45+05:30
2023-06-20,SMD-0229,TIINDIA,NSE:TIINDIA-EQ,2999.0,3042.95,2952.45,3020.2,94009,FYERS_HISTORY,2026-08-08T23:57:45+05:30
2023-06-21,SMD-0229,TIINDIA,NSE:TIINDIA-EQ,3050.0,3200.0,3050.0,3171.55,416752,FYERS_HISTORY,2026-08-08T23:57:45+05:30
2023-06-22,SMD-0229,TIINDIA,NSE:TIINDIA-EQ,3194.6,3248.7,3146.35,3220.45,253723,FYERS_HISTORY,2026-08-08T23:57:45+05:30
2023-06-23,SMD-0229,TIINDIA,NSE:TIINDIA-EQ,3220.0,3398.7,3138.85,3164.05,550924,FYERS_HISTORY,2026-08-08T23:57:45+05:30
2023-06-26,SMD-0229,TIINDIA,NSE:TIINDIA-EQ,3174.9,3253.0,3153.15,3195.7,302466,FYERS_HISTORY,2026-08-08T23:57:45+05:30
2023-06-27,SMD-0229,TIINDIA,NSE:TIINDIA-EQ,3189.0,3233.65,3099.1,3134.2,249865,FYERS_HISTORY,2026-08-08T23:57:45+05:30
2023-06-28,SMD-0229,TIINDIA,NSE:TIINDIA-EQ,3164.9,3213.9,3126.55,3147.2,111852,FYERS_HISTORY,2026-08-08T23:57:45+05:30
2023-06-30,SMD-0229,TIINDIA,NSE:TIINDIA-EQ,3150.9,3205.0,3102.0,3174.9,97886,FYERS_HISTORY,2026-08-08T23:57:45+05:30
2023-07-03,SMD-0229,TIINDIA,NSE:TIINDIA-EQ,3198.8,3225.15,3146.0,3181.9,388265,FYERS_HISTORY,2026-08-08T23:57:45+05:30
2023-07-04,SMD-0229,TIINDIA,NSE:TIINDIA-EQ,3220.0,3220.0,3160.95,3169.15,71604,FYERS_HISTORY,2026-08-08T23:57:45+05:30
2023-07-05,SMD-0229,TIINDIA,NSE:TIINDIA-EQ,3183.9,3189.9,3142.25,3156.75,105629,FYERS_HISTORY,2026-08-08T23:57:45+05:30
2023-07-06,SMD-0229,TIINDIA,NSE:TIINDIA-EQ,3173.4,3231.0,3155.0,3203.9,146755,FYERS_HISTORY,2026-08-08T23:57:45+05:30
2023-07-07,SMD-0229,TIINDIA,NSE:TIINDIA-EQ,3204.0,3242.0,3167.05,3185.85,105698,FYERS_HISTORY,2026-08-08T23:57:45+05:30
2023-07-10,SMD-0229,TIINDIA,NSE:TIINDIA-EQ,3199.95,3199.95,3125.0,3141.05,112817,FYERS_HISTORY,2026-08-08T23:57:45+05:30
2023-07-11,SMD-0229,TIINDIA,NSE:TIINDIA-EQ,3141.05,3232.1,3141.05,3220.3,117219,FYERS_HISTORY,2026-08-08T23:57:45+05:30
2023-07-12,SMD-0229,TIINDIA,NSE:TIINDIA-EQ,3181.0,3297.0,3174.45,3282.5,154671,FYERS_HISTORY,2026-08-08T23:57:45+05:30
2023-07-13,SMD-0229,TIINDIA,NSE:TIINDIA-EQ,3314.95,3385.9,3208.0,3228.9,165027,FYERS_HISTORY,2026-08-08T23:57:45+05:30
2023-07-14,SMD-0229,TIINDIA,NSE:TIINDIA-EQ,3270.0,3327.2,3255.5,3287.25,115216,FYERS_HISTORY,2026-08-08T23:57:45+05:30
2023-07-17,SMD-0229,TIINDIA,NSE:TIINDIA-EQ,3316.0,3316.0,3245.5,3265.15,105925,FYERS_HISTORY,2026-08-08T23:57:45+05:30
2023-07-18,SMD-0229,TIINDIA,NSE:TIINDIA-EQ,3269.95,3281.45,3237.0,3251.05,169412,FYERS_HISTORY,2026-08-08T23:57:45+05:30
2023-07-19,SMD-0229,TIINDIA,NSE:TIINDIA-EQ,3265.0,3265.0,3184.05,3194.2,262920,FYERS_HISTORY,2026-08-08T23:57:45+05:30
2023-07-20,SMD-0229,TIINDIA,NSE:TIINDIA-EQ,3194.2,3248.0,3150.0,3164.85,131516,FYERS_HISTORY,2026-08-08T23:57:45+05:30
2023-07-21,SMD-0229,TIINDIA,NSE:TIINDIA-EQ,3168.7,3247.85,3164.85,3219.35,63134,FYERS_HISTORY,2026-08-08T23:57:45+05:30
2023-07-24,SMD-0229,TIINDIA,NSE:TIINDIA-EQ,3220.0,3236.3,3165.7,3174.25,40490,FYERS_HISTORY,2026-08-08T23:57:45+05:30
2023-07-25,SMD-0229,TIINDIA,NSE:TIINDIA-EQ,3200.0,3208.95,3127.0,3131.4,91241,FYERS_HISTORY,2026-08-08T23:57:45+05:30
2023-07-26,SMD-0229,TIINDIA,NSE:TIINDIA-EQ,3144.75,3158.85,3090.0,3115.5,149535,FYERS_HISTORY,2026-08-08T23:57:45+05:30
2023-07-27,SMD-0229,TIINDIA,NSE:TIINDIA-EQ,3115.0,3160.0,3090.0,3122.8,93778,FYERS_HISTORY,2026-08-08T23:57:45+05:30
2023-07-28,SMD-0229,TIINDIA,NSE:TIINDIA-EQ,3118.55,3122.0,3092.0,3098.45,91357,FYERS_HISTORY,2026-08-08T23:57:45+05:30
2023-07-31,SMD-0229,TIINDIA,NSE:TIINDIA-EQ,3098.05,3114.2,3057.15,3079.2,135685,FYERS_HISTORY,2026-08-08T23:57:45+05:30
2023-08-01,SMD-0229,TIINDIA,NSE:TIINDIA-EQ,3109.95,3174.95,3029.95,3059.75,153612,FYERS_HISTORY,2026-08-08T23:57:45+05:30
2023-08-02,SMD-0229,TIINDIA,NSE:TIINDIA-EQ,3076.0,3080.0,3028.0,3047.4,74107,FYERS_HISTORY,2026-08-08T23:57:45+05:30
2023-08-03,SMD-0229,TIINDIA,NSE:TIINDIA-EQ,3064.05,3081.0,2982.1,3056.4,108191,FYERS_HISTORY,2026-08-08T23:57:45+05:30
2023-08-04,SMD-0229,TIINDIA,NSE:TIINDIA-EQ,3059.95,3162.0,3005.1,3102.45,212490,FYERS_HISTORY,2026-08-08T23:57:45+05:30
2023-08-07,SMD-0229,TIINDIA,NSE:TIINDIA-EQ,3110.9,3110.9,3045.0,3062.55,101039,FYERS_HISTORY,2026-08-08T23:57:45+05:30
2023-08-08,SMD-0229,TIINDIA,NSE:TIINDIA-EQ,3059.55,3074.7,2990.05,3004.05,194463,FYERS_HISTORY,2026-08-08T23:57:45+05:30
2023-08-09,SMD-0229,TIINDIA,NSE:TIINDIA-EQ,3031.55,3031.55,2920.0,2932.85,133652,FYERS_HISTORY,2026-08-08T23:57:45+05:30
2023-08-10,SMD-0229,TIINDIA,NSE:TIINDIA-EQ,2927.0,2979.9,2915.3,2946.55,114353,FYERS_HISTORY,2026-08-08T23:57:45+05:30
2023-08-11,SMD-0229,TIINDIA,NSE:TIINDIA-EQ,2946.0,2956.45,2845.0,2850.2,178092,FYERS_HISTORY,2026-08-08T23:57:45+05:30
2023-08-14,SMD-0229,TIINDIA,NSE:TIINDIA-EQ,2849.0,2918.95,2811.0,2868.5,119793,FYERS_HISTORY,2026-08-08T23:57:45+05:30
2023-08-16,SMD-0229,TIINDIA,NSE:TIINDIA-EQ,2882.75,2910.0,2775.0,2792.35,158537,FYERS_HISTORY,2026-08-08T23:57:45+05:30
2023-08-17,SMD-0229,TIINDIA,NSE:TIINDIA-EQ,2930.0,2930.0,2758.0,2776.15,202418,FYERS_HISTORY,2026-08-08T23:57:45+05:30
2023-08-18,SMD-0229,TIINDIA,NSE:TIINDIA-EQ,2776.15,2814.75,2758.55,2785.8,162999,FYERS_HISTORY,2026-08-08T23:57:45+05:30
2023-08-21,SMD-0229,TIINDIA,NSE:TIINDIA-EQ,2802.5,2870.9,2792.05,2817.5,104403,FYERS_HISTORY,2026-08-08T23:57:45+05:30
2023-08-22,SMD-0229,TIINDIA,NSE:TIINDIA-EQ,2824.6,2848.5,2805.15,2812.4,73282,FYERS_HISTORY,2026-08-08T23:57:45+05:30
2023-08-23,SMD-0229,TIINDIA,NSE:TIINDIA-EQ,2812.4,2812.45,2772.0,2790.65,121904,FYERS_HISTORY,2026-08-08T23:57:45+05:30
2023-08-24,SMD-0229,TIINDIA,NSE:TIINDIA-EQ,2805.3,2805.3,2763.1,2769.85,299935,FYERS_HISTORY,2026-08-08T23:57:45+05:30
2023-08-25,SMD-0229,TIINDIA,NSE:TIINDIA-EQ,2777.75,2898.0,2773.9,2882.75,176629,FYERS_HISTORY,2026-08-08T23:57:45+05:30
2023-08-28,SMD-0229,TIINDIA,NSE:TIINDIA-EQ,2906.8,2925.0,2860.25,2876.9,95674,FYERS_HISTORY,2026-08-08T23:57:45+05:30
2023-08-29,SMD-0229,TIINDIA,NSE:TIINDIA-EQ,2878.55,2908.45,2858.0,2864.75,77633,FYERS_HISTORY,2026-08-08T23:57:45+05:30
2023-08-30,SMD-0229,TIINDIA,NSE:TIINDIA-EQ,2879.0,2898.45,2832.2,2837.75,77153,FYERS_HISTORY,2026-08-08T23:57:45+05:30
2023-08-31,SMD-0229,TIINDIA,NSE:TIINDIA-EQ,2852.05,2930.65,2852.0,2900.5,1707545,FYERS_HISTORY,2026-08-08T23:57:45+05:30
2023-09-01,SMD-0229,TIINDIA,NSE:TIINDIA-EQ,2909.95,3012.25,2874.1,2988.15,457800,FYERS_HISTORY,2026-08-08T23:57:45+05:30
2023-09-04,SMD-0229,TIINDIA,NSE:TIINDIA-EQ,3015.0,3059.8,2962.0,3054.45,258303,FYERS_HISTORY,2026-08-08T23:57:45+05:30
2023-09-05,SMD-0229,TIINDIA,NSE:TIINDIA-EQ,3060.0,3180.0,3049.7,3170.1,291056,FYERS_HISTORY,2026-08-08T23:57:45+05:30
2023-09-06,SMD-0229,TIINDIA,NSE:TIINDIA-EQ,3181.45,3189.0,3096.05,3146.3,184200,FYERS_HISTORY,2026-08-08T23:57:45+05:30
2023-09-07,SMD-0229,TIINDIA,NSE:TIINDIA-EQ,3173.0,3258.0,3136.05,3246.85,178444,FYERS_HISTORY,2026-08-08T23:57:45+05:30
2023-09-08,SMD-0229,TIINDIA,NSE:TIINDIA-EQ,3234.8,3345.0,3230.0,3313.0,521567,FYERS_HISTORY,2026-08-08T23:57:45+05:30
2023-09-11,SMD-0229,TIINDIA,NSE:TIINDIA-EQ,3329.0,3736.4,3329.0,3691.25,784421,FYERS_HISTORY,2026-08-08T23:57:45+05:30
2023-09-12,SMD-0229,TIINDIA,NSE:TIINDIA-EQ,3672.15,3672.15,3312.9,3365.6,434871,FYERS_HISTORY,2026-08-08T23:57:45+05:30
2023-09-13,SMD-0229,TIINDIA,NSE:TIINDIA-EQ,3355.0,3365.6,3134.15,3264.8,410278,FYERS_HISTORY,2026-08-08T23:57:45+05:30
2023-09-14,SMD-0229,TIINDIA,NSE:TIINDIA-EQ,3289.0,3390.05,3216.7,3376.6,200730,FYERS_HISTORY,2026-08-08T23:57:45+05:30
2023-09-15,SMD-0229,TIINDIA,NSE:TIINDIA-EQ,3386.0,3450.3,3257.5,3319.1,206983,FYERS_HISTORY,2026-08-08T23:57:45+05:30
2023-09-18,SMD-0229,TIINDIA,NSE:TIINDIA-EQ,3319.7,3364.0,3267.05,3346.0,82530,FYERS_HISTORY,2026-08-08T23:57:45+05:30
2023-09-20,SMD-0229,TIINDIA,NSE:TIINDIA-EQ,3309.05,3385.55,3261.1,3361.5,162597,FYERS_HISTORY,2026-08-08T23:57:45+05:30
2023-09-21,SMD-0229,TIINDIA,NSE:TIINDIA-EQ,3376.7,3385.0,3274.0,3284.0,243661,FYERS_HISTORY,2026-08-08T23:57:45+05:30
2023-09-22,SMD-0229,TIINDIA,NSE:TIINDIA-EQ,3284.0,3300.0,3165.8,3200.3,115025,FYERS_HISTORY,2026-08-08T23:57:45+05:30
2023-09-25,SMD-0229,TIINDIA,NSE:TIINDIA-EQ,3200.0,3220.4,3190.0,3207.45,142287,FYERS_HISTORY,2026-08-08T23:57:45+05:30
2023-09-26,SMD-0229,TIINDIA,NSE:TIINDIA-EQ,3188.25,3228.7,3170.0,3181.3,218835,FYERS_HISTORY,2026-08-08T23:57:45+05:30
2023-09-27,SMD-0229,TIINDIA,NSE:TIINDIA-EQ,3183.6,3195.95,3086.6,3099.4,211373,FYERS_HISTORY,2026-08-08T23:57:45+05:30
2023-09-28,SMD-0229,TIINDIA,NSE:TIINDIA-EQ,3108.0,3157.5,3056.35,3103.8,196962,FYERS_HISTORY,2026-08-08T23:57:45+05:30
2023-09-29,SMD-0229,TIINDIA,NSE:TIINDIA-EQ,3040.0,3100.3,2905.0,2988.3,1312908,FYERS_HISTORY,2026-08-08T23:57:45+05:30
2023-10-03,SMD-0229,TIINDIA,NSE:TIINDIA-EQ,2999.85,3024.8,2935.1,3012.1,175747,FYERS_HISTORY,2026-08-08T23:57:45+05:30
2023-10-04,SMD-0229,TIINDIA,NSE:TIINDIA-EQ,3000.0,3036.85,2962.4,3005.6,159075,FYERS_HISTORY,2026-08-08T23:57:45+05:30
2023-10-05,SMD-0229,TIINDIA,NSE:TIINDIA-EQ,3030.0,3045.0,2995.0,3005.9,141949,FYERS_HISTORY,2026-08-08T23:57:45+05:30
2023-10-06,SMD-0229,TIINDIA,NSE:TIINDIA-EQ,3015.3,3025.0,2965.5,2974.9,133211,FYERS_HISTORY,2026-08-08T23:57:45+05:30
2023-10-09,SMD-0229,TIINDIA,NSE:TIINDIA-EQ,2950.0,2995.0,2916.35,2932.0,230283,FYERS_HISTORY,2026-08-08T23:57:45+05:30
2023-10-10,SMD-0229,TIINDIA,NSE:TIINDIA-EQ,2940.05,2985.0,2927.05,2938.2,89805,FYERS_HISTORY,2026-08-08T23:57:45+05:30
2023-10-11,SMD-0229,TIINDIA,NSE:TIINDIA-EQ,2938.25,2975.15,2920.0,2924.3,246201,FYERS_HISTORY,2026-08-08T23:57:45+05:30
2023-10-12,SMD-0229,TIINDIA,NSE:TIINDIA-EQ,2934.25,2956.9,2907.0,2916.45,265067,FYERS_HISTORY,2026-08-08T23:57:45+05:30
2023-10-13,SMD-0229,TIINDIA,NSE:TIINDIA-EQ,2916.45,2974.8,2890.6,2966.7,163323,FYERS_HISTORY,2026-08-08T23:57:45+05:30
2023-10-16,SMD-0229,TIINDIA,NSE:TIINDIA-EQ,2985.0,3030.0,2966.8,3010.85,116181,FYERS_HISTORY,2026-08-08T23:57:45+05:30
2023-10-17,SMD-0229,TIINDIA,NSE:TIINDIA-EQ,3038.95,3038.95,2980.0,2991.7,121483,FYERS_HISTORY,2026-08-08T23:57:45+05:30
2023-10-18,SMD-0229,TIINDIA,NSE:TIINDIA-EQ,2991.95,3020.2,2964.5,2993.8,280656,FYERS_HISTORY,2026-08-08T23:57:45+05:30
2023-10-19,SMD-0229,TIINDIA,NSE:TIINDIA-EQ,2988.8,2988.8,2920.0,2961.5,142627,FYERS_HISTORY,2026-08-08T23:57:45+05:30
2023-10-20,SMD-0229,TIINDIA,NSE:TIINDIA-EQ,2961.5,3049.65,2960.0,3026.15,327557,FYERS_HISTORY,2026-08-08T23:57:45+05:30
2023-10-23,SMD-0229,TIINDIA,NSE:TIINDIA-EQ,3036.75,3041.25,2880.05,2907.15,144309,FYERS_HISTORY,2026-08-08T23:57:45+05:30
2023-10-25,SMD-0229,TIINDIA,NSE:TIINDIA-EQ,2921.65,2970.0,2883.3,2947.85,166760,FYERS_HISTORY,2026-08-08T23:57:45+05:30
2023-10-26,SMD-0229,TIINDIA,NSE:TIINDIA-EQ,2947.85,2950.0,2879.25,2923.2,174879,FYERS_HISTORY,2026-08-08T23:57:45+05:30
2023-10-27,SMD-0229,TIINDIA,NSE:TIINDIA-EQ,2937.75,3075.55,2935.05,3063.4,234429,FYERS_HISTORY,2026-08-08T23:57:45+05:30
2023-10-30,SMD-0229,TIINDIA,NSE:TIINDIA-EQ,3070.0,3098.4,3003.0,3060.9,161767,FYERS_HISTORY,2026-08-08T23:57:45+05:30
2023-10-31,SMD-0229,TIINDIA,NSE:TIINDIA-EQ,3084.5,3179.0,3075.15,3150.2,216954,FYERS_HISTORY,2026-08-08T23:57:45+05:30
2023-11-01,SMD-0229,TIINDIA,NSE:TIINDIA-EQ,3176.4,3194.55,3081.35,3105.25,146133,FYERS_HISTORY,2026-08-08T23:57:45+05:30
2023-11-02,SMD-0229,TIINDIA,NSE:TIINDIA-EQ,3144.0,3178.0,3086.65,3138.2,75737,FYERS_HISTORY,2026-08-08T23:57:45+05:30
2023-11-03,SMD-0229,TIINDIA,NSE:TIINDIA-EQ,3137.7,3227.0,3126.85,3199.35,76275,FYERS_HISTORY,2026-08-08T23:57:45+05:30
2023-11-06,SMD-0229,TIINDIA,NSE:TIINDIA-EQ,3210.0,3240.0,3124.2,3141.15,126565,FYERS_HISTORY,2026-08-08T23:57:45+05:30
2023-11-07,SMD-0229,TIINDIA,NSE:TIINDIA-EQ,3141.15,3230.0,3140.0,3207.45,118160,FYERS_HISTORY,2026-08-08T23:57:45+05:30
2023-11-08,SMD-0229,TIINDIA,NSE:TIINDIA-EQ,3229.95,3259.8,3201.05,3252.3,63906,FYERS_HISTORY,2026-08-08T23:57:45+05:30
2023-11-09,SMD-0229,TIINDIA,NSE:TIINDIA-EQ,3261.15,3261.15,3130.0,3152.05,92222,FYERS_HISTORY,2026-08-08T23:57:45+05:30
2023-11-10,SMD-0229,TIINDIA,NSE:TIINDIA-EQ,3159.95,3220.0,3109.8,3195.75,69419,FYERS_HISTORY,2026-08-08T23:57:45+05:30
2023-11-12,SMD-0229,TIINDIA,NSE:TIINDIA-EQ,3210.0,3224.0,3185.0,3199.7,11188,FYERS_HISTORY,2026-08-08T23:57:45+05:30
2023-11-13,SMD-0229,TIINDIA,NSE:TIINDIA-EQ,3199.7,3215.0,3132.0,3164.25,60824,FYERS_HISTORY,2026-08-08T23:57:45+05:30
2023-11-15,SMD-0229,TIINDIA,NSE:TIINDIA-EQ,3199.7,3208.0,3131.0,3186.5,90786,FYERS_HISTORY,2026-08-08T23:57:45+05:30
2023-11-16,SMD-0229,TIINDIA,NSE:TIINDIA-EQ,3187.85,3223.95,3152.0,3201.95,90107,FYERS_HISTORY,2026-08-08T23:57:45+05:30
2023-11-17,SMD-0229,TIINDIA,NSE:TIINDIA-EQ,3205.9,3205.9,3129.85,3164.85,140628,FYERS_HISTORY,2026-08-08T23:57:45+05:30
2023-11-20,SMD-0229,TIINDIA,NSE:TIINDIA-EQ,3150.0,3196.0,3131.0,3170.25,105541,FYERS_HISTORY,2026-08-08T23:57:45+05:30
2023-11-21,SMD-0229,TIINDIA,NSE:TIINDIA-EQ,3174.85,3208.0,3133.0,3196.1,132308,FYERS_HISTORY,2026-08-08T23:57:45+05:30
2023-11-22,SMD-0229,TIINDIA,NSE:TIINDIA-EQ,3196.0,3830.0,3170.0,3730.35,2314405,FYERS_HISTORY,2026-08-08T23:57:45+05:30
2023-11-23,SMD-0229,TIINDIA,NSE:TIINDIA-EQ,3699.0,3699.0,3400.0,3422.45,923413,FYERS_HISTORY,2026-08-08T23:57:45+05:30
2023-11-24,SMD-0229,TIINDIA,NSE:TIINDIA-EQ,3430.0,3505.0,3388.05,3460.95,370885,FYERS_HISTORY,2026-08-08T23:57:45+05:30
2023-11-28,SMD-0229,TIINDIA,NSE:TIINDIA-EQ,3461.0,3477.85,3375.6,3421.75,144251,FYERS_HISTORY,2026-08-08T23:57:45+05:30
2023-11-29,SMD-0229,TIINDIA,NSE:TIINDIA-EQ,3439.0,3505.55,3425.7,3453.25,137043,FYERS_HISTORY,2026-08-08T23:57:45+05:30
2023-11-30,SMD-0229,TIINDIA,NSE:TIINDIA-EQ,3439.05,3439.05,3344.0,3366.3,330397,FYERS_HISTORY,2026-08-08T23:57:45+05:30
2023-12-01,SMD-0229,TIINDIA,NSE:TIINDIA-EQ,3367.5,3388.55,3281.85,3291.7,213940,FYERS_HISTORY,2026-08-08T23:57:45+05:30
2023-12-04,SMD-0229,TIINDIA,NSE:TIINDIA-EQ,3304.75,3357.4,3260.25,3349.0,274708,FYERS_HISTORY,2026-08-08T23:57:45+05:30
2023-12-05,SMD-0229,TIINDIA,NSE:TIINDIA-EQ,3360.0,3360.0,3302.0,3318.25,175874,FYERS_HISTORY,2026-08-08T23:57:45+05:30
2023-12-06,SMD-0229,TIINDIA,NSE:TIINDIA-EQ,3325.0,3365.6,3272.8,3334.25,705012,FYERS_HISTORY,2026-08-08T23:57:45+05:30
2023-12-07,SMD-0229,TIINDIA,NSE:TIINDIA-EQ,3349.7,3495.0,3334.2,3412.6,1582115,FYERS_HISTORY,2026-08-08T23:57:45+05:30
2023-12-08,SMD-0229,TIINDIA,NSE:TIINDIA-EQ,3428.75,3615.0,3390.05,3574.2,873775,FYERS_HISTORY,2026-08-08T23:57:45+05:30
2023-12-11,SMD-0229,TIINDIA,NSE:TIINDIA-EQ,3605.0,4050.0,3570.0,3895.85,846114,FYERS_HISTORY,2026-08-08T23:57:45+05:30
2023-12-12,SMD-0229,TIINDIA,NSE:TIINDIA-EQ,3850.0,3969.9,3708.05,3869.3,448301,FYERS_HISTORY,2026-08-08T23:57:45+05:30
2023-12-13,SMD-0229,TIINDIA,NSE:TIINDIA-EQ,3835.1,3889.0,3709.0,3763.7,363058,FYERS_HISTORY,2026-08-08T23:57:45+05:30
2023-12-14,SMD-0229,TIINDIA,NSE:TIINDIA-EQ,3749.05,3756.95,3690.05,3711.55,204885,FYERS_HISTORY,2026-08-08T23:57:45+05:30
2023-12-15,SMD-0229,TIINDIA,NSE:TIINDIA-EQ,3724.0,3726.65,3644.0,3656.55,334353,FYERS_HISTORY,2026-08-08T23:57:45+05:30
2023-12-18,SMD-0229,TIINDIA,NSE:TIINDIA-EQ,3657.0,3711.7,3605.15,3664.25,131239,FYERS_HISTORY,2026-08-08T23:57:45+05:30
2023-12-19,SMD-0229,TIINDIA,NSE:TIINDIA-EQ,3661.95,3674.7,3572.0,3599.05,355057,FYERS_HISTORY,2026-08-08T23:57:45+05:30
2023-12-20,SMD-0229,TIINDIA,NSE:TIINDIA-EQ,3618.0,3629.65,3530.0,3559.75,119503,FYERS_HISTORY,2026-08-08T23:57:45+05:30
2023-12-21,SMD-0229,TIINDIA,NSE:TIINDIA-EQ,3500.0,3625.0,3399.75,3565.95,135238,FYERS_HISTORY,2026-08-08T23:57:45+05:30
2023-12-22,SMD-0229,TIINDIA,NSE:TIINDIA-EQ,3564.15,3610.0,3530.2,3588.1,85644,FYERS_HISTORY,2026-08-08T23:57:45+05:30
2023-12-26,SMD-0229,TIINDIA,NSE:TIINDIA-EQ,3588.1,3675.0,3582.2,3608.3,101818,FYERS_HISTORY,2026-08-08T23:57:46+05:30
2023-12-27,SMD-0229,TIINDIA,NSE:TIINDIA-EQ,3644.75,3690.45,3633.4,3650.65,89627,FYERS_HISTORY,2026-08-08T23:57:46+05:30
2023-12-28,SMD-0229,TIINDIA,NSE:TIINDIA-EQ,3617.5,3676.5,3520.55,3540.75,163768,FYERS_HISTORY,2026-08-08T23:57:46+05:30
2023-12-29,SMD-0229,TIINDIA,NSE:TIINDIA-EQ,3553.25,3570.0,3515.05,3541.65,108363,FYERS_HISTORY,2026-08-08T23:57:46+05:30
2024-01-01,SMD-0229,TIINDIA,NSE:TIINDIA-EQ,3575.0,3604.95,3551.1,3588.1,40530,FYERS_HISTORY,2026-08-08T23:57:46+05:30
2024-01-02,SMD-0229,TIINDIA,NSE:TIINDIA-EQ,3593.8,3609.95,3539.25,3602.25,99399,FYERS_HISTORY,2026-08-08T23:57:46+05:30
2024-01-03,SMD-0229,TIINDIA,NSE:TIINDIA-EQ,3609.0,3615.0,3483.5,3541.85,191295,FYERS_HISTORY,2026-08-08T23:57:46+05:30
2024-01-04,SMD-0229,TIINDIA,NSE:TIINDIA-EQ,3539.0,3634.5,3496.1,3559.65,450305,FYERS_HISTORY,2026-08-08T23:57:46+05:30
2024-01-05,SMD-0229,TIINDIA,NSE:TIINDIA-EQ,3559.65,3824.0,3559.65,3751.05,441297,FYERS_HISTORY,2026-08-08T23:57:46+05:30
2024-01-08,SMD-0229,TIINDIA,NSE:TIINDIA-EQ,3751.05,3775.5,3711.5,3770.15,230616,FYERS_HISTORY,2026-08-08T23:57:46+05:30
2024-01-09,SMD-0229,TIINDIA,NSE:TIINDIA-EQ,3775.15,3852.0,3751.05,3809.6,225910,FYERS_HISTORY,2026-08-08T23:57:46+05:30
2024-01-10,SMD-0229,TIINDIA,NSE:TIINDIA-EQ,3806.95,3957.1,3745.0,3911.9,285144,FYERS_HISTORY,2026-08-08T23:57:46+05:30
2024-01-11,SMD-0229,TIINDIA,NSE:TIINDIA-EQ,3911.9,4069.45,3875.0,3915.75,323252,FYERS_HISTORY,2026-08-08T23:57:46+05:30
2024-01-12,SMD-0229,TIINDIA,NSE:TIINDIA-EQ,3915.75,3960.0,3806.05,3897.25,116516,FYERS_HISTORY,2026-08-08T23:57:46+05:30
2024-01-15,SMD-0229,TIINDIA,NSE:TIINDIA-EQ,3897.95,4043.15,3865.0,4001.35,168455,FYERS_HISTORY,2026-08-08T23:57:46+05:30
2024-01-16,SMD-0229,TIINDIA,NSE:TIINDIA-EQ,4002.0,4022.35,3910.9,3920.3,307773,FYERS_HISTORY,2026-08-08T23:57:46+05:30
2024-01-17,SMD-0229,TIINDIA,NSE:TIINDIA-EQ,3866.0,3910.0,3764.05,3826.65,310013,FYERS_HISTORY,2026-08-08T23:57:46+05:30
2024-01-18,SMD-0229,TIINDIA,NSE:TIINDIA-EQ,3795.7,3905.7,3670.05,3849.55,333718,FYERS_HISTORY,2026-08-08T23:57:46+05:30
2024-01-19,SMD-0229,TIINDIA,NSE:TIINDIA-EQ,3850.0,3917.4,3756.0,3854.5,284614,FYERS_HISTORY,2026-08-08T23:57:46+05:30
2024-01-20,SMD-0229,TIINDIA,NSE:TIINDIA-EQ,3849.6,4125.0,3825.0,4044.8,133210,FYERS_HISTORY,2026-08-08T23:57:46+05:30
2024-01-23,SMD-0229,TIINDIA,NSE:TIINDIA-EQ,4045.0,4090.0,3900.0,3932.3,304728,FYERS_HISTORY,2026-08-08T23:57:46+05:30
2024-01-24,SMD-0229,TIINDIA,NSE:TIINDIA-EQ,3961.0,4119.95,3776.0,4006.2,274717,FYERS_HISTORY,2026-08-08T23:57:46+05:30
2024-01-25,SMD-0229,TIINDIA,NSE:TIINDIA-EQ,4025.6,4074.35,3915.0,3987.9,165063,FYERS_HISTORY,2026-08-08T23:57:46+05:30
2024-01-29,SMD-0229,TIINDIA,NSE:TIINDIA-EQ,3915.0,4105.0,3893.0,4073.65,176542,FYERS_HISTORY,2026-08-08T23:57:46+05:30
2024-01-30,SMD-0229,TIINDIA,NSE:TIINDIA-EQ,4050.05,4059.95,3835.0,3932.8,287282,FYERS_HISTORY,2026-08-08T23:57:46+05:30
2024-01-31,SMD-0229,TIINDIA,NSE:TIINDIA-EQ,3885.05,3947.95,3851.05,3898.05,313026,FYERS_HISTORY,2026-08-08T23:57:46+05:30
2024-02-01,SMD-0229,TIINDIA,NSE:TIINDIA-EQ,3943.8,4000.0,3601.0,3779.35,252250,FYERS_HISTORY,2026-08-08T23:57:46+05:30
2024-02-02,SMD-0229,TIINDIA,NSE:TIINDIA-EQ,3779.35,3779.35,3621.1,3644.0,459510,FYERS_HISTORY,2026-08-08T23:57:46+05:30
2024-02-05,SMD-0229,TIINDIA,NSE:TIINDIA-EQ,3645.0,3705.0,3580.0,3608.05,338895,FYERS_HISTORY,2026-08-08T23:57:46+05:30
2024-02-06,SMD-0229,TIINDIA,NSE:TIINDIA-EQ,3627.0,3659.95,3581.65,3598.25,270217,FYERS_HISTORY,2026-08-08T23:57:46+05:30
2024-02-07,SMD-0229,TIINDIA,NSE:TIINDIA-EQ,3600.0,3658.0,3585.0,3600.45,260915,FYERS_HISTORY,2026-08-08T23:57:46+05:30
2024-02-08,SMD-0229,TIINDIA,NSE:TIINDIA-EQ,3601.0,3618.45,3501.0,3507.45,143994,FYERS_HISTORY,2026-08-08T23:57:46+05:30
2024-02-09,SMD-0229,TIINDIA,NSE:TIINDIA-EQ,3625.0,3625.0,3441.15,3459.2,191190,FYERS_HISTORY,2026-08-08T23:57:46+05:30
2024-02-12,SMD-0229,TIINDIA,NSE:TIINDIA-EQ,3509.65,3564.0,3430.25,3497.15,137667,FYERS_HISTORY,2026-08-08T23:57:46+05:30
2024-02-13,SMD-0229,TIINDIA,NSE:TIINDIA-EQ,3496.0,3529.2,3462.2,3494.0,79406,FYERS_HISTORY,2026-08-08T23:57:46+05:30
2024-02-14,SMD-0229,TIINDIA,NSE:TIINDIA-EQ,3452.0,3508.8,3445.0,3497.1,101905,FYERS_HISTORY,2026-08-08T23:57:46+05:30
2024-02-15,SMD-0229,TIINDIA,NSE:TIINDIA-EQ,3514.55,3515.5,3453.0,3480.3,103096,FYERS_HISTORY,2026-08-08T23:57:46+05:30
2024-02-16,SMD-0229,TIINDIA,NSE:TIINDIA-EQ,3489.0,3746.0,3471.25,3657.75,203255,FYERS_HISTORY,2026-08-08T23:57:46+05:30
2024-02-19,SMD-0229,TIINDIA,NSE:TIINDIA-EQ,3720.0,3745.0,3633.15,3713.15,99609,FYERS_HISTORY,2026-08-08T23:57:46+05:30
2024-02-20,SMD-0229,TIINDIA,NSE:TIINDIA-EQ,3698.25,3740.0,3654.4,3723.4,89736,FYERS_HISTORY,2026-08-08T23:57:46+05:30
2024-02-21,SMD-0229,TIINDIA,NSE:TIINDIA-EQ,3730.55,3747.8,3618.0,3663.35,104864,FYERS_HISTORY,2026-08-08T23:57:46+05:30
2024-02-22,SMD-0229,TIINDIA,NSE:TIINDIA-EQ,3681.65,3710.5,3567.0,3688.55,113920,FYERS_HISTORY,2026-08-08T23:57:46+05:30
2024-02-23,SMD-0229,TIINDIA,NSE:TIINDIA-EQ,3708.7,3730.0,3605.0,3622.65,98017,FYERS_HISTORY,2026-08-08T23:57:46+05:30
2024-02-26,SMD-0229,TIINDIA,NSE:TIINDIA-EQ,3644.0,3644.0,3552.45,3571.7,76806,FYERS_HISTORY,2026-08-08T23:57:46+05:30
2024-02-27,SMD-0229,TIINDIA,NSE:TIINDIA-EQ,3571.75,3580.0,3523.25,3555.4,157799,FYERS_HISTORY,2026-08-08T23:57:46+05:30
2024-02-28,SMD-0229,TIINDIA,NSE:TIINDIA-EQ,3554.95,3574.75,3510.1,3533.5,297441,FYERS_HISTORY,2026-08-08T23:57:46+05:30
2024-02-29,SMD-0229,TIINDIA,NSE:TIINDIA-EQ,3528.4,3559.45,3432.3,3488.65,389585,FYERS_HISTORY,2026-08-08T23:57:46+05:30
2024-03-01,SMD-0229,TIINDIA,NSE:TIINDIA-EQ,3520.0,3824.8,3510.95,3713.9,296730,FYERS_HISTORY,2026-08-08T23:57:46+05:30
2024-03-02,SMD-0229,TIINDIA,NSE:TIINDIA-EQ,3720.05,3834.95,3620.0,3759.0,28978,FYERS_HISTORY,2026-08-08T23:57:46+05:30
2024-03-04,SMD-0229,TIINDIA,NSE:TIINDIA-EQ,3741.05,3763.8,3630.0,3653.1,209113,FYERS_HISTORY,2026-08-08T23:57:46+05:30
2024-03-05,SMD-0229,TIINDIA,NSE:TIINDIA-EQ,3649.0,3649.0,3530.0,3563.7,220335,FYERS_HISTORY,2026-08-08T23:57:46+05:30
2024-03-06,SMD-0229,TIINDIA,NSE:TIINDIA-EQ,3560.0,3578.6,3501.15,3543.05,211154,FYERS_HISTORY,2026-08-08T23:57:46+05:30
2024-03-07,SMD-0229,TIINDIA,NSE:TIINDIA-EQ,3543.05,3568.0,3472.6,3498.7,213171,FYERS_HISTORY,2026-08-08T23:57:46+05:30
2024-03-11,SMD-0229,TIINDIA,NSE:TIINDIA-EQ,3524.95,3600.0,3456.0,3556.5,248528,FYERS_HISTORY,2026-08-08T23:57:46+05:30
2024-03-12,SMD-0229,TIINDIA,NSE:TIINDIA-EQ,3540.35,3575.0,3492.0,3548.05,105869,FYERS_HISTORY,2026-08-08T23:57:46+05:30
2024-03-13,SMD-0229,TIINDIA,NSE:TIINDIA-EQ,3548.0,3548.0,3410.5,3455.3,172415,FYERS_HISTORY,2026-08-08T23:57:46+05:30
2024-03-14,SMD-0229,TIINDIA,NSE:TIINDIA-EQ,3446.0,3612.0,3398.5,3580.8,124205,FYERS_HISTORY,2026-08-08T23:57:46+05:30
2024-03-15,SMD-0229,TIINDIA,NSE:TIINDIA-EQ,3570.1,3679.95,3500.1,3560.65,265361,FYERS_HISTORY,2026-08-08T23:57:46+05:30
2024-03-18,SMD-0229,TIINDIA,NSE:TIINDIA-EQ,3539.55,3539.55,3482.05,3510.6,117047,FYERS_HISTORY,2026-08-08T23:57:46+05:30
2024-03-19,SMD-0229,TIINDIA,NSE:TIINDIA-EQ,3504.05,3524.9,3471.15,3501.2,57581,FYERS_HISTORY,2026-08-08T23:57:46+05:30
2024-03-20,SMD-0229,TIINDIA,NSE:TIINDIA-EQ,3519.6,3569.0,3490.0,3551.55,192218,FYERS_HISTORY,2026-08-08T23:57:46+05:30
2024-03-21,SMD-0229,TIINDIA,NSE:TIINDIA-EQ,3555.1,3720.0,3541.15,3707.1,322530,FYERS_HISTORY,2026-08-08T23:57:46+05:30
2024-03-22,SMD-0229,TIINDIA,NSE:TIINDIA-EQ,3721.0,3772.05,3675.0,3743.95,121462,FYERS_HISTORY,2026-08-08T23:57:46+05:30
2024-03-26,SMD-0229,TIINDIA,NSE:TIINDIA-EQ,3734.55,3790.0,3702.6,3742.45,140602,FYERS_HISTORY,2026-08-08T23:57:46+05:30
2024-03-27,SMD-0229,TIINDIA,NSE:TIINDIA-EQ,3750.0,3845.0,3726.15,3805.9,260085,FYERS_HISTORY,2026-08-08T23:57:46+05:30
2024-03-28,SMD-0229,TIINDIA,NSE:TIINDIA-EQ,3825.0,3827.95,3706.0,3736.6,318097,FYERS_HISTORY,2026-08-08T23:57:46+05:30
2024-04-01,SMD-0229,TIINDIA,NSE:TIINDIA-EQ,3817.95,3818.95,3700.0,3724.4,103499,FYERS_HISTORY,2026-08-08T23:57:46+05:30
2024-04-02,SMD-0229,TIINDIA,NSE:TIINDIA-EQ,3724.9,3797.0,3715.5,3769.8,78110,FYERS_HISTORY,2026-08-08T23:57:46+05:30
2024-04-03,SMD-0229,TIINDIA,NSE:TIINDIA-EQ,3764.05,3764.05,3680.0,3698.2,114581,FYERS_HISTORY,2026-08-08T23:57:46+05:30
2024-04-04,SMD-0229,TIINDIA,NSE:TIINDIA-EQ,3708.4,3713.8,3590.0,3597.3,384075,FYERS_HISTORY,2026-08-08T23:57:46+05:30
2024-04-05,SMD-0229,TIINDIA,NSE:TIINDIA-EQ,3600.0,3656.3,3594.25,3613.5,306851,FYERS_HISTORY,2026-08-08T23:57:46+05:30
2024-04-08,SMD-0229,TIINDIA,NSE:TIINDIA-EQ,3620.0,3620.75,3545.0,3549.75,111150,FYERS_HISTORY,2026-08-08T23:57:46+05:30
2024-04-09,SMD-0229,TIINDIA,NSE:TIINDIA-EQ,3549.75,3634.7,3484.0,3492.1,133179,FYERS_HISTORY,2026-08-08T23:57:46+05:30
2024-04-10,SMD-0229,TIINDIA,NSE:TIINDIA-EQ,3510.5,3599.15,3499.0,3567.75,74915,FYERS_HISTORY,2026-08-08T23:57:46+05:30
2024-04-12,SMD-0229,TIINDIA,NSE:TIINDIA-EQ,3567.75,3570.0,3516.0,3525.95,102025,FYERS_HISTORY,2026-08-08T23:57:46+05:30
2024-04-15,SMD-0229,TIINDIA,NSE:TIINDIA-EQ,3500.0,3539.45,3465.0,3489.9,201810,FYERS_HISTORY,2026-08-08T23:57:46+05:30
2024-04-16,SMD-0229,TIINDIA,NSE:TIINDIA-EQ,3490.85,3545.0,3470.0,3521.6,277306,FYERS_HISTORY,2026-08-08T23:57:46+05:30
2024-04-18,SMD-0229,TIINDIA,NSE:TIINDIA-EQ,3550.0,3563.45,3495.65,3516.6,259184,FYERS_HISTORY,2026-08-08T23:57:46+05:30
2024-04-19,SMD-0229,TIINDIA,NSE:TIINDIA-EQ,3500.1,3505.0,3457.2,3496.45,158811,FYERS_HISTORY,2026-08-08T23:57:46+05:30
2024-04-22,SMD-0229,TIINDIA,NSE:TIINDIA-EQ,3500.0,3565.5,3473.5,3547.25,252210,FYERS_HISTORY,2026-08-08T23:57:46+05:30
2024-04-23,SMD-0229,TIINDIA,NSE:TIINDIA-EQ,3553.35,3610.0,3534.5,3581.7,113333,FYERS_HISTORY,2026-08-08T23:57:46+05:30
2024-04-24,SMD-0229,TIINDIA,NSE:TIINDIA-EQ,3584.95,3628.0,3576.85,3607.4,90029,FYERS_HISTORY,2026-08-08T23:57:46+05:30
2024-04-25,SMD-0229,TIINDIA,NSE:TIINDIA-EQ,3602.4,3615.85,3561.0,3573.85,82363,FYERS_HISTORY,2026-08-08T23:57:46+05:30
2024-04-26,SMD-0229,TIINDIA,NSE:TIINDIA-EQ,3596.0,3659.0,3535.0,3624.0,160742,FYERS_HISTORY,2026-08-08T23:57:46+05:30
2024-04-29,SMD-0229,TIINDIA,NSE:TIINDIA-EQ,3643.0,3724.0,3612.05,3707.6,341548,FYERS_HISTORY,2026-08-08T23:57:46+05:30
2024-04-30,SMD-0229,TIINDIA,NSE:TIINDIA-EQ,3719.95,3760.0,3665.0,3742.6,191950,FYERS_HISTORY,2026-08-08T23:57:46+05:30
2024-05-02,SMD-0229,TIINDIA,NSE:TIINDIA-EQ,3760.0,3795.85,3726.0,3791.0,388320,FYERS_HISTORY,2026-08-08T23:57:46+05:30
2024-05-03,SMD-0229,TIINDIA,NSE:TIINDIA-EQ,3804.95,3825.8,3753.0,3819.45,178775,FYERS_HISTORY,2026-08-08T23:57:46+05:30
2024-05-06,SMD-0229,TIINDIA,NSE:TIINDIA-EQ,3821.0,4030.0,3809.05,4013.4,619349,FYERS_HISTORY,2026-08-08T23:57:46+05:30
2024-05-07,SMD-0229,TIINDIA,NSE:TIINDIA-EQ,4023.0,4023.0,3891.3,4001.85,273348,FYERS_HISTORY,2026-08-08T23:57:46+05:30
2024-05-08,SMD-0229,TIINDIA,NSE:TIINDIA-EQ,3975.0,4088.7,3855.0,4010.55,361740,FYERS_HISTORY,2026-08-08T23:57:46+05:30
2024-05-09,SMD-0229,TIINDIA,NSE:TIINDIA-EQ,3988.0,4009.0,3863.0,3948.35,130267,FYERS_HISTORY,2026-08-08T23:57:46+05:30
2024-05-10,SMD-0229,TIINDIA,NSE:TIINDIA-EQ,3930.1,4162.5,3870.3,4069.95,162588,FYERS_HISTORY,2026-08-08T23:57:46+05:30
2024-05-13,SMD-0229,TIINDIA,NSE:TIINDIA-EQ,4090.0,4090.0,3900.0,3935.1,239543,FYERS_HISTORY,2026-08-08T23:57:46+05:30
2024-05-14,SMD-0229,TIINDIA,NSE:TIINDIA-EQ,3861.0,3934.0,3750.0,3757.55,312749,FYERS_HISTORY,2026-08-08T23:57:46+05:30
2024-05-15,SMD-0229,TIINDIA,NSE:TIINDIA-EQ,3743.05,3812.3,3706.25,3786.8,325002,FYERS_HISTORY,2026-08-08T23:57:46+05:30
2024-05-16,SMD-0229,TIINDIA,NSE:TIINDIA-EQ,3798.0,3819.5,3685.95,3765.1,472768,FYERS_HISTORY,2026-08-08T23:57:46+05:30
2024-05-17,SMD-0229,TIINDIA,NSE:TIINDIA-EQ,3794.5,3827.65,3744.8,3804.85,275537,FYERS_HISTORY,2026-08-08T23:57:46+05:30
2024-05-18,SMD-0229,TIINDIA,NSE:TIINDIA-EQ,3819.95,3820.0,3780.0,3799.7,8237,FYERS_HISTORY,2026-08-08T23:57:46+05:30
2024-05-21,SMD-0229,TIINDIA,NSE:TIINDIA-EQ,3795.1,3795.1,3665.0,3679.85,386526,FYERS_HISTORY,2026-08-08T23:57:46+05:30
2024-05-22,SMD-0229,TIINDIA,NSE:TIINDIA-EQ,3679.9,3709.8,3620.0,3699.75,415146,FYERS_HISTORY,2026-08-08T23:57:46+05:30
2024-05-23,SMD-0229,TIINDIA,NSE:TIINDIA-EQ,3725.0,3841.35,3697.1,3824.65,136090,FYERS_HISTORY,2026-08-08T23:57:46+05:30
2024-05-24,SMD-0229,TIINDIA,NSE:TIINDIA-EQ,3801.45,3874.45,3754.0,3825.2,107199,FYERS_HISTORY,2026-08-08T23:57:46+05:30
2024-05-27,SMD-0229,TIINDIA,NSE:TIINDIA-EQ,3825.2,3868.0,3782.2,3807.3,146473,FYERS_HISTORY,2026-08-08T23:57:46+05:30
2024-05-28,SMD-0229,TIINDIA,NSE:TIINDIA-EQ,3800.0,3849.7,3725.35,3806.0,179124,FYERS_HISTORY,2026-08-08T23:57:46+05:30
2024-05-29,SMD-0229,TIINDIA,NSE:TIINDIA-EQ,3775.9,3804.5,3687.6,3721.0,152631,FYERS_HISTORY,2026-08-08T23:57:46+05:30
2024-05-30,SMD-0229,TIINDIA,NSE:TIINDIA-EQ,3715.35,3729.0,3665.0,3699.95,158635,FYERS_HISTORY,2026-08-08T23:57:46+05:30
2024-05-31,SMD-0229,TIINDIA,NSE:TIINDIA-EQ,3500.0,3764.3,3500.0,3576.85,780952,FYERS_HISTORY,2026-08-08T23:57:46+05:30
2024-06-03,SMD-0229,TIINDIA,NSE:TIINDIA-EQ,3699.6,3880.0,3640.0,3835.3,266777,FYERS_HISTORY,2026-08-08T23:57:46+05:30
2024-06-04,SMD-0229,TIINDIA,NSE:TIINDIA-EQ,3849.0,3883.95,3515.05,3768.15,399473,FYERS_HISTORY,2026-08-08T23:57:46+05:30
2024-06-05,SMD-0229,TIINDIA,NSE:TIINDIA-EQ,3768.0,3810.25,3556.3,3714.8,365664,FYERS_HISTORY,2026-08-08T23:57:46+05:30
2024-06-06,SMD-0229,TIINDIA,NSE:TIINDIA-EQ,3770.0,3904.25,3742.2,3861.5,167098,FYERS_HISTORY,2026-08-08T23:57:46+05:30
2024-06-07,SMD-0229,TIINDIA,NSE:TIINDIA-EQ,3869.35,3955.4,3850.05,3930.75,241815,FYERS_HISTORY,2026-08-08T23:57:46+05:30
2024-06-10,SMD-0229,TIINDIA,NSE:TIINDIA-EQ,3935.0,4004.1,3929.2,3959.55,245880,FYERS_HISTORY,2026-08-08T23:57:46+05:30
2024-06-11,SMD-0229,TIINDIA,NSE:TIINDIA-EQ,3975.0,4090.4,3965.0,4064.55,244267,FYERS_HISTORY,2026-08-08T23:57:46+05:30
2024-06-12,SMD-0229,TIINDIA,NSE:TIINDIA-EQ,4149.0,4264.55,4052.0,4085.45,358711,FYERS_HISTORY,2026-08-08T23:57:46+05:30
2024-06-13,SMD-0229,TIINDIA,NSE:TIINDIA-EQ,4105.0,4250.0,4085.0,4237.0,188561,FYERS_HISTORY,2026-08-08T23:57:46+05:30
2024-06-14,SMD-0229,TIINDIA,NSE:TIINDIA-EQ,4230.0,4320.0,4180.05,4307.0,458806,FYERS_HISTORY,2026-08-08T23:57:46+05:30
2024-06-18,SMD-0229,TIINDIA,NSE:TIINDIA-EQ,4329.0,4400.0,4253.0,4363.25,404976,FYERS_HISTORY,2026-08-08T23:57:46+05:30
2024-06-19,SMD-0229,TIINDIA,NSE:TIINDIA-EQ,4350.0,4395.85,4287.55,4357.85,283012,FYERS_HISTORY,2026-08-08T23:57:46+05:30
2024-06-20,SMD-0229,TIINDIA,NSE:TIINDIA-EQ,4335.1,4344.15,4172.0,4213.4,184232,FYERS_HISTORY,2026-08-08T23:57:46+05:30
2024-06-21,SMD-0229,TIINDIA,NSE:TIINDIA-EQ,4223.95,4223.95,3925.15,3983.25,1366218,FYERS_HISTORY,2026-08-08T23:57:46+05:30
2024-06-24,SMD-0229,TIINDIA,NSE:TIINDIA-EQ,3990.0,4358.35,3955.0,4288.15,743284,FYERS_HISTORY,2026-08-08T23:57:46+05:30
2024-06-25,SMD-0229,TIINDIA,NSE:TIINDIA-EQ,4230.0,4243.45,4160.0,4205.7,243966,FYERS_HISTORY,2026-08-08T23:57:46+05:30
2024-06-26,SMD-0229,TIINDIA,NSE:TIINDIA-EQ,4172.05,4259.0,4150.0,4232.75,370385,FYERS_HISTORY,2026-08-08T23:57:46+05:30
2024-06-27,SMD-0229,TIINDIA,NSE:TIINDIA-EQ,4241.0,4257.45,4142.0,4203.8,142381,FYERS_HISTORY,2026-08-08T23:57:46+05:30
2024-06-28,SMD-0229,TIINDIA,NSE:TIINDIA-EQ,4203.8,4283.8,4172.6,4259.25,157558,FYERS_HISTORY,2026-08-08T23:57:46+05:30
2024-07-01,SMD-0229,TIINDIA,NSE:TIINDIA-EQ,4250.0,4258.95,4175.45,4235.1,192829,FYERS_HISTORY,2026-08-08T23:57:46+05:30
2024-07-02,SMD-0229,TIINDIA,NSE:TIINDIA-EQ,4235.15,4240.6,4087.15,4114.25,195465,FYERS_HISTORY,2026-08-08T23:57:46+05:30
2024-07-03,SMD-0229,TIINDIA,NSE:TIINDIA-EQ,4165.2,4230.0,4116.75,4201.35,348476,FYERS_HISTORY,2026-08-08T23:57:46+05:30
2024-07-04,SMD-0229,TIINDIA,NSE:TIINDIA-EQ,4209.0,4424.9,4160.0,4326.9,132102,FYERS_HISTORY,2026-08-08T23:57:46+05:30
2024-07-05,SMD-0229,TIINDIA,NSE:TIINDIA-EQ,4299.9,4300.0,4171.0,4231.8,230894,FYERS_HISTORY,2026-08-08T23:57:46+05:30
2024-07-08,SMD-0229,TIINDIA,NSE:TIINDIA-EQ,4254.0,4405.0,4171.1,4329.25,271201,FYERS_HISTORY,2026-08-08T23:57:46+05:30
2024-07-09,SMD-0229,TIINDIA,NSE:TIINDIA-EQ,4339.8,4540.05,4256.0,4411.7,328072,FYERS_HISTORY,2026-08-08T23:57:46+05:30
2024-07-10,SMD-0229,TIINDIA,NSE:TIINDIA-EQ,4414.8,4681.7,4262.0,4528.65,331361,FYERS_HISTORY,2026-08-08T23:57:46+05:30
2024-07-11,SMD-0229,TIINDIA,NSE:TIINDIA-EQ,4590.0,4590.0,4224.0,4248.7,1852939,FYERS_HISTORY,2026-08-08T23:57:46+05:30
2024-07-12,SMD-0229,TIINDIA,NSE:TIINDIA-EQ,4248.7,4267.35,4110.0,4153.7,298485,FYERS_HISTORY,2026-08-08T23:57:46+05:30
2024-07-15,SMD-0229,TIINDIA,NSE:TIINDIA-EQ,4160.0,4160.75,4059.15,4079.25,336535,FYERS_HISTORY,2026-08-08T23:57:46+05:30
2024-07-16,SMD-0229,TIINDIA,NSE:TIINDIA-EQ,4086.0,4144.65,4065.0,4095.2,202389,FYERS_HISTORY,2026-08-08T23:57:46+05:30
2024-07-18,SMD-0229,TIINDIA,NSE:TIINDIA-EQ,4094.8,4155.0,3982.0,4093.2,507647,FYERS_HISTORY,2026-08-08T23:57:46+05:30
2024-07-19,SMD-0229,TIINDIA,NSE:TIINDIA-EQ,4090.0,4095.8,3980.0,4002.35,131625,FYERS_HISTORY,2026-08-08T23:57:46+05:30
2024-07-22,SMD-0229,TIINDIA,NSE:TIINDIA-EQ,3990.0,4154.8,3954.6,4119.6,123802,FYERS_HISTORY,2026-08-08T23:57:46+05:30
2024-07-23,SMD-0229,TIINDIA,NSE:TIINDIA-EQ,4140.0,4191.85,3942.05,4013.6,167080,FYERS_HISTORY,2026-08-08T23:57:46+05:30
2024-07-24,SMD-0229,TIINDIA,NSE:TIINDIA-EQ,4027.0,4060.0,3941.0,3955.4,208599,FYERS_HISTORY,2026-08-08T23:57:46+05:30
2024-07-25,SMD-0229,TIINDIA,NSE:TIINDIA-EQ,3940.1,4077.0,3911.15,4030.0,216651,FYERS_HISTORY,2026-08-08T23:57:46+05:30
2024-07-26,SMD-0229,TIINDIA,NSE:TIINDIA-EQ,4050.0,4185.0,4050.0,4162.95,222412,FYERS_HISTORY,2026-08-08T23:57:46+05:30
2024-07-29,SMD-0229,TIINDIA,NSE:TIINDIA-EQ,4175.0,4210.0,4069.15,4158.55,611339,FYERS_HISTORY,2026-08-08T23:57:46+05:30
2024-07-30,SMD-0229,TIINDIA,NSE:TIINDIA-EQ,4148.05,4238.25,4125.75,4183.9,446528,FYERS_HISTORY,2026-08-08T23:57:46+05:30
2024-07-31,SMD-0229,TIINDIA,NSE:TIINDIA-EQ,4220.0,4220.0,4121.3,4138.55,140938,FYERS_HISTORY,2026-08-08T23:57:46+05:30
2024-08-01,SMD-0229,TIINDIA,NSE:TIINDIA-EQ,4168.0,4171.15,4035.15,4089.85,278189,FYERS_HISTORY,2026-08-08T23:57:46+05:30
2024-08-02,SMD-0229,TIINDIA,NSE:TIINDIA-EQ,4089.0,4131.0,4001.1,4050.2,115859,FYERS_HISTORY,2026-08-08T23:57:46+05:30
2024-08-05,SMD-0229,TIINDIA,NSE:TIINDIA-EQ,3966.75,4108.9,3859.5,4006.25,454469,FYERS_HISTORY,2026-08-08T23:57:46+05:30
2024-08-06,SMD-0229,TIINDIA,NSE:TIINDIA-EQ,4045.0,4110.0,3906.0,4030.15,145164,FYERS_HISTORY,2026-08-08T23:57:46+05:30
2024-08-07,SMD-0229,TIINDIA,NSE:TIINDIA-EQ,4059.9,4129.9,4015.15,4099.7,119984,FYERS_HISTORY,2026-08-08T23:57:46+05:30
2024-08-08,SMD-0229,TIINDIA,NSE:TIINDIA-EQ,4108.0,4110.85,3980.05,4007.8,126117,FYERS_HISTORY,2026-08-08T23:57:46+05:30
2024-08-09,SMD-0229,TIINDIA,NSE:TIINDIA-EQ,4015.1,4054.9,3985.0,4007.15,69435,FYERS_HISTORY,2026-08-08T23:57:46+05:30
2024-08-12,SMD-0229,TIINDIA,NSE:TIINDIA-EQ,4007.5,4012.9,3901.3,3918.2,176234,FYERS_HISTORY,2026-08-08T23:57:46+05:30
2024-08-13,SMD-0229,TIINDIA,NSE:TIINDIA-EQ,3949.45,4045.5,3926.15,3973.95,114377,FYERS_HISTORY,2026-08-08T23:57:46+05:30
2024-08-14,SMD-0229,TIINDIA,NSE:TIINDIA-EQ,3994.75,3994.75,3900.0,3923.55,114387,FYERS_HISTORY,2026-08-08T23:57:46+05:30
2024-08-16,SMD-0229,TIINDIA,NSE:TIINDIA-EQ,3944.2,4029.95,3944.2,4011.25,195302,FYERS_HISTORY,2026-08-08T23:57:46+05:30
2024-08-19,SMD-0229,TIINDIA,NSE:TIINDIA-EQ,4011.25,4059.65,3965.0,3983.8,95473,FYERS_HISTORY,2026-08-08T23:57:46+05:30
2024-08-20,SMD-0229,TIINDIA,NSE:TIINDIA-EQ,4012.55,4128.0,3983.8,4113.55,170631,FYERS_HISTORY,2026-08-08T23:57:46+05:30
2024-08-21,SMD-0229,TIINDIA,NSE:TIINDIA-EQ,4129.0,4129.0,4035.0,4050.8,78249,FYERS_HISTORY,2026-08-08T23:57:46+05:30
2024-08-22,SMD-0229,TIINDIA,NSE:TIINDIA-EQ,4068.25,4148.9,4061.55,4137.8,191312,FYERS_HISTORY,2026-08-08T23:57:46+05:30
2024-08-23,SMD-0229,TIINDIA,NSE:TIINDIA-EQ,4160.0,4160.0,4050.0,4064.4,84451,FYERS_HISTORY,2026-08-08T23:57:46+05:30
2024-08-26,SMD-0229,TIINDIA,NSE:TIINDIA-EQ,4070.0,4151.0,4027.55,4120.1,190639,FYERS_HISTORY,2026-08-08T23:57:46+05:30
2024-08-27,SMD-0229,TIINDIA,NSE:TIINDIA-EQ,4139.0,4185.0,4106.1,4158.65,128102,FYERS_HISTORY,2026-08-08T23:57:46+05:30
2024-08-28,SMD-0229,TIINDIA,NSE:TIINDIA-EQ,4167.1,4197.0,4085.15,4154.2,98361,FYERS_HISTORY,2026-08-08T23:57:46+05:30
2024-08-29,SMD-0229,TIINDIA,NSE:TIINDIA-EQ,4154.0,4163.2,3993.05,4004.55,151641,FYERS_HISTORY,2026-08-08T23:57:46+05:30
2024-08-30,SMD-0229,TIINDIA,NSE:TIINDIA-EQ,4050.0,4058.0,3985.1,4030.8,318567,FYERS_HISTORY,2026-08-08T23:57:46+05:30
2024-09-02,SMD-0229,TIINDIA,NSE:TIINDIA-EQ,4058.0,4117.0,4022.0,4100.2,100956,FYERS_HISTORY,2026-08-08T23:57:46+05:30
2024-09-03,SMD-0229,TIINDIA,NSE:TIINDIA-EQ,4112.0,4168.85,4061.15,4085.55,150483,FYERS_HISTORY,2026-08-08T23:57:46+05:30
2024-09-04,SMD-0229,TIINDIA,NSE:TIINDIA-EQ,4075.0,4136.05,4052.05,4121.55,110233,FYERS_HISTORY,2026-08-08T23:57:46+05:30
2024-09-05,SMD-0229,TIINDIA,NSE:TIINDIA-EQ,4135.0,4145.0,4055.2,4072.55,538640,FYERS_HISTORY,2026-08-08T23:57:46+05:30
2024-09-06,SMD-0229,TIINDIA,NSE:TIINDIA-EQ,4081.9,4142.0,3892.05,3912.4,249776,FYERS_HISTORY,2026-08-08T23:57:46+05:30
2024-09-09,SMD-0229,TIINDIA,NSE:TIINDIA-EQ,3932.7,3986.0,3871.6,3896.85,165481,FYERS_HISTORY,2026-08-08T23:57:46+05:30
2024-09-10,SMD-0229,TIINDIA,NSE:TIINDIA-EQ,3909.65,3974.8,3900.0,3921.7,159258,FYERS_HISTORY,2026-08-08T23:57:46+05:30
2024-09-11,SMD-0229,TIINDIA,NSE:TIINDIA-EQ,3905.0,3954.4,3882.25,3919.65,137869,FYERS_HISTORY,2026-08-08T23:57:46+05:30
2024-09-12,SMD-0229,TIINDIA,NSE:TIINDIA-EQ,3932.45,3967.0,3916.1,3945.05,399505,FYERS_HISTORY,2026-08-08T23:57:46+05:30
2024-09-13,SMD-0229,TIINDIA,NSE:TIINDIA-EQ,3978.95,4141.95,3962.15,4097.85,844762,FYERS_HISTORY,2026-08-08T23:57:46+05:30
2024-09-16,SMD-0229,TIINDIA,NSE:TIINDIA-EQ,4099.8,4132.45,4018.3,4047.1,341445,FYERS_HISTORY,2026-08-08T23:57:46+05:30
2024-09-17,SMD-0229,TIINDIA,NSE:TIINDIA-EQ,4077.7,4166.8,4047.1,4135.65,522747,FYERS_HISTORY,2026-08-08T23:57:46+05:30
2024-09-18,SMD-0229,TIINDIA,NSE:TIINDIA-EQ,4135.65,4139.0,4003.25,4023.0,223898,FYERS_HISTORY,2026-08-08T23:57:46+05:30
2024-09-19,SMD-0229,TIINDIA,NSE:TIINDIA-EQ,4035.05,4049.15,3939.6,3979.4,270143,FYERS_HISTORY,2026-08-08T23:57:46+05:30
2024-09-20,SMD-0229,TIINDIA,NSE:TIINDIA-EQ,4019.0,4450.65,3981.15,4291.95,1412283,FYERS_HISTORY,2026-08-08T23:57:46+05:30
2024-09-23,SMD-0229,TIINDIA,NSE:TIINDIA-EQ,4186.05,4293.0,4186.05,4283.25,184617,FYERS_HISTORY,2026-08-08T23:57:46+05:30
2024-09-24,SMD-0229,TIINDIA,NSE:TIINDIA-EQ,4282.9,4366.65,4229.95,4242.1,412068,FYERS_HISTORY,2026-08-08T23:57:46+05:30
2024-09-25,SMD-0229,TIINDIA,NSE:TIINDIA-EQ,4256.0,4304.95,4132.0,4146.25,156165,FYERS_HISTORY,2026-08-08T23:57:46+05:30
2024-09-26,SMD-0229,TIINDIA,NSE:TIINDIA-EQ,4182.0,4182.0,4082.0,4116.55,284015,FYERS_HISTORY,2026-08-08T23:57:46+05:30
2024-09-27,SMD-0229,TIINDIA,NSE:TIINDIA-EQ,4124.7,4206.95,4110.25,4146.95,225368,FYERS_HISTORY,2026-08-08T23:57:46+05:30
2024-09-30,SMD-0229,TIINDIA,NSE:TIINDIA-EQ,4159.0,4406.0,4147.55,4336.05,565035,FYERS_HISTORY,2026-08-08T23:57:46+05:30
2024-10-01,SMD-0229,TIINDIA,NSE:TIINDIA-EQ,4306.0,4400.0,4246.55,4340.6,234612,FYERS_HISTORY,2026-08-08T23:57:46+05:30
2024-10-03,SMD-0229,TIINDIA,NSE:TIINDIA-EQ,4250.1,4295.2,4152.0,4188.8,189719,FYERS_HISTORY,2026-08-08T23:57:46+05:30
2024-10-04,SMD-0229,TIINDIA,NSE:TIINDIA-EQ,4178.05,4178.05,4042.8,4078.4,126615,FYERS_HISTORY,2026-08-08T23:57:46+05:30
2024-10-07,SMD-0229,TIINDIA,NSE:TIINDIA-EQ,4127.65,4127.65,3927.0,4022.6,279013,FYERS_HISTORY,2026-08-08T23:57:46+05:30
2024-10-08,SMD-0229,TIINDIA,NSE:TIINDIA-EQ,4022.6,4080.0,3965.3,4055.75,189063,FYERS_HISTORY,2026-08-08T23:57:46+05:30
2024-10-09,SMD-0229,TIINDIA,NSE:TIINDIA-EQ,4114.0,4310.7,4086.1,4183.85,349776,FYERS_HISTORY,2026-08-08T23:57:46+05:30
2024-10-10,SMD-0229,TIINDIA,NSE:TIINDIA-EQ,4205.85,4242.95,4112.0,4126.25,126312,FYERS_HISTORY,2026-08-08T23:57:46+05:30
2024-10-11,SMD-0229,TIINDIA,NSE:TIINDIA-EQ,4148.0,4259.15,4087.65,4225.65,148639,FYERS_HISTORY,2026-08-08T23:57:46+05:30
2024-10-14,SMD-0229,TIINDIA,NSE:TIINDIA-EQ,4239.95,4277.0,4167.05,4228.65,111051,FYERS_HISTORY,2026-08-08T23:57:46+05:30
2024-10-15,SMD-0229,TIINDIA,NSE:TIINDIA-EQ,4220.1,4336.0,4161.55,4326.95,240756,FYERS_HISTORY,2026-08-08T23:57:46+05:30
2024-10-16,SMD-0229,TIINDIA,NSE:TIINDIA-EQ,4320.75,4536.0,4291.45,4510.8,446074,FYERS_HISTORY,2026-08-08T23:57:46+05:30
2024-10-17,SMD-0229,TIINDIA,NSE:TIINDIA-EQ,4500.2,4510.0,4400.0,4461.35,156590,FYERS_HISTORY,2026-08-08T23:57:46+05:30
2024-10-18,SMD-0229,TIINDIA,NSE:TIINDIA-EQ,4420.8,4517.0,4400.35,4488.75,89545,FYERS_HISTORY,2026-08-08T23:57:46+05:30
2024-10-21,SMD-0229,TIINDIA,NSE:TIINDIA-EQ,4489.0,4525.3,4367.45,4387.45,123752,FYERS_HISTORY,2026-08-08T23:57:46+05:30
2024-10-22,SMD-0229,TIINDIA,NSE:TIINDIA-EQ,4352.0,4522.0,4352.0,4486.35,655536,FYERS_HISTORY,2026-08-08T23:57:46+05:30
2024-10-23,SMD-0229,TIINDIA,NSE:TIINDIA-EQ,4441.15,4810.8,4434.8,4634.95,495897,FYERS_HISTORY,2026-08-08T23:57:46+05:30
2024-10-24,SMD-0229,TIINDIA,NSE:TIINDIA-EQ,4522.0,4755.05,4466.0,4716.6,248778,FYERS_HISTORY,2026-08-08T23:57:46+05:30
2024-10-25,SMD-0229,TIINDIA,NSE:TIINDIA-EQ,4730.0,4771.15,4545.0,4627.75,99429,FYERS_HISTORY,2026-08-08T23:57:46+05:30
2024-10-28,SMD-0229,TIINDIA,NSE:TIINDIA-EQ,4616.0,4737.65,4595.0,4651.4,127536,FYERS_HISTORY,2026-08-08T23:57:46+05:30
2024-10-29,SMD-0229,TIINDIA,NSE:TIINDIA-EQ,4651.4,4660.55,4472.0,4563.3,194923,FYERS_HISTORY,2026-08-08T23:57:46+05:30
2024-10-30,SMD-0229,TIINDIA,NSE:TIINDIA-EQ,4500.0,4540.85,4430.0,4463.45,200908,FYERS_HISTORY,2026-08-08T23:57:46+05:30
2024-10-31,SMD-0229,TIINDIA,NSE:TIINDIA-EQ,4460.0,4534.75,4367.5,4481.95,118786,FYERS_HISTORY,2026-08-08T23:57:46+05:30
2024-11-01,SMD-0229,TIINDIA,NSE:TIINDIA-EQ,4540.0,4540.0,4436.0,4473.9,6218,FYERS_HISTORY,2026-08-08T23:57:46+05:30
2024-11-04,SMD-0229,TIINDIA,NSE:TIINDIA-EQ,4449.7,4515.0,4311.0,4346.95,219687,FYERS_HISTORY,2026-08-08T23:57:46+05:30
2024-11-05,SMD-0229,TIINDIA,NSE:TIINDIA-EQ,4265.0,4299.95,4106.95,4183.3,250851,FYERS_HISTORY,2026-08-08T23:57:46+05:30
2024-11-06,SMD-0229,TIINDIA,NSE:TIINDIA-EQ,4186.7,4217.4,4080.0,4096.8,168718,FYERS_HISTORY,2026-08-08T23:57:46+05:30
2024-11-07,SMD-0229,TIINDIA,NSE:TIINDIA-EQ,4118.0,4118.0,3970.0,3982.2,181372,FYERS_HISTORY,2026-08-08T23:57:46+05:30
2024-11-08,SMD-0229,TIINDIA,NSE:TIINDIA-EQ,3983.95,3983.95,3866.0,3890.55,144356,FYERS_HISTORY,2026-08-08T23:57:46+05:30
2024-11-11,SMD-0229,TIINDIA,NSE:TIINDIA-EQ,3888.05,3888.05,3580.2,3620.2,1295931,FYERS_HISTORY,2026-08-08T23:57:46+05:30
2024-11-12,SMD-0229,TIINDIA,NSE:TIINDIA-EQ,3624.85,3695.25,3540.1,3561.8,132038,FYERS_HISTORY,2026-08-08T23:57:46+05:30
2024-11-13,SMD-0229,TIINDIA,NSE:TIINDIA-EQ,3562.15,3585.0,3433.0,3447.65,149985,FYERS_HISTORY,2026-08-08T23:57:46+05:30
2024-11-14,SMD-0229,TIINDIA,NSE:TIINDIA-EQ,3466.2,3542.7,3361.6,3440.5,208267,FYERS_HISTORY,2026-08-08T23:57:46+05:30
2024-11-18,SMD-0229,TIINDIA,NSE:TIINDIA-EQ,3460.0,3482.0,3370.0,3430.6,411614,FYERS_HISTORY,2026-08-08T23:57:46+05:30
2024-11-19,SMD-0229,TIINDIA,NSE:TIINDIA-EQ,3434.1,3668.75,3415.0,3611.3,276375,FYERS_HISTORY,2026-08-08T23:57:46+05:30
2024-11-21,SMD-0229,TIINDIA,NSE:TIINDIA-EQ,3586.4,3670.0,3525.0,3543.6,255107,FYERS_HISTORY,2026-08-08T23:57:46+05:30
2024-11-22,SMD-0229,TIINDIA,NSE:TIINDIA-EQ,3562.3,3575.0,3464.85,3474.4,162265,FYERS_HISTORY,2026-08-08T23:57:46+05:30
2024-11-25,SMD-0229,TIINDIA,NSE:TIINDIA-EQ,3504.25,3535.7,3373.5,3395.3,524735,FYERS_HISTORY,2026-08-08T23:57:46+05:30
2024-11-26,SMD-0229,TIINDIA,NSE:TIINDIA-EQ,3415.0,3524.75,3415.0,3429.2,312154,FYERS_HISTORY,2026-08-08T23:57:46+05:30
2024-11-27,SMD-0229,TIINDIA,NSE:TIINDIA-EQ,3464.7,3464.7,3334.3,3389.15,550815,FYERS_HISTORY,2026-08-08T23:57:46+05:30
2024-11-28,SMD-0229,TIINDIA,NSE:TIINDIA-EQ,3405.0,3634.0,3355.0,3578.9,1015319,FYERS_HISTORY,2026-08-08T23:57:46+05:30
2024-11-29,SMD-0229,TIINDIA,NSE:TIINDIA-EQ,3580.0,3649.0,3549.05,3590.55,353301,FYERS_HISTORY,2026-08-08T23:57:46+05:30
2024-12-02,SMD-0229,TIINDIA,NSE:TIINDIA-EQ,3590.0,3629.0,3500.0,3541.85,297429,FYERS_HISTORY,2026-08-08T23:57:46+05:30
2024-12-03,SMD-0229,TIINDIA,NSE:TIINDIA-EQ,3578.1,3709.0,3578.1,3620.15,442558,FYERS_HISTORY,2026-08-08T23:57:46+05:30
2024-12-04,SMD-0229,TIINDIA,NSE:TIINDIA-EQ,3649.0,3675.3,3610.05,3659.65,292573,FYERS_HISTORY,2026-08-08T23:57:46+05:30
2024-12-05,SMD-0229,TIINDIA,NSE:TIINDIA-EQ,3690.0,3766.5,3658.7,3755.05,303481,FYERS_HISTORY,2026-08-08T23:57:46+05:30
2024-12-06,SMD-0229,TIINDIA,NSE:TIINDIA-EQ,3767.0,3767.0,3670.35,3680.15,221982,FYERS_HISTORY,2026-08-08T23:57:46+05:30
2024-12-09,SMD-0229,TIINDIA,NSE:TIINDIA-EQ,3699.5,3798.0,3673.55,3710.15,339027,FYERS_HISTORY,2026-08-08T23:57:46+05:30
2024-12-10,SMD-0229,TIINDIA,NSE:TIINDIA-EQ,3745.0,3745.0,3663.2,3698.65,142835,FYERS_HISTORY,2026-08-08T23:57:46+05:30
2024-12-11,SMD-0229,TIINDIA,NSE:TIINDIA-EQ,3698.7,3739.05,3659.25,3680.2,196346,FYERS_HISTORY,2026-08-08T23:57:46+05:30
2024-12-12,SMD-0229,TIINDIA,NSE:TIINDIA-EQ,3705.0,3709.0,3651.0,3659.25,123884,FYERS_HISTORY,2026-08-08T23:57:46+05:30
2024-12-13,SMD-0229,TIINDIA,NSE:TIINDIA-EQ,3648.0,3673.95,3564.9,3653.65,101918,FYERS_HISTORY,2026-08-08T23:57:46+05:30
2024-12-16,SMD-0229,TIINDIA,NSE:TIINDIA-EQ,3650.0,3769.8,3625.25,3753.7,229967,FYERS_HISTORY,2026-08-08T23:57:46+05:30
2024-12-17,SMD-0229,TIINDIA,NSE:TIINDIA-EQ,3740.0,3779.55,3672.1,3705.2,292669,FYERS_HISTORY,2026-08-08T23:57:46+05:30
2024-12-18,SMD-0229,TIINDIA,NSE:TIINDIA-EQ,3705.2,3757.75,3656.35,3749.05,158703,FYERS_HISTORY,2026-08-08T23:57:46+05:30
2024-12-19,SMD-0229,TIINDIA,NSE:TIINDIA-EQ,3700.1,3799.0,3672.2,3791.4,170455,FYERS_HISTORY,2026-08-08T23:57:46+05:30
2024-12-20,SMD-0229,TIINDIA,NSE:TIINDIA-EQ,3791.4,3825.0,3592.85,3619.1,385690,FYERS_HISTORY,2026-08-08T23:57:46+05:30
2024-12-23,SMD-0229,TIINDIA,NSE:TIINDIA-EQ,3610.05,3670.5,3602.1,3621.0,72563,FYERS_HISTORY,2026-08-08T23:57:46+05:30
2024-12-24,SMD-0229,TIINDIA,NSE:TIINDIA-EQ,3620.0,3624.95,3568.25,3579.15,102134,FYERS_HISTORY,2026-08-08T23:57:46+05:30
2024-12-26,SMD-0229,TIINDIA,NSE:TIINDIA-EQ,3579.15,3652.45,3514.3,3636.9,177832,FYERS_HISTORY,2026-08-08T23:57:47+05:30
2024-12-27,SMD-0229,TIINDIA,NSE:TIINDIA-EQ,3644.9,3648.85,3586.0,3589.5,95149,FYERS_HISTORY,2026-08-08T23:57:47+05:30
2024-12-30,SMD-0229,TIINDIA,NSE:TIINDIA-EQ,3575.0,3611.3,3521.05,3540.65,125646,FYERS_HISTORY,2026-08-08T23:57:47+05:30
2024-12-31,SMD-0229,TIINDIA,NSE:TIINDIA-EQ,3535.0,3604.6,3489.25,3576.25,160932,FYERS_HISTORY,2026-08-08T23:57:47+05:30
2025-01-01,SMD-0229,TIINDIA,NSE:TIINDIA-EQ,3556.25,3587.35,3526.35,3579.9,54944,FYERS_HISTORY,2026-08-08T23:57:47+05:30
2025-01-02,SMD-0229,TIINDIA,NSE:TIINDIA-EQ,3552.0,3688.0,3552.0,3672.45,386164,FYERS_HISTORY,2026-08-08T23:57:47+05:30
2025-01-03,SMD-0229,TIINDIA,NSE:TIINDIA-EQ,3672.05,3693.6,3595.0,3609.65,125052,FYERS_HISTORY,2026-08-08T23:57:47+05:30
2025-01-06,SMD-0229,TIINDIA,NSE:TIINDIA-EQ,3602.0,3609.65,3472.1,3489.6,203051,FYERS_HISTORY,2026-08-08T23:57:47+05:30
2025-01-07,SMD-0229,TIINDIA,NSE:TIINDIA-EQ,3492.0,3516.35,3450.0,3473.7,192699,FYERS_HISTORY,2026-08-08T23:57:47+05:30
2025-01-08,SMD-0229,TIINDIA,NSE:TIINDIA-EQ,3504.9,3530.0,3425.0,3521.95,198255,FYERS_HISTORY,2026-08-08T23:57:47+05:30
2025-01-09,SMD-0229,TIINDIA,NSE:TIINDIA-EQ,3504.35,3673.65,3500.0,3568.3,303185,FYERS_HISTORY,2026-08-08T23:57:47+05:30
2025-01-10,SMD-0229,TIINDIA,NSE:TIINDIA-EQ,3550.0,3568.35,3442.35,3454.5,117121,FYERS_HISTORY,2026-08-08T23:57:47+05:30
2025-01-13,SMD-0229,TIINDIA,NSE:TIINDIA-EQ,3406.1,3448.3,3219.45,3230.9,247531,FYERS_HISTORY,2026-08-08T23:57:47+05:30
2025-01-14,SMD-0229,TIINDIA,NSE:TIINDIA-EQ,3280.4,3366.95,3270.4,3321.3,217620,FYERS_HISTORY,2026-08-08T23:57:47+05:30
2025-01-15,SMD-0229,TIINDIA,NSE:TIINDIA-EQ,3319.0,3330.75,3253.2,3297.8,159381,FYERS_HISTORY,2026-08-08T23:57:47+05:30
2025-01-16,SMD-0229,TIINDIA,NSE:TIINDIA-EQ,3340.0,3388.95,3303.5,3322.05,118505,FYERS_HISTORY,2026-08-08T23:57:47+05:30
2025-01-17,SMD-0229,TIINDIA,NSE:TIINDIA-EQ,3321.0,3427.95,3315.25,3408.8,216890,FYERS_HISTORY,2026-08-08T23:57:47+05:30
2025-01-20,SMD-0229,TIINDIA,NSE:TIINDIA-EQ,3402.25,3481.15,3339.25,3438.45,239574,FYERS_HISTORY,2026-08-08T23:57:47+05:30
2025-01-21,SMD-0229,TIINDIA,NSE:TIINDIA-EQ,3428.1,3485.0,3348.2,3380.25,104395,FYERS_HISTORY,2026-08-08T23:57:47+05:30
2025-01-22,SMD-0229,TIINDIA,NSE:TIINDIA-EQ,3380.25,3392.5,3204.05,3233.95,215740,FYERS_HISTORY,2026-08-08T23:57:47+05:30
2025-01-23,SMD-0229,TIINDIA,NSE:TIINDIA-EQ,3220.15,3385.6,3220.0,3363.7,161532,FYERS_HISTORY,2026-08-08T23:57:47+05:30
2025-01-24,SMD-0229,TIINDIA,NSE:TIINDIA-EQ,3356.1,3385.95,3218.0,3232.15,140970,FYERS_HISTORY,2026-08-08T23:57:47+05:30
2025-01-27,SMD-0229,TIINDIA,NSE:TIINDIA-EQ,3224.05,3232.7,3178.85,3205.05,188365,FYERS_HISTORY,2026-08-08T23:57:47+05:30
2025-01-28,SMD-0229,TIINDIA,NSE:TIINDIA-EQ,3205.05,3214.2,3069.0,3138.3,364806,FYERS_HISTORY,2026-08-08T23:57:47+05:30
2025-01-29,SMD-0229,TIINDIA,NSE:TIINDIA-EQ,3125.0,3275.0,3125.0,3199.45,332823,FYERS_HISTORY,2026-08-08T23:57:47+05:30
2025-01-30,SMD-0229,TIINDIA,NSE:TIINDIA-EQ,3200.0,3304.8,3191.0,3288.55,530165,FYERS_HISTORY,2026-08-08T23:57:47+05:30
2025-01-31,SMD-0229,TIINDIA,NSE:TIINDIA-EQ,3308.4,3354.0,3269.15,3322.1,239709,FYERS_HISTORY,2026-08-08T23:57:47+05:30
2025-02-01,SMD-0229,TIINDIA,NSE:TIINDIA-EQ,3322.1,3341.85,3139.95,3175.0,86192,FYERS_HISTORY,2026-08-08T23:57:47+05:30
2025-02-03,SMD-0229,TIINDIA,NSE:TIINDIA-EQ,3175.0,3203.05,2982.25,3044.8,683442,FYERS_HISTORY,2026-08-08T23:57:47+05:30
2025-02-04,SMD-0229,TIINDIA,NSE:TIINDIA-EQ,3089.15,3180.0,3071.35,3092.6,370784,FYERS_HISTORY,2026-08-08T23:57:47+05:30
2025-02-05,SMD-0229,TIINDIA,NSE:TIINDIA-EQ,3090.0,3097.35,2972.15,2982.5,309813,FYERS_HISTORY,2026-08-08T23:57:47+05:30
2025-02-06,SMD-0229,TIINDIA,NSE:TIINDIA-EQ,3012.35,3015.5,2955.0,2966.15,137426,FYERS_HISTORY,2026-08-08T23:57:47+05:30
2025-02-07,SMD-0229,TIINDIA,NSE:TIINDIA-EQ,2967.15,2970.0,2890.0,2909.85,230951,FYERS_HISTORY,2026-08-08T23:57:47+05:30
2025-02-10,SMD-0229,TIINDIA,NSE:TIINDIA-EQ,2909.85,2950.85,2855.0,2868.2,191328,FYERS_HISTORY,2026-08-08T23:57:47+05:30
2025-02-11,SMD-0229,TIINDIA,NSE:TIINDIA-EQ,2875.0,2875.05,2718.6,2739.6,303930,FYERS_HISTORY,2026-08-08T23:57:47+05:30
2025-02-12,SMD-0229,TIINDIA,NSE:TIINDIA-EQ,2739.6,2753.45,2632.1,2682.6,381123,FYERS_HISTORY,2026-08-08T23:57:47+05:30
2025-02-13,SMD-0229,TIINDIA,NSE:TIINDIA-EQ,2680.0,2751.0,2680.0,2713.3,231612,FYERS_HISTORY,2026-08-08T23:57:47+05:30
2025-02-14,SMD-0229,TIINDIA,NSE:TIINDIA-EQ,2744.0,2744.0,2555.0,2580.5,287747,FYERS_HISTORY,2026-08-08T23:57:47+05:30
2025-02-17,SMD-0229,TIINDIA,NSE:TIINDIA-EQ,2540.05,2612.95,2513.5,2603.6,558105,FYERS_HISTORY,2026-08-08T23:57:47+05:30
2025-02-18,SMD-0229,TIINDIA,NSE:TIINDIA-EQ,2601.0,2636.0,2589.0,2609.9,263849,FYERS_HISTORY,2026-08-08T23:57:47+05:30
2025-02-19,SMD-0229,TIINDIA,NSE:TIINDIA-EQ,2600.0,2693.6,2585.7,2678.0,223287,FYERS_HISTORY,2026-08-08T23:57:47+05:30
2025-02-20,SMD-0229,TIINDIA,NSE:TIINDIA-EQ,2645.05,2784.0,2645.05,2762.9,291099,FYERS_HISTORY,2026-08-08T23:57:47+05:30
2025-02-21,SMD-0229,TIINDIA,NSE:TIINDIA-EQ,2732.0,2797.15,2673.0,2685.65,150504,FYERS_HISTORY,2026-08-08T23:57:47+05:30
2025-02-24,SMD-0229,TIINDIA,NSE:TIINDIA-EQ,2660.0,2686.7,2600.0,2662.7,221148,FYERS_HISTORY,2026-08-08T23:57:47+05:30
2025-02-25,SMD-0229,TIINDIA,NSE:TIINDIA-EQ,2630.0,2673.3,2581.6,2595.45,211611,FYERS_HISTORY,2026-08-08T23:57:47+05:30
2025-02-27,SMD-0229,TIINDIA,NSE:TIINDIA-EQ,2590.05,2603.95,2519.3,2543.8,249191,FYERS_HISTORY,2026-08-08T23:57:47+05:30
2025-02-28,SMD-0229,TIINDIA,NSE:TIINDIA-EQ,2516.4,2539.0,2407.1,2462.15,572222,FYERS_HISTORY,2026-08-08T23:57:47+05:30
2025-03-03,SMD-0229,TIINDIA,NSE:TIINDIA-EQ,2462.15,2658.35,2419.35,2640.1,1304481,FYERS_HISTORY,2026-08-08T23:57:47+05:30
2025-03-04,SMD-0229,TIINDIA,NSE:TIINDIA-EQ,2600.0,2760.0,2580.0,2718.7,748292,FYERS_HISTORY,2026-08-08T23:57:47+05:30
2025-03-05,SMD-0229,TIINDIA,NSE:TIINDIA-EQ,2678.0,2729.0,2660.25,2697.45,326866,FYERS_HISTORY,2026-08-08T23:57:47+05:30
2025-03-06,SMD-0229,TIINDIA,NSE:TIINDIA-EQ,2705.05,2710.95,2615.0,2650.15,814424,FYERS_HISTORY,2026-08-08T23:57:47+05:30
2025-03-07,SMD-0229,TIINDIA,NSE:TIINDIA-EQ,2650.15,2717.0,2642.05,2701.8,273725,FYERS_HISTORY,2026-08-08T23:57:47+05:30
2025-03-10,SMD-0229,TIINDIA,NSE:TIINDIA-EQ,2706.0,2757.0,2684.95,2714.6,749279,FYERS_HISTORY,2026-08-08T23:57:47+05:30
2025-03-11,SMD-0229,TIINDIA,NSE:TIINDIA-EQ,2700.0,2929.0,2691.15,2882.05,2398652,FYERS_HISTORY,2026-08-08T23:57:47+05:30
2025-03-12,SMD-0229,TIINDIA,NSE:TIINDIA-EQ,2885.0,2928.0,2848.95,2917.95,252547,FYERS_HISTORY,2026-08-08T23:57:47+05:30
2025-03-13,SMD-0229,TIINDIA,NSE:TIINDIA-EQ,2915.5,2964.55,2890.15,2926.55,375430,FYERS_HISTORY,2026-08-08T23:57:47+05:30
2025-03-17,SMD-0229,TIINDIA,NSE:TIINDIA-EQ,2897.0,2917.0,2815.0,2833.75,368854,FYERS_HISTORY,2026-08-08T23:57:47+05:30
2025-03-18,SMD-0229,TIINDIA,NSE:TIINDIA-EQ,2851.0,2892.0,2822.85,2871.85,617128,FYERS_HISTORY,2026-08-08T23:57:47+05:30
2025-03-19,SMD-0229,TIINDIA,NSE:TIINDIA-EQ,2871.85,2903.85,2848.55,2859.4,459454,FYERS_HISTORY,2026-08-08T23:57:47+05:30
2025-03-20,SMD-0229,TIINDIA,NSE:TIINDIA-EQ,2861.95,2967.5,2861.95,2891.3,521867,FYERS_HISTORY,2026-08-08T23:57:47+05:30
2025-03-21,SMD-0229,TIINDIA,NSE:TIINDIA-EQ,2909.0,2922.45,2863.6,2872.15,375417,FYERS_HISTORY,2026-08-08T23:57:47+05:30
2025-03-24,SMD-0229,TIINDIA,NSE:TIINDIA-EQ,2879.95,2899.7,2845.1,2854.7,245341,FYERS_HISTORY,2026-08-08T23:57:47+05:30
2025-03-25,SMD-0229,TIINDIA,NSE:TIINDIA-EQ,2896.65,2896.65,2763.8,2772.4,529116,FYERS_HISTORY,2026-08-08T23:57:47+05:30
2025-03-26,SMD-0229,TIINDIA,NSE:TIINDIA-EQ,2768.0,2785.0,2692.3,2710.7,1089026,FYERS_HISTORY,2026-08-08T23:57:47+05:30
2025-03-27,SMD-0229,TIINDIA,NSE:TIINDIA-EQ,2701.0,2784.2,2676.5,2761.9,734224,FYERS_HISTORY,2026-08-08T23:57:47+05:30
2025-03-28,SMD-0229,TIINDIA,NSE:TIINDIA-EQ,2756.0,2823.3,2748.0,2769.35,171678,FYERS_HISTORY,2026-08-08T23:57:47+05:30
2025-04-01,SMD-0229,TIINDIA,NSE:TIINDIA-EQ,2760.0,2786.35,2683.95,2694.15,183941,FYERS_HISTORY,2026-08-08T23:57:47+05:30
2025-04-02,SMD-0229,TIINDIA,NSE:TIINDIA-EQ,2699.5,2749.0,2652.65,2732.55,143638,FYERS_HISTORY,2026-08-08T23:57:47+05:30
2025-04-03,SMD-0229,TIINDIA,NSE:TIINDIA-EQ,2716.4,2732.55,2686.2,2699.65,171681,FYERS_HISTORY,2026-08-08T23:57:47+05:30
2025-04-04,SMD-0229,TIINDIA,NSE:TIINDIA-EQ,2686.2,2686.75,2618.55,2637.25,220889,FYERS_HISTORY,2026-08-08T23:57:47+05:30
2025-04-07,SMD-0229,TIINDIA,NSE:TIINDIA-EQ,2501.0,2595.7,2490.05,2578.95,241065,FYERS_HISTORY,2026-08-08T23:57:47+05:30
2025-04-08,SMD-0229,TIINDIA,NSE:TIINDIA-EQ,2613.0,2626.35,2550.1,2569.1,209712,FYERS_HISTORY,2026-08-08T23:57:47+05:30
2025-04-09,SMD-0229,TIINDIA,NSE:TIINDIA-EQ,2571.95,2609.95,2486.75,2500.05,514081,FYERS_HISTORY,2026-08-08T23:57:47+05:30
2025-04-11,SMD-0229,TIINDIA,NSE:TIINDIA-EQ,2555.05,2596.65,2500.0,2509.7,489493,FYERS_HISTORY,2026-08-08T23:57:47+05:30
2025-04-15,SMD-0229,TIINDIA,NSE:TIINDIA-EQ,2583.9,2593.0,2509.4,2570.7,391824,FYERS_HISTORY,2026-08-08T23:57:47+05:30
2025-04-16,SMD-0229,TIINDIA,NSE:TIINDIA-EQ,2588.0,2588.0,2497.6,2503.6,881781,FYERS_HISTORY,2026-08-08T23:57:47+05:30
2025-04-17,SMD-0229,TIINDIA,NSE:TIINDIA-EQ,2515.0,2534.0,2463.1,2495.8,777246,FYERS_HISTORY,2026-08-08T23:57:47+05:30
2025-04-21,SMD-0229,TIINDIA,NSE:TIINDIA-EQ,2510.0,2601.0,2485.5,2593.3,674424,FYERS_HISTORY,2026-08-08T23:57:47+05:30
2025-04-22,SMD-0229,TIINDIA,NSE:TIINDIA-EQ,2599.0,2680.9,2558.0,2654.1,819177,FYERS_HISTORY,2026-08-08T23:57:47+05:30
2025-04-23,SMD-0229,TIINDIA,NSE:TIINDIA-EQ,2662.5,2702.4,2638.7,2673.0,778544,FYERS_HISTORY,2026-08-08T23:57:47+05:30
2025-04-24,SMD-0229,TIINDIA,NSE:TIINDIA-EQ,2677.9,2678.7,2632.2,2655.5,295553,FYERS_HISTORY,2026-08-08T23:57:47+05:30
2025-04-25,SMD-0229,TIINDIA,NSE:TIINDIA-EQ,2655.5,2666.0,2552.4,2573.9,575595,FYERS_HISTORY,2026-08-08T23:57:47+05:30
2025-04-28,SMD-0229,TIINDIA,NSE:TIINDIA-EQ,2572.0,2650.0,2565.3,2642.3,516369,FYERS_HISTORY,2026-08-08T23:57:47+05:30
2025-04-29,SMD-0229,TIINDIA,NSE:TIINDIA-EQ,2666.0,2808.5,2655.7,2797.5,1460140,FYERS_HISTORY,2026-08-08T23:57:47+05:30
2025-04-30,SMD-0229,TIINDIA,NSE:TIINDIA-EQ,2803.0,2934.4,2786.3,2898.6,1162175,FYERS_HISTORY,2026-08-08T23:57:47+05:30
2025-05-02,SMD-0229,TIINDIA,NSE:TIINDIA-EQ,2879.0,2924.7,2857.5,2908.4,331651,FYERS_HISTORY,2026-08-08T23:57:47+05:30
2025-05-05,SMD-0229,TIINDIA,NSE:TIINDIA-EQ,2913.0,2997.7,2894.0,2991.6,344570,FYERS_HISTORY,2026-08-08T23:57:47+05:30
2025-05-06,SMD-0229,TIINDIA,NSE:TIINDIA-EQ,2995.0,3007.0,2895.6,2911.8,346855,FYERS_HISTORY,2026-08-08T23:57:47+05:30
2025-05-07,SMD-0229,TIINDIA,NSE:TIINDIA-EQ,2870.0,2974.9,2870.0,2955.0,217410,FYERS_HISTORY,2026-08-08T23:57:47+05:30
2025-05-08,SMD-0229,TIINDIA,NSE:TIINDIA-EQ,2959.0,2996.0,2859.9,2881.6,241912,FYERS_HISTORY,2026-08-08T23:57:47+05:30
2025-05-09,SMD-0229,TIINDIA,NSE:TIINDIA-EQ,2835.0,2878.5,2803.0,2860.3,514168,FYERS_HISTORY,2026-08-08T23:57:47+05:30
2025-05-12,SMD-0229,TIINDIA,NSE:TIINDIA-EQ,2904.6,2971.3,2895.3,2961.9,183895,FYERS_HISTORY,2026-08-08T23:57:47+05:30
2025-05-13,SMD-0229,TIINDIA,NSE:TIINDIA-EQ,2961.9,3038.3,2961.9,2994.0,363732,FYERS_HISTORY,2026-08-08T23:57:47+05:30
2025-05-14,SMD-0229,TIINDIA,NSE:TIINDIA-EQ,2995.0,3063.4,2945.0,3039.0,265821,FYERS_HISTORY,2026-08-08T23:57:47+05:30
2025-05-15,SMD-0229,TIINDIA,NSE:TIINDIA-EQ,3065.0,3065.0,2892.0,2910.2,459226,FYERS_HISTORY,2026-08-08T23:57:47+05:30
2025-05-16,SMD-0229,TIINDIA,NSE:TIINDIA-EQ,2912.0,3075.0,2912.0,3044.6,551545,FYERS_HISTORY,2026-08-08T23:57:47+05:30
2025-05-19,SMD-0229,TIINDIA,NSE:TIINDIA-EQ,3077.0,3255.0,3071.8,3126.4,1142682,FYERS_HISTORY,2026-08-08T23:57:47+05:30
2025-05-20,SMD-0229,TIINDIA,NSE:TIINDIA-EQ,3143.2,3153.0,2981.3,2999.5,404514,FYERS_HISTORY,2026-08-08T23:57:47+05:30
2025-05-21,SMD-0229,TIINDIA,NSE:TIINDIA-EQ,3025.0,3048.3,2971.8,3002.7,278887,FYERS_HISTORY,2026-08-08T23:57:47+05:30
2025-05-22,SMD-0229,TIINDIA,NSE:TIINDIA-EQ,3013.5,3042.9,2966.4,2984.9,257572,FYERS_HISTORY,2026-08-08T23:57:47+05:30
2025-05-23,SMD-0229,TIINDIA,NSE:TIINDIA-EQ,2998.5,3054.0,2982.3,3046.8,195407,FYERS_HISTORY,2026-08-08T23:57:47+05:30
2025-05-26,SMD-0229,TIINDIA,NSE:TIINDIA-EQ,3050.0,3078.9,3015.0,3057.1,225242,FYERS_HISTORY,2026-08-08T23:57:47+05:30
2025-05-27,SMD-0229,TIINDIA,NSE:TIINDIA-EQ,3057.5,3059.5,3002.1,3044.2,189565,FYERS_HISTORY,2026-08-08T23:57:47+05:30
2025-05-28,SMD-0229,TIINDIA,NSE:TIINDIA-EQ,3040.1,3059.5,3007.1,3016.2,205496,FYERS_HISTORY,2026-08-08T23:57:47+05:30
2025-05-29,SMD-0229,TIINDIA,NSE:TIINDIA-EQ,3026.9,3069.9,3015.0,3054.9,130102,FYERS_HISTORY,2026-08-08T23:57:47+05:30
2025-05-30,SMD-0229,TIINDIA,NSE:TIINDIA-EQ,3070.6,3090.9,3031.0,3062.1,324556,FYERS_HISTORY,2026-08-08T23:57:47+05:30
2025-06-02,SMD-0229,TIINDIA,NSE:TIINDIA-EQ,3020.0,3069.2,3001.0,3055.7,126933,FYERS_HISTORY,2026-08-08T23:57:47+05:30
2025-06-03,SMD-0229,TIINDIA,NSE:TIINDIA-EQ,3067.9,3093.0,3022.0,3033.3,100558,FYERS_HISTORY,2026-08-08T23:57:47+05:30
2025-06-04,SMD-0229,TIINDIA,NSE:TIINDIA-EQ,3011.0,3093.2,3011.0,3078.0,299108,FYERS_HISTORY,2026-08-08T23:57:47+05:30
2025-06-05,SMD-0229,TIINDIA,NSE:TIINDIA-EQ,3089.8,3119.0,3075.3,3085.4,88946,FYERS_HISTORY,2026-08-08T23:57:47+05:30
2025-06-06,SMD-0229,TIINDIA,NSE:TIINDIA-EQ,3099.0,3099.0,3028.0,3067.0,289522,FYERS_HISTORY,2026-08-08T23:57:47+05:30
2025-06-09,SMD-0229,TIINDIA,NSE:TIINDIA-EQ,3070.0,3088.9,3021.3,3039.6,231198,FYERS_HISTORY,2026-08-08T23:57:47+05:30
2025-06-10,SMD-0229,TIINDIA,NSE:TIINDIA-EQ,3055.0,3095.0,3039.6,3088.7,300188,FYERS_HISTORY,2026-08-08T23:57:47+05:30
2025-06-11,SMD-0229,TIINDIA,NSE:TIINDIA-EQ,3099.9,3119.9,3020.0,3027.6,187736,FYERS_HISTORY,2026-08-08T23:57:47+05:30
2025-06-12,SMD-0229,TIINDIA,NSE:TIINDIA-EQ,3044.0,3051.9,2961.5,2978.2,219763,FYERS_HISTORY,2026-08-08T23:57:47+05:30
2025-06-13,SMD-0229,TIINDIA,NSE:TIINDIA-EQ,2910.0,3023.5,2895.0,2936.2,226253,FYERS_HISTORY,2026-08-08T23:57:47+05:30
2025-06-16,SMD-0229,TIINDIA,NSE:TIINDIA-EQ,2936.5,3016.9,2932.7,2987.3,212738,FYERS_HISTORY,2026-08-08T23:57:47+05:30
2025-06-17,SMD-0229,TIINDIA,NSE:TIINDIA-EQ,2995.0,3020.0,2895.7,2904.1,239936,FYERS_HISTORY,2026-08-08T23:57:47+05:30
2025-06-18,SMD-0229,TIINDIA,NSE:TIINDIA-EQ,2919.9,2919.9,2884.1,2898.6,144130,FYERS_HISTORY,2026-08-08T23:57:47+05:30
2025-06-19,SMD-0229,TIINDIA,NSE:TIINDIA-EQ,2900.0,2907.8,2835.5,2850.3,168442,FYERS_HISTORY,2026-08-08T23:57:47+05:30
2025-06-20,SMD-0229,TIINDIA,NSE:TIINDIA-EQ,2850.3,2947.0,2840.2,2926.3,581088,FYERS_HISTORY,2026-08-08T23:57:47+05:30
2025-06-23,SMD-0229,TIINDIA,NSE:TIINDIA-EQ,2901.2,2915.8,2851.0,2868.7,199717,FYERS_HISTORY,2026-08-08T23:57:47+05:30
2025-06-24,SMD-0229,TIINDIA,NSE:TIINDIA-EQ,2900.0,2925.3,2850.1,2856.7,373106,FYERS_HISTORY,2026-08-08T23:57:47+05:30
2025-06-25,SMD-0229,TIINDIA,NSE:TIINDIA-EQ,2874.9,2897.0,2826.6,2856.2,245172,FYERS_HISTORY,2026-08-08T23:57:47+05:30
2025-06-26,SMD-0229,TIINDIA,NSE:TIINDIA-EQ,2884.0,3012.0,2856.6,3005.3,1595455,FYERS_HISTORY,2026-08-08T23:57:47+05:30
2025-06-27,SMD-0229,TIINDIA,NSE:TIINDIA-EQ,3008.0,3117.0,2992.4,3082.1,779151,FYERS_HISTORY,2026-08-08T23:57:47+05:30
2025-06-30,SMD-0229,TIINDIA,NSE:TIINDIA-EQ,3084.0,3129.9,3076.4,3109.0,217469,FYERS_HISTORY,2026-08-08T23:57:47+05:30
2025-07-01,SMD-0229,TIINDIA,NSE:TIINDIA-EQ,3105.0,3140.0,3075.4,3087.0,287155,FYERS_HISTORY,2026-08-08T23:57:47+05:30
2025-07-02,SMD-0229,TIINDIA,NSE:TIINDIA-EQ,3085.4,3094.5,2962.9,2995.2,346960,FYERS_HISTORY,2026-08-08T23:57:47+05:30
2025-07-03,SMD-0229,TIINDIA,NSE:TIINDIA-EQ,2995.2,3002.3,2917.0,2952.8,531438,FYERS_HISTORY,2026-08-08T23:57:47+05:30
2025-07-04,SMD-0229,TIINDIA,NSE:TIINDIA-EQ,2975.0,2994.9,2938.0,2988.0,252419,FYERS_HISTORY,2026-08-08T23:57:47+05:30
2025-07-07,SMD-0229,TIINDIA,NSE:TIINDIA-EQ,2969.0,3015.0,2930.1,2940.2,94953,FYERS_HISTORY,2026-08-08T23:57:47+05:30
2025-07-08,SMD-0229,TIINDIA,NSE:TIINDIA-EQ,2954.4,2965.9,2880.0,2925.1,190004,FYERS_HISTORY,2026-08-08T23:57:47+05:30
2025-07-09,SMD-0229,TIINDIA,NSE:TIINDIA-EQ,2925.5,2980.0,2879.0,2895.3,155838,FYERS_HISTORY,2026-08-08T23:57:47+05:30
2025-07-10,SMD-0229,TIINDIA,NSE:TIINDIA-EQ,2920.0,2925.0,2880.0,2899.5,141411,FYERS_HISTORY,2026-08-08T23:57:47+05:30
2025-07-11,SMD-0229,TIINDIA,NSE:TIINDIA-EQ,2908.0,2908.0,2836.6,2869.8,400399,FYERS_HISTORY,2026-08-08T23:57:47+05:30
2025-07-14,SMD-0229,TIINDIA,NSE:TIINDIA-EQ,2868.9,2916.2,2863.3,2871.0,241264,FYERS_HISTORY,2026-08-08T23:57:47+05:30
2025-07-15,SMD-0229,TIINDIA,NSE:TIINDIA-EQ,2871.0,2946.9,2855.8,2930.3,225760,FYERS_HISTORY,2026-08-08T23:57:47+05:30
2025-07-16,SMD-0229,TIINDIA,NSE:TIINDIA-EQ,2929.9,2964.4,2912.1,2939.8,134161,FYERS_HISTORY,2026-08-08T23:57:47+05:30
2025-07-17,SMD-0229,TIINDIA,NSE:TIINDIA-EQ,2939.9,2979.1,2925.0,2941.9,97879,FYERS_HISTORY,2026-08-08T23:57:47+05:30
2025-07-18,SMD-0229,TIINDIA,NSE:TIINDIA-EQ,2942.4,2959.0,2905.0,2918.9,1178773,FYERS_HISTORY,2026-08-08T23:57:47+05:30
2025-07-21,SMD-0229,TIINDIA,NSE:TIINDIA-EQ,2919.9,2966.3,2901.3,2939.4,290494,FYERS_HISTORY,2026-08-08T23:57:47+05:30
2025-07-22,SMD-0229,TIINDIA,NSE:TIINDIA-EQ,2947.8,3005.0,2941.7,2949.5,248426,FYERS_HISTORY,2026-08-08T23:57:47+05:30
2025-07-23,SMD-0229,TIINDIA,NSE:TIINDIA-EQ,2961.0,2977.8,2942.1,2952.2,132058,FYERS_HISTORY,2026-08-08T23:57:47+05:30
2025-07-24,SMD-0229,TIINDIA,NSE:TIINDIA-EQ,2955.2,2955.2,2911.6,2934.7,164241,FYERS_HISTORY,2026-08-08T23:57:47+05:30
2025-07-25,SMD-0229,TIINDIA,NSE:TIINDIA-EQ,2910.0,2963.7,2862.0,2889.0,213863,FYERS_HISTORY,2026-08-08T23:57:47+05:30
2025-07-28,SMD-0229,TIINDIA,NSE:TIINDIA-EQ,2880.0,2909.3,2812.1,2821.6,86121,FYERS_HISTORY,2026-08-08T23:57:47+05:30
2025-07-29,SMD-0229,TIINDIA,NSE:TIINDIA-EQ,2823.5,2880.7,2793.8,2868.5,149463,FYERS_HISTORY,2026-08-08T23:57:47+05:30
2025-07-30,SMD-0229,TIINDIA,NSE:TIINDIA-EQ,2850.0,2940.0,2834.8,2855.4,725196,FYERS_HISTORY,2026-08-08T23:57:47+05:30
2025-07-31,SMD-0229,TIINDIA,NSE:TIINDIA-EQ,2855.4,2860.0,2798.5,2840.7,289474,FYERS_HISTORY,2026-08-08T23:57:47+05:30
2025-08-01,SMD-0229,TIINDIA,NSE:TIINDIA-EQ,2846.9,2847.7,2772.0,2808.4,214054,FYERS_HISTORY,2026-08-08T23:57:47+05:30
2025-08-04,SMD-0229,TIINDIA,NSE:TIINDIA-EQ,2820.0,2956.0,2775.0,2903.8,558622,FYERS_HISTORY,2026-08-08T23:57:47+05:30
2025-08-05,SMD-0229,TIINDIA,NSE:TIINDIA-EQ,2915.0,2919.2,2842.3,2902.0,153143,FYERS_HISTORY,2026-08-05T19:56:49+05:30
2025-08-06,SMD-0229,TIINDIA,NSE:TIINDIA-EQ,2901.9,2990.5,2851.0,2960.2,1570696,FYERS_HISTORY,2026-08-05T19:56:49+05:30
2025-08-07,SMD-0229,TIINDIA,NSE:TIINDIA-EQ,2980.0,3003.2,2915.8,2942.9,344155,FYERS_HISTORY,2026-08-05T19:56:49+05:30
2025-08-08,SMD-0229,TIINDIA,NSE:TIINDIA-EQ,2965.0,2977.2,2880.0,2885.7,184536,FYERS_HISTORY,2026-08-05T19:56:49+05:30
2025-08-11,SMD-0229,TIINDIA,NSE:TIINDIA-EQ,2893.9,3015.4,2878.5,3000.6,315016,FYERS_HISTORY,2026-08-05T19:56:49+05:30
2025-08-12,SMD-0229,TIINDIA,NSE:TIINDIA-EQ,2985.0,3050.0,2980.0,3021.7,469315,FYERS_HISTORY,2026-08-05T19:56:49+05:30
2025-08-13,SMD-0229,TIINDIA,NSE:TIINDIA-EQ,3021.8,3071.9,3021.8,3057.2,187828,FYERS_HISTORY,2026-08-05T19:56:49+05:30
2025-08-14,SMD-0229,TIINDIA,NSE:TIINDIA-EQ,3052.0,3082.8,3044.0,3063.6,170555,FYERS_HISTORY,2026-08-05T19:56:49+05:30
2025-08-18,SMD-0229,TIINDIA,NSE:TIINDIA-EQ,3080.1,3097.9,3045.0,3051.2,170097,FYERS_HISTORY,2026-08-05T19:56:49+05:30
2025-08-19,SMD-0229,TIINDIA,NSE:TIINDIA-EQ,3051.5,3172.9,3049.8,3152.4,339925,FYERS_HISTORY,2026-08-05T19:56:49+05:30
2025-08-20,SMD-0229,TIINDIA,NSE:TIINDIA-EQ,3162.0,3251.7,3136.3,3180.0,421986,FYERS_HISTORY,2026-08-05T19:56:49+05:30
2025-08-21,SMD-0229,TIINDIA,NSE:TIINDIA-EQ,3180.0,3199.0,3091.1,3097.4,166487,FYERS_HISTORY,2026-08-05T19:56:49+05:30
2025-08-22,SMD-0229,TIINDIA,NSE:TIINDIA-EQ,3085.0,3189.1,3063.5,3072.1,376900,FYERS_HISTORY,2026-08-05T19:56:49+05:30
2025-08-25,SMD-0229,TIINDIA,NSE:TIINDIA-EQ,3085.1,3112.0,3053.0,3060.0,209973,FYERS_HISTORY,2026-08-05T19:56:49+05:30
2025-08-26,SMD-0229,TIINDIA,NSE:TIINDIA-EQ,3053.0,3068.3,3014.4,3028.4,649177,FYERS_HISTORY,2026-08-05T19:56:49+05:30
2025-08-28,SMD-0229,TIINDIA,NSE:TIINDIA-EQ,3038.1,3051.9,2930.2,2943.4,376659,FYERS_HISTORY,2026-08-05T19:56:49+05:30
2025-08-29,SMD-0229,TIINDIA,NSE:TIINDIA-EQ,2943.4,2998.9,2897.4,2961.6,315651,FYERS_HISTORY,2026-08-05T19:56:49+05:30
2025-09-01,SMD-0229,TIINDIA,NSE:TIINDIA-EQ,2950.0,3152.0,2950.0,3140.9,508869,FYERS_HISTORY,2026-08-05T19:56:49+05:30
2025-09-02,SMD-0229,TIINDIA,NSE:TIINDIA-EQ,3155.0,3180.0,3042.6,3047.5,1041247,FYERS_HISTORY,2026-08-05T19:56:49+05:30
2025-09-03,SMD-0229,TIINDIA,NSE:TIINDIA-EQ,3060.0,3070.0,2991.2,3043.8,331847,FYERS_HISTORY,2026-08-05T19:56:49+05:30
2025-09-04,SMD-0229,TIINDIA,NSE:TIINDIA-EQ,3080.2,3085.5,2989.1,2996.9,205521,FYERS_HISTORY,2026-08-05T19:56:49+05:30
2025-09-05,SMD-0229,TIINDIA,NSE:TIINDIA-EQ,3019.0,3049.0,2946.1,2990.6,270435,FYERS_HISTORY,2026-08-05T19:56:49+05:30
2025-09-08,SMD-0229,TIINDIA,NSE:TIINDIA-EQ,3002.0,3095.0,2960.6,3072.3,776128,FYERS_HISTORY,2026-08-05T19:56:49+05:30
2025-09-09,SMD-0229,TIINDIA,NSE:TIINDIA-EQ,3079.4,3169.0,3079.3,3151.5,951765,FYERS_HISTORY,2026-08-05T19:56:49+05:30
2025-09-10,SMD-0229,TIINDIA,NSE:TIINDIA-EQ,3177.0,3255.0,3166.1,3235.1,501252,FYERS_HISTORY,2026-08-05T19:56:49+05:30
2025-09-11,SMD-0229,TIINDIA,NSE:TIINDIA-EQ,3235.1,3249.9,3190.0,3211.3,264580,FYERS_HISTORY,2026-08-05T19:56:49+05:30
2025-09-12,SMD-0229,TIINDIA,NSE:TIINDIA-EQ,3233.0,3260.0,3198.6,3231.2,283216,FYERS_HISTORY,2026-08-05T19:56:49+05:30
2025-09-15,SMD-0229,TIINDIA,NSE:TIINDIA-EQ,3245.0,3374.4,3240.0,3354.1,698056,FYERS_HISTORY,2026-08-05T19:56:49+05:30
2025-09-16,SMD-0229,TIINDIA,NSE:TIINDIA-EQ,3380.0,3419.9,3358.1,3404.4,518815,FYERS_HISTORY,2026-08-05T19:56:49+05:30
2025-09-17,SMD-0229,TIINDIA,NSE:TIINDIA-EQ,3400.0,3414.3,3363.0,3387.0,196881,FYERS_HISTORY,2026-08-05T19:56:49+05:30
2025-09-18,SMD-0229,TIINDIA,NSE:TIINDIA-EQ,3400.0,3403.7,3358.6,3389.9,153976,FYERS_HISTORY,2026-08-05T19:56:49+05:30
2025-09-19,SMD-0229,TIINDIA,NSE:TIINDIA-EQ,3386.9,3399.9,3313.5,3329.7,376891,FYERS_HISTORY,2026-08-05T19:56:49+05:30
2025-09-22,SMD-0229,TIINDIA,NSE:TIINDIA-EQ,3329.7,3381.8,3301.0,3350.1,213053,FYERS_HISTORY,2026-08-05T19:56:49+05:30
2025-09-23,SMD-0229,TIINDIA,NSE:TIINDIA-EQ,3369.0,3394.5,3294.0,3303.0,179660,FYERS_HISTORY,2026-08-05T19:56:49+05:30
2025-09-24,SMD-0229,TIINDIA,NSE:TIINDIA-EQ,3303.0,3331.9,3266.3,3276.5,139434,FYERS_HISTORY,2026-08-05T19:56:49+05:30
2025-09-25,SMD-0229,TIINDIA,NSE:TIINDIA-EQ,3284.8,3287.0,3195.0,3212.8,262960,FYERS_HISTORY,2026-08-05T19:56:49+05:30
2025-09-26,SMD-0229,TIINDIA,NSE:TIINDIA-EQ,3195.0,3210.9,3110.0,3129.1,200317,FYERS_HISTORY,2026-08-05T19:56:49+05:30
2025-09-29,SMD-0229,TIINDIA,NSE:TIINDIA-EQ,3136.1,3156.4,3087.6,3098.6,142335,FYERS_HISTORY,2026-08-05T19:56:49+05:30
2025-09-30,SMD-0229,TIINDIA,NSE:TIINDIA-EQ,3125.0,3138.7,3080.0,3096.7,251549,FYERS_HISTORY,2026-08-05T19:56:49+05:30
2025-10-01,SMD-0229,TIINDIA,NSE:TIINDIA-EQ,3110.8,3125.4,3057.6,3084.1,151713,FYERS_HISTORY,2026-08-05T19:56:49+05:30
2025-10-03,SMD-0229,TIINDIA,NSE:TIINDIA-EQ,3090.0,3150.0,3082.2,3136.1,247121,FYERS_HISTORY,2026-08-05T19:56:49+05:30
2025-10-06,SMD-0229,TIINDIA,NSE:TIINDIA-EQ,3135.1,3174.4,3119.0,3150.2,147329,FYERS_HISTORY,2026-08-05T19:56:49+05:30
2025-10-07,SMD-0229,TIINDIA,NSE:TIINDIA-EQ,3150.0,3238.0,3150.0,3218.4,443871,FYERS_HISTORY,2026-08-05T19:56:49+05:30
2025-10-08,SMD-0229,TIINDIA,NSE:TIINDIA-EQ,3215.1,3241.0,3130.6,3142.2,263601,FYERS_HISTORY,2026-08-05T19:56:49+05:30
2025-10-09,SMD-0229,TIINDIA,NSE:TIINDIA-EQ,3137.9,3200.0,3111.1,3191.6,194026,FYERS_HISTORY,2026-08-05T19:56:49+05:30
2025-10-10,SMD-0229,TIINDIA,NSE:TIINDIA-EQ,3198.0,3219.0,3145.1,3159.0,101586,FYERS_HISTORY,2026-08-05T19:56:49+05:30
2025-10-13,SMD-0229,TIINDIA,NSE:TIINDIA-EQ,3133.0,3158.9,3100.1,3116.2,109844,FYERS_HISTORY,2026-08-05T19:56:49+05:30
2025-10-14,SMD-0229,TIINDIA,NSE:TIINDIA-EQ,3106.0,3116.2,3087.0,3099.4,164025,FYERS_HISTORY,2026-08-05T19:56:49+05:30
2025-10-15,SMD-0229,TIINDIA,NSE:TIINDIA-EQ,3106.0,3169.4,3088.2,3150.2,138868,FYERS_HISTORY,2026-08-05T19:56:49+05:30
2025-10-16,SMD-0229,TIINDIA,NSE:TIINDIA-EQ,3161.0,3210.0,3159.1,3179.0,127384,FYERS_HISTORY,2026-08-05T19:56:49+05:30
2025-10-17,SMD-0229,TIINDIA,NSE:TIINDIA-EQ,3179.0,3189.4,3108.9,3136.4,180720,FYERS_HISTORY,2026-08-05T19:56:49+05:30
2025-10-20,SMD-0229,TIINDIA,NSE:TIINDIA-EQ,3160.6,3198.7,3115.1,3126.3,143774,FYERS_HISTORY,2026-08-05T19:56:49+05:30
2025-10-21,SMD-0229,TIINDIA,NSE:TIINDIA-EQ,3131.5,3159.8,3121.5,3129.9,12249,FYERS_HISTORY,2026-08-05T19:56:49+05:30
2025-10-23,SMD-0229,TIINDIA,NSE:TIINDIA-EQ,3130.0,3214.0,3113.1,3206.4,187333,FYERS_HISTORY,2026-08-05T19:56:49+05:30
2025-10-24,SMD-0229,TIINDIA,NSE:TIINDIA-EQ,3230.0,3262.9,3148.5,3159.2,318533,FYERS_HISTORY,2026-08-05T19:56:49+05:30
2025-10-27,SMD-0229,TIINDIA,NSE:TIINDIA-EQ,3170.0,3170.0,3123.0,3133.8,154424,FYERS_HISTORY,2026-08-05T19:56:49+05:30
2025-10-28,SMD-0229,TIINDIA,NSE:TIINDIA-EQ,3133.8,3169.8,3112.6,3125.5,264958,FYERS_HISTORY,2026-08-05T19:56:49+05:30
2025-10-29,SMD-0229,TIINDIA,NSE:TIINDIA-EQ,3130.6,3160.9,3111.0,3140.8,369186,FYERS_HISTORY,2026-08-05T19:56:49+05:30
2025-10-30,SMD-0229,TIINDIA,NSE:TIINDIA-EQ,3159.0,3169.8,3050.0,3059.7,419222,FYERS_HISTORY,2026-08-05T19:56:49+05:30
2025-10-31,SMD-0229,TIINDIA,NSE:TIINDIA-EQ,3061.0,3090.0,3015.0,3023.0,732768,FYERS_HISTORY,2026-08-05T19:56:49+05:30
2025-11-03,SMD-0229,TIINDIA,NSE:TIINDIA-EQ,3018.6,3079.3,2994.5,3046.5,411589,FYERS_HISTORY,2026-08-05T19:56:49+05:30
2025-11-04,SMD-0229,TIINDIA,NSE:TIINDIA-EQ,3052.0,3058.8,2975.0,2992.5,323423,FYERS_HISTORY,2026-08-05T19:56:49+05:30
2025-11-06,SMD-0229,TIINDIA,NSE:TIINDIA-EQ,2980.1,3054.0,2937.7,2977.6,415353,FYERS_HISTORY,2026-08-05T19:56:49+05:30
2025-11-07,SMD-0229,TIINDIA,NSE:TIINDIA-EQ,2974.7,2999.3,2901.1,2985.6,240259,FYERS_HISTORY,2026-08-05T19:56:49+05:30
2025-11-10,SMD-0229,TIINDIA,NSE:TIINDIA-EQ,2970.6,3017.9,2940.4,2980.3,169826,FYERS_HISTORY,2026-08-05T19:56:49+05:30
2025-11-11,SMD-0229,TIINDIA,NSE:TIINDIA-EQ,2991.6,3007.5,2950.2,2999.4,103821,FYERS_HISTORY,2026-08-05T19:56:49+05:30
2025-11-12,SMD-0229,TIINDIA,NSE:TIINDIA-EQ,2999.0,3055.0,2975.2,3035.5,201680,FYERS_HISTORY,2026-08-05T19:56:49+05:30
2025-11-13,SMD-0229,TIINDIA,NSE:TIINDIA-EQ,3024.6,3069.8,3024.0,3033.4,138040,FYERS_HISTORY,2026-08-05T19:56:49+05:30
2025-11-14,SMD-0229,TIINDIA,NSE:TIINDIA-EQ,3044.6,3075.0,3019.0,3067.6,214533,FYERS_HISTORY,2026-08-05T19:56:49+05:30
2025-11-17,SMD-0229,TIINDIA,NSE:TIINDIA-EQ,3067.6,3106.6,3053.0,3091.6,107644,FYERS_HISTORY,2026-08-05T19:56:49+05:30
2025-11-18,SMD-0229,TIINDIA,NSE:TIINDIA-EQ,3082.6,3082.6,3021.8,3031.7,193125,FYERS_HISTORY,2026-08-05T19:56:49+05:30
2025-11-19,SMD-0229,TIINDIA,NSE:TIINDIA-EQ,3025.0,3042.7,3002.2,3033.3,365037,FYERS_HISTORY,2026-08-05T19:56:49+05:30
2025-11-20,SMD-0229,TIINDIA,NSE:TIINDIA-EQ,3036.0,3059.9,2992.3,3005.0,121655,FYERS_HISTORY,2026-08-05T19:56:49+05:30
2025-11-21,SMD-0229,TIINDIA,NSE:TIINDIA-EQ,2999.7,3000.0,2870.0,2884.4,546306,FYERS_HISTORY,2026-08-05T19:56:49+05:30
2025-11-24,SMD-0229,TIINDIA,NSE:TIINDIA-EQ,2870.0,2930.0,2850.0,2909.3,615833,FYERS_HISTORY,2026-08-05T19:56:49+05:30
2025-11-25,SMD-0229,TIINDIA,NSE:TIINDIA-EQ,2910.0,2914.9,2860.0,2879.7,307363,FYERS_HISTORY,2026-08-05T19:56:49+05:30
2025-11-26,SMD-0229,TIINDIA,NSE:TIINDIA-EQ,2880.0,2918.0,2872.1,2880.7,357948,FYERS_HISTORY,2026-08-05T19:56:49+05:30
2025-11-27,SMD-0229,TIINDIA,NSE:TIINDIA-EQ,2898.9,2898.9,2831.6,2836.8,675560,FYERS_HISTORY,2026-08-05T19:56:49+05:30
2025-11-28,SMD-0229,TIINDIA,NSE:TIINDIA-EQ,2839.9,2849.3,2776.4,2784.4,734692,FYERS_HISTORY,2026-08-05T19:56:49+05:30
2025-12-01,SMD-0229,TIINDIA,NSE:TIINDIA-EQ,2796.6,2829.6,2762.4,2797.8,250034,FYERS_HISTORY,2026-08-05T19:56:49+05:30
2025-12-02,SMD-0229,TIINDIA,NSE:TIINDIA-EQ,2792.4,2811.0,2763.0,2793.7,258679,FYERS_HISTORY,2026-08-05T19:56:49+05:30
2025-12-03,SMD-0229,TIINDIA,NSE:TIINDIA-EQ,2793.7,2821.9,2733.6,2740.5,174819,FYERS_HISTORY,2026-08-05T19:56:49+05:30
2025-12-04,SMD-0229,TIINDIA,NSE:TIINDIA-EQ,2733.8,2742.5,2692.8,2703.6,354251,FYERS_HISTORY,2026-08-05T19:56:49+05:30
2025-12-05,SMD-0229,TIINDIA,NSE:TIINDIA-EQ,2693.6,2710.5,2656.1,2666.7,628493,FYERS_HISTORY,2026-08-05T19:56:49+05:30
2025-12-08,SMD-0229,TIINDIA,NSE:TIINDIA-EQ,2666.0,2673.1,2558.0,2566.8,488198,FYERS_HISTORY,2026-08-05T19:56:49+05:30
2025-12-09,SMD-0229,TIINDIA,NSE:TIINDIA-EQ,2572.4,2665.1,2536.6,2655.4,675085,FYERS_HISTORY,2026-08-05T19:56:49+05:30
2025-12-10,SMD-0229,TIINDIA,NSE:TIINDIA-EQ,2669.3,2749.5,2612.0,2627.9,2083640,FYERS_HISTORY,2026-08-05T19:56:49+05:30
2025-12-11,SMD-0229,TIINDIA,NSE:TIINDIA-EQ,2615.0,2662.0,2587.7,2651.1,200089,FYERS_HISTORY,2026-08-05T19:56:49+05:30
2025-12-12,SMD-0229,TIINDIA,NSE:TIINDIA-EQ,2660.0,2678.0,2631.7,2655.6,178645,FYERS_HISTORY,2026-08-05T19:56:49+05:30
2025-12-15,SMD-0229,TIINDIA,NSE:TIINDIA-EQ,2655.0,2657.8,2605.0,2647.7,337954,FYERS_HISTORY,2026-08-05T19:56:49+05:30
2025-12-16,SMD-0229,TIINDIA,NSE:TIINDIA-EQ,2647.7,2653.4,2615.0,2622.4,158203,FYERS_HISTORY,2026-08-05T19:56:49+05:30
2025-12-17,SMD-0229,TIINDIA,NSE:TIINDIA-EQ,2611.0,2658.6,2604.1,2614.1,177604,FYERS_HISTORY,2026-08-05T19:56:49+05:30
2025-12-18,SMD-0229,TIINDIA,NSE:TIINDIA-EQ,2616.0,2629.1,2568.6,2579.9,250404,FYERS_HISTORY,2026-08-05T19:56:49+05:30
2025-12-19,SMD-0229,TIINDIA,NSE:TIINDIA-EQ,2571.0,2648.0,2571.0,2634.9,416386,FYERS_HISTORY,2026-08-05T19:56:49+05:30
2025-12-22,SMD-0229,TIINDIA,NSE:TIINDIA-EQ,2651.8,2651.8,2590.0,2597.7,293094,FYERS_HISTORY,2026-08-05T19:56:49+05:30
2025-12-23,SMD-0229,TIINDIA,NSE:TIINDIA-EQ,2597.7,2611.3,2557.0,2597.4,184479,FYERS_HISTORY,2026-08-05T19:56:49+05:30
2025-12-24,SMD-0229,TIINDIA,NSE:TIINDIA-EQ,2597.7,2617.7,2580.0,2595.7,104524,FYERS_HISTORY,2026-08-05T19:56:49+05:30
2025-12-26,SMD-0229,TIINDIA,NSE:TIINDIA-EQ,2610.0,2630.7,2590.1,2600.8,156269,FYERS_HISTORY,2026-08-05T19:56:49+05:30
2025-12-29,SMD-0229,TIINDIA,NSE:TIINDIA-EQ,2588.6,2618.5,2574.9,2606.2,254205,FYERS_HISTORY,2026-08-05T19:56:49+05:30
2025-12-30,SMD-0229,TIINDIA,NSE:TIINDIA-EQ,2618.2,2618.2,2557.7,2565.4,281767,FYERS_HISTORY,2026-08-05T19:56:49+05:30
2025-12-31,SMD-0229,TIINDIA,NSE:TIINDIA-EQ,2578.0,2625.4,2566.0,2614.1,144804,FYERS_HISTORY,2026-08-05T19:56:49+05:30
2026-01-01,SMD-0229,TIINDIA,NSE:TIINDIA-EQ,2614.1,2645.9,2603.3,2622.9,152873,FYERS_HISTORY,2026-08-05T19:56:49+05:30
2026-01-02,SMD-0229,TIINDIA,NSE:TIINDIA-EQ,2623.1,2630.3,2583.7,2597.7,273237,FYERS_HISTORY,2026-08-05T19:56:49+05:30
2026-01-05,SMD-0229,TIINDIA,NSE:TIINDIA-EQ,2610.6,2614.9,2520.7,2530.0,501042,FYERS_HISTORY,2026-08-05T19:56:49+05:30
2026-01-06,SMD-0229,TIINDIA,NSE:TIINDIA-EQ,2530.0,2560.0,2517.1,2549.0,240876,FYERS_HISTORY,2026-08-05T19:56:49+05:30
2026-01-07,SMD-0229,TIINDIA,NSE:TIINDIA-EQ,2549.0,2571.0,2511.6,2527.4,167122,FYERS_HISTORY,2026-08-05T19:56:49+05:30
2026-01-08,SMD-0229,TIINDIA,NSE:TIINDIA-EQ,2527.0,2548.5,2491.3,2507.5,221864,FYERS_HISTORY,2026-08-05T19:56:49+05:30
2026-01-09,SMD-0229,TIINDIA,NSE:TIINDIA-EQ,2500.0,2508.7,2438.6,2452.5,1068119,FYERS_HISTORY,2026-08-05T19:56:49+05:30
2026-01-12,SMD-0229,TIINDIA,NSE:TIINDIA-EQ,2452.6,2467.1,2356.0,2408.7,443066,FYERS_HISTORY,2026-08-05T19:56:49+05:30
2026-01-13,SMD-0229,TIINDIA,NSE:TIINDIA-EQ,2408.7,2447.2,2360.1,2387.3,286637,FYERS_HISTORY,2026-08-05T19:56:49+05:30
2026-01-14,SMD-0229,TIINDIA,NSE:TIINDIA-EQ,2387.3,2387.3,2335.0,2354.8,484673,FYERS_HISTORY,2026-08-05T19:56:49+05:30
2026-01-16,SMD-0229,TIINDIA,NSE:TIINDIA-EQ,2336.1,2386.5,2330.0,2342.6,162707,FYERS_HISTORY,2026-08-05T19:56:49+05:30
2026-01-19,SMD-0229,TIINDIA,NSE:TIINDIA-EQ,2342.6,2411.7,2335.0,2383.6,314980,FYERS_HISTORY,2026-08-05T19:56:49+05:30
2026-01-20,SMD-0229,TIINDIA,NSE:TIINDIA-EQ,2399.1,2402.0,2320.5,2329.5,309793,FYERS_HISTORY,2026-08-05T19:56:49+05:30
2026-01-21,SMD-0229,TIINDIA,NSE:TIINDIA-EQ,2317.9,2330.4,2250.0,2272.9,461190,FYERS_HISTORY,2026-08-05T19:56:49+05:30
2026-01-22,SMD-0229,TIINDIA,NSE:TIINDIA-EQ,2275.1,2312.7,2262.1,2296.8,289717,FYERS_HISTORY,2026-08-05T19:56:49+05:30
2026-01-23,SMD-0229,TIINDIA,NSE:TIINDIA-EQ,2300.0,2300.1,2210.1,2219.4,329759,FYERS_HISTORY,2026-08-05T19:56:49+05:30
2026-01-27,SMD-0229,TIINDIA,NSE:TIINDIA-EQ,2230.0,2231.5,2164.9,2189.3,479099,FYERS_HISTORY,2026-08-05T19:56:49+05:30
2026-01-28,SMD-0229,TIINDIA,NSE:TIINDIA-EQ,2181.0,2298.0,2172.0,2280.7,1786763,FYERS_HISTORY,2026-08-05T19:56:49+05:30
2026-01-29,SMD-0229,TIINDIA,NSE:TIINDIA-EQ,2289.9,2340.1,2250.0,2325.4,486138,FYERS_HISTORY,2026-08-05T19:56:49+05:30
2026-01-30,SMD-0229,TIINDIA,NSE:TIINDIA-EQ,2302.2,2355.0,2298.5,2335.1,505180,FYERS_HISTORY,2026-08-05T19:56:49+05:30
2026-02-01,SMD-0229,TIINDIA,NSE:TIINDIA-EQ,2335.1,2436.0,2322.1,2334.5,390698,FYERS_HISTORY,2026-08-05T19:56:49+05:30
2026-02-02,SMD-0229,TIINDIA,NSE:TIINDIA-EQ,2334.0,2342.1,2268.3,2315.7,162852,FYERS_HISTORY,2026-08-05T19:56:49+05:30
2026-02-03,SMD-0229,TIINDIA,NSE:TIINDIA-EQ,2416.0,2547.0,2416.0,2503.3,746504,FYERS_HISTORY,2026-08-05T19:56:49+05:30
2026-02-04,SMD-0229,TIINDIA,NSE:TIINDIA-EQ,2510.0,2657.9,2458.3,2637.4,858431,FYERS_HISTORY,2026-08-05T19:56:49+05:30
2026-02-05,SMD-0229,TIINDIA,NSE:TIINDIA-EQ,2650.2,2650.2,2357.3,2381.6,2932099,FYERS_HISTORY,2026-08-05T19:56:49+05:30
2026-02-06,SMD-0229,TIINDIA,NSE:TIINDIA-EQ,2364.9,2369.3,2270.1,2313.6,1194526,FYERS_HISTORY,2026-08-05T19:56:49+05:30
2026-02-09,SMD-0229,TIINDIA,NSE:TIINDIA-EQ,2327.0,2386.4,2318.0,2363.3,818095,FYERS_HISTORY,2026-08-05T19:56:49+05:30
2026-02-10,SMD-0229,TIINDIA,NSE:TIINDIA-EQ,2380.0,2449.0,2356.5,2438.6,1362296,FYERS_HISTORY,2026-08-05T19:56:49+05:30
2026-02-11,SMD-0229,TIINDIA,NSE:TIINDIA-EQ,2458.9,2479.9,2424.6,2450.2,359522,FYERS_HISTORY,2026-08-05T19:56:49+05:30
2026-02-12,SMD-0229,TIINDIA,NSE:TIINDIA-EQ,2429.9,2516.8,2410.1,2511.4,530680,FYERS_HISTORY,2026-08-05T19:56:49+05:30
2026-02-13,SMD-0229,TIINDIA,NSE:TIINDIA-EQ,2490.0,2517.9,2452.4,2498.6,315365,FYERS_HISTORY,2026-08-05T19:56:49+05:30
2026-02-16,SMD-0229,TIINDIA,NSE:TIINDIA-EQ,2490.0,2524.0,2479.0,2504.4,138570,FYERS_HISTORY,2026-08-05T19:56:49+05:30
2026-02-17,SMD-0229,TIINDIA,NSE:TIINDIA-EQ,2496.0,2516.0,2441.0,2462.7,595152,FYERS_HISTORY,2026-08-05T19:56:49+05:30
2026-02-18,SMD-0229,TIINDIA,NSE:TIINDIA-EQ,2477.6,2481.0,2417.9,2471.2,175035,FYERS_HISTORY,2026-08-05T19:56:49+05:30
2026-02-19,SMD-0229,TIINDIA,NSE:TIINDIA-EQ,2458.0,2521.4,2458.0,2488.3,579130,FYERS_HISTORY,2026-08-05T19:56:49+05:30
2026-02-20,SMD-0229,TIINDIA,NSE:TIINDIA-EQ,2479.8,2592.0,2467.4,2585.8,752197,FYERS_HISTORY,2026-08-05T19:56:49+05:30
2026-02-23,SMD-0229,TIINDIA,NSE:TIINDIA-EQ,2585.8,2611.0,2520.2,2539.6,468469,FYERS_HISTORY,2026-08-05T19:56:49+05:30
2026-02-24,SMD-0229,TIINDIA,NSE:TIINDIA-EQ,2541.0,2590.0,2512.3,2562.7,818791,FYERS_HISTORY,2026-08-05T19:56:49+05:30
2026-02-25,SMD-0229,TIINDIA,NSE:TIINDIA-EQ,2575.0,2625.0,2572.1,2618.7,460966,FYERS_HISTORY,2026-08-05T19:56:49+05:30
2026-02-26,SMD-0229,TIINDIA,NSE:TIINDIA-EQ,2615.0,2726.0,2606.5,2720.3,862660,FYERS_HISTORY,2026-08-05T19:56:49+05:30
2026-02-27,SMD-0229,TIINDIA,NSE:TIINDIA-EQ,2720.3,2768.0,2692.7,2753.4,996503,FYERS_HISTORY,2026-08-05T19:56:49+05:30
2026-03-02,SMD-0229,TIINDIA,NSE:TIINDIA-EQ,2567.4,2850.0,2567.4,2837.6,2001875,FYERS_HISTORY,2026-08-05T19:56:49+05:30
2026-03-04,SMD-0229,TIINDIA,NSE:TIINDIA-EQ,2803.5,2811.4,2741.1,2771.1,534710,FYERS_HISTORY,2026-08-05T19:56:49+05:30
2026-03-05,SMD-0229,TIINDIA,NSE:TIINDIA-EQ,2795.0,2827.2,2739.6,2781.9,516744,FYERS_HISTORY,2026-08-05T19:56:49+05:30
2026-03-06,SMD-0229,TIINDIA,NSE:TIINDIA-EQ,2790.0,2790.0,2714.0,2722.9,1136373,FYERS_HISTORY,2026-08-05T19:56:49+05:30
2026-03-09,SMD-0229,TIINDIA,NSE:TIINDIA-EQ,2626.0,2696.3,2566.2,2608.6,398911,FYERS_HISTORY,2026-08-05T19:56:49+05:30
2026-03-10,SMD-0229,TIINDIA,NSE:TIINDIA-EQ,2635.0,2666.0,2600.7,2644.1,156655,FYERS_HISTORY,2026-08-05T19:56:49+05:30
2026-03-11,SMD-0229,TIINDIA,NSE:TIINDIA-EQ,2644.1,2674.6,2551.3,2566.0,195209,FYERS_HISTORY,2026-08-05T19:56:49+05:30
2026-03-12,SMD-0229,TIINDIA,NSE:TIINDIA-EQ,2532.0,2566.0,2490.0,2549.7,201062,FYERS_HISTORY,2026-08-05T19:56:49+05:30
2026-03-13,SMD-0229,TIINDIA,NSE:TIINDIA-EQ,2514.7,2524.8,2433.3,2458.2,469700,FYERS_HISTORY,2026-08-05T19:56:49+05:30
2026-03-16,SMD-0229,TIINDIA,NSE:TIINDIA-EQ,2441.3,2459.1,2361.0,2422.3,1349073,FYERS_HISTORY,2026-08-05T19:56:49+05:30
2026-03-17,SMD-0229,TIINDIA,NSE:TIINDIA-EQ,2442.5,2488.0,2410.6,2475.9,195252,FYERS_HISTORY,2026-08-05T19:56:49+05:30
2026-03-18,SMD-0229,TIINDIA,NSE:TIINDIA-EQ,2475.9,2595.9,2447.6,2559.7,463295,FYERS_HISTORY,2026-08-05T19:56:49+05:30
2026-03-19,SMD-0229,TIINDIA,NSE:TIINDIA-EQ,2500.1,2555.5,2476.4,2530.0,285857,FYERS_HISTORY,2026-08-05T19:56:49+05:30
2026-03-20,SMD-0229,TIINDIA,NSE:TIINDIA-EQ,2530.0,2583.8,2516.5,2537.3,389938,FYERS_HISTORY,2026-08-05T19:56:49+05:30
2026-03-23,SMD-0229,TIINDIA,NSE:TIINDIA-EQ,2524.9,2524.9,2436.0,2471.0,308410,FYERS_HISTORY,2026-08-05T19:56:49+05:30
2026-03-24,SMD-0229,TIINDIA,NSE:TIINDIA-EQ,2530.0,2622.0,2506.2,2568.6,627462,FYERS_HISTORY,2026-08-05T19:56:49+05:30
2026-03-25,SMD-0229,TIINDIA,NSE:TIINDIA-EQ,2581.4,2698.6,2576.3,2682.4,210018,FYERS_HISTORY,2026-08-05T19:56:49+05:30
2026-03-27,SMD-0229,TIINDIA,NSE:TIINDIA-EQ,2647.2,2674.6,2551.0,2566.3,213579,FYERS_HISTORY,2026-08-05T19:56:49+05:30
2026-03-30,SMD-0229,TIINDIA,NSE:TIINDIA-EQ,2500.0,2562.8,2499.8,2517.3,500391,FYERS_HISTORY,2026-08-05T19:56:49+05:30
2026-04-01,SMD-0229,TIINDIA,NSE:TIINDIA-EQ,2630.0,2648.0,2562.0,2572.7,303488,FYERS_HISTORY,2026-08-05T19:56:49+05:30
2026-04-02,SMD-0229,TIINDIA,NSE:TIINDIA-EQ,2539.7,2579.5,2472.8,2567.3,248869,FYERS_HISTORY,2026-08-05T19:56:49+05:30
2026-04-06,SMD-0229,TIINDIA,NSE:TIINDIA-EQ,2574.9,2592.6,2509.4,2582.9,255370,FYERS_HISTORY,2026-08-05T19:56:49+05:30
2026-04-07,SMD-0229,TIINDIA,NSE:TIINDIA-EQ,2582.9,2609.0,2513.8,2588.2,294406,FYERS_HISTORY,2026-08-05T19:56:49+05:30
2026-04-08,SMD-0229,TIINDIA,NSE:TIINDIA-EQ,2694.9,2757.9,2650.6,2727.1,354106,FYERS_HISTORY,2026-08-05T19:56:49+05:30
2026-04-09,SMD-0229,TIINDIA,NSE:TIINDIA-EQ,2745.4,2769.7,2699.8,2743.3,254115,FYERS_HISTORY,2026-08-05T19:56:49+05:30
2026-04-10,SMD-0229,TIINDIA,NSE:TIINDIA-EQ,2734.0,2798.5,2720.2,2744.8,223968,FYERS_HISTORY,2026-08-05T19:56:49+05:30
2026-04-13,SMD-0229,TIINDIA,NSE:TIINDIA-EQ,2699.2,2744.0,2648.6,2715.5,90668,FYERS_HISTORY,2026-08-05T19:56:49+05:30
2026-04-15,SMD-0229,TIINDIA,NSE:TIINDIA-EQ,2748.5,2776.8,2713.2,2755.0,401569,FYERS_HISTORY,2026-08-05T19:56:49+05:30
2026-04-16,SMD-0229,TIINDIA,NSE:TIINDIA-EQ,2768.7,2814.7,2700.0,2752.9,320168,FYERS_HISTORY,2026-08-05T19:56:49+05:30
2026-04-17,SMD-0229,TIINDIA,NSE:TIINDIA-EQ,2750.0,2810.0,2728.6,2790.2,268771,FYERS_HISTORY,2026-08-05T19:56:49+05:30
2026-04-20,SMD-0229,TIINDIA,NSE:TIINDIA-EQ,2790.0,2904.5,2750.7,2873.1,708238,FYERS_HISTORY,2026-08-05T19:56:49+05:30
2026-04-21,SMD-0229,TIINDIA,NSE:TIINDIA-EQ,2896.5,2925.0,2873.3,2885.2,551294,FYERS_HISTORY,2026-08-05T19:56:49+05:30
2026-04-22,SMD-0229,TIINDIA,NSE:TIINDIA-EQ,2900.0,3054.0,2885.3,3024.4,488674,FYERS_HISTORY,2026-08-05T19:56:49+05:30
2026-04-23,SMD-0229,TIINDIA,NSE:TIINDIA-EQ,3037.9,3153.0,3032.0,3086.8,619835,FYERS_HISTORY,2026-08-05T19:56:49+05:30
2026-04-24,SMD-0229,TIINDIA,NSE:TIINDIA-EQ,3086.8,3129.8,2897.1,2968.7,577229,FYERS_HISTORY,2026-08-05T19:56:49+05:30
2026-04-27,SMD-0229,TIINDIA,NSE:TIINDIA-EQ,2970.0,3013.9,2950.0,2994.4,243557,FYERS_HISTORY,2026-08-05T19:56:49+05:30
2026-04-28,SMD-0229,TIINDIA,NSE:TIINDIA-EQ,2992.1,3034.0,2950.6,3001.0,275588,FYERS_HISTORY,2026-08-05T19:56:49+05:30
2026-04-29,SMD-0229,TIINDIA,NSE:TIINDIA-EQ,3032.6,3065.1,2955.0,2965.1,188728,FYERS_HISTORY,2026-08-05T19:56:49+05:30
2026-04-30,SMD-0229,TIINDIA,NSE:TIINDIA-EQ,2965.0,2980.0,2892.0,2947.9,242929,FYERS_HISTORY,2026-08-05T19:56:49+05:30
2026-05-04,SMD-0229,TIINDIA,NSE:TIINDIA-EQ,2972.6,2978.6,2882.3,2906.0,136838,FYERS_HISTORY,2026-08-05T19:56:49+05:30
2026-05-05,SMD-0229,TIINDIA,NSE:TIINDIA-EQ,2917.1,2950.0,2895.6,2932.4,108237,FYERS_HISTORY,2026-08-05T19:56:49+05:30
2026-05-06,SMD-0229,TIINDIA,NSE:TIINDIA-EQ,2947.1,2964.5,2872.8,2917.0,391500,FYERS_HISTORY,2026-08-05T19:56:49+05:30
2026-05-07,SMD-0229,TIINDIA,NSE:TIINDIA-EQ,2928.5,3024.9,2928.5,3015.5,347801,FYERS_HISTORY,2026-08-05T19:56:49+05:30
2026-05-08,SMD-0229,TIINDIA,NSE:TIINDIA-EQ,3008.9,3066.0,2980.0,3049.8,376943,FYERS_HISTORY,2026-08-05T19:56:49+05:30
2026-05-11,SMD-0229,TIINDIA,NSE:TIINDIA-EQ,3046.1,3046.1,2966.0,2992.2,538224,FYERS_HISTORY,2026-08-05T19:56:49+05:30
2026-05-12,SMD-0229,TIINDIA,NSE:TIINDIA-EQ,3014.3,3057.3,2931.3,2954.0,380587,FYERS_HISTORY,2026-08-05T19:56:49+05:30
2026-05-13,SMD-0229,TIINDIA,NSE:TIINDIA-EQ,2959.0,3070.7,2918.5,2941.0,614500,FYERS_HISTORY,2026-08-05T19:56:49+05:30
2026-05-14,SMD-0229,TIINDIA,NSE:TIINDIA-EQ,2949.0,2976.4,2761.9,2800.8,878389,FYERS_HISTORY,2026-08-05T19:56:49+05:30
2026-05-15,SMD-0229,TIINDIA,NSE:TIINDIA-EQ,2765.0,2888.3,2729.3,2850.3,566267,FYERS_HISTORY,2026-08-05T19:56:49+05:30
2026-05-18,SMD-0229,TIINDIA,NSE:TIINDIA-EQ,2850.3,2859.8,2751.0,2815.0,327362,FYERS_HISTORY,2026-08-05T19:56:49+05:30
2026-05-19,SMD-0229,TIINDIA,NSE:TIINDIA-EQ,2839.0,2925.0,2819.6,2892.2,222669,FYERS_HISTORY,2026-08-05T19:56:49+05:30
2026-05-20,SMD-0229,TIINDIA,NSE:TIINDIA-EQ,2877.8,2985.0,2863.9,2970.9,485097,FYERS_HISTORY,2026-08-05T19:56:49+05:30
2026-05-21,SMD-0229,TIINDIA,NSE:TIINDIA-EQ,2984.6,3063.5,2984.0,3000.6,223521,FYERS_HISTORY,2026-08-05T19:56:49+05:30
2026-05-22,SMD-0229,TIINDIA,NSE:TIINDIA-EQ,3011.4,3043.0,2970.0,3011.3,224252,FYERS_HISTORY,2026-08-05T19:56:49+05:30
2026-05-25,SMD-0229,TIINDIA,NSE:TIINDIA-EQ,3044.0,3100.0,3026.3,3047.6,175370,FYERS_HISTORY,2026-08-05T19:56:49+05:30
2026-05-26,SMD-0229,TIINDIA,NSE:TIINDIA-EQ,3047.5,3072.7,3014.9,3039.1,169112,FYERS_HISTORY,2026-08-05T19:56:49+05:30
2026-05-27,SMD-0229,TIINDIA,NSE:TIINDIA-EQ,3050.0,3224.9,3050.0,3210.5,647171,FYERS_HISTORY,2026-08-05T19:56:49+05:30
2026-05-29,SMD-0229,TIINDIA,NSE:TIINDIA-EQ,3237.0,3250.0,3121.9,3141.4,740060,FYERS_HISTORY,2026-08-05T19:56:49+05:30
2026-06-01,SMD-0229,TIINDIA,NSE:TIINDIA-EQ,3140.9,3144.0,3050.0,3056.6,335850,FYERS_HISTORY,2026-08-05T19:56:49+05:30
2026-06-02,SMD-0229,TIINDIA,NSE:TIINDIA-EQ,3030.2,3120.0,2990.3,3110.7,352838,FYERS_HISTORY,2026-08-05T19:56:49+05:30
2026-06-03,SMD-0229,TIINDIA,NSE:TIINDIA-EQ,3131.0,3131.0,3030.5,3070.2,194889,FYERS_HISTORY,2026-08-05T19:56:49+05:30
2026-06-04,SMD-0229,TIINDIA,NSE:TIINDIA-EQ,3051.0,3160.0,3042.6,3098.4,207106,FYERS_HISTORY,2026-08-05T19:56:49+05:30
2026-06-05,SMD-0229,TIINDIA,NSE:TIINDIA-EQ,3099.8,3157.0,3076.6,3129.0,192369,FYERS_HISTORY,2026-08-05T19:56:49+05:30
2026-06-08,SMD-0229,TIINDIA,NSE:TIINDIA-EQ,3082.6,3140.0,3026.0,3056.1,761473,FYERS_HISTORY,2026-08-05T19:56:49+05:30
2026-06-09,SMD-0229,TIINDIA,NSE:TIINDIA-EQ,3072.6,3170.1,3060.1,3105.5,776614,FYERS_HISTORY,2026-08-05T19:56:49+05:30
2026-06-10,SMD-0229,TIINDIA,NSE:TIINDIA-EQ,3127.0,3136.5,3030.5,3062.3,211730,FYERS_HISTORY,2026-08-05T19:56:49+05:30
2026-06-11,SMD-0229,TIINDIA,NSE:TIINDIA-EQ,3060.3,3074.7,2962.0,2975.3,250989,FYERS_HISTORY,2026-08-05T19:56:49+05:30
2026-06-12,SMD-0229,TIINDIA,NSE:TIINDIA-EQ,3000.0,3172.2,3000.0,3141.8,260594,FYERS_HISTORY,2026-08-05T19:56:49+05:30
2026-06-15,SMD-0229,TIINDIA,NSE:TIINDIA-EQ,3192.0,3258.9,3169.9,3226.1,261683,FYERS_HISTORY,2026-08-05T19:56:49+05:30
2026-06-16,SMD-0229,TIINDIA,NSE:TIINDIA-EQ,3249.0,3312.8,3227.0,3264.2,283227,FYERS_HISTORY,2026-08-05T19:56:49+05:30
2026-06-17,SMD-0229,TIINDIA,NSE:TIINDIA-EQ,3284.0,3284.0,3218.7,3267.7,102689,FYERS_HISTORY,2026-08-05T19:56:49+05:30
2026-06-18,SMD-0229,TIINDIA,NSE:TIINDIA-EQ,3290.9,3290.9,3227.8,3256.5,107196,FYERS_HISTORY,2026-08-05T19:56:49+05:30
2026-06-19,SMD-0229,TIINDIA,NSE:TIINDIA-EQ,3227.0,3302.0,3227.0,3285.6,265126,FYERS_HISTORY,2026-08-05T19:56:49+05:30
2026-06-22,SMD-0229,TIINDIA,NSE:TIINDIA-EQ,3299.9,3334.8,3277.1,3307.9,180692,FYERS_HISTORY,2026-08-05T19:56:49+05:30
2026-06-23,SMD-0229,TIINDIA,NSE:TIINDIA-EQ,3292.6,3313.7,3232.7,3257.6,205609,FYERS_HISTORY,2026-08-05T19:56:49+05:30
2026-06-24,SMD-0229,TIINDIA,NSE:TIINDIA-EQ,3274.8,3335.2,3161.1,3170.5,481940,FYERS_HISTORY,2026-08-05T19:56:49+05:30
2026-06-25,SMD-0229,TIINDIA,NSE:TIINDIA-EQ,3178.2,3189.8,3038.6,3054.0,478378,FYERS_HISTORY,2026-08-05T19:56:49+05:30
2026-06-29,SMD-0229,TIINDIA,NSE:TIINDIA-EQ,3077.7,3078.1,3010.0,3022.3,436979,FYERS_HISTORY,2026-08-05T19:56:49+05:30
2026-06-30,SMD-0229,TIINDIA,NSE:TIINDIA-EQ,3031.1,3066.8,2993.3,3029.3,316651,FYERS_HISTORY,2026-08-05T19:56:49+05:30
2026-07-01,SMD-0229,TIINDIA,NSE:TIINDIA-EQ,3049.9,3109.9,3039.5,3097.0,361971,FYERS_HISTORY,2026-08-05T19:56:49+05:30
2026-07-02,SMD-0229,TIINDIA,NSE:TIINDIA-EQ,3110.0,3128.3,3070.0,3090.6,297923,FYERS_HISTORY,2026-08-05T19:56:49+05:30
2026-07-03,SMD-0229,TIINDIA,NSE:TIINDIA-EQ,3106.1,3114.9,2925.4,2975.8,601938,FYERS_HISTORY,2026-08-05T19:56:49+05:30
2026-07-06,SMD-0229,TIINDIA,NSE:TIINDIA-EQ,2976.1,3024.9,2949.1,3005.9,233666,FYERS_HISTORY,2026-08-05T19:56:49+05:30
2026-07-07,SMD-0229,TIINDIA,NSE:TIINDIA-EQ,3018.9,3018.9,2950.0,2978.8,162750,FYERS_HISTORY,2026-08-05T19:56:49+05:30
2026-07-08,SMD-0229,TIINDIA,NSE:TIINDIA-EQ,2980.0,3000.0,2880.8,2899.4,144780,FYERS_HISTORY,2026-08-05T19:56:49+05:30
2026-07-09,SMD-0229,TIINDIA,NSE:TIINDIA-EQ,2930.1,2952.0,2900.0,2916.2,68996,FYERS_HISTORY,2026-08-05T19:56:49+05:30
2026-07-10,SMD-0229,TIINDIA,NSE:TIINDIA-EQ,2919.4,2965.0,2917.0,2958.4,76136,FYERS_HISTORY,2026-08-05T19:56:49+05:30
2026-07-13,SMD-0229,TIINDIA,NSE:TIINDIA-EQ,2950.0,2950.0,2910.1,2921.1,99892,FYERS_HISTORY,2026-08-05T19:56:49+05:30
2026-07-14,SMD-0229,TIINDIA,NSE:TIINDIA-EQ,2910.9,2929.0,2821.6,2916.1,211161,FYERS_HISTORY,2026-08-05T19:56:49+05:30
2026-07-15,SMD-0229,TIINDIA,NSE:TIINDIA-EQ,2940.0,2969.6,2915.5,2939.7,113668,FYERS_HISTORY,2026-08-05T19:56:49+05:30
2026-07-16,SMD-0229,TIINDIA,NSE:TIINDIA-EQ,2950.1,3015.5,2916.7,2932.7,136801,FYERS_HISTORY,2026-08-05T19:56:49+05:30
2026-07-17,SMD-0229,TIINDIA,NSE:TIINDIA-EQ,2939.9,2946.3,2868.9,2888.6,116070,FYERS_HISTORY,2026-08-05T19:56:49+05:30
2026-07-20,SMD-0229,TIINDIA,NSE:TIINDIA-EQ,2892.0,2905.2,2842.2,2886.9,201583,FYERS_HISTORY,2026-08-05T19:56:49+05:30
2026-07-21,SMD-0229,TIINDIA,NSE:TIINDIA-EQ,2891.1,2926.0,2854.7,2909.3,217730,FYERS_HISTORY,2026-08-05T19:56:49+05:30
2026-07-22,SMD-0229,TIINDIA,NSE:TIINDIA-EQ,2905.0,2978.0,2868.0,2903.7,204286,FYERS_HISTORY,2026-08-05T19:56:49+05:30
2026-07-23,SMD-0229,TIINDIA,NSE:TIINDIA-EQ,2903.7,2921.4,2816.5,2824.5,246497,FYERS_HISTORY,2026-08-05T19:56:49+05:30
2026-07-24,SMD-0229,TIINDIA,NSE:TIINDIA-EQ,2800.0,2821.1,2746.6,2767.0,361452,FYERS_HISTORY,2026-08-05T19:56:49+05:30
2026-07-27,SMD-0229,TIINDIA,NSE:TIINDIA-EQ,2793.7,2865.8,2754.6,2849.3,262758,FYERS_HISTORY,2026-08-05T19:56:49+05:30
2026-07-28,SMD-0229,TIINDIA,NSE:TIINDIA-EQ,2849.3,2891.4,2779.6,2825.3,312172,FYERS_HISTORY,2026-08-05T19:56:49+05:30
2026-07-29,SMD-0229,TIINDIA,NSE:TIINDIA-EQ,2831.9,2859.8,2778.5,2786.7,255465,FYERS_HISTORY,2026-08-05T19:56:49+05:30
2026-07-30,SMD-0229,TIINDIA,NSE:TIINDIA-EQ,2798.9,2798.9,2665.6,2688.8,818361,FYERS_HISTORY,2026-08-05T19:56:49+05:30
2026-07-31,SMD-0229,TIINDIA,NSE:TIINDIA-EQ,2716.6,2775.0,2689.0,2753.0,485821,FYERS_HISTORY,2026-08-05T19:56:49+05:30
2026-08-03,SMD-0229,TIINDIA,NSE:TIINDIA-EQ,2810.0,2813.0,2723.2,2766.0,227956,FYERS_HISTORY,2026-08-05T19:56:49+05:30
2026-08-04,SMD-0229,TIINDIA,NSE:TIINDIA-EQ,2778.0,2805.3,2724.0,2744.3,430580,FYERS_HISTORY,2026-08-05T19:56:49+05:30
2026-08-05,SMD-0229,TIINDIA,NSE:TIINDIA-EQ,2772.0,2830.9,2755.1,2787.9,341881,FYERS_HISTORY,2026-08-05T19:56:49+05:30
2026-08-06,SMD-0229,TIINDIA,NSE:TIINDIA-EQ,2800.3,2800.3,2750.1,2753.8,362526,FYERS_HISTORY,2026-08-08T23:57:47+05:30
2026-08-07,SMD-0229,TIINDIA,NSE:TIINDIA-EQ,2754.9,2783.0,2742.2,2772.0,142399,FYERS_HISTORY,2026-08-08T23:57:47+05:30
