trade_date,security_id,symbol,fyers_symbol,open,high,low,close,volume,source,downloaded_at
2018-06-18,SMD-0009,ADANIGREEN,NSE:ADANIGREEN-EQ,30.0,31.5,28.5,31.5,7006229,FYERS_HISTORY,2026-08-08T22:58:59+05:30
2018-06-19,SMD-0009,ADANIGREEN,NSE:ADANIGREEN-EQ,32.7,33.05,31.0,32.6,2895692,FYERS_HISTORY,2026-08-08T22:58:59+05:30
2018-06-20,SMD-0009,ADANIGREEN,NSE:ADANIGREEN-EQ,31.5,32.2,31.0,31.0,1115553,FYERS_HISTORY,2026-08-08T22:58:59+05:30
2018-06-21,SMD-0009,ADANIGREEN,NSE:ADANIGREEN-EQ,29.45,30.0,29.45,29.65,2854524,FYERS_HISTORY,2026-08-08T22:58:59+05:30
2018-06-22,SMD-0009,ADANIGREEN,NSE:ADANIGREEN-EQ,28.2,29.8,28.2,29.45,1612972,FYERS_HISTORY,2026-08-08T22:58:59+05:30
2018-06-25,SMD-0009,ADANIGREEN,NSE:ADANIGREEN-EQ,30.0,30.0,28.5,28.95,365859,FYERS_HISTORY,2026-08-08T22:58:59+05:30
2018-06-26,SMD-0009,ADANIGREEN,NSE:ADANIGREEN-EQ,28.8,29.4,27.55,28.8,493868,FYERS_HISTORY,2026-08-08T22:58:59+05:30
2018-06-27,SMD-0009,ADANIGREEN,NSE:ADANIGREEN-EQ,28.3,28.3,27.4,27.4,133412,FYERS_HISTORY,2026-08-08T22:58:59+05:30
2018-06-28,SMD-0009,ADANIGREEN,NSE:ADANIGREEN-EQ,26.05,26.05,26.05,26.05,61587,FYERS_HISTORY,2026-08-08T22:58:59+05:30
2018-07-02,SMD-0009,ADANIGREEN,NSE:ADANIGREEN-EQ,27.2,27.25,22.8,25.2,1369795,FYERS_HISTORY,2026-08-08T22:58:59+05:30
2018-07-03,SMD-0009,ADANIGREEN,NSE:ADANIGREEN-EQ,26.95,26.95,24.5,26.35,519628,FYERS_HISTORY,2026-08-08T22:58:59+05:30
2018-07-04,SMD-0009,ADANIGREEN,NSE:ADANIGREEN-EQ,26.0,29.95,25.8,29.6,1033451,FYERS_HISTORY,2026-08-08T22:58:59+05:30
2018-07-05,SMD-0009,ADANIGREEN,NSE:ADANIGREEN-EQ,29.8,31.95,28.6,29.8,1546192,FYERS_HISTORY,2026-08-08T22:58:59+05:30
2018-07-06,SMD-0009,ADANIGREEN,NSE:ADANIGREEN-EQ,29.0,30.9,28.85,30.35,523472,FYERS_HISTORY,2026-08-08T22:58:59+05:30
2018-07-09,SMD-0009,ADANIGREEN,NSE:ADANIGREEN-EQ,30.45,31.4,29.55,30.95,616718,FYERS_HISTORY,2026-08-08T22:58:59+05:30
2018-07-10,SMD-0009,ADANIGREEN,NSE:ADANIGREEN-EQ,30.55,31.85,30.25,31.1,492511,FYERS_HISTORY,2026-08-08T22:58:59+05:30
2018-07-11,SMD-0009,ADANIGREEN,NSE:ADANIGREEN-EQ,31.05,33.4,30.6,31.95,1610144,FYERS_HISTORY,2026-08-08T22:58:59+05:30
2018-07-12,SMD-0009,ADANIGREEN,NSE:ADANIGREEN-EQ,31.8,32.9,30.95,31.1,524503,FYERS_HISTORY,2026-08-08T22:58:59+05:30
2018-07-13,SMD-0009,ADANIGREEN,NSE:ADANIGREEN-EQ,32.5,32.7,31.2,31.45,770830,FYERS_HISTORY,2026-08-08T22:58:59+05:30
2018-07-16,SMD-0009,ADANIGREEN,NSE:ADANIGREEN-EQ,32.4,32.4,30.85,31.1,696778,FYERS_HISTORY,2026-08-08T22:58:59+05:30
2018-07-17,SMD-0009,ADANIGREEN,NSE:ADANIGREEN-EQ,31.65,31.85,30.95,31.45,557931,FYERS_HISTORY,2026-08-08T22:58:59+05:30
2018-07-18,SMD-0009,ADANIGREEN,NSE:ADANIGREEN-EQ,31.5,31.75,29.55,29.75,497514,FYERS_HISTORY,2026-08-08T22:58:59+05:30
2018-07-19,SMD-0009,ADANIGREEN,NSE:ADANIGREEN-EQ,29.8,30.4,28.1,29.7,469529,FYERS_HISTORY,2026-08-08T22:58:59+05:30
2018-07-20,SMD-0009,ADANIGREEN,NSE:ADANIGREEN-EQ,29.95,35.6,29.5,35.4,5891772,FYERS_HISTORY,2026-08-08T22:58:59+05:30
2018-07-23,SMD-0009,ADANIGREEN,NSE:ADANIGREEN-EQ,37.9,42.45,37.1,42.45,2766587,FYERS_HISTORY,2026-08-08T22:58:59+05:30
2018-07-24,SMD-0009,ADANIGREEN,NSE:ADANIGREEN-EQ,45.85,46.65,45.0,46.65,1510186,FYERS_HISTORY,2026-08-08T22:58:59+05:30
2018-07-25,SMD-0009,ADANIGREEN,NSE:ADANIGREEN-EQ,50.7,51.3,47.1,51.3,868232,FYERS_HISTORY,2026-08-08T22:58:59+05:30
2018-07-26,SMD-0009,ADANIGREEN,NSE:ADANIGREEN-EQ,55.8,56.4,48.0,52.9,6847468,FYERS_HISTORY,2026-08-08T22:58:59+05:30
2018-07-27,SMD-0009,ADANIGREEN,NSE:ADANIGREEN-EQ,54.5,54.8,51.15,52.35,1425686,FYERS_HISTORY,2026-08-08T22:58:59+05:30
2018-07-30,SMD-0009,ADANIGREEN,NSE:ADANIGREEN-EQ,52.8,57.55,52.8,57.55,2011508,FYERS_HISTORY,2026-08-08T22:58:59+05:30
2018-07-31,SMD-0009,ADANIGREEN,NSE:ADANIGREEN-EQ,60.4,60.4,58.6,60.4,3461295,FYERS_HISTORY,2026-08-08T22:58:59+05:30
2018-08-01,SMD-0009,ADANIGREEN,NSE:ADANIGREEN-EQ,62.7,63.4,62.3,63.4,1023345,FYERS_HISTORY,2026-08-08T22:58:59+05:30
2018-08-02,SMD-0009,ADANIGREEN,NSE:ADANIGREEN-EQ,66.55,66.55,66.55,66.55,162902,FYERS_HISTORY,2026-08-08T22:58:59+05:30
2018-08-03,SMD-0009,ADANIGREEN,NSE:ADANIGREEN-EQ,69.85,69.85,69.85,69.85,116347,FYERS_HISTORY,2026-08-08T22:58:59+05:30
2018-08-06,SMD-0009,ADANIGREEN,NSE:ADANIGREEN-EQ,73.3,73.3,73.3,73.3,66210,FYERS_HISTORY,2026-08-08T22:58:59+05:30
2018-08-07,SMD-0009,ADANIGREEN,NSE:ADANIGREEN-EQ,71.3,73.0,69.65,69.65,1031500,FYERS_HISTORY,2026-08-08T22:58:59+05:30
2018-08-08,SMD-0009,ADANIGREEN,NSE:ADANIGREEN-EQ,66.2,66.2,66.2,66.2,71603,FYERS_HISTORY,2026-08-08T22:58:59+05:30
2018-08-09,SMD-0009,ADANIGREEN,NSE:ADANIGREEN-EQ,62.9,62.9,62.9,62.9,130477,FYERS_HISTORY,2026-08-08T22:58:59+05:30
2018-08-10,SMD-0009,ADANIGREEN,NSE:ADANIGREEN-EQ,61.55,66.0,60.1,66.0,3789655,FYERS_HISTORY,2026-08-08T22:58:59+05:30
2018-08-13,SMD-0009,ADANIGREEN,NSE:ADANIGREEN-EQ,62.7,62.7,62.7,62.7,262033,FYERS_HISTORY,2026-08-08T22:58:59+05:30
2018-08-14,SMD-0009,ADANIGREEN,NSE:ADANIGREEN-EQ,59.6,59.6,59.6,59.6,117253,FYERS_HISTORY,2026-08-08T22:58:59+05:30
2018-08-16,SMD-0009,ADANIGREEN,NSE:ADANIGREEN-EQ,56.65,56.65,56.65,56.65,82087,FYERS_HISTORY,2026-08-08T22:58:59+05:30
2018-08-17,SMD-0009,ADANIGREEN,NSE:ADANIGREEN-EQ,53.85,59.45,53.85,54.7,4325129,FYERS_HISTORY,2026-08-08T22:58:59+05:30
2018-08-20,SMD-0009,ADANIGREEN,NSE:ADANIGREEN-EQ,54.7,57.4,54.7,57.4,585571,FYERS_HISTORY,2026-08-08T22:58:59+05:30
2018-08-21,SMD-0009,ADANIGREEN,NSE:ADANIGREEN-EQ,59.0,60.25,56.0,57.1,2223954,FYERS_HISTORY,2026-08-08T22:58:59+05:30
2018-08-23,SMD-0009,ADANIGREEN,NSE:ADANIGREEN-EQ,58.7,59.95,56.55,57.2,946929,FYERS_HISTORY,2026-08-08T22:58:59+05:30
2018-08-24,SMD-0009,ADANIGREEN,NSE:ADANIGREEN-EQ,58.5,58.5,54.9,55.55,544872,FYERS_HISTORY,2026-08-08T22:58:59+05:30
2018-08-27,SMD-0009,ADANIGREEN,NSE:ADANIGREEN-EQ,55.2,57.4,53.25,55.5,1065753,FYERS_HISTORY,2026-08-08T22:58:59+05:30
2018-08-28,SMD-0009,ADANIGREEN,NSE:ADANIGREEN-EQ,56.1,58.25,55.35,58.25,895093,FYERS_HISTORY,2026-08-08T22:58:59+05:30
2018-08-29,SMD-0009,ADANIGREEN,NSE:ADANIGREEN-EQ,60.0,61.15,58.0,60.9,3048560,FYERS_HISTORY,2026-08-08T22:58:59+05:30
2018-08-30,SMD-0009,ADANIGREEN,NSE:ADANIGREEN-EQ,62.6,62.8,58.7,59.05,927625,FYERS_HISTORY,2026-08-08T22:58:59+05:30
2018-08-31,SMD-0009,ADANIGREEN,NSE:ADANIGREEN-EQ,59.0,59.4,56.9,57.4,611779,FYERS_HISTORY,2026-08-08T22:58:59+05:30
2018-09-03,SMD-0009,ADANIGREEN,NSE:ADANIGREEN-EQ,57.8,58.6,55.7,55.9,444735,FYERS_HISTORY,2026-08-08T22:58:59+05:30
2018-09-04,SMD-0009,ADANIGREEN,NSE:ADANIGREEN-EQ,56.8,56.8,53.25,53.5,528265,FYERS_HISTORY,2026-08-08T22:58:59+05:30
2018-09-05,SMD-0009,ADANIGREEN,NSE:ADANIGREEN-EQ,53.5,54.5,51.0,52.25,476641,FYERS_HISTORY,2026-08-08T22:58:59+05:30
2018-09-06,SMD-0009,ADANIGREEN,NSE:ADANIGREEN-EQ,53.25,54.85,52.45,54.85,773528,FYERS_HISTORY,2026-08-08T22:58:59+05:30
2018-09-07,SMD-0009,ADANIGREEN,NSE:ADANIGREEN-EQ,56.0,57.45,55.0,55.7,470728,FYERS_HISTORY,2026-08-08T22:58:59+05:30
2018-09-10,SMD-0009,ADANIGREEN,NSE:ADANIGREEN-EQ,56.0,56.0,53.75,54.05,277861,FYERS_HISTORY,2026-08-08T22:58:59+05:30
2018-09-11,SMD-0009,ADANIGREEN,NSE:ADANIGREEN-EQ,54.35,55.4,52.0,52.5,281671,FYERS_HISTORY,2026-08-08T22:58:59+05:30
2018-09-12,SMD-0009,ADANIGREEN,NSE:ADANIGREEN-EQ,54.0,54.0,51.2,52.65,248721,FYERS_HISTORY,2026-08-08T22:58:59+05:30
2018-09-14,SMD-0009,ADANIGREEN,NSE:ADANIGREEN-EQ,54.4,55.25,53.35,55.25,335372,FYERS_HISTORY,2026-08-08T22:58:59+05:30
2018-09-17,SMD-0009,ADANIGREEN,NSE:ADANIGREEN-EQ,55.5,56.2,52.9,53.75,383467,FYERS_HISTORY,2026-08-08T22:58:59+05:30
2018-09-18,SMD-0009,ADANIGREEN,NSE:ADANIGREEN-EQ,53.4,54.75,53.15,53.3,190458,FYERS_HISTORY,2026-08-08T22:58:59+05:30
2018-09-19,SMD-0009,ADANIGREEN,NSE:ADANIGREEN-EQ,54.0,54.2,51.4,51.8,242903,FYERS_HISTORY,2026-08-08T22:58:59+05:30
2018-09-21,SMD-0009,ADANIGREEN,NSE:ADANIGREEN-EQ,52.5,52.8,49.25,49.25,871518,FYERS_HISTORY,2026-08-08T22:58:59+05:30
2018-09-24,SMD-0009,ADANIGREEN,NSE:ADANIGREEN-EQ,48.8,48.8,46.8,46.8,298844,FYERS_HISTORY,2026-08-08T22:58:59+05:30
2018-09-25,SMD-0009,ADANIGREEN,NSE:ADANIGREEN-EQ,44.55,46.65,44.5,44.55,554878,FYERS_HISTORY,2026-08-08T22:58:59+05:30
2018-09-26,SMD-0009,ADANIGREEN,NSE:ADANIGREEN-EQ,46.45,46.75,44.6,45.2,757920,FYERS_HISTORY,2026-08-08T22:58:59+05:30
2018-09-27,SMD-0009,ADANIGREEN,NSE:ADANIGREEN-EQ,45.95,45.95,42.95,42.95,370953,FYERS_HISTORY,2026-08-08T22:58:59+05:30
2018-09-28,SMD-0009,ADANIGREEN,NSE:ADANIGREEN-EQ,42.95,43.3,40.85,40.85,241990,FYERS_HISTORY,2026-08-08T22:58:59+05:30
2018-10-01,SMD-0009,ADANIGREEN,NSE:ADANIGREEN-EQ,38.85,40.75,38.85,39.2,715774,FYERS_HISTORY,2026-08-08T22:58:59+05:30
2018-10-03,SMD-0009,ADANIGREEN,NSE:ADANIGREEN-EQ,40.0,40.0,37.25,37.25,610429,FYERS_HISTORY,2026-08-08T22:58:59+05:30
2018-10-04,SMD-0009,ADANIGREEN,NSE:ADANIGREEN-EQ,35.4,35.4,35.4,35.4,103762,FYERS_HISTORY,2026-08-08T22:58:59+05:30
2018-10-05,SMD-0009,ADANIGREEN,NSE:ADANIGREEN-EQ,33.65,33.65,33.65,33.65,80519,FYERS_HISTORY,2026-08-08T22:58:59+05:30
2018-10-08,SMD-0009,ADANIGREEN,NSE:ADANIGREEN-EQ,32.75,33.1,32.0,32.0,1125121,FYERS_HISTORY,2026-08-08T22:58:59+05:30
2018-10-09,SMD-0009,ADANIGREEN,NSE:ADANIGREEN-EQ,30.4,32.1,30.4,30.4,1129990,FYERS_HISTORY,2026-08-08T22:58:59+05:30
2018-10-10,SMD-0009,ADANIGREEN,NSE:ADANIGREEN-EQ,29.1,31.9,29.1,31.9,310963,FYERS_HISTORY,2026-08-08T22:58:59+05:30
2018-10-11,SMD-0009,ADANIGREEN,NSE:ADANIGREEN-EQ,32.9,33.45,32.05,33.45,351022,FYERS_HISTORY,2026-08-08T22:58:59+05:30
2018-10-12,SMD-0009,ADANIGREEN,NSE:ADANIGREEN-EQ,35.1,35.1,35.1,35.1,170930,FYERS_HISTORY,2026-08-08T22:58:59+05:30
2018-10-15,SMD-0009,ADANIGREEN,NSE:ADANIGREEN-EQ,35.9,36.85,35.25,36.85,2501987,FYERS_HISTORY,2026-08-08T22:58:59+05:30
2018-10-16,SMD-0009,ADANIGREEN,NSE:ADANIGREEN-EQ,37.6,38.65,37.3,38.65,1241610,FYERS_HISTORY,2026-08-08T22:58:59+05:30
2018-10-17,SMD-0009,ADANIGREEN,NSE:ADANIGREEN-EQ,40.55,40.55,39.1,39.35,2436836,FYERS_HISTORY,2026-08-08T22:58:59+05:30
2018-10-19,SMD-0009,ADANIGREEN,NSE:ADANIGREEN-EQ,39.5,39.5,37.4,37.4,633110,FYERS_HISTORY,2026-08-08T22:58:59+05:30
2018-10-22,SMD-0009,ADANIGREEN,NSE:ADANIGREEN-EQ,37.45,38.85,35.55,35.75,421538,FYERS_HISTORY,2026-08-08T22:58:59+05:30
2018-10-23,SMD-0009,ADANIGREEN,NSE:ADANIGREEN-EQ,35.75,35.75,34.0,35.25,498569,FYERS_HISTORY,2026-08-08T22:58:59+05:30
2018-10-24,SMD-0009,ADANIGREEN,NSE:ADANIGREEN-EQ,35.55,37.0,35.55,37.0,856135,FYERS_HISTORY,2026-08-08T22:58:59+05:30
2018-10-25,SMD-0009,ADANIGREEN,NSE:ADANIGREEN-EQ,36.9,37.95,35.5,36.2,539990,FYERS_HISTORY,2026-08-08T22:58:59+05:30
2018-10-26,SMD-0009,ADANIGREEN,NSE:ADANIGREEN-EQ,36.7,37.3,35.5,36.2,276450,FYERS_HISTORY,2026-08-08T22:58:59+05:30
2018-10-29,SMD-0009,ADANIGREEN,NSE:ADANIGREEN-EQ,38.0,38.0,37.9,38.0,1008595,FYERS_HISTORY,2026-08-08T22:58:59+05:30
2018-10-30,SMD-0009,ADANIGREEN,NSE:ADANIGREEN-EQ,39.9,39.9,38.45,39.3,3882939,FYERS_HISTORY,2026-08-08T22:58:59+05:30
2018-10-31,SMD-0009,ADANIGREEN,NSE:ADANIGREEN-EQ,39.3,40.5,37.35,39.65,2857119,FYERS_HISTORY,2026-08-08T22:58:59+05:30
2018-11-01,SMD-0009,ADANIGREEN,NSE:ADANIGREEN-EQ,38.3,41.4,38.0,41.05,1500492,FYERS_HISTORY,2026-08-08T22:58:59+05:30
2018-11-02,SMD-0009,ADANIGREEN,NSE:ADANIGREEN-EQ,41.95,42.8,41.1,41.3,948252,FYERS_HISTORY,2026-08-08T22:58:59+05:30
2018-11-05,SMD-0009,ADANIGREEN,NSE:ADANIGREEN-EQ,41.85,43.35,41.85,43.35,664924,FYERS_HISTORY,2026-08-08T22:58:59+05:30
2018-11-06,SMD-0009,ADANIGREEN,NSE:ADANIGREEN-EQ,45.0,45.5,42.5,43.1,1558886,FYERS_HISTORY,2026-08-08T22:58:59+05:30
2018-11-07,SMD-0009,ADANIGREEN,NSE:ADANIGREEN-EQ,44.15,45.25,44.0,45.05,1009337,FYERS_HISTORY,2026-08-08T22:58:59+05:30
2018-11-09,SMD-0009,ADANIGREEN,NSE:ADANIGREEN-EQ,45.9,46.35,43.6,45.25,728245,FYERS_HISTORY,2026-08-08T22:58:59+05:30
2018-11-12,SMD-0009,ADANIGREEN,NSE:ADANIGREEN-EQ,45.25,45.9,43.0,43.1,488369,FYERS_HISTORY,2026-08-08T22:58:59+05:30
2018-11-13,SMD-0009,ADANIGREEN,NSE:ADANIGREEN-EQ,42.5,42.7,41.45,42.1,435533,FYERS_HISTORY,2026-08-08T22:58:59+05:30
2018-11-14,SMD-0009,ADANIGREEN,NSE:ADANIGREEN-EQ,42.35,43.8,42.3,42.7,412768,FYERS_HISTORY,2026-08-08T22:58:59+05:30
2018-11-15,SMD-0009,ADANIGREEN,NSE:ADANIGREEN-EQ,42.9,44.2,41.25,43.35,367324,FYERS_HISTORY,2026-08-08T22:58:59+05:30
2018-11-16,SMD-0009,ADANIGREEN,NSE:ADANIGREEN-EQ,44.4,44.4,41.7,42.35,499103,FYERS_HISTORY,2026-08-08T22:58:59+05:30
2018-11-19,SMD-0009,ADANIGREEN,NSE:ADANIGREEN-EQ,42.4,42.75,40.7,41.25,294550,FYERS_HISTORY,2026-08-08T22:58:59+05:30
2018-11-20,SMD-0009,ADANIGREEN,NSE:ADANIGREEN-EQ,41.25,42.85,41.0,41.45,364290,FYERS_HISTORY,2026-08-08T22:58:59+05:30
2018-11-21,SMD-0009,ADANIGREEN,NSE:ADANIGREEN-EQ,43.0,43.5,41.2,43.5,595503,FYERS_HISTORY,2026-08-08T22:58:59+05:30
2018-11-22,SMD-0009,ADANIGREEN,NSE:ADANIGREEN-EQ,44.5,45.65,43.8,45.65,1334318,FYERS_HISTORY,2026-08-08T22:58:59+05:30
2018-11-26,SMD-0009,ADANIGREEN,NSE:ADANIGREEN-EQ,46.6,47.9,46.2,47.9,1426646,FYERS_HISTORY,2026-08-08T22:58:59+05:30
2018-11-27,SMD-0009,ADANIGREEN,NSE:ADANIGREEN-EQ,48.9,50.25,48.6,49.45,1095967,FYERS_HISTORY,2026-08-08T22:58:59+05:30
2018-11-28,SMD-0009,ADANIGREEN,NSE:ADANIGREEN-EQ,50.0,50.0,47.0,48.4,1512866,FYERS_HISTORY,2026-08-08T22:58:59+05:30
2018-11-29,SMD-0009,ADANIGREEN,NSE:ADANIGREEN-EQ,48.6,49.7,46.9,47.45,628832,FYERS_HISTORY,2026-08-08T22:58:59+05:30
2018-11-30,SMD-0009,ADANIGREEN,NSE:ADANIGREEN-EQ,48.0,48.55,46.4,46.75,345988,FYERS_HISTORY,2026-08-08T22:58:59+05:30
2018-12-03,SMD-0009,ADANIGREEN,NSE:ADANIGREEN-EQ,47.0,47.5,45.3,46.05,317022,FYERS_HISTORY,2026-08-08T22:58:59+05:30
2018-12-04,SMD-0009,ADANIGREEN,NSE:ADANIGREEN-EQ,46.9,46.9,45.0,45.1,331553,FYERS_HISTORY,2026-08-08T22:58:59+05:30
2018-12-05,SMD-0009,ADANIGREEN,NSE:ADANIGREEN-EQ,44.4,47.35,44.4,46.8,1337441,FYERS_HISTORY,2026-08-08T22:58:59+05:30
2018-12-06,SMD-0009,ADANIGREEN,NSE:ADANIGREEN-EQ,46.9,47.75,44.85,45.2,650624,FYERS_HISTORY,2026-08-08T22:58:59+05:30
2018-12-07,SMD-0009,ADANIGREEN,NSE:ADANIGREEN-EQ,45.6,46.4,43.5,44.45,469921,FYERS_HISTORY,2026-08-08T22:58:59+05:30
2018-12-10,SMD-0009,ADANIGREEN,NSE:ADANIGREEN-EQ,43.0,43.0,40.4,41.3,362344,FYERS_HISTORY,2026-08-08T22:58:59+05:30
2018-12-11,SMD-0009,ADANIGREEN,NSE:ADANIGREEN-EQ,40.95,45.0,39.8,43.35,910217,FYERS_HISTORY,2026-08-08T22:58:59+05:30
2018-12-12,SMD-0009,ADANIGREEN,NSE:ADANIGREEN-EQ,45.4,45.75,44.15,44.8,444342,FYERS_HISTORY,2026-08-08T22:58:59+05:30
2018-12-13,SMD-0009,ADANIGREEN,NSE:ADANIGREEN-EQ,45.55,45.8,44.0,44.3,205559,FYERS_HISTORY,2026-08-08T22:58:59+05:30
2018-12-14,SMD-0009,ADANIGREEN,NSE:ADANIGREEN-EQ,44.0,45.6,43.8,44.15,269581,FYERS_HISTORY,2026-08-08T22:58:59+05:30
2018-12-17,SMD-0009,ADANIGREEN,NSE:ADANIGREEN-EQ,44.3,45.9,44.15,44.65,200093,FYERS_HISTORY,2026-08-08T22:58:59+05:30
2018-12-18,SMD-0009,ADANIGREEN,NSE:ADANIGREEN-EQ,44.9,46.8,43.9,44.25,1217941,FYERS_HISTORY,2026-08-08T22:58:59+05:30
2018-12-19,SMD-0009,ADANIGREEN,NSE:ADANIGREEN-EQ,44.65,44.75,44.0,44.15,341189,FYERS_HISTORY,2026-08-08T22:58:59+05:30
2018-12-20,SMD-0009,ADANIGREEN,NSE:ADANIGREEN-EQ,43.95,44.65,43.6,43.95,369104,FYERS_HISTORY,2026-08-08T22:58:59+05:30
2018-12-21,SMD-0009,ADANIGREEN,NSE:ADANIGREEN-EQ,43.95,44.25,42.35,42.5,443037,FYERS_HISTORY,2026-08-08T22:58:59+05:30
2018-12-24,SMD-0009,ADANIGREEN,NSE:ADANIGREEN-EQ,42.5,43.2,42.0,42.15,174059,FYERS_HISTORY,2026-08-08T22:58:59+05:30
2018-12-26,SMD-0009,ADANIGREEN,NSE:ADANIGREEN-EQ,42.2,42.4,40.15,41.55,517905,FYERS_HISTORY,2026-08-08T22:58:59+05:30
2018-12-27,SMD-0009,ADANIGREEN,NSE:ADANIGREEN-EQ,41.75,42.7,41.25,41.45,212220,FYERS_HISTORY,2026-08-08T22:59:00+05:30
2018-12-28,SMD-0009,ADANIGREEN,NSE:ADANIGREEN-EQ,42.0,42.55,41.55,41.7,233894,FYERS_HISTORY,2026-08-08T22:59:00+05:30
2018-12-31,SMD-0009,ADANIGREEN,NSE:ADANIGREEN-EQ,41.75,42.3,41.7,41.85,211687,FYERS_HISTORY,2026-08-08T22:59:00+05:30
2019-01-01,SMD-0009,ADANIGREEN,NSE:ADANIGREEN-EQ,41.85,41.85,41.15,41.4,105166,FYERS_HISTORY,2026-08-08T22:59:00+05:30
2019-01-02,SMD-0009,ADANIGREEN,NSE:ADANIGREEN-EQ,41.1,42.5,40.55,41.15,288827,FYERS_HISTORY,2026-08-08T22:59:00+05:30
2019-01-03,SMD-0009,ADANIGREEN,NSE:ADANIGREEN-EQ,41.5,42.15,40.75,40.95,211035,FYERS_HISTORY,2026-08-08T22:59:00+05:30
2019-01-04,SMD-0009,ADANIGREEN,NSE:ADANIGREEN-EQ,40.95,41.3,40.4,40.55,169984,FYERS_HISTORY,2026-08-08T22:59:00+05:30
2019-01-07,SMD-0009,ADANIGREEN,NSE:ADANIGREEN-EQ,41.0,42.25,41.0,41.1,292864,FYERS_HISTORY,2026-08-08T22:59:00+05:30
2019-01-08,SMD-0009,ADANIGREEN,NSE:ADANIGREEN-EQ,41.1,41.5,40.5,40.75,259216,FYERS_HISTORY,2026-08-08T22:59:00+05:30
2019-01-09,SMD-0009,ADANIGREEN,NSE:ADANIGREEN-EQ,41.2,41.2,40.5,40.65,160411,FYERS_HISTORY,2026-08-08T22:59:00+05:30
2019-01-10,SMD-0009,ADANIGREEN,NSE:ADANIGREEN-EQ,40.95,40.95,40.5,40.65,82567,FYERS_HISTORY,2026-08-08T22:59:00+05:30
2019-01-11,SMD-0009,ADANIGREEN,NSE:ADANIGREEN-EQ,40.65,41.35,39.5,39.75,346640,FYERS_HISTORY,2026-08-08T22:59:00+05:30
2019-01-14,SMD-0009,ADANIGREEN,NSE:ADANIGREEN-EQ,40.5,40.95,39.5,39.6,269872,FYERS_HISTORY,2026-08-08T22:59:00+05:30
2019-01-15,SMD-0009,ADANIGREEN,NSE:ADANIGREEN-EQ,40.1,40.1,38.5,38.75,228070,FYERS_HISTORY,2026-08-08T22:59:00+05:30
2019-01-16,SMD-0009,ADANIGREEN,NSE:ADANIGREEN-EQ,39.3,39.35,38.55,39.15,167243,FYERS_HISTORY,2026-08-08T22:59:00+05:30
2019-01-17,SMD-0009,ADANIGREEN,NSE:ADANIGREEN-EQ,39.75,40.25,39.15,39.65,221463,FYERS_HISTORY,2026-08-08T22:59:00+05:30
2019-01-18,SMD-0009,ADANIGREEN,NSE:ADANIGREEN-EQ,39.65,40.15,38.35,38.75,180157,FYERS_HISTORY,2026-08-08T22:59:00+05:30
2019-01-21,SMD-0009,ADANIGREEN,NSE:ADANIGREEN-EQ,39.0,39.1,37.5,37.95,113138,FYERS_HISTORY,2026-08-08T22:59:00+05:30
2019-01-22,SMD-0009,ADANIGREEN,NSE:ADANIGREEN-EQ,38.0,38.9,36.55,37.75,243342,FYERS_HISTORY,2026-08-08T22:59:00+05:30
2019-01-23,SMD-0009,ADANIGREEN,NSE:ADANIGREEN-EQ,37.75,38.35,37.55,37.95,113541,FYERS_HISTORY,2026-08-08T22:59:00+05:30
2019-01-24,SMD-0009,ADANIGREEN,NSE:ADANIGREEN-EQ,37.7,38.2,37.0,37.35,119053,FYERS_HISTORY,2026-08-08T22:59:00+05:30
2019-01-25,SMD-0009,ADANIGREEN,NSE:ADANIGREEN-EQ,38.05,38.05,34.7,35.1,250182,FYERS_HISTORY,2026-08-08T22:59:00+05:30
2019-01-28,SMD-0009,ADANIGREEN,NSE:ADANIGREEN-EQ,35.45,36.0,31.6,32.5,770899,FYERS_HISTORY,2026-08-08T22:59:00+05:30
2019-01-29,SMD-0009,ADANIGREEN,NSE:ADANIGREEN-EQ,33.0,35.75,32.25,34.9,542956,FYERS_HISTORY,2026-08-08T22:59:00+05:30
2019-01-30,SMD-0009,ADANIGREEN,NSE:ADANIGREEN-EQ,35.95,38.2,34.2,37.3,529540,FYERS_HISTORY,2026-08-08T22:59:00+05:30
2019-01-31,SMD-0009,ADANIGREEN,NSE:ADANIGREEN-EQ,38.0,39.85,35.0,35.6,733194,FYERS_HISTORY,2026-08-08T22:59:00+05:30
2019-02-01,SMD-0009,ADANIGREEN,NSE:ADANIGREEN-EQ,36.4,37.0,35.5,35.75,352935,FYERS_HISTORY,2026-08-08T22:59:00+05:30
2019-02-04,SMD-0009,ADANIGREEN,NSE:ADANIGREEN-EQ,35.95,36.3,33.0,33.85,251417,FYERS_HISTORY,2026-08-08T22:59:00+05:30
2019-02-05,SMD-0009,ADANIGREEN,NSE:ADANIGREEN-EQ,34.3,34.35,32.6,32.95,192834,FYERS_HISTORY,2026-08-08T22:59:00+05:30
2019-02-06,SMD-0009,ADANIGREEN,NSE:ADANIGREEN-EQ,33.4,34.0,33.0,33.1,345009,FYERS_HISTORY,2026-08-08T22:59:00+05:30
2019-02-07,SMD-0009,ADANIGREEN,NSE:ADANIGREEN-EQ,33.5,37.8,33.5,34.4,1211335,FYERS_HISTORY,2026-08-08T22:59:00+05:30
2019-02-08,SMD-0009,ADANIGREEN,NSE:ADANIGREEN-EQ,34.75,34.75,33.0,33.9,190270,FYERS_HISTORY,2026-08-08T22:59:00+05:30
2019-02-11,SMD-0009,ADANIGREEN,NSE:ADANIGREEN-EQ,33.0,35.2,32.6,32.85,198956,FYERS_HISTORY,2026-08-08T22:59:00+05:30
2019-02-12,SMD-0009,ADANIGREEN,NSE:ADANIGREEN-EQ,33.0,33.4,31.85,32.1,216299,FYERS_HISTORY,2026-08-08T22:59:00+05:30
2019-02-13,SMD-0009,ADANIGREEN,NSE:ADANIGREEN-EQ,32.7,34.5,31.05,32.4,587135,FYERS_HISTORY,2026-08-08T22:59:00+05:30
2019-02-14,SMD-0009,ADANIGREEN,NSE:ADANIGREEN-EQ,32.55,33.75,31.65,31.95,418342,FYERS_HISTORY,2026-08-08T22:59:00+05:30
2019-02-15,SMD-0009,ADANIGREEN,NSE:ADANIGREEN-EQ,32.05,32.5,30.8,31.0,438733,FYERS_HISTORY,2026-08-08T22:59:00+05:30
2019-02-18,SMD-0009,ADANIGREEN,NSE:ADANIGREEN-EQ,31.45,31.45,30.15,30.25,238514,FYERS_HISTORY,2026-08-08T22:59:00+05:30
2019-02-19,SMD-0009,ADANIGREEN,NSE:ADANIGREEN-EQ,30.25,31.5,30.2,30.8,200552,FYERS_HISTORY,2026-08-08T22:59:00+05:30
2019-02-20,SMD-0009,ADANIGREEN,NSE:ADANIGREEN-EQ,31.15,31.65,30.55,30.95,220599,FYERS_HISTORY,2026-08-08T22:59:00+05:30
2019-02-21,SMD-0009,ADANIGREEN,NSE:ADANIGREEN-EQ,31.0,31.8,30.35,30.85,320492,FYERS_HISTORY,2026-08-08T22:59:00+05:30
2019-02-22,SMD-0009,ADANIGREEN,NSE:ADANIGREEN-EQ,31.1,32.95,30.75,32.7,788757,FYERS_HISTORY,2026-08-08T22:59:00+05:30
2019-02-25,SMD-0009,ADANIGREEN,NSE:ADANIGREEN-EQ,33.4,33.5,32.3,32.95,493358,FYERS_HISTORY,2026-08-08T22:59:00+05:30
2019-02-26,SMD-0009,ADANIGREEN,NSE:ADANIGREEN-EQ,32.75,33.25,30.55,32.9,602009,FYERS_HISTORY,2026-08-08T22:59:00+05:30
2019-02-27,SMD-0009,ADANIGREEN,NSE:ADANIGREEN-EQ,33.25,34.5,32.55,32.9,918227,FYERS_HISTORY,2026-08-08T22:59:00+05:30
2019-02-28,SMD-0009,ADANIGREEN,NSE:ADANIGREEN-EQ,33.0,33.5,32.65,33.05,305906,FYERS_HISTORY,2026-08-08T22:59:00+05:30
2019-03-01,SMD-0009,ADANIGREEN,NSE:ADANIGREEN-EQ,33.1,35.3,33.1,34.2,1019350,FYERS_HISTORY,2026-08-08T22:59:00+05:30
2019-03-05,SMD-0009,ADANIGREEN,NSE:ADANIGREEN-EQ,34.25,37.4,34.1,36.25,1423360,FYERS_HISTORY,2026-08-08T22:59:00+05:30
2019-03-06,SMD-0009,ADANIGREEN,NSE:ADANIGREEN-EQ,36.75,37.45,35.0,35.4,976586,FYERS_HISTORY,2026-08-08T22:59:00+05:30
2019-03-07,SMD-0009,ADANIGREEN,NSE:ADANIGREEN-EQ,36.0,36.45,34.95,35.6,816819,FYERS_HISTORY,2026-08-08T22:59:00+05:30
2019-03-08,SMD-0009,ADANIGREEN,NSE:ADANIGREEN-EQ,35.6,35.95,34.7,35.0,552247,FYERS_HISTORY,2026-08-08T22:59:00+05:30
2019-03-11,SMD-0009,ADANIGREEN,NSE:ADANIGREEN-EQ,35.4,36.25,35.15,36.15,515567,FYERS_HISTORY,2026-08-08T22:59:00+05:30
2019-03-12,SMD-0009,ADANIGREEN,NSE:ADANIGREEN-EQ,36.5,40.7,36.4,39.1,3374322,FYERS_HISTORY,2026-08-08T22:59:00+05:30
2019-03-13,SMD-0009,ADANIGREEN,NSE:ADANIGREEN-EQ,39.3,41.6,38.4,39.75,2123795,FYERS_HISTORY,2026-08-08T22:59:00+05:30
2019-03-14,SMD-0009,ADANIGREEN,NSE:ADANIGREEN-EQ,40.2,40.3,38.25,38.55,791109,FYERS_HISTORY,2026-08-08T22:59:00+05:30
2019-03-15,SMD-0009,ADANIGREEN,NSE:ADANIGREEN-EQ,38.9,39.6,37.3,37.8,886002,FYERS_HISTORY,2026-08-08T22:59:00+05:30
2019-03-18,SMD-0009,ADANIGREEN,NSE:ADANIGREEN-EQ,38.25,38.45,36.45,37.4,591667,FYERS_HISTORY,2026-08-08T22:59:00+05:30
2019-03-19,SMD-0009,ADANIGREEN,NSE:ADANIGREEN-EQ,37.4,38.0,37.0,37.1,514591,FYERS_HISTORY,2026-08-08T22:59:00+05:30
2019-03-20,SMD-0009,ADANIGREEN,NSE:ADANIGREEN-EQ,37.0,37.25,36.2,36.45,458645,FYERS_HISTORY,2026-08-08T22:59:00+05:30
2019-03-22,SMD-0009,ADANIGREEN,NSE:ADANIGREEN-EQ,36.6,37.0,35.35,36.0,505496,FYERS_HISTORY,2026-08-08T22:59:00+05:30
2019-03-25,SMD-0009,ADANIGREEN,NSE:ADANIGREEN-EQ,35.55,35.7,34.7,35.15,426556,FYERS_HISTORY,2026-08-08T22:59:00+05:30
2019-03-26,SMD-0009,ADANIGREEN,NSE:ADANIGREEN-EQ,35.05,36.25,34.9,35.95,480545,FYERS_HISTORY,2026-08-08T22:59:00+05:30
2019-03-27,SMD-0009,ADANIGREEN,NSE:ADANIGREEN-EQ,36.1,36.7,35.15,35.55,366621,FYERS_HISTORY,2026-08-08T22:59:00+05:30
2019-03-28,SMD-0009,ADANIGREEN,NSE:ADANIGREEN-EQ,35.6,36.4,35.25,35.85,498011,FYERS_HISTORY,2026-08-08T22:59:00+05:30
2019-03-29,SMD-0009,ADANIGREEN,NSE:ADANIGREEN-EQ,35.95,38.25,35.45,37.15,2006664,FYERS_HISTORY,2026-08-08T22:59:00+05:30
2019-04-01,SMD-0009,ADANIGREEN,NSE:ADANIGREEN-EQ,37.55,39.2,37.55,38.7,780251,FYERS_HISTORY,2026-08-08T22:59:00+05:30
2019-04-02,SMD-0009,ADANIGREEN,NSE:ADANIGREEN-EQ,38.95,39.4,37.6,37.75,785107,FYERS_HISTORY,2026-08-08T22:59:00+05:30
2019-04-03,SMD-0009,ADANIGREEN,NSE:ADANIGREEN-EQ,37.75,38.45,36.85,37.25,368043,FYERS_HISTORY,2026-08-08T22:59:00+05:30
2019-04-04,SMD-0009,ADANIGREEN,NSE:ADANIGREEN-EQ,37.3,37.7,36.45,36.95,425277,FYERS_HISTORY,2026-08-08T22:59:00+05:30
2019-04-05,SMD-0009,ADANIGREEN,NSE:ADANIGREEN-EQ,37.0,37.25,36.35,36.65,258016,FYERS_HISTORY,2026-08-08T22:59:00+05:30
2019-04-08,SMD-0009,ADANIGREEN,NSE:ADANIGREEN-EQ,36.95,37.4,36.1,36.25,680431,FYERS_HISTORY,2026-08-08T22:59:00+05:30
2019-04-09,SMD-0009,ADANIGREEN,NSE:ADANIGREEN-EQ,36.5,37.25,36.0,37.0,434729,FYERS_HISTORY,2026-08-08T22:59:00+05:30
2019-04-10,SMD-0009,ADANIGREEN,NSE:ADANIGREEN-EQ,36.9,38.1,36.35,36.95,446323,FYERS_HISTORY,2026-08-08T22:59:00+05:30
2019-04-11,SMD-0009,ADANIGREEN,NSE:ADANIGREEN-EQ,37.0,37.3,35.7,36.0,592636,FYERS_HISTORY,2026-08-08T22:59:00+05:30
2019-04-12,SMD-0009,ADANIGREEN,NSE:ADANIGREEN-EQ,36.35,37.45,36.2,37.0,716786,FYERS_HISTORY,2026-08-08T22:59:00+05:30
2019-04-15,SMD-0009,ADANIGREEN,NSE:ADANIGREEN-EQ,37.3,37.75,37.15,37.45,598604,FYERS_HISTORY,2026-08-08T22:59:00+05:30
2019-04-16,SMD-0009,ADANIGREEN,NSE:ADANIGREEN-EQ,37.6,44.9,37.6,44.5,10783405,FYERS_HISTORY,2026-08-08T22:59:00+05:30
2019-04-18,SMD-0009,ADANIGREEN,NSE:ADANIGREEN-EQ,44.9,48.05,41.3,45.0,7207777,FYERS_HISTORY,2026-08-08T22:59:00+05:30
2019-04-22,SMD-0009,ADANIGREEN,NSE:ADANIGREEN-EQ,44.4,46.95,43.65,44.75,2596859,FYERS_HISTORY,2026-08-08T22:59:00+05:30
2019-04-23,SMD-0009,ADANIGREEN,NSE:ADANIGREEN-EQ,44.6,46.15,43.85,44.2,1041669,FYERS_HISTORY,2026-08-08T22:59:00+05:30
2019-04-24,SMD-0009,ADANIGREEN,NSE:ADANIGREEN-EQ,44.4,45.45,44.3,44.7,867612,FYERS_HISTORY,2026-08-08T22:59:00+05:30
2019-04-25,SMD-0009,ADANIGREEN,NSE:ADANIGREEN-EQ,44.75,45.1,43.5,43.8,599113,FYERS_HISTORY,2026-08-08T22:59:00+05:30
2019-04-26,SMD-0009,ADANIGREEN,NSE:ADANIGREEN-EQ,43.55,44.0,42.5,43.0,648948,FYERS_HISTORY,2026-08-08T22:59:00+05:30
2019-04-30,SMD-0009,ADANIGREEN,NSE:ADANIGREEN-EQ,42.95,43.0,39.65,40.05,958201,FYERS_HISTORY,2026-08-08T22:59:00+05:30
2019-05-02,SMD-0009,ADANIGREEN,NSE:ADANIGREEN-EQ,40.0,44.0,39.3,41.8,1313437,FYERS_HISTORY,2026-08-08T22:59:00+05:30
2019-05-03,SMD-0009,ADANIGREEN,NSE:ADANIGREEN-EQ,41.9,43.65,41.5,41.9,432762,FYERS_HISTORY,2026-08-08T22:59:00+05:30
2019-05-06,SMD-0009,ADANIGREEN,NSE:ADANIGREEN-EQ,41.4,41.55,39.95,40.2,482271,FYERS_HISTORY,2026-08-08T22:59:00+05:30
2019-05-07,SMD-0009,ADANIGREEN,NSE:ADANIGREEN-EQ,40.5,41.65,39.1,39.45,752888,FYERS_HISTORY,2026-08-08T22:59:00+05:30
2019-05-08,SMD-0009,ADANIGREEN,NSE:ADANIGREEN-EQ,39.85,40.0,37.8,38.05,793079,FYERS_HISTORY,2026-08-08T22:59:00+05:30
2019-05-09,SMD-0009,ADANIGREEN,NSE:ADANIGREEN-EQ,38.25,39.5,37.45,39.15,704888,FYERS_HISTORY,2026-08-08T22:59:00+05:30
2019-05-10,SMD-0009,ADANIGREEN,NSE:ADANIGREEN-EQ,39.7,40.0,38.7,39.1,389550,FYERS_HISTORY,2026-08-08T22:59:00+05:30
2019-05-13,SMD-0009,ADANIGREEN,NSE:ADANIGREEN-EQ,39.35,40.0,37.65,37.8,388130,FYERS_HISTORY,2026-08-08T22:59:00+05:30
2019-05-14,SMD-0009,ADANIGREEN,NSE:ADANIGREEN-EQ,37.6,37.95,37.15,37.7,551588,FYERS_HISTORY,2026-08-08T22:59:00+05:30
2019-05-15,SMD-0009,ADANIGREEN,NSE:ADANIGREEN-EQ,38.1,39.85,37.1,37.5,991433,FYERS_HISTORY,2026-08-08T22:59:00+05:30
2019-05-16,SMD-0009,ADANIGREEN,NSE:ADANIGREEN-EQ,37.5,37.5,35.6,36.6,750015,FYERS_HISTORY,2026-08-08T22:59:00+05:30
2019-05-17,SMD-0009,ADANIGREEN,NSE:ADANIGREEN-EQ,37.0,37.85,36.6,37.4,605735,FYERS_HISTORY,2026-08-08T22:59:00+05:30
2019-05-20,SMD-0009,ADANIGREEN,NSE:ADANIGREEN-EQ,41.0,43.9,41.0,43.1,2765726,FYERS_HISTORY,2026-08-08T22:59:00+05:30
2019-05-21,SMD-0009,ADANIGREEN,NSE:ADANIGREEN-EQ,44.1,45.2,43.1,43.35,2839782,FYERS_HISTORY,2026-08-08T22:59:00+05:30
2019-05-22,SMD-0009,ADANIGREEN,NSE:ADANIGREEN-EQ,44.2,44.25,42.45,43.95,1366431,FYERS_HISTORY,2026-08-08T22:59:00+05:30
2019-05-23,SMD-0009,ADANIGREEN,NSE:ADANIGREEN-EQ,46.0,47.4,43.05,43.4,3296384,FYERS_HISTORY,2026-08-08T22:59:00+05:30
2019-05-24,SMD-0009,ADANIGREEN,NSE:ADANIGREEN-EQ,44.0,44.3,41.5,42.3,836545,FYERS_HISTORY,2026-08-08T22:59:00+05:30
2019-05-27,SMD-0009,ADANIGREEN,NSE:ADANIGREEN-EQ,42.55,44.0,42.3,43.15,728280,FYERS_HISTORY,2026-08-08T22:59:00+05:30
2019-05-28,SMD-0009,ADANIGREEN,NSE:ADANIGREEN-EQ,43.5,46.6,43.05,45.0,2795602,FYERS_HISTORY,2026-08-08T22:59:00+05:30
2019-05-29,SMD-0009,ADANIGREEN,NSE:ADANIGREEN-EQ,45.2,46.0,44.2,44.7,1087465,FYERS_HISTORY,2026-08-08T22:59:00+05:30
2019-05-30,SMD-0009,ADANIGREEN,NSE:ADANIGREEN-EQ,44.9,45.2,44.25,44.6,775453,FYERS_HISTORY,2026-08-08T22:59:00+05:30
2019-05-31,SMD-0009,ADANIGREEN,NSE:ADANIGREEN-EQ,44.8,45.0,41.95,43.3,733078,FYERS_HISTORY,2026-08-08T22:59:00+05:30
2019-06-03,SMD-0009,ADANIGREEN,NSE:ADANIGREEN-EQ,43.55,45.1,42.05,44.1,1032570,FYERS_HISTORY,2026-08-08T22:59:00+05:30
2019-06-04,SMD-0009,ADANIGREEN,NSE:ADANIGREEN-EQ,43.9,46.15,43.6,45.2,1564837,FYERS_HISTORY,2026-08-08T22:59:00+05:30
2019-06-06,SMD-0009,ADANIGREEN,NSE:ADANIGREEN-EQ,45.65,45.9,44.15,44.35,1090829,FYERS_HISTORY,2026-08-08T22:59:00+05:30
2019-06-07,SMD-0009,ADANIGREEN,NSE:ADANIGREEN-EQ,44.45,44.75,43.0,43.25,958801,FYERS_HISTORY,2026-08-08T22:59:00+05:30
2019-06-10,SMD-0009,ADANIGREEN,NSE:ADANIGREEN-EQ,43.95,44.1,42.8,42.9,572040,FYERS_HISTORY,2026-08-08T22:59:00+05:30
2019-06-11,SMD-0009,ADANIGREEN,NSE:ADANIGREEN-EQ,42.9,43.15,42.0,42.55,373551,FYERS_HISTORY,2026-08-08T22:59:00+05:30
2019-06-12,SMD-0009,ADANIGREEN,NSE:ADANIGREEN-EQ,42.95,43.7,42.95,43.15,1005299,FYERS_HISTORY,2026-08-08T22:59:00+05:30
2019-06-13,SMD-0009,ADANIGREEN,NSE:ADANIGREEN-EQ,43.3,43.7,42.1,43.4,878605,FYERS_HISTORY,2026-08-08T22:59:00+05:30
2019-06-14,SMD-0009,ADANIGREEN,NSE:ADANIGREEN-EQ,43.2,44.1,42.5,42.6,735206,FYERS_HISTORY,2026-08-08T22:59:00+05:30
2019-06-17,SMD-0009,ADANIGREEN,NSE:ADANIGREEN-EQ,42.3,43.05,41.35,41.65,463842,FYERS_HISTORY,2026-08-08T22:59:00+05:30
2019-06-18,SMD-0009,ADANIGREEN,NSE:ADANIGREEN-EQ,41.65,42.3,40.3,40.8,507146,FYERS_HISTORY,2026-08-08T22:59:00+05:30
2019-06-19,SMD-0009,ADANIGREEN,NSE:ADANIGREEN-EQ,40.8,41.9,38.6,39.75,716297,FYERS_HISTORY,2026-08-08T22:59:00+05:30
2019-06-20,SMD-0009,ADANIGREEN,NSE:ADANIGREEN-EQ,40.9,42.0,40.3,40.95,1318472,FYERS_HISTORY,2026-08-08T22:59:00+05:30
2019-06-21,SMD-0009,ADANIGREEN,NSE:ADANIGREEN-EQ,41.25,42.15,40.6,41.25,544866,FYERS_HISTORY,2026-08-08T22:59:00+05:30
2019-06-24,SMD-0009,ADANIGREEN,NSE:ADANIGREEN-EQ,41.6,41.65,40.45,41.15,329432,FYERS_HISTORY,2026-08-08T22:59:00+05:30
2019-06-25,SMD-0009,ADANIGREEN,NSE:ADANIGREEN-EQ,40.75,41.95,40.75,41.35,420526,FYERS_HISTORY,2026-08-08T22:59:00+05:30
2019-06-26,SMD-0009,ADANIGREEN,NSE:ADANIGREEN-EQ,41.5,41.8,41.1,41.5,337225,FYERS_HISTORY,2026-08-08T22:59:00+05:30
2019-06-27,SMD-0009,ADANIGREEN,NSE:ADANIGREEN-EQ,41.6,43.25,41.4,42.35,520763,FYERS_HISTORY,2026-08-08T22:59:00+05:30
2019-06-28,SMD-0009,ADANIGREEN,NSE:ADANIGREEN-EQ,42.8,45.75,42.6,44.4,1669966,FYERS_HISTORY,2026-08-08T22:59:00+05:30
2019-07-01,SMD-0009,ADANIGREEN,NSE:ADANIGREEN-EQ,44.95,46.1,44.45,45.5,1373074,FYERS_HISTORY,2026-08-08T22:59:00+05:30
2019-07-02,SMD-0009,ADANIGREEN,NSE:ADANIGREEN-EQ,45.75,52.15,45.65,50.2,9097156,FYERS_HISTORY,2026-08-08T22:59:00+05:30
2019-07-03,SMD-0009,ADANIGREEN,NSE:ADANIGREEN-EQ,50.75,54.0,50.5,52.0,5384608,FYERS_HISTORY,2026-08-08T22:59:00+05:30
2019-07-04,SMD-0009,ADANIGREEN,NSE:ADANIGREEN-EQ,52.5,53.4,50.25,51.05,2307705,FYERS_HISTORY,2026-08-08T22:59:00+05:30
2019-07-05,SMD-0009,ADANIGREEN,NSE:ADANIGREEN-EQ,51.45,52.2,46.8,47.6,1917892,FYERS_HISTORY,2026-08-08T22:59:00+05:30
2019-07-08,SMD-0009,ADANIGREEN,NSE:ADANIGREEN-EQ,47.0,47.0,44.0,44.85,1441111,FYERS_HISTORY,2026-08-08T22:59:00+05:30
2019-07-09,SMD-0009,ADANIGREEN,NSE:ADANIGREEN-EQ,44.7,51.8,43.25,49.6,5877043,FYERS_HISTORY,2026-08-08T22:59:00+05:30
2019-07-10,SMD-0009,ADANIGREEN,NSE:ADANIGREEN-EQ,50.2,53.0,48.1,49.1,3006518,FYERS_HISTORY,2026-08-08T22:59:00+05:30
2019-07-11,SMD-0009,ADANIGREEN,NSE:ADANIGREEN-EQ,49.55,50.7,48.25,49.45,1433624,FYERS_HISTORY,2026-08-08T22:59:00+05:30
2019-07-12,SMD-0009,ADANIGREEN,NSE:ADANIGREEN-EQ,49.75,50.8,49.0,49.55,1510070,FYERS_HISTORY,2026-08-08T22:59:00+05:30
2019-07-15,SMD-0009,ADANIGREEN,NSE:ADANIGREEN-EQ,49.9,51.1,48.1,48.5,967174,FYERS_HISTORY,2026-08-08T22:59:00+05:30
2019-07-16,SMD-0009,ADANIGREEN,NSE:ADANIGREEN-EQ,48.9,49.85,48.0,49.2,1212564,FYERS_HISTORY,2026-08-08T22:59:00+05:30
2019-07-17,SMD-0009,ADANIGREEN,NSE:ADANIGREEN-EQ,49.4,50.0,48.2,48.45,705789,FYERS_HISTORY,2026-08-08T22:59:00+05:30
2019-07-18,SMD-0009,ADANIGREEN,NSE:ADANIGREEN-EQ,48.3,49.75,46.95,47.5,938262,FYERS_HISTORY,2026-08-08T22:59:00+05:30
2019-07-19,SMD-0009,ADANIGREEN,NSE:ADANIGREEN-EQ,48.0,48.15,45.2,45.8,1180434,FYERS_HISTORY,2026-08-08T22:59:00+05:30
2019-07-22,SMD-0009,ADANIGREEN,NSE:ADANIGREEN-EQ,45.5,47.45,44.7,46.8,1022220,FYERS_HISTORY,2026-08-08T22:59:00+05:30
2019-07-23,SMD-0009,ADANIGREEN,NSE:ADANIGREEN-EQ,46.9,49.35,46.7,48.8,1756709,FYERS_HISTORY,2026-08-08T22:59:00+05:30
2019-07-24,SMD-0009,ADANIGREEN,NSE:ADANIGREEN-EQ,49.4,49.5,48.25,48.45,671080,FYERS_HISTORY,2026-08-08T22:59:00+05:30
2019-07-25,SMD-0009,ADANIGREEN,NSE:ADANIGREEN-EQ,48.35,49.4,48.35,48.8,677095,FYERS_HISTORY,2026-08-08T22:59:00+05:30
2019-07-26,SMD-0009,ADANIGREEN,NSE:ADANIGREEN-EQ,48.8,50.35,48.2,49.6,777960,FYERS_HISTORY,2026-08-08T22:59:00+05:30
2019-07-29,SMD-0009,ADANIGREEN,NSE:ADANIGREEN-EQ,49.05,50.05,48.55,48.8,328736,FYERS_HISTORY,2026-08-08T22:59:00+05:30
2019-07-30,SMD-0009,ADANIGREEN,NSE:ADANIGREEN-EQ,49.0,49.2,46.0,46.4,623197,FYERS_HISTORY,2026-08-08T22:59:00+05:30
2019-07-31,SMD-0009,ADANIGREEN,NSE:ADANIGREEN-EQ,45.6,47.8,45.4,46.8,473057,FYERS_HISTORY,2026-08-08T22:59:00+05:30
2019-08-01,SMD-0009,ADANIGREEN,NSE:ADANIGREEN-EQ,46.0,47.75,45.1,45.6,503495,FYERS_HISTORY,2026-08-08T22:59:00+05:30
2019-08-02,SMD-0009,ADANIGREEN,NSE:ADANIGREEN-EQ,45.4,48.15,45.0,46.85,932015,FYERS_HISTORY,2026-08-08T22:59:00+05:30
2019-08-05,SMD-0009,ADANIGREEN,NSE:ADANIGREEN-EQ,46.1,47.7,45.1,45.8,767973,FYERS_HISTORY,2026-08-08T22:59:00+05:30
2019-08-06,SMD-0009,ADANIGREEN,NSE:ADANIGREEN-EQ,45.95,48.15,45.5,47.5,584382,FYERS_HISTORY,2026-08-08T22:59:00+05:30
2019-08-07,SMD-0009,ADANIGREEN,NSE:ADANIGREEN-EQ,47.65,49.35,47.2,47.8,1046474,FYERS_HISTORY,2026-08-08T22:59:00+05:30
2019-08-08,SMD-0009,ADANIGREEN,NSE:ADANIGREEN-EQ,48.5,49.4,46.7,47.35,860687,FYERS_HISTORY,2026-08-08T22:59:00+05:30
2019-08-09,SMD-0009,ADANIGREEN,NSE:ADANIGREEN-EQ,47.45,48.1,46.05,46.4,599088,FYERS_HISTORY,2026-08-08T22:59:00+05:30
2019-08-13,SMD-0009,ADANIGREEN,NSE:ADANIGREEN-EQ,47.0,47.4,45.9,46.5,393919,FYERS_HISTORY,2026-08-08T22:59:00+05:30
2019-08-14,SMD-0009,ADANIGREEN,NSE:ADANIGREEN-EQ,46.5,47.0,46.3,46.6,219496,FYERS_HISTORY,2026-08-08T22:59:00+05:30
2019-08-16,SMD-0009,ADANIGREEN,NSE:ADANIGREEN-EQ,45.2,47.65,45.2,46.85,348501,FYERS_HISTORY,2026-08-08T22:59:00+05:30
2019-08-19,SMD-0009,ADANIGREEN,NSE:ADANIGREEN-EQ,47.3,47.4,46.1,46.35,289088,FYERS_HISTORY,2026-08-08T22:59:00+05:30
2019-08-20,SMD-0009,ADANIGREEN,NSE:ADANIGREEN-EQ,46.3,46.65,45.4,45.8,298641,FYERS_HISTORY,2026-08-08T22:59:00+05:30
2019-08-21,SMD-0009,ADANIGREEN,NSE:ADANIGREEN-EQ,45.9,45.9,43.8,44.1,310844,FYERS_HISTORY,2026-08-08T22:59:00+05:30
2019-08-22,SMD-0009,ADANIGREEN,NSE:ADANIGREEN-EQ,43.6,44.5,43.2,43.5,486726,FYERS_HISTORY,2026-08-08T22:59:00+05:30
2019-08-23,SMD-0009,ADANIGREEN,NSE:ADANIGREEN-EQ,43.0,44.0,42.75,43.85,394426,FYERS_HISTORY,2026-08-08T22:59:00+05:30
2019-08-26,SMD-0009,ADANIGREEN,NSE:ADANIGREEN-EQ,45.0,45.0,42.5,43.65,445215,FYERS_HISTORY,2026-08-08T22:59:00+05:30
2019-08-27,SMD-0009,ADANIGREEN,NSE:ADANIGREEN-EQ,43.55,45.5,43.5,44.95,469164,FYERS_HISTORY,2026-08-08T22:59:00+05:30
2019-08-28,SMD-0009,ADANIGREEN,NSE:ADANIGREEN-EQ,45.0,45.2,43.5,44.05,292461,FYERS_HISTORY,2026-08-08T22:59:00+05:30
2019-08-29,SMD-0009,ADANIGREEN,NSE:ADANIGREEN-EQ,44.15,44.3,43.0,43.4,175387,FYERS_HISTORY,2026-08-08T22:59:00+05:30
2019-08-30,SMD-0009,ADANIGREEN,NSE:ADANIGREEN-EQ,46.0,47.85,45.5,46.4,1922577,FYERS_HISTORY,2026-08-08T22:59:00+05:30
2019-09-03,SMD-0009,ADANIGREEN,NSE:ADANIGREEN-EQ,46.0,46.2,43.5,44.45,337233,FYERS_HISTORY,2026-08-08T22:59:00+05:30
2019-09-04,SMD-0009,ADANIGREEN,NSE:ADANIGREEN-EQ,44.8,44.8,43.5,43.85,266067,FYERS_HISTORY,2026-08-08T22:59:00+05:30
2019-09-05,SMD-0009,ADANIGREEN,NSE:ADANIGREEN-EQ,44.15,45.9,44.15,45.05,299542,FYERS_HISTORY,2026-08-08T22:59:00+05:30
2019-09-06,SMD-0009,ADANIGREEN,NSE:ADANIGREEN-EQ,45.25,45.8,44.75,45.1,278208,FYERS_HISTORY,2026-08-08T22:59:00+05:30
2019-09-09,SMD-0009,ADANIGREEN,NSE:ADANIGREEN-EQ,45.45,45.9,45.0,45.5,337267,FYERS_HISTORY,2026-08-08T22:59:00+05:30
2019-09-11,SMD-0009,ADANIGREEN,NSE:ADANIGREEN-EQ,45.55,49.1,45.5,48.3,1040310,FYERS_HISTORY,2026-08-08T22:59:00+05:30
2019-09-12,SMD-0009,ADANIGREEN,NSE:ADANIGREEN-EQ,49.05,50.25,48.4,48.9,922820,FYERS_HISTORY,2026-08-08T22:59:00+05:30
2019-09-13,SMD-0009,ADANIGREEN,NSE:ADANIGREEN-EQ,49.25,50.6,48.0,50.25,706131,FYERS_HISTORY,2026-08-08T22:59:00+05:30
2019-09-16,SMD-0009,ADANIGREEN,NSE:ADANIGREEN-EQ,49.95,57.5,49.85,55.55,5344257,FYERS_HISTORY,2026-08-08T22:59:00+05:30
2019-09-17,SMD-0009,ADANIGREEN,NSE:ADANIGREEN-EQ,55.9,57.2,53.35,54.85,1969318,FYERS_HISTORY,2026-08-08T22:59:00+05:30
2019-09-18,SMD-0009,ADANIGREEN,NSE:ADANIGREEN-EQ,55.6,55.7,52.0,53.05,1049757,FYERS_HISTORY,2026-08-08T22:59:00+05:30
2019-09-19,SMD-0009,ADANIGREEN,NSE:ADANIGREEN-EQ,53.1,53.3,48.85,50.15,1387090,FYERS_HISTORY,2026-08-08T22:59:00+05:30
2019-09-20,SMD-0009,ADANIGREEN,NSE:ADANIGREEN-EQ,50.5,53.4,49.2,51.6,1461426,FYERS_HISTORY,2026-08-08T22:59:00+05:30
2019-09-23,SMD-0009,ADANIGREEN,NSE:ADANIGREEN-EQ,52.5,54.5,51.7,52.2,1072941,FYERS_HISTORY,2026-08-08T22:59:00+05:30
2019-09-24,SMD-0009,ADANIGREEN,NSE:ADANIGREEN-EQ,52.0,53.5,51.3,52.7,763788,FYERS_HISTORY,2026-08-08T22:59:00+05:30
2019-09-25,SMD-0009,ADANIGREEN,NSE:ADANIGREEN-EQ,52.6,53.85,51.4,52.55,910875,FYERS_HISTORY,2026-08-08T22:59:00+05:30
2019-09-26,SMD-0009,ADANIGREEN,NSE:ADANIGREEN-EQ,52.6,60.45,52.1,59.15,6024700,FYERS_HISTORY,2026-08-08T22:59:00+05:30
2019-09-27,SMD-0009,ADANIGREEN,NSE:ADANIGREEN-EQ,59.15,60.05,56.0,57.35,2026755,FYERS_HISTORY,2026-08-08T22:59:00+05:30
2019-09-30,SMD-0009,ADANIGREEN,NSE:ADANIGREEN-EQ,57.55,61.45,55.8,58.25,4085782,FYERS_HISTORY,2026-08-08T22:59:00+05:30
2019-10-01,SMD-0009,ADANIGREEN,NSE:ADANIGREEN-EQ,58.75,59.3,55.9,56.5,1433723,FYERS_HISTORY,2026-08-08T22:59:00+05:30
2019-10-03,SMD-0009,ADANIGREEN,NSE:ADANIGREEN-EQ,56.7,63.25,55.0,61.2,3183487,FYERS_HISTORY,2026-08-08T22:59:00+05:30
2019-10-04,SMD-0009,ADANIGREEN,NSE:ADANIGREEN-EQ,61.85,66.0,61.2,65.15,6352717,FYERS_HISTORY,2026-08-08T22:59:00+05:30
2019-10-07,SMD-0009,ADANIGREEN,NSE:ADANIGREEN-EQ,65.45,68.7,62.6,68.05,4496152,FYERS_HISTORY,2026-08-08T22:59:00+05:30
2019-10-09,SMD-0009,ADANIGREEN,NSE:ADANIGREEN-EQ,68.3,74.3,67.5,71.45,6942443,FYERS_HISTORY,2026-08-08T22:59:00+05:30
2019-10-10,SMD-0009,ADANIGREEN,NSE:ADANIGREEN-EQ,71.4,74.5,70.55,73.8,3267575,FYERS_HISTORY,2026-08-08T22:59:00+05:30
2019-10-11,SMD-0009,ADANIGREEN,NSE:ADANIGREEN-EQ,74.6,79.35,74.2,78.75,6379751,FYERS_HISTORY,2026-08-08T22:59:00+05:30
2019-10-14,SMD-0009,ADANIGREEN,NSE:ADANIGREEN-EQ,79.45,81.25,72.2,79.15,5291524,FYERS_HISTORY,2026-08-08T22:59:00+05:30
2019-10-15,SMD-0009,ADANIGREEN,NSE:ADANIGREEN-EQ,79.8,81.2,77.75,79.95,2719906,FYERS_HISTORY,2026-08-08T22:59:00+05:30
2019-10-16,SMD-0009,ADANIGREEN,NSE:ADANIGREEN-EQ,80.6,81.0,79.3,80.25,1511651,FYERS_HISTORY,2026-08-08T22:59:00+05:30
2019-10-17,SMD-0009,ADANIGREEN,NSE:ADANIGREEN-EQ,80.45,92.9,80.25,88.85,8398359,FYERS_HISTORY,2026-08-08T22:59:00+05:30
2019-10-18,SMD-0009,ADANIGREEN,NSE:ADANIGREEN-EQ,89.0,93.0,88.0,89.6,3174728,FYERS_HISTORY,2026-08-08T22:59:00+05:30
2019-10-22,SMD-0009,ADANIGREEN,NSE:ADANIGREEN-EQ,90.0,91.25,84.0,86.6,2692862,FYERS_HISTORY,2026-08-08T22:59:00+05:30
2019-10-23,SMD-0009,ADANIGREEN,NSE:ADANIGREEN-EQ,86.55,89.8,85.0,86.65,1917829,FYERS_HISTORY,2026-08-08T22:59:00+05:30
2019-10-24,SMD-0009,ADANIGREEN,NSE:ADANIGREEN-EQ,87.35,87.75,85.1,86.15,1196231,FYERS_HISTORY,2026-08-08T22:59:00+05:30
2019-10-25,SMD-0009,ADANIGREEN,NSE:ADANIGREEN-EQ,85.9,93.1,85.0,88.95,3192580,FYERS_HISTORY,2026-08-08T22:59:00+05:30
2019-10-27,SMD-0009,ADANIGREEN,NSE:ADANIGREEN-EQ,90.0,91.5,89.5,90.2,678015,FYERS_HISTORY,2026-08-08T22:59:00+05:30
2019-10-29,SMD-0009,ADANIGREEN,NSE:ADANIGREEN-EQ,90.35,92.7,87.1,89.5,1977567,FYERS_HISTORY,2026-08-08T22:59:00+05:30
2019-10-30,SMD-0009,ADANIGREEN,NSE:ADANIGREEN-EQ,89.6,92.0,89.5,89.9,1188364,FYERS_HISTORY,2026-08-08T22:59:00+05:30
2019-10-31,SMD-0009,ADANIGREEN,NSE:ADANIGREEN-EQ,90.55,91.75,88.6,89.7,1051707,FYERS_HISTORY,2026-08-08T22:59:00+05:30
2019-11-01,SMD-0009,ADANIGREEN,NSE:ADANIGREEN-EQ,90.25,91.0,88.1,89.95,937093,FYERS_HISTORY,2026-08-08T22:59:00+05:30
2019-11-04,SMD-0009,ADANIGREEN,NSE:ADANIGREEN-EQ,89.7,95.85,89.6,92.65,3284998,FYERS_HISTORY,2026-08-08T22:59:00+05:30
2019-11-05,SMD-0009,ADANIGREEN,NSE:ADANIGREEN-EQ,93.2,93.6,90.1,90.7,963016,FYERS_HISTORY,2026-08-08T22:59:00+05:30
2019-11-06,SMD-0009,ADANIGREEN,NSE:ADANIGREEN-EQ,90.0,92.2,89.15,90.3,1188174,FYERS_HISTORY,2026-08-08T22:59:00+05:30
2019-11-07,SMD-0009,ADANIGREEN,NSE:ADANIGREEN-EQ,90.4,91.2,88.3,88.7,911495,FYERS_HISTORY,2026-08-08T22:59:00+05:30
2019-11-08,SMD-0009,ADANIGREEN,NSE:ADANIGREEN-EQ,88.8,89.6,83.6,86.7,1403419,FYERS_HISTORY,2026-08-08T22:59:00+05:30
2019-11-11,SMD-0009,ADANIGREEN,NSE:ADANIGREEN-EQ,86.8,95.25,85.2,93.85,4135563,FYERS_HISTORY,2026-08-08T22:59:00+05:30
2019-11-13,SMD-0009,ADANIGREEN,NSE:ADANIGREEN-EQ,95.0,99.8,94.0,96.0,6684791,FYERS_HISTORY,2026-08-08T22:59:00+05:30
2019-11-14,SMD-0009,ADANIGREEN,NSE:ADANIGREEN-EQ,96.7,98.5,93.5,95.05,1611104,FYERS_HISTORY,2026-08-08T22:59:00+05:30
2019-11-15,SMD-0009,ADANIGREEN,NSE:ADANIGREEN-EQ,95.4,96.7,94.5,95.5,1053101,FYERS_HISTORY,2026-08-08T22:59:00+05:30
2019-11-18,SMD-0009,ADANIGREEN,NSE:ADANIGREEN-EQ,95.95,96.0,93.65,94.05,643258,FYERS_HISTORY,2026-08-08T22:59:00+05:30
2019-11-19,SMD-0009,ADANIGREEN,NSE:ADANIGREEN-EQ,94.05,97.6,92.0,96.2,1471915,FYERS_HISTORY,2026-08-08T22:59:00+05:30
2019-11-20,SMD-0009,ADANIGREEN,NSE:ADANIGREEN-EQ,96.8,100.9,95.6,98.75,2279188,FYERS_HISTORY,2026-08-08T22:59:00+05:30
2019-11-21,SMD-0009,ADANIGREEN,NSE:ADANIGREEN-EQ,98.65,99.2,96.3,97.0,855172,FYERS_HISTORY,2026-08-08T22:59:00+05:30
2019-11-22,SMD-0009,ADANIGREEN,NSE:ADANIGREEN-EQ,97.45,106.7,95.3,106.7,4228833,FYERS_HISTORY,2026-08-08T22:59:00+05:30
2019-11-25,SMD-0009,ADANIGREEN,NSE:ADANIGREEN-EQ,107.7,117.3,106.7,114.3,6899872,FYERS_HISTORY,2026-08-08T22:59:00+05:30
2019-11-26,SMD-0009,ADANIGREEN,NSE:ADANIGREEN-EQ,114.5,118.85,110.85,115.15,3410913,FYERS_HISTORY,2026-08-08T22:59:00+05:30
2019-11-27,SMD-0009,ADANIGREEN,NSE:ADANIGREEN-EQ,115.8,126.65,115.4,125.9,5101074,FYERS_HISTORY,2026-08-08T22:59:00+05:30
2019-11-28,SMD-0009,ADANIGREEN,NSE:ADANIGREEN-EQ,127.25,132.15,127.25,132.15,3053265,FYERS_HISTORY,2026-08-08T22:59:00+05:30
2019-11-29,SMD-0009,ADANIGREEN,NSE:ADANIGREEN-EQ,136.0,138.75,132.35,137.1,5716364,FYERS_HISTORY,2026-08-08T22:59:00+05:30
2019-12-02,SMD-0009,ADANIGREEN,NSE:ADANIGREEN-EQ,138.0,138.7,130.25,131.3,3121254,FYERS_HISTORY,2026-08-08T22:59:00+05:30
2019-12-03,SMD-0009,ADANIGREEN,NSE:ADANIGREEN-EQ,132.0,132.0,124.75,124.75,1057611,FYERS_HISTORY,2026-08-08T22:59:00+05:30
2019-12-04,SMD-0009,ADANIGREEN,NSE:ADANIGREEN-EQ,119.55,130.95,118.55,128.55,6954803,FYERS_HISTORY,2026-08-08T22:59:00+05:30
2019-12-05,SMD-0009,ADANIGREEN,NSE:ADANIGREEN-EQ,129.0,133.95,128.6,129.95,1769948,FYERS_HISTORY,2026-08-08T22:59:00+05:30
2019-12-06,SMD-0009,ADANIGREEN,NSE:ADANIGREEN-EQ,129.6,131.25,123.5,126.4,1133254,FYERS_HISTORY,2026-08-08T22:59:00+05:30
2019-12-09,SMD-0009,ADANIGREEN,NSE:ADANIGREEN-EQ,125.3,126.25,121.05,124.65,981394,FYERS_HISTORY,2026-08-08T22:59:00+05:30
2019-12-10,SMD-0009,ADANIGREEN,NSE:ADANIGREEN-EQ,124.35,129.0,123.65,126.9,1078100,FYERS_HISTORY,2026-08-08T22:59:00+05:30
2019-12-11,SMD-0009,ADANIGREEN,NSE:ADANIGREEN-EQ,128.0,133.2,127.2,132.55,2319859,FYERS_HISTORY,2026-08-08T22:59:00+05:30
2019-12-12,SMD-0009,ADANIGREEN,NSE:ADANIGREEN-EQ,134.2,135.5,129.15,131.9,1195491,FYERS_HISTORY,2026-08-08T22:59:00+05:30
2019-12-13,SMD-0009,ADANIGREEN,NSE:ADANIGREEN-EQ,131.9,135.5,131.5,132.65,764794,FYERS_HISTORY,2026-08-08T22:59:00+05:30
2019-12-16,SMD-0009,ADANIGREEN,NSE:ADANIGREEN-EQ,133.3,137.9,132.7,134.4,2156419,FYERS_HISTORY,2026-08-08T22:59:00+05:30
2019-12-17,SMD-0009,ADANIGREEN,NSE:ADANIGREEN-EQ,135.0,137.0,134.55,135.55,957067,FYERS_HISTORY,2026-08-08T22:59:00+05:30
2019-12-18,SMD-0009,ADANIGREEN,NSE:ADANIGREEN-EQ,136.3,137.3,134.0,135.1,690735,FYERS_HISTORY,2026-08-08T22:59:00+05:30
2019-12-19,SMD-0009,ADANIGREEN,NSE:ADANIGREEN-EQ,134.95,135.45,133.05,134.25,483204,FYERS_HISTORY,2026-08-08T22:59:00+05:30
2019-12-20,SMD-0009,ADANIGREEN,NSE:ADANIGREEN-EQ,134.75,136.4,134.1,135.1,617642,FYERS_HISTORY,2026-08-08T22:59:00+05:30
2019-12-23,SMD-0009,ADANIGREEN,NSE:ADANIGREEN-EQ,135.1,141.85,134.75,141.85,2374429,FYERS_HISTORY,2026-08-08T22:59:00+05:30
2019-12-24,SMD-0009,ADANIGREEN,NSE:ADANIGREEN-EQ,146.45,148.9,145.1,148.9,1169913,FYERS_HISTORY,2026-08-08T22:59:00+05:30
2019-12-26,SMD-0009,ADANIGREEN,NSE:ADANIGREEN-EQ,156.3,156.3,156.25,156.3,347718,FYERS_HISTORY,2026-08-08T22:59:00+05:30
2019-12-27,SMD-0009,ADANIGREEN,NSE:ADANIGREEN-EQ,159.4,164.1,149.25,151.0,5370150,FYERS_HISTORY,2026-08-08T22:59:00+05:30
2019-12-30,SMD-0009,ADANIGREEN,NSE:ADANIGREEN-EQ,153.7,158.55,152.45,158.55,1567589,FYERS_HISTORY,2026-08-08T22:59:00+05:30
2019-12-31,SMD-0009,ADANIGREEN,NSE:ADANIGREEN-EQ,166.45,166.45,161.1,166.45,2050662,FYERS_HISTORY,2026-08-08T22:59:00+05:30
2020-01-01,SMD-0009,ADANIGREEN,NSE:ADANIGREEN-EQ,169.35,174.75,168.1,174.75,5417952,FYERS_HISTORY,2026-08-08T22:59:00+05:30
2020-01-02,SMD-0009,ADANIGREEN,NSE:ADANIGREEN-EQ,179.15,183.45,177.55,183.45,3087009,FYERS_HISTORY,2026-08-08T22:59:00+05:30
2020-01-03,SMD-0009,ADANIGREEN,NSE:ADANIGREEN-EQ,187.8,192.6,183.0,192.6,3670040,FYERS_HISTORY,2026-08-08T22:59:00+05:30
2020-01-06,SMD-0009,ADANIGREEN,NSE:ADANIGREEN-EQ,200.0,202.2,185.55,200.6,9497209,FYERS_HISTORY,2026-08-08T22:59:00+05:30
2020-01-07,SMD-0009,ADANIGREEN,NSE:ADANIGREEN-EQ,208.0,210.6,203.0,210.6,2126797,FYERS_HISTORY,2026-08-08T22:59:00+05:30
2020-01-08,SMD-0009,ADANIGREEN,NSE:ADANIGREEN-EQ,215.8,221.1,214.45,221.1,1181338,FYERS_HISTORY,2026-08-08T22:59:00+05:30
2020-01-09,SMD-0009,ADANIGREEN,NSE:ADANIGREEN-EQ,232.15,232.15,232.15,232.15,273048,FYERS_HISTORY,2026-08-08T22:59:00+05:30
2020-01-10,SMD-0009,ADANIGREEN,NSE:ADANIGREEN-EQ,243.75,243.75,220.55,220.55,3337546,FYERS_HISTORY,2026-08-08T22:59:00+05:30
2020-01-13,SMD-0009,ADANIGREEN,NSE:ADANIGREEN-EQ,209.55,209.55,209.55,209.55,118786,FYERS_HISTORY,2026-08-08T22:59:00+05:30
2020-01-14,SMD-0009,ADANIGREEN,NSE:ADANIGREEN-EQ,199.1,199.1,199.1,199.1,80682,FYERS_HISTORY,2026-08-08T22:59:00+05:30
2020-01-15,SMD-0009,ADANIGREEN,NSE:ADANIGREEN-EQ,189.15,189.15,189.15,189.15,52323,FYERS_HISTORY,2026-08-08T22:59:00+05:30
2020-01-16,SMD-0009,ADANIGREEN,NSE:ADANIGREEN-EQ,179.7,179.7,179.7,179.7,60474,FYERS_HISTORY,2026-08-08T22:59:00+05:30
2020-01-17,SMD-0009,ADANIGREEN,NSE:ADANIGREEN-EQ,175.1,188.65,172.3,188.65,6703516,FYERS_HISTORY,2026-08-08T22:59:00+05:30
2020-01-20,SMD-0009,ADANIGREEN,NSE:ADANIGREEN-EQ,198.05,198.05,185.0,198.05,2840614,FYERS_HISTORY,2026-08-08T22:59:00+05:30
2020-01-21,SMD-0009,ADANIGREEN,NSE:ADANIGREEN-EQ,199.0,207.0,192.0,202.25,3506909,FYERS_HISTORY,2026-08-08T22:59:00+05:30
2020-01-22,SMD-0009,ADANIGREEN,NSE:ADANIGREEN-EQ,204.0,208.95,194.55,197.65,1754417,FYERS_HISTORY,2026-08-08T22:59:00+05:30
2020-01-23,SMD-0009,ADANIGREEN,NSE:ADANIGREEN-EQ,199.2,199.9,190.0,192.2,1336193,FYERS_HISTORY,2026-08-08T22:59:00+05:30
2020-01-24,SMD-0009,ADANIGREEN,NSE:ADANIGREEN-EQ,187.5,194.9,182.6,190.25,2518115,FYERS_HISTORY,2026-08-08T22:59:00+05:30
2020-01-27,SMD-0009,ADANIGREEN,NSE:ADANIGREEN-EQ,189.0,194.1,186.5,190.75,881601,FYERS_HISTORY,2026-08-08T22:59:00+05:30
2020-01-28,SMD-0009,ADANIGREEN,NSE:ADANIGREEN-EQ,191.5,196.5,186.1,187.65,957274,FYERS_HISTORY,2026-08-08T22:59:00+05:30
2020-01-29,SMD-0009,ADANIGREEN,NSE:ADANIGREEN-EQ,188.0,191.0,185.05,186.3,631830,FYERS_HISTORY,2026-08-08T22:59:00+05:30
2020-01-30,SMD-0009,ADANIGREEN,NSE:ADANIGREEN-EQ,186.9,187.9,177.65,180.45,1024133,FYERS_HISTORY,2026-08-08T22:59:00+05:30
2020-01-31,SMD-0009,ADANIGREEN,NSE:ADANIGREEN-EQ,182.5,189.45,176.85,189.45,862006,FYERS_HISTORY,2026-08-08T22:59:00+05:30
2020-02-01,SMD-0009,ADANIGREEN,NSE:ADANIGREEN-EQ,192.8,197.9,183.15,186.85,1631445,FYERS_HISTORY,2026-08-08T22:59:00+05:30
2020-02-03,SMD-0009,ADANIGREEN,NSE:ADANIGREEN-EQ,186.85,196.15,186.0,196.15,1171000,FYERS_HISTORY,2026-08-08T22:59:00+05:30
2020-02-04,SMD-0009,ADANIGREEN,NSE:ADANIGREEN-EQ,201.9,205.95,190.1,198.0,3984199,FYERS_HISTORY,2026-08-08T22:59:00+05:30
2020-02-05,SMD-0009,ADANIGREEN,NSE:ADANIGREEN-EQ,196.0,203.8,190.8,193.25,1320812,FYERS_HISTORY,2026-08-08T22:59:00+05:30
2020-02-06,SMD-0009,ADANIGREEN,NSE:ADANIGREEN-EQ,193.0,202.9,190.5,202.9,2711020,FYERS_HISTORY,2026-08-08T22:59:00+05:30
2020-02-07,SMD-0009,ADANIGREEN,NSE:ADANIGREEN-EQ,208.95,213.0,206.25,213.0,2674856,FYERS_HISTORY,2026-08-08T22:59:00+05:30
2020-02-10,SMD-0009,ADANIGREEN,NSE:ADANIGREEN-EQ,219.9,221.65,207.0,213.35,2063806,FYERS_HISTORY,2026-08-08T22:59:00+05:30
2020-02-11,SMD-0009,ADANIGREEN,NSE:ADANIGREEN-EQ,215.9,217.0,208.15,211.25,1102243,FYERS_HISTORY,2026-08-08T22:59:00+05:30
2020-02-12,SMD-0009,ADANIGREEN,NSE:ADANIGREEN-EQ,212.1,213.45,204.85,207.65,879583,FYERS_HISTORY,2026-08-08T22:59:00+05:30
2020-02-13,SMD-0009,ADANIGREEN,NSE:ADANIGREEN-EQ,208.0,208.95,198.0,199.95,929657,FYERS_HISTORY,2026-08-08T22:59:00+05:30
2020-02-14,SMD-0009,ADANIGREEN,NSE:ADANIGREEN-EQ,201.0,209.9,201.0,206.8,1474525,FYERS_HISTORY,2026-08-08T22:59:00+05:30
2020-02-17,SMD-0009,ADANIGREEN,NSE:ADANIGREEN-EQ,208.4,208.4,198.0,198.35,773097,FYERS_HISTORY,2026-08-08T22:59:00+05:30
2020-02-18,SMD-0009,ADANIGREEN,NSE:ADANIGREEN-EQ,200.8,200.8,188.45,189.25,839722,FYERS_HISTORY,2026-08-08T22:59:00+05:30
2020-02-19,SMD-0009,ADANIGREEN,NSE:ADANIGREEN-EQ,191.9,198.7,191.75,197.85,2501070,FYERS_HISTORY,2026-08-08T22:59:00+05:30
2020-02-20,SMD-0009,ADANIGREEN,NSE:ADANIGREEN-EQ,197.85,198.15,193.0,194.85,911195,FYERS_HISTORY,2026-08-08T22:59:00+05:30
2020-02-24,SMD-0009,ADANIGREEN,NSE:ADANIGREEN-EQ,191.45,191.45,185.2,185.9,959369,FYERS_HISTORY,2026-08-08T22:59:00+05:30
2020-02-25,SMD-0009,ADANIGREEN,NSE:ADANIGREEN-EQ,184.75,188.8,178.15,180.55,861686,FYERS_HISTORY,2026-08-08T22:59:00+05:30
2020-02-26,SMD-0009,ADANIGREEN,NSE:ADANIGREEN-EQ,175.55,177.85,171.55,171.55,996786,FYERS_HISTORY,2026-08-08T22:59:00+05:30
2020-02-27,SMD-0009,ADANIGREEN,NSE:ADANIGREEN-EQ,165.3,167.95,163.0,163.0,727993,FYERS_HISTORY,2026-08-08T22:59:00+05:30
2020-02-28,SMD-0009,ADANIGREEN,NSE:ADANIGREEN-EQ,154.85,160.0,154.85,154.95,1655841,FYERS_HISTORY,2026-08-08T22:59:00+05:30
2020-03-02,SMD-0009,ADANIGREEN,NSE:ADANIGREEN-EQ,156.6,162.65,150.0,156.05,1127956,FYERS_HISTORY,2026-08-08T22:59:00+05:30
2020-03-03,SMD-0009,ADANIGREEN,NSE:ADANIGREEN-EQ,162.9,163.0,157.0,159.5,534459,FYERS_HISTORY,2026-08-08T22:59:00+05:30
2020-03-04,SMD-0009,ADANIGREEN,NSE:ADANIGREEN-EQ,159.25,159.5,151.55,152.0,480121,FYERS_HISTORY,2026-08-08T22:59:00+05:30
2020-03-05,SMD-0009,ADANIGREEN,NSE:ADANIGREEN-EQ,151.55,158.75,145.45,152.5,1252377,FYERS_HISTORY,2026-08-08T22:59:00+05:30
2020-03-06,SMD-0009,ADANIGREEN,NSE:ADANIGREEN-EQ,144.9,147.2,144.9,144.9,425088,FYERS_HISTORY,2026-08-08T22:59:00+05:30
2020-03-09,SMD-0009,ADANIGREEN,NSE:ADANIGREEN-EQ,137.7,137.8,137.7,137.7,112896,FYERS_HISTORY,2026-08-08T22:59:00+05:30
2020-03-11,SMD-0009,ADANIGREEN,NSE:ADANIGREEN-EQ,131.1,136.4,130.85,130.85,1132428,FYERS_HISTORY,2026-08-08T22:59:00+05:30
2020-03-12,SMD-0009,ADANIGREEN,NSE:ADANIGREEN-EQ,124.35,124.35,124.35,124.35,26822,FYERS_HISTORY,2026-08-08T22:59:00+05:30
2020-03-13,SMD-0009,ADANIGREEN,NSE:ADANIGREEN-EQ,118.15,130.55,118.15,123.4,2367027,FYERS_HISTORY,2026-08-08T22:59:00+05:30
2020-03-16,SMD-0009,ADANIGREEN,NSE:ADANIGREEN-EQ,120.0,128.0,117.25,117.7,1305459,FYERS_HISTORY,2026-08-08T22:59:00+05:30
2020-03-17,SMD-0009,ADANIGREEN,NSE:ADANIGREEN-EQ,115.0,123.55,111.9,123.4,1650022,FYERS_HISTORY,2026-08-08T22:59:00+05:30
2020-03-18,SMD-0009,ADANIGREEN,NSE:ADANIGREEN-EQ,125.1,129.55,124.0,129.4,1137426,FYERS_HISTORY,2026-08-08T22:59:00+05:30
2020-03-19,SMD-0009,ADANIGREEN,NSE:ADANIGREEN-EQ,125.0,135.85,122.95,135.65,920137,FYERS_HISTORY,2026-08-08T22:59:00+05:30
2020-03-20,SMD-0009,ADANIGREEN,NSE:ADANIGREEN-EQ,142.4,142.4,138.4,142.35,417369,FYERS_HISTORY,2026-08-08T22:59:00+05:30
2020-03-23,SMD-0009,ADANIGREEN,NSE:ADANIGREEN-EQ,135.25,138.95,135.25,135.25,255497,FYERS_HISTORY,2026-08-08T22:59:00+05:30
2020-03-24,SMD-0009,ADANIGREEN,NSE:ADANIGREEN-EQ,128.5,141.8,128.5,141.3,981069,FYERS_HISTORY,2026-08-08T22:59:00+05:30
2020-03-25,SMD-0009,ADANIGREEN,NSE:ADANIGREEN-EQ,140.0,148.35,136.95,148.1,436890,FYERS_HISTORY,2026-08-08T22:59:00+05:30
2020-03-26,SMD-0009,ADANIGREEN,NSE:ADANIGREEN-EQ,154.0,155.4,144.25,152.1,637211,FYERS_HISTORY,2026-08-08T22:59:00+05:30
2020-03-27,SMD-0009,ADANIGREEN,NSE:ADANIGREEN-EQ,154.5,157.0,144.5,148.75,567761,FYERS_HISTORY,2026-08-08T22:59:00+05:30
2020-03-30,SMD-0009,ADANIGREEN,NSE:ADANIGREEN-EQ,142.1,148.3,141.35,146.95,490699,FYERS_HISTORY,2026-08-08T22:59:00+05:30
2020-03-31,SMD-0009,ADANIGREEN,NSE:ADANIGREEN-EQ,147.3,154.25,146.95,153.25,452205,FYERS_HISTORY,2026-08-08T22:59:00+05:30
2020-04-01,SMD-0009,ADANIGREEN,NSE:ADANIGREEN-EQ,155.5,159.0,151.0,152.9,226224,FYERS_HISTORY,2026-08-08T22:59:00+05:30
2020-04-03,SMD-0009,ADANIGREEN,NSE:ADANIGREEN-EQ,152.9,154.85,150.45,151.9,259616,FYERS_HISTORY,2026-08-08T22:59:00+05:30
2020-04-07,SMD-0009,ADANIGREEN,NSE:ADANIGREEN-EQ,153.5,159.45,151.55,158.95,425190,FYERS_HISTORY,2026-08-08T22:59:00+05:30
2020-04-08,SMD-0009,ADANIGREEN,NSE:ADANIGREEN-EQ,166.85,166.85,162.0,166.45,702014,FYERS_HISTORY,2026-08-08T22:59:00+05:30
2020-04-09,SMD-0009,ADANIGREEN,NSE:ADANIGREEN-EQ,172.4,174.75,166.25,174.75,542554,FYERS_HISTORY,2026-08-08T22:59:00+05:30
2020-04-13,SMD-0009,ADANIGREEN,NSE:ADANIGREEN-EQ,180.0,183.45,167.05,183.35,769348,FYERS_HISTORY,2026-08-08T22:59:00+05:30
2020-04-15,SMD-0009,ADANIGREEN,NSE:ADANIGREEN-EQ,188.0,190.95,184.0,187.8,747409,FYERS_HISTORY,2026-08-08T22:59:00+05:30
2020-04-16,SMD-0009,ADANIGREEN,NSE:ADANIGREEN-EQ,182.3,195.0,182.3,193.85,431500,FYERS_HISTORY,2026-08-08T22:59:00+05:30
2020-04-17,SMD-0009,ADANIGREEN,NSE:ADANIGREEN-EQ,199.0,201.0,197.0,198.95,432615,FYERS_HISTORY,2026-08-08T22:59:00+05:30
2020-04-20,SMD-0009,ADANIGREEN,NSE:ADANIGREEN-EQ,200.05,204.9,197.0,200.75,493261,FYERS_HISTORY,2026-08-08T22:59:00+05:30
2020-04-21,SMD-0009,ADANIGREEN,NSE:ADANIGREEN-EQ,191.0,195.9,190.75,191.3,661617,FYERS_HISTORY,2026-08-08T22:59:00+05:30
2020-04-22,SMD-0009,ADANIGREEN,NSE:ADANIGREEN-EQ,191.2,198.0,184.75,197.2,568003,FYERS_HISTORY,2026-08-08T22:59:00+05:30
2020-04-23,SMD-0009,ADANIGREEN,NSE:ADANIGREEN-EQ,202.8,202.8,196.0,200.0,529475,FYERS_HISTORY,2026-08-08T22:59:00+05:30
2020-04-24,SMD-0009,ADANIGREEN,NSE:ADANIGREEN-EQ,199.1,199.1,194.9,195.95,232558,FYERS_HISTORY,2026-08-08T22:59:00+05:30
2020-04-27,SMD-0009,ADANIGREEN,NSE:ADANIGREEN-EQ,193.0,201.0,192.0,200.65,391809,FYERS_HISTORY,2026-08-08T22:59:00+05:30
2020-04-28,SMD-0009,ADANIGREEN,NSE:ADANIGREEN-EQ,201.0,204.65,198.1,203.65,339070,FYERS_HISTORY,2026-08-08T22:59:00+05:30
2020-04-29,SMD-0009,ADANIGREEN,NSE:ADANIGREEN-EQ,205.0,209.4,202.35,207.95,442718,FYERS_HISTORY,2026-08-08T22:59:00+05:30
2020-04-30,SMD-0009,ADANIGREEN,NSE:ADANIGREEN-EQ,211.1,212.85,208.0,210.45,488630,FYERS_HISTORY,2026-08-08T22:59:00+05:30
2020-05-04,SMD-0009,ADANIGREEN,NSE:ADANIGREEN-EQ,199.95,218.0,199.95,209.55,1698451,FYERS_HISTORY,2026-08-08T22:59:00+05:30
2020-05-05,SMD-0009,ADANIGREEN,NSE:ADANIGREEN-EQ,215.0,216.0,209.05,210.8,594712,FYERS_HISTORY,2026-08-08T22:59:00+05:30
2020-05-06,SMD-0009,ADANIGREEN,NSE:ADANIGREEN-EQ,211.0,214.2,205.3,211.85,604880,FYERS_HISTORY,2026-08-08T22:59:00+05:30
2020-05-07,SMD-0009,ADANIGREEN,NSE:ADANIGREEN-EQ,207.45,213.0,206.5,210.55,188208,FYERS_HISTORY,2026-08-08T22:59:00+05:30
2020-05-08,SMD-0009,ADANIGREEN,NSE:ADANIGREEN-EQ,211.0,213.5,208.0,212.25,289416,FYERS_HISTORY,2026-08-08T22:59:00+05:30
2020-05-11,SMD-0009,ADANIGREEN,NSE:ADANIGREEN-EQ,214.85,222.85,211.0,222.6,1063341,FYERS_HISTORY,2026-08-08T22:59:00+05:30
2020-05-12,SMD-0009,ADANIGREEN,NSE:ADANIGREEN-EQ,222.0,229.9,219.1,226.05,667224,FYERS_HISTORY,2026-08-08T22:59:00+05:30
2020-05-13,SMD-0009,ADANIGREEN,NSE:ADANIGREEN-EQ,233.0,235.95,228.0,231.0,563566,FYERS_HISTORY,2026-08-08T22:59:00+05:30
2020-05-14,SMD-0009,ADANIGREEN,NSE:ADANIGREEN-EQ,229.4,232.8,220.55,228.55,416147,FYERS_HISTORY,2026-08-08T22:59:00+05:30
2020-05-15,SMD-0009,ADANIGREEN,NSE:ADANIGREEN-EQ,228.6,231.5,225.7,230.25,325461,FYERS_HISTORY,2026-08-08T22:59:00+05:30
2020-05-18,SMD-0009,ADANIGREEN,NSE:ADANIGREEN-EQ,229.0,235.0,218.75,229.25,651936,FYERS_HISTORY,2026-08-08T22:59:00+05:30
2020-05-19,SMD-0009,ADANIGREEN,NSE:ADANIGREEN-EQ,230.0,235.05,230.0,233.65,477713,FYERS_HISTORY,2026-08-08T22:59:00+05:30
2020-05-20,SMD-0009,ADANIGREEN,NSE:ADANIGREEN-EQ,231.0,235.5,227.0,234.7,354733,FYERS_HISTORY,2026-08-08T22:59:00+05:30
2020-05-21,SMD-0009,ADANIGREEN,NSE:ADANIGREEN-EQ,233.95,244.35,233.0,235.1,365834,FYERS_HISTORY,2026-08-08T22:59:00+05:30
2020-05-22,SMD-0009,ADANIGREEN,NSE:ADANIGREEN-EQ,237.0,242.0,232.0,239.65,495551,FYERS_HISTORY,2026-08-08T22:59:00+05:30
2020-05-26,SMD-0009,ADANIGREEN,NSE:ADANIGREEN-EQ,240.0,243.95,236.5,239.9,281221,FYERS_HISTORY,2026-08-08T22:59:00+05:30
2020-05-27,SMD-0009,ADANIGREEN,NSE:ADANIGREEN-EQ,240.0,243.2,237.05,242.6,316188,FYERS_HISTORY,2026-08-08T22:59:00+05:30
2020-05-28,SMD-0009,ADANIGREEN,NSE:ADANIGREEN-EQ,242.6,251.7,240.3,246.0,444387,FYERS_HISTORY,2026-08-08T22:59:00+05:30
2020-05-29,SMD-0009,ADANIGREEN,NSE:ADANIGREEN-EQ,246.0,249.8,246.0,248.6,294574,FYERS_HISTORY,2026-08-08T22:59:00+05:30
2020-06-01,SMD-0009,ADANIGREEN,NSE:ADANIGREEN-EQ,253.9,261.0,251.5,260.75,864596,FYERS_HISTORY,2026-08-08T22:59:00+05:30
2020-06-02,SMD-0009,ADANIGREEN,NSE:ADANIGREEN-EQ,269.0,273.75,264.05,273.75,371599,FYERS_HISTORY,2026-08-08T22:59:00+05:30
2020-06-03,SMD-0009,ADANIGREEN,NSE:ADANIGREEN-EQ,287.4,287.4,261.2,273.85,1411752,FYERS_HISTORY,2026-08-08T22:59:00+05:30
2020-06-04,SMD-0009,ADANIGREEN,NSE:ADANIGREEN-EQ,274.9,282.6,263.5,274.0,1332983,FYERS_HISTORY,2026-08-08T22:59:00+05:30
2020-06-05,SMD-0009,ADANIGREEN,NSE:ADANIGREEN-EQ,274.0,286.0,271.15,284.25,1044811,FYERS_HISTORY,2026-08-08T22:59:00+05:30
2020-06-08,SMD-0009,ADANIGREEN,NSE:ADANIGREEN-EQ,288.35,298.45,283.2,297.75,1368198,FYERS_HISTORY,2026-08-08T22:59:00+05:30
2020-06-09,SMD-0009,ADANIGREEN,NSE:ADANIGREEN-EQ,312.6,312.6,308.9,312.6,1422436,FYERS_HISTORY,2026-08-08T22:59:00+05:30
2020-06-10,SMD-0009,ADANIGREEN,NSE:ADANIGREEN-EQ,328.2,328.2,328.2,328.2,403398,FYERS_HISTORY,2026-08-08T22:59:00+05:30
2020-06-11,SMD-0009,ADANIGREEN,NSE:ADANIGREEN-EQ,344.6,344.6,315.3,332.05,5505021,FYERS_HISTORY,2026-08-08T22:59:00+05:30
2020-06-12,SMD-0009,ADANIGREEN,NSE:ADANIGREEN-EQ,315.45,339.95,315.45,336.4,2889448,FYERS_HISTORY,2026-08-08T22:59:00+05:30
2020-06-15,SMD-0009,ADANIGREEN,NSE:ADANIGREEN-EQ,344.85,351.0,338.0,346.15,2701757,FYERS_HISTORY,2026-08-08T22:59:00+05:30
2020-06-16,SMD-0009,ADANIGREEN,NSE:ADANIGREEN-EQ,360.2,363.45,350.0,363.45,3265090,FYERS_HISTORY,2026-08-08T22:59:00+05:30
2020-06-17,SMD-0009,ADANIGREEN,NSE:ADANIGREEN-EQ,371.5,381.6,370.0,381.6,940601,FYERS_HISTORY,2026-08-08T22:59:00+05:30
2020-06-18,SMD-0009,ADANIGREEN,NSE:ADANIGREEN-EQ,400.65,400.65,391.1,400.65,2333788,FYERS_HISTORY,2026-08-08T22:59:00+05:30
2020-06-19,SMD-0009,ADANIGREEN,NSE:ADANIGREEN-EQ,419.95,420.65,413.65,420.65,2882495,FYERS_HISTORY,2026-08-08T22:59:00+05:30
2020-06-22,SMD-0009,ADANIGREEN,NSE:ADANIGREEN-EQ,441.65,441.65,439.0,441.65,1646544,FYERS_HISTORY,2026-08-08T22:59:00+05:30
2020-06-23,SMD-0009,ADANIGREEN,NSE:ADANIGREEN-EQ,463.7,463.7,455.25,463.6,4101848,FYERS_HISTORY,2026-08-08T22:59:00+05:30
2020-06-24,SMD-0009,ADANIGREEN,NSE:ADANIGREEN-EQ,486.75,486.75,440.45,440.45,4430431,FYERS_HISTORY,2026-08-08T22:59:00+05:30
2020-06-25,SMD-0009,ADANIGREEN,NSE:ADANIGREEN-EQ,418.45,418.45,418.45,418.45,158392,FYERS_HISTORY,2026-08-08T22:59:00+05:30
2020-06-26,SMD-0009,ADANIGREEN,NSE:ADANIGREEN-EQ,397.55,397.55,397.55,397.55,147247,FYERS_HISTORY,2026-08-08T22:59:00+05:30
2020-06-29,SMD-0009,ADANIGREEN,NSE:ADANIGREEN-EQ,377.7,377.7,377.7,377.7,94453,FYERS_HISTORY,2026-08-08T22:59:00+05:30
2020-06-30,SMD-0009,ADANIGREEN,NSE:ADANIGREEN-EQ,358.85,358.85,358.85,358.85,126379,FYERS_HISTORY,2026-08-08T22:59:00+05:30
2020-07-01,SMD-0009,ADANIGREEN,NSE:ADANIGREEN-EQ,340.95,340.95,340.95,340.95,80914,FYERS_HISTORY,2026-08-08T22:59:00+05:30
2020-07-02,SMD-0009,ADANIGREEN,NSE:ADANIGREEN-EQ,323.95,357.95,323.95,357.95,3295011,FYERS_HISTORY,2026-08-08T22:59:00+05:30
2020-07-03,SMD-0009,ADANIGREEN,NSE:ADANIGREEN-EQ,375.8,375.8,375.8,375.8,127962,FYERS_HISTORY,2026-08-08T22:59:00+05:30
2020-07-06,SMD-0009,ADANIGREEN,NSE:ADANIGREEN-EQ,394.55,394.55,362.25,394.55,5078968,FYERS_HISTORY,2026-08-08T22:59:00+05:30
2020-07-07,SMD-0009,ADANIGREEN,NSE:ADANIGREEN-EQ,400.4,414.25,376.0,413.75,5554195,FYERS_HISTORY,2026-08-08T22:59:00+05:30
2020-07-08,SMD-0009,ADANIGREEN,NSE:ADANIGREEN-EQ,410.0,424.85,393.1,393.1,2943194,FYERS_HISTORY,2026-08-08T22:59:00+05:30
2020-07-09,SMD-0009,ADANIGREEN,NSE:ADANIGREEN-EQ,385.0,393.0,373.45,373.6,2630050,FYERS_HISTORY,2026-08-08T22:59:00+05:30
2020-07-10,SMD-0009,ADANIGREEN,NSE:ADANIGREEN-EQ,365.0,384.45,356.65,371.05,1883787,FYERS_HISTORY,2026-08-08T22:59:00+05:30
2020-07-13,SMD-0009,ADANIGREEN,NSE:ADANIGREEN-EQ,381.0,382.65,361.6,364.75,855922,FYERS_HISTORY,2026-08-08T22:59:00+05:30
2020-07-14,SMD-0009,ADANIGREEN,NSE:ADANIGREEN-EQ,364.0,364.75,346.75,348.1,892125,FYERS_HISTORY,2026-08-08T22:59:00+05:30
2020-07-15,SMD-0009,ADANIGREEN,NSE:ADANIGREEN-EQ,348.0,365.5,346.15,354.55,1980494,FYERS_HISTORY,2026-08-08T22:59:00+05:30
2020-07-16,SMD-0009,ADANIGREEN,NSE:ADANIGREEN-EQ,353.0,359.95,338.05,348.3,969385,FYERS_HISTORY,2026-08-08T22:59:00+05:30
2020-07-17,SMD-0009,ADANIGREEN,NSE:ADANIGREEN-EQ,352.3,354.75,344.3,347.3,586031,FYERS_HISTORY,2026-08-08T22:59:00+05:30
2020-07-20,SMD-0009,ADANIGREEN,NSE:ADANIGREEN-EQ,349.0,362.9,348.0,349.95,899002,FYERS_HISTORY,2026-08-08T22:59:00+05:30
2020-07-21,SMD-0009,ADANIGREEN,NSE:ADANIGREEN-EQ,352.1,354.5,345.0,347.35,463874,FYERS_HISTORY,2026-08-08T22:59:00+05:30
2020-07-22,SMD-0009,ADANIGREEN,NSE:ADANIGREEN-EQ,345.0,346.95,332.55,336.0,536991,FYERS_HISTORY,2026-08-08T22:59:00+05:30
2020-07-23,SMD-0009,ADANIGREEN,NSE:ADANIGREEN-EQ,337.4,340.0,320.0,320.3,832614,FYERS_HISTORY,2026-08-08T22:59:00+05:30
2020-07-24,SMD-0009,ADANIGREEN,NSE:ADANIGREEN-EQ,315.0,336.3,305.6,336.3,1468516,FYERS_HISTORY,2026-08-08T22:59:00+05:30
2020-07-27,SMD-0009,ADANIGREEN,NSE:ADANIGREEN-EQ,345.95,353.1,325.25,342.2,1835725,FYERS_HISTORY,2026-08-08T22:59:00+05:30
2020-07-28,SMD-0009,ADANIGREEN,NSE:ADANIGREEN-EQ,344.6,344.6,336.0,338.05,475248,FYERS_HISTORY,2026-08-08T22:59:00+05:30
2020-07-29,SMD-0009,ADANIGREEN,NSE:ADANIGREEN-EQ,338.0,345.75,333.5,338.4,567331,FYERS_HISTORY,2026-08-08T22:59:00+05:30
2020-07-30,SMD-0009,ADANIGREEN,NSE:ADANIGREEN-EQ,338.35,350.95,338.35,341.45,530970,FYERS_HISTORY,2026-08-08T22:59:00+05:30
2020-07-31,SMD-0009,ADANIGREEN,NSE:ADANIGREEN-EQ,340.05,348.9,338.0,340.65,452663,FYERS_HISTORY,2026-08-08T22:59:00+05:30
2020-08-03,SMD-0009,ADANIGREEN,NSE:ADANIGREEN-EQ,342.0,347.0,335.6,339.8,425009,FYERS_HISTORY,2026-08-08T22:59:00+05:30
2020-08-04,SMD-0009,ADANIGREEN,NSE:ADANIGREEN-EQ,339.15,347.7,339.15,343.2,440285,FYERS_HISTORY,2026-08-08T22:59:00+05:30
2020-08-05,SMD-0009,ADANIGREEN,NSE:ADANIGREEN-EQ,344.9,348.8,341.9,342.95,296449,FYERS_HISTORY,2026-08-08T22:59:00+05:30
2020-08-06,SMD-0009,ADANIGREEN,NSE:ADANIGREEN-EQ,342.95,347.95,340.1,341.6,295911,FYERS_HISTORY,2026-08-08T22:59:00+05:30
2020-08-07,SMD-0009,ADANIGREEN,NSE:ADANIGREEN-EQ,343.0,375.75,342.0,370.45,2282613,FYERS_HISTORY,2026-08-08T22:59:00+05:30
2020-08-10,SMD-0009,ADANIGREEN,NSE:ADANIGREEN-EQ,384.0,388.5,370.75,373.5,1015069,FYERS_HISTORY,2026-08-08T22:59:00+05:30
2020-08-11,SMD-0009,ADANIGREEN,NSE:ADANIGREEN-EQ,373.0,376.6,360.0,360.65,586768,FYERS_HISTORY,2026-08-08T22:59:00+05:30
2020-08-12,SMD-0009,ADANIGREEN,NSE:ADANIGREEN-EQ,353.15,369.8,351.65,362.5,470018,FYERS_HISTORY,2026-08-08T22:59:00+05:30
2020-08-13,SMD-0009,ADANIGREEN,NSE:ADANIGREEN-EQ,363.75,369.25,361.0,362.15,295625,FYERS_HISTORY,2026-08-08T22:59:00+05:30
2020-08-14,SMD-0009,ADANIGREEN,NSE:ADANIGREEN-EQ,362.3,367.8,351.0,357.6,472397,FYERS_HISTORY,2026-08-08T22:59:00+05:30
2020-08-17,SMD-0009,ADANIGREEN,NSE:ADANIGREEN-EQ,358.75,370.0,358.0,367.25,682891,FYERS_HISTORY,2026-08-08T22:59:00+05:30
2020-08-18,SMD-0009,ADANIGREEN,NSE:ADANIGREEN-EQ,367.25,375.0,365.85,373.55,715258,FYERS_HISTORY,2026-08-08T22:59:00+05:30
2020-08-19,SMD-0009,ADANIGREEN,NSE:ADANIGREEN-EQ,376.75,384.3,368.65,371.0,822006,FYERS_HISTORY,2026-08-08T22:59:00+05:30
2020-08-20,SMD-0009,ADANIGREEN,NSE:ADANIGREEN-EQ,370.5,380.0,365.0,375.4,1229670,FYERS_HISTORY,2026-08-08T22:59:00+05:30
2020-08-21,SMD-0009,ADANIGREEN,NSE:ADANIGREEN-EQ,378.45,384.4,375.4,376.55,770438,FYERS_HISTORY,2026-08-08T22:59:00+05:30
2020-08-24,SMD-0009,ADANIGREEN,NSE:ADANIGREEN-EQ,379.75,414.2,378.25,414.2,2209231,FYERS_HISTORY,2026-08-08T22:59:00+05:30
2020-08-25,SMD-0009,ADANIGREEN,NSE:ADANIGREEN-EQ,424.4,435.0,400.05,424.7,2573736,FYERS_HISTORY,2026-08-08T22:59:00+05:30
2020-08-26,SMD-0009,ADANIGREEN,NSE:ADANIGREEN-EQ,420.55,439.3,420.1,427.65,1145302,FYERS_HISTORY,2026-08-08T22:59:00+05:30
2020-08-27,SMD-0009,ADANIGREEN,NSE:ADANIGREEN-EQ,431.5,442.75,424.55,432.75,1226228,FYERS_HISTORY,2026-08-08T22:59:00+05:30
2020-08-28,SMD-0009,ADANIGREEN,NSE:ADANIGREEN-EQ,436.1,472.5,436.0,462.3,2703686,FYERS_HISTORY,2026-08-08T22:59:00+05:30
2020-08-31,SMD-0009,ADANIGREEN,NSE:ADANIGREEN-EQ,463.6,497.3,425.0,452.75,3649311,FYERS_HISTORY,2026-08-08T22:59:00+05:30
2020-09-01,SMD-0009,ADANIGREEN,NSE:ADANIGREEN-EQ,454.1,498.0,454.1,494.65,2408649,FYERS_HISTORY,2026-08-08T22:59:00+05:30
2020-09-02,SMD-0009,ADANIGREEN,NSE:ADANIGREEN-EQ,508.95,544.1,503.6,544.1,3657589,FYERS_HISTORY,2026-08-08T22:59:00+05:30
2020-09-03,SMD-0009,ADANIGREEN,NSE:ADANIGREEN-EQ,562.95,571.3,558.05,571.3,509894,FYERS_HISTORY,2026-08-08T22:59:00+05:30
2020-09-04,SMD-0009,ADANIGREEN,NSE:ADANIGREEN-EQ,542.75,542.75,542.75,542.75,993071,FYERS_HISTORY,2026-08-08T22:59:00+05:30
2020-09-07,SMD-0009,ADANIGREEN,NSE:ADANIGREEN-EQ,530.05,569.85,515.65,553.1,2507534,FYERS_HISTORY,2026-08-08T22:59:00+05:30
2020-09-08,SMD-0009,ADANIGREEN,NSE:ADANIGREEN-EQ,560.0,577.8,543.1,564.4,1247361,FYERS_HISTORY,2026-08-08T22:59:00+05:30
2020-09-09,SMD-0009,ADANIGREEN,NSE:ADANIGREEN-EQ,542.5,592.6,536.2,590.05,1658865,FYERS_HISTORY,2026-08-08T22:59:00+05:30
2020-09-10,SMD-0009,ADANIGREEN,NSE:ADANIGREEN-EQ,600.0,619.5,569.95,579.75,1717300,FYERS_HISTORY,2026-08-08T22:59:00+05:30
2020-09-11,SMD-0009,ADANIGREEN,NSE:ADANIGREEN-EQ,588.0,608.7,577.0,608.65,2739567,FYERS_HISTORY,2026-08-08T22:59:00+05:30
2020-09-14,SMD-0009,ADANIGREEN,NSE:ADANIGREEN-EQ,625.0,639.05,618.0,638.9,3811613,FYERS_HISTORY,2026-08-08T22:59:00+05:30
2020-09-15,SMD-0009,ADANIGREEN,NSE:ADANIGREEN-EQ,654.0,670.8,645.9,670.8,2815809,FYERS_HISTORY,2026-08-08T22:59:00+05:30
2020-09-16,SMD-0009,ADANIGREEN,NSE:ADANIGREEN-EQ,692.9,697.9,643.0,675.55,3935810,FYERS_HISTORY,2026-08-08T22:59:00+05:30
2020-09-17,SMD-0009,ADANIGREEN,NSE:ADANIGREEN-EQ,670.0,674.0,653.4,666.75,706811,FYERS_HISTORY,2026-08-08T22:59:00+05:30
2020-09-18,SMD-0009,ADANIGREEN,NSE:ADANIGREEN-EQ,687.95,687.95,642.25,665.6,20107415,FYERS_HISTORY,2026-08-08T22:59:00+05:30
2020-09-21,SMD-0009,ADANIGREEN,NSE:ADANIGREEN-EQ,680.05,686.9,646.0,651.75,1096354,FYERS_HISTORY,2026-08-08T22:59:00+05:30
2020-09-22,SMD-0009,ADANIGREEN,NSE:ADANIGREEN-EQ,636.0,647.0,619.2,619.2,957151,FYERS_HISTORY,2026-08-08T22:59:00+05:30
2020-09-23,SMD-0009,ADANIGREEN,NSE:ADANIGREEN-EQ,630.0,630.0,588.25,588.25,410113,FYERS_HISTORY,2026-08-08T22:59:00+05:30
2020-09-24,SMD-0009,ADANIGREEN,NSE:ADANIGREEN-EQ,558.85,617.65,558.85,616.95,2703483,FYERS_HISTORY,2026-08-08T22:59:00+05:30
2020-09-25,SMD-0009,ADANIGREEN,NSE:ADANIGREEN-EQ,647.75,647.75,620.9,647.75,253932,FYERS_HISTORY,2026-08-08T22:59:00+05:30
2020-09-28,SMD-0009,ADANIGREEN,NSE:ADANIGREEN-EQ,680.1,680.1,680.1,680.1,221961,FYERS_HISTORY,2026-08-08T22:59:00+05:30
2020-09-29,SMD-0009,ADANIGREEN,NSE:ADANIGREEN-EQ,714.1,714.1,714.1,714.1,204483,FYERS_HISTORY,2026-08-08T22:59:00+05:30
2020-09-30,SMD-0009,ADANIGREEN,NSE:ADANIGREEN-EQ,749.8,749.8,700.0,737.6,2411057,FYERS_HISTORY,2026-08-08T22:59:00+05:30
2020-10-01,SMD-0009,ADANIGREEN,NSE:ADANIGREEN-EQ,754.0,756.9,715.0,747.1,890015,FYERS_HISTORY,2026-08-08T22:59:00+05:30
2020-10-05,SMD-0009,ADANIGREEN,NSE:ADANIGREEN-EQ,769.6,770.0,741.1,749.45,581245,FYERS_HISTORY,2026-08-08T22:59:00+05:30
2020-10-06,SMD-0009,ADANIGREEN,NSE:ADANIGREEN-EQ,749.5,752.0,725.0,735.9,558621,FYERS_HISTORY,2026-08-08T22:59:00+05:30
2020-10-07,SMD-0009,ADANIGREEN,NSE:ADANIGREEN-EQ,720.0,730.0,699.15,699.3,1041858,FYERS_HISTORY,2026-08-08T22:59:00+05:30
2020-10-08,SMD-0009,ADANIGREEN,NSE:ADANIGREEN-EQ,698.5,725.0,666.6,696.15,733819,FYERS_HISTORY,2026-08-08T22:59:00+05:30
2020-10-09,SMD-0009,ADANIGREEN,NSE:ADANIGREEN-EQ,695.8,713.0,680.1,683.95,511600,FYERS_HISTORY,2026-08-08T22:59:00+05:30
2020-10-12,SMD-0009,ADANIGREEN,NSE:ADANIGREEN-EQ,683.95,702.0,660.0,671.55,625309,FYERS_HISTORY,2026-08-08T22:59:00+05:30
2020-10-13,SMD-0009,ADANIGREEN,NSE:ADANIGREEN-EQ,671.0,705.1,661.1,705.1,1069869,FYERS_HISTORY,2026-08-08T22:59:00+05:30
2020-10-14,SMD-0009,ADANIGREEN,NSE:ADANIGREEN-EQ,719.0,735.0,705.1,725.45,1229478,FYERS_HISTORY,2026-08-08T22:59:00+05:30
2020-10-15,SMD-0009,ADANIGREEN,NSE:ADANIGREEN-EQ,730.7,735.8,698.05,704.25,736697,FYERS_HISTORY,2026-08-08T22:59:00+05:30
2020-10-16,SMD-0009,ADANIGREEN,NSE:ADANIGREEN-EQ,710.0,718.95,700.0,705.35,277648,FYERS_HISTORY,2026-08-08T22:59:00+05:30
2020-10-19,SMD-0009,ADANIGREEN,NSE:ADANIGREEN-EQ,711.2,717.95,695.0,702.8,312983,FYERS_HISTORY,2026-08-08T22:59:00+05:30
2020-10-20,SMD-0009,ADANIGREEN,NSE:ADANIGREEN-EQ,694.95,707.6,685.0,688.7,261009,FYERS_HISTORY,2026-08-08T22:59:00+05:30
2020-10-21,SMD-0009,ADANIGREEN,NSE:ADANIGREEN-EQ,690.0,713.9,678.0,692.35,335318,FYERS_HISTORY,2026-08-08T22:59:00+05:30
2020-10-22,SMD-0009,ADANIGREEN,NSE:ADANIGREEN-EQ,685.5,726.95,685.0,726.95,864975,FYERS_HISTORY,2026-08-08T22:59:00+05:30
2020-10-23,SMD-0009,ADANIGREEN,NSE:ADANIGREEN-EQ,734.8,734.8,712.2,720.3,665517,FYERS_HISTORY,2026-08-08T22:59:00+05:30
2020-10-26,SMD-0009,ADANIGREEN,NSE:ADANIGREEN-EQ,720.0,722.8,701.1,704.7,271180,FYERS_HISTORY,2026-08-08T22:59:00+05:30
2020-10-27,SMD-0009,ADANIGREEN,NSE:ADANIGREEN-EQ,720.05,739.9,717.05,739.9,930072,FYERS_HISTORY,2026-08-08T22:59:00+05:30
2020-10-28,SMD-0009,ADANIGREEN,NSE:ADANIGREEN-EQ,776.85,776.85,776.8,776.85,1869868,FYERS_HISTORY,2026-08-08T22:59:00+05:30
2020-10-29,SMD-0009,ADANIGREEN,NSE:ADANIGREEN-EQ,755.0,815.65,755.0,815.65,962443,FYERS_HISTORY,2026-08-08T22:59:00+05:30
2020-10-30,SMD-0009,ADANIGREEN,NSE:ADANIGREEN-EQ,834.0,856.4,831.25,856.4,2053376,FYERS_HISTORY,2026-08-08T22:59:00+05:30
2020-11-02,SMD-0009,ADANIGREEN,NSE:ADANIGREEN-EQ,860.0,899.2,835.15,859.2,2583066,FYERS_HISTORY,2026-08-08T22:59:00+05:30
2020-11-03,SMD-0009,ADANIGREEN,NSE:ADANIGREEN-EQ,881.0,893.95,816.25,830.4,1612967,FYERS_HISTORY,2026-08-08T22:59:00+05:30
2020-11-04,SMD-0009,ADANIGREEN,NSE:ADANIGREEN-EQ,834.4,862.7,823.0,840.9,1373310,FYERS_HISTORY,2026-08-08T22:59:00+05:30
2020-11-05,SMD-0009,ADANIGREEN,NSE:ADANIGREEN-EQ,812.5,868.0,812.0,854.6,1581863,FYERS_HISTORY,2026-08-08T22:59:00+05:30
2020-11-06,SMD-0009,ADANIGREEN,NSE:ADANIGREEN-EQ,855.0,875.0,855.0,860.0,911015,FYERS_HISTORY,2026-08-08T22:59:00+05:30
2020-11-09,SMD-0009,ADANIGREEN,NSE:ADANIGREEN-EQ,879.0,903.0,866.1,899.35,1670461,FYERS_HISTORY,2026-08-08T22:59:00+05:30
2020-11-10,SMD-0009,ADANIGREEN,NSE:ADANIGREEN-EQ,914.95,919.0,854.4,854.85,1327147,FYERS_HISTORY,2026-08-08T22:59:00+05:30
2020-11-11,SMD-0009,ADANIGREEN,NSE:ADANIGREEN-EQ,868.0,897.55,865.1,897.55,2287847,FYERS_HISTORY,2026-08-08T22:59:00+05:30
2020-11-12,SMD-0009,ADANIGREEN,NSE:ADANIGREEN-EQ,914.0,942.4,903.1,942.35,3622736,FYERS_HISTORY,2026-08-08T22:59:00+05:30
2020-11-13,SMD-0009,ADANIGREEN,NSE:ADANIGREEN-EQ,949.0,989.45,943.0,989.35,4566982,FYERS_HISTORY,2026-08-08T22:59:00+05:30
2020-11-14,SMD-0009,ADANIGREEN,NSE:ADANIGREEN-EQ,1018.0,1023.6,990.05,1008.6,578986,FYERS_HISTORY,2026-08-08T22:59:00+05:30
2020-11-17,SMD-0009,ADANIGREEN,NSE:ADANIGREEN-EQ,1028.95,1059.0,1021.05,1058.45,5333462,FYERS_HISTORY,2026-08-08T22:59:00+05:30
2020-11-18,SMD-0009,ADANIGREEN,NSE:ADANIGREEN-EQ,1068.7,1098.0,1032.05,1080.95,3999840,FYERS_HISTORY,2026-08-08T22:59:00+05:30
2020-11-19,SMD-0009,ADANIGREEN,NSE:ADANIGREEN-EQ,1080.95,1089.9,1050.0,1083.5,3533747,FYERS_HISTORY,2026-08-08T22:59:00+05:30
2020-11-20,SMD-0009,ADANIGREEN,NSE:ADANIGREEN-EQ,1051.0,1137.65,1050.0,1134.55,5044065,FYERS_HISTORY,2026-08-08T22:59:00+05:30
2020-11-23,SMD-0009,ADANIGREEN,NSE:ADANIGREEN-EQ,1155.0,1191.25,1150.1,1180.3,3863685,FYERS_HISTORY,2026-08-08T22:59:00+05:30
2020-11-24,SMD-0009,ADANIGREEN,NSE:ADANIGREEN-EQ,1203.4,1220.0,1180.0,1205.15,4004468,FYERS_HISTORY,2026-08-08T22:59:00+05:30
2020-11-25,SMD-0009,ADANIGREEN,NSE:ADANIGREEN-EQ,1205.15,1205.15,1144.9,1144.9,301443,FYERS_HISTORY,2026-08-08T22:59:00+05:30
2020-11-26,SMD-0009,ADANIGREEN,NSE:ADANIGREEN-EQ,1087.7,1143.85,1087.7,1104.45,3205678,FYERS_HISTORY,2026-08-08T22:59:00+05:30
2020-11-27,SMD-0009,ADANIGREEN,NSE:ADANIGREEN-EQ,1105.0,1159.65,1072.8,1136.4,45148093,FYERS_HISTORY,2026-08-08T22:59:00+05:30
2020-12-01,SMD-0009,ADANIGREEN,NSE:ADANIGREEN-EQ,1133.9,1156.0,1082.35,1134.7,2599117,FYERS_HISTORY,2026-08-08T22:59:00+05:30
2020-12-02,SMD-0009,ADANIGREEN,NSE:ADANIGREEN-EQ,1140.0,1155.0,1112.0,1146.0,875255,FYERS_HISTORY,2026-08-08T22:59:00+05:30
2020-12-03,SMD-0009,ADANIGREEN,NSE:ADANIGREEN-EQ,1154.0,1159.9,1140.1,1145.0,592144,FYERS_HISTORY,2026-08-08T22:59:00+05:30
2020-12-04,SMD-0009,ADANIGREEN,NSE:ADANIGREEN-EQ,1150.0,1159.0,1125.0,1129.75,741720,FYERS_HISTORY,2026-08-08T22:59:00+05:30
2020-12-07,SMD-0009,ADANIGREEN,NSE:ADANIGREEN-EQ,1135.0,1140.0,1073.3,1106.25,1351024,FYERS_HISTORY,2026-08-08T22:59:00+05:30
2020-12-08,SMD-0009,ADANIGREEN,NSE:ADANIGREEN-EQ,1109.0,1123.1,1088.0,1098.65,998344,FYERS_HISTORY,2026-08-08T22:59:00+05:30
2020-12-09,SMD-0009,ADANIGREEN,NSE:ADANIGREEN-EQ,1100.0,1110.0,1050.0,1070.1,1080870,FYERS_HISTORY,2026-08-08T22:59:00+05:30
2020-12-10,SMD-0009,ADANIGREEN,NSE:ADANIGREEN-EQ,1064.7,1067.0,1030.0,1036.7,568627,FYERS_HISTORY,2026-08-08T22:59:00+05:30
2020-12-11,SMD-0009,ADANIGREEN,NSE:ADANIGREEN-EQ,990.05,1057.0,985.0,1041.5,1793445,FYERS_HISTORY,2026-08-08T22:59:00+05:30
2020-12-14,SMD-0009,ADANIGREEN,NSE:ADANIGREEN-EQ,1019.0,1028.1,995.1,1010.8,921358,FYERS_HISTORY,2026-08-08T22:59:00+05:30
2020-12-15,SMD-0009,ADANIGREEN,NSE:ADANIGREEN-EQ,1009.0,1020.0,1000.25,1013.65,754880,FYERS_HISTORY,2026-08-08T22:59:00+05:30
2020-12-16,SMD-0009,ADANIGREEN,NSE:ADANIGREEN-EQ,1019.75,1029.9,1011.1,1019.4,451443,FYERS_HISTORY,2026-08-08T22:59:00+05:30
2020-12-17,SMD-0009,ADANIGREEN,NSE:ADANIGREEN-EQ,1023.9,1059.4,1013.75,1041.55,686579,FYERS_HISTORY,2026-08-08T22:59:00+05:30
2020-12-18,SMD-0009,ADANIGREEN,NSE:ADANIGREEN-EQ,1058.4,1058.4,1001.0,1016.15,1037435,FYERS_HISTORY,2026-08-08T22:59:00+05:30
2020-12-21,SMD-0009,ADANIGREEN,NSE:ADANIGREEN-EQ,1004.8,1040.0,971.0,1020.3,999121,FYERS_HISTORY,2026-08-08T22:59:00+05:30
2020-12-22,SMD-0009,ADANIGREEN,NSE:ADANIGREEN-EQ,992.0,1040.0,976.0,1029.9,637121,FYERS_HISTORY,2026-08-08T22:59:00+05:30
2020-12-23,SMD-0009,ADANIGREEN,NSE:ADANIGREEN-EQ,1035.0,1050.0,1012.1,1044.95,684864,FYERS_HISTORY,2026-08-08T22:59:00+05:30
2020-12-24,SMD-0009,ADANIGREEN,NSE:ADANIGREEN-EQ,1058.0,1059.0,1021.0,1036.2,406594,FYERS_HISTORY,2026-08-08T22:59:00+05:30
2020-12-28,SMD-0009,ADANIGREEN,NSE:ADANIGREEN-EQ,1036.2,1044.85,1025.65,1038.0,425292,FYERS_HISTORY,2026-08-08T22:59:01+05:30
2020-12-29,SMD-0009,ADANIGREEN,NSE:ADANIGREEN-EQ,1040.0,1047.25,1026.0,1038.7,349607,FYERS_HISTORY,2026-08-08T22:59:01+05:30
2020-12-30,SMD-0009,ADANIGREEN,NSE:ADANIGREEN-EQ,1039.9,1060.0,1028.0,1052.95,374589,FYERS_HISTORY,2026-08-08T22:59:01+05:30
2020-12-31,SMD-0009,ADANIGREEN,NSE:ADANIGREEN-EQ,1070.0,1090.0,1041.0,1052.6,980110,FYERS_HISTORY,2026-08-08T22:59:01+05:30
2021-01-01,SMD-0009,ADANIGREEN,NSE:ADANIGREEN-EQ,1079.9,1079.9,1053.05,1065.95,297560,FYERS_HISTORY,2026-08-08T22:59:01+05:30
2021-01-04,SMD-0009,ADANIGREEN,NSE:ADANIGREEN-EQ,1088.4,1090.0,1071.2,1082.25,360776,FYERS_HISTORY,2026-08-08T22:59:01+05:30
2021-01-05,SMD-0009,ADANIGREEN,NSE:ADANIGREEN-EQ,1070.2,1106.9,1065.0,1096.45,526896,FYERS_HISTORY,2026-08-08T22:59:01+05:30
2021-01-06,SMD-0009,ADANIGREEN,NSE:ADANIGREEN-EQ,1100.0,1111.0,1080.0,1107.25,427847,FYERS_HISTORY,2026-08-08T22:59:01+05:30
2021-01-07,SMD-0009,ADANIGREEN,NSE:ADANIGREEN-EQ,1113.7,1114.0,1051.9,1063.1,1285732,FYERS_HISTORY,2026-08-08T22:59:01+05:30
2021-01-08,SMD-0009,ADANIGREEN,NSE:ADANIGREEN-EQ,1071.0,1076.0,1009.95,1014.9,1646213,FYERS_HISTORY,2026-08-08T22:59:01+05:30
2021-01-11,SMD-0009,ADANIGREEN,NSE:ADANIGREEN-EQ,1020.95,1025.95,964.2,968.3,1303510,FYERS_HISTORY,2026-08-08T22:59:01+05:30
2021-01-12,SMD-0009,ADANIGREEN,NSE:ADANIGREEN-EQ,980.0,990.2,921.0,924.15,1578700,FYERS_HISTORY,2026-08-08T22:59:01+05:30
2021-01-13,SMD-0009,ADANIGREEN,NSE:ADANIGREEN-EQ,930.0,935.4,900.1,922.15,985028,FYERS_HISTORY,2026-08-08T22:59:01+05:30
2021-01-14,SMD-0009,ADANIGREEN,NSE:ADANIGREEN-EQ,925.95,968.25,925.05,968.25,1514658,FYERS_HISTORY,2026-08-08T22:59:01+05:30
2021-01-15,SMD-0009,ADANIGREEN,NSE:ADANIGREEN-EQ,1016.65,1016.65,939.2,947.75,2143296,FYERS_HISTORY,2026-08-08T22:59:01+05:30
2021-01-18,SMD-0009,ADANIGREEN,NSE:ADANIGREEN-EQ,945.0,980.0,920.1,949.75,1294049,FYERS_HISTORY,2026-08-08T22:59:01+05:30
2021-01-19,SMD-0009,ADANIGREEN,NSE:ADANIGREEN-EQ,978.85,997.2,966.5,992.85,849095,FYERS_HISTORY,2026-08-08T22:59:01+05:30
2021-01-20,SMD-0009,ADANIGREEN,NSE:ADANIGREEN-EQ,994.65,1026.5,978.35,1020.15,1055316,FYERS_HISTORY,2026-08-08T22:59:01+05:30
2021-01-21,SMD-0009,ADANIGREEN,NSE:ADANIGREEN-EQ,1021.75,1056.0,1016.5,1048.8,902543,FYERS_HISTORY,2026-08-08T22:59:01+05:30
2021-01-22,SMD-0009,ADANIGREEN,NSE:ADANIGREEN-EQ,1047.8,1065.45,1035.0,1047.85,651810,FYERS_HISTORY,2026-08-08T22:59:01+05:30
2021-01-25,SMD-0009,ADANIGREEN,NSE:ADANIGREEN-EQ,1055.0,1064.0,1005.0,1031.1,528369,FYERS_HISTORY,2026-08-08T22:59:01+05:30
2021-01-27,SMD-0009,ADANIGREEN,NSE:ADANIGREEN-EQ,1030.2,1050.0,1020.8,1028.55,510466,FYERS_HISTORY,2026-08-08T22:59:01+05:30
2021-01-28,SMD-0009,ADANIGREEN,NSE:ADANIGREEN-EQ,1016.5,1039.0,1016.5,1032.9,273105,FYERS_HISTORY,2026-08-08T22:59:01+05:30
2021-01-29,SMD-0009,ADANIGREEN,NSE:ADANIGREEN-EQ,1035.6,1050.0,981.3,1004.9,1497461,FYERS_HISTORY,2026-08-08T22:59:01+05:30
2021-02-01,SMD-0009,ADANIGREEN,NSE:ADANIGREEN-EQ,1018.0,1040.5,1005.65,1024.25,535861,FYERS_HISTORY,2026-08-08T22:59:01+05:30
2021-02-02,SMD-0009,ADANIGREEN,NSE:ADANIGREEN-EQ,1033.5,1046.95,1014.0,1031.95,353217,FYERS_HISTORY,2026-08-08T22:59:01+05:30
2021-02-03,SMD-0009,ADANIGREEN,NSE:ADANIGREEN-EQ,1041.25,1043.7,1017.2,1026.7,397320,FYERS_HISTORY,2026-08-08T22:59:01+05:30
2021-02-04,SMD-0009,ADANIGREEN,NSE:ADANIGREEN-EQ,1047.95,1078.0,1035.0,1078.0,1089299,FYERS_HISTORY,2026-08-08T22:59:01+05:30
2021-02-05,SMD-0009,ADANIGREEN,NSE:ADANIGREEN-EQ,1101.0,1131.0,1053.75,1077.15,692820,FYERS_HISTORY,2026-08-08T22:59:01+05:30
2021-02-08,SMD-0009,ADANIGREEN,NSE:ADANIGREEN-EQ,1070.0,1097.2,1055.2,1063.45,431477,FYERS_HISTORY,2026-08-08T22:59:01+05:30
2021-02-09,SMD-0009,ADANIGREEN,NSE:ADANIGREEN-EQ,1068.0,1116.0,1031.05,1086.05,3536318,FYERS_HISTORY,2026-08-08T22:59:01+05:30
2021-02-10,SMD-0009,ADANIGREEN,NSE:ADANIGREEN-EQ,1076.0,1097.9,1060.0,1080.45,4856552,FYERS_HISTORY,2026-08-08T22:59:01+05:30
2021-02-11,SMD-0009,ADANIGREEN,NSE:ADANIGREEN-EQ,1080.0,1090.0,1051.0,1074.6,4503787,FYERS_HISTORY,2026-08-08T22:59:01+05:30
2021-02-12,SMD-0009,ADANIGREEN,NSE:ADANIGREEN-EQ,1064.95,1081.7,1052.0,1068.95,4532486,FYERS_HISTORY,2026-08-08T22:59:01+05:30
2021-02-15,SMD-0009,ADANIGREEN,NSE:ADANIGREEN-EQ,1068.0,1079.95,1037.0,1062.85,4525422,FYERS_HISTORY,2026-08-08T22:59:01+05:30
2021-02-16,SMD-0009,ADANIGREEN,NSE:ADANIGREEN-EQ,1050.0,1113.0,1049.0,1078.3,5182242,FYERS_HISTORY,2026-08-08T22:59:01+05:30
2021-02-17,SMD-0009,ADANIGREEN,NSE:ADANIGREEN-EQ,1085.0,1127.0,1051.05,1104.25,6145401,FYERS_HISTORY,2026-08-08T22:59:01+05:30
2021-02-18,SMD-0009,ADANIGREEN,NSE:ADANIGREEN-EQ,1100.0,1129.4,1085.5,1109.5,5456103,FYERS_HISTORY,2026-08-08T22:59:01+05:30
2021-02-19,SMD-0009,ADANIGREEN,NSE:ADANIGREEN-EQ,1109.8,1128.0,1069.05,1117.7,1004331,FYERS_HISTORY,2026-08-08T22:59:01+05:30
2021-02-22,SMD-0009,ADANIGREEN,NSE:ADANIGREEN-EQ,1103.0,1152.05,1103.0,1141.45,956638,FYERS_HISTORY,2026-08-08T22:59:01+05:30
2021-02-23,SMD-0009,ADANIGREEN,NSE:ADANIGREEN-EQ,1161.2,1198.5,1161.0,1196.2,5405934,FYERS_HISTORY,2026-08-08T22:59:01+05:30
2021-02-24,SMD-0009,ADANIGREEN,NSE:ADANIGREEN-EQ,1209.7,1209.7,1159.0,1169.35,494155,FYERS_HISTORY,2026-08-08T22:59:01+05:30
2021-02-25,SMD-0009,ADANIGREEN,NSE:ADANIGREEN-EQ,1174.6,1192.0,1117.45,1128.55,678592,FYERS_HISTORY,2026-08-08T22:59:01+05:30
2021-02-26,SMD-0009,ADANIGREEN,NSE:ADANIGREEN-EQ,1125.0,1184.95,1101.55,1159.85,6662742,FYERS_HISTORY,2026-08-08T22:59:01+05:30
2021-03-01,SMD-0009,ADANIGREEN,NSE:ADANIGREEN-EQ,1170.0,1170.0,1130.15,1141.0,448402,FYERS_HISTORY,2026-08-08T22:59:01+05:30
2021-03-02,SMD-0009,ADANIGREEN,NSE:ADANIGREEN-EQ,1155.0,1175.0,1134.0,1164.85,521226,FYERS_HISTORY,2026-08-08T22:59:01+05:30
2021-03-03,SMD-0009,ADANIGREEN,NSE:ADANIGREEN-EQ,1178.9,1190.0,1162.05,1176.3,494659,FYERS_HISTORY,2026-08-08T22:59:01+05:30
2021-03-04,SMD-0009,ADANIGREEN,NSE:ADANIGREEN-EQ,1176.0,1198.0,1165.0,1184.65,641914,FYERS_HISTORY,2026-08-08T22:59:01+05:30
2021-03-05,SMD-0009,ADANIGREEN,NSE:ADANIGREEN-EQ,1178.9,1206.0,1162.0,1172.75,595718,FYERS_HISTORY,2026-08-08T22:59:01+05:30
2021-03-08,SMD-0009,ADANIGREEN,NSE:ADANIGREEN-EQ,1178.0,1185.0,1162.25,1171.6,267891,FYERS_HISTORY,2026-08-08T22:59:01+05:30
2021-03-09,SMD-0009,ADANIGREEN,NSE:ADANIGREEN-EQ,1179.95,1179.95,1135.0,1166.2,332177,FYERS_HISTORY,2026-08-08T22:59:01+05:30
2021-03-10,SMD-0009,ADANIGREEN,NSE:ADANIGREEN-EQ,1165.5,1192.1,1165.5,1185.65,483563,FYERS_HISTORY,2026-08-08T22:59:01+05:30
2021-03-12,SMD-0009,ADANIGREEN,NSE:ADANIGREEN-EQ,1200.0,1200.0,1154.2,1160.6,296923,FYERS_HISTORY,2026-08-08T22:59:01+05:30
2021-03-15,SMD-0009,ADANIGREEN,NSE:ADANIGREEN-EQ,1179.0,1205.0,1135.25,1193.1,453478,FYERS_HISTORY,2026-08-08T22:59:01+05:30
2021-03-16,SMD-0009,ADANIGREEN,NSE:ADANIGREEN-EQ,1209.9,1244.4,1206.3,1219.8,648757,FYERS_HISTORY,2026-08-08T22:59:01+05:30
2021-03-17,SMD-0009,ADANIGREEN,NSE:ADANIGREEN-EQ,1229.85,1240.0,1158.85,1164.3,407312,FYERS_HISTORY,2026-08-08T22:59:01+05:30
2021-03-18,SMD-0009,ADANIGREEN,NSE:ADANIGREEN-EQ,1179.4,1183.0,1120.1,1135.85,269255,FYERS_HISTORY,2026-08-08T22:59:01+05:30
2021-03-19,SMD-0009,ADANIGREEN,NSE:ADANIGREEN-EQ,1129.9,1192.6,1081.1,1192.6,622620,FYERS_HISTORY,2026-08-08T22:59:01+05:30
2021-03-22,SMD-0009,ADANIGREEN,NSE:ADANIGREEN-EQ,1252.2,1252.2,1234.95,1252.2,382028,FYERS_HISTORY,2026-08-08T22:59:01+05:30
2021-03-23,SMD-0009,ADANIGREEN,NSE:ADANIGREEN-EQ,1309.0,1314.8,1282.0,1313.65,2252589,FYERS_HISTORY,2026-08-08T22:59:01+05:30
2021-03-24,SMD-0009,ADANIGREEN,NSE:ADANIGREEN-EQ,1297.2,1340.0,1268.0,1291.35,1159456,FYERS_HISTORY,2026-08-08T22:59:01+05:30
2021-03-25,SMD-0009,ADANIGREEN,NSE:ADANIGREEN-EQ,1300.0,1300.0,1226.8,1226.8,436451,FYERS_HISTORY,2026-08-08T22:59:01+05:30
2021-03-26,SMD-0009,ADANIGREEN,NSE:ADANIGREEN-EQ,1215.0,1260.0,1178.2,1212.35,436902,FYERS_HISTORY,2026-08-08T22:59:01+05:30
2021-03-30,SMD-0009,ADANIGREEN,NSE:ADANIGREEN-EQ,1216.05,1230.0,1151.75,1157.65,737621,FYERS_HISTORY,2026-08-08T22:59:01+05:30
2021-03-31,SMD-0009,ADANIGREEN,NSE:ADANIGREEN-EQ,1157.65,1157.65,1099.8,1104.85,779163,FYERS_HISTORY,2026-08-08T22:59:01+05:30
2021-04-01,SMD-0009,ADANIGREEN,NSE:ADANIGREEN-EQ,1104.9,1160.05,1104.9,1160.05,523216,FYERS_HISTORY,2026-08-08T22:59:01+05:30
2021-04-05,SMD-0009,ADANIGREEN,NSE:ADANIGREEN-EQ,1165.0,1210.0,1125.05,1164.2,822644,FYERS_HISTORY,2026-08-08T22:59:01+05:30
2021-04-06,SMD-0009,ADANIGREEN,NSE:ADANIGREEN-EQ,1175.9,1209.0,1170.1,1194.45,574032,FYERS_HISTORY,2026-08-08T22:59:01+05:30
2021-04-07,SMD-0009,ADANIGREEN,NSE:ADANIGREEN-EQ,1215.0,1223.5,1164.0,1196.2,572004,FYERS_HISTORY,2026-08-08T22:59:01+05:30
2021-04-08,SMD-0009,ADANIGREEN,NSE:ADANIGREEN-EQ,1177.0,1196.15,1160.0,1165.5,462142,FYERS_HISTORY,2026-08-08T22:59:01+05:30
2021-04-09,SMD-0009,ADANIGREEN,NSE:ADANIGREEN-EQ,1179.8,1185.0,1130.0,1142.75,526463,FYERS_HISTORY,2026-08-08T22:59:01+05:30
2021-04-12,SMD-0009,ADANIGREEN,NSE:ADANIGREEN-EQ,1129.95,1129.95,1085.65,1085.65,313902,FYERS_HISTORY,2026-08-08T22:59:01+05:30
2021-04-13,SMD-0009,ADANIGREEN,NSE:ADANIGREEN-EQ,1085.4,1138.0,1035.15,1116.05,888788,FYERS_HISTORY,2026-08-08T22:59:01+05:30
2021-04-15,SMD-0009,ADANIGREEN,NSE:ADANIGREEN-EQ,1115.95,1144.0,1085.4,1122.7,786223,FYERS_HISTORY,2026-08-08T22:59:01+05:30
2021-04-16,SMD-0009,ADANIGREEN,NSE:ADANIGREEN-EQ,1122.7,1148.0,1099.0,1108.6,494736,FYERS_HISTORY,2026-08-08T22:59:01+05:30
2021-04-19,SMD-0009,ADANIGREEN,NSE:ADANIGREEN-EQ,1088.0,1108.0,1053.2,1056.35,563766,FYERS_HISTORY,2026-08-08T22:59:01+05:30
2021-04-20,SMD-0009,ADANIGREEN,NSE:ADANIGREEN-EQ,1060.0,1086.0,1037.0,1043.95,477549,FYERS_HISTORY,2026-08-08T22:59:01+05:30
2021-04-22,SMD-0009,ADANIGREEN,NSE:ADANIGREEN-EQ,1043.95,1054.0,1008.0,1030.45,434346,FYERS_HISTORY,2026-08-08T22:59:01+05:30
2021-04-23,SMD-0009,ADANIGREEN,NSE:ADANIGREEN-EQ,1027.0,1064.95,1027.0,1052.4,363924,FYERS_HISTORY,2026-08-08T22:59:01+05:30
2021-04-26,SMD-0009,ADANIGREEN,NSE:ADANIGREEN-EQ,1060.35,1062.95,1045.0,1049.25,226465,FYERS_HISTORY,2026-08-08T22:59:01+05:30
2021-04-27,SMD-0009,ADANIGREEN,NSE:ADANIGREEN-EQ,1064.0,1064.0,1044.05,1054.6,204814,FYERS_HISTORY,2026-08-08T22:59:01+05:30
2021-04-28,SMD-0009,ADANIGREEN,NSE:ADANIGREEN-EQ,1065.0,1065.0,1044.6,1054.7,273943,FYERS_HISTORY,2026-08-08T22:59:01+05:30
2021-04-29,SMD-0009,ADANIGREEN,NSE:ADANIGREEN-EQ,1060.0,1065.0,1049.0,1055.75,218774,FYERS_HISTORY,2026-08-08T22:59:01+05:30
2021-04-30,SMD-0009,ADANIGREEN,NSE:ADANIGREEN-EQ,1040.9,1048.6,1011.0,1018.95,466631,FYERS_HISTORY,2026-08-08T22:59:01+05:30
2021-05-03,SMD-0009,ADANIGREEN,NSE:ADANIGREEN-EQ,1015.0,1044.7,990.0,1036.5,324742,FYERS_HISTORY,2026-08-08T22:59:01+05:30
2021-05-04,SMD-0009,ADANIGREEN,NSE:ADANIGREEN-EQ,1050.0,1063.0,1035.0,1045.1,256463,FYERS_HISTORY,2026-08-08T22:59:01+05:30
2021-05-05,SMD-0009,ADANIGREEN,NSE:ADANIGREEN-EQ,1059.0,1080.8,1047.35,1064.55,446011,FYERS_HISTORY,2026-08-08T22:59:01+05:30
2021-05-06,SMD-0009,ADANIGREEN,NSE:ADANIGREEN-EQ,1083.95,1108.0,1072.0,1099.6,762063,FYERS_HISTORY,2026-08-08T22:59:01+05:30
2021-05-07,SMD-0009,ADANIGREEN,NSE:ADANIGREEN-EQ,1120.0,1125.4,1083.7,1102.9,784571,FYERS_HISTORY,2026-08-08T22:59:01+05:30
2021-05-10,SMD-0009,ADANIGREEN,NSE:ADANIGREEN-EQ,1110.0,1120.0,1098.05,1102.85,336905,FYERS_HISTORY,2026-08-08T22:59:01+05:30
2021-05-11,SMD-0009,ADANIGREEN,NSE:ADANIGREEN-EQ,1094.0,1094.0,1071.05,1077.95,344008,FYERS_HISTORY,2026-08-08T22:59:01+05:30
2021-05-12,SMD-0009,ADANIGREEN,NSE:ADANIGREEN-EQ,1077.0,1084.8,1032.2,1049.8,369512,FYERS_HISTORY,2026-08-08T22:59:01+05:30
2021-05-14,SMD-0009,ADANIGREEN,NSE:ADANIGREEN-EQ,1069.0,1097.7,1050.5,1088.05,681045,FYERS_HISTORY,2026-08-08T22:59:01+05:30
2021-05-17,SMD-0009,ADANIGREEN,NSE:ADANIGREEN-EQ,1142.45,1142.45,1142.45,1142.45,268800,FYERS_HISTORY,2026-08-08T22:59:01+05:30
2021-05-18,SMD-0009,ADANIGREEN,NSE:ADANIGREEN-EQ,1199.55,1199.55,1181.15,1198.75,825222,FYERS_HISTORY,2026-08-08T22:59:01+05:30
2021-05-19,SMD-0009,ADANIGREEN,NSE:ADANIGREEN-EQ,1244.0,1258.65,1156.0,1243.65,2581312,FYERS_HISTORY,2026-08-08T22:59:01+05:30
2021-05-20,SMD-0009,ADANIGREEN,NSE:ADANIGREEN-EQ,1274.0,1284.75,1240.1,1268.85,1235091,FYERS_HISTORY,2026-08-08T22:59:01+05:30
2021-05-21,SMD-0009,ADANIGREEN,NSE:ADANIGREEN-EQ,1285.0,1320.5,1272.0,1299.2,1145075,FYERS_HISTORY,2026-08-08T22:59:01+05:30
2021-05-24,SMD-0009,ADANIGREEN,NSE:ADANIGREEN-EQ,1317.0,1364.15,1300.0,1360.95,1906731,FYERS_HISTORY,2026-08-08T22:59:01+05:30
2021-05-25,SMD-0009,ADANIGREEN,NSE:ADANIGREEN-EQ,1390.0,1390.0,1301.1,1314.25,1212221,FYERS_HISTORY,2026-08-08T22:59:01+05:30
2021-05-26,SMD-0009,ADANIGREEN,NSE:ADANIGREEN-EQ,1325.0,1333.9,1248.55,1264.6,1022936,FYERS_HISTORY,2026-08-08T22:59:01+05:30
2021-05-27,SMD-0009,ADANIGREEN,NSE:ADANIGREEN-EQ,1289.7,1304.9,1225.3,1266.6,2431113,FYERS_HISTORY,2026-08-08T22:59:01+05:30
2021-05-28,SMD-0009,ADANIGREEN,NSE:ADANIGREEN-EQ,1273.0,1289.0,1235.0,1238.95,747224,FYERS_HISTORY,2026-08-08T22:59:01+05:30
2021-05-31,SMD-0009,ADANIGREEN,NSE:ADANIGREEN-EQ,1260.0,1285.95,1242.25,1268.2,405540,FYERS_HISTORY,2026-08-08T22:59:01+05:30
2021-06-01,SMD-0009,ADANIGREEN,NSE:ADANIGREEN-EQ,1270.0,1280.0,1249.0,1271.05,664012,FYERS_HISTORY,2026-08-08T22:59:01+05:30
2021-06-02,SMD-0009,ADANIGREEN,NSE:ADANIGREEN-EQ,1275.0,1318.45,1275.0,1299.8,1381899,FYERS_HISTORY,2026-08-08T22:59:01+05:30
2021-06-03,SMD-0009,ADANIGREEN,NSE:ADANIGREEN-EQ,1323.0,1323.0,1281.1,1286.9,1190736,FYERS_HISTORY,2026-08-08T22:59:01+05:30
2021-06-04,SMD-0009,ADANIGREEN,NSE:ADANIGREEN-EQ,1305.2,1308.0,1271.25,1277.25,842516,FYERS_HISTORY,2026-08-08T22:59:01+05:30
2021-06-07,SMD-0009,ADANIGREEN,NSE:ADANIGREEN-EQ,1294.4,1294.4,1263.0,1264.85,647083,FYERS_HISTORY,2026-08-08T22:59:01+05:30
2021-06-08,SMD-0009,ADANIGREEN,NSE:ADANIGREEN-EQ,1278.0,1278.0,1242.5,1267.55,678122,FYERS_HISTORY,2026-08-08T22:59:01+05:30
2021-06-09,SMD-0009,ADANIGREEN,NSE:ADANIGREEN-EQ,1270.0,1270.0,1228.0,1239.15,300531,FYERS_HISTORY,2026-08-08T22:59:01+05:30
2021-06-10,SMD-0009,ADANIGREEN,NSE:ADANIGREEN-EQ,1250.0,1260.0,1208.0,1233.5,1367276,FYERS_HISTORY,2026-08-08T22:59:01+05:30
2021-06-11,SMD-0009,ADANIGREEN,NSE:ADANIGREEN-EQ,1233.0,1260.0,1189.0,1217.7,1903191,FYERS_HISTORY,2026-08-08T22:59:01+05:30
2021-06-14,SMD-0009,ADANIGREEN,NSE:ADANIGREEN-EQ,1156.85,1257.0,1156.85,1212.9,2000802,FYERS_HISTORY,2026-08-08T22:59:01+05:30
2021-06-15,SMD-0009,ADANIGREEN,NSE:ADANIGREEN-EQ,1222.0,1225.0,1162.0,1212.2,1994140,FYERS_HISTORY,2026-08-08T22:59:01+05:30
2021-06-16,SMD-0009,ADANIGREEN,NSE:ADANIGREEN-EQ,1171.05,1235.0,1162.55,1182.75,1781769,FYERS_HISTORY,2026-08-08T22:59:01+05:30
2021-06-17,SMD-0009,ADANIGREEN,NSE:ADANIGREEN-EQ,1123.65,1150.0,1123.65,1123.65,1709482,FYERS_HISTORY,2026-08-08T22:59:01+05:30
2021-06-18,SMD-0009,ADANIGREEN,NSE:ADANIGREEN-EQ,1067.5,1075.0,1067.5,1067.55,1227389,FYERS_HISTORY,2026-08-08T22:59:01+05:30
2021-06-21,SMD-0009,ADANIGREEN,NSE:ADANIGREEN-EQ,1014.2,1120.9,1014.2,1120.9,2046583,FYERS_HISTORY,2026-08-08T22:59:01+05:30
2021-06-22,SMD-0009,ADANIGREEN,NSE:ADANIGREEN-EQ,1150.0,1176.9,1141.0,1167.4,2492565,FYERS_HISTORY,2026-08-08T22:59:01+05:30
2021-06-23,SMD-0009,ADANIGREEN,NSE:ADANIGREEN-EQ,1178.0,1196.2,1115.0,1166.15,1221164,FYERS_HISTORY,2026-08-08T22:59:01+05:30
2021-06-24,SMD-0009,ADANIGREEN,NSE:ADANIGREEN-EQ,1125.0,1168.0,1110.0,1139.7,1653777,FYERS_HISTORY,2026-08-08T22:59:01+05:30
2021-06-25,SMD-0009,ADANIGREEN,NSE:ADANIGREEN-EQ,1116.95,1170.0,1090.0,1167.25,1964847,FYERS_HISTORY,2026-08-08T22:59:01+05:30
2021-06-28,SMD-0009,ADANIGREEN,NSE:ADANIGREEN-EQ,1167.25,1170.0,1111.5,1119.85,1892105,FYERS_HISTORY,2026-08-08T22:59:01+05:30
2021-06-29,SMD-0009,ADANIGREEN,NSE:ADANIGREEN-EQ,1120.0,1145.0,1100.1,1126.3,1995959,FYERS_HISTORY,2026-08-08T22:59:01+05:30
2021-06-30,SMD-0009,ADANIGREEN,NSE:ADANIGREEN-EQ,1120.0,1140.0,1101.55,1124.9,1856503,FYERS_HISTORY,2026-08-08T22:59:01+05:30
2021-07-01,SMD-0009,ADANIGREEN,NSE:ADANIGREEN-EQ,1124.9,1128.4,1068.7,1068.7,231561,FYERS_HISTORY,2026-08-08T22:59:01+05:30
2021-07-02,SMD-0009,ADANIGREEN,NSE:ADANIGREEN-EQ,1015.3,1063.0,1015.3,1015.3,151999,FYERS_HISTORY,2026-08-08T22:59:01+05:30
2021-07-05,SMD-0009,ADANIGREEN,NSE:ADANIGREEN-EQ,966.0,1000.0,964.55,964.55,163265,FYERS_HISTORY,2026-08-08T22:59:01+05:30
2021-07-06,SMD-0009,ADANIGREEN,NSE:ADANIGREEN-EQ,916.35,1012.75,916.35,1012.75,342899,FYERS_HISTORY,2026-08-08T22:59:01+05:30
2021-07-07,SMD-0009,ADANIGREEN,NSE:ADANIGREEN-EQ,1011.0,1035.0,962.15,1017.05,247291,FYERS_HISTORY,2026-08-08T22:59:01+05:30
2021-07-08,SMD-0009,ADANIGREEN,NSE:ADANIGREEN-EQ,1027.0,1060.0,1001.0,1028.65,166271,FYERS_HISTORY,2026-08-08T22:59:01+05:30
2021-07-09,SMD-0009,ADANIGREEN,NSE:ADANIGREEN-EQ,1025.0,1040.0,1001.0,1019.4,91944,FYERS_HISTORY,2026-08-08T22:59:01+05:30
2021-07-12,SMD-0009,ADANIGREEN,NSE:ADANIGREEN-EQ,1002.35,1029.0,1002.0,1004.2,61803,FYERS_HISTORY,2026-08-08T22:59:01+05:30
2021-07-13,SMD-0009,ADANIGREEN,NSE:ADANIGREEN-EQ,1014.0,1015.75,979.8,989.2,109696,FYERS_HISTORY,2026-08-08T22:59:01+05:30
2021-07-14,SMD-0009,ADANIGREEN,NSE:ADANIGREEN-EQ,1009.0,1015.0,950.0,979.7,422385,FYERS_HISTORY,2026-08-08T22:59:01+05:30
2021-07-15,SMD-0009,ADANIGREEN,NSE:ADANIGREEN-EQ,975.0,1005.0,960.0,995.8,125826,FYERS_HISTORY,2026-08-08T22:59:01+05:30
2021-07-16,SMD-0009,ADANIGREEN,NSE:ADANIGREEN-EQ,996.0,1020.0,970.0,1008.65,235508,FYERS_HISTORY,2026-08-08T22:59:01+05:30
2021-07-19,SMD-0009,ADANIGREEN,NSE:ADANIGREEN-EQ,1008.0,1008.0,970.0,979.15,114607,FYERS_HISTORY,2026-08-08T22:59:01+05:30
2021-07-20,SMD-0009,ADANIGREEN,NSE:ADANIGREEN-EQ,930.2,960.95,930.2,945.1,211121,FYERS_HISTORY,2026-08-08T22:59:01+05:30
2021-07-22,SMD-0009,ADANIGREEN,NSE:ADANIGREEN-EQ,920.0,992.35,900.0,988.25,296802,FYERS_HISTORY,2026-08-08T22:59:01+05:30
2021-07-23,SMD-0009,ADANIGREEN,NSE:ADANIGREEN-EQ,989.0,991.0,951.25,980.25,79379,FYERS_HISTORY,2026-08-08T22:59:01+05:30
2021-07-26,SMD-0009,ADANIGREEN,NSE:ADANIGREEN-EQ,975.0,975.0,935.1,942.2,95733,FYERS_HISTORY,2026-08-08T22:59:01+05:30
2021-07-27,SMD-0009,ADANIGREEN,NSE:ADANIGREEN-EQ,942.2,950.0,905.0,914.45,110537,FYERS_HISTORY,2026-08-08T22:59:01+05:30
2021-07-28,SMD-0009,ADANIGREEN,NSE:ADANIGREEN-EQ,915.5,953.0,875.0,945.65,163911,FYERS_HISTORY,2026-08-08T22:59:01+05:30
2021-07-29,SMD-0009,ADANIGREEN,NSE:ADANIGREEN-EQ,950.75,955.0,910.0,924.3,95929,FYERS_HISTORY,2026-08-08T22:59:01+05:30
2021-07-30,SMD-0009,ADANIGREEN,NSE:ADANIGREEN-EQ,930.85,935.0,878.1,882.3,238191,FYERS_HISTORY,2026-08-08T22:59:01+05:30
2021-08-02,SMD-0009,ADANIGREEN,NSE:ADANIGREEN-EQ,882.4,900.0,874.8,876.15,1113774,FYERS_HISTORY,2026-08-08T22:59:01+05:30
2021-08-03,SMD-0009,ADANIGREEN,NSE:ADANIGREEN-EQ,888.0,915.0,877.0,890.9,1372522,FYERS_HISTORY,2026-08-08T22:59:01+05:30
2021-08-04,SMD-0009,ADANIGREEN,NSE:ADANIGREEN-EQ,905.0,915.0,880.0,898.15,1317233,FYERS_HISTORY,2026-08-08T22:59:01+05:30
2021-08-05,SMD-0009,ADANIGREEN,NSE:ADANIGREEN-EQ,910.0,910.0,880.0,889.65,1447231,FYERS_HISTORY,2026-08-08T22:59:01+05:30
2021-08-06,SMD-0009,ADANIGREEN,NSE:ADANIGREEN-EQ,892.0,921.0,882.0,910.55,1079251,FYERS_HISTORY,2026-08-08T22:59:01+05:30
2021-08-09,SMD-0009,ADANIGREEN,NSE:ADANIGREEN-EQ,913.0,919.0,890.0,906.55,1809323,FYERS_HISTORY,2026-08-08T22:59:01+05:30
2021-08-10,SMD-0009,ADANIGREEN,NSE:ADANIGREEN-EQ,915.0,921.0,890.0,908.4,2775029,FYERS_HISTORY,2026-08-08T22:59:01+05:30
2021-08-11,SMD-0009,ADANIGREEN,NSE:ADANIGREEN-EQ,908.4,912.0,875.0,901.5,2606211,FYERS_HISTORY,2026-08-08T22:59:01+05:30
2021-08-12,SMD-0009,ADANIGREEN,NSE:ADANIGREEN-EQ,890.0,920.0,885.0,913.7,2615374,FYERS_HISTORY,2026-08-08T22:59:01+05:30
2021-08-13,SMD-0009,ADANIGREEN,NSE:ADANIGREEN-EQ,902.05,921.0,902.05,919.1,2478660,FYERS_HISTORY,2026-08-08T22:59:01+05:30
2021-08-16,SMD-0009,ADANIGREEN,NSE:ADANIGREEN-EQ,919.0,930.0,905.0,925.25,2532972,FYERS_HISTORY,2026-08-08T22:59:01+05:30
2021-08-17,SMD-0009,ADANIGREEN,NSE:ADANIGREEN-EQ,927.0,940.0,927.0,936.85,2111296,FYERS_HISTORY,2026-08-08T22:59:01+05:30
2021-08-18,SMD-0009,ADANIGREEN,NSE:ADANIGREEN-EQ,950.0,955.0,929.05,942.5,2934048,FYERS_HISTORY,2026-08-08T22:59:01+05:30
2021-08-20,SMD-0009,ADANIGREEN,NSE:ADANIGREEN-EQ,938.95,938.95,925.0,935.85,2465015,FYERS_HISTORY,2026-08-08T22:59:01+05:30
2021-08-23,SMD-0009,ADANIGREEN,NSE:ADANIGREEN-EQ,935.0,953.0,914.0,933.65,2179201,FYERS_HISTORY,2026-08-08T22:59:01+05:30
2021-08-24,SMD-0009,ADANIGREEN,NSE:ADANIGREEN-EQ,936.0,977.0,933.65,949.7,2838887,FYERS_HISTORY,2026-08-08T22:59:01+05:30
2021-08-25,SMD-0009,ADANIGREEN,NSE:ADANIGREEN-EQ,954.0,997.15,954.0,997.15,2263117,FYERS_HISTORY,2026-08-08T22:59:01+05:30
2021-08-26,SMD-0009,ADANIGREEN,NSE:ADANIGREEN-EQ,1040.0,1047.0,1017.1,1046.45,1686596,FYERS_HISTORY,2026-08-08T22:59:01+05:30
2021-08-27,SMD-0009,ADANIGREEN,NSE:ADANIGREEN-EQ,1050.0,1060.0,998.0,1049.1,2132213,FYERS_HISTORY,2026-08-08T22:59:01+05:30
2021-08-30,SMD-0009,ADANIGREEN,NSE:ADANIGREEN-EQ,1040.0,1063.0,1015.0,1060.35,2426934,FYERS_HISTORY,2026-08-08T22:59:01+05:30
2021-08-31,SMD-0009,ADANIGREEN,NSE:ADANIGREEN-EQ,1053.95,1100.0,1040.0,1068.35,2737522,FYERS_HISTORY,2026-08-08T22:59:01+05:30
2021-09-01,SMD-0009,ADANIGREEN,NSE:ADANIGREEN-EQ,1075.0,1098.8,1065.1,1079.8,1520928,FYERS_HISTORY,2026-08-08T22:59:01+05:30
2021-09-02,SMD-0009,ADANIGREEN,NSE:ADANIGREEN-EQ,1060.0,1090.0,1059.0,1085.35,1483278,FYERS_HISTORY,2026-08-08T22:59:01+05:30
2021-09-03,SMD-0009,ADANIGREEN,NSE:ADANIGREEN-EQ,1097.0,1097.5,1061.2,1081.35,1093470,FYERS_HISTORY,2026-08-08T22:59:01+05:30
2021-09-06,SMD-0009,ADANIGREEN,NSE:ADANIGREEN-EQ,1099.0,1135.0,1085.2,1112.75,674863,FYERS_HISTORY,2026-08-08T22:59:01+05:30
2021-09-07,SMD-0009,ADANIGREEN,NSE:ADANIGREEN-EQ,1120.0,1130.0,1080.0,1110.05,244582,FYERS_HISTORY,2026-08-08T22:59:01+05:30
2021-09-08,SMD-0009,ADANIGREEN,NSE:ADANIGREEN-EQ,1091.55,1165.55,1091.55,1158.3,742832,FYERS_HISTORY,2026-08-08T22:59:01+05:30
2021-09-09,SMD-0009,ADANIGREEN,NSE:ADANIGREEN-EQ,1170.0,1216.2,1148.5,1215.95,582097,FYERS_HISTORY,2026-08-08T22:59:01+05:30
2021-09-13,SMD-0009,ADANIGREEN,NSE:ADANIGREEN-EQ,1215.0,1219.9,1166.05,1185.2,713024,FYERS_HISTORY,2026-08-08T22:59:01+05:30
2021-09-14,SMD-0009,ADANIGREEN,NSE:ADANIGREEN-EQ,1189.0,1208.4,1133.1,1149.4,903673,FYERS_HISTORY,2026-08-08T22:59:01+05:30
2021-09-15,SMD-0009,ADANIGREEN,NSE:ADANIGREEN-EQ,1160.5,1169.0,1120.0,1126.95,568745,FYERS_HISTORY,2026-08-08T22:59:01+05:30
2021-09-16,SMD-0009,ADANIGREEN,NSE:ADANIGREEN-EQ,1137.0,1180.25,1110.45,1169.65,581390,FYERS_HISTORY,2026-08-08T22:59:01+05:30
2021-09-17,SMD-0009,ADANIGREEN,NSE:ADANIGREEN-EQ,1184.0,1184.0,1120.0,1153.25,821213,FYERS_HISTORY,2026-08-08T22:59:01+05:30
2021-09-20,SMD-0009,ADANIGREEN,NSE:ADANIGREEN-EQ,1145.95,1145.95,1112.05,1131.15,1781350,FYERS_HISTORY,2026-08-08T22:59:01+05:30
2021-09-21,SMD-0009,ADANIGREEN,NSE:ADANIGREEN-EQ,1115.0,1127.0,1097.25,1120.7,1798120,FYERS_HISTORY,2026-08-08T22:59:01+05:30
2021-09-22,SMD-0009,ADANIGREEN,NSE:ADANIGREEN-EQ,1147.4,1163.5,1127.05,1141.55,2248068,FYERS_HISTORY,2026-08-08T22:59:01+05:30
2021-09-23,SMD-0009,ADANIGREEN,NSE:ADANIGREEN-EQ,1150.0,1160.0,1118.75,1149.2,2615150,FYERS_HISTORY,2026-08-08T22:59:01+05:30
2021-09-24,SMD-0009,ADANIGREEN,NSE:ADANIGREEN-EQ,1149.2,1159.0,1125.25,1151.8,3334805,FYERS_HISTORY,2026-08-08T22:59:01+05:30
2021-09-27,SMD-0009,ADANIGREEN,NSE:ADANIGREEN-EQ,1157.0,1159.5,1127.0,1153.45,3249556,FYERS_HISTORY,2026-08-08T22:59:01+05:30
2021-09-28,SMD-0009,ADANIGREEN,NSE:ADANIGREEN-EQ,1158.0,1160.0,1132.25,1144.5,3469774,FYERS_HISTORY,2026-08-08T22:59:01+05:30
2021-09-29,SMD-0009,ADANIGREEN,NSE:ADANIGREEN-EQ,1130.0,1149.8,1111.25,1138.65,3694509,FYERS_HISTORY,2026-08-08T22:59:01+05:30
2021-09-30,SMD-0009,ADANIGREEN,NSE:ADANIGREEN-EQ,1139.0,1159.0,1125.0,1146.6,1551279,FYERS_HISTORY,2026-08-08T22:59:01+05:30
2021-10-01,SMD-0009,ADANIGREEN,NSE:ADANIGREEN-EQ,1147.95,1189.9,1146.6,1151.05,447943,FYERS_HISTORY,2026-08-08T22:59:01+05:30
2021-10-04,SMD-0009,ADANIGREEN,NSE:ADANIGREEN-EQ,1161.0,1180.0,1152.25,1176.1,278908,FYERS_HISTORY,2026-08-08T22:59:01+05:30
2021-10-05,SMD-0009,ADANIGREEN,NSE:ADANIGREEN-EQ,1203.0,1230.0,1199.3,1222.2,583547,FYERS_HISTORY,2026-08-08T22:59:01+05:30
2021-10-06,SMD-0009,ADANIGREEN,NSE:ADANIGREEN-EQ,1231.9,1264.8,1203.3,1214.6,375503,FYERS_HISTORY,2026-08-08T22:59:01+05:30
2021-10-07,SMD-0009,ADANIGREEN,NSE:ADANIGREEN-EQ,1225.0,1237.0,1202.1,1205.65,179544,FYERS_HISTORY,2026-08-08T22:59:01+05:30
2021-10-08,SMD-0009,ADANIGREEN,NSE:ADANIGREEN-EQ,1219.8,1220.0,1152.05,1176.55,174740,FYERS_HISTORY,2026-08-08T22:59:01+05:30
2021-10-11,SMD-0009,ADANIGREEN,NSE:ADANIGREEN-EQ,1199.3,1211.2,1159.0,1162.1,181216,FYERS_HISTORY,2026-08-08T22:59:01+05:30
2021-10-12,SMD-0009,ADANIGREEN,NSE:ADANIGREEN-EQ,1185.0,1220.0,1150.0,1208.35,418421,FYERS_HISTORY,2026-08-08T22:59:01+05:30
2021-10-13,SMD-0009,ADANIGREEN,NSE:ADANIGREEN-EQ,1208.35,1220.0,1180.0,1193.5,265060,FYERS_HISTORY,2026-08-08T22:59:01+05:30
2021-10-14,SMD-0009,ADANIGREEN,NSE:ADANIGREEN-EQ,1203.0,1212.25,1196.1,1206.55,250393,FYERS_HISTORY,2026-08-08T22:59:01+05:30
2021-10-18,SMD-0009,ADANIGREEN,NSE:ADANIGREEN-EQ,1221.0,1237.0,1200.1,1203.65,254046,FYERS_HISTORY,2026-08-08T22:59:01+05:30
2021-10-19,SMD-0009,ADANIGREEN,NSE:ADANIGREEN-EQ,1210.0,1214.4,1170.1,1181.35,176429,FYERS_HISTORY,2026-08-08T22:59:01+05:30
2021-10-20,SMD-0009,ADANIGREEN,NSE:ADANIGREEN-EQ,1195.0,1210.0,1122.3,1179.15,241623,FYERS_HISTORY,2026-08-08T22:59:01+05:30
2021-10-21,SMD-0009,ADANIGREEN,NSE:ADANIGREEN-EQ,1190.0,1203.95,1173.1,1198.95,271740,FYERS_HISTORY,2026-08-08T22:59:01+05:30
2021-10-22,SMD-0009,ADANIGREEN,NSE:ADANIGREEN-EQ,1200.9,1210.0,1177.0,1202.15,301252,FYERS_HISTORY,2026-08-08T22:59:01+05:30
2021-10-25,SMD-0009,ADANIGREEN,NSE:ADANIGREEN-EQ,1212.0,1212.0,1148.55,1202.4,218738,FYERS_HISTORY,2026-08-08T22:59:01+05:30
2021-10-26,SMD-0009,ADANIGREEN,NSE:ADANIGREEN-EQ,1188.0,1199.8,1172.0,1179.95,138432,FYERS_HISTORY,2026-08-08T22:59:01+05:30
2021-10-27,SMD-0009,ADANIGREEN,NSE:ADANIGREEN-EQ,1190.0,1211.0,1180.1,1206.1,381133,FYERS_HISTORY,2026-08-08T22:59:01+05:30
2021-10-28,SMD-0009,ADANIGREEN,NSE:ADANIGREEN-EQ,1204.5,1208.6,1145.8,1147.15,314777,FYERS_HISTORY,2026-08-08T22:59:01+05:30
2021-10-29,SMD-0009,ADANIGREEN,NSE:ADANIGREEN-EQ,1155.0,1189.15,1106.0,1152.85,364243,FYERS_HISTORY,2026-08-08T22:59:01+05:30
2021-11-01,SMD-0009,ADANIGREEN,NSE:ADANIGREEN-EQ,1155.0,1178.05,1141.0,1172.35,1215021,FYERS_HISTORY,2026-08-08T22:59:01+05:30
2021-11-02,SMD-0009,ADANIGREEN,NSE:ADANIGREEN-EQ,1178.0,1184.45,1135.8,1174.25,1638199,FYERS_HISTORY,2026-08-08T22:59:01+05:30
2021-11-03,SMD-0009,ADANIGREEN,NSE:ADANIGREEN-EQ,1175.0,1220.0,1162.4,1204.5,1848796,FYERS_HISTORY,2026-08-08T22:59:01+05:30
2021-11-04,SMD-0009,ADANIGREEN,NSE:ADANIGREEN-EQ,1215.0,1224.8,1195.1,1200.4,37041,FYERS_HISTORY,2026-08-08T22:59:01+05:30
2021-11-08,SMD-0009,ADANIGREEN,NSE:ADANIGREEN-EQ,1224.35,1235.0,1201.0,1226.0,1615093,FYERS_HISTORY,2026-08-08T22:59:01+05:30
2021-11-09,SMD-0009,ADANIGREEN,NSE:ADANIGREEN-EQ,1215.0,1235.0,1203.05,1230.8,2220381,FYERS_HISTORY,2026-08-08T22:59:01+05:30
2021-11-10,SMD-0009,ADANIGREEN,NSE:ADANIGREEN-EQ,1223.0,1232.4,1206.8,1228.85,1819508,FYERS_HISTORY,2026-08-08T22:59:01+05:30
2021-11-11,SMD-0009,ADANIGREEN,NSE:ADANIGREEN-EQ,1231.95,1248.0,1211.5,1230.8,1536247,FYERS_HISTORY,2026-08-08T22:59:01+05:30
2021-11-12,SMD-0009,ADANIGREEN,NSE:ADANIGREEN-EQ,1248.0,1292.3,1237.35,1292.3,1685194,FYERS_HISTORY,2026-08-08T22:59:01+05:30
2021-11-15,SMD-0009,ADANIGREEN,NSE:ADANIGREEN-EQ,1330.0,1334.0,1284.05,1305.05,1955088,FYERS_HISTORY,2026-08-08T22:59:01+05:30
2021-11-16,SMD-0009,ADANIGREEN,NSE:ADANIGREEN-EQ,1314.0,1329.0,1291.0,1314.35,2043814,FYERS_HISTORY,2026-08-08T22:59:01+05:30
2021-11-17,SMD-0009,ADANIGREEN,NSE:ADANIGREEN-EQ,1305.0,1358.3,1294.0,1313.5,2180190,FYERS_HISTORY,2026-08-08T22:59:01+05:30
2021-11-18,SMD-0009,ADANIGREEN,NSE:ADANIGREEN-EQ,1299.8,1355.0,1292.4,1345.75,2032876,FYERS_HISTORY,2026-08-08T22:59:01+05:30
2021-11-22,SMD-0009,ADANIGREEN,NSE:ADANIGREEN-EQ,1358.0,1367.9,1321.25,1340.95,2725159,FYERS_HISTORY,2026-08-08T22:59:01+05:30
2021-11-23,SMD-0009,ADANIGREEN,NSE:ADANIGREEN-EQ,1329.45,1407.95,1309.3,1407.05,3017882,FYERS_HISTORY,2026-08-08T22:59:01+05:30
2021-11-24,SMD-0009,ADANIGREEN,NSE:ADANIGREEN-EQ,1420.0,1429.0,1370.0,1391.35,3007303,FYERS_HISTORY,2026-08-08T22:59:01+05:30
2021-11-25,SMD-0009,ADANIGREEN,NSE:ADANIGREEN-EQ,1394.8,1418.7,1370.0,1405.05,1430455,FYERS_HISTORY,2026-08-08T22:59:01+05:30
2021-11-26,SMD-0009,ADANIGREEN,NSE:ADANIGREEN-EQ,1371.05,1403.9,1346.05,1372.55,1609398,FYERS_HISTORY,2026-08-08T22:59:01+05:30
2021-11-29,SMD-0009,ADANIGREEN,NSE:ADANIGREEN-EQ,1346.0,1364.8,1303.95,1352.75,424967,FYERS_HISTORY,2026-08-08T22:59:01+05:30
2021-11-30,SMD-0009,ADANIGREEN,NSE:ADANIGREEN-EQ,1349.0,1414.0,1285.15,1295.4,1651907,FYERS_HISTORY,2026-08-08T22:59:01+05:30
2021-12-01,SMD-0009,ADANIGREEN,NSE:ADANIGREEN-EQ,1235.0,1336.8,1235.0,1328.6,1225618,FYERS_HISTORY,2026-08-08T22:59:01+05:30
2021-12-02,SMD-0009,ADANIGREEN,NSE:ADANIGREEN-EQ,1338.0,1370.0,1317.0,1341.6,454785,FYERS_HISTORY,2026-08-08T22:59:01+05:30
2021-12-03,SMD-0009,ADANIGREEN,NSE:ADANIGREEN-EQ,1349.45,1395.95,1341.85,1389.65,921744,FYERS_HISTORY,2026-08-08T22:59:01+05:30
2021-12-06,SMD-0009,ADANIGREEN,NSE:ADANIGREEN-EQ,1398.3,1415.0,1360.1,1378.7,516587,FYERS_HISTORY,2026-08-08T22:59:01+05:30
2021-12-07,SMD-0009,ADANIGREEN,NSE:ADANIGREEN-EQ,1398.0,1414.0,1371.0,1389.7,796718,FYERS_HISTORY,2026-08-08T22:59:01+05:30
2021-12-08,SMD-0009,ADANIGREEN,NSE:ADANIGREEN-EQ,1368.05,1409.0,1368.05,1390.5,727977,FYERS_HISTORY,2026-08-08T22:59:01+05:30
2021-12-09,SMD-0009,ADANIGREEN,NSE:ADANIGREEN-EQ,1400.0,1410.0,1381.0,1390.1,668010,FYERS_HISTORY,2026-08-08T22:59:01+05:30
2021-12-10,SMD-0009,ADANIGREEN,NSE:ADANIGREEN-EQ,1395.0,1410.0,1381.35,1388.9,757777,FYERS_HISTORY,2026-08-08T22:59:01+05:30
2021-12-13,SMD-0009,ADANIGREEN,NSE:ADANIGREEN-EQ,1430.0,1474.85,1365.4,1385.95,1184987,FYERS_HISTORY,2026-08-08T22:59:01+05:30
2021-12-14,SMD-0009,ADANIGREEN,NSE:ADANIGREEN-EQ,1388.0,1454.85,1388.0,1436.35,949575,FYERS_HISTORY,2026-08-08T22:59:01+05:30
2021-12-15,SMD-0009,ADANIGREEN,NSE:ADANIGREEN-EQ,1450.0,1468.65,1425.35,1439.25,457324,FYERS_HISTORY,2026-08-08T22:59:01+05:30
2021-12-16,SMD-0009,ADANIGREEN,NSE:ADANIGREEN-EQ,1458.0,1469.0,1395.2,1402.25,508315,FYERS_HISTORY,2026-08-08T22:59:01+05:30
2021-12-17,SMD-0009,ADANIGREEN,NSE:ADANIGREEN-EQ,1405.0,1428.45,1375.0,1413.25,1210610,FYERS_HISTORY,2026-08-08T22:59:01+05:30
2021-12-20,SMD-0009,ADANIGREEN,NSE:ADANIGREEN-EQ,1410.0,1410.0,1322.55,1369.5,608784,FYERS_HISTORY,2026-08-08T22:59:01+05:30
2021-12-21,SMD-0009,ADANIGREEN,NSE:ADANIGREEN-EQ,1385.0,1406.45,1377.05,1383.15,653263,FYERS_HISTORY,2026-08-08T22:59:01+05:30
2021-12-22,SMD-0009,ADANIGREEN,NSE:ADANIGREEN-EQ,1396.1,1410.0,1375.0,1403.1,663073,FYERS_HISTORY,2026-08-08T22:59:01+05:30
2021-12-23,SMD-0009,ADANIGREEN,NSE:ADANIGREEN-EQ,1424.0,1439.75,1389.1,1422.05,380538,FYERS_HISTORY,2026-08-08T22:59:01+05:30
2021-12-24,SMD-0009,ADANIGREEN,NSE:ADANIGREEN-EQ,1425.0,1429.65,1380.1,1385.4,674141,FYERS_HISTORY,2026-08-08T22:59:01+05:30
2021-12-27,SMD-0009,ADANIGREEN,NSE:ADANIGREEN-EQ,1388.9,1392.65,1370.45,1375.5,443450,FYERS_HISTORY,2026-08-08T22:59:01+05:30
2021-12-28,SMD-0009,ADANIGREEN,NSE:ADANIGREEN-EQ,1386.0,1403.85,1381.75,1398.8,525392,FYERS_HISTORY,2026-08-08T22:59:01+05:30
2021-12-29,SMD-0009,ADANIGREEN,NSE:ADANIGREEN-EQ,1398.5,1407.35,1382.6,1392.65,304195,FYERS_HISTORY,2026-08-08T22:59:01+05:30
2021-12-30,SMD-0009,ADANIGREEN,NSE:ADANIGREEN-EQ,1385.05,1396.85,1295.0,1311.05,866537,FYERS_HISTORY,2026-08-08T22:59:01+05:30
2021-12-31,SMD-0009,ADANIGREEN,NSE:ADANIGREEN-EQ,1325.1,1340.8,1311.05,1330.25,235438,FYERS_HISTORY,2026-08-08T22:59:01+05:30
2022-01-03,SMD-0009,ADANIGREEN,NSE:ADANIGREEN-EQ,1340.0,1356.2,1336.9,1346.9,130549,FYERS_HISTORY,2026-08-08T22:59:01+05:30
2022-01-04,SMD-0009,ADANIGREEN,NSE:ADANIGREEN-EQ,1357.0,1375.0,1340.0,1366.7,192988,FYERS_HISTORY,2026-08-08T22:59:01+05:30
2022-01-05,SMD-0009,ADANIGREEN,NSE:ADANIGREEN-EQ,1366.7,1408.3,1366.7,1399.65,394705,FYERS_HISTORY,2026-08-08T22:59:01+05:30
2022-01-06,SMD-0009,ADANIGREEN,NSE:ADANIGREEN-EQ,1400.0,1419.8,1379.65,1409.8,212678,FYERS_HISTORY,2026-08-08T22:59:01+05:30
2022-01-07,SMD-0009,ADANIGREEN,NSE:ADANIGREEN-EQ,1427.8,1429.0,1403.0,1423.1,285809,FYERS_HISTORY,2026-08-08T22:59:01+05:30
2022-01-10,SMD-0009,ADANIGREEN,NSE:ADANIGREEN-EQ,1405.0,1453.0,1405.0,1438.9,275337,FYERS_HISTORY,2026-08-08T22:59:01+05:30
2022-01-11,SMD-0009,ADANIGREEN,NSE:ADANIGREEN-EQ,1448.0,1582.75,1432.0,1567.95,1351146,FYERS_HISTORY,2026-08-08T22:59:01+05:30
2022-01-12,SMD-0009,ADANIGREEN,NSE:ADANIGREEN-EQ,1599.0,1667.0,1567.0,1647.55,2070560,FYERS_HISTORY,2026-08-08T22:59:01+05:30
2022-01-13,SMD-0009,ADANIGREEN,NSE:ADANIGREEN-EQ,1650.0,1684.4,1588.0,1661.8,940202,FYERS_HISTORY,2026-08-08T22:59:01+05:30
2022-01-14,SMD-0009,ADANIGREEN,NSE:ADANIGREEN-EQ,1657.0,1720.5,1637.05,1697.95,656706,FYERS_HISTORY,2026-08-08T22:59:01+05:30
2022-01-17,SMD-0009,ADANIGREEN,NSE:ADANIGREEN-EQ,1706.45,1854.0,1698.4,1835.3,1670969,FYERS_HISTORY,2026-08-08T22:59:01+05:30
2022-01-18,SMD-0009,ADANIGREEN,NSE:ADANIGREEN-EQ,1850.0,1923.9,1828.5,1900.1,1797857,FYERS_HISTORY,2026-08-08T22:59:01+05:30
2022-01-19,SMD-0009,ADANIGREEN,NSE:ADANIGREEN-EQ,1930.0,1950.0,1905.05,1938.45,1100995,FYERS_HISTORY,2026-08-08T22:59:01+05:30
2022-01-20,SMD-0009,ADANIGREEN,NSE:ADANIGREEN-EQ,1948.15,1979.3,1945.0,1966.7,644709,FYERS_HISTORY,2026-08-08T22:59:01+05:30
2022-01-21,SMD-0009,ADANIGREEN,NSE:ADANIGREEN-EQ,1973.0,1986.75,1875.0,1934.55,827055,FYERS_HISTORY,2026-08-08T22:59:01+05:30
2022-01-24,SMD-0009,ADANIGREEN,NSE:ADANIGREEN-EQ,1946.25,1946.25,1837.85,1837.85,449371,FYERS_HISTORY,2026-08-08T22:59:01+05:30
2022-01-25,SMD-0009,ADANIGREEN,NSE:ADANIGREEN-EQ,1782.7,1929.7,1746.0,1929.0,620114,FYERS_HISTORY,2026-08-08T22:59:01+05:30
2022-01-27,SMD-0009,ADANIGREEN,NSE:ADANIGREEN-EQ,1900.0,1964.7,1885.05,1910.25,379757,FYERS_HISTORY,2026-08-08T22:59:01+05:30
2022-01-28,SMD-0009,ADANIGREEN,NSE:ADANIGREEN-EQ,1945.0,1957.0,1904.95,1938.4,352835,FYERS_HISTORY,2026-08-08T22:59:01+05:30
2022-01-31,SMD-0009,ADANIGREEN,NSE:ADANIGREEN-EQ,1957.0,1964.9,1863.9,1877.85,297221,FYERS_HISTORY,2026-08-08T22:59:01+05:30
2022-02-01,SMD-0009,ADANIGREEN,NSE:ADANIGREEN-EQ,1928.0,1959.0,1883.0,1904.0,492309,FYERS_HISTORY,2026-08-08T22:59:01+05:30
2022-02-02,SMD-0009,ADANIGREEN,NSE:ADANIGREEN-EQ,1919.2,1939.25,1870.0,1916.3,258926,FYERS_HISTORY,2026-08-08T22:59:01+05:30
2022-02-03,SMD-0009,ADANIGREEN,NSE:ADANIGREEN-EQ,1915.0,1925.0,1881.0,1912.55,242268,FYERS_HISTORY,2026-08-08T22:59:01+05:30
2022-02-04,SMD-0009,ADANIGREEN,NSE:ADANIGREEN-EQ,1912.55,1958.5,1902.45,1950.35,296479,FYERS_HISTORY,2026-08-08T22:59:01+05:30
2022-02-07,SMD-0009,ADANIGREEN,NSE:ADANIGREEN-EQ,1970.0,2051.2,1966.05,2024.65,470440,FYERS_HISTORY,2026-08-08T22:59:01+05:30
2022-02-08,SMD-0009,ADANIGREEN,NSE:ADANIGREEN-EQ,2035.0,2050.0,1856.0,1928.0,561637,FYERS_HISTORY,2026-08-08T22:59:01+05:30
2022-02-09,SMD-0009,ADANIGREEN,NSE:ADANIGREEN-EQ,1932.2,1941.5,1891.55,1919.8,348096,FYERS_HISTORY,2026-08-08T22:59:01+05:30
2022-02-10,SMD-0009,ADANIGREEN,NSE:ADANIGREEN-EQ,1929.0,1945.0,1888.0,1907.95,555955,FYERS_HISTORY,2026-08-08T22:59:01+05:30
2022-02-11,SMD-0009,ADANIGREEN,NSE:ADANIGREEN-EQ,1915.6,1917.35,1875.0,1907.6,397431,FYERS_HISTORY,2026-08-08T22:59:01+05:30
2022-02-14,SMD-0009,ADANIGREEN,NSE:ADANIGREEN-EQ,1875.0,1895.0,1804.85,1862.15,402089,FYERS_HISTORY,2026-08-08T22:59:01+05:30
2022-02-15,SMD-0009,ADANIGREEN,NSE:ADANIGREEN-EQ,1852.5,1903.95,1780.0,1889.5,410317,FYERS_HISTORY,2026-08-08T22:59:01+05:30
2022-02-16,SMD-0009,ADANIGREEN,NSE:ADANIGREEN-EQ,1915.0,1969.0,1894.25,1931.75,659937,FYERS_HISTORY,2026-08-08T22:59:01+05:30
2022-02-17,SMD-0009,ADANIGREEN,NSE:ADANIGREEN-EQ,1950.0,2094.8,1933.25,2047.6,1665839,FYERS_HISTORY,2026-08-08T22:59:01+05:30
2022-02-18,SMD-0009,ADANIGREEN,NSE:ADANIGREEN-EQ,2060.0,2125.0,2001.0,2041.85,1134090,FYERS_HISTORY,2026-08-08T22:59:01+05:30
2022-02-21,SMD-0009,ADANIGREEN,NSE:ADANIGREEN-EQ,2041.0,2041.0,1941.0,1955.9,466499,FYERS_HISTORY,2026-08-08T22:59:01+05:30
2022-02-22,SMD-0009,ADANIGREEN,NSE:ADANIGREEN-EQ,1850.0,1994.8,1850.0,1971.95,1159269,FYERS_HISTORY,2026-08-08T22:59:01+05:30
2022-02-23,SMD-0009,ADANIGREEN,NSE:ADANIGREEN-EQ,1982.0,2053.15,1971.0,1987.35,770250,FYERS_HISTORY,2026-08-08T22:59:01+05:30
2022-02-24,SMD-0009,ADANIGREEN,NSE:ADANIGREEN-EQ,1899.0,1924.0,1800.0,1849.75,1036033,FYERS_HISTORY,2026-08-08T22:59:01+05:30
2022-02-25,SMD-0009,ADANIGREEN,NSE:ADANIGREEN-EQ,1875.0,1956.0,1875.0,1923.5,644994,FYERS_HISTORY,2026-08-08T22:59:01+05:30
2022-02-28,SMD-0009,ADANIGREEN,NSE:ADANIGREEN-EQ,1899.9,1924.0,1831.0,1843.4,1899148,FYERS_HISTORY,2026-08-08T22:59:01+05:30
2022-03-02,SMD-0009,ADANIGREEN,NSE:ADANIGREEN-EQ,1806.0,1899.0,1800.05,1882.55,977410,FYERS_HISTORY,2026-08-08T22:59:01+05:30
2022-03-03,SMD-0009,ADANIGREEN,NSE:ADANIGREEN-EQ,1930.0,1997.0,1916.2,1950.9,1175563,FYERS_HISTORY,2026-08-08T22:59:01+05:30
2022-03-04,SMD-0009,ADANIGREEN,NSE:ADANIGREEN-EQ,1947.9,1950.0,1885.0,1894.3,646859,FYERS_HISTORY,2026-08-08T22:59:01+05:30
2022-03-07,SMD-0009,ADANIGREEN,NSE:ADANIGREEN-EQ,1850.0,1879.5,1784.1,1803.75,636784,FYERS_HISTORY,2026-08-08T22:59:01+05:30
2022-03-08,SMD-0009,ADANIGREEN,NSE:ADANIGREEN-EQ,1849.65,1873.75,1751.0,1783.95,844346,FYERS_HISTORY,2026-08-08T22:59:01+05:30
2022-03-09,SMD-0009,ADANIGREEN,NSE:ADANIGREEN-EQ,1825.0,1849.0,1810.0,1828.75,525645,FYERS_HISTORY,2026-08-08T22:59:01+05:30
2022-03-10,SMD-0009,ADANIGREEN,NSE:ADANIGREEN-EQ,1864.7,1915.0,1853.2,1881.85,657959,FYERS_HISTORY,2026-08-08T22:59:01+05:30
2022-03-11,SMD-0009,ADANIGREEN,NSE:ADANIGREEN-EQ,1897.9,1897.9,1850.25,1860.05,382512,FYERS_HISTORY,2026-08-08T22:59:01+05:30
2022-03-14,SMD-0009,ADANIGREEN,NSE:ADANIGREEN-EQ,1860.05,1872.85,1801.25,1822.4,362116,FYERS_HISTORY,2026-08-08T22:59:01+05:30
2022-03-15,SMD-0009,ADANIGREEN,NSE:ADANIGREEN-EQ,1840.7,1850.0,1785.0,1798.75,396469,FYERS_HISTORY,2026-08-08T22:59:01+05:30
2022-03-16,SMD-0009,ADANIGREEN,NSE:ADANIGREEN-EQ,1835.0,1843.0,1810.8,1833.65,315891,FYERS_HISTORY,2026-08-08T22:59:01+05:30
2022-03-17,SMD-0009,ADANIGREEN,NSE:ADANIGREEN-EQ,1870.0,1950.0,1825.7,1901.2,1137281,FYERS_HISTORY,2026-08-08T22:59:01+05:30
2022-03-21,SMD-0009,ADANIGREEN,NSE:ADANIGREEN-EQ,1939.8,1948.0,1863.5,1876.05,546502,FYERS_HISTORY,2026-08-08T22:59:01+05:30
2022-03-22,SMD-0009,ADANIGREEN,NSE:ADANIGREEN-EQ,1860.0,1905.0,1855.0,1877.45,337757,FYERS_HISTORY,2026-08-08T22:59:01+05:30
2022-03-23,SMD-0009,ADANIGREEN,NSE:ADANIGREEN-EQ,1884.4,1941.9,1877.5,1921.4,834792,FYERS_HISTORY,2026-08-08T22:59:01+05:30
2022-03-24,SMD-0009,ADANIGREEN,NSE:ADANIGREEN-EQ,1887.0,1924.0,1887.0,1911.4,477913,FYERS_HISTORY,2026-08-08T22:59:01+05:30
2022-03-25,SMD-0009,ADANIGREEN,NSE:ADANIGREEN-EQ,1928.5,1947.4,1895.0,1921.25,579479,FYERS_HISTORY,2026-08-08T22:59:01+05:30
2022-03-28,SMD-0009,ADANIGREEN,NSE:ADANIGREEN-EQ,1932.95,1940.65,1895.45,1930.85,746161,FYERS_HISTORY,2026-08-08T22:59:01+05:30
2022-03-29,SMD-0009,ADANIGREEN,NSE:ADANIGREEN-EQ,1935.2,1947.0,1904.0,1923.3,481913,FYERS_HISTORY,2026-08-08T22:59:01+05:30
2022-03-30,SMD-0009,ADANIGREEN,NSE:ADANIGREEN-EQ,1936.0,2039.8,1776.25,1857.15,2316424,FYERS_HISTORY,2026-08-08T22:59:01+05:30
2022-03-31,SMD-0009,ADANIGREEN,NSE:ADANIGREEN-EQ,1890.0,1940.0,1876.25,1914.7,1144220,FYERS_HISTORY,2026-08-08T22:59:01+05:30
2022-04-01,SMD-0009,ADANIGREEN,NSE:ADANIGREEN-EQ,1935.55,1965.45,1907.2,1945.1,1015269,FYERS_HISTORY,2026-08-08T22:59:01+05:30
2022-04-04,SMD-0009,ADANIGREEN,NSE:ADANIGREEN-EQ,1978.0,2139.6,1941.25,2110.45,1898588,FYERS_HISTORY,2026-08-08T22:59:01+05:30
2022-04-05,SMD-0009,ADANIGREEN,NSE:ADANIGREEN-EQ,2152.7,2209.95,2122.0,2189.8,2206673,FYERS_HISTORY,2026-08-08T22:59:01+05:30
2022-04-06,SMD-0009,ADANIGREEN,NSE:ADANIGREEN-EQ,2210.0,2250.0,2158.0,2197.4,1558568,FYERS_HISTORY,2026-08-08T22:59:01+05:30
2022-04-07,SMD-0009,ADANIGREEN,NSE:ADANIGREEN-EQ,2218.0,2329.75,2084.85,2166.0,2665993,FYERS_HISTORY,2026-08-08T22:59:01+05:30
2022-04-08,SMD-0009,ADANIGREEN,NSE:ADANIGREEN-EQ,2230.0,2368.9,2211.1,2321.85,2497727,FYERS_HISTORY,2026-08-08T22:59:01+05:30
2022-04-11,SMD-0009,ADANIGREEN,NSE:ADANIGREEN-EQ,2415.0,2786.2,2390.0,2665.15,4757168,FYERS_HISTORY,2026-08-08T22:59:01+05:30
2022-04-12,SMD-0009,ADANIGREEN,NSE:ADANIGREEN-EQ,2840.0,2955.0,2725.5,2792.4,7836658,FYERS_HISTORY,2026-08-08T22:59:01+05:30
2022-04-13,SMD-0009,ADANIGREEN,NSE:ADANIGREEN-EQ,2880.0,2950.0,2775.4,2864.3,2316844,FYERS_HISTORY,2026-08-08T22:59:01+05:30
2022-04-18,SMD-0009,ADANIGREEN,NSE:ADANIGREEN-EQ,2850.0,3011.9,2652.0,2970.5,2419364,FYERS_HISTORY,2026-08-08T22:59:01+05:30
2022-04-19,SMD-0009,ADANIGREEN,NSE:ADANIGREEN-EQ,3035.0,3050.0,2750.0,2911.95,2529522,FYERS_HISTORY,2026-08-08T22:59:01+05:30
2022-04-20,SMD-0009,ADANIGREEN,NSE:ADANIGREEN-EQ,2966.55,2990.05,2762.3,2810.85,1065499,FYERS_HISTORY,2026-08-08T22:59:01+05:30
2022-04-21,SMD-0009,ADANIGREEN,NSE:ADANIGREEN-EQ,2859.0,2870.0,2750.0,2811.5,1122487,FYERS_HISTORY,2026-08-08T22:59:01+05:30
2022-04-22,SMD-0009,ADANIGREEN,NSE:ADANIGREEN-EQ,2830.0,2979.5,2810.0,2882.8,7604326,FYERS_HISTORY,2026-08-08T22:59:01+05:30
2022-04-25,SMD-0009,ADANIGREEN,NSE:ADANIGREEN-EQ,2825.15,2858.8,2800.0,2824.0,682910,FYERS_HISTORY,2026-08-08T22:59:01+05:30
2022-04-26,SMD-0009,ADANIGREEN,NSE:ADANIGREEN-EQ,2861.0,2976.0,2850.0,2952.45,1401444,FYERS_HISTORY,2026-08-08T22:59:01+05:30
2022-04-27,SMD-0009,ADANIGREEN,NSE:ADANIGREEN-EQ,2955.0,2955.0,2821.5,2841.65,982473,FYERS_HISTORY,2026-08-08T22:59:01+05:30
2022-04-28,SMD-0009,ADANIGREEN,NSE:ADANIGREEN-EQ,2897.8,2945.85,2832.2,2912.2,887135,FYERS_HISTORY,2026-08-08T22:59:01+05:30
2022-04-29,SMD-0009,ADANIGREEN,NSE:ADANIGREEN-EQ,2935.0,3000.0,2844.8,2882.8,1101232,FYERS_HISTORY,2026-08-08T22:59:01+05:30
2022-05-02,SMD-0009,ADANIGREEN,NSE:ADANIGREEN-EQ,2860.0,2895.0,2809.0,2830.35,374592,FYERS_HISTORY,2026-08-08T22:59:01+05:30
2022-05-04,SMD-0009,ADANIGREEN,NSE:ADANIGREEN-EQ,2800.0,2800.0,2628.55,2671.35,862120,FYERS_HISTORY,2026-08-08T22:59:01+05:30
2022-05-05,SMD-0009,ADANIGREEN,NSE:ADANIGREEN-EQ,2744.0,2890.0,2725.0,2845.9,865154,FYERS_HISTORY,2026-08-08T22:59:01+05:30
2022-05-06,SMD-0009,ADANIGREEN,NSE:ADANIGREEN-EQ,2813.9,2955.0,2740.0,2874.8,910667,FYERS_HISTORY,2026-08-08T22:59:01+05:30
2022-05-09,SMD-0009,ADANIGREEN,NSE:ADANIGREEN-EQ,2805.1,2840.0,2675.0,2706.4,581855,FYERS_HISTORY,2026-08-08T22:59:01+05:30
2022-05-10,SMD-0009,ADANIGREEN,NSE:ADANIGREEN-EQ,2696.0,2739.4,2461.05,2486.7,818487,FYERS_HISTORY,2026-08-08T22:59:01+05:30
2022-05-11,SMD-0009,ADANIGREEN,NSE:ADANIGREEN-EQ,2535.0,2710.0,2486.7,2648.05,1287498,FYERS_HISTORY,2026-08-08T22:59:01+05:30
2022-05-12,SMD-0009,ADANIGREEN,NSE:ADANIGREEN-EQ,2700.0,2720.0,2402.0,2436.8,890166,FYERS_HISTORY,2026-08-08T22:59:01+05:30
2022-05-13,SMD-0009,ADANIGREEN,NSE:ADANIGREEN-EQ,2436.0,2545.0,2105.55,2171.55,1722448,FYERS_HISTORY,2026-08-08T22:59:01+05:30
2022-05-16,SMD-0009,ADANIGREEN,NSE:ADANIGREEN-EQ,2234.0,2349.9,2220.0,2281.7,1085417,FYERS_HISTORY,2026-08-08T22:59:01+05:30
2022-05-17,SMD-0009,ADANIGREEN,NSE:ADANIGREEN-EQ,2356.0,2360.0,2211.0,2285.8,966040,FYERS_HISTORY,2026-08-08T22:59:01+05:30
2022-05-18,SMD-0009,ADANIGREEN,NSE:ADANIGREEN-EQ,2332.0,2437.0,2287.0,2396.1,1603590,FYERS_HISTORY,2026-08-08T22:59:01+05:30
2022-05-19,SMD-0009,ADANIGREEN,NSE:ADANIGREEN-EQ,2315.0,2345.0,2268.25,2317.5,698975,FYERS_HISTORY,2026-08-08T22:59:01+05:30
2022-05-20,SMD-0009,ADANIGREEN,NSE:ADANIGREEN-EQ,2388.0,2409.75,2257.0,2273.65,1325446,FYERS_HISTORY,2026-08-08T22:59:01+05:30
2022-05-23,SMD-0009,ADANIGREEN,NSE:ADANIGREEN-EQ,2299.0,2324.9,2231.05,2248.35,633157,FYERS_HISTORY,2026-08-08T22:59:01+05:30
2022-05-24,SMD-0009,ADANIGREEN,NSE:ADANIGREEN-EQ,2269.0,2274.75,2114.0,2136.3,868519,FYERS_HISTORY,2026-08-08T22:59:01+05:30
2022-05-25,SMD-0009,ADANIGREEN,NSE:ADANIGREEN-EQ,2171.0,2245.0,2132.0,2187.35,1366317,FYERS_HISTORY,2026-08-08T22:59:01+05:30
2022-05-26,SMD-0009,ADANIGREEN,NSE:ADANIGREEN-EQ,2212.0,2229.9,2035.0,2164.0,1651419,FYERS_HISTORY,2026-08-08T22:59:01+05:30
2022-05-27,SMD-0009,ADANIGREEN,NSE:ADANIGREEN-EQ,2217.0,2219.0,2140.0,2166.45,664373,FYERS_HISTORY,2026-08-08T22:59:01+05:30
2022-05-30,SMD-0009,ADANIGREEN,NSE:ADANIGREEN-EQ,2189.0,2216.95,2125.75,2151.65,750092,FYERS_HISTORY,2026-08-08T22:59:01+05:30
2022-05-31,SMD-0009,ADANIGREEN,NSE:ADANIGREEN-EQ,2140.0,2140.0,1833.1,1888.95,14897503,FYERS_HISTORY,2026-08-08T22:59:01+05:30
2022-06-01,SMD-0009,ADANIGREEN,NSE:ADANIGREEN-EQ,1828.95,1889.85,1776.0,1848.4,4813035,FYERS_HISTORY,2026-08-08T22:59:01+05:30
2022-06-02,SMD-0009,ADANIGREEN,NSE:ADANIGREEN-EQ,1825.0,1950.0,1825.0,1925.8,4258034,FYERS_HISTORY,2026-08-08T22:59:01+05:30
2022-06-03,SMD-0009,ADANIGREEN,NSE:ADANIGREEN-EQ,1960.8,1988.0,1830.1,1855.9,3557798,FYERS_HISTORY,2026-08-08T22:59:01+05:30
2022-06-06,SMD-0009,ADANIGREEN,NSE:ADANIGREEN-EQ,1853.0,1853.0,1790.0,1802.35,1727155,FYERS_HISTORY,2026-08-08T22:59:01+05:30
2022-06-07,SMD-0009,ADANIGREEN,NSE:ADANIGREEN-EQ,1804.0,1873.45,1776.8,1829.25,2860643,FYERS_HISTORY,2026-08-08T22:59:01+05:30
2022-06-08,SMD-0009,ADANIGREEN,NSE:ADANIGREEN-EQ,1848.7,1858.85,1795.0,1801.9,1569422,FYERS_HISTORY,2026-08-08T22:59:01+05:30
2022-06-09,SMD-0009,ADANIGREEN,NSE:ADANIGREEN-EQ,1809.0,1837.0,1790.3,1812.65,1426447,FYERS_HISTORY,2026-08-08T22:59:01+05:30
2022-06-10,SMD-0009,ADANIGREEN,NSE:ADANIGREEN-EQ,1796.0,1814.85,1726.0,1757.6,1957093,FYERS_HISTORY,2026-08-08T22:59:01+05:30
2022-06-13,SMD-0009,ADANIGREEN,NSE:ADANIGREEN-EQ,1728.75,1840.0,1703.55,1798.7,2486948,FYERS_HISTORY,2026-08-08T22:59:01+05:30
2022-06-14,SMD-0009,ADANIGREEN,NSE:ADANIGREEN-EQ,1790.0,1834.8,1756.05,1788.75,1561899,FYERS_HISTORY,2026-08-08T22:59:01+05:30
2022-06-15,SMD-0009,ADANIGREEN,NSE:ADANIGREEN-EQ,1819.8,1822.0,1751.0,1757.85,1493285,FYERS_HISTORY,2026-08-08T22:59:01+05:30
2022-06-16,SMD-0009,ADANIGREEN,NSE:ADANIGREEN-EQ,1787.0,1805.0,1680.05,1711.1,2137604,FYERS_HISTORY,2026-08-08T22:59:01+05:30
2022-06-17,SMD-0009,ADANIGREEN,NSE:ADANIGREEN-EQ,1681.0,1784.0,1650.2,1711.25,2595892,FYERS_HISTORY,2026-08-08T22:59:01+05:30
2022-06-20,SMD-0009,ADANIGREEN,NSE:ADANIGREEN-EQ,1708.3,1764.0,1677.05,1743.65,1562891,FYERS_HISTORY,2026-08-08T22:59:01+05:30
2022-06-21,SMD-0009,ADANIGREEN,NSE:ADANIGREEN-EQ,1760.0,1834.0,1722.0,1809.1,1280817,FYERS_HISTORY,2026-08-08T22:59:01+05:30
2022-06-22,SMD-0009,ADANIGREEN,NSE:ADANIGREEN-EQ,1779.1,1793.6,1720.05,1736.1,1277913,FYERS_HISTORY,2026-08-08T22:59:01+05:30
2022-06-23,SMD-0009,ADANIGREEN,NSE:ADANIGREEN-EQ,1750.0,1809.9,1732.0,1796.75,1485891,FYERS_HISTORY,2026-08-08T22:59:01+05:30
2022-06-24,SMD-0009,ADANIGREEN,NSE:ADANIGREEN-EQ,1810.0,1867.5,1802.55,1857.6,1722411,FYERS_HISTORY,2026-08-08T22:59:01+05:30
2022-06-27,SMD-0009,ADANIGREEN,NSE:ADANIGREEN-EQ,1880.0,1925.0,1875.05,1917.65,1251839,FYERS_HISTORY,2026-08-08T22:59:01+05:30
2022-06-28,SMD-0009,ADANIGREEN,NSE:ADANIGREEN-EQ,1909.0,1920.0,1871.1,1909.85,959332,FYERS_HISTORY,2026-08-08T22:59:01+05:30
2022-06-29,SMD-0009,ADANIGREEN,NSE:ADANIGREEN-EQ,1880.05,1946.65,1861.25,1901.7,1235652,FYERS_HISTORY,2026-08-08T22:59:01+05:30
2022-06-30,SMD-0009,ADANIGREEN,NSE:ADANIGREEN-EQ,1908.0,1938.0,1901.85,1929.6,1117021,FYERS_HISTORY,2026-08-08T22:59:01+05:30
2022-07-01,SMD-0009,ADANIGREEN,NSE:ADANIGREEN-EQ,1928.0,1978.9,1902.0,1963.65,1206875,FYERS_HISTORY,2026-08-08T22:59:01+05:30
2022-07-04,SMD-0009,ADANIGREEN,NSE:ADANIGREEN-EQ,1979.7,1989.9,1860.1,1883.6,1093460,FYERS_HISTORY,2026-08-08T22:59:01+05:30
2022-07-05,SMD-0009,ADANIGREEN,NSE:ADANIGREEN-EQ,1915.0,1915.0,1861.4,1876.4,651046,FYERS_HISTORY,2026-08-08T22:59:01+05:30
2022-07-06,SMD-0009,ADANIGREEN,NSE:ADANIGREEN-EQ,1876.0,1909.0,1870.0,1903.7,497249,FYERS_HISTORY,2026-08-08T22:59:01+05:30
2022-07-07,SMD-0009,ADANIGREEN,NSE:ADANIGREEN-EQ,1920.2,1929.6,1892.55,1909.7,364922,FYERS_HISTORY,2026-08-08T22:59:01+05:30
2022-07-08,SMD-0009,ADANIGREEN,NSE:ADANIGREEN-EQ,1926.7,1927.0,1893.0,1921.0,392347,FYERS_HISTORY,2026-08-08T22:59:01+05:30
2022-07-11,SMD-0009,ADANIGREEN,NSE:ADANIGREEN-EQ,1918.5,2263.65,1910.8,2207.35,7833061,FYERS_HISTORY,2026-08-08T22:59:01+05:30
2022-07-12,SMD-0009,ADANIGREEN,NSE:ADANIGREEN-EQ,2229.95,2374.0,2224.15,2294.75,8095252,FYERS_HISTORY,2026-08-08T22:59:01+05:30
2022-07-13,SMD-0009,ADANIGREEN,NSE:ADANIGREEN-EQ,2328.0,2384.0,2085.0,2104.75,6661674,FYERS_HISTORY,2026-08-08T22:59:01+05:30
2022-07-14,SMD-0009,ADANIGREEN,NSE:ADANIGREEN-EQ,2160.0,2188.0,1931.0,2087.0,8953549,FYERS_HISTORY,2026-08-08T22:59:01+05:30
2022-07-15,SMD-0009,ADANIGREEN,NSE:ADANIGREEN-EQ,2115.05,2175.0,2024.2,2072.65,16301850,FYERS_HISTORY,2026-08-08T22:59:01+05:30
2022-07-18,SMD-0009,ADANIGREEN,NSE:ADANIGREEN-EQ,2104.7,2132.6,2072.65,2093.25,3663774,FYERS_HISTORY,2026-08-08T22:59:01+05:30
2022-07-19,SMD-0009,ADANIGREEN,NSE:ADANIGREEN-EQ,2074.0,2118.0,2070.55,2109.0,2034492,FYERS_HISTORY,2026-08-08T22:59:01+05:30
2022-07-20,SMD-0009,ADANIGREEN,NSE:ADANIGREEN-EQ,2134.85,2146.0,2056.0,2084.3,1925776,FYERS_HISTORY,2026-08-08T22:59:01+05:30
2022-07-21,SMD-0009,ADANIGREEN,NSE:ADANIGREEN-EQ,2091.0,2127.0,2063.15,2109.75,1538537,FYERS_HISTORY,2026-08-08T22:59:01+05:30
2022-07-22,SMD-0009,ADANIGREEN,NSE:ADANIGREEN-EQ,2125.0,2134.0,2095.1,2120.45,1403033,FYERS_HISTORY,2026-08-08T22:59:01+05:30
2022-07-25,SMD-0009,ADANIGREEN,NSE:ADANIGREEN-EQ,2124.85,2160.0,2115.75,2137.6,1166283,FYERS_HISTORY,2026-08-08T22:59:01+05:30
2022-07-26,SMD-0009,ADANIGREEN,NSE:ADANIGREEN-EQ,2144.0,2148.0,2085.25,2103.65,1105230,FYERS_HISTORY,2026-08-08T22:59:01+05:30
2022-07-27,SMD-0009,ADANIGREEN,NSE:ADANIGREEN-EQ,2105.0,2114.2,2090.0,2099.2,854297,FYERS_HISTORY,2026-08-08T22:59:01+05:30
2022-07-28,SMD-0009,ADANIGREEN,NSE:ADANIGREEN-EQ,2117.0,2159.0,2110.05,2143.95,1108183,FYERS_HISTORY,2026-08-08T22:59:01+05:30
2022-07-29,SMD-0009,ADANIGREEN,NSE:ADANIGREEN-EQ,2155.1,2231.95,2150.15,2174.7,1608323,FYERS_HISTORY,2026-08-08T22:59:01+05:30
2022-08-01,SMD-0009,ADANIGREEN,NSE:ADANIGREEN-EQ,2190.0,2290.95,2170.8,2273.7,2239475,FYERS_HISTORY,2026-08-08T22:59:01+05:30
2022-08-02,SMD-0009,ADANIGREEN,NSE:ADANIGREEN-EQ,2285.1,2317.85,2250.2,2296.15,1655242,FYERS_HISTORY,2026-08-08T22:59:01+05:30
2022-08-03,SMD-0009,ADANIGREEN,NSE:ADANIGREEN-EQ,2300.0,2311.65,2169.0,2204.6,2307959,FYERS_HISTORY,2026-08-08T22:59:01+05:30
2022-08-04,SMD-0009,ADANIGREEN,NSE:ADANIGREEN-EQ,2234.75,2277.75,2160.05,2190.95,2039481,FYERS_HISTORY,2026-08-08T22:59:01+05:30
2022-08-05,SMD-0009,ADANIGREEN,NSE:ADANIGREEN-EQ,2201.65,2209.85,2070.0,2106.2,1719376,FYERS_HISTORY,2026-08-08T22:59:01+05:30
2022-08-08,SMD-0009,ADANIGREEN,NSE:ADANIGREEN-EQ,2108.5,2183.0,2106.25,2165.2,1151202,FYERS_HISTORY,2026-08-08T22:59:01+05:30
2022-08-10,SMD-0009,ADANIGREEN,NSE:ADANIGREEN-EQ,2184.9,2198.0,2151.0,2164.95,907527,FYERS_HISTORY,2026-08-08T22:59:01+05:30
2022-08-11,SMD-0009,ADANIGREEN,NSE:ADANIGREEN-EQ,2180.0,2194.85,2155.05,2164.9,782241,FYERS_HISTORY,2026-08-08T22:59:01+05:30
2022-08-12,SMD-0009,ADANIGREEN,NSE:ADANIGREEN-EQ,2170.0,2195.0,2152.15,2176.0,519745,FYERS_HISTORY,2026-08-08T22:59:01+05:30
2022-08-16,SMD-0009,ADANIGREEN,NSE:ADANIGREEN-EQ,2188.85,2227.8,2174.15,2218.2,1240364,FYERS_HISTORY,2026-08-08T22:59:01+05:30
2022-08-17,SMD-0009,ADANIGREEN,NSE:ADANIGREEN-EQ,2223.3,2256.45,2207.15,2227.05,1118867,FYERS_HISTORY,2026-08-08T22:59:01+05:30
2022-08-18,SMD-0009,ADANIGREEN,NSE:ADANIGREEN-EQ,2227.7,2343.7,2201.0,2296.35,2878895,FYERS_HISTORY,2026-08-08T22:59:01+05:30
2022-08-19,SMD-0009,ADANIGREEN,NSE:ADANIGREEN-EQ,2315.0,2484.0,2315.0,2411.35,7397150,FYERS_HISTORY,2026-08-08T22:59:01+05:30
2022-08-22,SMD-0009,ADANIGREEN,NSE:ADANIGREEN-EQ,2450.0,2560.0,2442.1,2519.75,4743410,FYERS_HISTORY,2026-08-08T22:59:01+05:30
2022-08-23,SMD-0009,ADANIGREEN,NSE:ADANIGREEN-EQ,2547.0,2572.0,2347.0,2412.9,5363755,FYERS_HISTORY,2026-08-08T22:59:01+05:30
2022-08-24,SMD-0009,ADANIGREEN,NSE:ADANIGREEN-EQ,2412.0,2412.9,2294.0,2358.85,3600804,FYERS_HISTORY,2026-08-08T22:59:01+05:30
2022-08-25,SMD-0009,ADANIGREEN,NSE:ADANIGREEN-EQ,2358.0,2432.95,2316.6,2368.3,2609271,FYERS_HISTORY,2026-08-08T22:59:01+05:30
2022-08-26,SMD-0009,ADANIGREEN,NSE:ADANIGREEN-EQ,2392.0,2429.7,2376.05,2392.75,1385038,FYERS_HISTORY,2026-08-08T22:59:01+05:30
2022-08-29,SMD-0009,ADANIGREEN,NSE:ADANIGREEN-EQ,2300.0,2375.0,2265.4,2337.85,1378247,FYERS_HISTORY,2026-08-08T22:59:01+05:30
2022-08-30,SMD-0009,ADANIGREEN,NSE:ADANIGREEN-EQ,2372.45,2450.0,2365.05,2436.2,3234492,FYERS_HISTORY,2026-08-08T22:59:01+05:30
2022-09-01,SMD-0009,ADANIGREEN,NSE:ADANIGREEN-EQ,2431.5,2431.5,2375.1,2393.1,1178816,FYERS_HISTORY,2026-08-08T22:59:01+05:30
2022-09-02,SMD-0009,ADANIGREEN,NSE:ADANIGREEN-EQ,2424.85,2446.9,2350.35,2383.1,1470217,FYERS_HISTORY,2026-08-08T22:59:01+05:30
2022-09-05,SMD-0009,ADANIGREEN,NSE:ADANIGREEN-EQ,2402.5,2416.85,2343.0,2353.8,962996,FYERS_HISTORY,2026-08-08T22:59:01+05:30
2022-09-06,SMD-0009,ADANIGREEN,NSE:ADANIGREEN-EQ,2379.9,2411.35,2362.1,2374.9,1124530,FYERS_HISTORY,2026-08-08T22:59:01+05:30
2022-09-07,SMD-0009,ADANIGREEN,NSE:ADANIGREEN-EQ,2372.5,2404.9,2338.85,2346.95,1318939,FYERS_HISTORY,2026-08-08T22:59:01+05:30
2022-09-08,SMD-0009,ADANIGREEN,NSE:ADANIGREEN-EQ,2370.0,2378.0,2316.0,2334.05,983638,FYERS_HISTORY,2026-08-08T22:59:01+05:30
2022-09-09,SMD-0009,ADANIGREEN,NSE:ADANIGREEN-EQ,2368.0,2377.95,2301.55,2315.9,1264789,FYERS_HISTORY,2026-08-08T22:59:01+05:30
2022-09-12,SMD-0009,ADANIGREEN,NSE:ADANIGREEN-EQ,2331.0,2365.85,2316.15,2355.95,947489,FYERS_HISTORY,2026-08-08T22:59:01+05:30
2022-09-13,SMD-0009,ADANIGREEN,NSE:ADANIGREEN-EQ,2387.85,2390.0,2313.1,2335.65,929989,FYERS_HISTORY,2026-08-08T22:59:01+05:30
2022-09-14,SMD-0009,ADANIGREEN,NSE:ADANIGREEN-EQ,2200.0,2333.0,2200.0,2293.6,1342814,FYERS_HISTORY,2026-08-08T22:59:01+05:30
2022-09-15,SMD-0009,ADANIGREEN,NSE:ADANIGREEN-EQ,2315.0,2358.4,2289.55,2343.9,1883386,FYERS_HISTORY,2026-08-08T22:59:01+05:30
2022-09-16,SMD-0009,ADANIGREEN,NSE:ADANIGREEN-EQ,2333.0,2344.75,2290.3,2316.6,2122791,FYERS_HISTORY,2026-08-08T22:59:01+05:30
2022-09-19,SMD-0009,ADANIGREEN,NSE:ADANIGREEN-EQ,2326.0,2368.6,2292.3,2346.35,2109109,FYERS_HISTORY,2026-08-08T22:59:01+05:30
2022-09-20,SMD-0009,ADANIGREEN,NSE:ADANIGREEN-EQ,2370.4,2430.0,2357.05,2399.95,3222826,FYERS_HISTORY,2026-08-08T22:59:01+05:30
2022-09-21,SMD-0009,ADANIGREEN,NSE:ADANIGREEN-EQ,2409.7,2437.0,2312.1,2362.8,2727517,FYERS_HISTORY,2026-08-08T22:59:01+05:30
2022-09-22,SMD-0009,ADANIGREEN,NSE:ADANIGREEN-EQ,2369.9,2389.0,2325.0,2363.6,1760549,FYERS_HISTORY,2026-08-08T22:59:01+05:30
2022-09-23,SMD-0009,ADANIGREEN,NSE:ADANIGREEN-EQ,2364.0,2378.0,2305.0,2323.85,1562228,FYERS_HISTORY,2026-08-08T22:59:01+05:30
2022-09-26,SMD-0009,ADANIGREEN,NSE:ADANIGREEN-EQ,2299.8,2299.8,2181.0,2210.35,1865096,FYERS_HISTORY,2026-08-08T22:59:01+05:30
2022-09-27,SMD-0009,ADANIGREEN,NSE:ADANIGREEN-EQ,2230.95,2269.85,2126.45,2146.3,855872,FYERS_HISTORY,2026-08-08T22:59:01+05:30
2022-09-28,SMD-0009,ADANIGREEN,NSE:ADANIGREEN-EQ,2114.0,2143.8,2040.0,2051.05,1112288,FYERS_HISTORY,2026-08-08T22:59:01+05:30
2022-09-29,SMD-0009,ADANIGREEN,NSE:ADANIGREEN-EQ,2103.85,2138.0,1986.15,2004.05,1909893,FYERS_HISTORY,2026-08-08T22:59:01+05:30
2022-09-30,SMD-0009,ADANIGREEN,NSE:ADANIGREEN-EQ,2003.9,2404.85,1995.2,2260.8,5911038,FYERS_HISTORY,2026-08-08T22:59:01+05:30
2022-10-03,SMD-0009,ADANIGREEN,NSE:ADANIGREEN-EQ,2263.85,2288.8,2006.0,2074.05,3136977,FYERS_HISTORY,2026-08-08T22:59:01+05:30
2022-10-04,SMD-0009,ADANIGREEN,NSE:ADANIGREEN-EQ,2154.0,2235.95,2037.5,2134.2,3959850,FYERS_HISTORY,2026-08-08T22:59:01+05:30
2022-10-06,SMD-0009,ADANIGREEN,NSE:ADANIGREEN-EQ,2162.95,2228.0,2155.2,2201.7,2419573,FYERS_HISTORY,2026-08-08T22:59:01+05:30
2022-10-07,SMD-0009,ADANIGREEN,NSE:ADANIGREEN-EQ,2209.0,2218.1,2172.0,2204.15,1190454,FYERS_HISTORY,2026-08-08T22:59:01+05:30
2022-10-10,SMD-0009,ADANIGREEN,NSE:ADANIGREEN-EQ,2184.2,2184.75,1763.35,2155.9,905480,FYERS_HISTORY,2026-08-08T22:59:01+05:30
2022-10-11,SMD-0009,ADANIGREEN,NSE:ADANIGREEN-EQ,2190.0,2199.0,2112.1,2128.8,1352289,FYERS_HISTORY,2026-08-08T22:59:01+05:30
2022-10-12,SMD-0009,ADANIGREEN,NSE:ADANIGREEN-EQ,2147.8,2167.8,2088.05,2099.1,1256878,FYERS_HISTORY,2026-08-08T22:59:01+05:30
2022-10-13,SMD-0009,ADANIGREEN,NSE:ADANIGREEN-EQ,2115.0,2115.0,2071.1,2083.35,735633,FYERS_HISTORY,2026-08-08T22:59:01+05:30
2022-10-14,SMD-0009,ADANIGREEN,NSE:ADANIGREEN-EQ,2154.95,2154.95,2000.0,2033.15,949504,FYERS_HISTORY,2026-08-08T22:59:01+05:30
2022-10-17,SMD-0009,ADANIGREEN,NSE:ADANIGREEN-EQ,2044.1,2198.0,2035.0,2154.45,2910329,FYERS_HISTORY,2026-08-08T22:59:01+05:30
2022-10-18,SMD-0009,ADANIGREEN,NSE:ADANIGREEN-EQ,2184.4,2215.4,2135.0,2153.75,2404969,FYERS_HISTORY,2026-08-08T22:59:01+05:30
2022-10-19,SMD-0009,ADANIGREEN,NSE:ADANIGREEN-EQ,2169.0,2181.75,2105.0,2119.8,1373248,FYERS_HISTORY,2026-08-08T22:59:01+05:30
2022-10-20,SMD-0009,ADANIGREEN,NSE:ADANIGREEN-EQ,2101.0,2151.0,2090.0,2138.9,1003651,FYERS_HISTORY,2026-08-08T22:59:01+05:30
2022-10-21,SMD-0009,ADANIGREEN,NSE:ADANIGREEN-EQ,2149.6,2164.5,2075.25,2105.3,5902738,FYERS_HISTORY,2026-08-08T22:59:01+05:30
2022-10-24,SMD-0009,ADANIGREEN,NSE:ADANIGREEN-EQ,2130.0,2134.45,2116.0,2121.25,120561,FYERS_HISTORY,2026-08-08T22:59:01+05:30
2022-10-25,SMD-0009,ADANIGREEN,NSE:ADANIGREEN-EQ,2129.9,2141.25,2071.2,2079.9,960922,FYERS_HISTORY,2026-08-08T22:59:01+05:30
2022-10-27,SMD-0009,ADANIGREEN,NSE:ADANIGREEN-EQ,2097.15,2139.0,2090.4,2117.6,1265324,FYERS_HISTORY,2026-08-08T22:59:01+05:30
2022-10-28,SMD-0009,ADANIGREEN,NSE:ADANIGREEN-EQ,2123.0,2124.0,2073.2,2098.55,879806,FYERS_HISTORY,2026-08-08T22:59:01+05:30
2022-10-31,SMD-0009,ADANIGREEN,NSE:ADANIGREEN-EQ,2109.05,2121.0,2081.0,2102.9,854149,FYERS_HISTORY,2026-08-08T22:59:01+05:30
2022-11-01,SMD-0009,ADANIGREEN,NSE:ADANIGREEN-EQ,2108.0,2130.0,2086.4,2121.25,1112667,FYERS_HISTORY,2026-08-08T22:59:01+05:30
2022-11-02,SMD-0009,ADANIGREEN,NSE:ADANIGREEN-EQ,2129.0,2148.0,2111.0,2137.05,912280,FYERS_HISTORY,2026-08-08T22:59:01+05:30
2022-11-03,SMD-0009,ADANIGREEN,NSE:ADANIGREEN-EQ,2127.05,2131.85,2095.0,2106.7,709541,FYERS_HISTORY,2026-08-08T22:59:01+05:30
2022-11-04,SMD-0009,ADANIGREEN,NSE:ADANIGREEN-EQ,2106.7,2129.7,2095.0,2121.25,777118,FYERS_HISTORY,2026-08-08T22:59:01+05:30
2022-11-07,SMD-0009,ADANIGREEN,NSE:ADANIGREEN-EQ,2127.0,2184.0,2127.0,2165.7,1094562,FYERS_HISTORY,2026-08-08T22:59:01+05:30
2022-11-09,SMD-0009,ADANIGREEN,NSE:ADANIGREEN-EQ,2174.0,2258.8,2163.6,2215.5,1739571,FYERS_HISTORY,2026-08-08T22:59:01+05:30
2022-11-10,SMD-0009,ADANIGREEN,NSE:ADANIGREEN-EQ,2225.0,2245.35,2155.0,2176.0,746766,FYERS_HISTORY,2026-08-08T22:59:01+05:30
2022-11-11,SMD-0009,ADANIGREEN,NSE:ADANIGREEN-EQ,2207.0,2237.9,2177.2,2196.7,770505,FYERS_HISTORY,2026-08-08T22:59:01+05:30
2022-11-14,SMD-0009,ADANIGREEN,NSE:ADANIGREEN-EQ,2200.0,2200.0,2160.0,2178.55,628699,FYERS_HISTORY,2026-08-08T22:59:01+05:30
2022-11-15,SMD-0009,ADANIGREEN,NSE:ADANIGREEN-EQ,2185.0,2212.1,2171.15,2196.95,603539,FYERS_HISTORY,2026-08-08T22:59:01+05:30
2022-11-16,SMD-0009,ADANIGREEN,NSE:ADANIGREEN-EQ,2197.0,2197.0,2090.05,2110.15,983542,FYERS_HISTORY,2026-08-08T22:59:01+05:30
2022-11-17,SMD-0009,ADANIGREEN,NSE:ADANIGREEN-EQ,2117.65,2130.0,2090.0,2102.6,594680,FYERS_HISTORY,2026-08-08T22:59:01+05:30
2022-11-18,SMD-0009,ADANIGREEN,NSE:ADANIGREEN-EQ,2113.15,2122.0,2041.0,2085.4,1062645,FYERS_HISTORY,2026-08-08T22:59:01+05:30
2022-11-21,SMD-0009,ADANIGREEN,NSE:ADANIGREEN-EQ,2084.9,2084.9,1993.3,2003.3,718527,FYERS_HISTORY,2026-08-08T22:59:01+05:30
2022-11-22,SMD-0009,ADANIGREEN,NSE:ADANIGREEN-EQ,2013.35,2020.45,1980.0,1986.1,629553,FYERS_HISTORY,2026-08-08T22:59:01+05:30
2022-11-23,SMD-0009,ADANIGREEN,NSE:ADANIGREEN-EQ,1999.95,2050.0,1987.0,2036.5,637281,FYERS_HISTORY,2026-08-08T22:59:01+05:30
2022-11-24,SMD-0009,ADANIGREEN,NSE:ADANIGREEN-EQ,2048.8,2069.0,2026.5,2043.05,374383,FYERS_HISTORY,2026-08-08T22:59:01+05:30
2022-11-25,SMD-0009,ADANIGREEN,NSE:ADANIGREEN-EQ,2049.0,2049.6,1991.55,2023.95,655726,FYERS_HISTORY,2026-08-08T22:59:01+05:30
2022-11-28,SMD-0009,ADANIGREEN,NSE:ADANIGREEN-EQ,2034.0,2034.0,1975.0,1990.7,653530,FYERS_HISTORY,2026-08-08T22:59:01+05:30
2022-11-29,SMD-0009,ADANIGREEN,NSE:ADANIGREEN-EQ,2000.0,2030.0,1991.3,2012.05,499217,FYERS_HISTORY,2026-08-08T22:59:01+05:30
2022-11-30,SMD-0009,ADANIGREEN,NSE:ADANIGREEN-EQ,2019.0,2143.95,2000.0,2116.5,1617289,FYERS_HISTORY,2026-08-08T22:59:01+05:30
2022-12-01,SMD-0009,ADANIGREEN,NSE:ADANIGREEN-EQ,2131.55,2148.4,2092.6,2113.55,728887,FYERS_HISTORY,2026-08-08T22:59:01+05:30
2022-12-02,SMD-0009,ADANIGREEN,NSE:ADANIGREEN-EQ,2113.0,2117.0,2051.0,2062.3,527810,FYERS_HISTORY,2026-08-08T22:59:01+05:30
2022-12-05,SMD-0009,ADANIGREEN,NSE:ADANIGREEN-EQ,2072.0,2072.0,2021.85,2042.1,505068,FYERS_HISTORY,2026-08-08T22:59:01+05:30
2022-12-06,SMD-0009,ADANIGREEN,NSE:ADANIGREEN-EQ,2042.0,2077.8,2024.45,2063.3,594052,FYERS_HISTORY,2026-08-08T22:59:01+05:30
2022-12-07,SMD-0009,ADANIGREEN,NSE:ADANIGREEN-EQ,2062.0,2067.0,2025.0,2032.7,340020,FYERS_HISTORY,2026-08-08T22:59:01+05:30
2022-12-08,SMD-0009,ADANIGREEN,NSE:ADANIGREEN-EQ,2042.9,2063.0,2035.55,2052.7,316620,FYERS_HISTORY,2026-08-08T22:59:01+05:30
2022-12-09,SMD-0009,ADANIGREEN,NSE:ADANIGREEN-EQ,2063.0,2065.0,2015.0,2053.45,395043,FYERS_HISTORY,2026-08-08T22:59:01+05:30
2022-12-12,SMD-0009,ADANIGREEN,NSE:ADANIGREEN-EQ,2030.0,2053.0,2012.1,2024.05,334135,FYERS_HISTORY,2026-08-08T22:59:01+05:30
2022-12-13,SMD-0009,ADANIGREEN,NSE:ADANIGREEN-EQ,2034.2,2051.0,2012.0,2021.4,430094,FYERS_HISTORY,2026-08-08T22:59:01+05:30
2022-12-14,SMD-0009,ADANIGREEN,NSE:ADANIGREEN-EQ,2026.4,2039.3,2011.0,2018.15,324888,FYERS_HISTORY,2026-08-08T22:59:01+05:30
2022-12-15,SMD-0009,ADANIGREEN,NSE:ADANIGREEN-EQ,2017.0,2034.85,2010.0,2024.9,351166,FYERS_HISTORY,2026-08-08T22:59:01+05:30
2022-12-16,SMD-0009,ADANIGREEN,NSE:ADANIGREEN-EQ,2012.7,2070.0,2000.0,2044.25,841693,FYERS_HISTORY,2026-08-08T22:59:01+05:30
2022-12-19,SMD-0009,ADANIGREEN,NSE:ADANIGREEN-EQ,2051.0,2070.9,2022.0,2062.05,341433,FYERS_HISTORY,2026-08-08T22:59:01+05:30
2022-12-20,SMD-0009,ADANIGREEN,NSE:ADANIGREEN-EQ,2060.0,2069.0,2028.0,2061.65,285591,FYERS_HISTORY,2026-08-08T22:59:01+05:30
2022-12-21,SMD-0009,ADANIGREEN,NSE:ADANIGREEN-EQ,2070.95,2074.95,1919.05,1968.25,592366,FYERS_HISTORY,2026-08-08T22:59:01+05:30
2022-12-22,SMD-0009,ADANIGREEN,NSE:ADANIGREEN-EQ,1980.0,2017.5,1930.0,1980.75,724864,FYERS_HISTORY,2026-08-08T22:59:01+05:30
2022-12-23,SMD-0009,ADANIGREEN,NSE:ADANIGREEN-EQ,1970.0,1970.0,1782.0,1809.05,1242927,FYERS_HISTORY,2026-08-08T22:59:01+05:30
2022-12-26,SMD-0009,ADANIGREEN,NSE:ADANIGREEN-EQ,1809.05,1910.7,1755.0,1876.85,1226600,FYERS_HISTORY,2026-08-08T22:59:02+05:30
2022-12-27,SMD-0009,ADANIGREEN,NSE:ADANIGREEN-EQ,1890.0,1929.95,1883.25,1908.7,899439,FYERS_HISTORY,2026-08-08T22:59:02+05:30
2022-12-28,SMD-0009,ADANIGREEN,NSE:ADANIGREEN-EQ,1908.7,1943.0,1877.0,1897.85,997622,FYERS_HISTORY,2026-08-08T22:59:02+05:30
2022-12-29,SMD-0009,ADANIGREEN,NSE:ADANIGREEN-EQ,1891.0,1938.0,1865.0,1910.25,779002,FYERS_HISTORY,2026-08-08T22:59:02+05:30
2022-12-30,SMD-0009,ADANIGREEN,NSE:ADANIGREEN-EQ,1930.0,1996.0,1910.0,1931.8,1555688,FYERS_HISTORY,2026-08-08T22:59:02+05:30
2023-01-02,SMD-0009,ADANIGREEN,NSE:ADANIGREEN-EQ,1933.7,1948.25,1880.0,1888.7,695287,FYERS_HISTORY,2026-08-08T22:59:02+05:30
2023-01-03,SMD-0009,ADANIGREEN,NSE:ADANIGREEN-EQ,1902.1,1924.5,1881.0,1892.95,813712,FYERS_HISTORY,2026-08-08T22:59:02+05:30
2023-01-04,SMD-0009,ADANIGREEN,NSE:ADANIGREEN-EQ,1902.0,1914.7,1850.0,1860.5,728947,FYERS_HISTORY,2026-08-08T22:59:02+05:30
2023-01-05,SMD-0009,ADANIGREEN,NSE:ADANIGREEN-EQ,1869.85,1880.9,1835.65,1860.0,803349,FYERS_HISTORY,2026-08-08T22:59:02+05:30
2023-01-06,SMD-0009,ADANIGREEN,NSE:ADANIGREEN-EQ,1868.9,1868.9,1830.0,1838.25,455101,FYERS_HISTORY,2026-08-08T22:59:02+05:30
2023-01-09,SMD-0009,ADANIGREEN,NSE:ADANIGREEN-EQ,1851.0,1905.0,1847.05,1891.45,568005,FYERS_HISTORY,2026-08-08T22:59:02+05:30
2023-01-10,SMD-0009,ADANIGREEN,NSE:ADANIGREEN-EQ,1893.4,1907.4,1845.1,1895.2,654655,FYERS_HISTORY,2026-08-08T22:59:02+05:30
2023-01-11,SMD-0009,ADANIGREEN,NSE:ADANIGREEN-EQ,1904.7,1906.3,1864.05,1877.15,504917,FYERS_HISTORY,2026-08-08T22:59:02+05:30
2023-01-12,SMD-0009,ADANIGREEN,NSE:ADANIGREEN-EQ,1884.25,1895.0,1866.8,1889.85,575619,FYERS_HISTORY,2026-08-08T22:59:02+05:30
2023-01-13,SMD-0009,ADANIGREEN,NSE:ADANIGREEN-EQ,1894.55,1923.0,1880.0,1915.65,507766,FYERS_HISTORY,2026-08-08T22:59:02+05:30
2023-01-16,SMD-0009,ADANIGREEN,NSE:ADANIGREEN-EQ,1925.25,2119.0,1920.85,2089.8,5267979,FYERS_HISTORY,2026-08-08T22:59:02+05:30
2023-01-17,SMD-0009,ADANIGREEN,NSE:ADANIGREEN-EQ,2108.0,2185.0,2105.0,2166.15,5814973,FYERS_HISTORY,2026-08-08T22:59:02+05:30
2023-01-18,SMD-0009,ADANIGREEN,NSE:ADANIGREEN-EQ,2166.15,2184.0,2081.0,2096.9,1916506,FYERS_HISTORY,2026-08-08T22:59:02+05:30
2023-01-19,SMD-0009,ADANIGREEN,NSE:ADANIGREEN-EQ,2088.05,2088.05,1940.5,1954.3,2465786,FYERS_HISTORY,2026-08-08T22:59:02+05:30
2023-01-20,SMD-0009,ADANIGREEN,NSE:ADANIGREEN-EQ,1965.0,2008.0,1958.5,1975.6,2837568,FYERS_HISTORY,2026-08-08T22:59:02+05:30
2023-01-23,SMD-0009,ADANIGREEN,NSE:ADANIGREEN-EQ,1986.7,2009.05,1911.3,1931.85,1225337,FYERS_HISTORY,2026-08-08T22:59:02+05:30
2023-01-24,SMD-0009,ADANIGREEN,NSE:ADANIGREEN-EQ,1948.9,1964.2,1905.0,1916.8,892161,FYERS_HISTORY,2026-08-08T22:59:02+05:30
2023-01-25,SMD-0009,ADANIGREEN,NSE:ADANIGREEN-EQ,1900.0,1912.45,1840.0,1857.8,1219566,FYERS_HISTORY,2026-08-08T22:59:02+05:30
2023-01-27,SMD-0009,ADANIGREEN,NSE:ADANIGREEN-EQ,1780.0,1796.4,1486.25,1486.25,5838601,FYERS_HISTORY,2026-08-08T22:59:02+05:30
2023-01-30,SMD-0009,ADANIGREEN,NSE:ADANIGREEN-EQ,1325.0,1599.8,1189.0,1189.0,12185306,FYERS_HISTORY,2026-08-08T22:59:02+05:30
2023-01-31,SMD-0009,ADANIGREEN,NSE:ADANIGREEN-EQ,1135.0,1240.0,1081.1,1223.9,11356550,FYERS_HISTORY,2026-08-08T22:59:02+05:30
2023-02-01,SMD-0009,ADANIGREEN,NSE:ADANIGREEN-EQ,1278.9,1285.0,1101.55,1155.35,5928882,FYERS_HISTORY,2026-08-08T22:59:02+05:30
2023-02-02,SMD-0009,ADANIGREEN,NSE:ADANIGREEN-EQ,1039.85,1039.85,1039.85,1039.85,509110,FYERS_HISTORY,2026-08-08T22:59:02+05:30
2023-02-03,SMD-0009,ADANIGREEN,NSE:ADANIGREEN-EQ,935.9,935.9,935.9,935.9,369006,FYERS_HISTORY,2026-08-08T22:59:02+05:30
2023-02-06,SMD-0009,ADANIGREEN,NSE:ADANIGREEN-EQ,889.1,889.1,889.1,889.1,290650,FYERS_HISTORY,2026-08-08T22:59:02+05:30
2023-02-07,SMD-0009,ADANIGREEN,NSE:ADANIGREEN-EQ,844.65,933.55,844.65,844.65,14239086,FYERS_HISTORY,2026-08-08T22:59:02+05:30
2023-02-08,SMD-0009,ADANIGREEN,NSE:ADANIGREEN-EQ,831.0,869.8,802.45,802.45,11524691,FYERS_HISTORY,2026-08-08T22:59:02+05:30
2023-02-09,SMD-0009,ADANIGREEN,NSE:ADANIGREEN-EQ,770.05,798.95,762.35,762.35,4729491,FYERS_HISTORY,2026-08-08T22:59:02+05:30
2023-02-10,SMD-0009,ADANIGREEN,NSE:ADANIGREEN-EQ,732.0,744.0,724.25,724.25,2074917,FYERS_HISTORY,2026-08-08T22:59:02+05:30
2023-02-13,SMD-0009,ADANIGREEN,NSE:ADANIGREEN-EQ,688.05,688.05,688.05,688.05,294782,FYERS_HISTORY,2026-08-08T22:59:02+05:30
2023-02-14,SMD-0009,ADANIGREEN,NSE:ADANIGREEN-EQ,653.65,653.65,653.65,653.65,206263,FYERS_HISTORY,2026-08-08T22:59:02+05:30
2023-02-15,SMD-0009,ADANIGREEN,NSE:ADANIGREEN-EQ,621.0,621.0,621.0,621.0,307402,FYERS_HISTORY,2026-08-08T22:59:02+05:30
2023-02-16,SMD-0009,ADANIGREEN,NSE:ADANIGREEN-EQ,632.0,652.05,591.1,616.3,13543834,FYERS_HISTORY,2026-08-08T22:59:02+05:30
2023-02-17,SMD-0009,ADANIGREEN,NSE:ADANIGREEN-EQ,628.0,639.9,616.55,628.65,3686567,FYERS_HISTORY,2026-08-08T22:59:02+05:30
2023-02-20,SMD-0009,ADANIGREEN,NSE:ADANIGREEN-EQ,609.0,625.0,597.25,597.25,2080050,FYERS_HISTORY,2026-08-08T22:59:02+05:30
2023-02-21,SMD-0009,ADANIGREEN,NSE:ADANIGREEN-EQ,593.1,599.0,567.4,567.4,1657718,FYERS_HISTORY,2026-08-08T22:59:02+05:30
2023-02-22,SMD-0009,ADANIGREEN,NSE:ADANIGREEN-EQ,545.0,548.0,539.05,539.05,861922,FYERS_HISTORY,2026-08-08T22:59:02+05:30
2023-02-23,SMD-0009,ADANIGREEN,NSE:ADANIGREEN-EQ,512.1,512.1,512.1,512.1,223957,FYERS_HISTORY,2026-08-08T22:59:02+05:30
2023-02-24,SMD-0009,ADANIGREEN,NSE:ADANIGREEN-EQ,486.5,510.0,486.5,486.5,1417656,FYERS_HISTORY,2026-08-08T22:59:02+05:30
2023-02-27,SMD-0009,ADANIGREEN,NSE:ADANIGREEN-EQ,468.0,474.3,462.2,462.2,1064159,FYERS_HISTORY,2026-08-08T22:59:02+05:30
2023-02-28,SMD-0009,ADANIGREEN,NSE:ADANIGREEN-EQ,439.1,485.3,439.1,485.3,8613869,FYERS_HISTORY,2026-08-08T22:59:02+05:30
2023-03-01,SMD-0009,ADANIGREEN,NSE:ADANIGREEN-EQ,509.0,509.55,501.9,509.55,387360,FYERS_HISTORY,2026-08-08T22:59:02+05:30
2023-03-02,SMD-0009,ADANIGREEN,NSE:ADANIGREEN-EQ,535.0,535.0,535.0,535.0,206751,FYERS_HISTORY,2026-08-08T22:59:02+05:30
2023-03-03,SMD-0009,ADANIGREEN,NSE:ADANIGREEN-EQ,561.75,561.75,561.75,561.75,58629,FYERS_HISTORY,2026-08-08T22:59:02+05:30
2023-03-06,SMD-0009,ADANIGREEN,NSE:ADANIGREEN-EQ,589.8,589.8,589.8,589.8,155806,FYERS_HISTORY,2026-08-08T22:59:02+05:30
2023-03-08,SMD-0009,ADANIGREEN,NSE:ADANIGREEN-EQ,619.25,619.25,619.25,619.25,133344,FYERS_HISTORY,2026-08-08T22:59:02+05:30
2023-03-09,SMD-0009,ADANIGREEN,NSE:ADANIGREEN-EQ,650.2,650.2,650.2,650.2,784131,FYERS_HISTORY,2026-08-08T22:59:02+05:30
2023-03-10,SMD-0009,ADANIGREEN,NSE:ADANIGREEN-EQ,675.0,682.7,663.25,682.7,2561407,FYERS_HISTORY,2026-08-08T22:59:02+05:30
2023-03-13,SMD-0009,ADANIGREEN,NSE:ADANIGREEN-EQ,716.8,716.8,716.8,716.8,854810,FYERS_HISTORY,2026-08-08T22:59:02+05:30
2023-03-14,SMD-0009,ADANIGREEN,NSE:ADANIGREEN-EQ,714.0,729.3,681.0,706.1,9935463,FYERS_HISTORY,2026-08-08T22:59:02+05:30
2023-03-15,SMD-0009,ADANIGREEN,NSE:ADANIGREEN-EQ,725.0,741.4,716.85,740.4,3892260,FYERS_HISTORY,2026-08-08T22:59:02+05:30
2023-03-16,SMD-0009,ADANIGREEN,NSE:ADANIGREEN-EQ,766.15,777.4,755.0,777.4,3038749,FYERS_HISTORY,2026-08-08T22:59:02+05:30
2023-03-17,SMD-0009,ADANIGREEN,NSE:ADANIGREEN-EQ,810.0,816.25,803.25,816.25,3378276,FYERS_HISTORY,2026-08-08T22:59:02+05:30
2023-03-20,SMD-0009,ADANIGREEN,NSE:ADANIGREEN-EQ,797.95,853.3,775.45,848.65,6908589,FYERS_HISTORY,2026-08-08T22:59:02+05:30
2023-03-21,SMD-0009,ADANIGREEN,NSE:ADANIGREEN-EQ,868.0,891.05,865.65,891.05,3819655,FYERS_HISTORY,2026-08-08T22:59:02+05:30
2023-03-22,SMD-0009,ADANIGREEN,NSE:ADANIGREEN-EQ,923.0,935.6,923.0,935.6,1825044,FYERS_HISTORY,2026-08-08T22:59:02+05:30
2023-03-23,SMD-0009,ADANIGREEN,NSE:ADANIGREEN-EQ,982.0,982.35,977.75,982.35,1170710,FYERS_HISTORY,2026-08-08T22:59:02+05:30
2023-03-24,SMD-0009,ADANIGREEN,NSE:ADANIGREEN-EQ,1024.0,1031.45,942.65,1029.35,12923291,FYERS_HISTORY,2026-08-08T22:59:02+05:30
2023-03-27,SMD-0009,ADANIGREEN,NSE:ADANIGREEN-EQ,1060.0,1074.5,977.9,984.9,7656812,FYERS_HISTORY,2026-08-08T22:59:02+05:30
2023-03-28,SMD-0009,ADANIGREEN,NSE:ADANIGREEN-EQ,950.0,953.8,935.65,935.65,1057688,FYERS_HISTORY,2026-08-08T22:59:02+05:30
2023-03-29,SMD-0009,ADANIGREEN,NSE:ADANIGREEN-EQ,888.9,973.95,888.9,894.35,8902722,FYERS_HISTORY,2026-08-08T22:59:02+05:30
2023-03-31,SMD-0009,ADANIGREEN,NSE:ADANIGREEN-EQ,912.0,936.0,872.2,881.15,3833232,FYERS_HISTORY,2026-08-08T22:59:02+05:30
2023-04-03,SMD-0009,ADANIGREEN,NSE:ADANIGREEN-EQ,884.8,887.0,837.1,837.45,2788282,FYERS_HISTORY,2026-08-08T22:59:02+05:30
2023-04-05,SMD-0009,ADANIGREEN,NSE:ADANIGREEN-EQ,815.0,861.0,795.6,815.6,3818321,FYERS_HISTORY,2026-08-08T22:59:02+05:30
2023-04-06,SMD-0009,ADANIGREEN,NSE:ADANIGREEN-EQ,838.9,856.35,808.55,856.35,3002370,FYERS_HISTORY,2026-08-08T22:59:02+05:30
2023-04-10,SMD-0009,ADANIGREEN,NSE:ADANIGREEN-EQ,897.0,899.15,885.65,899.15,1891503,FYERS_HISTORY,2026-08-08T22:59:02+05:30
2023-04-11,SMD-0009,ADANIGREEN,NSE:ADANIGREEN-EQ,936.0,944.1,936.0,944.1,1163105,FYERS_HISTORY,2026-08-08T22:59:02+05:30
2023-04-12,SMD-0009,ADANIGREEN,NSE:ADANIGREEN-EQ,991.3,991.3,920.0,941.85,8203268,FYERS_HISTORY,2026-08-08T22:59:02+05:30
2023-04-13,SMD-0009,ADANIGREEN,NSE:ADANIGREEN-EQ,939.55,963.8,920.0,941.15,2585526,FYERS_HISTORY,2026-08-08T22:59:02+05:30
2023-04-17,SMD-0009,ADANIGREEN,NSE:ADANIGREEN-EQ,965.0,970.0,946.0,962.55,2317568,FYERS_HISTORY,2026-08-08T22:59:02+05:30
2023-04-18,SMD-0009,ADANIGREEN,NSE:ADANIGREEN-EQ,973.0,976.0,945.0,952.25,1378704,FYERS_HISTORY,2026-08-08T22:59:02+05:30
2023-04-19,SMD-0009,ADANIGREEN,NSE:ADANIGREEN-EQ,952.4,955.0,920.5,935.8,1177133,FYERS_HISTORY,2026-08-08T22:59:02+05:30
2023-04-20,SMD-0009,ADANIGREEN,NSE:ADANIGREEN-EQ,937.0,948.9,925.0,933.05,1181812,FYERS_HISTORY,2026-08-08T22:59:02+05:30
2023-04-21,SMD-0009,ADANIGREEN,NSE:ADANIGREEN-EQ,937.0,938.0,911.3,916.2,727246,FYERS_HISTORY,2026-08-08T22:59:02+05:30
2023-04-24,SMD-0009,ADANIGREEN,NSE:ADANIGREEN-EQ,916.2,916.25,880.0,887.1,1450872,FYERS_HISTORY,2026-08-08T22:59:02+05:30
2023-04-25,SMD-0009,ADANIGREEN,NSE:ADANIGREEN-EQ,870.0,931.45,864.9,931.15,2314534,FYERS_HISTORY,2026-08-08T22:59:02+05:30
2023-04-26,SMD-0009,ADANIGREEN,NSE:ADANIGREEN-EQ,934.8,953.3,920.0,924.6,1626606,FYERS_HISTORY,2026-08-08T22:59:02+05:30
2023-04-27,SMD-0009,ADANIGREEN,NSE:ADANIGREEN-EQ,924.6,925.0,907.05,917.05,695987,FYERS_HISTORY,2026-08-08T22:59:02+05:30
2023-04-28,SMD-0009,ADANIGREEN,NSE:ADANIGREEN-EQ,926.8,960.0,922.1,951.0,2759309,FYERS_HISTORY,2026-08-08T22:59:02+05:30
2023-05-02,SMD-0009,ADANIGREEN,NSE:ADANIGREEN-EQ,994.75,998.55,951.15,974.65,3323308,FYERS_HISTORY,2026-08-08T22:59:02+05:30
2023-05-03,SMD-0009,ADANIGREEN,NSE:ADANIGREEN-EQ,972.0,980.0,928.95,942.05,1870972,FYERS_HISTORY,2026-08-08T22:59:02+05:30
2023-05-04,SMD-0009,ADANIGREEN,NSE:ADANIGREEN-EQ,936.0,950.0,933.5,945.55,3394830,FYERS_HISTORY,2026-08-08T22:59:02+05:30
2023-05-05,SMD-0009,ADANIGREEN,NSE:ADANIGREEN-EQ,946.95,957.65,933.0,940.55,3266241,FYERS_HISTORY,2026-08-08T22:59:02+05:30
2023-05-08,SMD-0009,ADANIGREEN,NSE:ADANIGREEN-EQ,922.0,925.95,903.3,917.3,3406153,FYERS_HISTORY,2026-08-08T22:59:02+05:30
2023-05-09,SMD-0009,ADANIGREEN,NSE:ADANIGREEN-EQ,917.3,928.9,899.35,903.15,3476977,FYERS_HISTORY,2026-08-08T22:59:02+05:30
2023-05-10,SMD-0009,ADANIGREEN,NSE:ADANIGREEN-EQ,890.0,905.0,885.0,902.35,3682237,FYERS_HISTORY,2026-08-08T22:59:02+05:30
2023-05-11,SMD-0009,ADANIGREEN,NSE:ADANIGREEN-EQ,904.4,925.0,904.4,913.55,1061641,FYERS_HISTORY,2026-08-08T22:59:02+05:30
2023-05-12,SMD-0009,ADANIGREEN,NSE:ADANIGREEN-EQ,920.0,920.0,894.25,895.6,749875,FYERS_HISTORY,2026-08-08T22:59:02+05:30
2023-05-15,SMD-0009,ADANIGREEN,NSE:ADANIGREEN-EQ,905.0,913.8,864.0,868.7,868695,FYERS_HISTORY,2026-08-08T22:59:02+05:30
2023-05-16,SMD-0009,ADANIGREEN,NSE:ADANIGREEN-EQ,868.95,899.95,868.0,874.15,822421,FYERS_HISTORY,2026-08-08T22:59:02+05:30
2023-05-17,SMD-0009,ADANIGREEN,NSE:ADANIGREEN-EQ,885.0,888.85,867.05,875.4,781898,FYERS_HISTORY,2026-08-08T22:59:02+05:30
2023-05-18,SMD-0009,ADANIGREEN,NSE:ADANIGREEN-EQ,886.55,887.4,850.0,860.55,646071,FYERS_HISTORY,2026-08-08T22:59:02+05:30
2023-05-19,SMD-0009,ADANIGREEN,NSE:ADANIGREEN-EQ,839.0,903.55,818.6,896.95,2849747,FYERS_HISTORY,2026-08-08T22:59:02+05:30
2023-05-22,SMD-0009,ADANIGREEN,NSE:ADANIGREEN-EQ,934.0,941.75,928.95,941.75,460730,FYERS_HISTORY,2026-08-08T22:59:02+05:30
2023-05-23,SMD-0009,ADANIGREEN,NSE:ADANIGREEN-EQ,988.8,988.8,988.8,988.8,228535,FYERS_HISTORY,2026-08-08T22:59:02+05:30
2023-05-24,SMD-0009,ADANIGREEN,NSE:ADANIGREEN-EQ,1025.0,1038.2,952.6,984.25,7440008,FYERS_HISTORY,2026-08-08T22:59:02+05:30
2023-05-25,SMD-0009,ADANIGREEN,NSE:ADANIGREEN-EQ,982.4,995.0,954.1,970.65,1892394,FYERS_HISTORY,2026-08-08T22:59:02+05:30
2023-05-26,SMD-0009,ADANIGREEN,NSE:ADANIGREEN-EQ,979.55,982.0,960.0,963.35,866198,FYERS_HISTORY,2026-08-08T22:59:02+05:30
2023-05-29,SMD-0009,ADANIGREEN,NSE:ADANIGREEN-EQ,989.9,989.9,965.1,977.85,3177944,FYERS_HISTORY,2026-08-08T22:59:02+05:30
2023-05-30,SMD-0009,ADANIGREEN,NSE:ADANIGREEN-EQ,984.85,984.85,954.0,966.85,2694114,FYERS_HISTORY,2026-08-08T22:59:02+05:30
2023-05-31,SMD-0009,ADANIGREEN,NSE:ADANIGREEN-EQ,960.0,998.0,933.75,977.7,6233565,FYERS_HISTORY,2026-08-08T22:59:02+05:30
2023-06-01,SMD-0009,ADANIGREEN,NSE:ADANIGREEN-EQ,997.25,1011.0,984.0,993.95,4639202,FYERS_HISTORY,2026-08-08T22:59:02+05:30
2023-06-02,SMD-0009,ADANIGREEN,NSE:ADANIGREEN-EQ,992.0,992.0,975.9,983.55,3707803,FYERS_HISTORY,2026-08-08T22:59:02+05:30
2023-06-05,SMD-0009,ADANIGREEN,NSE:ADANIGREEN-EQ,989.65,995.0,983.0,987.85,3596959,FYERS_HISTORY,2026-08-08T22:59:02+05:30
2023-06-06,SMD-0009,ADANIGREEN,NSE:ADANIGREEN-EQ,990.0,996.0,980.0,991.85,4003295,FYERS_HISTORY,2026-08-08T22:59:02+05:30
2023-06-07,SMD-0009,ADANIGREEN,NSE:ADANIGREEN-EQ,1006.85,1010.0,982.0,985.55,1247714,FYERS_HISTORY,2026-08-08T22:59:02+05:30
2023-06-08,SMD-0009,ADANIGREEN,NSE:ADANIGREEN-EQ,987.0,993.4,971.0,976.0,636876,FYERS_HISTORY,2026-08-08T22:59:02+05:30
2023-06-09,SMD-0009,ADANIGREEN,NSE:ADANIGREEN-EQ,972.0,977.0,961.25,963.65,416990,FYERS_HISTORY,2026-08-08T22:59:02+05:30
2023-06-12,SMD-0009,ADANIGREEN,NSE:ADANIGREEN-EQ,968.95,970.0,955.0,961.1,431395,FYERS_HISTORY,2026-08-08T22:59:02+05:30
2023-06-13,SMD-0009,ADANIGREEN,NSE:ADANIGREEN-EQ,961.0,963.9,946.05,955.3,476248,FYERS_HISTORY,2026-08-08T22:59:02+05:30
2023-06-14,SMD-0009,ADANIGREEN,NSE:ADANIGREEN-EQ,955.0,961.0,948.1,957.65,381844,FYERS_HISTORY,2026-08-08T22:59:02+05:30
2023-06-15,SMD-0009,ADANIGREEN,NSE:ADANIGREEN-EQ,952.5,991.0,951.0,962.6,969057,FYERS_HISTORY,2026-08-08T22:59:02+05:30
2023-06-16,SMD-0009,ADANIGREEN,NSE:ADANIGREEN-EQ,967.95,987.0,963.4,975.05,1954444,FYERS_HISTORY,2026-08-08T22:59:02+05:30
2023-06-19,SMD-0009,ADANIGREEN,NSE:ADANIGREEN-EQ,982.85,984.0,957.85,960.35,430174,FYERS_HISTORY,2026-08-08T22:59:02+05:30
2023-06-20,SMD-0009,ADANIGREEN,NSE:ADANIGREEN-EQ,961.0,967.0,952.0,961.7,320086,FYERS_HISTORY,2026-08-08T22:59:02+05:30
2023-06-21,SMD-0009,ADANIGREEN,NSE:ADANIGREEN-EQ,963.95,982.0,954.2,977.0,4202611,FYERS_HISTORY,2026-08-08T22:59:02+05:30
2023-06-22,SMD-0009,ADANIGREEN,NSE:ADANIGREEN-EQ,979.7,982.8,967.45,974.85,4562722,FYERS_HISTORY,2026-08-08T22:59:02+05:30
2023-06-23,SMD-0009,ADANIGREEN,NSE:ADANIGREEN-EQ,973.0,973.0,938.0,959.85,5559363,FYERS_HISTORY,2026-08-08T22:59:02+05:30
2023-06-26,SMD-0009,ADANIGREEN,NSE:ADANIGREEN-EQ,940.0,973.9,925.0,968.45,6002771,FYERS_HISTORY,2026-08-08T22:59:02+05:30
2023-06-27,SMD-0009,ADANIGREEN,NSE:ADANIGREEN-EQ,970.95,977.85,956.1,959.55,415940,FYERS_HISTORY,2026-08-08T22:59:02+05:30
2023-06-28,SMD-0009,ADANIGREEN,NSE:ADANIGREEN-EQ,959.85,963.45,897.7,956.65,55121312,FYERS_HISTORY,2026-08-08T22:59:02+05:30
2023-06-30,SMD-0009,ADANIGREEN,NSE:ADANIGREEN-EQ,961.65,966.6,938.25,945.9,1326330,FYERS_HISTORY,2026-08-08T22:59:02+05:30
2023-07-03,SMD-0009,ADANIGREEN,NSE:ADANIGREEN-EQ,955.85,956.95,940.0,942.85,634378,FYERS_HISTORY,2026-08-08T22:59:02+05:30
2023-07-04,SMD-0009,ADANIGREEN,NSE:ADANIGREEN-EQ,942.9,952.8,938.45,946.0,572039,FYERS_HISTORY,2026-08-08T22:59:02+05:30
2023-07-05,SMD-0009,ADANIGREEN,NSE:ADANIGREEN-EQ,946.0,956.2,941.0,948.2,567900,FYERS_HISTORY,2026-08-08T22:59:02+05:30
2023-07-06,SMD-0009,ADANIGREEN,NSE:ADANIGREEN-EQ,950.95,972.9,948.4,962.2,799351,FYERS_HISTORY,2026-08-08T22:59:02+05:30
2023-07-07,SMD-0009,ADANIGREEN,NSE:ADANIGREEN-EQ,962.8,964.9,946.0,951.0,585951,FYERS_HISTORY,2026-08-08T22:59:02+05:30
2023-07-10,SMD-0009,ADANIGREEN,NSE:ADANIGREEN-EQ,959.85,973.0,935.25,959.45,828417,FYERS_HISTORY,2026-08-08T22:59:02+05:30
2023-07-11,SMD-0009,ADANIGREEN,NSE:ADANIGREEN-EQ,952.0,973.0,946.0,965.15,603865,FYERS_HISTORY,2026-08-08T22:59:02+05:30
2023-07-12,SMD-0009,ADANIGREEN,NSE:ADANIGREEN-EQ,963.05,969.45,950.0,954.55,550399,FYERS_HISTORY,2026-08-08T22:59:02+05:30
2023-07-13,SMD-0009,ADANIGREEN,NSE:ADANIGREEN-EQ,960.0,970.0,945.0,947.05,542919,FYERS_HISTORY,2026-08-08T22:59:02+05:30
2023-07-14,SMD-0009,ADANIGREEN,NSE:ADANIGREEN-EQ,952.95,968.3,945.95,965.2,618578,FYERS_HISTORY,2026-08-08T22:59:02+05:30
2023-07-17,SMD-0009,ADANIGREEN,NSE:ADANIGREEN-EQ,970.15,979.0,961.0,965.3,754573,FYERS_HISTORY,2026-08-08T22:59:02+05:30
2023-07-18,SMD-0009,ADANIGREEN,NSE:ADANIGREEN-EQ,968.0,1020.0,957.1,973.75,2254479,FYERS_HISTORY,2026-08-08T22:59:02+05:30
2023-07-19,SMD-0009,ADANIGREEN,NSE:ADANIGREEN-EQ,982.0,988.0,971.1,979.65,735702,FYERS_HISTORY,2026-08-08T22:59:02+05:30
2023-07-20,SMD-0009,ADANIGREEN,NSE:ADANIGREEN-EQ,981.95,991.7,977.15,985.0,821313,FYERS_HISTORY,2026-08-08T22:59:02+05:30
2023-07-21,SMD-0009,ADANIGREEN,NSE:ADANIGREEN-EQ,985.0,1000.0,979.7,995.55,729192,FYERS_HISTORY,2026-08-08T22:59:02+05:30
2023-07-24,SMD-0009,ADANIGREEN,NSE:ADANIGREEN-EQ,998.95,1004.95,986.15,989.15,479401,FYERS_HISTORY,2026-08-08T22:59:02+05:30
2023-07-25,SMD-0009,ADANIGREEN,NSE:ADANIGREEN-EQ,990.0,1088.05,990.0,1088.05,3645365,FYERS_HISTORY,2026-08-08T22:59:02+05:30
2023-07-26,SMD-0009,ADANIGREEN,NSE:ADANIGREEN-EQ,1114.0,1184.85,1100.0,1140.4,6346278,FYERS_HISTORY,2026-08-08T22:59:02+05:30
2023-07-27,SMD-0009,ADANIGREEN,NSE:ADANIGREEN-EQ,1148.0,1172.5,1111.2,1119.2,2025025,FYERS_HISTORY,2026-08-08T22:59:02+05:30
2023-07-28,SMD-0009,ADANIGREEN,NSE:ADANIGREEN-EQ,1129.0,1134.8,1085.0,1092.6,1524478,FYERS_HISTORY,2026-08-08T22:59:02+05:30
2023-07-31,SMD-0009,ADANIGREEN,NSE:ADANIGREEN-EQ,1109.0,1137.9,1080.0,1093.3,3152824,FYERS_HISTORY,2026-08-08T22:59:02+05:30
2023-08-01,SMD-0009,ADANIGREEN,NSE:ADANIGREEN-EQ,1115.0,1131.85,1083.8,1087.05,2143083,FYERS_HISTORY,2026-08-08T22:59:02+05:30
2023-08-02,SMD-0009,ADANIGREEN,NSE:ADANIGREEN-EQ,1087.0,1094.0,1045.05,1052.45,1245613,FYERS_HISTORY,2026-08-08T22:59:02+05:30
2023-08-03,SMD-0009,ADANIGREEN,NSE:ADANIGREEN-EQ,1052.45,1067.0,1028.05,1036.0,2555083,FYERS_HISTORY,2026-08-08T22:59:02+05:30
2023-08-04,SMD-0009,ADANIGREEN,NSE:ADANIGREEN-EQ,1041.7,1062.25,1008.15,1012.55,924378,FYERS_HISTORY,2026-08-08T22:59:02+05:30
2023-08-07,SMD-0009,ADANIGREEN,NSE:ADANIGREEN-EQ,1015.9,1018.5,885.1,965.9,9340727,FYERS_HISTORY,2026-08-08T22:59:02+05:30
2023-08-08,SMD-0009,ADANIGREEN,NSE:ADANIGREEN-EQ,977.7,1014.8,973.4,984.3,3855260,FYERS_HISTORY,2026-08-08T22:59:02+05:30
2023-08-09,SMD-0009,ADANIGREEN,NSE:ADANIGREEN-EQ,994.9,1003.0,960.1,971.3,1692921,FYERS_HISTORY,2026-08-08T22:59:02+05:30
2023-08-10,SMD-0009,ADANIGREEN,NSE:ADANIGREEN-EQ,976.65,988.0,970.45,973.9,1202964,FYERS_HISTORY,2026-08-08T22:59:02+05:30
2023-08-11,SMD-0009,ADANIGREEN,NSE:ADANIGREEN-EQ,979.05,988.0,967.05,971.35,816244,FYERS_HISTORY,2026-08-08T22:59:02+05:30
2023-08-14,SMD-0009,ADANIGREEN,NSE:ADANIGREEN-EQ,950.0,958.8,940.1,951.25,1039901,FYERS_HISTORY,2026-08-08T22:59:02+05:30
2023-08-16,SMD-0009,ADANIGREEN,NSE:ADANIGREEN-EQ,956.6,962.75,942.8,948.5,812634,FYERS_HISTORY,2026-08-08T22:59:02+05:30
2023-08-17,SMD-0009,ADANIGREEN,NSE:ADANIGREEN-EQ,955.0,959.65,930.0,933.5,1203944,FYERS_HISTORY,2026-08-08T22:59:02+05:30
2023-08-18,SMD-0009,ADANIGREEN,NSE:ADANIGREEN-EQ,940.55,1024.95,938.15,994.75,5524623,FYERS_HISTORY,2026-08-08T22:59:02+05:30
2023-08-21,SMD-0009,ADANIGREEN,NSE:ADANIGREEN-EQ,1006.4,1035.0,1003.4,1020.05,2525140,FYERS_HISTORY,2026-08-08T22:59:02+05:30
2023-08-22,SMD-0009,ADANIGREEN,NSE:ADANIGREEN-EQ,1029.9,1044.85,1009.15,1015.1,1863617,FYERS_HISTORY,2026-08-08T22:59:02+05:30
2023-08-23,SMD-0009,ADANIGREEN,NSE:ADANIGREEN-EQ,1020.8,1024.8,953.0,971.5,1549871,FYERS_HISTORY,2026-08-08T22:59:02+05:30
2023-08-24,SMD-0009,ADANIGREEN,NSE:ADANIGREEN-EQ,985.0,1001.95,977.1,983.65,949991,FYERS_HISTORY,2026-08-08T22:59:02+05:30
2023-08-25,SMD-0009,ADANIGREEN,NSE:ADANIGREEN-EQ,985.4,995.0,973.0,979.45,589826,FYERS_HISTORY,2026-08-08T22:59:02+05:30
2023-08-28,SMD-0009,ADANIGREEN,NSE:ADANIGREEN-EQ,997.1,998.5,965.6,980.1,650632,FYERS_HISTORY,2026-08-08T22:59:02+05:30
2023-08-29,SMD-0009,ADANIGREEN,NSE:ADANIGREEN-EQ,984.05,985.0,963.05,974.5,1469569,FYERS_HISTORY,2026-08-08T22:59:02+05:30
2023-08-30,SMD-0009,ADANIGREEN,NSE:ADANIGREEN-EQ,974.5,977.85,966.0,970.5,705104,FYERS_HISTORY,2026-08-08T22:59:02+05:30
2023-08-31,SMD-0009,ADANIGREEN,NSE:ADANIGREEN-EQ,932.05,959.85,920.7,928.65,4440751,FYERS_HISTORY,2026-08-08T22:59:02+05:30
2023-09-01,SMD-0009,ADANIGREEN,NSE:ADANIGREEN-EQ,928.6,957.0,905.15,949.1,4096797,FYERS_HISTORY,2026-08-08T22:59:02+05:30
2023-09-04,SMD-0009,ADANIGREEN,NSE:ADANIGREEN-EQ,952.9,964.0,942.0,959.2,4893856,FYERS_HISTORY,2026-08-08T22:59:02+05:30
2023-09-05,SMD-0009,ADANIGREEN,NSE:ADANIGREEN-EQ,959.2,968.5,951.7,962.1,5108072,FYERS_HISTORY,2026-08-08T22:59:02+05:30
2023-09-06,SMD-0009,ADANIGREEN,NSE:ADANIGREEN-EQ,963.0,1015.0,954.0,1006.1,7453688,FYERS_HISTORY,2026-08-08T22:59:02+05:30
2023-09-07,SMD-0009,ADANIGREEN,NSE:ADANIGREEN-EQ,1009.85,1015.15,995.0,1002.65,5105272,FYERS_HISTORY,2026-08-08T22:59:02+05:30
2023-09-08,SMD-0009,ADANIGREEN,NSE:ADANIGREEN-EQ,1002.65,1012.35,998.0,1001.2,5254899,FYERS_HISTORY,2026-08-08T22:59:02+05:30
2023-09-11,SMD-0009,ADANIGREEN,NSE:ADANIGREEN-EQ,1017.95,1025.85,1002.8,1014.65,7208880,FYERS_HISTORY,2026-08-08T22:59:02+05:30
2023-09-12,SMD-0009,ADANIGREEN,NSE:ADANIGREEN-EQ,1021.95,1026.95,985.0,1004.8,7833978,FYERS_HISTORY,2026-08-08T22:59:02+05:30
2023-09-13,SMD-0009,ADANIGREEN,NSE:ADANIGREEN-EQ,1002.75,1002.9,967.0,985.8,962195,FYERS_HISTORY,2026-08-08T22:59:02+05:30
2023-09-14,SMD-0009,ADANIGREEN,NSE:ADANIGREEN-EQ,990.95,999.95,982.0,983.8,466895,FYERS_HISTORY,2026-08-08T22:59:02+05:30
2023-09-15,SMD-0009,ADANIGREEN,NSE:ADANIGREEN-EQ,990.0,1012.0,983.8,1006.45,1393292,FYERS_HISTORY,2026-08-08T22:59:02+05:30
2023-09-18,SMD-0009,ADANIGREEN,NSE:ADANIGREEN-EQ,1015.0,1029.95,1001.0,1004.95,5210864,FYERS_HISTORY,2026-08-08T22:59:02+05:30
2023-09-20,SMD-0009,ADANIGREEN,NSE:ADANIGREEN-EQ,1004.95,1025.25,988.15,1008.95,7657175,FYERS_HISTORY,2026-08-08T22:59:02+05:30
2023-09-21,SMD-0009,ADANIGREEN,NSE:ADANIGREEN-EQ,1017.45,1026.0,1007.9,1023.45,8252497,FYERS_HISTORY,2026-08-08T22:59:02+05:30
2023-09-22,SMD-0009,ADANIGREEN,NSE:ADANIGREEN-EQ,1025.0,1025.45,999.0,1018.8,6840537,FYERS_HISTORY,2026-08-08T22:59:02+05:30
2023-09-25,SMD-0009,ADANIGREEN,NSE:ADANIGREEN-EQ,1021.95,1021.95,1002.4,1013.8,4649263,FYERS_HISTORY,2026-08-08T22:59:02+05:30
2023-09-26,SMD-0009,ADANIGREEN,NSE:ADANIGREEN-EQ,1016.6,1016.6,999.0,1012.3,5535950,FYERS_HISTORY,2026-08-08T22:59:02+05:30
2023-09-27,SMD-0009,ADANIGREEN,NSE:ADANIGREEN-EQ,1000.0,1020.0,998.0,1018.75,5379612,FYERS_HISTORY,2026-08-08T22:59:02+05:30
2023-09-28,SMD-0009,ADANIGREEN,NSE:ADANIGREEN-EQ,1020.0,1021.25,1001.0,1012.45,3914462,FYERS_HISTORY,2026-08-08T22:59:02+05:30
2023-09-29,SMD-0009,ADANIGREEN,NSE:ADANIGREEN-EQ,1005.05,1011.95,984.0,987.15,895626,FYERS_HISTORY,2026-08-08T22:59:02+05:30
2023-10-03,SMD-0009,ADANIGREEN,NSE:ADANIGREEN-EQ,995.1,997.95,970.0,973.95,500850,FYERS_HISTORY,2026-08-08T22:59:02+05:30
2023-10-04,SMD-0009,ADANIGREEN,NSE:ADANIGREEN-EQ,975.05,997.4,965.25,971.9,755636,FYERS_HISTORY,2026-08-08T22:59:02+05:30
2023-10-05,SMD-0009,ADANIGREEN,NSE:ADANIGREEN-EQ,978.95,982.1,955.0,959.65,451208,FYERS_HISTORY,2026-08-08T22:59:02+05:30
2023-10-06,SMD-0009,ADANIGREEN,NSE:ADANIGREEN-EQ,965.0,968.95,958.55,961.25,359021,FYERS_HISTORY,2026-08-08T22:59:02+05:30
2023-10-09,SMD-0009,ADANIGREEN,NSE:ADANIGREEN-EQ,955.0,955.0,935.65,938.95,574852,FYERS_HISTORY,2026-08-08T22:59:02+05:30
2023-10-10,SMD-0009,ADANIGREEN,NSE:ADANIGREEN-EQ,941.05,949.0,938.0,939.75,356178,FYERS_HISTORY,2026-08-08T22:59:02+05:30
2023-10-11,SMD-0009,ADANIGREEN,NSE:ADANIGREEN-EQ,949.65,970.85,946.3,962.45,775846,FYERS_HISTORY,2026-08-08T22:59:02+05:30
2023-10-12,SMD-0009,ADANIGREEN,NSE:ADANIGREEN-EQ,965.95,969.95,945.15,948.65,353632,FYERS_HISTORY,2026-08-08T22:59:02+05:30
2023-10-13,SMD-0009,ADANIGREEN,NSE:ADANIGREEN-EQ,949.95,952.5,941.7,948.9,290187,FYERS_HISTORY,2026-08-08T22:59:02+05:30
2023-10-16,SMD-0009,ADANIGREEN,NSE:ADANIGREEN-EQ,950.0,956.6,936.0,938.8,376852,FYERS_HISTORY,2026-08-08T22:59:02+05:30
2023-10-17,SMD-0009,ADANIGREEN,NSE:ADANIGREEN-EQ,949.95,958.45,945.2,948.65,363315,FYERS_HISTORY,2026-08-08T22:59:02+05:30
2023-10-18,SMD-0009,ADANIGREEN,NSE:ADANIGREEN-EQ,949.4,953.95,937.0,939.05,281564,FYERS_HISTORY,2026-08-08T22:59:02+05:30
2023-10-19,SMD-0009,ADANIGREEN,NSE:ADANIGREEN-EQ,937.0,942.95,922.35,933.0,291740,FYERS_HISTORY,2026-08-08T22:59:02+05:30
2023-10-20,SMD-0009,ADANIGREEN,NSE:ADANIGREEN-EQ,938.5,946.8,915.75,920.15,625755,FYERS_HISTORY,2026-08-08T22:59:02+05:30
2023-10-23,SMD-0009,ADANIGREEN,NSE:ADANIGREEN-EQ,928.0,929.95,875.0,880.8,695285,FYERS_HISTORY,2026-08-08T22:59:02+05:30
2023-10-25,SMD-0009,ADANIGREEN,NSE:ADANIGREEN-EQ,881.0,899.0,863.75,876.15,464127,FYERS_HISTORY,2026-08-08T22:59:02+05:30
2023-10-26,SMD-0009,ADANIGREEN,NSE:ADANIGREEN-EQ,866.5,869.6,815.55,848.15,1138154,FYERS_HISTORY,2026-08-08T22:59:02+05:30
2023-10-27,SMD-0009,ADANIGREEN,NSE:ADANIGREEN-EQ,852.85,896.6,852.85,870.9,902416,FYERS_HISTORY,2026-08-08T22:59:02+05:30
2023-10-30,SMD-0009,ADANIGREEN,NSE:ADANIGREEN-EQ,875.0,939.8,868.45,915.25,2041633,FYERS_HISTORY,2026-08-08T22:59:02+05:30
2023-10-31,SMD-0009,ADANIGREEN,NSE:ADANIGREEN-EQ,920.0,933.35,904.0,911.65,713136,FYERS_HISTORY,2026-08-08T22:59:02+05:30
2023-11-01,SMD-0009,ADANIGREEN,NSE:ADANIGREEN-EQ,914.7,921.7,876.0,880.25,551732,FYERS_HISTORY,2026-08-08T22:59:02+05:30
2023-11-02,SMD-0009,ADANIGREEN,NSE:ADANIGREEN-EQ,894.0,912.95,884.0,892.1,510410,FYERS_HISTORY,2026-08-08T22:59:02+05:30
2023-11-03,SMD-0009,ADANIGREEN,NSE:ADANIGREEN-EQ,898.95,907.3,897.0,902.7,286930,FYERS_HISTORY,2026-08-08T22:59:02+05:30
2023-11-06,SMD-0009,ADANIGREEN,NSE:ADANIGREEN-EQ,909.9,929.8,908.0,926.5,619386,FYERS_HISTORY,2026-08-08T22:59:02+05:30
2023-11-07,SMD-0009,ADANIGREEN,NSE:ADANIGREEN-EQ,934.7,953.25,916.85,932.15,919787,FYERS_HISTORY,2026-08-08T22:59:02+05:30
2023-11-08,SMD-0009,ADANIGREEN,NSE:ADANIGREEN-EQ,934.95,950.6,932.0,946.65,492815,FYERS_HISTORY,2026-08-08T22:59:02+05:30
2023-11-09,SMD-0009,ADANIGREEN,NSE:ADANIGREEN-EQ,953.0,953.7,933.5,938.1,359924,FYERS_HISTORY,2026-08-08T22:59:02+05:30
2023-11-10,SMD-0009,ADANIGREEN,NSE:ADANIGREEN-EQ,942.8,946.2,927.05,938.7,311274,FYERS_HISTORY,2026-08-08T22:59:02+05:30
2023-11-12,SMD-0009,ADANIGREEN,NSE:ADANIGREEN-EQ,942.95,952.75,941.05,948.1,152098,FYERS_HISTORY,2026-08-08T22:59:02+05:30
2023-11-13,SMD-0009,ADANIGREEN,NSE:ADANIGREEN-EQ,942.05,946.9,932.6,940.15,341112,FYERS_HISTORY,2026-08-08T22:59:02+05:30
2023-11-15,SMD-0009,ADANIGREEN,NSE:ADANIGREEN-EQ,952.0,954.9,940.05,950.15,412643,FYERS_HISTORY,2026-08-08T22:59:02+05:30
2023-11-16,SMD-0009,ADANIGREEN,NSE:ADANIGREEN-EQ,948.0,949.5,939.35,941.35,353018,FYERS_HISTORY,2026-08-08T22:59:02+05:30
2023-11-17,SMD-0009,ADANIGREEN,NSE:ADANIGREEN-EQ,941.35,943.65,930.0,936.1,341144,FYERS_HISTORY,2026-08-08T22:59:02+05:30
2023-11-20,SMD-0009,ADANIGREEN,NSE:ADANIGREEN-EQ,935.0,938.0,915.15,926.2,472979,FYERS_HISTORY,2026-08-08T22:59:02+05:30
2023-11-21,SMD-0009,ADANIGREEN,NSE:ADANIGREEN-EQ,926.2,936.85,920.0,926.6,377892,FYERS_HISTORY,2026-08-08T22:59:02+05:30
2023-11-22,SMD-0009,ADANIGREEN,NSE:ADANIGREEN-EQ,925.95,929.95,910.0,914.45,288736,FYERS_HISTORY,2026-08-08T22:59:02+05:30
2023-11-23,SMD-0009,ADANIGREEN,NSE:ADANIGREEN-EQ,920.0,935.0,910.2,930.7,350091,FYERS_HISTORY,2026-08-08T22:59:02+05:30
2023-11-24,SMD-0009,ADANIGREEN,NSE:ADANIGREEN-EQ,936.0,952.8,920.0,937.9,738018,FYERS_HISTORY,2026-08-08T22:59:02+05:30
2023-11-28,SMD-0009,ADANIGREEN,NSE:ADANIGREEN-EQ,955.0,1099.0,955.0,1052.8,11565049,FYERS_HISTORY,2026-08-08T22:59:02+05:30
2023-11-29,SMD-0009,ADANIGREEN,NSE:ADANIGREEN-EQ,1089.65,1124.9,1021.5,1041.7,6654207,FYERS_HISTORY,2026-08-08T22:59:02+05:30
2023-11-30,SMD-0009,ADANIGREEN,NSE:ADANIGREEN-EQ,1040.0,1040.0,1006.25,1028.8,4253647,FYERS_HISTORY,2026-08-08T22:59:02+05:30
2023-12-01,SMD-0009,ADANIGREEN,NSE:ADANIGREEN-EQ,1042.0,1045.0,1020.0,1026.5,1181792,FYERS_HISTORY,2026-08-08T22:59:02+05:30
2023-12-04,SMD-0009,ADANIGREEN,NSE:ADANIGREEN-EQ,1160.0,1184.0,1092.55,1123.75,5999345,FYERS_HISTORY,2026-08-08T22:59:02+05:30
2023-12-05,SMD-0009,ADANIGREEN,NSE:ADANIGREEN-EQ,1126.0,1348.5,1096.1,1348.5,16961888,FYERS_HISTORY,2026-08-08T22:59:02+05:30
2023-12-06,SMD-0009,ADANIGREEN,NSE:ADANIGREEN-EQ,1474.5,1608.0,1463.25,1563.45,19688066,FYERS_HISTORY,2026-08-08T22:59:02+05:30
2023-12-07,SMD-0009,ADANIGREEN,NSE:ADANIGREEN-EQ,1580.0,1700.0,1565.0,1624.15,10884637,FYERS_HISTORY,2026-08-08T22:59:02+05:30
2023-12-08,SMD-0009,ADANIGREEN,NSE:ADANIGREEN-EQ,1645.0,1668.8,1495.0,1550.3,5410307,FYERS_HISTORY,2026-08-08T22:59:02+05:30
2023-12-11,SMD-0009,ADANIGREEN,NSE:ADANIGREEN-EQ,1554.4,1579.0,1475.0,1530.0,2705685,FYERS_HISTORY,2026-08-08T22:59:02+05:30
2023-12-12,SMD-0009,ADANIGREEN,NSE:ADANIGREEN-EQ,1532.85,1539.9,1453.5,1463.9,2007520,FYERS_HISTORY,2026-08-08T22:59:02+05:30
2023-12-13,SMD-0009,ADANIGREEN,NSE:ADANIGREEN-EQ,1459.0,1459.95,1375.0,1427.7,2826807,FYERS_HISTORY,2026-08-08T22:59:02+05:30
2023-12-14,SMD-0009,ADANIGREEN,NSE:ADANIGREEN-EQ,1435.95,1535.0,1435.95,1508.3,3437936,FYERS_HISTORY,2026-08-08T22:59:02+05:30
2023-12-15,SMD-0009,ADANIGREEN,NSE:ADANIGREEN-EQ,1527.65,1541.0,1501.4,1526.65,1698622,FYERS_HISTORY,2026-08-08T22:59:02+05:30
2023-12-18,SMD-0009,ADANIGREEN,NSE:ADANIGREEN-EQ,1518.95,1544.85,1500.25,1524.65,1077675,FYERS_HISTORY,2026-08-08T22:59:02+05:30
2023-12-19,SMD-0009,ADANIGREEN,NSE:ADANIGREEN-EQ,1530.5,1555.0,1506.0,1531.8,965109,FYERS_HISTORY,2026-08-08T22:59:02+05:30
2023-12-20,SMD-0009,ADANIGREEN,NSE:ADANIGREEN-EQ,1539.75,1569.4,1385.0,1452.15,2233664,FYERS_HISTORY,2026-08-08T22:59:02+05:30
2023-12-21,SMD-0009,ADANIGREEN,NSE:ADANIGREEN-EQ,1390.05,1549.0,1390.05,1519.55,2134995,FYERS_HISTORY,2026-08-08T22:59:02+05:30
2023-12-22,SMD-0009,ADANIGREEN,NSE:ADANIGREEN-EQ,1543.0,1546.0,1500.0,1533.1,1062643,FYERS_HISTORY,2026-08-08T22:59:02+05:30
2023-12-26,SMD-0009,ADANIGREEN,NSE:ADANIGREEN-EQ,1555.0,1632.0,1551.55,1600.2,2810862,FYERS_HISTORY,2026-08-08T22:59:02+05:30
2023-12-27,SMD-0009,ADANIGREEN,NSE:ADANIGREEN-EQ,1644.0,1657.95,1570.05,1601.1,2120712,FYERS_HISTORY,2026-08-08T22:59:02+05:30
2023-12-28,SMD-0009,ADANIGREEN,NSE:ADANIGREEN-EQ,1605.1,1608.4,1555.0,1561.0,1156469,FYERS_HISTORY,2026-08-08T22:59:02+05:30
2023-12-29,SMD-0009,ADANIGREEN,NSE:ADANIGREEN-EQ,1570.0,1616.5,1545.0,1597.0,1160954,FYERS_HISTORY,2026-08-08T22:59:02+05:30
2024-01-01,SMD-0009,ADANIGREEN,NSE:ADANIGREEN-EQ,1598.0,1620.0,1585.0,1598.4,912757,FYERS_HISTORY,2026-08-08T22:59:02+05:30
2024-01-02,SMD-0009,ADANIGREEN,NSE:ADANIGREEN-EQ,1598.8,1616.0,1565.7,1603.55,1031651,FYERS_HISTORY,2026-08-08T22:59:02+05:30
2024-01-03,SMD-0009,ADANIGREEN,NSE:ADANIGREEN-EQ,1699.0,1747.4,1610.0,1697.25,8064214,FYERS_HISTORY,2026-08-08T22:59:02+05:30
2024-01-04,SMD-0009,ADANIGREEN,NSE:ADANIGREEN-EQ,1706.55,1723.0,1675.05,1692.5,1492988,FYERS_HISTORY,2026-08-08T22:59:02+05:30
2024-01-05,SMD-0009,ADANIGREEN,NSE:ADANIGREEN-EQ,1695.0,1700.0,1660.0,1674.0,871729,FYERS_HISTORY,2026-08-08T22:59:02+05:30
2024-01-08,SMD-0009,ADANIGREEN,NSE:ADANIGREEN-EQ,1685.3,1714.0,1665.0,1680.05,1137776,FYERS_HISTORY,2026-08-08T22:59:02+05:30
2024-01-09,SMD-0009,ADANIGREEN,NSE:ADANIGREEN-EQ,1698.05,1725.0,1679.05,1683.4,939531,FYERS_HISTORY,2026-08-08T22:59:02+05:30
2024-01-10,SMD-0009,ADANIGREEN,NSE:ADANIGREEN-EQ,1704.0,1755.0,1691.0,1723.25,2417233,FYERS_HISTORY,2026-08-08T22:59:02+05:30
2024-01-11,SMD-0009,ADANIGREEN,NSE:ADANIGREEN-EQ,1739.0,1762.05,1702.0,1714.15,985473,FYERS_HISTORY,2026-08-08T22:59:02+05:30
2024-01-12,SMD-0009,ADANIGREEN,NSE:ADANIGREEN-EQ,1725.6,1746.1,1705.1,1710.7,620508,FYERS_HISTORY,2026-08-08T22:59:02+05:30
2024-01-15,SMD-0009,ADANIGREEN,NSE:ADANIGREEN-EQ,1725.0,1727.1,1685.0,1694.8,687285,FYERS_HISTORY,2026-08-08T22:59:02+05:30
2024-01-16,SMD-0009,ADANIGREEN,NSE:ADANIGREEN-EQ,1693.5,1693.8,1660.0,1666.8,961314,FYERS_HISTORY,2026-08-08T22:59:02+05:30
2024-01-17,SMD-0009,ADANIGREEN,NSE:ADANIGREEN-EQ,1653.0,1656.95,1605.1,1615.0,1151828,FYERS_HISTORY,2026-08-08T22:59:02+05:30
2024-01-18,SMD-0009,ADANIGREEN,NSE:ADANIGREEN-EQ,1615.0,1629.0,1565.65,1588.25,994211,FYERS_HISTORY,2026-08-08T22:59:02+05:30
2024-01-19,SMD-0009,ADANIGREEN,NSE:ADANIGREEN-EQ,1610.0,1619.15,1562.75,1570.75,796187,FYERS_HISTORY,2026-08-08T22:59:02+05:30
2024-01-20,SMD-0009,ADANIGREEN,NSE:ADANIGREEN-EQ,1580.0,1700.0,1575.4,1678.3,1094274,FYERS_HISTORY,2026-08-08T22:59:02+05:30
2024-01-23,SMD-0009,ADANIGREEN,NSE:ADANIGREEN-EQ,1740.0,1745.0,1632.0,1680.9,1594674,FYERS_HISTORY,2026-08-08T22:59:02+05:30
2024-01-24,SMD-0009,ADANIGREEN,NSE:ADANIGREEN-EQ,1687.95,1687.95,1629.0,1641.35,9489231,FYERS_HISTORY,2026-08-08T22:59:02+05:30
2024-01-25,SMD-0009,ADANIGREEN,NSE:ADANIGREEN-EQ,1647.0,1677.0,1636.05,1664.8,1088872,FYERS_HISTORY,2026-08-08T22:59:02+05:30
2024-01-29,SMD-0009,ADANIGREEN,NSE:ADANIGREEN-EQ,1684.95,1750.0,1673.45,1715.5,3435566,FYERS_HISTORY,2026-08-08T22:59:02+05:30
2024-01-30,SMD-0009,ADANIGREEN,NSE:ADANIGREEN-EQ,1720.0,1722.0,1674.0,1679.45,992518,FYERS_HISTORY,2026-08-08T22:59:02+05:30
2024-01-31,SMD-0009,ADANIGREEN,NSE:ADANIGREEN-EQ,1680.0,1694.9,1665.05,1669.45,802666,FYERS_HISTORY,2026-08-08T22:59:02+05:30
2024-02-01,SMD-0009,ADANIGREEN,NSE:ADANIGREEN-EQ,1689.0,1706.0,1655.65,1665.95,1735338,FYERS_HISTORY,2026-08-08T22:59:02+05:30
2024-02-02,SMD-0009,ADANIGREEN,NSE:ADANIGREEN-EQ,1681.9,1698.95,1663.85,1674.25,946215,FYERS_HISTORY,2026-08-08T22:59:02+05:30
2024-02-05,SMD-0009,ADANIGREEN,NSE:ADANIGREEN-EQ,1684.0,1698.0,1651.6,1668.65,1070961,FYERS_HISTORY,2026-08-08T22:59:02+05:30
2024-02-06,SMD-0009,ADANIGREEN,NSE:ADANIGREEN-EQ,1668.65,1744.95,1653.0,1721.65,1975868,FYERS_HISTORY,2026-08-08T22:59:02+05:30
2024-02-07,SMD-0009,ADANIGREEN,NSE:ADANIGREEN-EQ,1749.5,1990.0,1746.0,1866.0,8925796,FYERS_HISTORY,2026-08-08T22:59:02+05:30
2024-02-08,SMD-0009,ADANIGREEN,NSE:ADANIGREEN-EQ,1884.1,1918.0,1820.0,1827.95,1698528,FYERS_HISTORY,2026-08-08T22:59:02+05:30
2024-02-09,SMD-0009,ADANIGREEN,NSE:ADANIGREEN-EQ,1836.9,1918.0,1805.55,1880.7,3159808,FYERS_HISTORY,2026-08-08T22:59:02+05:30
2024-02-12,SMD-0009,ADANIGREEN,NSE:ADANIGREEN-EQ,1888.05,1908.0,1830.0,1842.6,2383164,FYERS_HISTORY,2026-08-08T22:59:02+05:30
2024-02-13,SMD-0009,ADANIGREEN,NSE:ADANIGREEN-EQ,1853.0,1861.5,1734.3,1815.55,1771092,FYERS_HISTORY,2026-08-08T22:59:02+05:30
2024-02-14,SMD-0009,ADANIGREEN,NSE:ADANIGREEN-EQ,1813.0,1882.95,1796.4,1852.25,2627140,FYERS_HISTORY,2026-08-08T22:59:02+05:30
2024-02-15,SMD-0009,ADANIGREEN,NSE:ADANIGREEN-EQ,1868.0,1959.7,1857.15,1900.75,3184514,FYERS_HISTORY,2026-08-08T22:59:02+05:30
2024-02-16,SMD-0009,ADANIGREEN,NSE:ADANIGREEN-EQ,1910.05,1930.75,1891.65,1904.75,1701073,FYERS_HISTORY,2026-08-08T22:59:02+05:30
2024-02-19,SMD-0009,ADANIGREEN,NSE:ADANIGREEN-EQ,1919.0,1975.0,1911.65,1955.05,2401867,FYERS_HISTORY,2026-08-08T22:59:02+05:30
2024-02-20,SMD-0009,ADANIGREEN,NSE:ADANIGREEN-EQ,1963.7,1964.0,1920.0,1926.65,1252526,FYERS_HISTORY,2026-08-08T22:59:02+05:30
2024-02-21,SMD-0009,ADANIGREEN,NSE:ADANIGREEN-EQ,1926.0,1962.1,1880.05,1904.95,1184961,FYERS_HISTORY,2026-08-08T22:59:02+05:30
2024-02-22,SMD-0009,ADANIGREEN,NSE:ADANIGREEN-EQ,1915.0,1930.0,1866.7,1922.65,680137,FYERS_HISTORY,2026-08-08T22:59:02+05:30
2024-02-23,SMD-0009,ADANIGREEN,NSE:ADANIGREEN-EQ,1930.5,1943.3,1910.0,1923.3,599092,FYERS_HISTORY,2026-08-08T22:59:02+05:30
2024-02-26,SMD-0009,ADANIGREEN,NSE:ADANIGREEN-EQ,1931.4,2000.0,1925.0,1970.45,1995834,FYERS_HISTORY,2026-08-08T22:59:02+05:30
2024-02-27,SMD-0009,ADANIGREEN,NSE:ADANIGREEN-EQ,1964.0,2018.95,1947.95,1979.5,1002672,FYERS_HISTORY,2026-08-08T22:59:02+05:30
2024-02-28,SMD-0009,ADANIGREEN,NSE:ADANIGREEN-EQ,1989.8,1996.5,1891.0,1918.15,916806,FYERS_HISTORY,2026-08-08T22:59:02+05:30
2024-02-29,SMD-0009,ADANIGREEN,NSE:ADANIGREEN-EQ,1921.0,1947.35,1855.95,1895.05,2243471,FYERS_HISTORY,2026-08-08T22:59:02+05:30
2024-03-01,SMD-0009,ADANIGREEN,NSE:ADANIGREEN-EQ,1930.0,1998.0,1930.0,1969.55,947398,FYERS_HISTORY,2026-08-08T22:59:02+05:30
2024-03-02,SMD-0009,ADANIGREEN,NSE:ADANIGREEN-EQ,1969.9,1980.75,1946.0,1971.35,116094,FYERS_HISTORY,2026-08-08T22:59:02+05:30
2024-03-04,SMD-0009,ADANIGREEN,NSE:ADANIGREEN-EQ,1977.55,1998.55,1930.0,1940.7,609441,FYERS_HISTORY,2026-08-08T22:59:02+05:30
2024-03-05,SMD-0009,ADANIGREEN,NSE:ADANIGREEN-EQ,1943.2,1970.0,1938.0,1947.4,415461,FYERS_HISTORY,2026-08-08T22:59:02+05:30
2024-03-06,SMD-0009,ADANIGREEN,NSE:ADANIGREEN-EQ,1950.0,1953.5,1894.3,1910.5,643437,FYERS_HISTORY,2026-08-08T22:59:02+05:30
2024-03-07,SMD-0009,ADANIGREEN,NSE:ADANIGREEN-EQ,1919.9,1949.95,1910.8,1929.1,517466,FYERS_HISTORY,2026-08-08T22:59:02+05:30
2024-03-11,SMD-0009,ADANIGREEN,NSE:ADANIGREEN-EQ,1930.0,1983.55,1904.1,1930.3,755932,FYERS_HISTORY,2026-08-08T22:59:02+05:30
2024-03-12,SMD-0009,ADANIGREEN,NSE:ADANIGREEN-EQ,1930.0,1939.0,1873.1,1897.1,639409,FYERS_HISTORY,2026-08-08T22:59:02+05:30
2024-03-13,SMD-0009,ADANIGREEN,NSE:ADANIGREEN-EQ,1897.1,1916.6,1650.0,1725.0,2348187,FYERS_HISTORY,2026-08-08T22:59:02+05:30
2024-03-14,SMD-0009,ADANIGREEN,NSE:ADANIGREEN-EQ,1716.0,1913.0,1663.2,1895.3,1875930,FYERS_HISTORY,2026-08-08T22:59:02+05:30
2024-03-15,SMD-0009,ADANIGREEN,NSE:ADANIGREEN-EQ,1902.0,1944.95,1870.45,1902.6,1749994,FYERS_HISTORY,2026-08-08T22:59:02+05:30
2024-03-18,SMD-0009,ADANIGREEN,NSE:ADANIGREEN-EQ,1810.05,1899.9,1750.85,1869.9,1479146,FYERS_HISTORY,2026-08-08T22:59:02+05:30
2024-03-19,SMD-0009,ADANIGREEN,NSE:ADANIGREEN-EQ,1870.0,1892.4,1801.15,1821.55,587661,FYERS_HISTORY,2026-08-08T22:59:02+05:30
2024-03-20,SMD-0009,ADANIGREEN,NSE:ADANIGREEN-EQ,1834.9,1861.95,1812.85,1847.75,463752,FYERS_HISTORY,2026-08-08T22:59:02+05:30
2024-03-21,SMD-0009,ADANIGREEN,NSE:ADANIGREEN-EQ,1861.0,1869.0,1831.25,1855.35,328500,FYERS_HISTORY,2026-08-08T22:59:02+05:30
2024-03-22,SMD-0009,ADANIGREEN,NSE:ADANIGREEN-EQ,1857.05,1865.0,1837.05,1851.75,390803,FYERS_HISTORY,2026-08-08T22:59:02+05:30
2024-03-26,SMD-0009,ADANIGREEN,NSE:ADANIGREEN-EQ,1840.0,1938.7,1840.0,1859.0,955701,FYERS_HISTORY,2026-08-08T22:59:02+05:30
2024-03-27,SMD-0009,ADANIGREEN,NSE:ADANIGREEN-EQ,1869.7,1895.0,1804.0,1822.5,1172737,FYERS_HISTORY,2026-08-08T22:59:02+05:30
2024-03-28,SMD-0009,ADANIGREEN,NSE:ADANIGREEN-EQ,1832.55,1863.0,1820.0,1835.15,605145,FYERS_HISTORY,2026-08-08T22:59:02+05:30
2024-04-01,SMD-0009,ADANIGREEN,NSE:ADANIGREEN-EQ,1865.0,1908.9,1865.0,1888.3,573430,FYERS_HISTORY,2026-08-08T22:59:02+05:30
2024-04-02,SMD-0009,ADANIGREEN,NSE:ADANIGREEN-EQ,1891.0,1906.0,1872.05,1892.65,440580,FYERS_HISTORY,2026-08-08T22:59:02+05:30
2024-04-03,SMD-0009,ADANIGREEN,NSE:ADANIGREEN-EQ,1893.15,1904.0,1877.0,1878.95,611123,FYERS_HISTORY,2026-08-08T22:59:02+05:30
2024-04-04,SMD-0009,ADANIGREEN,NSE:ADANIGREEN-EQ,1900.5,1925.0,1882.0,1890.85,791178,FYERS_HISTORY,2026-08-08T22:59:02+05:30
2024-04-05,SMD-0009,ADANIGREEN,NSE:ADANIGREEN-EQ,1890.85,1937.75,1875.0,1901.95,724439,FYERS_HISTORY,2026-08-08T22:59:02+05:30
2024-04-08,SMD-0009,ADANIGREEN,NSE:ADANIGREEN-EQ,1948.05,1974.95,1904.4,1919.1,893399,FYERS_HISTORY,2026-08-08T22:59:02+05:30
2024-04-09,SMD-0009,ADANIGREEN,NSE:ADANIGREEN-EQ,1930.4,1945.0,1908.95,1916.2,294088,FYERS_HISTORY,2026-08-08T22:59:02+05:30
2024-04-10,SMD-0009,ADANIGREEN,NSE:ADANIGREEN-EQ,1920.05,1924.15,1895.0,1907.5,301534,FYERS_HISTORY,2026-08-08T22:59:02+05:30
2024-04-12,SMD-0009,ADANIGREEN,NSE:ADANIGREEN-EQ,1907.9,1925.0,1880.0,1884.05,393681,FYERS_HISTORY,2026-08-08T22:59:02+05:30
2024-04-15,SMD-0009,ADANIGREEN,NSE:ADANIGREEN-EQ,1801.0,1850.0,1800.0,1815.1,978516,FYERS_HISTORY,2026-08-08T22:59:02+05:30
2024-04-16,SMD-0009,ADANIGREEN,NSE:ADANIGREEN-EQ,1803.0,1838.1,1802.2,1811.65,495006,FYERS_HISTORY,2026-08-08T22:59:02+05:30
2024-04-18,SMD-0009,ADANIGREEN,NSE:ADANIGREEN-EQ,1829.7,1849.9,1761.2,1775.45,675360,FYERS_HISTORY,2026-08-08T22:59:02+05:30
2024-04-19,SMD-0009,ADANIGREEN,NSE:ADANIGREEN-EQ,1761.2,1785.0,1733.0,1770.05,665956,FYERS_HISTORY,2026-08-08T22:59:02+05:30
2024-04-22,SMD-0009,ADANIGREEN,NSE:ADANIGREEN-EQ,1802.0,1814.6,1780.0,1793.75,346708,FYERS_HISTORY,2026-08-08T22:59:02+05:30
2024-04-23,SMD-0009,ADANIGREEN,NSE:ADANIGREEN-EQ,1809.65,1840.0,1799.7,1816.4,631341,FYERS_HISTORY,2026-08-08T22:59:02+05:30
2024-04-24,SMD-0009,ADANIGREEN,NSE:ADANIGREEN-EQ,1824.95,1838.5,1795.0,1808.3,294136,FYERS_HISTORY,2026-08-08T22:59:02+05:30
2024-04-25,SMD-0009,ADANIGREEN,NSE:ADANIGREEN-EQ,1818.0,1819.65,1792.35,1812.65,405971,FYERS_HISTORY,2026-08-08T22:59:02+05:30
2024-04-26,SMD-0009,ADANIGREEN,NSE:ADANIGREEN-EQ,1820.0,1823.3,1797.05,1806.65,288470,FYERS_HISTORY,2026-08-08T22:59:02+05:30
2024-04-29,SMD-0009,ADANIGREEN,NSE:ADANIGREEN-EQ,1815.9,1822.0,1795.75,1806.85,293373,FYERS_HISTORY,2026-08-08T22:59:02+05:30
2024-04-30,SMD-0009,ADANIGREEN,NSE:ADANIGREEN-EQ,1814.0,1838.8,1791.0,1797.65,488769,FYERS_HISTORY,2026-08-08T22:59:02+05:30
2024-05-02,SMD-0009,ADANIGREEN,NSE:ADANIGREEN-EQ,1798.0,1805.0,1759.2,1786.85,517699,FYERS_HISTORY,2026-08-08T22:59:02+05:30
2024-05-03,SMD-0009,ADANIGREEN,NSE:ADANIGREEN-EQ,1796.0,1820.0,1745.25,1799.8,906386,FYERS_HISTORY,2026-08-08T22:59:02+05:30
2024-05-06,SMD-0009,ADANIGREEN,NSE:ADANIGREEN-EQ,1760.0,1785.95,1750.0,1766.65,558578,FYERS_HISTORY,2026-08-08T22:59:02+05:30
2024-05-07,SMD-0009,ADANIGREEN,NSE:ADANIGREEN-EQ,1759.0,1790.0,1711.0,1726.0,456457,FYERS_HISTORY,2026-08-08T22:59:02+05:30
2024-05-08,SMD-0009,ADANIGREEN,NSE:ADANIGREEN-EQ,1728.0,1799.0,1725.3,1773.0,397007,FYERS_HISTORY,2026-08-08T22:59:02+05:30
2024-05-09,SMD-0009,ADANIGREEN,NSE:ADANIGREEN-EQ,1788.0,1821.65,1702.15,1712.15,490718,FYERS_HISTORY,2026-08-08T22:59:02+05:30
2024-05-10,SMD-0009,ADANIGREEN,NSE:ADANIGREEN-EQ,1730.05,1758.0,1700.05,1714.75,2252527,FYERS_HISTORY,2026-08-08T22:59:02+05:30
2024-05-13,SMD-0009,ADANIGREEN,NSE:ADANIGREEN-EQ,1710.1,1735.0,1660.0,1715.15,3451084,FYERS_HISTORY,2026-08-08T22:59:02+05:30
2024-05-14,SMD-0009,ADANIGREEN,NSE:ADANIGREEN-EQ,1719.0,1800.0,1685.0,1788.8,3657569,FYERS_HISTORY,2026-08-08T22:59:02+05:30
2024-05-15,SMD-0009,ADANIGREEN,NSE:ADANIGREEN-EQ,1790.0,1845.0,1782.65,1839.15,8281198,FYERS_HISTORY,2026-08-08T22:59:02+05:30
2024-05-16,SMD-0009,ADANIGREEN,NSE:ADANIGREEN-EQ,1848.4,1859.8,1807.0,1844.4,3670374,FYERS_HISTORY,2026-08-08T22:59:02+05:30
2024-05-17,SMD-0009,ADANIGREEN,NSE:ADANIGREEN-EQ,1830.05,1840.0,1820.0,1833.0,3248320,FYERS_HISTORY,2026-08-08T22:59:02+05:30
2024-05-18,SMD-0009,ADANIGREEN,NSE:ADANIGREEN-EQ,1837.45,1840.5,1825.0,1831.95,69338,FYERS_HISTORY,2026-08-08T22:59:02+05:30
2024-05-21,SMD-0009,ADANIGREEN,NSE:ADANIGREEN-EQ,1825.0,1919.0,1810.0,1859.35,1274397,FYERS_HISTORY,2026-08-08T22:59:02+05:30
2024-05-22,SMD-0009,ADANIGREEN,NSE:ADANIGREEN-EQ,1879.0,1898.0,1860.0,1866.45,578311,FYERS_HISTORY,2026-08-08T22:59:02+05:30
2024-05-23,SMD-0009,ADANIGREEN,NSE:ADANIGREEN-EQ,1870.0,1909.0,1845.55,1888.8,3893291,FYERS_HISTORY,2026-08-08T22:59:02+05:30
2024-05-24,SMD-0009,ADANIGREEN,NSE:ADANIGREEN-EQ,1898.8,1949.0,1889.05,1926.65,2928305,FYERS_HISTORY,2026-08-08T22:59:02+05:30
2024-05-27,SMD-0009,ADANIGREEN,NSE:ADANIGREEN-EQ,1943.7,1958.8,1891.0,1929.5,4354846,FYERS_HISTORY,2026-08-08T22:59:02+05:30
2024-05-28,SMD-0009,ADANIGREEN,NSE:ADANIGREEN-EQ,1935.0,1935.0,1865.15,1893.65,1846867,FYERS_HISTORY,2026-08-08T22:59:02+05:30
2024-05-29,SMD-0009,ADANIGREEN,NSE:ADANIGREEN-EQ,1872.0,1908.0,1865.35,1879.6,626181,FYERS_HISTORY,2026-08-08T22:59:02+05:30
2024-05-30,SMD-0009,ADANIGREEN,NSE:ADANIGREEN-EQ,1874.0,1894.3,1840.1,1874.9,668450,FYERS_HISTORY,2026-08-08T22:59:02+05:30
2024-05-31,SMD-0009,ADANIGREEN,NSE:ADANIGREEN-EQ,1874.0,1993.9,1870.0,1908.35,4487964,FYERS_HISTORY,2026-08-08T22:59:02+05:30
2024-06-03,SMD-0009,ADANIGREEN,NSE:ADANIGREEN-EQ,2125.0,2174.1,1950.1,2038.0,7236091,FYERS_HISTORY,2026-08-08T22:59:02+05:30
2024-06-04,SMD-0009,ADANIGREEN,NSE:ADANIGREEN-EQ,2029.9,2029.9,1630.4,1646.0,8291356,FYERS_HISTORY,2026-08-08T22:59:02+05:30
2024-06-05,SMD-0009,ADANIGREEN,NSE:ADANIGREEN-EQ,1704.0,1849.3,1545.15,1828.85,5254218,FYERS_HISTORY,2026-08-08T22:59:02+05:30
2024-06-06,SMD-0009,ADANIGREEN,NSE:ADANIGREEN-EQ,1875.0,1919.0,1845.0,1865.2,1909863,FYERS_HISTORY,2026-08-08T22:59:02+05:30
2024-06-07,SMD-0009,ADANIGREEN,NSE:ADANIGREEN-EQ,1845.0,1888.95,1812.8,1864.25,1687744,FYERS_HISTORY,2026-08-08T22:59:02+05:30
2024-06-10,SMD-0009,ADANIGREEN,NSE:ADANIGREEN-EQ,1929.0,1935.0,1859.8,1880.35,1239388,FYERS_HISTORY,2026-08-08T22:59:02+05:30
2024-06-11,SMD-0009,ADANIGREEN,NSE:ADANIGREEN-EQ,1898.0,1898.0,1840.0,1855.7,666368,FYERS_HISTORY,2026-08-08T22:59:02+05:30
2024-06-12,SMD-0009,ADANIGREEN,NSE:ADANIGREEN-EQ,1859.9,1868.6,1818.65,1827.35,596596,FYERS_HISTORY,2026-08-08T22:59:02+05:30
2024-06-13,SMD-0009,ADANIGREEN,NSE:ADANIGREEN-EQ,1839.15,1853.85,1792.05,1797.55,836369,FYERS_HISTORY,2026-08-08T22:59:02+05:30
2024-06-14,SMD-0009,ADANIGREEN,NSE:ADANIGREEN-EQ,1799.0,1825.0,1787.05,1806.3,1154364,FYERS_HISTORY,2026-08-08T22:59:02+05:30
2024-06-18,SMD-0009,ADANIGREEN,NSE:ADANIGREEN-EQ,1825.0,1840.3,1808.0,1814.0,633545,FYERS_HISTORY,2026-08-08T22:59:02+05:30
2024-06-19,SMD-0009,ADANIGREEN,NSE:ADANIGREEN-EQ,1820.0,1821.65,1775.0,1789.65,971693,FYERS_HISTORY,2026-08-08T22:59:02+05:30
2024-06-20,SMD-0009,ADANIGREEN,NSE:ADANIGREEN-EQ,1807.75,1816.4,1785.5,1806.4,724077,FYERS_HISTORY,2026-08-08T22:59:02+05:30
2024-06-21,SMD-0009,ADANIGREEN,NSE:ADANIGREEN-EQ,1810.0,1814.3,1775.25,1780.45,753905,FYERS_HISTORY,2026-08-08T22:59:02+05:30
2024-06-24,SMD-0009,ADANIGREEN,NSE:ADANIGREEN-EQ,1783.8,1830.0,1771.0,1812.35,674744,FYERS_HISTORY,2026-08-08T22:59:02+05:30
2024-06-25,SMD-0009,ADANIGREEN,NSE:ADANIGREEN-EQ,1812.0,1819.7,1786.0,1797.1,441041,FYERS_HISTORY,2026-08-08T22:59:02+05:30
2024-06-26,SMD-0009,ADANIGREEN,NSE:ADANIGREEN-EQ,1804.7,1809.85,1765.0,1774.3,433144,FYERS_HISTORY,2026-08-08T22:59:02+05:30
2024-06-27,SMD-0009,ADANIGREEN,NSE:ADANIGREEN-EQ,1779.9,1817.95,1755.05,1808.45,569485,FYERS_HISTORY,2026-08-08T22:59:02+05:30
2024-06-28,SMD-0009,ADANIGREEN,NSE:ADANIGREEN-EQ,1809.3,1815.0,1777.5,1788.8,485413,FYERS_HISTORY,2026-08-08T22:59:02+05:30
2024-07-01,SMD-0009,ADANIGREEN,NSE:ADANIGREEN-EQ,1790.0,1797.0,1772.1,1776.85,276666,FYERS_HISTORY,2026-08-08T22:59:02+05:30
2024-07-02,SMD-0009,ADANIGREEN,NSE:ADANIGREEN-EQ,1780.15,1818.8,1769.1,1774.15,683054,FYERS_HISTORY,2026-08-08T22:59:02+05:30
2024-07-03,SMD-0009,ADANIGREEN,NSE:ADANIGREEN-EQ,1775.0,1786.4,1762.05,1775.05,549827,FYERS_HISTORY,2026-08-08T22:59:02+05:30
2024-07-04,SMD-0009,ADANIGREEN,NSE:ADANIGREEN-EQ,1780.0,1780.0,1764.0,1766.8,344262,FYERS_HISTORY,2026-08-08T22:59:02+05:30
2024-07-05,SMD-0009,ADANIGREEN,NSE:ADANIGREEN-EQ,1765.2,1775.0,1751.25,1754.3,398933,FYERS_HISTORY,2026-08-08T22:59:02+05:30
2024-07-08,SMD-0009,ADANIGREEN,NSE:ADANIGREEN-EQ,1759.95,1765.45,1729.0,1756.45,490893,FYERS_HISTORY,2026-08-08T22:59:02+05:30
2024-07-09,SMD-0009,ADANIGREEN,NSE:ADANIGREEN-EQ,1761.0,1815.0,1748.3,1756.3,674011,FYERS_HISTORY,2026-08-08T22:59:02+05:30
2024-07-10,SMD-0009,ADANIGREEN,NSE:ADANIGREEN-EQ,1766.7,1770.6,1732.15,1755.65,438959,FYERS_HISTORY,2026-08-08T22:59:02+05:30
2024-07-11,SMD-0009,ADANIGREEN,NSE:ADANIGREEN-EQ,1756.0,1763.4,1740.0,1747.05,351498,FYERS_HISTORY,2026-08-08T22:59:02+05:30
2024-07-12,SMD-0009,ADANIGREEN,NSE:ADANIGREEN-EQ,1752.95,1756.75,1729.0,1735.25,365490,FYERS_HISTORY,2026-08-08T22:59:02+05:30
2024-07-15,SMD-0009,ADANIGREEN,NSE:ADANIGREEN-EQ,1736.0,1749.8,1726.0,1741.1,293609,FYERS_HISTORY,2026-08-08T22:59:02+05:30
2024-07-16,SMD-0009,ADANIGREEN,NSE:ADANIGREEN-EQ,1757.95,1820.0,1750.5,1759.95,1231412,FYERS_HISTORY,2026-08-08T22:59:02+05:30
2024-07-18,SMD-0009,ADANIGREEN,NSE:ADANIGREEN-EQ,1770.0,1780.95,1725.0,1747.55,784726,FYERS_HISTORY,2026-08-08T22:59:02+05:30
2024-07-19,SMD-0009,ADANIGREEN,NSE:ADANIGREEN-EQ,1750.0,1751.9,1712.6,1723.3,397349,FYERS_HISTORY,2026-08-08T22:59:02+05:30
2024-07-22,SMD-0009,ADANIGREEN,NSE:ADANIGREEN-EQ,1723.95,1735.65,1700.2,1715.25,309254,FYERS_HISTORY,2026-08-08T22:59:02+05:30
2024-07-23,SMD-0009,ADANIGREEN,NSE:ADANIGREEN-EQ,1750.0,1792.0,1680.0,1720.3,2181097,FYERS_HISTORY,2026-08-08T22:59:02+05:30
2024-07-24,SMD-0009,ADANIGREEN,NSE:ADANIGREEN-EQ,1748.0,1748.0,1711.3,1716.0,535197,FYERS_HISTORY,2026-08-08T22:59:02+05:30
2024-07-25,SMD-0009,ADANIGREEN,NSE:ADANIGREEN-EQ,1710.0,1849.95,1701.0,1820.5,3002543,FYERS_HISTORY,2026-08-08T22:59:02+05:30
2024-07-26,SMD-0009,ADANIGREEN,NSE:ADANIGREEN-EQ,1887.8,1903.65,1788.0,1803.7,2836113,FYERS_HISTORY,2026-08-08T22:59:02+05:30
2024-07-29,SMD-0009,ADANIGREEN,NSE:ADANIGREEN-EQ,1824.85,1855.0,1800.1,1836.25,8946891,FYERS_HISTORY,2026-08-08T22:59:02+05:30
2024-07-30,SMD-0009,ADANIGREEN,NSE:ADANIGREEN-EQ,1845.0,1876.45,1824.0,1832.4,8899979,FYERS_HISTORY,2026-08-08T22:59:02+05:30
2024-07-31,SMD-0009,ADANIGREEN,NSE:ADANIGREEN-EQ,1844.0,1866.0,1811.25,1847.2,9922499,FYERS_HISTORY,2026-08-08T22:59:02+05:30
2024-08-01,SMD-0009,ADANIGREEN,NSE:ADANIGREEN-EQ,1850.0,1920.0,1843.35,1901.95,11727943,FYERS_HISTORY,2026-08-08T22:59:02+05:30
2024-08-02,SMD-0009,ADANIGREEN,NSE:ADANIGREEN-EQ,1868.95,1914.8,1861.15,1881.4,1827128,FYERS_HISTORY,2026-08-08T22:59:02+05:30
2024-08-05,SMD-0009,ADANIGREEN,NSE:ADANIGREEN-EQ,1810.0,1854.5,1760.0,1768.75,1759935,FYERS_HISTORY,2026-08-08T22:59:02+05:30
2024-08-06,SMD-0009,ADANIGREEN,NSE:ADANIGREEN-EQ,1800.0,1823.0,1742.3,1749.6,1125446,FYERS_HISTORY,2026-08-08T22:59:02+05:30
2024-08-07,SMD-0009,ADANIGREEN,NSE:ADANIGREEN-EQ,1776.75,1791.95,1763.0,1772.5,576702,FYERS_HISTORY,2026-08-08T22:59:02+05:30
2024-08-08,SMD-0009,ADANIGREEN,NSE:ADANIGREEN-EQ,1781.4,1802.1,1767.05,1778.15,539305,FYERS_HISTORY,2026-08-08T22:59:02+05:30
2024-08-09,SMD-0009,ADANIGREEN,NSE:ADANIGREEN-EQ,1800.0,1806.0,1772.0,1780.85,392051,FYERS_HISTORY,2026-08-08T22:59:02+05:30
2024-08-12,SMD-0009,ADANIGREEN,NSE:ADANIGREEN-EQ,1725.0,1816.0,1667.5,1798.3,4029054,FYERS_HISTORY,2026-08-08T22:59:02+05:30
2024-08-13,SMD-0009,ADANIGREEN,NSE:ADANIGREEN-EQ,1816.2,1847.4,1809.15,1825.65,1303132,FYERS_HISTORY,2026-08-08T22:59:02+05:30
2024-08-14,SMD-0009,ADANIGREEN,NSE:ADANIGREEN-EQ,1800.0,1826.45,1783.4,1808.3,815835,FYERS_HISTORY,2026-08-08T22:59:02+05:30
2024-08-16,SMD-0009,ADANIGREEN,NSE:ADANIGREEN-EQ,1808.3,1840.0,1787.0,1831.0,883836,FYERS_HISTORY,2026-08-08T22:59:02+05:30
2024-08-19,SMD-0009,ADANIGREEN,NSE:ADANIGREEN-EQ,1811.0,1909.9,1810.2,1898.0,1745998,FYERS_HISTORY,2026-08-08T22:59:02+05:30
2024-08-20,SMD-0009,ADANIGREEN,NSE:ADANIGREEN-EQ,1907.7,1940.0,1880.1,1924.6,1088866,FYERS_HISTORY,2026-08-08T22:59:02+05:30
2024-08-21,SMD-0009,ADANIGREEN,NSE:ADANIGREEN-EQ,1925.0,1992.95,1905.0,1920.85,1483458,FYERS_HISTORY,2026-08-08T22:59:02+05:30
2024-08-22,SMD-0009,ADANIGREEN,NSE:ADANIGREEN-EQ,1920.85,1922.0,1870.25,1886.35,755079,FYERS_HISTORY,2026-08-08T22:59:02+05:30
2024-08-23,SMD-0009,ADANIGREEN,NSE:ADANIGREEN-EQ,1889.9,1924.5,1887.5,1900.9,774782,FYERS_HISTORY,2026-08-08T22:59:02+05:30
2024-08-26,SMD-0009,ADANIGREEN,NSE:ADANIGREEN-EQ,1914.0,1914.0,1875.4,1888.9,351168,FYERS_HISTORY,2026-08-08T22:59:02+05:30
2024-08-27,SMD-0009,ADANIGREEN,NSE:ADANIGREEN-EQ,1888.0,1909.0,1875.2,1886.8,307625,FYERS_HISTORY,2026-08-08T22:59:02+05:30
2024-08-28,SMD-0009,ADANIGREEN,NSE:ADANIGREEN-EQ,1880.0,1892.55,1847.25,1861.1,434976,FYERS_HISTORY,2026-08-08T22:59:02+05:30
2024-08-29,SMD-0009,ADANIGREEN,NSE:ADANIGREEN-EQ,1861.0,1879.2,1811.6,1829.65,534410,FYERS_HISTORY,2026-08-08T22:59:02+05:30
2024-08-30,SMD-0009,ADANIGREEN,NSE:ADANIGREEN-EQ,1833.75,1861.8,1824.0,1838.15,1052305,FYERS_HISTORY,2026-08-08T22:59:02+05:30
2024-09-02,SMD-0009,ADANIGREEN,NSE:ADANIGREEN-EQ,1839.1,1960.0,1839.1,1945.7,2881173,FYERS_HISTORY,2026-08-08T22:59:02+05:30
2024-09-03,SMD-0009,ADANIGREEN,NSE:ADANIGREEN-EQ,1947.0,1957.5,1891.0,1897.9,923970,FYERS_HISTORY,2026-08-08T22:59:02+05:30
2024-09-04,SMD-0009,ADANIGREEN,NSE:ADANIGREEN-EQ,1877.0,1935.45,1872.0,1930.9,794724,FYERS_HISTORY,2026-08-08T22:59:02+05:30
2024-09-05,SMD-0009,ADANIGREEN,NSE:ADANIGREEN-EQ,1931.55,1947.0,1885.0,1890.3,576528,FYERS_HISTORY,2026-08-08T22:59:02+05:30
2024-09-06,SMD-0009,ADANIGREEN,NSE:ADANIGREEN-EQ,1902.9,1929.45,1852.3,1863.3,777226,FYERS_HISTORY,2026-08-08T22:59:02+05:30
2024-09-09,SMD-0009,ADANIGREEN,NSE:ADANIGREEN-EQ,1865.0,1882.65,1822.4,1865.75,717802,FYERS_HISTORY,2026-08-08T22:59:02+05:30
2024-09-10,SMD-0009,ADANIGREEN,NSE:ADANIGREEN-EQ,1866.0,1893.0,1838.5,1849.7,535037,FYERS_HISTORY,2026-08-08T22:59:02+05:30
2024-09-11,SMD-0009,ADANIGREEN,NSE:ADANIGREEN-EQ,1852.1,1865.0,1809.1,1814.45,515632,FYERS_HISTORY,2026-08-08T22:59:02+05:30
2024-09-12,SMD-0009,ADANIGREEN,NSE:ADANIGREEN-EQ,1822.45,1834.9,1805.3,1811.9,456050,FYERS_HISTORY,2026-08-08T22:59:02+05:30
2024-09-13,SMD-0009,ADANIGREEN,NSE:ADANIGREEN-EQ,1807.0,1819.8,1780.4,1788.2,452365,FYERS_HISTORY,2026-08-08T22:59:02+05:30
2024-09-16,SMD-0009,ADANIGREEN,NSE:ADANIGREEN-EQ,1850.0,1941.65,1833.15,1930.8,5342579,FYERS_HISTORY,2026-08-08T22:59:02+05:30
2024-09-17,SMD-0009,ADANIGREEN,NSE:ADANIGREEN-EQ,1930.8,1978.0,1886.0,1954.4,4392980,FYERS_HISTORY,2026-08-08T22:59:02+05:30
2024-09-18,SMD-0009,ADANIGREEN,NSE:ADANIGREEN-EQ,1940.0,1965.0,1925.1,1950.8,2911792,FYERS_HISTORY,2026-08-08T22:59:02+05:30
2024-09-19,SMD-0009,ADANIGREEN,NSE:ADANIGREEN-EQ,1941.0,1968.35,1905.8,1962.95,4625834,FYERS_HISTORY,2026-08-08T22:59:02+05:30
2024-09-20,SMD-0009,ADANIGREEN,NSE:ADANIGREEN-EQ,1962.95,2019.95,1947.0,2003.95,5657903,FYERS_HISTORY,2026-08-08T22:59:02+05:30
2024-09-23,SMD-0009,ADANIGREEN,NSE:ADANIGREEN-EQ,2028.95,2042.9,1963.05,2031.2,3976960,FYERS_HISTORY,2026-08-08T22:59:02+05:30
2024-09-24,SMD-0009,ADANIGREEN,NSE:ADANIGREEN-EQ,2037.6,2079.65,2023.7,2070.55,2241165,FYERS_HISTORY,2026-08-08T22:59:02+05:30
2024-09-25,SMD-0009,ADANIGREEN,NSE:ADANIGREEN-EQ,2079.0,2087.75,2027.1,2066.75,1112406,FYERS_HISTORY,2026-08-08T22:59:02+05:30
2024-09-26,SMD-0009,ADANIGREEN,NSE:ADANIGREEN-EQ,2080.0,2091.0,2039.2,2057.85,804165,FYERS_HISTORY,2026-08-08T22:59:02+05:30
2024-09-27,SMD-0009,ADANIGREEN,NSE:ADANIGREEN-EQ,2060.0,2084.3,1963.75,1981.85,2301548,FYERS_HISTORY,2026-08-08T22:59:02+05:30
2024-09-30,SMD-0009,ADANIGREEN,NSE:ADANIGREEN-EQ,1985.0,1988.45,1891.9,1902.7,1369027,FYERS_HISTORY,2026-08-08T22:59:02+05:30
2024-10-01,SMD-0009,ADANIGREEN,NSE:ADANIGREEN-EQ,1915.55,1929.55,1880.0,1884.95,798097,FYERS_HISTORY,2026-08-08T22:59:02+05:30
2024-10-03,SMD-0009,ADANIGREEN,NSE:ADANIGREEN-EQ,1865.0,1868.6,1775.75,1807.8,1694940,FYERS_HISTORY,2026-08-08T22:59:02+05:30
2024-10-04,SMD-0009,ADANIGREEN,NSE:ADANIGREEN-EQ,1811.9,1835.0,1780.0,1801.2,883170,FYERS_HISTORY,2026-08-08T22:59:02+05:30
2024-10-07,SMD-0009,ADANIGREEN,NSE:ADANIGREEN-EQ,1801.15,1815.1,1735.0,1752.45,694897,FYERS_HISTORY,2026-08-08T22:59:02+05:30
2024-10-08,SMD-0009,ADANIGREEN,NSE:ADANIGREEN-EQ,1751.0,1822.0,1725.55,1813.85,752389,FYERS_HISTORY,2026-08-08T22:59:02+05:30
2024-10-09,SMD-0009,ADANIGREEN,NSE:ADANIGREEN-EQ,1827.0,1833.95,1779.45,1784.45,542956,FYERS_HISTORY,2026-08-08T22:59:02+05:30
2024-10-10,SMD-0009,ADANIGREEN,NSE:ADANIGREEN-EQ,1804.7,1804.7,1758.2,1780.5,595689,FYERS_HISTORY,2026-08-08T22:59:02+05:30
2024-10-11,SMD-0009,ADANIGREEN,NSE:ADANIGREEN-EQ,1782.0,1807.0,1767.0,1792.2,475444,FYERS_HISTORY,2026-08-08T22:59:02+05:30
2024-10-14,SMD-0009,ADANIGREEN,NSE:ADANIGREEN-EQ,1793.0,1804.35,1765.05,1775.35,369972,FYERS_HISTORY,2026-08-08T22:59:02+05:30
2024-10-15,SMD-0009,ADANIGREEN,NSE:ADANIGREEN-EQ,1777.0,1783.9,1750.0,1763.0,335436,FYERS_HISTORY,2026-08-08T22:59:02+05:30
2024-10-16,SMD-0009,ADANIGREEN,NSE:ADANIGREEN-EQ,1760.0,1774.2,1740.55,1751.05,377378,FYERS_HISTORY,2026-08-08T22:59:02+05:30
2024-10-17,SMD-0009,ADANIGREEN,NSE:ADANIGREEN-EQ,1750.05,1767.7,1719.0,1733.55,355958,FYERS_HISTORY,2026-08-08T22:59:02+05:30
2024-10-18,SMD-0009,ADANIGREEN,NSE:ADANIGREEN-EQ,1735.0,1745.5,1703.0,1736.05,410948,FYERS_HISTORY,2026-08-08T22:59:02+05:30
2024-10-21,SMD-0009,ADANIGREEN,NSE:ADANIGREEN-EQ,1741.0,1753.0,1705.0,1710.8,298218,FYERS_HISTORY,2026-08-08T22:59:02+05:30
2024-10-22,SMD-0009,ADANIGREEN,NSE:ADANIGREEN-EQ,1732.0,1747.4,1668.25,1684.45,809408,FYERS_HISTORY,2026-08-08T22:59:02+05:30
2024-10-23,SMD-0009,ADANIGREEN,NSE:ADANIGREEN-EQ,1684.45,1725.0,1627.85,1702.1,1504049,FYERS_HISTORY,2026-08-08T22:59:02+05:30
2024-10-24,SMD-0009,ADANIGREEN,NSE:ADANIGREEN-EQ,1691.0,1710.85,1681.0,1692.4,472958,FYERS_HISTORY,2026-08-08T22:59:02+05:30
2024-10-25,SMD-0009,ADANIGREEN,NSE:ADANIGREEN-EQ,1700.0,1718.9,1625.0,1644.0,707626,FYERS_HISTORY,2026-08-08T22:59:02+05:30
2024-10-28,SMD-0009,ADANIGREEN,NSE:ADANIGREEN-EQ,1644.0,1661.7,1588.55,1613.15,850381,FYERS_HISTORY,2026-08-08T22:59:02+05:30
2024-10-29,SMD-0009,ADANIGREEN,NSE:ADANIGREEN-EQ,1612.0,1641.0,1588.0,1635.1,540217,FYERS_HISTORY,2026-08-08T22:59:02+05:30
2024-10-30,SMD-0009,ADANIGREEN,NSE:ADANIGREEN-EQ,1615.0,1653.75,1596.65,1634.2,713381,FYERS_HISTORY,2026-08-08T22:59:02+05:30
2024-10-31,SMD-0009,ADANIGREEN,NSE:ADANIGREEN-EQ,1642.1,1664.0,1591.95,1598.3,716981,FYERS_HISTORY,2026-08-08T22:59:02+05:30
2024-11-01,SMD-0009,ADANIGREEN,NSE:ADANIGREEN-EQ,1620.0,1639.55,1614.45,1632.65,132414,FYERS_HISTORY,2026-08-08T22:59:02+05:30
2024-11-04,SMD-0009,ADANIGREEN,NSE:ADANIGREEN-EQ,1625.0,1630.0,1606.3,1611.95,388291,FYERS_HISTORY,2026-08-08T22:59:02+05:30
2024-11-05,SMD-0009,ADANIGREEN,NSE:ADANIGREEN-EQ,1600.0,1655.0,1594.0,1644.25,379955,FYERS_HISTORY,2026-08-08T22:59:02+05:30
2024-11-06,SMD-0009,ADANIGREEN,NSE:ADANIGREEN-EQ,1652.0,1733.95,1636.7,1721.15,966147,FYERS_HISTORY,2026-08-08T22:59:02+05:30
2024-11-07,SMD-0009,ADANIGREEN,NSE:ADANIGREEN-EQ,1725.85,1725.85,1635.0,1642.7,848208,FYERS_HISTORY,2026-08-08T22:59:02+05:30
2024-11-08,SMD-0009,ADANIGREEN,NSE:ADANIGREEN-EQ,1640.05,1645.0,1581.4,1598.55,546531,FYERS_HISTORY,2026-08-08T22:59:02+05:30
2024-11-11,SMD-0009,ADANIGREEN,NSE:ADANIGREEN-EQ,1590.1,1599.55,1550.3,1557.4,430658,FYERS_HISTORY,2026-08-08T22:59:02+05:30
2024-11-12,SMD-0009,ADANIGREEN,NSE:ADANIGREEN-EQ,1550.0,1573.0,1511.0,1524.15,523181,FYERS_HISTORY,2026-08-08T22:59:02+05:30
2024-11-13,SMD-0009,ADANIGREEN,NSE:ADANIGREEN-EQ,1503.0,1542.55,1459.55,1468.45,632049,FYERS_HISTORY,2026-08-08T22:59:02+05:30
2024-11-14,SMD-0009,ADANIGREEN,NSE:ADANIGREEN-EQ,1480.0,1519.95,1473.85,1490.3,571469,FYERS_HISTORY,2026-08-08T22:59:02+05:30
2024-11-18,SMD-0009,ADANIGREEN,NSE:ADANIGREEN-EQ,1512.45,1517.75,1450.0,1456.95,626638,FYERS_HISTORY,2026-08-08T22:59:02+05:30
2024-11-19,SMD-0009,ADANIGREEN,NSE:ADANIGREEN-EQ,1448.05,1467.0,1400.1,1412.7,972102,FYERS_HISTORY,2026-08-08T22:59:02+05:30
2024-11-21,SMD-0009,ADANIGREEN,NSE:ADANIGREEN-EQ,1160.0,1212.0,1132.0,1145.7,9523600,FYERS_HISTORY,2026-08-08T22:59:02+05:30
2024-11-22,SMD-0009,ADANIGREEN,NSE:ADANIGREEN-EQ,1085.0,1219.0,1021.0,1051.8,22036694,FYERS_HISTORY,2026-08-08T22:59:02+05:30
2024-11-25,SMD-0009,ADANIGREEN,NSE:ADANIGREEN-EQ,1080.2,1141.0,933.0,968.8,28623200,FYERS_HISTORY,2026-08-08T22:59:02+05:30
2024-11-26,SMD-0009,ADANIGREEN,NSE:ADANIGREEN-EQ,968.8,968.8,891.85,898.55,7526340,FYERS_HISTORY,2026-08-08T22:59:02+05:30
2024-11-27,SMD-0009,ADANIGREEN,NSE:ADANIGREEN-EQ,890.0,988.4,870.25,988.4,10995732,FYERS_HISTORY,2026-08-08T22:59:02+05:30
2024-11-28,SMD-0009,ADANIGREEN,NSE:ADANIGREEN-EQ,1020.0,1087.2,1014.0,1087.2,7840622,FYERS_HISTORY,2026-08-08T22:59:02+05:30
2024-11-29,SMD-0009,ADANIGREEN,NSE:ADANIGREEN-EQ,1149.0,1368.0,1138.5,1323.9,23771119,FYERS_HISTORY,2026-08-08T22:59:02+05:30
2024-12-02,SMD-0009,ADANIGREEN,NSE:ADANIGREEN-EQ,1360.55,1447.7,1301.9,1327.95,19679024,FYERS_HISTORY,2026-08-08T22:59:02+05:30
2024-12-03,SMD-0009,ADANIGREEN,NSE:ADANIGREEN-EQ,1344.0,1365.0,1305.0,1312.8,7685780,FYERS_HISTORY,2026-08-08T22:59:02+05:30
2024-12-04,SMD-0009,ADANIGREEN,NSE:ADANIGREEN-EQ,1320.0,1330.05,1251.9,1260.85,5109679,FYERS_HISTORY,2026-08-08T22:59:02+05:30
2024-12-05,SMD-0009,ADANIGREEN,NSE:ADANIGREEN-EQ,1270.0,1270.6,1220.0,1229.6,4522158,FYERS_HISTORY,2026-08-08T22:59:02+05:30
2024-12-06,SMD-0009,ADANIGREEN,NSE:ADANIGREEN-EQ,1236.05,1266.85,1205.15,1210.65,3815815,FYERS_HISTORY,2026-08-08T22:59:02+05:30
2024-12-09,SMD-0009,ADANIGREEN,NSE:ADANIGREEN-EQ,1210.65,1236.0,1180.0,1216.95,3505936,FYERS_HISTORY,2026-08-08T22:59:02+05:30
2024-12-10,SMD-0009,ADANIGREEN,NSE:ADANIGREEN-EQ,1224.95,1224.95,1165.35,1176.65,3096278,FYERS_HISTORY,2026-08-08T22:59:02+05:30
2024-12-11,SMD-0009,ADANIGREEN,NSE:ADANIGREEN-EQ,1171.0,1189.45,1143.0,1148.05,2666340,FYERS_HISTORY,2026-08-08T22:59:02+05:30
2024-12-12,SMD-0009,ADANIGREEN,NSE:ADANIGREEN-EQ,1143.85,1249.0,1124.2,1217.95,10821668,FYERS_HISTORY,2026-08-08T22:59:02+05:30
2024-12-13,SMD-0009,ADANIGREEN,NSE:ADANIGREEN-EQ,1220.0,1252.3,1179.3,1198.4,6893497,FYERS_HISTORY,2026-08-08T22:59:02+05:30
2024-12-16,SMD-0009,ADANIGREEN,NSE:ADANIGREEN-EQ,1200.95,1210.5,1163.65,1168.05,2717545,FYERS_HISTORY,2026-08-08T22:59:02+05:30
2024-12-17,SMD-0009,ADANIGREEN,NSE:ADANIGREEN-EQ,1167.9,1178.95,1138.0,1143.25,2303877,FYERS_HISTORY,2026-08-08T22:59:02+05:30
2024-12-18,SMD-0009,ADANIGREEN,NSE:ADANIGREEN-EQ,1145.05,1150.0,1102.0,1105.5,2654966,FYERS_HISTORY,2026-08-08T22:59:02+05:30
2024-12-19,SMD-0009,ADANIGREEN,NSE:ADANIGREEN-EQ,1080.0,1103.55,1062.55,1073.65,2938214,FYERS_HISTORY,2026-08-08T22:59:02+05:30
2024-12-20,SMD-0009,ADANIGREEN,NSE:ADANIGREEN-EQ,1074.9,1119.0,1015.1,1034.35,14340608,FYERS_HISTORY,2026-08-08T22:59:02+05:30
2024-12-23,SMD-0009,ADANIGREEN,NSE:ADANIGREEN-EQ,1049.7,1057.95,1023.6,1034.65,2775914,FYERS_HISTORY,2026-08-08T22:59:02+05:30
2024-12-24,SMD-0009,ADANIGREEN,NSE:ADANIGREEN-EQ,1035.6,1059.05,1020.0,1031.05,2494981,FYERS_HISTORY,2026-08-08T22:59:02+05:30
2024-12-26,SMD-0009,ADANIGREEN,NSE:ADANIGREEN-EQ,1030.25,1082.2,1023.0,1064.25,5614636,FYERS_HISTORY,2026-08-08T22:59:03+05:30
2024-12-27,SMD-0009,ADANIGREEN,NSE:ADANIGREEN-EQ,1065.0,1076.65,1044.25,1054.0,2871766,FYERS_HISTORY,2026-08-08T22:59:03+05:30
2024-12-30,SMD-0009,ADANIGREEN,NSE:ADANIGREEN-EQ,1060.0,1113.7,1042.0,1075.65,6974681,FYERS_HISTORY,2026-08-08T22:59:03+05:30
2024-12-31,SMD-0009,ADANIGREEN,NSE:ADANIGREEN-EQ,1070.95,1070.95,1029.0,1040.7,2589661,FYERS_HISTORY,2026-08-08T22:59:03+05:30
2025-01-01,SMD-0009,ADANIGREEN,NSE:ADANIGREEN-EQ,1040.7,1060.0,1038.95,1046.4,1560588,FYERS_HISTORY,2026-08-08T22:59:03+05:30
2025-01-02,SMD-0009,ADANIGREEN,NSE:ADANIGREEN-EQ,1048.0,1055.9,1035.0,1046.5,1415783,FYERS_HISTORY,2026-08-08T22:59:03+05:30
2025-01-03,SMD-0009,ADANIGREEN,NSE:ADANIGREEN-EQ,1049.65,1069.9,1036.0,1038.25,2143236,FYERS_HISTORY,2026-08-08T22:59:03+05:30
2025-01-06,SMD-0009,ADANIGREEN,NSE:ADANIGREEN-EQ,1039.0,1040.5,980.0,982.6,3322540,FYERS_HISTORY,2026-08-08T22:59:03+05:30
2025-01-07,SMD-0009,ADANIGREEN,NSE:ADANIGREEN-EQ,986.95,1014.8,985.1,1005.5,2637204,FYERS_HISTORY,2026-08-08T22:59:03+05:30
2025-01-08,SMD-0009,ADANIGREEN,NSE:ADANIGREEN-EQ,1010.0,1011.55,981.0,988.95,1702163,FYERS_HISTORY,2026-08-08T22:59:03+05:30
2025-01-09,SMD-0009,ADANIGREEN,NSE:ADANIGREEN-EQ,989.5,1002.0,975.1,977.7,1237540,FYERS_HISTORY,2026-08-08T22:59:03+05:30
2025-01-10,SMD-0009,ADANIGREEN,NSE:ADANIGREEN-EQ,970.05,977.5,940.4,943.05,2096676,FYERS_HISTORY,2026-08-08T22:59:03+05:30
2025-01-13,SMD-0009,ADANIGREEN,NSE:ADANIGREEN-EQ,937.8,937.8,885.0,889.75,2618478,FYERS_HISTORY,2026-08-08T22:59:03+05:30
2025-01-14,SMD-0009,ADANIGREEN,NSE:ADANIGREEN-EQ,898.05,1018.4,897.5,1006.85,17198310,FYERS_HISTORY,2026-08-08T22:59:03+05:30
2025-01-15,SMD-0009,ADANIGREEN,NSE:ADANIGREEN-EQ,1040.0,1080.0,1023.5,1035.05,13279463,FYERS_HISTORY,2026-08-08T22:59:03+05:30
2025-01-16,SMD-0009,ADANIGREEN,NSE:ADANIGREEN-EQ,1107.05,1127.0,1063.4,1070.25,7083726,FYERS_HISTORY,2026-08-08T22:59:03+05:30
2025-01-17,SMD-0009,ADANIGREEN,NSE:ADANIGREEN-EQ,1078.9,1089.5,1056.15,1078.2,3486290,FYERS_HISTORY,2026-08-08T22:59:03+05:30
2025-01-20,SMD-0009,ADANIGREEN,NSE:ADANIGREEN-EQ,1082.0,1088.0,1054.25,1066.75,2463260,FYERS_HISTORY,2026-08-08T22:59:03+05:30
2025-01-21,SMD-0009,ADANIGREEN,NSE:ADANIGREEN-EQ,1063.3,1070.0,1037.75,1045.7,1985986,FYERS_HISTORY,2026-08-08T22:59:03+05:30
2025-01-22,SMD-0009,ADANIGREEN,NSE:ADANIGREEN-EQ,1040.0,1042.8,1007.0,1031.7,2656247,FYERS_HISTORY,2026-08-08T22:59:03+05:30
2025-01-23,SMD-0009,ADANIGREEN,NSE:ADANIGREEN-EQ,1026.0,1049.4,1015.0,1030.25,3052259,FYERS_HISTORY,2026-08-08T22:59:03+05:30
2025-01-24,SMD-0009,ADANIGREEN,NSE:ADANIGREEN-EQ,1037.25,1065.0,1006.0,1012.1,4978974,FYERS_HISTORY,2026-08-08T22:59:03+05:30
2025-01-27,SMD-0009,ADANIGREEN,NSE:ADANIGREEN-EQ,995.1,1003.0,982.95,998.95,2286903,FYERS_HISTORY,2026-08-08T22:59:03+05:30
2025-01-28,SMD-0009,ADANIGREEN,NSE:ADANIGREEN-EQ,999.0,1012.75,965.7,987.3,2102556,FYERS_HISTORY,2026-08-08T22:59:03+05:30
2025-01-29,SMD-0009,ADANIGREEN,NSE:ADANIGREEN-EQ,989.0,1006.35,982.4,987.65,1865241,FYERS_HISTORY,2026-08-08T22:59:03+05:30
2025-01-30,SMD-0009,ADANIGREEN,NSE:ADANIGREEN-EQ,986.0,1001.9,965.7,971.85,1871049,FYERS_HISTORY,2026-08-08T22:59:03+05:30
2025-01-31,SMD-0009,ADANIGREEN,NSE:ADANIGREEN-EQ,973.9,1006.8,971.55,997.55,3123886,FYERS_HISTORY,2026-08-08T22:59:03+05:30
2025-02-01,SMD-0009,ADANIGREEN,NSE:ADANIGREEN-EQ,1010.0,1049.9,986.0,996.5,4230202,FYERS_HISTORY,2026-08-08T22:59:03+05:30
2025-02-03,SMD-0009,ADANIGREEN,NSE:ADANIGREEN-EQ,994.9,994.9,967.5,970.1,1672435,FYERS_HISTORY,2026-08-08T22:59:03+05:30
2025-02-04,SMD-0009,ADANIGREEN,NSE:ADANIGREEN-EQ,973.2,990.0,973.2,983.15,1333100,FYERS_HISTORY,2026-08-08T22:59:03+05:30
2025-02-05,SMD-0009,ADANIGREEN,NSE:ADANIGREEN-EQ,987.05,1028.7,987.05,1017.8,2434579,FYERS_HISTORY,2026-08-08T22:59:03+05:30
2025-02-06,SMD-0009,ADANIGREEN,NSE:ADANIGREEN-EQ,1025.9,1025.9,993.5,997.6,1097383,FYERS_HISTORY,2026-08-08T22:59:03+05:30
2025-02-07,SMD-0009,ADANIGREEN,NSE:ADANIGREEN-EQ,999.9,1009.55,984.1,989.5,1238324,FYERS_HISTORY,2026-08-08T22:59:03+05:30
2025-02-10,SMD-0009,ADANIGREEN,NSE:ADANIGREEN-EQ,996.0,998.95,950.05,954.05,1527205,FYERS_HISTORY,2026-08-08T22:59:03+05:30
2025-02-11,SMD-0009,ADANIGREEN,NSE:ADANIGREEN-EQ,965.0,985.9,938.05,946.2,3770394,FYERS_HISTORY,2026-08-08T22:59:03+05:30
2025-02-12,SMD-0009,ADANIGREEN,NSE:ADANIGREEN-EQ,950.05,956.95,897.05,916.9,4095054,FYERS_HISTORY,2026-08-08T22:59:03+05:30
2025-02-13,SMD-0009,ADANIGREEN,NSE:ADANIGREEN-EQ,927.05,945.95,908.05,913.75,2474769,FYERS_HISTORY,2026-08-08T22:59:03+05:30
2025-02-14,SMD-0009,ADANIGREEN,NSE:ADANIGREEN-EQ,920.0,923.65,873.0,884.4,2874948,FYERS_HISTORY,2026-08-08T22:59:03+05:30
2025-02-17,SMD-0009,ADANIGREEN,NSE:ADANIGREEN-EQ,878.95,900.85,840.45,890.35,4343277,FYERS_HISTORY,2026-08-08T22:59:03+05:30
2025-02-18,SMD-0009,ADANIGREEN,NSE:ADANIGREEN-EQ,899.0,904.9,870.1,897.55,2718141,FYERS_HISTORY,2026-08-08T22:59:03+05:30
2025-02-19,SMD-0009,ADANIGREEN,NSE:ADANIGREEN-EQ,875.25,885.85,860.95,864.7,4121742,FYERS_HISTORY,2026-08-08T22:59:03+05:30
2025-02-20,SMD-0009,ADANIGREEN,NSE:ADANIGREEN-EQ,861.0,883.95,845.0,864.95,3499937,FYERS_HISTORY,2026-08-08T22:59:03+05:30
2025-02-21,SMD-0009,ADANIGREEN,NSE:ADANIGREEN-EQ,864.95,877.0,841.0,849.35,2895228,FYERS_HISTORY,2026-08-08T22:59:03+05:30
2025-02-24,SMD-0009,ADANIGREEN,NSE:ADANIGREEN-EQ,840.0,842.7,819.1,836.05,3682290,FYERS_HISTORY,2026-08-08T22:59:03+05:30
2025-02-25,SMD-0009,ADANIGREEN,NSE:ADANIGREEN-EQ,836.5,867.0,828.65,840.65,5299509,FYERS_HISTORY,2026-08-08T22:59:03+05:30
2025-02-27,SMD-0009,ADANIGREEN,NSE:ADANIGREEN-EQ,848.65,859.45,806.3,811.75,5612214,FYERS_HISTORY,2026-08-08T22:59:03+05:30
2025-02-28,SMD-0009,ADANIGREEN,NSE:ADANIGREEN-EQ,795.1,815.0,760.15,774.4,43947584,FYERS_HISTORY,2026-08-08T22:59:03+05:30
2025-03-03,SMD-0009,ADANIGREEN,NSE:ADANIGREEN-EQ,775.0,808.8,758.0,804.1,5720645,FYERS_HISTORY,2026-08-08T22:59:03+05:30
2025-03-04,SMD-0009,ADANIGREEN,NSE:ADANIGREEN-EQ,783.2,796.65,765.6,768.55,7726332,FYERS_HISTORY,2026-08-08T22:59:03+05:30
2025-03-05,SMD-0009,ADANIGREEN,NSE:ADANIGREEN-EQ,769.0,857.9,769.0,848.7,17902240,FYERS_HISTORY,2026-08-08T22:59:03+05:30
2025-03-06,SMD-0009,ADANIGREEN,NSE:ADANIGREEN-EQ,868.8,872.45,836.0,845.95,10166566,FYERS_HISTORY,2026-08-08T22:59:03+05:30
2025-03-07,SMD-0009,ADANIGREEN,NSE:ADANIGREEN-EQ,840.0,847.3,823.15,837.2,6078435,FYERS_HISTORY,2026-08-08T22:59:03+05:30
2025-03-10,SMD-0009,ADANIGREEN,NSE:ADANIGREEN-EQ,840.9,871.0,823.25,826.05,6595111,FYERS_HISTORY,2026-08-08T22:59:03+05:30
2025-03-11,SMD-0009,ADANIGREEN,NSE:ADANIGREEN-EQ,819.25,834.35,810.6,824.2,3495317,FYERS_HISTORY,2026-08-08T22:59:03+05:30
2025-03-12,SMD-0009,ADANIGREEN,NSE:ADANIGREEN-EQ,834.4,858.0,806.35,853.45,4826264,FYERS_HISTORY,2026-08-08T22:59:03+05:30
2025-03-13,SMD-0009,ADANIGREEN,NSE:ADANIGREEN-EQ,874.0,896.85,858.0,873.65,11779180,FYERS_HISTORY,2026-08-08T22:59:03+05:30
2025-03-17,SMD-0009,ADANIGREEN,NSE:ADANIGREEN-EQ,873.65,908.45,868.85,896.45,5903492,FYERS_HISTORY,2026-08-08T22:59:03+05:30
2025-03-18,SMD-0009,ADANIGREEN,NSE:ADANIGREEN-EQ,904.7,911.9,889.1,900.9,4222109,FYERS_HISTORY,2026-08-08T22:59:03+05:30
2025-03-19,SMD-0009,ADANIGREEN,NSE:ADANIGREEN-EQ,904.05,918.75,901.4,911.2,2980425,FYERS_HISTORY,2026-08-08T22:59:03+05:30
2025-03-20,SMD-0009,ADANIGREEN,NSE:ADANIGREEN-EQ,920.3,927.95,902.05,923.4,3210117,FYERS_HISTORY,2026-08-08T22:59:03+05:30
2025-03-21,SMD-0009,ADANIGREEN,NSE:ADANIGREEN-EQ,925.0,983.35,920.55,954.25,8147557,FYERS_HISTORY,2026-08-08T22:59:03+05:30
2025-03-24,SMD-0009,ADANIGREEN,NSE:ADANIGREEN-EQ,972.0,981.0,949.05,952.9,3632791,FYERS_HISTORY,2026-08-08T22:59:03+05:30
2025-03-25,SMD-0009,ADANIGREEN,NSE:ADANIGREEN-EQ,959.0,966.0,916.0,923.4,3504686,FYERS_HISTORY,2026-08-08T22:59:03+05:30
2025-03-26,SMD-0009,ADANIGREEN,NSE:ADANIGREEN-EQ,921.95,942.0,910.0,912.1,3194761,FYERS_HISTORY,2026-08-08T22:59:03+05:30
2025-03-27,SMD-0009,ADANIGREEN,NSE:ADANIGREEN-EQ,910.0,966.6,905.2,959.9,5918219,FYERS_HISTORY,2026-08-08T22:59:03+05:30
2025-03-28,SMD-0009,ADANIGREEN,NSE:ADANIGREEN-EQ,967.85,976.45,942.05,948.65,4083088,FYERS_HISTORY,2026-08-08T22:59:03+05:30
2025-04-01,SMD-0009,ADANIGREEN,NSE:ADANIGREEN-EQ,948.0,962.0,916.65,919.15,3393666,FYERS_HISTORY,2026-08-08T22:59:03+05:30
2025-04-02,SMD-0009,ADANIGREEN,NSE:ADANIGREEN-EQ,926.9,945.1,910.7,943.05,2965379,FYERS_HISTORY,2026-08-08T22:59:03+05:30
2025-04-03,SMD-0009,ADANIGREEN,NSE:ADANIGREEN-EQ,927.0,966.5,927.0,955.3,3305378,FYERS_HISTORY,2026-08-08T22:59:03+05:30
2025-04-04,SMD-0009,ADANIGREEN,NSE:ADANIGREEN-EQ,949.95,956.0,917.65,923.8,3226540,FYERS_HISTORY,2026-08-08T22:59:03+05:30
2025-04-07,SMD-0009,ADANIGREEN,NSE:ADANIGREEN-EQ,850.0,891.95,850.0,873.3,3317613,FYERS_HISTORY,2026-08-08T22:59:03+05:30
2025-04-08,SMD-0009,ADANIGREEN,NSE:ADANIGREEN-EQ,899.0,908.1,873.3,875.8,3363547,FYERS_HISTORY,2026-08-08T22:59:03+05:30
2025-04-09,SMD-0009,ADANIGREEN,NSE:ADANIGREEN-EQ,874.0,878.95,850.5,860.75,2518172,FYERS_HISTORY,2026-08-08T22:59:03+05:30
2025-04-11,SMD-0009,ADANIGREEN,NSE:ADANIGREEN-EQ,890.0,903.4,878.7,893.65,2380909,FYERS_HISTORY,2026-08-08T22:59:03+05:30
2025-04-15,SMD-0009,ADANIGREEN,NSE:ADANIGREEN-EQ,910.0,942.0,901.3,936.65,2944940,FYERS_HISTORY,2026-08-08T22:59:03+05:30
2025-04-16,SMD-0009,ADANIGREEN,NSE:ADANIGREEN-EQ,936.95,955.95,931.5,945.6,2203548,FYERS_HISTORY,2026-08-08T22:59:03+05:30
2025-04-17,SMD-0009,ADANIGREEN,NSE:ADANIGREEN-EQ,945.6,972.0,940.0,947.15,2905274,FYERS_HISTORY,2026-08-08T22:59:03+05:30
2025-04-21,SMD-0009,ADANIGREEN,NSE:ADANIGREEN-EQ,954.7,966.6,944.0,956.25,2149379,FYERS_HISTORY,2026-08-08T22:59:03+05:30
2025-04-22,SMD-0009,ADANIGREEN,NSE:ADANIGREEN-EQ,962.0,965.5,941.55,943.3,2283380,FYERS_HISTORY,2026-08-08T22:59:03+05:30
2025-04-23,SMD-0009,ADANIGREEN,NSE:ADANIGREEN-EQ,950.0,956.9,926.0,952.5,2614789,FYERS_HISTORY,2026-08-08T22:59:03+05:30
2025-04-24,SMD-0009,ADANIGREEN,NSE:ADANIGREEN-EQ,956.9,974.0,948.75,968.95,3604578,FYERS_HISTORY,2026-08-08T22:59:03+05:30
2025-04-25,SMD-0009,ADANIGREEN,NSE:ADANIGREEN-EQ,974.0,975.85,903.7,912.55,6824718,FYERS_HISTORY,2026-08-08T22:59:03+05:30
2025-04-28,SMD-0009,ADANIGREEN,NSE:ADANIGREEN-EQ,915.35,944.95,909.15,941.0,3691409,FYERS_HISTORY,2026-08-08T22:59:03+05:30
2025-04-29,SMD-0009,ADANIGREEN,NSE:ADANIGREEN-EQ,960.0,961.9,918.9,922.4,6040053,FYERS_HISTORY,2026-08-08T22:59:03+05:30
2025-04-30,SMD-0009,ADANIGREEN,NSE:ADANIGREEN-EQ,922.8,929.0,895.0,900.7,3000004,FYERS_HISTORY,2026-08-08T22:59:03+05:30
2025-05-02,SMD-0009,ADANIGREEN,NSE:ADANIGREEN-EQ,902.05,931.95,900.0,905.25,3422602,FYERS_HISTORY,2026-08-08T22:59:03+05:30
2025-05-05,SMD-0009,ADANIGREEN,NSE:ADANIGREEN-EQ,912.7,1003.5,910.55,965.7,13652180,FYERS_HISTORY,2026-08-08T22:59:03+05:30
2025-05-06,SMD-0009,ADANIGREEN,NSE:ADANIGREEN-EQ,966.0,971.25,918.0,923.25,4153763,FYERS_HISTORY,2026-08-08T22:59:03+05:30
2025-05-07,SMD-0009,ADANIGREEN,NSE:ADANIGREEN-EQ,901.2,929.0,901.1,917.25,3179762,FYERS_HISTORY,2026-08-08T22:59:03+05:30
2025-05-08,SMD-0009,ADANIGREEN,NSE:ADANIGREEN-EQ,926.05,933.2,870.2,880.5,4281975,FYERS_HISTORY,2026-08-08T22:59:03+05:30
2025-05-09,SMD-0009,ADANIGREEN,NSE:ADANIGREEN-EQ,859.4,887.85,854.35,879.45,3051122,FYERS_HISTORY,2026-08-08T22:59:03+05:30
2025-05-12,SMD-0009,ADANIGREEN,NSE:ADANIGREEN-EQ,914.9,945.0,911.05,940.55,6222615,FYERS_HISTORY,2026-08-08T22:59:03+05:30
2025-05-13,SMD-0009,ADANIGREEN,NSE:ADANIGREEN-EQ,940.55,973.7,933.2,958.05,4260617,FYERS_HISTORY,2026-08-08T22:59:03+05:30
2025-05-14,SMD-0009,ADANIGREEN,NSE:ADANIGREEN-EQ,966.0,975.0,957.8,967.25,3634440,FYERS_HISTORY,2026-08-08T22:59:03+05:30
2025-05-15,SMD-0009,ADANIGREEN,NSE:ADANIGREEN-EQ,972.1,972.8,953.4,967.9,4951675,FYERS_HISTORY,2026-08-08T22:59:03+05:30
2025-05-16,SMD-0009,ADANIGREEN,NSE:ADANIGREEN-EQ,971.45,1025.0,965.2,1020.1,7644511,FYERS_HISTORY,2026-08-08T22:59:03+05:30
2025-05-19,SMD-0009,ADANIGREEN,NSE:ADANIGREEN-EQ,1031.95,1038.35,1010.05,1014.0,3176879,FYERS_HISTORY,2026-08-08T22:59:03+05:30
2025-05-20,SMD-0009,ADANIGREEN,NSE:ADANIGREEN-EQ,1016.0,1020.95,981.8,983.95,2713486,FYERS_HISTORY,2026-08-08T22:59:03+05:30
2025-05-21,SMD-0009,ADANIGREEN,NSE:ADANIGREEN-EQ,985.0,1003.0,977.2,996.5,2228757,FYERS_HISTORY,2026-08-08T22:59:03+05:30
2025-05-22,SMD-0009,ADANIGREEN,NSE:ADANIGREEN-EQ,996.1,1006.0,977.0,985.85,2233560,FYERS_HISTORY,2026-08-08T22:59:03+05:30
2025-05-23,SMD-0009,ADANIGREEN,NSE:ADANIGREEN-EQ,987.0,999.05,976.0,986.95,2538927,FYERS_HISTORY,2026-08-08T22:59:03+05:30
2025-05-26,SMD-0009,ADANIGREEN,NSE:ADANIGREEN-EQ,997.0,1021.4,993.3,1011.85,3403161,FYERS_HISTORY,2026-08-08T22:59:03+05:30
2025-05-27,SMD-0009,ADANIGREEN,NSE:ADANIGREEN-EQ,1011.5,1022.5,1001.0,1013.0,1740741,FYERS_HISTORY,2026-08-08T22:59:03+05:30
2025-05-28,SMD-0009,ADANIGREEN,NSE:ADANIGREEN-EQ,1013.2,1025.45,999.6,1001.85,2099725,FYERS_HISTORY,2026-08-08T22:59:03+05:30
2025-05-29,SMD-0009,ADANIGREEN,NSE:ADANIGREEN-EQ,1009.2,1027.0,1000.55,1019.05,2700851,FYERS_HISTORY,2026-08-08T22:59:03+05:30
2025-05-30,SMD-0009,ADANIGREEN,NSE:ADANIGREEN-EQ,1019.5,1028.0,1004.2,1014.35,1669801,FYERS_HISTORY,2026-08-08T22:59:03+05:30
2025-06-02,SMD-0009,ADANIGREEN,NSE:ADANIGREEN-EQ,1018.5,1024.7,1007.0,1009.1,2230527,FYERS_HISTORY,2026-08-08T22:59:03+05:30
2025-06-03,SMD-0009,ADANIGREEN,NSE:ADANIGREEN-EQ,1009.1,1018.0,988.0,992.6,2438866,FYERS_HISTORY,2026-08-08T22:59:03+05:30
2025-06-04,SMD-0009,ADANIGREEN,NSE:ADANIGREEN-EQ,997.5,1009.0,983.7,1004.8,1700483,FYERS_HISTORY,2026-08-08T22:59:03+05:30
2025-06-05,SMD-0009,ADANIGREEN,NSE:ADANIGREEN-EQ,1006.0,1019.0,1002.0,1003.6,1454736,FYERS_HISTORY,2026-08-08T22:59:03+05:30
2025-06-06,SMD-0009,ADANIGREEN,NSE:ADANIGREEN-EQ,1008.0,1024.2,1004.8,1018.8,2617425,FYERS_HISTORY,2026-08-08T22:59:03+05:30
2025-06-09,SMD-0009,ADANIGREEN,NSE:ADANIGREEN-EQ,1024.2,1044.4,1020.0,1034.3,3700815,FYERS_HISTORY,2026-08-08T22:59:03+05:30
2025-06-10,SMD-0009,ADANIGREEN,NSE:ADANIGREEN-EQ,1039.7,1077.0,1034.7,1060.5,5441911,FYERS_HISTORY,2026-08-08T22:59:03+05:30
2025-06-11,SMD-0009,ADANIGREEN,NSE:ADANIGREEN-EQ,1066.0,1070.0,1033.3,1046.8,2515373,FYERS_HISTORY,2026-08-08T22:59:03+05:30
2025-06-12,SMD-0009,ADANIGREEN,NSE:ADANIGREEN-EQ,1050.0,1050.0,1012.0,1015.8,2183895,FYERS_HISTORY,2026-08-08T22:59:03+05:30
2025-06-13,SMD-0009,ADANIGREEN,NSE:ADANIGREEN-EQ,996.0,1002.9,985.3,989.5,2435259,FYERS_HISTORY,2026-08-08T22:59:03+05:30
2025-06-16,SMD-0009,ADANIGREEN,NSE:ADANIGREEN-EQ,989.5,997.0,968.6,992.0,1898670,FYERS_HISTORY,2026-08-08T22:59:03+05:30
2025-06-17,SMD-0009,ADANIGREEN,NSE:ADANIGREEN-EQ,992.8,997.5,975.0,977.5,1281462,FYERS_HISTORY,2026-08-08T22:59:03+05:30
2025-06-18,SMD-0009,ADANIGREEN,NSE:ADANIGREEN-EQ,977.5,985.6,963.2,968.9,1632269,FYERS_HISTORY,2026-08-08T22:59:03+05:30
2025-06-19,SMD-0009,ADANIGREEN,NSE:ADANIGREEN-EQ,970.0,973.4,929.0,934.0,2415130,FYERS_HISTORY,2026-08-08T22:59:03+05:30
2025-06-20,SMD-0009,ADANIGREEN,NSE:ADANIGREEN-EQ,938.0,959.4,936.0,947.7,3308667,FYERS_HISTORY,2026-08-08T22:59:03+05:30
2025-06-23,SMD-0009,ADANIGREEN,NSE:ADANIGREEN-EQ,939.8,964.9,935.0,960.5,1728394,FYERS_HISTORY,2026-08-08T22:59:03+05:30
2025-06-24,SMD-0009,ADANIGREEN,NSE:ADANIGREEN-EQ,975.0,1001.9,974.0,987.3,3498494,FYERS_HISTORY,2026-08-08T22:59:03+05:30
2025-06-25,SMD-0009,ADANIGREEN,NSE:ADANIGREEN-EQ,987.0,997.0,979.5,981.1,2294587,FYERS_HISTORY,2026-08-08T22:59:03+05:30
2025-06-26,SMD-0009,ADANIGREEN,NSE:ADANIGREEN-EQ,984.0,993.5,976.1,992.0,2254782,FYERS_HISTORY,2026-08-08T22:59:03+05:30
2025-06-27,SMD-0009,ADANIGREEN,NSE:ADANIGREEN-EQ,994.4,1046.9,993.0,1015.6,6044564,FYERS_HISTORY,2026-08-08T22:59:03+05:30
2025-06-30,SMD-0009,ADANIGREEN,NSE:ADANIGREEN-EQ,1020.0,1034.5,1015.1,1025.6,2020543,FYERS_HISTORY,2026-08-08T22:59:03+05:30
2025-07-01,SMD-0009,ADANIGREEN,NSE:ADANIGREEN-EQ,1030.0,1038.0,1007.2,1015.7,1836549,FYERS_HISTORY,2026-08-08T22:59:03+05:30
2025-07-02,SMD-0009,ADANIGREEN,NSE:ADANIGREEN-EQ,1020.0,1031.4,1012.1,1019.0,1307248,FYERS_HISTORY,2026-08-08T22:59:03+05:30
2025-07-03,SMD-0009,ADANIGREEN,NSE:ADANIGREEN-EQ,1023.0,1023.7,1005.0,1008.5,1234996,FYERS_HISTORY,2026-08-08T22:59:03+05:30
2025-07-04,SMD-0009,ADANIGREEN,NSE:ADANIGREEN-EQ,1012.0,1012.0,990.0,996.8,1565915,FYERS_HISTORY,2026-08-08T22:59:03+05:30
2025-07-07,SMD-0009,ADANIGREEN,NSE:ADANIGREEN-EQ,997.0,998.8,988.7,991.1,863077,FYERS_HISTORY,2026-08-08T22:59:03+05:30
2025-07-08,SMD-0009,ADANIGREEN,NSE:ADANIGREEN-EQ,991.8,1005.0,981.3,992.0,1069668,FYERS_HISTORY,2026-08-08T22:59:03+05:30
2025-07-09,SMD-0009,ADANIGREEN,NSE:ADANIGREEN-EQ,997.1,1011.0,993.2,995.2,1480019,FYERS_HISTORY,2026-08-08T22:59:03+05:30
2025-07-10,SMD-0009,ADANIGREEN,NSE:ADANIGREEN-EQ,999.7,1007.9,992.3,995.8,1057492,FYERS_HISTORY,2026-08-08T22:59:03+05:30
2025-07-11,SMD-0009,ADANIGREEN,NSE:ADANIGREEN-EQ,999.8,1010.9,985.2,995.2,1850757,FYERS_HISTORY,2026-08-08T22:59:03+05:30
2025-07-14,SMD-0009,ADANIGREEN,NSE:ADANIGREEN-EQ,995.8,1036.0,994.2,1025.9,5134094,FYERS_HISTORY,2026-08-08T22:59:03+05:30
2025-07-15,SMD-0009,ADANIGREEN,NSE:ADANIGREEN-EQ,1027.0,1042.0,1026.0,1033.1,2064201,FYERS_HISTORY,2026-08-08T22:59:03+05:30
2025-07-16,SMD-0009,ADANIGREEN,NSE:ADANIGREEN-EQ,1033.1,1049.5,1033.1,1038.6,2548383,FYERS_HISTORY,2026-08-08T22:59:03+05:30
2025-07-17,SMD-0009,ADANIGREEN,NSE:ADANIGREEN-EQ,1039.0,1054.9,1033.4,1050.1,2304002,FYERS_HISTORY,2026-08-08T22:59:03+05:30
2025-07-18,SMD-0009,ADANIGREEN,NSE:ADANIGREEN-EQ,1042.7,1051.0,1024.4,1030.2,1787665,FYERS_HISTORY,2026-08-08T22:59:03+05:30
2025-07-21,SMD-0009,ADANIGREEN,NSE:ADANIGREEN-EQ,1031.2,1042.1,1024.1,1036.6,877276,FYERS_HISTORY,2026-08-08T22:59:03+05:30
2025-07-22,SMD-0009,ADANIGREEN,NSE:ADANIGREEN-EQ,1037.0,1042.2,1006.6,1013.7,1332756,FYERS_HISTORY,2026-08-08T22:59:03+05:30
2025-07-23,SMD-0009,ADANIGREEN,NSE:ADANIGREEN-EQ,1018.4,1038.3,1017.0,1033.9,1733780,FYERS_HISTORY,2026-08-08T22:59:03+05:30
2025-07-24,SMD-0009,ADANIGREEN,NSE:ADANIGREEN-EQ,1035.0,1037.1,1017.7,1020.7,1295384,FYERS_HISTORY,2026-08-08T22:59:03+05:30
2025-07-25,SMD-0009,ADANIGREEN,NSE:ADANIGREEN-EQ,1021.8,1021.8,973.0,975.9,2521495,FYERS_HISTORY,2026-08-08T22:59:03+05:30
2025-07-28,SMD-0009,ADANIGREEN,NSE:ADANIGREEN-EQ,979.7,1013.6,979.0,1003.9,4051716,FYERS_HISTORY,2026-08-08T22:59:03+05:30
2025-07-29,SMD-0009,ADANIGREEN,NSE:ADANIGREEN-EQ,1007.0,1022.9,993.5,1015.6,3489498,FYERS_HISTORY,2026-08-08T22:59:03+05:30
2025-07-30,SMD-0009,ADANIGREEN,NSE:ADANIGREEN-EQ,1020.0,1024.5,1007.0,1009.7,1365437,FYERS_HISTORY,2026-08-08T22:59:03+05:30
2025-07-31,SMD-0009,ADANIGREEN,NSE:ADANIGREEN-EQ,985.5,1007.5,980.1,984.7,2062250,FYERS_HISTORY,2026-08-08T22:59:03+05:30
2025-08-01,SMD-0009,ADANIGREEN,NSE:ADANIGREEN-EQ,988.8,1007.65,968.0,972.6,1800185,FYERS_HISTORY,2026-08-08T22:59:03+05:30
2025-08-04,SMD-0009,ADANIGREEN,NSE:ADANIGREEN-EQ,980.0,997.0,971.65,989.8,1280378,FYERS_HISTORY,2026-08-08T22:59:03+05:30
2025-08-05,SMD-0009,ADANIGREEN,NSE:ADANIGREEN-EQ,993.0,996.4,965.2,971.75,1365079,FYERS_HISTORY,2026-08-05T19:55:25+05:30
2025-08-06,SMD-0009,ADANIGREEN,NSE:ADANIGREEN-EQ,975.9,977.5,955.0,957.55,1204140,FYERS_HISTORY,2026-08-05T19:55:25+05:30
2025-08-07,SMD-0009,ADANIGREEN,NSE:ADANIGREEN-EQ,951.95,955.15,903.5,936.7,3658631,FYERS_HISTORY,2026-08-05T19:55:25+05:30
2025-08-08,SMD-0009,ADANIGREEN,NSE:ADANIGREEN-EQ,939.85,946.65,909.05,914.05,2051171,FYERS_HISTORY,2026-08-05T19:55:25+05:30
2025-08-11,SMD-0009,ADANIGREEN,NSE:ADANIGREEN-EQ,914.05,933.15,908.0,929.1,1612977,FYERS_HISTORY,2026-08-05T19:55:25+05:30
2025-08-12,SMD-0009,ADANIGREEN,NSE:ADANIGREEN-EQ,929.1,941.0,927.5,930.9,1096445,FYERS_HISTORY,2026-08-05T19:55:25+05:30
2025-08-13,SMD-0009,ADANIGREEN,NSE:ADANIGREEN-EQ,932.1,938.45,919.5,924.15,1023795,FYERS_HISTORY,2026-08-05T19:55:25+05:30
2025-08-14,SMD-0009,ADANIGREEN,NSE:ADANIGREEN-EQ,925.0,933.0,914.05,917.5,1031515,FYERS_HISTORY,2026-08-05T19:55:25+05:30
2025-08-18,SMD-0009,ADANIGREEN,NSE:ADANIGREEN-EQ,929.0,955.55,925.75,941.65,1856211,FYERS_HISTORY,2026-08-05T19:55:25+05:30
2025-08-19,SMD-0009,ADANIGREEN,NSE:ADANIGREEN-EQ,942.05,975.5,937.45,973.4,1886130,FYERS_HISTORY,2026-08-05T19:55:25+05:30
2025-08-20,SMD-0009,ADANIGREEN,NSE:ADANIGREEN-EQ,969.0,984.0,967.95,975.95,1584174,FYERS_HISTORY,2026-08-05T19:55:25+05:30
2025-08-21,SMD-0009,ADANIGREEN,NSE:ADANIGREEN-EQ,976.0,983.95,964.15,966.6,820006,FYERS_HISTORY,2026-08-05T19:55:25+05:30
2025-08-22,SMD-0009,ADANIGREEN,NSE:ADANIGREEN-EQ,965.0,970.2,952.9,957.2,946994,FYERS_HISTORY,2026-08-05T19:55:25+05:30
2025-08-25,SMD-0009,ADANIGREEN,NSE:ADANIGREEN-EQ,958.35,972.7,958.35,964.1,943859,FYERS_HISTORY,2026-08-05T19:55:25+05:30
2025-08-26,SMD-0009,ADANIGREEN,NSE:ADANIGREEN-EQ,964.15,965.75,926.0,931.25,1462770,FYERS_HISTORY,2026-08-05T19:55:25+05:30
2025-08-28,SMD-0009,ADANIGREEN,NSE:ADANIGREEN-EQ,931.0,935.0,917.1,921.15,1308868,FYERS_HISTORY,2026-08-05T19:55:25+05:30
2025-08-29,SMD-0009,ADANIGREEN,NSE:ADANIGREEN-EQ,920.15,926.8,908.5,913.5,1477870,FYERS_HISTORY,2026-08-05T19:55:25+05:30
2025-09-01,SMD-0009,ADANIGREEN,NSE:ADANIGREEN-EQ,920.4,933.7,918.05,931.55,839458,FYERS_HISTORY,2026-08-05T19:55:25+05:30
2025-09-02,SMD-0009,ADANIGREEN,NSE:ADANIGREEN-EQ,934.8,943.45,929.0,933.85,967218,FYERS_HISTORY,2026-08-05T19:55:25+05:30
2025-09-03,SMD-0009,ADANIGREEN,NSE:ADANIGREEN-EQ,933.85,939.55,931.15,935.7,626485,FYERS_HISTORY,2026-08-05T19:55:25+05:30
2025-09-04,SMD-0009,ADANIGREEN,NSE:ADANIGREEN-EQ,944.4,954.15,926.5,929.15,865803,FYERS_HISTORY,2026-08-05T19:55:25+05:30
2025-09-05,SMD-0009,ADANIGREEN,NSE:ADANIGREEN-EQ,932.05,935.0,916.25,929.35,847676,FYERS_HISTORY,2026-08-05T19:55:25+05:30
2025-09-08,SMD-0009,ADANIGREEN,NSE:ADANIGREEN-EQ,934.9,945.0,931.85,937.2,1662382,FYERS_HISTORY,2026-08-05T19:55:25+05:30
2025-09-09,SMD-0009,ADANIGREEN,NSE:ADANIGREEN-EQ,941.9,947.5,935.8,943.7,868754,FYERS_HISTORY,2026-08-05T19:55:25+05:30
2025-09-10,SMD-0009,ADANIGREEN,NSE:ADANIGREEN-EQ,946.5,973.0,945.8,963.35,1995294,FYERS_HISTORY,2026-08-05T19:55:25+05:30
2025-09-11,SMD-0009,ADANIGREEN,NSE:ADANIGREEN-EQ,965.0,1004.8,961.2,976.35,3601127,FYERS_HISTORY,2026-08-05T19:55:25+05:30
2025-09-12,SMD-0009,ADANIGREEN,NSE:ADANIGREEN-EQ,981.0,986.55,975.45,981.7,1086098,FYERS_HISTORY,2026-08-05T19:55:25+05:30
2025-09-15,SMD-0009,ADANIGREEN,NSE:ADANIGREEN-EQ,984.0,993.8,983.45,986.7,924070,FYERS_HISTORY,2026-08-05T19:55:25+05:30
2025-09-16,SMD-0009,ADANIGREEN,NSE:ADANIGREEN-EQ,991.45,998.35,984.05,987.85,897176,FYERS_HISTORY,2026-08-05T19:55:25+05:30
2025-09-17,SMD-0009,ADANIGREEN,NSE:ADANIGREEN-EQ,992.0,993.45,977.3,979.45,846865,FYERS_HISTORY,2026-08-05T19:55:25+05:30
2025-09-18,SMD-0009,ADANIGREEN,NSE:ADANIGREEN-EQ,982.0,993.9,974.3,978.9,992415,FYERS_HISTORY,2026-08-05T19:55:25+05:30
2025-09-19,SMD-0009,ADANIGREEN,NSE:ADANIGREEN-EQ,1025.0,1071.0,1003.0,1030.7,17650332,FYERS_HISTORY,2026-08-05T19:55:25+05:30
2025-09-22,SMD-0009,ADANIGREEN,NSE:ADANIGREEN-EQ,1040.0,1177.55,1035.85,1152.15,37416287,FYERS_HISTORY,2026-08-05T19:55:25+05:30
2025-09-23,SMD-0009,ADANIGREEN,NSE:ADANIGREEN-EQ,1164.0,1177.3,1120.8,1131.45,14163567,FYERS_HISTORY,2026-08-05T19:55:25+05:30
2025-09-24,SMD-0009,ADANIGREEN,NSE:ADANIGREEN-EQ,1126.0,1141.7,1090.45,1095.25,7615653,FYERS_HISTORY,2026-08-05T19:55:25+05:30
2025-09-25,SMD-0009,ADANIGREEN,NSE:ADANIGREEN-EQ,1096.05,1115.0,1076.3,1079.55,5390958,FYERS_HISTORY,2026-08-05T19:55:25+05:30
2025-09-26,SMD-0009,ADANIGREEN,NSE:ADANIGREEN-EQ,1082.85,1086.8,1040.4,1047.4,3774879,FYERS_HISTORY,2026-08-05T19:55:25+05:30
2025-09-29,SMD-0009,ADANIGREEN,NSE:ADANIGREEN-EQ,1053.9,1062.95,1027.3,1035.35,3108705,FYERS_HISTORY,2026-08-05T19:55:25+05:30
2025-09-30,SMD-0009,ADANIGREEN,NSE:ADANIGREEN-EQ,1037.0,1043.0,1010.5,1026.85,3520751,FYERS_HISTORY,2026-08-05T19:55:25+05:30
2025-10-01,SMD-0009,ADANIGREEN,NSE:ADANIGREEN-EQ,1031.8,1070.0,1026.5,1064.7,4597346,FYERS_HISTORY,2026-08-05T19:55:25+05:30
2025-10-03,SMD-0009,ADANIGREEN,NSE:ADANIGREEN-EQ,1068.6,1078.8,1054.3,1070.3,2348127,FYERS_HISTORY,2026-08-05T19:55:25+05:30
2025-10-06,SMD-0009,ADANIGREEN,NSE:ADANIGREEN-EQ,1070.3,1076.1,1056.0,1059.4,1248757,FYERS_HISTORY,2026-08-05T19:55:25+05:30
2025-10-07,SMD-0009,ADANIGREEN,NSE:ADANIGREEN-EQ,1062.0,1089.4,1057.3,1060.7,3579020,FYERS_HISTORY,2026-08-05T19:55:25+05:30
2025-10-08,SMD-0009,ADANIGREEN,NSE:ADANIGREEN-EQ,1063.0,1064.3,1032.3,1045.1,2026547,FYERS_HISTORY,2026-08-05T19:55:25+05:30
2025-10-09,SMD-0009,ADANIGREEN,NSE:ADANIGREEN-EQ,1045.5,1055.8,1042.7,1051.5,1148919,FYERS_HISTORY,2026-08-05T19:55:25+05:30
2025-10-10,SMD-0009,ADANIGREEN,NSE:ADANIGREEN-EQ,1048.1,1072.2,1048.1,1064.3,1335270,FYERS_HISTORY,2026-08-05T19:55:25+05:30
2025-10-13,SMD-0009,ADANIGREEN,NSE:ADANIGREEN-EQ,1054.3,1062.4,1043.2,1051.3,1572244,FYERS_HISTORY,2026-08-05T19:55:25+05:30
2025-10-14,SMD-0009,ADANIGREEN,NSE:ADANIGREEN-EQ,1052.0,1054.7,1024.1,1036.2,1757848,FYERS_HISTORY,2026-08-05T19:55:25+05:30
2025-10-15,SMD-0009,ADANIGREEN,NSE:ADANIGREEN-EQ,1039.0,1052.5,1034.1,1043.8,1161123,FYERS_HISTORY,2026-08-05T19:55:25+05:30
2025-10-16,SMD-0009,ADANIGREEN,NSE:ADANIGREEN-EQ,1055.0,1067.0,1052.5,1060.3,1742078,FYERS_HISTORY,2026-08-05T19:55:25+05:30
2025-10-17,SMD-0009,ADANIGREEN,NSE:ADANIGREEN-EQ,1057.9,1061.9,1035.0,1036.7,2132960,FYERS_HISTORY,2026-08-05T19:55:25+05:30
2025-10-20,SMD-0009,ADANIGREEN,NSE:ADANIGREEN-EQ,1043.0,1045.5,1028.1,1034.1,1212007,FYERS_HISTORY,2026-08-05T19:55:25+05:30
2025-10-21,SMD-0009,ADANIGREEN,NSE:ADANIGREEN-EQ,1044.0,1045.4,1036.3,1040.0,457938,FYERS_HISTORY,2026-08-05T19:55:25+05:30
2025-10-23,SMD-0009,ADANIGREEN,NSE:ADANIGREEN-EQ,1049.3,1061.9,1040.9,1044.7,1888505,FYERS_HISTORY,2026-08-05T19:55:25+05:30
2025-10-24,SMD-0009,ADANIGREEN,NSE:ADANIGREEN-EQ,1049.4,1049.4,1028.0,1031.1,1202737,FYERS_HISTORY,2026-08-05T19:55:25+05:30
2025-10-27,SMD-0009,ADANIGREEN,NSE:ADANIGREEN-EQ,1025.0,1027.6,1015.0,1017.1,1762358,FYERS_HISTORY,2026-08-05T19:55:25+05:30
2025-10-28,SMD-0009,ADANIGREEN,NSE:ADANIGREEN-EQ,1020.5,1024.0,998.6,1004.2,1992608,FYERS_HISTORY,2026-08-05T19:55:25+05:30
2025-10-29,SMD-0009,ADANIGREEN,NSE:ADANIGREEN-EQ,1028.0,1145.0,1012.1,1112.6,36232727,FYERS_HISTORY,2026-08-05T19:55:25+05:30
2025-10-30,SMD-0009,ADANIGREEN,NSE:ADANIGREEN-EQ,1112.6,1151.8,1088.7,1140.1,11727335,FYERS_HISTORY,2026-08-05T19:55:25+05:30
2025-10-31,SMD-0009,ADANIGREEN,NSE:ADANIGREEN-EQ,1145.0,1159.5,1125.1,1140.0,5725034,FYERS_HISTORY,2026-08-05T19:55:25+05:30
2025-11-03,SMD-0009,ADANIGREEN,NSE:ADANIGREEN-EQ,1140.0,1166.4,1097.2,1105.2,5611025,FYERS_HISTORY,2026-08-05T19:55:25+05:30
2025-11-04,SMD-0009,ADANIGREEN,NSE:ADANIGREEN-EQ,1109.9,1112.9,1080.1,1086.4,3029132,FYERS_HISTORY,2026-08-05T19:55:25+05:30
2025-11-06,SMD-0009,ADANIGREEN,NSE:ADANIGREEN-EQ,1087.1,1097.9,1047.0,1060.5,2533556,FYERS_HISTORY,2026-08-05T19:55:25+05:30
2025-11-07,SMD-0009,ADANIGREEN,NSE:ADANIGREEN-EQ,1060.5,1075.1,1040.0,1059.8,3615119,FYERS_HISTORY,2026-08-05T19:55:25+05:30
2025-11-10,SMD-0009,ADANIGREEN,NSE:ADANIGREEN-EQ,1066.9,1088.0,1035.2,1041.3,2240298,FYERS_HISTORY,2026-08-05T19:55:25+05:30
2025-11-11,SMD-0009,ADANIGREEN,NSE:ADANIGREEN-EQ,1049.0,1051.0,1031.4,1044.2,1629631,FYERS_HISTORY,2026-08-05T19:55:25+05:30
2025-11-12,SMD-0009,ADANIGREEN,NSE:ADANIGREEN-EQ,1050.2,1094.9,1050.2,1070.8,4147036,FYERS_HISTORY,2026-08-05T19:55:25+05:30
2025-11-13,SMD-0009,ADANIGREEN,NSE:ADANIGREEN-EQ,1080.0,1088.0,1063.3,1076.8,1991752,FYERS_HISTORY,2026-08-05T19:55:25+05:30
2025-11-14,SMD-0009,ADANIGREEN,NSE:ADANIGREEN-EQ,1082.9,1104.9,1060.0,1068.8,3567619,FYERS_HISTORY,2026-08-05T19:55:25+05:30
2025-11-17,SMD-0009,ADANIGREEN,NSE:ADANIGREEN-EQ,1074.8,1092.5,1065.4,1088.6,2888868,FYERS_HISTORY,2026-08-05T19:55:25+05:30
2025-11-18,SMD-0009,ADANIGREEN,NSE:ADANIGREEN-EQ,1092.0,1097.2,1075.0,1077.6,1414894,FYERS_HISTORY,2026-08-05T19:55:25+05:30
2025-11-19,SMD-0009,ADANIGREEN,NSE:ADANIGREEN-EQ,1080.2,1084.5,1052.2,1069.9,2155114,FYERS_HISTORY,2026-08-05T19:55:25+05:30
2025-11-20,SMD-0009,ADANIGREEN,NSE:ADANIGREEN-EQ,1074.0,1085.5,1057.0,1060.0,1354779,FYERS_HISTORY,2026-08-05T19:55:25+05:30
2025-11-21,SMD-0009,ADANIGREEN,NSE:ADANIGREEN-EQ,1060.0,1063.1,1026.0,1030.5,2075493,FYERS_HISTORY,2026-08-05T19:55:25+05:30
2025-11-24,SMD-0009,ADANIGREEN,NSE:ADANIGREEN-EQ,1036.9,1037.5,1006.0,1009.4,1618990,FYERS_HISTORY,2026-08-05T19:55:25+05:30
2025-11-25,SMD-0009,ADANIGREEN,NSE:ADANIGREEN-EQ,1010.5,1022.9,1000.6,1011.6,1677553,FYERS_HISTORY,2026-08-05T19:55:25+05:30
2025-11-26,SMD-0009,ADANIGREEN,NSE:ADANIGREEN-EQ,1016.0,1036.4,1012.5,1034.4,1318167,FYERS_HISTORY,2026-08-05T19:55:25+05:30
2025-11-27,SMD-0009,ADANIGREEN,NSE:ADANIGREEN-EQ,1040.1,1042.0,1018.2,1031.1,1543218,FYERS_HISTORY,2026-08-05T19:55:25+05:30
2025-11-28,SMD-0009,ADANIGREEN,NSE:ADANIGREEN-EQ,1031.2,1052.5,1024.6,1048.2,1626863,FYERS_HISTORY,2026-08-05T19:55:25+05:30
2025-12-01,SMD-0009,ADANIGREEN,NSE:ADANIGREEN-EQ,1041.1,1052.0,1028.1,1039.6,2276452,FYERS_HISTORY,2026-08-05T19:55:25+05:30
2025-12-02,SMD-0009,ADANIGREEN,NSE:ADANIGREEN-EQ,1038.6,1040.7,1017.7,1022.6,1544253,FYERS_HISTORY,2026-08-05T19:55:25+05:30
2025-12-03,SMD-0009,ADANIGREEN,NSE:ADANIGREEN-EQ,1024.0,1027.3,1004.2,1012.6,1508973,FYERS_HISTORY,2026-08-05T19:55:25+05:30
2025-12-04,SMD-0009,ADANIGREEN,NSE:ADANIGREEN-EQ,1013.8,1027.1,1006.8,1013.4,1349599,FYERS_HISTORY,2026-08-05T19:55:25+05:30
2025-12-05,SMD-0009,ADANIGREEN,NSE:ADANIGREEN-EQ,1013.1,1022.5,1005.1,1017.7,1190798,FYERS_HISTORY,2026-08-05T19:55:25+05:30
2025-12-08,SMD-0009,ADANIGREEN,NSE:ADANIGREEN-EQ,1016.1,1021.0,990.0,993.8,1311474,FYERS_HISTORY,2026-08-05T19:55:25+05:30
2025-12-09,SMD-0009,ADANIGREEN,NSE:ADANIGREEN-EQ,993.9,1010.5,980.6,998.9,2593247,FYERS_HISTORY,2026-08-05T19:55:25+05:30
2025-12-10,SMD-0009,ADANIGREEN,NSE:ADANIGREEN-EQ,1014.9,1027.8,981.0,989.8,3913329,FYERS_HISTORY,2026-08-05T19:55:25+05:30
2025-12-11,SMD-0009,ADANIGREEN,NSE:ADANIGREEN-EQ,995.0,1026.4,975.0,1018.8,5927384,FYERS_HISTORY,2026-08-05T19:55:25+05:30
2025-12-12,SMD-0009,ADANIGREEN,NSE:ADANIGREEN-EQ,1024.0,1042.0,1024.0,1040.2,2615096,FYERS_HISTORY,2026-08-05T19:55:25+05:30
2025-12-15,SMD-0009,ADANIGREEN,NSE:ADANIGREEN-EQ,1044.7,1058.7,1038.9,1047.6,2027683,FYERS_HISTORY,2026-08-05T19:55:25+05:30
2025-12-16,SMD-0009,ADANIGREEN,NSE:ADANIGREEN-EQ,1044.0,1044.0,1022.2,1028.2,1086779,FYERS_HISTORY,2026-08-05T19:55:25+05:30
2025-12-17,SMD-0009,ADANIGREEN,NSE:ADANIGREEN-EQ,1028.0,1033.6,1017.0,1020.7,1263636,FYERS_HISTORY,2026-08-05T19:55:25+05:30
2025-12-18,SMD-0009,ADANIGREEN,NSE:ADANIGREEN-EQ,1016.6,1022.0,1005.0,1011.0,1150470,FYERS_HISTORY,2026-08-05T19:55:25+05:30
2025-12-19,SMD-0009,ADANIGREEN,NSE:ADANIGREEN-EQ,1012.5,1024.7,1007.2,1020.9,2498071,FYERS_HISTORY,2026-08-05T19:55:25+05:30
2025-12-22,SMD-0009,ADANIGREEN,NSE:ADANIGREEN-EQ,1022.0,1028.8,1018.3,1020.8,954953,FYERS_HISTORY,2026-08-05T19:55:25+05:30
2025-12-23,SMD-0009,ADANIGREEN,NSE:ADANIGREEN-EQ,1021.8,1027.0,1013.3,1016.9,829273,FYERS_HISTORY,2026-08-05T19:55:25+05:30
2025-12-24,SMD-0009,ADANIGREEN,NSE:ADANIGREEN-EQ,1018.0,1024.3,1012.2,1015.0,835848,FYERS_HISTORY,2026-08-05T19:55:25+05:30
2025-12-26,SMD-0009,ADANIGREEN,NSE:ADANIGREEN-EQ,1015.0,1027.0,1011.5,1018.1,834022,FYERS_HISTORY,2026-08-05T19:55:25+05:30
2025-12-29,SMD-0009,ADANIGREEN,NSE:ADANIGREEN-EQ,1018.1,1019.8,1000.0,1001.9,830063,FYERS_HISTORY,2026-08-05T19:55:25+05:30
2025-12-30,SMD-0009,ADANIGREEN,NSE:ADANIGREEN-EQ,1002.0,1011.6,998.3,1007.1,2090689,FYERS_HISTORY,2026-08-05T19:55:25+05:30
2025-12-31,SMD-0009,ADANIGREEN,NSE:ADANIGREEN-EQ,1013.0,1018.8,1009.2,1015.1,637693,FYERS_HISTORY,2026-08-05T19:55:25+05:30
2026-01-01,SMD-0009,ADANIGREEN,NSE:ADANIGREEN-EQ,1019.7,1045.0,1015.5,1025.9,2304811,FYERS_HISTORY,2026-08-05T19:55:25+05:30
2026-01-02,SMD-0009,ADANIGREEN,NSE:ADANIGREEN-EQ,1029.0,1043.5,1026.4,1038.8,1544713,FYERS_HISTORY,2026-08-05T19:55:25+05:30
2026-01-05,SMD-0009,ADANIGREEN,NSE:ADANIGREEN-EQ,1039.0,1044.7,1027.7,1030.5,1020610,FYERS_HISTORY,2026-08-05T19:55:25+05:30
2026-01-06,SMD-0009,ADANIGREEN,NSE:ADANIGREEN-EQ,1031.0,1034.8,1012.8,1019.4,891487,FYERS_HISTORY,2026-08-05T19:55:25+05:30
2026-01-07,SMD-0009,ADANIGREEN,NSE:ADANIGREEN-EQ,1019.0,1023.7,1011.4,1019.2,742308,FYERS_HISTORY,2026-08-05T19:55:25+05:30
2026-01-08,SMD-0009,ADANIGREEN,NSE:ADANIGREEN-EQ,1024.1,1024.1,982.9,988.8,1993966,FYERS_HISTORY,2026-08-05T19:55:25+05:30
2026-01-09,SMD-0009,ADANIGREEN,NSE:ADANIGREEN-EQ,988.0,991.0,942.2,946.1,2326860,FYERS_HISTORY,2026-08-05T19:55:25+05:30
2026-01-12,SMD-0009,ADANIGREEN,NSE:ADANIGREEN-EQ,947.8,949.1,921.2,942.2,2143293,FYERS_HISTORY,2026-08-05T19:55:25+05:30
2026-01-13,SMD-0009,ADANIGREEN,NSE:ADANIGREEN-EQ,952.4,952.4,927.4,936.7,2066428,FYERS_HISTORY,2026-08-05T19:55:25+05:30
2026-01-14,SMD-0009,ADANIGREEN,NSE:ADANIGREEN-EQ,935.5,945.0,932.1,935.3,774904,FYERS_HISTORY,2026-08-05T19:55:25+05:30
2026-01-16,SMD-0009,ADANIGREEN,NSE:ADANIGREEN-EQ,935.3,946.8,926.3,930.1,1088002,FYERS_HISTORY,2026-08-05T19:55:25+05:30
2026-01-19,SMD-0009,ADANIGREEN,NSE:ADANIGREEN-EQ,928.0,936.0,911.5,914.0,1203147,FYERS_HISTORY,2026-08-05T19:55:25+05:30
2026-01-20,SMD-0009,ADANIGREEN,NSE:ADANIGREEN-EQ,914.1,927.0,878.0,883.2,2195862,FYERS_HISTORY,2026-08-05T19:55:25+05:30
2026-01-21,SMD-0009,ADANIGREEN,NSE:ADANIGREEN-EQ,885.5,892.6,868.0,878.7,2259912,FYERS_HISTORY,2026-08-05T19:55:25+05:30
2026-01-22,SMD-0009,ADANIGREEN,NSE:ADANIGREEN-EQ,894.0,916.4,889.1,904.3,1851769,FYERS_HISTORY,2026-08-05T19:55:25+05:30
2026-01-23,SMD-0009,ADANIGREEN,NSE:ADANIGREEN-EQ,909.0,909.0,765.0,772.8,22973223,FYERS_HISTORY,2026-08-05T19:55:25+05:30
2026-01-27,SMD-0009,ADANIGREEN,NSE:ADANIGREEN-EQ,789.0,819.2,768.1,799.1,13752483,FYERS_HISTORY,2026-08-05T19:55:25+05:30
2026-01-28,SMD-0009,ADANIGREEN,NSE:ADANIGREEN-EQ,809.0,825.7,795.0,822.9,4377377,FYERS_HISTORY,2026-08-05T19:55:25+05:30
2026-01-29,SMD-0009,ADANIGREEN,NSE:ADANIGREEN-EQ,824.4,864.8,816.5,858.8,7356835,FYERS_HISTORY,2026-08-05T19:55:25+05:30
2026-01-30,SMD-0009,ADANIGREEN,NSE:ADANIGREEN-EQ,854.9,864.8,842.7,852.3,2887230,FYERS_HISTORY,2026-08-05T19:55:25+05:30
2026-02-01,SMD-0009,ADANIGREEN,NSE:ADANIGREEN-EQ,854.5,861.45,796.65,806.8,3622961,FYERS_HISTORY,2026-08-05T19:55:25+05:30
2026-02-02,SMD-0009,ADANIGREEN,NSE:ADANIGREEN-EQ,814.2,847.9,807.0,843.95,3922655,FYERS_HISTORY,2026-08-05T19:55:25+05:30
2026-02-03,SMD-0009,ADANIGREEN,NSE:ADANIGREEN-EQ,924.0,951.55,900.0,932.1,10826968,FYERS_HISTORY,2026-08-05T19:55:25+05:30
2026-02-04,SMD-0009,ADANIGREEN,NSE:ADANIGREEN-EQ,935.0,970.9,920.35,954.45,4230654,FYERS_HISTORY,2026-08-05T19:55:25+05:30
2026-02-05,SMD-0009,ADANIGREEN,NSE:ADANIGREEN-EQ,954.0,972.0,951.45,967.15,3102511,FYERS_HISTORY,2026-08-05T19:55:25+05:30
2026-02-06,SMD-0009,ADANIGREEN,NSE:ADANIGREEN-EQ,966.0,974.95,954.25,971.85,1608144,FYERS_HISTORY,2026-08-05T19:55:25+05:30
2026-02-09,SMD-0009,ADANIGREEN,NSE:ADANIGREEN-EQ,985.0,996.25,976.45,982.65,1645440,FYERS_HISTORY,2026-08-05T19:55:25+05:30
2026-02-10,SMD-0009,ADANIGREEN,NSE:ADANIGREEN-EQ,985.8,987.8,953.05,978.3,2057124,FYERS_HISTORY,2026-08-05T19:55:25+05:30
2026-02-11,SMD-0009,ADANIGREEN,NSE:ADANIGREEN-EQ,977.0,998.15,975.05,994.75,1489878,FYERS_HISTORY,2026-08-05T19:55:25+05:30
2026-02-12,SMD-0009,ADANIGREEN,NSE:ADANIGREEN-EQ,992.45,999.6,980.05,997.65,1250477,FYERS_HISTORY,2026-08-05T19:55:25+05:30
2026-02-13,SMD-0009,ADANIGREEN,NSE:ADANIGREEN-EQ,988.9,989.9,943.75,950.5,2943844,FYERS_HISTORY,2026-08-05T19:55:25+05:30
2026-02-16,SMD-0009,ADANIGREEN,NSE:ADANIGREEN-EQ,949.5,999.0,936.45,991.25,4171950,FYERS_HISTORY,2026-08-05T19:55:25+05:30
2026-02-17,SMD-0009,ADANIGREEN,NSE:ADANIGREEN-EQ,982.65,1018.95,979.25,1016.8,3770349,FYERS_HISTORY,2026-08-05T19:55:25+05:30
2026-02-18,SMD-0009,ADANIGREEN,NSE:ADANIGREEN-EQ,1019.0,1019.95,987.4,1000.1,1964869,FYERS_HISTORY,2026-08-05T19:55:25+05:30
2026-02-19,SMD-0009,ADANIGREEN,NSE:ADANIGREEN-EQ,1000.1,1005.0,970.0,976.5,1500530,FYERS_HISTORY,2026-08-05T19:55:25+05:30
2026-02-20,SMD-0009,ADANIGREEN,NSE:ADANIGREEN-EQ,976.4,980.75,965.0,968.25,1221495,FYERS_HISTORY,2026-08-05T19:55:25+05:30
2026-02-23,SMD-0009,ADANIGREEN,NSE:ADANIGREEN-EQ,978.25,987.55,962.0,970.35,1188654,FYERS_HISTORY,2026-08-05T19:55:25+05:30
2026-02-24,SMD-0009,ADANIGREEN,NSE:ADANIGREEN-EQ,970.15,988.0,956.45,981.35,1290484,FYERS_HISTORY,2026-08-05T19:55:25+05:30
2026-02-25,SMD-0009,ADANIGREEN,NSE:ADANIGREEN-EQ,984.95,988.6,960.0,964.15,1345367,FYERS_HISTORY,2026-08-05T19:55:25+05:30
2026-02-26,SMD-0009,ADANIGREEN,NSE:ADANIGREEN-EQ,964.15,973.5,956.55,965.95,911136,FYERS_HISTORY,2026-08-05T19:55:25+05:30
2026-02-27,SMD-0009,ADANIGREEN,NSE:ADANIGREEN-EQ,960.35,969.5,942.0,947.35,1156653,FYERS_HISTORY,2026-08-05T19:55:25+05:30
2026-03-02,SMD-0009,ADANIGREEN,NSE:ADANIGREEN-EQ,915.0,926.95,880.25,903.55,3482707,FYERS_HISTORY,2026-08-05T19:55:25+05:30
2026-03-04,SMD-0009,ADANIGREEN,NSE:ADANIGREEN-EQ,880.0,882.8,867.0,871.95,1976974,FYERS_HISTORY,2026-08-05T19:55:25+05:30
2026-03-05,SMD-0009,ADANIGREEN,NSE:ADANIGREEN-EQ,886.25,889.75,864.6,884.55,4655262,FYERS_HISTORY,2026-08-05T19:55:25+05:30
2026-03-06,SMD-0009,ADANIGREEN,NSE:ADANIGREEN-EQ,879.6,894.55,855.15,858.4,5784124,FYERS_HISTORY,2026-08-05T19:55:25+05:30
2026-03-09,SMD-0009,ADANIGREEN,NSE:ADANIGREEN-EQ,841.0,858.0,825.0,854.15,1922632,FYERS_HISTORY,2026-08-05T19:55:25+05:30
2026-03-10,SMD-0009,ADANIGREEN,NSE:ADANIGREEN-EQ,875.0,878.95,843.25,856.9,3240047,FYERS_HISTORY,2026-08-05T19:55:25+05:30
2026-03-11,SMD-0009,ADANIGREEN,NSE:ADANIGREEN-EQ,866.6,877.9,846.9,849.65,3005645,FYERS_HISTORY,2026-08-05T19:55:25+05:30
2026-03-12,SMD-0009,ADANIGREEN,NSE:ADANIGREEN-EQ,849.6,881.95,837.4,866.55,6591414,FYERS_HISTORY,2026-08-05T19:55:25+05:30
2026-03-13,SMD-0009,ADANIGREEN,NSE:ADANIGREEN-EQ,865.25,878.75,844.0,861.35,6756426,FYERS_HISTORY,2026-08-05T19:55:25+05:30
2026-03-16,SMD-0009,ADANIGREEN,NSE:ADANIGREEN-EQ,861.35,873.8,853.0,866.95,2609169,FYERS_HISTORY,2026-08-05T19:55:25+05:30
2026-03-17,SMD-0009,ADANIGREEN,NSE:ADANIGREEN-EQ,874.85,874.85,848.05,868.65,2644896,FYERS_HISTORY,2026-08-05T19:55:25+05:30
2026-03-18,SMD-0009,ADANIGREEN,NSE:ADANIGREEN-EQ,872.05,904.0,871.55,891.3,2315274,FYERS_HISTORY,2026-08-05T19:55:25+05:30
2026-03-19,SMD-0009,ADANIGREEN,NSE:ADANIGREEN-EQ,880.0,882.05,850.6,854.9,2219917,FYERS_HISTORY,2026-08-05T19:55:25+05:30
2026-03-20,SMD-0009,ADANIGREEN,NSE:ADANIGREEN-EQ,865.45,887.0,860.0,863.1,1990204,FYERS_HISTORY,2026-08-05T19:55:25+05:30
2026-03-23,SMD-0009,ADANIGREEN,NSE:ADANIGREEN-EQ,863.0,863.0,810.45,816.45,2746629,FYERS_HISTORY,2026-08-05T19:55:25+05:30
2026-03-24,SMD-0009,ADANIGREEN,NSE:ADANIGREEN-EQ,833.0,842.15,801.4,839.55,4139485,FYERS_HISTORY,2026-08-05T19:55:25+05:30
2026-03-25,SMD-0009,ADANIGREEN,NSE:ADANIGREEN-EQ,843.0,868.75,843.0,853.8,2201430,FYERS_HISTORY,2026-08-05T19:55:25+05:30
2026-03-27,SMD-0009,ADANIGREEN,NSE:ADANIGREEN-EQ,850.45,850.45,825.9,832.5,2328454,FYERS_HISTORY,2026-08-05T19:55:25+05:30
2026-03-30,SMD-0009,ADANIGREEN,NSE:ADANIGREEN-EQ,828.0,839.0,802.0,806.9,3104906,FYERS_HISTORY,2026-08-05T19:55:25+05:30
2026-04-01,SMD-0009,ADANIGREEN,NSE:ADANIGREEN-EQ,829.95,855.3,827.15,851.95,3454451,FYERS_HISTORY,2026-08-05T19:55:25+05:30
2026-04-02,SMD-0009,ADANIGREEN,NSE:ADANIGREEN-EQ,840.0,863.95,814.75,856.0,9516053,FYERS_HISTORY,2026-08-05T19:55:25+05:30
2026-04-06,SMD-0009,ADANIGREEN,NSE:ADANIGREEN-EQ,857.0,926.7,856.05,921.1,13113062,FYERS_HISTORY,2026-08-05T19:55:25+05:30
2026-04-07,SMD-0009,ADANIGREEN,NSE:ADANIGREEN-EQ,921.1,934.9,910.05,925.35,4589372,FYERS_HISTORY,2026-08-05T19:55:25+05:30
2026-04-08,SMD-0009,ADANIGREEN,NSE:ADANIGREEN-EQ,969.0,1046.6,967.95,1029.65,16043205,FYERS_HISTORY,2026-08-05T19:55:25+05:30
2026-04-09,SMD-0009,ADANIGREEN,NSE:ADANIGREEN-EQ,1032.0,1048.0,1021.3,1044.55,5921322,FYERS_HISTORY,2026-08-05T19:55:25+05:30
2026-04-10,SMD-0009,ADANIGREEN,NSE:ADANIGREEN-EQ,1044.5,1087.75,1040.5,1085.35,7332980,FYERS_HISTORY,2026-08-05T19:55:25+05:30
2026-04-13,SMD-0009,ADANIGREEN,NSE:ADANIGREEN-EQ,1051.0,1096.85,1043.0,1085.45,5816187,FYERS_HISTORY,2026-08-05T19:55:25+05:30
2026-04-15,SMD-0009,ADANIGREEN,NSE:ADANIGREEN-EQ,1107.0,1123.75,1091.3,1096.05,2759798,FYERS_HISTORY,2026-08-05T19:55:25+05:30
2026-04-16,SMD-0009,ADANIGREEN,NSE:ADANIGREEN-EQ,1101.55,1126.7,1098.15,1118.9,2938260,FYERS_HISTORY,2026-08-05T19:55:25+05:30
2026-04-17,SMD-0009,ADANIGREEN,NSE:ADANIGREEN-EQ,1140.0,1140.0,1105.15,1127.3,5883883,FYERS_HISTORY,2026-08-05T19:55:25+05:30
2026-04-20,SMD-0009,ADANIGREEN,NSE:ADANIGREEN-EQ,1126.5,1195.0,1120.4,1152.7,7598644,FYERS_HISTORY,2026-08-05T19:55:25+05:30
2026-04-21,SMD-0009,ADANIGREEN,NSE:ADANIGREEN-EQ,1155.15,1183.95,1143.0,1150.0,2752849,FYERS_HISTORY,2026-08-05T19:55:25+05:30
2026-04-22,SMD-0009,ADANIGREEN,NSE:ADANIGREEN-EQ,1152.0,1205.0,1148.0,1198.95,4934584,FYERS_HISTORY,2026-08-05T19:55:25+05:30
2026-04-23,SMD-0009,ADANIGREEN,NSE:ADANIGREEN-EQ,1193.0,1240.0,1180.5,1214.15,6765325,FYERS_HISTORY,2026-08-05T19:55:25+05:30
2026-04-24,SMD-0009,ADANIGREEN,NSE:ADANIGREEN-EQ,1222.0,1252.0,1150.05,1235.8,12960727,FYERS_HISTORY,2026-08-05T19:55:25+05:30
2026-04-27,SMD-0009,ADANIGREEN,NSE:ADANIGREEN-EQ,1245.0,1257.35,1212.85,1229.7,7118501,FYERS_HISTORY,2026-08-05T19:55:25+05:30
2026-04-28,SMD-0009,ADANIGREEN,NSE:ADANIGREEN-EQ,1235.5,1259.15,1223.2,1249.95,4303385,FYERS_HISTORY,2026-08-05T19:55:25+05:30
2026-04-29,SMD-0009,ADANIGREEN,NSE:ADANIGREEN-EQ,1256.0,1271.95,1237.0,1244.8,2941179,FYERS_HISTORY,2026-08-05T19:55:25+05:30
2026-04-30,SMD-0009,ADANIGREEN,NSE:ADANIGREEN-EQ,1235.0,1237.55,1203.55,1227.15,3019213,FYERS_HISTORY,2026-08-05T19:55:25+05:30
2026-05-04,SMD-0009,ADANIGREEN,NSE:ADANIGREEN-EQ,1232.4,1305.0,1228.3,1290.7,6304755,FYERS_HISTORY,2026-08-05T19:55:25+05:30
2026-05-05,SMD-0009,ADANIGREEN,NSE:ADANIGREEN-EQ,1291.0,1339.0,1284.2,1331.4,4473238,FYERS_HISTORY,2026-08-05T19:55:25+05:30
2026-05-06,SMD-0009,ADANIGREEN,NSE:ADANIGREEN-EQ,1340.0,1368.0,1318.2,1353.0,4273727,FYERS_HISTORY,2026-08-05T19:55:25+05:30
2026-05-07,SMD-0009,ADANIGREEN,NSE:ADANIGREEN-EQ,1358.0,1378.0,1351.0,1365.0,2553883,FYERS_HISTORY,2026-08-05T19:55:25+05:30
2026-05-08,SMD-0009,ADANIGREEN,NSE:ADANIGREEN-EQ,1364.1,1373.0,1349.5,1355.8,2014853,FYERS_HISTORY,2026-08-05T19:55:25+05:30
2026-05-11,SMD-0009,ADANIGREEN,NSE:ADANIGREEN-EQ,1343.0,1398.0,1324.4,1387.7,4188831,FYERS_HISTORY,2026-08-05T19:55:25+05:30
2026-05-12,SMD-0009,ADANIGREEN,NSE:ADANIGREEN-EQ,1380.0,1387.7,1296.1,1308.0,5172722,FYERS_HISTORY,2026-08-05T19:55:25+05:30
2026-05-13,SMD-0009,ADANIGREEN,NSE:ADANIGREEN-EQ,1302.1,1388.7,1291.4,1366.7,5391989,FYERS_HISTORY,2026-08-05T19:55:25+05:30
2026-05-14,SMD-0009,ADANIGREEN,NSE:ADANIGREEN-EQ,1379.0,1424.1,1376.8,1414.9,4875061,FYERS_HISTORY,2026-08-05T19:55:25+05:30
2026-05-15,SMD-0009,ADANIGREEN,NSE:ADANIGREEN-EQ,1457.0,1471.0,1370.1,1379.0,9479876,FYERS_HISTORY,2026-08-05T19:55:25+05:30
2026-05-18,SMD-0009,ADANIGREEN,NSE:ADANIGREEN-EQ,1374.9,1374.9,1312.4,1369.0,3820968,FYERS_HISTORY,2026-08-05T19:55:25+05:30
2026-05-19,SMD-0009,ADANIGREEN,NSE:ADANIGREEN-EQ,1390.0,1443.0,1369.0,1377.8,8654467,FYERS_HISTORY,2026-08-05T19:55:25+05:30
2026-05-20,SMD-0009,ADANIGREEN,NSE:ADANIGREEN-EQ,1360.0,1370.0,1348.1,1363.2,2669468,FYERS_HISTORY,2026-08-05T19:55:25+05:30
2026-05-21,SMD-0009,ADANIGREEN,NSE:ADANIGREEN-EQ,1381.5,1401.0,1351.6,1358.2,2772832,FYERS_HISTORY,2026-08-05T19:55:25+05:30
2026-05-22,SMD-0009,ADANIGREEN,NSE:ADANIGREEN-EQ,1364.0,1381.8,1359.0,1362.3,1681359,FYERS_HISTORY,2026-08-05T19:55:25+05:30
2026-05-25,SMD-0009,ADANIGREEN,NSE:ADANIGREEN-EQ,1381.0,1420.7,1365.8,1411.1,4194567,FYERS_HISTORY,2026-08-05T19:55:25+05:30
2026-05-26,SMD-0009,ADANIGREEN,NSE:ADANIGREEN-EQ,1410.0,1465.0,1403.2,1457.4,4949474,FYERS_HISTORY,2026-08-05T19:55:25+05:30
2026-05-27,SMD-0009,ADANIGREEN,NSE:ADANIGREEN-EQ,1472.0,1518.0,1467.0,1489.9,6509853,FYERS_HISTORY,2026-08-05T19:55:25+05:30
2026-05-29,SMD-0009,ADANIGREEN,NSE:ADANIGREEN-EQ,1500.0,1532.5,1465.1,1475.4,4207457,FYERS_HISTORY,2026-08-05T19:55:25+05:30
2026-06-01,SMD-0009,ADANIGREEN,NSE:ADANIGREEN-EQ,1477.0,1486.0,1442.4,1446.9,3419134,FYERS_HISTORY,2026-08-05T19:55:25+05:30
2026-06-02,SMD-0009,ADANIGREEN,NSE:ADANIGREEN-EQ,1445.0,1457.8,1408.5,1449.4,4897662,FYERS_HISTORY,2026-08-05T19:55:25+05:30
2026-06-03,SMD-0009,ADANIGREEN,NSE:ADANIGREEN-EQ,1450.0,1451.7,1396.0,1427.5,2227421,FYERS_HISTORY,2026-08-05T19:55:25+05:30
2026-06-04,SMD-0009,ADANIGREEN,NSE:ADANIGREEN-EQ,1428.0,1455.3,1418.3,1423.3,2248728,FYERS_HISTORY,2026-08-05T19:55:25+05:30
2026-06-05,SMD-0009,ADANIGREEN,NSE:ADANIGREEN-EQ,1431.0,1530.0,1430.1,1525.7,10448500,FYERS_HISTORY,2026-08-05T19:55:25+05:30
2026-06-08,SMD-0009,ADANIGREEN,NSE:ADANIGREEN-EQ,1500.6,1528.1,1480.0,1490.5,4266093,FYERS_HISTORY,2026-08-05T19:55:25+05:30
2026-06-09,SMD-0009,ADANIGREEN,NSE:ADANIGREEN-EQ,1518.8,1544.8,1490.3,1534.5,4557152,FYERS_HISTORY,2026-08-05T19:55:25+05:30
2026-06-10,SMD-0009,ADANIGREEN,NSE:ADANIGREEN-EQ,1535.0,1537.3,1477.4,1483.0,3132337,FYERS_HISTORY,2026-08-05T19:55:25+05:30
2026-06-11,SMD-0009,ADANIGREEN,NSE:ADANIGREEN-EQ,1482.4,1494.7,1450.4,1454.5,2371420,FYERS_HISTORY,2026-08-05T19:55:25+05:30
2026-06-12,SMD-0009,ADANIGREEN,NSE:ADANIGREEN-EQ,1480.0,1493.0,1455.2,1485.7,1975815,FYERS_HISTORY,2026-08-05T19:55:25+05:30
2026-06-15,SMD-0009,ADANIGREEN,NSE:ADANIGREEN-EQ,1502.0,1512.1,1476.7,1482.6,2245384,FYERS_HISTORY,2026-08-05T19:55:25+05:30
2026-06-16,SMD-0009,ADANIGREEN,NSE:ADANIGREEN-EQ,1489.6,1496.0,1472.6,1482.5,1251445,FYERS_HISTORY,2026-08-05T19:55:25+05:30
2026-06-17,SMD-0009,ADANIGREEN,NSE:ADANIGREEN-EQ,1489.7,1489.7,1456.3,1465.8,2163196,FYERS_HISTORY,2026-08-05T19:55:25+05:30
2026-06-18,SMD-0009,ADANIGREEN,NSE:ADANIGREEN-EQ,1472.5,1520.0,1465.0,1506.8,2123098,FYERS_HISTORY,2026-08-05T19:55:25+05:30
2026-06-19,SMD-0009,ADANIGREEN,NSE:ADANIGREEN-EQ,1508.0,1527.0,1493.1,1502.4,2962921,FYERS_HISTORY,2026-08-05T19:55:25+05:30
2026-06-22,SMD-0009,ADANIGREEN,NSE:ADANIGREEN-EQ,1509.0,1555.0,1490.5,1549.9,2956240,FYERS_HISTORY,2026-08-05T19:55:25+05:30
2026-06-23,SMD-0009,ADANIGREEN,NSE:ADANIGREEN-EQ,1552.0,1557.0,1487.0,1511.2,2885195,FYERS_HISTORY,2026-08-05T19:55:25+05:30
2026-06-24,SMD-0009,ADANIGREEN,NSE:ADANIGREEN-EQ,1509.9,1533.6,1492.1,1525.4,1932189,FYERS_HISTORY,2026-08-05T19:55:25+05:30
2026-06-25,SMD-0009,ADANIGREEN,NSE:ADANIGREEN-EQ,1534.8,1551.0,1518.6,1526.1,2282406,FYERS_HISTORY,2026-08-05T19:55:25+05:30
2026-06-29,SMD-0009,ADANIGREEN,NSE:ADANIGREEN-EQ,1506.9,1518.2,1469.3,1502.5,5334970,FYERS_HISTORY,2026-08-05T19:55:25+05:30
2026-06-30,SMD-0009,ADANIGREEN,NSE:ADANIGREEN-EQ,1504.0,1508.5,1484.0,1492.2,2679140,FYERS_HISTORY,2026-08-05T19:55:25+05:30
2026-07-01,SMD-0009,ADANIGREEN,NSE:ADANIGREEN-EQ,1492.2,1546.0,1482.4,1535.0,2563470,FYERS_HISTORY,2026-08-05T19:55:25+05:30
2026-07-02,SMD-0009,ADANIGREEN,NSE:ADANIGREEN-EQ,1535.1,1563.6,1510.0,1555.2,2378828,FYERS_HISTORY,2026-08-05T19:55:25+05:30
2026-07-03,SMD-0009,ADANIGREEN,NSE:ADANIGREEN-EQ,1559.9,1566.6,1518.5,1556.2,2242848,FYERS_HISTORY,2026-08-05T19:55:25+05:30
2026-07-06,SMD-0009,ADANIGREEN,NSE:ADANIGREEN-EQ,1564.9,1589.1,1544.2,1549.2,2508984,FYERS_HISTORY,2026-08-05T19:55:25+05:30
2026-07-07,SMD-0009,ADANIGREEN,NSE:ADANIGREEN-EQ,1552.0,1562.0,1511.7,1519.0,1763681,FYERS_HISTORY,2026-08-05T19:55:25+05:30
2026-07-08,SMD-0009,ADANIGREEN,NSE:ADANIGREEN-EQ,1518.9,1557.7,1493.6,1504.6,2283543,FYERS_HISTORY,2026-08-05T19:55:25+05:30
2026-07-09,SMD-0009,ADANIGREEN,NSE:ADANIGREEN-EQ,1514.3,1537.5,1481.2,1486.6,1672531,FYERS_HISTORY,2026-08-05T19:55:25+05:30
2026-07-10,SMD-0009,ADANIGREEN,NSE:ADANIGREEN-EQ,1505.0,1546.8,1495.7,1536.6,2070226,FYERS_HISTORY,2026-08-05T19:55:25+05:30
2026-07-13,SMD-0009,ADANIGREEN,NSE:ADANIGREEN-EQ,1525.4,1575.4,1523.0,1546.5,2868246,FYERS_HISTORY,2026-08-05T19:55:25+05:30
2026-07-14,SMD-0009,ADANIGREEN,NSE:ADANIGREEN-EQ,1545.0,1631.5,1533.0,1604.5,4833988,FYERS_HISTORY,2026-08-05T19:55:25+05:30
2026-07-15,SMD-0009,ADANIGREEN,NSE:ADANIGREEN-EQ,1604.5,1610.3,1547.0,1555.4,2364540,FYERS_HISTORY,2026-08-05T19:55:25+05:30
2026-07-16,SMD-0009,ADANIGREEN,NSE:ADANIGREEN-EQ,1565.0,1585.8,1540.7,1543.7,2128635,FYERS_HISTORY,2026-08-05T19:55:25+05:30
2026-07-17,SMD-0009,ADANIGREEN,NSE:ADANIGREEN-EQ,1550.7,1558.0,1507.3,1513.9,4912240,FYERS_HISTORY,2026-08-05T19:55:25+05:30
2026-07-20,SMD-0009,ADANIGREEN,NSE:ADANIGREEN-EQ,1523.7,1539.8,1498.0,1530.0,2120925,FYERS_HISTORY,2026-08-05T19:55:25+05:30
2026-07-21,SMD-0009,ADANIGREEN,NSE:ADANIGREEN-EQ,1531.0,1558.7,1523.3,1541.9,1845646,FYERS_HISTORY,2026-08-05T19:55:25+05:30
2026-07-22,SMD-0009,ADANIGREEN,NSE:ADANIGREEN-EQ,1548.0,1548.0,1464.7,1472.3,3809107,FYERS_HISTORY,2026-08-05T19:55:25+05:30
2026-07-23,SMD-0009,ADANIGREEN,NSE:ADANIGREEN-EQ,1468.0,1468.0,1372.0,1379.9,7893921,FYERS_HISTORY,2026-08-05T19:55:25+05:30
2026-07-24,SMD-0009,ADANIGREEN,NSE:ADANIGREEN-EQ,1356.0,1405.0,1352.0,1395.1,5247088,FYERS_HISTORY,2026-08-05T19:55:25+05:30
2026-07-27,SMD-0009,ADANIGREEN,NSE:ADANIGREEN-EQ,1410.2,1418.2,1390.1,1399.7,1695918,FYERS_HISTORY,2026-08-05T19:55:25+05:30
2026-07-28,SMD-0009,ADANIGREEN,NSE:ADANIGREEN-EQ,1405.0,1405.0,1362.8,1377.8,1868013,FYERS_HISTORY,2026-08-05T19:55:25+05:30
2026-07-29,SMD-0009,ADANIGREEN,NSE:ADANIGREEN-EQ,1383.1,1396.6,1354.0,1373.1,1700509,FYERS_HISTORY,2026-08-05T19:55:25+05:30
2026-07-30,SMD-0009,ADANIGREEN,NSE:ADANIGREEN-EQ,1374.0,1374.0,1350.0,1358.7,1194084,FYERS_HISTORY,2026-08-05T19:55:25+05:30
2026-07-31,SMD-0009,ADANIGREEN,NSE:ADANIGREEN-EQ,1368.8,1397.0,1353.0,1383.0,1571946,FYERS_HISTORY,2026-08-05T19:55:25+05:30
2026-08-03,SMD-0009,ADANIGREEN,NSE:ADANIGREEN-EQ,1390.0,1427.0,1386.6,1395.0,3037528,FYERS_HISTORY,2026-08-05T19:55:25+05:30
2026-08-04,SMD-0009,ADANIGREEN,NSE:ADANIGREEN-EQ,1400.6,1418.0,1382.2,1384.0,1825412,FYERS_HISTORY,2026-08-05T19:55:25+05:30
2026-08-05,SMD-0009,ADANIGREEN,NSE:ADANIGREEN-EQ,1400.0,1405.7,1373.3,1380.0,1221115,FYERS_HISTORY,2026-08-05T19:55:25+05:30
2026-08-06,SMD-0009,ADANIGREEN,NSE:ADANIGREEN-EQ,1385.1,1386.8,1370.0,1371.5,814990,FYERS_HISTORY,2026-08-08T22:59:03+05:30
2026-08-07,SMD-0009,ADANIGREEN,NSE:ADANIGREEN-EQ,1371.5,1389.9,1365.7,1372.4,1273380,FYERS_HISTORY,2026-08-08T22:59:03+05:30
