trade_date,security_id,symbol,fyers_symbol,open,high,low,close,volume,source,downloaded_at
2000-01-03,SMD-0225,TATASTEEL,NSE:TATASTEEL-EQ,8.72,9.03,8.61,8.98,20025360,FYERS_HISTORY,2026-08-08T23:56:45+05:30
2000-01-04,SMD-0225,TATASTEEL,NSE:TATASTEEL-EQ,8.84,9.01,8.43,8.88,15546330,FYERS_HISTORY,2026-08-08T23:56:45+05:30
2000-01-05,SMD-0225,TATASTEEL,NSE:TATASTEEL-EQ,8.52,9.6,8.52,9.22,38390400,FYERS_HISTORY,2026-08-08T23:56:45+05:30
2000-01-06,SMD-0225,TATASTEEL,NSE:TATASTEEL-EQ,9.36,9.96,9.36,9.91,25596190,FYERS_HISTORY,2026-08-08T23:56:45+05:30
2000-01-07,SMD-0225,TATASTEEL,NSE:TATASTEEL-EQ,10.22,10.55,9.8,10.13,36405110,FYERS_HISTORY,2026-08-08T23:56:45+05:30
2000-01-10,SMD-0225,TATASTEEL,NSE:TATASTEEL-EQ,10.25,10.89,10.25,10.74,46405490,FYERS_HISTORY,2026-08-08T23:56:45+05:30
2000-01-11,SMD-0225,TATASTEEL,NSE:TATASTEEL-EQ,10.55,10.6,9.88,9.88,17054150,FYERS_HISTORY,2026-08-08T23:56:45+05:30
2000-01-12,SMD-0225,TATASTEEL,NSE:TATASTEEL-EQ,9.72,10.13,9.38,9.74,23369810,FYERS_HISTORY,2026-08-08T23:56:45+05:30
2000-01-13,SMD-0225,TATASTEEL,NSE:TATASTEEL-EQ,9.89,10.01,9.19,9.38,15842890,FYERS_HISTORY,2026-08-08T23:56:45+05:30
2000-01-14,SMD-0225,TATASTEEL,NSE:TATASTEEL-EQ,9.48,9.54,9.19,9.35,15412320,FYERS_HISTORY,2026-08-08T23:56:45+05:30
2000-01-17,SMD-0225,TATASTEEL,NSE:TATASTEEL-EQ,9.72,10.1,9.61,9.83,33251920,FYERS_HISTORY,2026-08-08T23:56:45+05:30
2000-01-18,SMD-0225,TATASTEEL,NSE:TATASTEEL-EQ,9.83,10.37,9.62,10.18,35156870,FYERS_HISTORY,2026-08-08T23:56:45+05:30
2000-01-19,SMD-0225,TATASTEEL,NSE:TATASTEEL-EQ,10.43,10.49,10.07,10.18,26162170,FYERS_HISTORY,2026-08-08T23:56:45+05:30
2000-01-20,SMD-0225,TATASTEEL,NSE:TATASTEEL-EQ,10.07,10.55,9.47,9.61,82549740,FYERS_HISTORY,2026-08-08T23:56:45+05:30
2000-01-21,SMD-0225,TATASTEEL,NSE:TATASTEEL-EQ,9.58,9.71,9.37,9.57,27940350,FYERS_HISTORY,2026-08-08T23:56:45+05:30
2000-01-24,SMD-0225,TATASTEEL,NSE:TATASTEEL-EQ,9.66,9.66,8.84,8.9,24457160,FYERS_HISTORY,2026-08-08T23:56:45+05:30
2000-01-25,SMD-0225,TATASTEEL,NSE:TATASTEEL-EQ,8.84,9.07,8.66,8.75,30292750,FYERS_HISTORY,2026-08-08T23:56:45+05:30
2000-01-27,SMD-0225,TATASTEEL,NSE:TATASTEEL-EQ,8.92,9.04,8.69,8.74,14658670,FYERS_HISTORY,2026-08-08T23:56:45+05:30
2000-01-28,SMD-0225,TATASTEEL,NSE:TATASTEEL-EQ,8.72,8.9,8.44,8.51,19959860,FYERS_HISTORY,2026-08-08T23:56:45+05:30
2000-01-31,SMD-0225,TATASTEEL,NSE:TATASTEEL-EQ,8.43,8.48,8.17,8.21,12688730,FYERS_HISTORY,2026-08-08T23:56:45+05:30
2000-02-01,SMD-0225,TATASTEEL,NSE:TATASTEEL-EQ,8.19,8.41,8.17,8.28,17475640,FYERS_HISTORY,2026-08-08T23:56:45+05:30
2000-02-02,SMD-0225,TATASTEEL,NSE:TATASTEEL-EQ,8.47,8.56,8.25,8.31,13760990,FYERS_HISTORY,2026-08-08T23:56:45+05:30
2000-02-03,SMD-0225,TATASTEEL,NSE:TATASTEEL-EQ,8.36,8.61,8.22,8.25,32740260,FYERS_HISTORY,2026-08-08T23:56:45+05:30
2000-02-04,SMD-0225,TATASTEEL,NSE:TATASTEEL-EQ,8.36,8.37,8.19,8.25,16538750,FYERS_HISTORY,2026-08-08T23:56:45+05:30
2000-02-07,SMD-0225,TATASTEEL,NSE:TATASTEEL-EQ,8.25,8.3,8.14,8.19,9294420,FYERS_HISTORY,2026-08-08T23:56:45+05:30
2000-02-08,SMD-0225,TATASTEEL,NSE:TATASTEEL-EQ,8.16,8.45,8.14,8.31,26764980,FYERS_HISTORY,2026-08-08T23:56:45+05:30
2000-02-09,SMD-0225,TATASTEEL,NSE:TATASTEEL-EQ,8.57,8.85,8.43,8.51,28467640,FYERS_HISTORY,2026-08-08T23:56:45+05:30
2000-02-10,SMD-0225,TATASTEEL,NSE:TATASTEEL-EQ,8.57,8.57,8.31,8.36,10935210,FYERS_HISTORY,2026-08-08T23:56:45+05:30
2000-02-11,SMD-0225,TATASTEEL,NSE:TATASTEEL-EQ,8.47,8.48,8.23,8.26,11494200,FYERS_HISTORY,2026-08-08T23:56:45+05:30
2000-02-14,SMD-0225,TATASTEEL,NSE:TATASTEEL-EQ,8.19,8.28,7.78,7.93,10130020,FYERS_HISTORY,2026-08-08T23:56:45+05:30
2000-02-15,SMD-0225,TATASTEEL,NSE:TATASTEEL-EQ,7.86,8.07,7.67,7.76,18181240,FYERS_HISTORY,2026-08-08T23:56:45+05:30
2000-02-16,SMD-0225,TATASTEEL,NSE:TATASTEEL-EQ,8.0,8.13,7.92,7.97,8037580,FYERS_HISTORY,2026-08-08T23:56:45+05:30
2000-02-17,SMD-0225,TATASTEEL,NSE:TATASTEEL-EQ,8.01,8.11,7.9,8.0,7653640,FYERS_HISTORY,2026-08-08T23:56:45+05:30
2000-02-18,SMD-0225,TATASTEEL,NSE:TATASTEEL-EQ,8.01,8.04,7.81,7.85,6478790,FYERS_HISTORY,2026-08-08T23:56:45+05:30
2000-02-21,SMD-0225,TATASTEEL,NSE:TATASTEEL-EQ,7.89,8.17,7.78,7.84,11654180,FYERS_HISTORY,2026-08-08T23:56:45+05:30
2000-02-22,SMD-0225,TATASTEEL,NSE:TATASTEEL-EQ,7.91,7.97,7.68,7.73,10134140,FYERS_HISTORY,2026-08-08T23:56:45+05:30
2000-02-23,SMD-0225,TATASTEEL,NSE:TATASTEEL-EQ,7.98,8.01,7.54,7.58,7281640,FYERS_HISTORY,2026-08-08T23:56:45+05:30
2000-02-24,SMD-0225,TATASTEEL,NSE:TATASTEEL-EQ,7.74,7.85,7.38,7.59,7848180,FYERS_HISTORY,2026-08-08T23:56:45+05:30
2000-02-25,SMD-0225,TATASTEEL,NSE:TATASTEEL-EQ,7.61,7.84,7.51,7.57,6816950,FYERS_HISTORY,2026-08-08T23:56:45+05:30
2000-02-28,SMD-0225,TATASTEEL,NSE:TATASTEEL-EQ,7.61,7.76,7.49,7.7,5462080,FYERS_HISTORY,2026-08-08T23:56:45+05:30
2000-02-29,SMD-0225,TATASTEEL,NSE:TATASTEEL-EQ,7.84,8.0,7.09,7.1,15665120,FYERS_HISTORY,2026-08-08T23:56:45+05:30
2000-03-01,SMD-0225,TATASTEEL,NSE:TATASTEEL-EQ,7.25,7.47,6.54,6.82,34679100,FYERS_HISTORY,2026-08-08T23:56:45+05:30
2000-03-02,SMD-0225,TATASTEEL,NSE:TATASTEEL-EQ,7.19,7.37,6.66,6.79,45346150,FYERS_HISTORY,2026-08-08T23:56:45+05:30
2000-03-03,SMD-0225,TATASTEEL,NSE:TATASTEEL-EQ,6.63,6.63,6.25,6.27,12672810,FYERS_HISTORY,2026-08-08T23:56:45+05:30
2000-03-06,SMD-0225,TATASTEEL,NSE:TATASTEEL-EQ,6.42,6.63,5.97,6.06,14620100,FYERS_HISTORY,2026-08-08T23:56:45+05:30
2000-03-07,SMD-0225,TATASTEEL,NSE:TATASTEEL-EQ,6.09,6.13,5.69,5.72,19915640,FYERS_HISTORY,2026-08-08T23:56:45+05:30
2000-03-08,SMD-0225,TATASTEEL,NSE:TATASTEEL-EQ,5.86,5.86,5.33,5.37,13591800,FYERS_HISTORY,2026-08-08T23:56:45+05:30
2000-03-09,SMD-0225,TATASTEEL,NSE:TATASTEEL-EQ,5.41,5.74,5.36,5.66,13955710,FYERS_HISTORY,2026-08-08T23:56:45+05:30
2000-03-10,SMD-0225,TATASTEEL,NSE:TATASTEEL-EQ,5.66,5.71,5.34,5.41,8343900,FYERS_HISTORY,2026-08-08T23:56:45+05:30
2000-03-13,SMD-0225,TATASTEEL,NSE:TATASTEEL-EQ,5.5,5.59,5.25,5.32,10240750,FYERS_HISTORY,2026-08-08T23:56:45+05:30
2000-03-14,SMD-0225,TATASTEEL,NSE:TATASTEEL-EQ,5.41,5.75,5.26,5.75,13397580,FYERS_HISTORY,2026-08-08T23:56:45+05:30
2000-03-15,SMD-0225,TATASTEEL,NSE:TATASTEEL-EQ,6.18,6.21,5.95,6.21,14569180,FYERS_HISTORY,2026-08-08T23:56:45+05:30
2000-03-16,SMD-0225,TATASTEEL,NSE:TATASTEEL-EQ,6.36,6.59,5.92,6.42,32592330,FYERS_HISTORY,2026-08-08T23:56:45+05:30
2000-03-21,SMD-0225,TATASTEEL,NSE:TATASTEEL-EQ,6.47,6.58,6.07,6.39,23968220,FYERS_HISTORY,2026-08-08T23:56:45+05:30
2000-03-22,SMD-0225,TATASTEEL,NSE:TATASTEEL-EQ,6.42,6.68,6.24,6.45,14471870,FYERS_HISTORY,2026-08-08T23:56:45+05:30
2000-03-23,SMD-0225,TATASTEEL,NSE:TATASTEEL-EQ,6.38,6.53,6.09,6.14,8697290,FYERS_HISTORY,2026-08-08T23:56:45+05:30
2000-03-24,SMD-0225,TATASTEEL,NSE:TATASTEEL-EQ,6.19,6.28,6.13,6.24,6863310,FYERS_HISTORY,2026-08-08T23:56:45+05:30
2000-03-27,SMD-0225,TATASTEEL,NSE:TATASTEEL-EQ,6.3,6.3,6.07,6.13,4682770,FYERS_HISTORY,2026-08-08T23:56:45+05:30
2000-03-28,SMD-0225,TATASTEEL,NSE:TATASTEEL-EQ,6.16,6.3,6.01,6.26,12203880,FYERS_HISTORY,2026-08-08T23:56:45+05:30
2000-03-29,SMD-0225,TATASTEEL,NSE:TATASTEEL-EQ,6.31,6.45,6.12,6.18,11406470,FYERS_HISTORY,2026-08-08T23:56:45+05:30
2000-03-30,SMD-0225,TATASTEEL,NSE:TATASTEEL-EQ,6.14,6.57,5.96,6.39,25430540,FYERS_HISTORY,2026-08-08T23:56:45+05:30
2000-03-31,SMD-0225,TATASTEEL,NSE:TATASTEEL-EQ,6.32,6.83,6.2,6.78,36597570,FYERS_HISTORY,2026-08-08T23:56:45+05:30
2000-04-03,SMD-0225,TATASTEEL,NSE:TATASTEEL-EQ,6.88,7.33,6.88,7.23,34374180,FYERS_HISTORY,2026-08-08T23:56:45+05:30
2000-04-04,SMD-0225,TATASTEEL,NSE:TATASTEEL-EQ,7.16,7.16,6.65,6.72,33237740,FYERS_HISTORY,2026-08-08T23:56:45+05:30
2000-04-05,SMD-0225,TATASTEEL,NSE:TATASTEEL-EQ,6.72,7.01,6.43,6.97,33998690,FYERS_HISTORY,2026-08-08T23:56:45+05:30
2000-04-06,SMD-0225,TATASTEEL,NSE:TATASTEEL-EQ,7.0,7.24,6.6,6.79,17522440,FYERS_HISTORY,2026-08-08T23:56:45+05:30
2000-04-07,SMD-0225,TATASTEEL,NSE:TATASTEEL-EQ,6.82,7.3,6.79,7.26,44558540,FYERS_HISTORY,2026-08-08T23:56:45+05:30
2000-04-10,SMD-0225,TATASTEEL,NSE:TATASTEEL-EQ,7.3,7.41,7.01,7.1,32874000,FYERS_HISTORY,2026-08-08T23:56:45+05:30
2000-04-11,SMD-0225,TATASTEEL,NSE:TATASTEEL-EQ,6.92,7.04,6.79,6.9,13367480,FYERS_HISTORY,2026-08-08T23:56:45+05:30
2000-04-12,SMD-0225,TATASTEEL,NSE:TATASTEEL-EQ,6.95,7.05,6.81,6.87,8125910,FYERS_HISTORY,2026-08-08T23:56:45+05:30
2000-04-13,SMD-0225,TATASTEEL,NSE:TATASTEEL-EQ,6.78,6.78,6.5,6.61,17057750,FYERS_HISTORY,2026-08-08T23:56:45+05:30
2000-04-17,SMD-0225,TATASTEEL,NSE:TATASTEEL-EQ,6.48,7.13,6.13,6.74,56060790,FYERS_HISTORY,2026-08-08T23:56:45+05:30
2000-04-18,SMD-0225,TATASTEEL,NSE:TATASTEEL-EQ,6.77,7.01,6.72,6.83,15921000,FYERS_HISTORY,2026-08-08T23:56:45+05:30
2000-04-19,SMD-0225,TATASTEEL,NSE:TATASTEEL-EQ,7.01,7.1,6.7,6.83,23682200,FYERS_HISTORY,2026-08-08T23:56:45+05:30
2000-04-20,SMD-0225,TATASTEEL,NSE:TATASTEEL-EQ,6.83,6.89,6.61,6.84,12314760,FYERS_HISTORY,2026-08-08T23:56:45+05:30
2000-04-24,SMD-0225,TATASTEEL,NSE:TATASTEEL-EQ,6.86,6.92,6.52,6.59,13622280,FYERS_HISTORY,2026-08-08T23:56:45+05:30
2000-04-25,SMD-0225,TATASTEEL,NSE:TATASTEEL-EQ,6.49,6.54,6.27,6.43,21095150,FYERS_HISTORY,2026-08-08T23:56:45+05:30
2000-04-26,SMD-0225,TATASTEEL,NSE:TATASTEEL-EQ,6.62,6.84,6.5,6.8,21565060,FYERS_HISTORY,2026-08-08T23:56:45+05:30
2000-04-27,SMD-0225,TATASTEEL,NSE:TATASTEEL-EQ,6.77,6.77,6.48,6.56,10347210,FYERS_HISTORY,2026-08-08T23:56:45+05:30
2000-04-28,SMD-0225,TATASTEEL,NSE:TATASTEEL-EQ,6.63,6.75,6.33,6.37,8945680,FYERS_HISTORY,2026-08-08T23:56:45+05:30
2000-05-02,SMD-0225,TATASTEEL,NSE:TATASTEEL-EQ,6.37,6.42,5.97,6.01,13310140,FYERS_HISTORY,2026-08-08T23:56:45+05:30
2000-05-03,SMD-0225,TATASTEEL,NSE:TATASTEEL-EQ,6.07,6.13,5.77,6.07,7012650,FYERS_HISTORY,2026-08-08T23:56:45+05:30
2000-05-04,SMD-0225,TATASTEEL,NSE:TATASTEEL-EQ,6.12,6.36,6.04,6.21,6405450,FYERS_HISTORY,2026-08-08T23:56:45+05:30
2000-05-05,SMD-0225,TATASTEEL,NSE:TATASTEEL-EQ,6.19,6.42,6.12,6.31,10847230,FYERS_HISTORY,2026-08-08T23:56:45+05:30
2000-05-08,SMD-0225,TATASTEEL,NSE:TATASTEEL-EQ,6.33,6.54,6.21,6.26,8565430,FYERS_HISTORY,2026-08-08T23:56:45+05:30
2000-05-09,SMD-0225,TATASTEEL,NSE:TATASTEEL-EQ,6.19,6.26,6.02,6.16,7439170,FYERS_HISTORY,2026-08-08T23:56:45+05:30
2000-05-10,SMD-0225,TATASTEEL,NSE:TATASTEEL-EQ,6.32,6.32,6.11,6.14,3371750,FYERS_HISTORY,2026-08-08T23:56:45+05:30
2000-05-11,SMD-0225,TATASTEEL,NSE:TATASTEEL-EQ,6.02,6.15,6.01,6.05,2252330,FYERS_HISTORY,2026-08-08T23:56:45+05:30
2000-05-12,SMD-0225,TATASTEEL,NSE:TATASTEEL-EQ,6.09,6.12,5.83,5.91,4643820,FYERS_HISTORY,2026-08-08T23:56:45+05:30
2000-05-15,SMD-0225,TATASTEEL,NSE:TATASTEEL-EQ,5.8,6.02,5.77,6.0,4433060,FYERS_HISTORY,2026-08-08T23:56:45+05:30
2000-05-16,SMD-0225,TATASTEEL,NSE:TATASTEEL-EQ,5.98,6.1,5.98,6.02,5156220,FYERS_HISTORY,2026-08-08T23:56:45+05:30
2000-05-17,SMD-0225,TATASTEEL,NSE:TATASTEEL-EQ,6.12,6.38,6.12,6.19,14191310,FYERS_HISTORY,2026-08-08T23:56:45+05:30
2000-05-18,SMD-0225,TATASTEEL,NSE:TATASTEEL-EQ,6.28,6.8,6.28,6.57,37375070,FYERS_HISTORY,2026-08-08T23:56:45+05:30
2000-05-19,SMD-0225,TATASTEEL,NSE:TATASTEEL-EQ,6.63,6.8,6.54,6.69,16876120,FYERS_HISTORY,2026-08-08T23:56:45+05:30
2000-05-22,SMD-0225,TATASTEEL,NSE:TATASTEEL-EQ,6.66,7.05,6.59,6.74,28047370,FYERS_HISTORY,2026-08-08T23:56:45+05:30
2000-05-23,SMD-0225,TATASTEEL,NSE:TATASTEEL-EQ,6.73,6.86,6.63,6.8,13135790,FYERS_HISTORY,2026-08-08T23:56:45+05:30
2000-05-24,SMD-0225,TATASTEEL,NSE:TATASTEEL-EQ,6.76,7.13,6.69,6.97,32447680,FYERS_HISTORY,2026-08-08T23:56:45+05:30
2000-05-25,SMD-0225,TATASTEEL,NSE:TATASTEEL-EQ,6.95,7.11,6.67,6.74,28136790,FYERS_HISTORY,2026-08-08T23:56:45+05:30
2000-05-26,SMD-0225,TATASTEEL,NSE:TATASTEEL-EQ,6.72,6.86,6.63,6.71,19436680,FYERS_HISTORY,2026-08-08T23:56:45+05:30
2000-05-29,SMD-0225,TATASTEEL,NSE:TATASTEEL-EQ,6.77,7.0,6.71,6.83,21081030,FYERS_HISTORY,2026-08-08T23:56:45+05:30
2000-05-30,SMD-0225,TATASTEEL,NSE:TATASTEEL-EQ,6.83,6.95,6.77,6.87,19355050,FYERS_HISTORY,2026-08-08T23:56:45+05:30
2000-05-31,SMD-0225,TATASTEEL,NSE:TATASTEEL-EQ,7.02,7.36,6.9,7.2,52317780,FYERS_HISTORY,2026-08-08T23:56:45+05:30
2000-06-01,SMD-0225,TATASTEEL,NSE:TATASTEEL-EQ,7.3,7.35,6.99,7.02,22867440,FYERS_HISTORY,2026-08-08T23:56:45+05:30
2000-06-02,SMD-0225,TATASTEEL,NSE:TATASTEEL-EQ,7.06,7.87,7.06,7.87,74785560,FYERS_HISTORY,2026-08-08T23:56:45+05:30
2000-06-05,SMD-0225,TATASTEEL,NSE:TATASTEEL-EQ,7.95,8.34,7.57,7.68,44968760,FYERS_HISTORY,2026-08-08T23:56:45+05:30
2000-06-06,SMD-0225,TATASTEEL,NSE:TATASTEEL-EQ,7.72,8.01,7.61,7.89,21208330,FYERS_HISTORY,2026-08-08T23:56:45+05:30
2000-06-07,SMD-0225,TATASTEEL,NSE:TATASTEEL-EQ,7.98,8.01,7.66,7.69,15173080,FYERS_HISTORY,2026-08-08T23:56:45+05:30
2000-06-08,SMD-0225,TATASTEEL,NSE:TATASTEEL-EQ,7.72,7.89,7.69,7.84,16263740,FYERS_HISTORY,2026-08-08T23:56:45+05:30
2000-06-09,SMD-0225,TATASTEEL,NSE:TATASTEEL-EQ,7.84,8.12,7.78,7.81,29824320,FYERS_HISTORY,2026-08-08T23:56:45+05:30
2000-06-12,SMD-0225,TATASTEEL,NSE:TATASTEEL-EQ,7.88,7.91,7.57,7.61,17898760,FYERS_HISTORY,2026-08-08T23:56:45+05:30
2000-06-13,SMD-0225,TATASTEEL,NSE:TATASTEEL-EQ,7.58,7.6,7.28,7.41,33024250,FYERS_HISTORY,2026-08-08T23:56:45+05:30
2000-06-14,SMD-0225,TATASTEEL,NSE:TATASTEEL-EQ,7.63,7.78,7.51,7.56,21776570,FYERS_HISTORY,2026-08-08T23:56:45+05:30
2000-06-15,SMD-0225,TATASTEEL,NSE:TATASTEEL-EQ,7.57,7.58,7.45,7.49,6380350,FYERS_HISTORY,2026-08-08T23:56:45+05:30
2000-06-16,SMD-0225,TATASTEEL,NSE:TATASTEEL-EQ,7.57,7.74,7.47,7.68,20131740,FYERS_HISTORY,2026-08-08T23:56:45+05:30
2000-06-19,SMD-0225,TATASTEEL,NSE:TATASTEEL-EQ,7.72,7.72,7.54,7.6,9935700,FYERS_HISTORY,2026-08-08T23:56:45+05:30
2000-06-20,SMD-0225,TATASTEEL,NSE:TATASTEEL-EQ,7.6,7.66,7.45,7.5,9270720,FYERS_HISTORY,2026-08-08T23:56:45+05:30
2000-06-21,SMD-0225,TATASTEEL,NSE:TATASTEEL-EQ,7.56,7.56,7.25,7.27,8439940,FYERS_HISTORY,2026-08-08T23:56:45+05:30
2000-06-22,SMD-0225,TATASTEEL,NSE:TATASTEEL-EQ,7.3,7.42,7.11,7.35,11728840,FYERS_HISTORY,2026-08-08T23:56:45+05:30
2000-06-23,SMD-0225,TATASTEEL,NSE:TATASTEEL-EQ,7.36,7.51,7.23,7.27,12743010,FYERS_HISTORY,2026-08-08T23:56:45+05:30
2000-06-26,SMD-0225,TATASTEEL,NSE:TATASTEEL-EQ,7.3,7.3,7.13,7.18,6003980,FYERS_HISTORY,2026-08-08T23:56:45+05:30
2000-06-27,SMD-0225,TATASTEEL,NSE:TATASTEEL-EQ,7.22,7.33,7.1,7.13,14892980,FYERS_HISTORY,2026-08-08T23:56:45+05:30
2000-06-28,SMD-0225,TATASTEEL,NSE:TATASTEEL-EQ,7.13,7.21,7.08,7.18,3776690,FYERS_HISTORY,2026-08-08T23:56:45+05:30
2000-06-29,SMD-0225,TATASTEEL,NSE:TATASTEEL-EQ,7.21,7.28,7.13,7.15,6067670,FYERS_HISTORY,2026-08-08T23:56:45+05:30
2000-06-30,SMD-0225,TATASTEEL,NSE:TATASTEEL-EQ,7.1,7.23,6.95,6.98,9007850,FYERS_HISTORY,2026-08-08T23:56:45+05:30
2000-07-03,SMD-0225,TATASTEEL,NSE:TATASTEEL-EQ,7.06,7.59,7.01,7.45,31597130,FYERS_HISTORY,2026-08-08T23:56:45+05:30
2000-07-04,SMD-0225,TATASTEEL,NSE:TATASTEEL-EQ,7.48,7.68,7.45,7.56,16635770,FYERS_HISTORY,2026-08-08T23:56:45+05:30
2000-07-05,SMD-0225,TATASTEEL,NSE:TATASTEEL-EQ,7.59,7.7,7.45,7.49,13482470,FYERS_HISTORY,2026-08-08T23:56:45+05:30
2000-07-06,SMD-0225,TATASTEEL,NSE:TATASTEEL-EQ,7.56,7.61,7.3,7.53,9382360,FYERS_HISTORY,2026-08-08T23:56:45+05:30
2000-07-07,SMD-0225,TATASTEEL,NSE:TATASTEEL-EQ,7.63,8.05,7.6,7.95,45627610,FYERS_HISTORY,2026-08-08T23:56:45+05:30
2000-07-10,SMD-0225,TATASTEEL,NSE:TATASTEEL-EQ,7.95,8.07,7.84,7.91,23878630,FYERS_HISTORY,2026-08-08T23:56:45+05:30
2000-07-11,SMD-0225,TATASTEEL,NSE:TATASTEEL-EQ,7.88,8.3,7.81,8.2,37838480,FYERS_HISTORY,2026-08-08T23:56:45+05:30
2000-07-12,SMD-0225,TATASTEEL,NSE:TATASTEEL-EQ,8.51,8.52,8.19,8.28,43729910,FYERS_HISTORY,2026-08-08T23:56:45+05:30
2000-07-13,SMD-0225,TATASTEEL,NSE:TATASTEEL-EQ,8.4,8.51,8.19,8.29,30307130,FYERS_HISTORY,2026-08-08T23:56:45+05:30
2000-07-14,SMD-0225,TATASTEEL,NSE:TATASTEEL-EQ,8.31,8.39,8.09,8.13,18224750,FYERS_HISTORY,2026-08-08T23:56:45+05:30
2000-07-17,SMD-0225,TATASTEEL,NSE:TATASTEEL-EQ,8.17,8.54,8.17,8.48,38563130,FYERS_HISTORY,2026-08-08T23:56:45+05:30
2000-07-18,SMD-0225,TATASTEEL,NSE:TATASTEEL-EQ,8.5,8.58,8.22,8.27,27626080,FYERS_HISTORY,2026-08-08T23:56:45+05:30
2000-07-19,SMD-0225,TATASTEEL,NSE:TATASTEEL-EQ,8.33,8.37,7.86,7.94,25308760,FYERS_HISTORY,2026-08-08T23:56:45+05:30
2000-07-20,SMD-0225,TATASTEEL,NSE:TATASTEEL-EQ,8.06,8.36,7.95,8.02,53673490,FYERS_HISTORY,2026-08-08T23:56:45+05:30
2000-07-21,SMD-0225,TATASTEEL,NSE:TATASTEEL-EQ,8.07,8.13,7.34,7.41,50570330,FYERS_HISTORY,2026-08-08T23:56:45+05:30
2000-07-24,SMD-0225,TATASTEEL,NSE:TATASTEEL-EQ,7.14,7.22,6.82,6.86,19970940,FYERS_HISTORY,2026-08-08T23:56:45+05:30
2000-07-25,SMD-0225,TATASTEEL,NSE:TATASTEEL-EQ,6.78,7.18,6.48,7.07,29068940,FYERS_HISTORY,2026-08-08T23:56:45+05:30
2000-07-26,SMD-0225,TATASTEEL,NSE:TATASTEEL-EQ,7.19,7.25,6.82,6.86,17827730,FYERS_HISTORY,2026-08-08T23:56:45+05:30
2000-07-27,SMD-0225,TATASTEEL,NSE:TATASTEEL-EQ,6.83,6.98,6.77,6.94,16967920,FYERS_HISTORY,2026-08-08T23:56:45+05:30
2000-07-28,SMD-0225,TATASTEEL,NSE:TATASTEEL-EQ,6.87,7.19,6.86,6.96,21648980,FYERS_HISTORY,2026-08-08T23:56:45+05:30
2000-07-31,SMD-0225,TATASTEEL,NSE:TATASTEEL-EQ,7.01,7.04,6.87,6.95,8844870,FYERS_HISTORY,2026-08-08T23:56:45+05:30
2000-08-01,SMD-0225,TATASTEEL,NSE:TATASTEEL-EQ,6.97,7.12,6.92,6.95,18651530,FYERS_HISTORY,2026-08-08T23:56:45+05:30
2000-08-02,SMD-0225,TATASTEEL,NSE:TATASTEEL-EQ,7.03,7.06,6.88,6.95,15392750,FYERS_HISTORY,2026-08-08T23:56:45+05:30
2000-08-03,SMD-0225,TATASTEEL,NSE:TATASTEEL-EQ,6.95,6.97,6.68,6.77,20165730,FYERS_HISTORY,2026-08-08T23:56:45+05:30
2000-08-04,SMD-0225,TATASTEEL,NSE:TATASTEEL-EQ,6.79,6.89,6.66,6.7,14552690,FYERS_HISTORY,2026-08-08T23:56:45+05:30
2000-08-07,SMD-0225,TATASTEEL,NSE:TATASTEEL-EQ,6.71,6.73,6.28,6.37,16128440,FYERS_HISTORY,2026-08-08T23:56:45+05:30
2000-08-08,SMD-0225,TATASTEEL,NSE:TATASTEEL-EQ,6.42,6.64,6.31,6.47,17873590,FYERS_HISTORY,2026-08-08T23:56:45+05:30
2000-08-09,SMD-0225,TATASTEEL,NSE:TATASTEEL-EQ,6.57,6.7,6.53,6.6,6779250,FYERS_HISTORY,2026-08-08T23:56:45+05:30
2000-08-10,SMD-0225,TATASTEEL,NSE:TATASTEEL-EQ,6.6,6.64,6.47,6.49,6618160,FYERS_HISTORY,2026-08-08T23:56:45+05:30
2000-08-11,SMD-0225,TATASTEEL,NSE:TATASTEEL-EQ,6.49,6.54,6.23,6.31,12862620,FYERS_HISTORY,2026-08-08T23:56:45+05:30
2000-08-14,SMD-0225,TATASTEEL,NSE:TATASTEEL-EQ,6.36,6.36,6.13,6.22,17227200,FYERS_HISTORY,2026-08-08T23:56:45+05:30
2000-08-16,SMD-0225,TATASTEEL,NSE:TATASTEEL-EQ,6.32,6.44,6.24,6.34,13395160,FYERS_HISTORY,2026-08-08T23:56:45+05:30
2000-08-17,SMD-0225,TATASTEEL,NSE:TATASTEEL-EQ,6.35,6.46,6.28,6.31,14033820,FYERS_HISTORY,2026-08-08T23:56:45+05:30
2000-08-18,SMD-0225,TATASTEEL,NSE:TATASTEEL-EQ,6.36,6.36,6.22,6.27,8073840,FYERS_HISTORY,2026-08-08T23:56:45+05:30
2000-08-21,SMD-0225,TATASTEEL,NSE:TATASTEEL-EQ,6.3,6.41,6.26,6.34,8989970,FYERS_HISTORY,2026-08-08T23:56:45+05:30
2000-08-22,SMD-0225,TATASTEEL,NSE:TATASTEEL-EQ,6.36,6.62,6.31,6.57,18744290,FYERS_HISTORY,2026-08-08T23:56:45+05:30
2000-08-23,SMD-0225,TATASTEEL,NSE:TATASTEEL-EQ,6.66,6.76,6.57,6.62,16159970,FYERS_HISTORY,2026-08-08T23:56:45+05:30
2000-08-24,SMD-0225,TATASTEEL,NSE:TATASTEEL-EQ,6.62,6.62,6.43,6.5,8194370,FYERS_HISTORY,2026-08-08T23:56:45+05:30
2000-08-25,SMD-0225,TATASTEEL,NSE:TATASTEEL-EQ,6.46,6.57,6.44,6.49,7652140,FYERS_HISTORY,2026-08-08T23:56:45+05:30
2000-08-28,SMD-0225,TATASTEEL,NSE:TATASTEEL-EQ,6.51,6.59,6.48,6.52,8939820,FYERS_HISTORY,2026-08-08T23:56:45+05:30
2000-08-29,SMD-0225,TATASTEEL,NSE:TATASTEEL-EQ,6.5,6.56,6.45,6.47,8796770,FYERS_HISTORY,2026-08-08T23:56:45+05:30
2000-08-30,SMD-0225,TATASTEEL,NSE:TATASTEEL-EQ,6.53,6.56,6.47,6.49,5422170,FYERS_HISTORY,2026-08-08T23:56:45+05:30
2000-08-31,SMD-0225,TATASTEEL,NSE:TATASTEEL-EQ,6.48,6.51,6.39,6.42,4753060,FYERS_HISTORY,2026-08-08T23:56:45+05:30
2000-09-04,SMD-0225,TATASTEEL,NSE:TATASTEEL-EQ,6.47,6.62,6.45,6.53,9651270,FYERS_HISTORY,2026-08-08T23:56:45+05:30
2000-09-05,SMD-0225,TATASTEEL,NSE:TATASTEEL-EQ,6.57,6.63,6.52,6.55,8018570,FYERS_HISTORY,2026-08-08T23:56:45+05:30
2000-09-06,SMD-0225,TATASTEEL,NSE:TATASTEEL-EQ,6.57,6.74,6.54,6.66,17884200,FYERS_HISTORY,2026-08-08T23:56:45+05:30
2000-09-07,SMD-0225,TATASTEEL,NSE:TATASTEEL-EQ,6.69,6.8,6.64,6.66,12501480,FYERS_HISTORY,2026-08-08T23:56:45+05:30
2000-09-08,SMD-0225,TATASTEEL,NSE:TATASTEEL-EQ,6.66,6.67,6.56,6.57,5848230,FYERS_HISTORY,2026-08-08T23:56:45+05:30
2000-09-11,SMD-0225,TATASTEEL,NSE:TATASTEEL-EQ,6.63,6.71,6.51,6.54,6834030,FYERS_HISTORY,2026-08-08T23:56:45+05:30
2000-09-12,SMD-0225,TATASTEEL,NSE:TATASTEEL-EQ,6.53,6.54,6.4,6.43,10246490,FYERS_HISTORY,2026-08-08T23:56:45+05:30
2000-09-13,SMD-0225,TATASTEEL,NSE:TATASTEEL-EQ,6.44,6.47,6.35,6.36,4491820,FYERS_HISTORY,2026-08-08T23:56:45+05:30
2000-09-14,SMD-0225,TATASTEEL,NSE:TATASTEEL-EQ,6.34,6.4,6.25,6.28,3762040,FYERS_HISTORY,2026-08-08T23:56:45+05:30
2000-09-15,SMD-0225,TATASTEEL,NSE:TATASTEEL-EQ,6.34,6.36,6.14,6.18,5845160,FYERS_HISTORY,2026-08-08T23:56:45+05:30
2000-09-18,SMD-0225,TATASTEEL,NSE:TATASTEEL-EQ,6.07,6.12,5.95,5.99,4383730,FYERS_HISTORY,2026-08-08T23:56:45+05:30
2000-09-19,SMD-0225,TATASTEEL,NSE:TATASTEEL-EQ,5.95,6.04,5.72,5.74,12197930,FYERS_HISTORY,2026-08-08T23:56:45+05:30
2000-09-20,SMD-0225,TATASTEEL,NSE:TATASTEEL-EQ,5.82,5.95,5.74,5.85,12031730,FYERS_HISTORY,2026-08-08T23:56:45+05:30
2000-09-21,SMD-0225,TATASTEEL,NSE:TATASTEEL-EQ,5.94,6.01,5.83,5.89,6707340,FYERS_HISTORY,2026-08-08T23:56:45+05:30
2000-09-22,SMD-0225,TATASTEEL,NSE:TATASTEEL-EQ,5.85,5.85,5.6,5.63,7967310,FYERS_HISTORY,2026-08-08T23:56:45+05:30
2000-09-25,SMD-0225,TATASTEEL,NSE:TATASTEEL-EQ,5.73,6.0,5.61,5.66,5621370,FYERS_HISTORY,2026-08-08T23:56:45+05:30
2000-09-26,SMD-0225,TATASTEEL,NSE:TATASTEEL-EQ,5.76,5.76,5.59,5.64,8625330,FYERS_HISTORY,2026-08-08T23:56:45+05:30
2000-09-27,SMD-0225,TATASTEEL,NSE:TATASTEEL-EQ,5.66,5.69,5.56,5.63,3324040,FYERS_HISTORY,2026-08-08T23:56:45+05:30
2000-09-28,SMD-0225,TATASTEEL,NSE:TATASTEEL-EQ,5.63,5.69,5.55,5.56,3621630,FYERS_HISTORY,2026-08-08T23:56:45+05:30
2000-09-29,SMD-0225,TATASTEEL,NSE:TATASTEEL-EQ,5.61,5.63,5.52,5.56,3484780,FYERS_HISTORY,2026-08-08T23:56:45+05:30
2000-10-03,SMD-0225,TATASTEEL,NSE:TATASTEEL-EQ,5.51,5.71,5.51,5.64,7535030,FYERS_HISTORY,2026-08-08T23:56:45+05:30
2000-10-04,SMD-0225,TATASTEEL,NSE:TATASTEEL-EQ,5.66,5.92,5.6,5.79,9854720,FYERS_HISTORY,2026-08-08T23:56:45+05:30
2000-10-05,SMD-0225,TATASTEEL,NSE:TATASTEEL-EQ,5.81,5.91,5.71,5.73,4888980,FYERS_HISTORY,2026-08-08T23:56:45+05:30
2000-10-06,SMD-0225,TATASTEEL,NSE:TATASTEEL-EQ,5.67,5.77,5.66,5.71,2726450,FYERS_HISTORY,2026-08-08T23:56:45+05:30
2000-10-09,SMD-0225,TATASTEEL,NSE:TATASTEEL-EQ,5.66,5.71,5.63,5.65,2073110,FYERS_HISTORY,2026-08-08T23:56:45+05:30
2000-10-10,SMD-0225,TATASTEEL,NSE:TATASTEEL-EQ,5.61,5.71,5.41,5.43,7585730,FYERS_HISTORY,2026-08-08T23:56:45+05:30
2000-10-11,SMD-0225,TATASTEEL,NSE:TATASTEEL-EQ,5.38,5.44,5.15,5.19,7343780,FYERS_HISTORY,2026-08-08T23:56:45+05:30
2000-10-12,SMD-0225,TATASTEEL,NSE:TATASTEEL-EQ,5.13,5.24,5.1,5.13,5910720,FYERS_HISTORY,2026-08-08T23:56:45+05:30
2000-10-13,SMD-0225,TATASTEEL,NSE:TATASTEEL-EQ,5.07,5.43,5.01,5.29,16936800,FYERS_HISTORY,2026-08-08T23:56:45+05:30
2000-10-16,SMD-0225,TATASTEEL,NSE:TATASTEEL-EQ,5.4,5.54,5.19,5.27,10730860,FYERS_HISTORY,2026-08-08T23:56:45+05:30
2000-10-17,SMD-0225,TATASTEEL,NSE:TATASTEEL-EQ,5.2,5.37,5.13,5.21,8768830,FYERS_HISTORY,2026-08-08T23:56:45+05:30
2000-10-18,SMD-0225,TATASTEEL,NSE:TATASTEEL-EQ,5.24,5.36,5.2,5.32,8299830,FYERS_HISTORY,2026-08-08T23:56:45+05:30
2000-10-19,SMD-0225,TATASTEEL,NSE:TATASTEEL-EQ,5.38,5.85,5.36,5.72,28225670,FYERS_HISTORY,2026-08-08T23:56:45+05:30
2000-10-20,SMD-0225,TATASTEEL,NSE:TATASTEEL-EQ,5.88,6.18,5.86,6.03,32514690,FYERS_HISTORY,2026-08-08T23:56:45+05:30
2000-10-23,SMD-0225,TATASTEEL,NSE:TATASTEEL-EQ,5.96,6.03,5.65,5.67,12961220,FYERS_HISTORY,2026-08-08T23:56:45+05:30
2000-10-24,SMD-0225,TATASTEEL,NSE:TATASTEEL-EQ,5.65,5.74,5.59,5.63,9308320,FYERS_HISTORY,2026-08-08T23:56:45+05:30
2000-10-25,SMD-0225,TATASTEEL,NSE:TATASTEEL-EQ,5.66,5.86,5.63,5.78,17378310,FYERS_HISTORY,2026-08-08T23:56:45+05:30
2000-10-26,SMD-0225,TATASTEEL,NSE:TATASTEEL-EQ,5.77,5.92,5.76,5.88,7810160,FYERS_HISTORY,2026-08-08T23:56:45+05:30
2000-10-27,SMD-0225,TATASTEEL,NSE:TATASTEEL-EQ,5.89,6.01,5.82,5.85,6744440,FYERS_HISTORY,2026-08-08T23:56:45+05:30
2000-10-30,SMD-0225,TATASTEEL,NSE:TATASTEEL-EQ,5.85,5.85,5.61,5.64,6231940,FYERS_HISTORY,2026-08-08T23:56:45+05:30
2000-10-31,SMD-0225,TATASTEEL,NSE:TATASTEEL-EQ,5.64,5.72,5.61,5.69,7706810,FYERS_HISTORY,2026-08-08T23:56:45+05:30
2000-11-01,SMD-0225,TATASTEEL,NSE:TATASTEEL-EQ,5.79,5.91,5.7,5.87,17192900,FYERS_HISTORY,2026-08-08T23:56:45+05:30
2000-11-02,SMD-0225,TATASTEEL,NSE:TATASTEEL-EQ,5.89,6.15,5.89,6.09,29995650,FYERS_HISTORY,2026-08-08T23:56:45+05:30
2000-11-03,SMD-0225,TATASTEEL,NSE:TATASTEEL-EQ,6.17,6.33,6.11,6.22,31208540,FYERS_HISTORY,2026-08-08T23:56:45+05:30
2000-11-06,SMD-0225,TATASTEEL,NSE:TATASTEEL-EQ,6.29,6.35,6.19,6.22,22381430,FYERS_HISTORY,2026-08-08T23:56:45+05:30
2000-11-07,SMD-0225,TATASTEEL,NSE:TATASTEEL-EQ,6.17,6.29,6.13,6.21,16222290,FYERS_HISTORY,2026-08-08T23:56:45+05:30
2000-11-08,SMD-0225,TATASTEEL,NSE:TATASTEEL-EQ,6.21,6.41,6.19,6.28,23318620,FYERS_HISTORY,2026-08-08T23:56:45+05:30
2000-11-09,SMD-0225,TATASTEEL,NSE:TATASTEEL-EQ,6.24,6.3,6.19,6.24,8579420,FYERS_HISTORY,2026-08-08T23:56:45+05:30
2000-11-10,SMD-0225,TATASTEEL,NSE:TATASTEEL-EQ,6.24,6.25,5.98,6.0,12592850,FYERS_HISTORY,2026-08-08T23:56:45+05:30
2000-11-13,SMD-0225,TATASTEEL,NSE:TATASTEEL-EQ,5.92,6.18,5.81,6.12,15548930,FYERS_HISTORY,2026-08-08T23:56:45+05:30
2000-11-14,SMD-0225,TATASTEEL,NSE:TATASTEEL-EQ,6.15,6.4,6.12,6.36,19820250,FYERS_HISTORY,2026-08-08T23:56:45+05:30
2000-11-15,SMD-0225,TATASTEEL,NSE:TATASTEEL-EQ,6.47,6.59,6.35,6.39,28989630,FYERS_HISTORY,2026-08-08T23:56:45+05:30
2000-11-16,SMD-0225,TATASTEEL,NSE:TATASTEEL-EQ,6.46,6.56,6.28,6.31,20792210,FYERS_HISTORY,2026-08-08T23:56:45+05:30
2000-11-17,SMD-0225,TATASTEEL,NSE:TATASTEEL-EQ,6.28,6.41,6.22,6.36,9288550,FYERS_HISTORY,2026-08-08T23:56:45+05:30
2000-11-20,SMD-0225,TATASTEEL,NSE:TATASTEEL-EQ,6.37,6.45,6.32,6.41,10417770,FYERS_HISTORY,2026-08-08T23:56:45+05:30
2000-11-21,SMD-0225,TATASTEEL,NSE:TATASTEEL-EQ,6.34,6.54,6.34,6.42,20384840,FYERS_HISTORY,2026-08-08T23:56:45+05:30
2000-11-22,SMD-0225,TATASTEEL,NSE:TATASTEEL-EQ,6.49,6.66,6.44,6.53,35501900,FYERS_HISTORY,2026-08-08T23:56:45+05:30
2000-11-23,SMD-0225,TATASTEEL,NSE:TATASTEEL-EQ,6.49,6.63,6.43,6.57,19066820,FYERS_HISTORY,2026-08-08T23:56:45+05:30
2000-11-24,SMD-0225,TATASTEEL,NSE:TATASTEEL-EQ,6.62,6.85,6.6,6.83,47843930,FYERS_HISTORY,2026-08-08T23:56:45+05:30
2000-11-27,SMD-0225,TATASTEEL,NSE:TATASTEEL-EQ,6.89,7.1,6.85,7.06,42460610,FYERS_HISTORY,2026-08-08T23:56:45+05:30
2000-11-28,SMD-0225,TATASTEEL,NSE:TATASTEEL-EQ,7.07,7.23,7.03,7.14,30205280,FYERS_HISTORY,2026-08-08T23:56:45+05:30
2000-11-29,SMD-0225,TATASTEEL,NSE:TATASTEEL-EQ,7.1,7.23,6.89,7.0,35525060,FYERS_HISTORY,2026-08-08T23:56:45+05:30
2000-11-30,SMD-0225,TATASTEEL,NSE:TATASTEEL-EQ,7.04,7.36,6.95,7.25,65097630,FYERS_HISTORY,2026-08-08T23:56:45+05:30
2000-12-01,SMD-0225,TATASTEEL,NSE:TATASTEEL-EQ,7.2,7.41,7.15,7.22,47918600,FYERS_HISTORY,2026-08-08T23:56:45+05:30
2000-12-04,SMD-0225,TATASTEEL,NSE:TATASTEEL-EQ,7.29,7.48,7.25,7.37,37026060,FYERS_HISTORY,2026-08-08T23:56:45+05:30
2000-12-05,SMD-0225,TATASTEEL,NSE:TATASTEEL-EQ,7.41,7.56,7.41,7.48,26602800,FYERS_HISTORY,2026-08-08T23:56:45+05:30
2000-12-06,SMD-0225,TATASTEEL,NSE:TATASTEEL-EQ,7.6,7.63,7.36,7.42,40614120,FYERS_HISTORY,2026-08-08T23:56:45+05:30
2000-12-07,SMD-0225,TATASTEEL,NSE:TATASTEEL-EQ,7.36,7.65,7.36,7.63,52689190,FYERS_HISTORY,2026-08-08T23:56:45+05:30
2000-12-08,SMD-0225,TATASTEEL,NSE:TATASTEEL-EQ,7.64,7.83,7.63,7.71,47533300,FYERS_HISTORY,2026-08-08T23:56:45+05:30
2000-12-11,SMD-0225,TATASTEEL,NSE:TATASTEEL-EQ,7.74,7.8,7.53,7.58,24322620,FYERS_HISTORY,2026-08-08T23:56:45+05:30
2000-12-12,SMD-0225,TATASTEEL,NSE:TATASTEEL-EQ,7.59,7.59,7.4,7.45,22959530,FYERS_HISTORY,2026-08-08T23:56:45+05:30
2000-12-13,SMD-0225,TATASTEEL,NSE:TATASTEEL-EQ,7.51,7.6,7.43,7.54,26071680,FYERS_HISTORY,2026-08-08T23:56:45+05:30
2000-12-14,SMD-0225,TATASTEEL,NSE:TATASTEEL-EQ,7.51,7.71,7.48,7.51,25463060,FYERS_HISTORY,2026-08-08T23:56:45+05:30
2000-12-15,SMD-0225,TATASTEEL,NSE:TATASTEEL-EQ,7.46,7.53,7.22,7.25,24281840,FYERS_HISTORY,2026-08-08T23:56:45+05:30
2000-12-18,SMD-0225,TATASTEEL,NSE:TATASTEEL-EQ,6.92,7.36,6.92,7.3,15509690,FYERS_HISTORY,2026-08-08T23:56:45+05:30
2000-12-19,SMD-0225,TATASTEEL,NSE:TATASTEEL-EQ,7.35,7.61,7.35,7.47,36340580,FYERS_HISTORY,2026-08-08T23:56:45+05:30
2000-12-20,SMD-0225,TATASTEEL,NSE:TATASTEEL-EQ,7.43,7.5,7.31,7.4,11258450,FYERS_HISTORY,2026-08-08T23:56:45+05:30
2000-12-21,SMD-0225,TATASTEEL,NSE:TATASTEEL-EQ,7.33,7.47,7.22,7.37,11667100,FYERS_HISTORY,2026-08-08T23:56:45+05:30
2000-12-22,SMD-0225,TATASTEEL,NSE:TATASTEEL-EQ,7.42,7.54,7.14,7.19,17666420,FYERS_HISTORY,2026-08-08T23:56:45+05:30
2000-12-26,SMD-0225,TATASTEEL,NSE:TATASTEEL-EQ,7.22,7.34,7.07,7.1,13537990,FYERS_HISTORY,2026-08-08T23:56:45+05:30
2000-12-27,SMD-0225,TATASTEEL,NSE:TATASTEEL-EQ,7.13,7.3,7.01,7.19,11369730,FYERS_HISTORY,2026-08-08T23:56:45+05:30
2000-12-28,SMD-0225,TATASTEEL,NSE:TATASTEEL-EQ,7.21,7.36,7.21,7.29,9161910,FYERS_HISTORY,2026-08-08T23:56:45+05:30
2000-12-29,SMD-0225,TATASTEEL,NSE:TATASTEEL-EQ,7.33,7.7,7.32,7.66,38905450,FYERS_HISTORY,2026-08-08T23:56:45+05:30
2001-01-01,SMD-0225,TATASTEEL,NSE:TATASTEEL-EQ,7.7,7.95,7.66,7.79,29124540,FYERS_HISTORY,2026-08-08T23:56:46+05:30
2001-01-02,SMD-0225,TATASTEEL,NSE:TATASTEEL-EQ,7.81,7.96,7.78,7.93,24521930,FYERS_HISTORY,2026-08-08T23:56:46+05:30
2001-01-03,SMD-0225,TATASTEEL,NSE:TATASTEEL-EQ,7.98,8.14,7.87,8.01,40232700,FYERS_HISTORY,2026-08-08T23:56:46+05:30
2001-01-04,SMD-0225,TATASTEEL,NSE:TATASTEEL-EQ,8.12,8.18,7.83,7.92,40727760,FYERS_HISTORY,2026-08-08T23:56:46+05:30
2001-01-05,SMD-0225,TATASTEEL,NSE:TATASTEEL-EQ,7.98,8.04,7.79,7.84,24158840,FYERS_HISTORY,2026-08-08T23:56:46+05:30
2001-01-08,SMD-0225,TATASTEEL,NSE:TATASTEEL-EQ,7.78,7.88,7.55,7.6,23718610,FYERS_HISTORY,2026-08-08T23:56:46+05:30
2001-01-09,SMD-0225,TATASTEEL,NSE:TATASTEEL-EQ,7.56,7.67,7.46,7.48,21662600,FYERS_HISTORY,2026-08-08T23:56:46+05:30
2001-01-10,SMD-0225,TATASTEEL,NSE:TATASTEEL-EQ,7.53,7.71,7.43,7.48,25801460,FYERS_HISTORY,2026-08-08T23:56:46+05:30
2001-01-11,SMD-0225,TATASTEEL,NSE:TATASTEEL-EQ,7.54,7.56,7.42,7.47,12908290,FYERS_HISTORY,2026-08-08T23:56:46+05:30
2001-01-12,SMD-0225,TATASTEEL,NSE:TATASTEEL-EQ,7.51,7.67,7.37,7.54,25500280,FYERS_HISTORY,2026-08-08T23:56:46+05:30
2001-01-15,SMD-0225,TATASTEEL,NSE:TATASTEEL-EQ,7.59,7.86,7.56,7.81,36821530,FYERS_HISTORY,2026-08-08T23:56:46+05:30
2001-01-16,SMD-0225,TATASTEEL,NSE:TATASTEEL-EQ,7.86,7.89,7.71,7.75,24103700,FYERS_HISTORY,2026-08-08T23:56:46+05:30
2001-01-17,SMD-0225,TATASTEEL,NSE:TATASTEEL-EQ,7.66,7.73,7.29,7.34,39640990,FYERS_HISTORY,2026-08-08T23:56:46+05:30
2001-01-18,SMD-0225,TATASTEEL,NSE:TATASTEEL-EQ,7.41,7.57,7.27,7.52,33366590,FYERS_HISTORY,2026-08-08T23:56:46+05:30
2001-01-19,SMD-0225,TATASTEEL,NSE:TATASTEEL-EQ,7.55,7.64,7.46,7.5,25402200,FYERS_HISTORY,2026-08-08T23:56:46+05:30
2001-01-22,SMD-0225,TATASTEEL,NSE:TATASTEEL-EQ,7.54,7.68,7.5,7.63,23369010,FYERS_HISTORY,2026-08-08T23:56:46+05:30
2001-01-23,SMD-0225,TATASTEEL,NSE:TATASTEEL-EQ,7.71,7.83,7.68,7.7,27527640,FYERS_HISTORY,2026-08-08T23:56:46+05:30
2001-01-24,SMD-0225,TATASTEEL,NSE:TATASTEEL-EQ,7.81,7.85,7.66,7.79,31263580,FYERS_HISTORY,2026-08-08T23:56:46+05:30
2001-01-25,SMD-0225,TATASTEEL,NSE:TATASTEEL-EQ,7.72,7.82,7.62,7.69,19487630,FYERS_HISTORY,2026-08-08T23:56:46+05:30
2001-01-29,SMD-0225,TATASTEEL,NSE:TATASTEEL-EQ,7.66,7.71,7.31,7.56,15736930,FYERS_HISTORY,2026-08-08T23:56:46+05:30
2001-01-30,SMD-0225,TATASTEEL,NSE:TATASTEEL-EQ,7.54,8.01,7.54,7.97,37556830,FYERS_HISTORY,2026-08-08T23:56:46+05:30
2001-01-31,SMD-0225,TATASTEEL,NSE:TATASTEEL-EQ,8.01,8.28,7.96,8.09,66565920,FYERS_HISTORY,2026-08-08T23:56:46+05:30
2001-02-01,SMD-0225,TATASTEEL,NSE:TATASTEEL-EQ,8.02,8.21,7.84,8.06,44549610,FYERS_HISTORY,2026-08-08T23:56:46+05:30
2001-02-02,SMD-0225,TATASTEEL,NSE:TATASTEEL-EQ,8.02,8.44,8.01,8.4,61803810,FYERS_HISTORY,2026-08-08T23:56:46+05:30
2001-02-05,SMD-0225,TATASTEEL,NSE:TATASTEEL-EQ,8.45,8.91,8.4,8.78,85303020,FYERS_HISTORY,2026-08-08T23:56:46+05:30
2001-02-06,SMD-0225,TATASTEEL,NSE:TATASTEEL-EQ,8.82,9.06,8.68,8.99,73374850,FYERS_HISTORY,2026-08-08T23:56:46+05:30
2001-02-07,SMD-0225,TATASTEEL,NSE:TATASTEEL-EQ,9.05,9.05,8.77,8.94,45112120,FYERS_HISTORY,2026-08-08T23:56:46+05:30
2001-02-08,SMD-0225,TATASTEEL,NSE:TATASTEEL-EQ,8.97,9.4,8.96,9.35,81423710,FYERS_HISTORY,2026-08-08T23:56:46+05:30
2001-02-09,SMD-0225,TATASTEEL,NSE:TATASTEEL-EQ,9.42,9.69,9.42,9.59,66042900,FYERS_HISTORY,2026-08-08T23:56:46+05:30
2001-02-12,SMD-0225,TATASTEEL,NSE:TATASTEEL-EQ,9.6,9.63,9.23,9.3,40920940,FYERS_HISTORY,2026-08-08T23:56:46+05:30
2001-02-13,SMD-0225,TATASTEEL,NSE:TATASTEEL-EQ,9.31,9.52,9.16,9.33,48092700,FYERS_HISTORY,2026-08-08T23:56:46+05:30
2001-02-14,SMD-0225,TATASTEEL,NSE:TATASTEEL-EQ,9.31,9.48,9.16,9.35,44247300,FYERS_HISTORY,2026-08-08T23:56:46+05:30
2001-02-15,SMD-0225,TATASTEEL,NSE:TATASTEEL-EQ,9.42,9.48,9.28,9.34,33658660,FYERS_HISTORY,2026-08-08T23:56:46+05:30
2001-02-16,SMD-0225,TATASTEEL,NSE:TATASTEEL-EQ,9.34,9.37,9.02,9.04,29246260,FYERS_HISTORY,2026-08-08T23:56:46+05:30
2001-02-19,SMD-0225,TATASTEEL,NSE:TATASTEEL-EQ,9.1,9.37,9.02,9.15,29470710,FYERS_HISTORY,2026-08-08T23:56:46+05:30
2001-02-20,SMD-0225,TATASTEEL,NSE:TATASTEEL-EQ,9.17,9.36,9.17,9.24,38848270,FYERS_HISTORY,2026-08-08T23:56:46+05:30
2001-02-21,SMD-0225,TATASTEEL,NSE:TATASTEEL-EQ,9.34,9.53,9.28,9.4,64775650,FYERS_HISTORY,2026-08-08T23:56:46+05:30
2001-02-22,SMD-0225,TATASTEEL,NSE:TATASTEEL-EQ,9.37,9.39,9.08,9.15,31752060,FYERS_HISTORY,2026-08-08T23:56:46+05:30
2001-02-23,SMD-0225,TATASTEEL,NSE:TATASTEEL-EQ,9.28,9.44,8.9,8.95,62876790,FYERS_HISTORY,2026-08-08T23:56:46+05:30
2001-02-26,SMD-0225,TATASTEEL,NSE:TATASTEEL-EQ,9.01,9.21,8.69,9.09,58203400,FYERS_HISTORY,2026-08-08T23:56:46+05:30
2001-02-27,SMD-0225,TATASTEEL,NSE:TATASTEEL-EQ,9.18,9.39,8.9,9.3,62736890,FYERS_HISTORY,2026-08-08T23:56:46+05:30
2001-02-28,SMD-0225,TATASTEEL,NSE:TATASTEEL-EQ,9.36,9.51,8.98,9.1,51757890,FYERS_HISTORY,2026-08-08T23:56:46+05:30
2001-03-01,SMD-0225,TATASTEEL,NSE:TATASTEEL-EQ,8.96,9.83,8.96,9.6,77003520,FYERS_HISTORY,2026-08-08T23:56:46+05:30
2001-03-02,SMD-0225,TATASTEEL,NSE:TATASTEEL-EQ,9.78,9.98,9.17,9.26,50932900,FYERS_HISTORY,2026-08-08T23:56:46+05:30
2001-03-05,SMD-0225,TATASTEEL,NSE:TATASTEEL-EQ,9.33,9.42,8.7,8.77,43605550,FYERS_HISTORY,2026-08-08T23:56:46+05:30
2001-03-07,SMD-0225,TATASTEEL,NSE:TATASTEEL-EQ,8.93,9.1,8.55,8.79,20026960,FYERS_HISTORY,2026-08-08T23:56:46+05:30
2001-03-08,SMD-0225,TATASTEEL,NSE:TATASTEEL-EQ,8.73,9.07,8.67,8.89,19712180,FYERS_HISTORY,2026-08-08T23:56:46+05:30
2001-03-09,SMD-0225,TATASTEEL,NSE:TATASTEEL-EQ,8.78,8.78,8.18,8.37,16927470,FYERS_HISTORY,2026-08-08T23:56:46+05:30
2001-03-12,SMD-0225,TATASTEEL,NSE:TATASTEEL-EQ,8.19,8.65,7.58,7.77,19246290,FYERS_HISTORY,2026-08-08T23:56:46+05:30
2001-03-13,SMD-0225,TATASTEEL,NSE:TATASTEEL-EQ,7.58,7.58,6.53,6.54,33724680,FYERS_HISTORY,2026-08-08T23:56:46+05:30
2001-03-14,SMD-0225,TATASTEEL,NSE:TATASTEEL-EQ,6.42,7.45,6.42,7.33,20107260,FYERS_HISTORY,2026-08-08T23:56:46+05:30
2001-03-15,SMD-0225,TATASTEEL,NSE:TATASTEEL-EQ,7.07,7.92,7.07,7.83,21523550,FYERS_HISTORY,2026-08-08T23:56:46+05:30
2001-03-16,SMD-0225,TATASTEEL,NSE:TATASTEEL-EQ,7.78,8.06,7.07,7.4,18075010,FYERS_HISTORY,2026-08-08T23:56:46+05:30
2001-03-19,SMD-0225,TATASTEEL,NSE:TATASTEEL-EQ,7.13,7.94,7.13,7.85,15422870,FYERS_HISTORY,2026-08-08T23:56:46+05:30
2001-03-20,SMD-0225,TATASTEEL,NSE:TATASTEEL-EQ,7.95,8.13,7.65,7.77,11500650,FYERS_HISTORY,2026-08-08T23:56:46+05:30
2001-03-21,SMD-0225,TATASTEEL,NSE:TATASTEEL-EQ,7.68,8.18,7.66,8.08,13383500,FYERS_HISTORY,2026-08-08T23:56:46+05:30
2001-03-22,SMD-0225,TATASTEEL,NSE:TATASTEEL-EQ,8.07,8.16,7.84,7.94,9468010,FYERS_HISTORY,2026-08-08T23:56:46+05:30
2001-03-23,SMD-0225,TATASTEEL,NSE:TATASTEEL-EQ,8.01,8.01,7.57,7.85,15813370,FYERS_HISTORY,2026-08-08T23:56:46+05:30
2001-03-26,SMD-0225,TATASTEEL,NSE:TATASTEEL-EQ,7.72,7.94,7.66,7.86,5944950,FYERS_HISTORY,2026-08-08T23:56:46+05:30
2001-03-27,SMD-0225,TATASTEEL,NSE:TATASTEEL-EQ,7.86,7.89,7.65,7.68,5126130,FYERS_HISTORY,2026-08-08T23:56:46+05:30
2001-03-28,SMD-0225,TATASTEEL,NSE:TATASTEEL-EQ,7.74,7.89,7.69,7.75,5832050,FYERS_HISTORY,2026-08-08T23:56:46+05:30
2001-03-29,SMD-0225,TATASTEEL,NSE:TATASTEEL-EQ,7.72,7.8,7.45,7.54,8818680,FYERS_HISTORY,2026-08-08T23:56:46+05:30
2001-03-30,SMD-0225,TATASTEEL,NSE:TATASTEEL-EQ,7.56,7.74,7.14,7.21,10188780,FYERS_HISTORY,2026-08-08T23:56:46+05:30
2001-04-02,SMD-0225,TATASTEEL,NSE:TATASTEEL-EQ,7.14,7.14,6.77,6.82,7806210,FYERS_HISTORY,2026-08-08T23:56:46+05:30
2001-04-03,SMD-0225,TATASTEEL,NSE:TATASTEEL-EQ,6.8,7.06,6.8,7.02,12675490,FYERS_HISTORY,2026-08-08T23:56:46+05:30
2001-04-04,SMD-0225,TATASTEEL,NSE:TATASTEEL-EQ,7.04,7.06,6.8,7.02,8058280,FYERS_HISTORY,2026-08-08T23:56:46+05:30
2001-04-06,SMD-0225,TATASTEEL,NSE:TATASTEEL-EQ,7.07,7.43,7.07,7.27,13652520,FYERS_HISTORY,2026-08-08T23:56:46+05:30
2001-04-09,SMD-0225,TATASTEEL,NSE:TATASTEEL-EQ,7.23,7.53,7.23,7.46,7347900,FYERS_HISTORY,2026-08-08T23:56:46+05:30
2001-04-10,SMD-0225,TATASTEEL,NSE:TATASTEEL-EQ,7.48,7.6,7.28,7.33,7638540,FYERS_HISTORY,2026-08-08T23:56:46+05:30
2001-04-11,SMD-0225,TATASTEEL,NSE:TATASTEEL-EQ,7.45,7.48,7.11,7.19,8052290,FYERS_HISTORY,2026-08-08T23:56:46+05:30
2001-04-12,SMD-0225,TATASTEEL,NSE:TATASTEEL-EQ,7.08,7.08,6.66,6.77,15171720,FYERS_HISTORY,2026-08-08T23:56:46+05:30
2001-04-16,SMD-0225,TATASTEEL,NSE:TATASTEEL-EQ,6.72,7.21,6.72,7.1,11303340,FYERS_HISTORY,2026-08-08T23:56:46+05:30
2001-04-17,SMD-0225,TATASTEEL,NSE:TATASTEEL-EQ,7.13,7.51,7.1,7.45,11880740,FYERS_HISTORY,2026-08-08T23:56:46+05:30
2001-04-18,SMD-0225,TATASTEEL,NSE:TATASTEEL-EQ,7.54,8.05,7.46,7.8,18241270,FYERS_HISTORY,2026-08-08T23:56:46+05:30
2001-04-19,SMD-0225,TATASTEEL,NSE:TATASTEEL-EQ,7.83,8.36,7.77,8.14,30260440,FYERS_HISTORY,2026-08-08T23:56:46+05:30
2001-04-20,SMD-0225,TATASTEEL,NSE:TATASTEEL-EQ,8.18,8.19,7.75,7.89,10508520,FYERS_HISTORY,2026-08-08T23:56:46+05:30
2001-04-23,SMD-0225,TATASTEEL,NSE:TATASTEEL-EQ,7.95,8.21,7.84,7.98,9509720,FYERS_HISTORY,2026-08-08T23:56:46+05:30
2001-04-24,SMD-0225,TATASTEEL,NSE:TATASTEEL-EQ,7.89,8.1,7.84,7.96,9890750,FYERS_HISTORY,2026-08-08T23:56:46+05:30
2001-04-25,SMD-0225,TATASTEEL,NSE:TATASTEEL-EQ,8.07,8.66,7.98,8.61,33735770,FYERS_HISTORY,2026-08-08T23:56:46+05:30
2001-04-26,SMD-0225,TATASTEEL,NSE:TATASTEEL-EQ,8.66,8.8,8.16,8.29,23542970,FYERS_HISTORY,2026-08-08T23:56:46+05:30
2001-04-27,SMD-0225,TATASTEEL,NSE:TATASTEEL-EQ,8.18,8.18,7.45,7.68,24840570,FYERS_HISTORY,2026-08-08T23:56:46+05:30
2001-04-30,SMD-0225,TATASTEEL,NSE:TATASTEEL-EQ,7.72,7.95,7.66,7.91,10168350,FYERS_HISTORY,2026-08-08T23:56:46+05:30
2001-05-02,SMD-0225,TATASTEEL,NSE:TATASTEEL-EQ,8.04,8.36,8.01,8.13,21548680,FYERS_HISTORY,2026-08-08T23:56:46+05:30
2001-05-03,SMD-0225,TATASTEEL,NSE:TATASTEEL-EQ,8.07,8.19,7.85,7.88,10717070,FYERS_HISTORY,2026-08-08T23:56:46+05:30
2001-05-04,SMD-0225,TATASTEEL,NSE:TATASTEEL-EQ,7.85,8.19,7.84,8.06,17702750,FYERS_HISTORY,2026-08-08T23:56:46+05:30
2001-05-07,SMD-0225,TATASTEEL,NSE:TATASTEEL-EQ,8.16,8.32,8.06,8.09,13684000,FYERS_HISTORY,2026-08-08T23:56:46+05:30
2001-05-08,SMD-0225,TATASTEEL,NSE:TATASTEEL-EQ,8.1,8.17,8.02,8.04,9665360,FYERS_HISTORY,2026-08-08T23:56:46+05:30
2001-05-09,SMD-0225,TATASTEEL,NSE:TATASTEEL-EQ,8.1,8.25,7.96,8.01,14455240,FYERS_HISTORY,2026-08-08T23:56:46+05:30
2001-05-10,SMD-0225,TATASTEEL,NSE:TATASTEEL-EQ,7.96,8.07,7.89,7.99,6613720,FYERS_HISTORY,2026-08-08T23:56:46+05:30
2001-05-11,SMD-0225,TATASTEEL,NSE:TATASTEEL-EQ,8.01,8.07,7.81,7.84,10515980,FYERS_HISTORY,2026-08-08T23:56:46+05:30
2001-05-14,SMD-0225,TATASTEEL,NSE:TATASTEEL-EQ,7.81,7.86,7.53,7.56,10083950,FYERS_HISTORY,2026-08-08T23:56:46+05:30
2001-05-15,SMD-0225,TATASTEEL,NSE:TATASTEEL-EQ,7.48,7.54,6.99,7.48,15059650,FYERS_HISTORY,2026-08-08T23:56:46+05:30
2001-05-16,SMD-0225,TATASTEEL,NSE:TATASTEEL-EQ,7.56,8.07,7.56,8.02,37208780,FYERS_HISTORY,2026-08-08T23:56:46+05:30
2001-05-17,SMD-0225,TATASTEEL,NSE:TATASTEEL-EQ,8.07,8.4,8.04,8.17,37866820,FYERS_HISTORY,2026-08-08T23:56:46+05:30
2001-05-18,SMD-0225,TATASTEEL,NSE:TATASTEEL-EQ,8.24,8.42,8.14,8.34,27246500,FYERS_HISTORY,2026-08-08T23:56:46+05:30
2001-05-21,SMD-0225,TATASTEEL,NSE:TATASTEEL-EQ,8.47,8.66,8.42,8.5,45410540,FYERS_HISTORY,2026-08-08T23:56:46+05:30
2001-05-22,SMD-0225,TATASTEEL,NSE:TATASTEEL-EQ,8.46,8.59,8.37,8.48,27915980,FYERS_HISTORY,2026-08-08T23:56:46+05:30
2001-05-23,SMD-0225,TATASTEEL,NSE:TATASTEEL-EQ,8.36,8.42,8.25,8.32,16446450,FYERS_HISTORY,2026-08-08T23:56:46+05:30
2001-05-24,SMD-0225,TATASTEEL,NSE:TATASTEEL-EQ,8.36,8.45,8.29,8.34,18477210,FYERS_HISTORY,2026-08-08T23:56:46+05:30
2001-05-25,SMD-0225,TATASTEEL,NSE:TATASTEEL-EQ,8.35,8.42,8.25,8.27,10525290,FYERS_HISTORY,2026-08-08T23:56:46+05:30
2001-05-28,SMD-0225,TATASTEEL,NSE:TATASTEEL-EQ,8.3,8.6,8.3,8.54,32520910,FYERS_HISTORY,2026-08-08T23:56:46+05:30
2001-05-29,SMD-0225,TATASTEEL,NSE:TATASTEEL-EQ,8.59,8.68,8.52,8.56,22629030,FYERS_HISTORY,2026-08-08T23:56:46+05:30
2001-05-30,SMD-0225,TATASTEEL,NSE:TATASTEEL-EQ,8.57,8.65,8.39,8.44,20740180,FYERS_HISTORY,2026-08-08T23:56:46+05:30
2001-05-31,SMD-0225,TATASTEEL,NSE:TATASTEEL-EQ,8.37,8.44,8.22,8.32,19558040,FYERS_HISTORY,2026-08-08T23:56:46+05:30
2001-06-01,SMD-0225,TATASTEEL,NSE:TATASTEEL-EQ,8.4,8.53,8.25,8.35,32539990,FYERS_HISTORY,2026-08-08T23:56:46+05:30
2001-06-04,SMD-0225,TATASTEEL,NSE:TATASTEEL-EQ,8.4,8.5,8.08,8.1,35838310,FYERS_HISTORY,2026-08-08T23:56:46+05:30
2001-06-05,SMD-0225,TATASTEEL,NSE:TATASTEEL-EQ,8.1,8.16,7.96,7.99,18851780,FYERS_HISTORY,2026-08-08T23:56:46+05:30
2001-06-06,SMD-0225,TATASTEEL,NSE:TATASTEEL-EQ,8.08,8.13,7.88,7.89,14735870,FYERS_HISTORY,2026-08-08T23:56:46+05:30
2001-06-07,SMD-0225,TATASTEEL,NSE:TATASTEEL-EQ,7.92,7.92,7.63,7.74,13833730,FYERS_HISTORY,2026-08-08T23:56:46+05:30
2001-06-08,SMD-0225,TATASTEEL,NSE:TATASTEEL-EQ,7.77,7.91,7.75,7.78,19614880,FYERS_HISTORY,2026-08-08T23:56:46+05:30
2001-06-11,SMD-0225,TATASTEEL,NSE:TATASTEEL-EQ,7.82,7.87,7.76,7.81,9611490,FYERS_HISTORY,2026-08-08T23:56:46+05:30
2001-06-12,SMD-0225,TATASTEEL,NSE:TATASTEEL-EQ,7.78,7.86,7.75,7.77,14682230,FYERS_HISTORY,2026-08-08T23:56:46+05:30
2001-06-13,SMD-0225,TATASTEEL,NSE:TATASTEEL-EQ,7.81,7.82,7.63,7.66,12030270,FYERS_HISTORY,2026-08-08T23:56:46+05:30
2001-06-14,SMD-0225,TATASTEEL,NSE:TATASTEEL-EQ,7.63,7.66,7.53,7.57,14615250,FYERS_HISTORY,2026-08-08T23:56:46+05:30
2001-06-15,SMD-0225,TATASTEEL,NSE:TATASTEEL-EQ,7.51,7.53,7.28,7.31,12465080,FYERS_HISTORY,2026-08-08T23:56:46+05:30
2001-06-18,SMD-0225,TATASTEEL,NSE:TATASTEEL-EQ,7.29,7.31,7.15,7.25,13203490,FYERS_HISTORY,2026-08-08T23:56:46+05:30
2001-06-19,SMD-0225,TATASTEEL,NSE:TATASTEEL-EQ,7.29,7.45,7.28,7.39,20344710,FYERS_HISTORY,2026-08-08T23:56:46+05:30
2001-06-20,SMD-0225,TATASTEEL,NSE:TATASTEEL-EQ,7.45,7.45,7.25,7.29,6692750,FYERS_HISTORY,2026-08-08T23:56:46+05:30
2001-06-21,SMD-0225,TATASTEEL,NSE:TATASTEEL-EQ,7.3,7.33,7.0,7.07,10796130,FYERS_HISTORY,2026-08-08T23:56:46+05:30
2001-06-22,SMD-0225,TATASTEEL,NSE:TATASTEEL-EQ,7.13,7.13,6.9,6.95,9308500,FYERS_HISTORY,2026-08-08T23:56:46+05:30
2001-06-25,SMD-0225,TATASTEEL,NSE:TATASTEEL-EQ,6.9,7.01,6.75,6.9,9464970,FYERS_HISTORY,2026-08-08T23:56:46+05:30
2001-06-26,SMD-0225,TATASTEEL,NSE:TATASTEEL-EQ,6.87,7.04,6.83,6.99,18679030,FYERS_HISTORY,2026-08-08T23:56:46+05:30
2001-06-27,SMD-0225,TATASTEEL,NSE:TATASTEEL-EQ,7.07,7.15,6.97,7.1,12029740,FYERS_HISTORY,2026-08-08T23:56:46+05:30
2001-06-28,SMD-0225,TATASTEEL,NSE:TATASTEEL-EQ,7.1,7.13,6.88,6.92,8766320,FYERS_HISTORY,2026-08-08T23:56:46+05:30
2001-06-29,SMD-0225,TATASTEEL,NSE:TATASTEEL-EQ,6.95,6.97,6.65,6.79,18442970,FYERS_HISTORY,2026-08-08T23:56:46+05:30
2001-07-02,SMD-0225,TATASTEEL,NSE:TATASTEEL-EQ,6.92,7.15,6.89,7.05,6017870,FYERS_HISTORY,2026-08-08T23:56:46+05:30
2001-07-03,SMD-0225,TATASTEEL,NSE:TATASTEEL-EQ,6.89,6.98,6.51,6.57,15190080,FYERS_HISTORY,2026-08-08T23:56:46+05:30
2001-07-04,SMD-0225,TATASTEEL,NSE:TATASTEEL-EQ,6.54,6.63,6.19,6.28,17016850,FYERS_HISTORY,2026-08-08T23:56:46+05:30
2001-07-05,SMD-0225,TATASTEEL,NSE:TATASTEEL-EQ,6.45,7.48,6.19,6.24,14155890,FYERS_HISTORY,2026-08-08T23:56:46+05:30
2001-07-06,SMD-0225,TATASTEEL,NSE:TATASTEEL-EQ,6.24,6.3,5.9,5.99,21139470,FYERS_HISTORY,2026-08-08T23:56:46+05:30
2001-07-09,SMD-0225,TATASTEEL,NSE:TATASTEEL-EQ,5.89,6.06,5.7,5.76,22266660,FYERS_HISTORY,2026-08-08T23:56:46+05:30
2001-07-10,SMD-0225,TATASTEEL,NSE:TATASTEEL-EQ,5.79,6.19,5.79,6.14,21020980,FYERS_HISTORY,2026-08-08T23:56:46+05:30
2001-07-11,SMD-0225,TATASTEEL,NSE:TATASTEEL-EQ,6.07,6.21,5.89,5.92,19585300,FYERS_HISTORY,2026-08-08T23:56:46+05:30
2001-07-12,SMD-0225,TATASTEEL,NSE:TATASTEEL-EQ,6.02,6.19,5.97,6.13,10045110,FYERS_HISTORY,2026-08-08T23:56:46+05:30
2001-07-13,SMD-0225,TATASTEEL,NSE:TATASTEEL-EQ,6.26,6.31,5.96,5.98,15889400,FYERS_HISTORY,2026-08-08T23:56:46+05:30
2001-07-16,SMD-0225,TATASTEEL,NSE:TATASTEEL-EQ,6.03,6.22,6.02,6.12,12966830,FYERS_HISTORY,2026-08-08T23:56:46+05:30
2001-07-17,SMD-0225,TATASTEEL,NSE:TATASTEEL-EQ,6.08,6.08,5.82,5.84,20064640,FYERS_HISTORY,2026-08-08T23:56:46+05:30
2001-07-18,SMD-0225,TATASTEEL,NSE:TATASTEEL-EQ,5.89,6.0,5.77,5.89,12366330,FYERS_HISTORY,2026-08-08T23:56:46+05:30
2001-07-19,SMD-0225,TATASTEEL,NSE:TATASTEEL-EQ,5.66,5.66,5.44,5.46,29724840,FYERS_HISTORY,2026-08-08T23:56:46+05:30
2001-07-20,SMD-0225,TATASTEEL,NSE:TATASTEEL-EQ,5.48,5.56,5.43,5.48,11302030,FYERS_HISTORY,2026-08-08T23:56:46+05:30
2001-07-23,SMD-0225,TATASTEEL,NSE:TATASTEEL-EQ,5.45,5.54,5.36,5.51,232840,FYERS_HISTORY,2026-08-08T23:56:46+05:30
2001-07-24,SMD-0225,TATASTEEL,NSE:TATASTEEL-EQ,5.48,5.5,5.28,5.37,8981780,FYERS_HISTORY,2026-08-08T23:56:46+05:30
2001-07-25,SMD-0225,TATASTEEL,NSE:TATASTEEL-EQ,5.37,5.5,5.33,5.35,7310130,FYERS_HISTORY,2026-08-08T23:56:46+05:30
2001-07-26,SMD-0225,TATASTEEL,NSE:TATASTEEL-EQ,5.34,5.43,5.26,5.29,10656170,FYERS_HISTORY,2026-08-08T23:56:46+05:30
2001-07-27,SMD-0225,TATASTEEL,NSE:TATASTEEL-EQ,5.33,5.4,5.27,5.29,7495990,FYERS_HISTORY,2026-08-08T23:56:46+05:30
2001-07-30,SMD-0225,TATASTEEL,NSE:TATASTEEL-EQ,5.27,5.35,5.27,5.3,8049370,FYERS_HISTORY,2026-08-08T23:56:46+05:30
2001-07-31,SMD-0225,TATASTEEL,NSE:TATASTEEL-EQ,5.36,5.56,5.32,5.54,10936370,FYERS_HISTORY,2026-08-08T23:56:46+05:30
2001-08-01,SMD-0225,TATASTEEL,NSE:TATASTEEL-EQ,5.54,5.61,5.37,5.41,6218400,FYERS_HISTORY,2026-08-08T23:56:46+05:30
2001-08-02,SMD-0225,TATASTEEL,NSE:TATASTEEL-EQ,5.44,5.47,5.41,5.44,2911250,FYERS_HISTORY,2026-08-08T23:56:46+05:30
2001-08-03,SMD-0225,TATASTEEL,NSE:TATASTEEL-EQ,5.43,5.54,5.35,5.48,8126640,FYERS_HISTORY,2026-08-08T23:56:46+05:30
2001-08-06,SMD-0225,TATASTEEL,NSE:TATASTEEL-EQ,5.51,5.57,5.46,5.48,6242030,FYERS_HISTORY,2026-08-08T23:56:46+05:30
2001-08-07,SMD-0225,TATASTEEL,NSE:TATASTEEL-EQ,5.51,5.51,5.42,5.43,2372380,FYERS_HISTORY,2026-08-08T23:56:46+05:30
2001-08-08,SMD-0225,TATASTEEL,NSE:TATASTEEL-EQ,5.36,5.44,5.36,5.41,2538080,FYERS_HISTORY,2026-08-08T23:56:46+05:30
2001-08-09,SMD-0225,TATASTEEL,NSE:TATASTEEL-EQ,5.41,5.48,5.34,5.43,3476180,FYERS_HISTORY,2026-08-08T23:56:46+05:30
2001-08-10,SMD-0225,TATASTEEL,NSE:TATASTEEL-EQ,5.45,5.47,5.4,5.41,3180810,FYERS_HISTORY,2026-08-08T23:56:46+05:30
2001-08-13,SMD-0225,TATASTEEL,NSE:TATASTEEL-EQ,5.42,5.44,5.34,5.36,2923780,FYERS_HISTORY,2026-08-08T23:56:46+05:30
2001-08-14,SMD-0225,TATASTEEL,NSE:TATASTEEL-EQ,5.41,5.41,5.35,5.35,1849680,FYERS_HISTORY,2026-08-08T23:56:46+05:30
2001-08-16,SMD-0225,TATASTEEL,NSE:TATASTEEL-EQ,5.36,5.41,5.33,5.34,4388630,FYERS_HISTORY,2026-08-08T23:56:46+05:30
2001-08-17,SMD-0225,TATASTEEL,NSE:TATASTEEL-EQ,5.37,5.38,5.3,5.32,4189940,FYERS_HISTORY,2026-08-08T23:56:46+05:30
2001-08-20,SMD-0225,TATASTEEL,NSE:TATASTEEL-EQ,5.32,5.33,5.18,5.26,6100650,FYERS_HISTORY,2026-08-08T23:56:46+05:30
2001-08-21,SMD-0225,TATASTEEL,NSE:TATASTEEL-EQ,5.3,5.3,5.23,5.24,2515730,FYERS_HISTORY,2026-08-08T23:56:46+05:30
2001-08-23,SMD-0225,TATASTEEL,NSE:TATASTEEL-EQ,5.25,5.25,5.11,5.12,4972090,FYERS_HISTORY,2026-08-08T23:56:46+05:30
2001-08-24,SMD-0225,TATASTEEL,NSE:TATASTEEL-EQ,5.18,5.18,5.09,5.11,3235600,FYERS_HISTORY,2026-08-08T23:56:46+05:30
2001-08-27,SMD-0225,TATASTEEL,NSE:TATASTEEL-EQ,5.15,5.18,5.08,5.09,2958870,FYERS_HISTORY,2026-08-08T23:56:46+05:30
2001-08-28,SMD-0225,TATASTEEL,NSE:TATASTEEL-EQ,5.07,5.12,5.0,5.01,6231870,FYERS_HISTORY,2026-08-08T23:56:46+05:30
2001-08-29,SMD-0225,TATASTEEL,NSE:TATASTEEL-EQ,5.01,5.04,4.84,4.85,10744080,FYERS_HISTORY,2026-08-08T23:56:46+05:30
2001-08-30,SMD-0225,TATASTEEL,NSE:TATASTEEL-EQ,4.89,4.97,4.83,4.85,11684810,FYERS_HISTORY,2026-08-08T23:56:46+05:30
2001-08-31,SMD-0225,TATASTEEL,NSE:TATASTEEL-EQ,4.83,4.87,4.7,4.72,7554770,FYERS_HISTORY,2026-08-08T23:56:46+05:30
2001-09-03,SMD-0225,TATASTEEL,NSE:TATASTEEL-EQ,4.72,4.77,4.62,4.65,7328970,FYERS_HISTORY,2026-08-08T23:56:46+05:30
2001-09-04,SMD-0225,TATASTEEL,NSE:TATASTEEL-EQ,4.65,4.97,4.64,4.92,26372210,FYERS_HISTORY,2026-08-08T23:56:46+05:30
2001-09-05,SMD-0225,TATASTEEL,NSE:TATASTEEL-EQ,5.03,5.03,4.86,4.9,7729320,FYERS_HISTORY,2026-08-08T23:56:46+05:30
2001-09-06,SMD-0225,TATASTEEL,NSE:TATASTEEL-EQ,4.86,4.99,4.83,4.95,7959640,FYERS_HISTORY,2026-08-08T23:56:46+05:30
2001-09-07,SMD-0225,TATASTEEL,NSE:TATASTEEL-EQ,4.85,5.06,4.85,4.96,7526800,FYERS_HISTORY,2026-08-08T23:56:46+05:30
2001-09-10,SMD-0225,TATASTEEL,NSE:TATASTEEL-EQ,5.01,5.09,4.91,4.95,7199230,FYERS_HISTORY,2026-08-08T23:56:46+05:30
2001-09-11,SMD-0225,TATASTEEL,NSE:TATASTEEL-EQ,4.95,5.01,4.88,4.94,4194640,FYERS_HISTORY,2026-08-08T23:56:46+05:30
2001-09-12,SMD-0225,TATASTEEL,NSE:TATASTEEL-EQ,4.6,4.84,4.57,4.77,7943350,FYERS_HISTORY,2026-08-08T23:56:46+05:30
2001-09-13,SMD-0225,TATASTEEL,NSE:TATASTEEL-EQ,4.83,4.83,4.73,4.77,3135380,FYERS_HISTORY,2026-08-08T23:56:46+05:30
2001-09-14,SMD-0225,TATASTEEL,NSE:TATASTEEL-EQ,4.75,4.77,4.44,4.51,7465690,FYERS_HISTORY,2026-08-08T23:56:46+05:30
2001-09-17,SMD-0225,TATASTEEL,NSE:TATASTEEL-EQ,4.65,4.65,4.17,4.21,10046580,FYERS_HISTORY,2026-08-08T23:56:46+05:30
2001-09-18,SMD-0225,TATASTEEL,NSE:TATASTEEL-EQ,4.15,4.47,4.15,4.31,6662870,FYERS_HISTORY,2026-08-08T23:56:46+05:30
2001-09-19,SMD-0225,TATASTEEL,NSE:TATASTEEL-EQ,4.42,4.42,4.18,4.21,8644740,FYERS_HISTORY,2026-08-08T23:56:46+05:30
2001-09-20,SMD-0225,TATASTEEL,NSE:TATASTEEL-EQ,4.18,4.35,4.12,4.24,7478670,FYERS_HISTORY,2026-08-08T23:56:46+05:30
2001-09-21,SMD-0225,TATASTEEL,NSE:TATASTEEL-EQ,4.18,4.32,4.14,4.18,7510220,FYERS_HISTORY,2026-08-08T23:56:46+05:30
2001-09-24,SMD-0225,TATASTEEL,NSE:TATASTEEL-EQ,4.3,4.34,4.23,4.27,2105360,FYERS_HISTORY,2026-08-08T23:56:46+05:30
2001-09-25,SMD-0225,TATASTEEL,NSE:TATASTEEL-EQ,4.31,4.38,4.2,4.22,5150770,FYERS_HISTORY,2026-08-08T23:56:46+05:30
2001-09-26,SMD-0225,TATASTEEL,NSE:TATASTEEL-EQ,4.23,4.29,4.17,4.2,3382990,FYERS_HISTORY,2026-08-08T23:56:46+05:30
2001-09-27,SMD-0225,TATASTEEL,NSE:TATASTEEL-EQ,3.89,4.11,3.89,3.96,12557510,FYERS_HISTORY,2026-08-08T23:56:46+05:30
2001-09-28,SMD-0225,TATASTEEL,NSE:TATASTEEL-EQ,4.01,4.15,3.96,4.08,9788260,FYERS_HISTORY,2026-08-08T23:56:46+05:30
2001-10-01,SMD-0225,TATASTEEL,NSE:TATASTEEL-EQ,4.12,4.21,4.07,4.1,4296450,FYERS_HISTORY,2026-08-08T23:56:46+05:30
2001-10-03,SMD-0225,TATASTEEL,NSE:TATASTEEL-EQ,4.18,4.23,4.1,4.11,3948380,FYERS_HISTORY,2026-08-08T23:56:46+05:30
2001-10-04,SMD-0225,TATASTEEL,NSE:TATASTEEL-EQ,4.15,4.21,4.12,4.14,2126220,FYERS_HISTORY,2026-08-08T23:56:46+05:30
2001-10-05,SMD-0225,TATASTEEL,NSE:TATASTEEL-EQ,4.18,4.27,4.1,4.25,4989280,FYERS_HISTORY,2026-08-08T23:56:46+05:30
2001-10-08,SMD-0225,TATASTEEL,NSE:TATASTEEL-EQ,4.12,4.29,4.08,4.24,7260330,FYERS_HISTORY,2026-08-08T23:56:46+05:30
2001-10-09,SMD-0225,TATASTEEL,NSE:TATASTEEL-EQ,4.25,4.32,4.22,4.24,2901930,FYERS_HISTORY,2026-08-08T23:56:46+05:30
2001-10-10,SMD-0225,TATASTEEL,NSE:TATASTEEL-EQ,4.25,4.3,4.24,4.28,2494020,FYERS_HISTORY,2026-08-08T23:56:46+05:30
2001-10-11,SMD-0225,TATASTEEL,NSE:TATASTEEL-EQ,4.33,4.38,4.26,4.28,4597260,FYERS_HISTORY,2026-08-08T23:56:46+05:30
2001-10-12,SMD-0225,TATASTEEL,NSE:TATASTEEL-EQ,4.33,4.34,4.13,4.22,6813980,FYERS_HISTORY,2026-08-08T23:56:46+05:30
2001-10-15,SMD-0225,TATASTEEL,NSE:TATASTEEL-EQ,4.24,4.35,4.17,4.32,4571060,FYERS_HISTORY,2026-08-08T23:56:46+05:30
2001-10-16,SMD-0225,TATASTEEL,NSE:TATASTEEL-EQ,4.32,4.46,4.3,4.38,4654860,FYERS_HISTORY,2026-08-08T23:56:46+05:30
2001-10-17,SMD-0225,TATASTEEL,NSE:TATASTEEL-EQ,4.46,4.54,4.39,4.5,8512960,FYERS_HISTORY,2026-08-08T23:56:46+05:30
2001-10-18,SMD-0225,TATASTEEL,NSE:TATASTEEL-EQ,4.43,4.74,4.41,4.71,20545900,FYERS_HISTORY,2026-08-08T23:56:46+05:30
2001-10-19,SMD-0225,TATASTEEL,NSE:TATASTEEL-EQ,4.71,4.77,4.54,4.65,7739790,FYERS_HISTORY,2026-08-08T23:56:46+05:30
2001-10-22,SMD-0225,TATASTEEL,NSE:TATASTEEL-EQ,4.71,4.74,4.61,4.68,6561670,FYERS_HISTORY,2026-08-08T23:56:46+05:30
2001-10-23,SMD-0225,TATASTEEL,NSE:TATASTEEL-EQ,4.72,4.82,4.71,4.72,6564290,FYERS_HISTORY,2026-08-08T23:56:46+05:30
2001-10-24,SMD-0225,TATASTEEL,NSE:TATASTEEL-EQ,4.67,4.83,4.67,4.71,10734560,FYERS_HISTORY,2026-08-08T23:56:46+05:30
2001-10-25,SMD-0225,TATASTEEL,NSE:TATASTEEL-EQ,4.71,4.73,4.67,4.71,4822930,FYERS_HISTORY,2026-08-08T23:56:46+05:30
2001-10-29,SMD-0225,TATASTEEL,NSE:TATASTEEL-EQ,4.73,4.77,4.68,4.72,5400170,FYERS_HISTORY,2026-08-08T23:56:46+05:30
2001-10-30,SMD-0225,TATASTEEL,NSE:TATASTEEL-EQ,4.7,4.7,4.59,4.61,3237670,FYERS_HISTORY,2026-08-08T23:56:46+05:30
2001-10-31,SMD-0225,TATASTEEL,NSE:TATASTEEL-EQ,4.53,4.53,4.31,4.44,5190780,FYERS_HISTORY,2026-08-08T23:56:46+05:30
2001-11-01,SMD-0225,TATASTEEL,NSE:TATASTEEL-EQ,4.45,4.53,4.41,4.44,6475460,FYERS_HISTORY,2026-08-08T23:56:46+05:30
2001-11-02,SMD-0225,TATASTEEL,NSE:TATASTEEL-EQ,4.49,4.58,4.45,4.54,5337160,FYERS_HISTORY,2026-08-08T23:56:46+05:30
2001-11-05,SMD-0225,TATASTEEL,NSE:TATASTEEL-EQ,4.59,4.64,4.54,4.58,3284000,FYERS_HISTORY,2026-08-08T23:56:46+05:30
2001-11-06,SMD-0225,TATASTEEL,NSE:TATASTEEL-EQ,4.71,4.77,4.63,4.65,3411400,FYERS_HISTORY,2026-08-08T23:56:46+05:30
2001-11-07,SMD-0225,TATASTEEL,NSE:TATASTEEL-EQ,4.72,4.73,4.61,4.62,2603370,FYERS_HISTORY,2026-08-08T23:56:46+05:30
2001-11-08,SMD-0225,TATASTEEL,NSE:TATASTEEL-EQ,4.68,4.68,4.58,4.59,2897500,FYERS_HISTORY,2026-08-08T23:56:46+05:30
2001-11-09,SMD-0225,TATASTEEL,NSE:TATASTEEL-EQ,4.63,4.96,4.61,4.85,19842840,FYERS_HISTORY,2026-08-08T23:56:46+05:30
2001-11-12,SMD-0225,TATASTEEL,NSE:TATASTEEL-EQ,4.89,5.05,4.89,5.0,16499430,FYERS_HISTORY,2026-08-08T23:56:46+05:30
2001-11-13,SMD-0225,TATASTEEL,NSE:TATASTEEL-EQ,5.0,5.05,4.9,5.01,6143560,FYERS_HISTORY,2026-08-08T23:56:46+05:30
2001-11-14,SMD-0225,TATASTEEL,NSE:TATASTEEL-EQ,5.05,5.11,5.02,5.05,2099560,FYERS_HISTORY,2026-08-08T23:56:46+05:30
2001-11-15,SMD-0225,TATASTEEL,NSE:TATASTEEL-EQ,5.04,5.1,5.01,5.03,3589170,FYERS_HISTORY,2026-08-08T23:56:46+05:30
2001-11-19,SMD-0225,TATASTEEL,NSE:TATASTEEL-EQ,5.13,5.21,5.04,5.15,15278770,FYERS_HISTORY,2026-08-08T23:56:46+05:30
2001-11-20,SMD-0225,TATASTEEL,NSE:TATASTEEL-EQ,5.3,5.3,5.12,5.16,10184570,FYERS_HISTORY,2026-08-08T23:56:46+05:30
2001-11-21,SMD-0225,TATASTEEL,NSE:TATASTEEL-EQ,5.13,5.33,5.1,5.29,11256100,FYERS_HISTORY,2026-08-08T23:56:46+05:30
2001-11-22,SMD-0225,TATASTEEL,NSE:TATASTEEL-EQ,5.36,5.52,5.33,5.39,10924050,FYERS_HISTORY,2026-08-08T23:56:46+05:30
2001-11-23,SMD-0225,TATASTEEL,NSE:TATASTEEL-EQ,5.43,5.47,5.3,5.33,6793750,FYERS_HISTORY,2026-08-08T23:56:46+05:30
2001-11-26,SMD-0225,TATASTEEL,NSE:TATASTEEL-EQ,5.47,5.8,5.39,5.56,15157510,FYERS_HISTORY,2026-08-08T23:56:46+05:30
2001-11-27,SMD-0225,TATASTEEL,NSE:TATASTEEL-EQ,5.6,5.6,5.4,5.43,11306570,FYERS_HISTORY,2026-08-08T23:56:46+05:30
2001-11-28,SMD-0225,TATASTEEL,NSE:TATASTEEL-EQ,5.45,5.48,5.39,5.41,5511970,FYERS_HISTORY,2026-08-08T23:56:46+05:30
2001-11-29,SMD-0225,TATASTEEL,NSE:TATASTEEL-EQ,5.32,5.38,5.27,5.29,7536100,FYERS_HISTORY,2026-08-08T23:56:46+05:30
2001-12-03,SMD-0225,TATASTEEL,NSE:TATASTEEL-EQ,5.32,5.44,5.29,5.42,5438180,FYERS_HISTORY,2026-08-08T23:56:46+05:30
2001-12-04,SMD-0225,TATASTEEL,NSE:TATASTEEL-EQ,5.43,5.58,5.4,5.53,6903930,FYERS_HISTORY,2026-08-08T23:56:46+05:30
2001-12-05,SMD-0225,TATASTEEL,NSE:TATASTEEL-EQ,5.54,5.64,5.39,5.42,10985690,FYERS_HISTORY,2026-08-08T23:56:46+05:30
2001-12-06,SMD-0225,TATASTEEL,NSE:TATASTEEL-EQ,5.48,5.53,5.27,5.31,10693060,FYERS_HISTORY,2026-08-08T23:56:46+05:30
2001-12-07,SMD-0225,TATASTEEL,NSE:TATASTEEL-EQ,5.33,5.54,5.29,5.5,14141030,FYERS_HISTORY,2026-08-08T23:56:46+05:30
2001-12-10,SMD-0225,TATASTEEL,NSE:TATASTEEL-EQ,5.33,5.62,5.33,5.59,9139610,FYERS_HISTORY,2026-08-08T23:56:46+05:30
2001-12-11,SMD-0225,TATASTEEL,NSE:TATASTEEL-EQ,5.61,5.8,5.6,5.7,9283220,FYERS_HISTORY,2026-08-08T23:56:46+05:30
2001-12-12,SMD-0225,TATASTEEL,NSE:TATASTEEL-EQ,5.66,5.77,5.63,5.66,4631550,FYERS_HISTORY,2026-08-08T23:56:46+05:30
2001-12-13,SMD-0225,TATASTEEL,NSE:TATASTEEL-EQ,5.71,5.71,5.31,5.45,7552170,FYERS_HISTORY,2026-08-08T23:56:46+05:30
2001-12-14,SMD-0225,TATASTEEL,NSE:TATASTEEL-EQ,5.33,5.46,5.33,5.41,1662850,FYERS_HISTORY,2026-08-08T23:56:46+05:30
2001-12-18,SMD-0225,TATASTEEL,NSE:TATASTEEL-EQ,5.43,5.46,5.13,5.29,6522640,FYERS_HISTORY,2026-08-08T23:56:46+05:30
2001-12-19,SMD-0225,TATASTEEL,NSE:TATASTEEL-EQ,5.3,5.34,5.22,5.26,4400260,FYERS_HISTORY,2026-08-08T23:56:46+05:30
2001-12-20,SMD-0225,TATASTEEL,NSE:TATASTEEL-EQ,5.18,5.47,5.18,5.43,7826500,FYERS_HISTORY,2026-08-08T23:56:46+05:30
2001-12-21,SMD-0225,TATASTEEL,NSE:TATASTEEL-EQ,5.36,5.52,5.24,5.29,5180840,FYERS_HISTORY,2026-08-08T23:56:46+05:30
2001-12-24,SMD-0225,TATASTEEL,NSE:TATASTEEL-EQ,5.24,5.24,5.08,5.13,5653190,FYERS_HISTORY,2026-08-08T23:56:46+05:30
2001-12-26,SMD-0225,TATASTEEL,NSE:TATASTEEL-EQ,5.14,5.23,4.92,4.95,3470820,FYERS_HISTORY,2026-08-08T23:56:46+05:30
2001-12-27,SMD-0225,TATASTEEL,NSE:TATASTEEL-EQ,4.92,4.97,4.67,4.75,9680230,FYERS_HISTORY,2026-08-08T23:56:46+05:30
2001-12-28,SMD-0225,TATASTEEL,NSE:TATASTEEL-EQ,4.74,5.04,4.66,5.0,4152280,FYERS_HISTORY,2026-08-08T23:56:46+05:30
2001-12-31,SMD-0225,TATASTEEL,NSE:TATASTEEL-EQ,5.1,5.18,4.99,5.13,1934870,FYERS_HISTORY,2026-08-08T23:56:46+05:30
2002-01-01,SMD-0225,TATASTEEL,NSE:TATASTEEL-EQ,5.13,5.23,5.04,5.06,1700330,FYERS_HISTORY,2026-08-08T23:56:46+05:30
2002-01-02,SMD-0225,TATASTEEL,NSE:TATASTEEL-EQ,5.12,5.19,5.05,5.16,2053710,FYERS_HISTORY,2026-08-08T23:56:46+05:30
2002-01-03,SMD-0225,TATASTEEL,NSE:TATASTEEL-EQ,5.18,5.43,5.18,5.39,5428420,FYERS_HISTORY,2026-08-08T23:56:46+05:30
2002-01-04,SMD-0225,TATASTEEL,NSE:TATASTEEL-EQ,5.48,5.66,5.42,5.61,8511680,FYERS_HISTORY,2026-08-08T23:56:46+05:30
2002-01-07,SMD-0225,TATASTEEL,NSE:TATASTEEL-EQ,5.69,5.88,5.69,5.82,6797310,FYERS_HISTORY,2026-08-08T23:56:46+05:30
2002-01-08,SMD-0225,TATASTEEL,NSE:TATASTEEL-EQ,5.8,5.98,5.64,5.84,12243840,FYERS_HISTORY,2026-08-08T23:56:46+05:30
2002-01-09,SMD-0225,TATASTEEL,NSE:TATASTEEL-EQ,5.89,6.01,5.8,5.96,9893490,FYERS_HISTORY,2026-08-08T23:56:46+05:30
2002-01-10,SMD-0225,TATASTEEL,NSE:TATASTEEL-EQ,5.95,6.2,5.95,6.14,12732920,FYERS_HISTORY,2026-08-08T23:56:46+05:30
2002-01-11,SMD-0225,TATASTEEL,NSE:TATASTEEL-EQ,6.13,6.22,5.84,5.89,7753320,FYERS_HISTORY,2026-08-08T23:56:46+05:30
2002-01-14,SMD-0225,TATASTEEL,NSE:TATASTEEL-EQ,5.95,6.12,5.95,6.0,2871450,FYERS_HISTORY,2026-08-08T23:56:46+05:30
2002-01-15,SMD-0225,TATASTEEL,NSE:TATASTEEL-EQ,6.19,6.24,5.93,5.96,5155720,FYERS_HISTORY,2026-08-08T23:56:46+05:30
2002-01-16,SMD-0225,TATASTEEL,NSE:TATASTEEL-EQ,5.98,6.17,5.94,6.1,4330010,FYERS_HISTORY,2026-08-08T23:56:46+05:30
2002-01-17,SMD-0225,TATASTEEL,NSE:TATASTEEL-EQ,6.13,6.41,6.02,6.34,14215130,FYERS_HISTORY,2026-08-08T23:56:46+05:30
2002-01-18,SMD-0225,TATASTEEL,NSE:TATASTEEL-EQ,5.89,6.57,5.89,6.42,9030610,FYERS_HISTORY,2026-08-08T23:56:46+05:30
2002-01-21,SMD-0225,TATASTEEL,NSE:TATASTEEL-EQ,6.54,6.7,6.31,6.67,12009480,FYERS_HISTORY,2026-08-08T23:56:46+05:30
2002-01-22,SMD-0225,TATASTEEL,NSE:TATASTEEL-EQ,6.72,6.72,6.31,6.37,6424250,FYERS_HISTORY,2026-08-08T23:56:46+05:30
2002-01-23,SMD-0225,TATASTEEL,NSE:TATASTEEL-EQ,6.36,6.42,6.1,6.11,8886430,FYERS_HISTORY,2026-08-08T23:56:46+05:30
2002-01-24,SMD-0225,TATASTEEL,NSE:TATASTEEL-EQ,6.14,6.16,5.89,5.91,7588120,FYERS_HISTORY,2026-08-08T23:56:46+05:30
2002-01-25,SMD-0225,TATASTEEL,NSE:TATASTEEL-EQ,5.69,5.89,5.53,5.58,13550970,FYERS_HISTORY,2026-08-08T23:56:46+05:30
2002-01-28,SMD-0225,TATASTEEL,NSE:TATASTEEL-EQ,5.6,5.71,5.52,5.69,6638730,FYERS_HISTORY,2026-08-08T23:56:46+05:30
2002-01-29,SMD-0225,TATASTEEL,NSE:TATASTEEL-EQ,5.73,5.76,5.58,5.63,5139300,FYERS_HISTORY,2026-08-08T23:56:46+05:30
2002-01-30,SMD-0225,TATASTEEL,NSE:TATASTEEL-EQ,5.66,5.89,5.6,5.86,9353310,FYERS_HISTORY,2026-08-08T23:56:46+05:30
2002-01-31,SMD-0225,TATASTEEL,NSE:TATASTEEL-EQ,5.89,6.02,5.84,5.9,9004290,FYERS_HISTORY,2026-08-08T23:56:46+05:30
2002-02-01,SMD-0225,TATASTEEL,NSE:TATASTEEL-EQ,6.0,6.04,5.89,5.95,5491030,FYERS_HISTORY,2026-08-08T23:56:46+05:30
2002-02-04,SMD-0225,TATASTEEL,NSE:TATASTEEL-EQ,5.95,6.0,5.86,5.88,3342370,FYERS_HISTORY,2026-08-08T23:56:46+05:30
2002-02-05,SMD-0225,TATASTEEL,NSE:TATASTEEL-EQ,5.9,5.9,5.75,5.77,4909370,FYERS_HISTORY,2026-08-08T23:56:46+05:30
2002-02-06,SMD-0225,TATASTEEL,NSE:TATASTEEL-EQ,5.8,6.04,5.8,5.95,8566170,FYERS_HISTORY,2026-08-08T23:56:46+05:30
2002-02-07,SMD-0225,TATASTEEL,NSE:TATASTEEL-EQ,5.89,6.12,5.88,5.9,7528670,FYERS_HISTORY,2026-08-08T23:56:46+05:30
2002-02-08,SMD-0225,TATASTEEL,NSE:TATASTEEL-EQ,5.96,6.03,5.85,5.89,4168910,FYERS_HISTORY,2026-08-08T23:56:46+05:30
2002-02-11,SMD-0225,TATASTEEL,NSE:TATASTEEL-EQ,5.94,6.16,5.92,6.07,9219180,FYERS_HISTORY,2026-08-08T23:56:46+05:30
2002-02-12,SMD-0225,TATASTEEL,NSE:TATASTEEL-EQ,6.24,6.36,6.15,6.2,13570240,FYERS_HISTORY,2026-08-08T23:56:46+05:30
2002-02-13,SMD-0225,TATASTEEL,NSE:TATASTEEL-EQ,6.3,6.3,6.13,6.15,4501560,FYERS_HISTORY,2026-08-08T23:56:46+05:30
2002-02-14,SMD-0225,TATASTEEL,NSE:TATASTEEL-EQ,6.21,6.24,6.09,6.19,5488580,FYERS_HISTORY,2026-08-08T23:56:46+05:30
2002-02-15,SMD-0225,TATASTEEL,NSE:TATASTEEL-EQ,6.36,6.53,6.24,6.46,18641690,FYERS_HISTORY,2026-08-08T23:56:46+05:30
2002-02-18,SMD-0225,TATASTEEL,NSE:TATASTEEL-EQ,6.48,6.62,6.34,6.38,8064650,FYERS_HISTORY,2026-08-08T23:56:46+05:30
2002-02-19,SMD-0225,TATASTEEL,NSE:TATASTEEL-EQ,6.42,6.46,6.16,6.17,4920710,FYERS_HISTORY,2026-08-08T23:56:46+05:30
2002-02-20,SMD-0225,TATASTEEL,NSE:TATASTEEL-EQ,6.24,6.25,6.07,6.08,3460080,FYERS_HISTORY,2026-08-08T23:56:46+05:30
2002-02-21,SMD-0225,TATASTEEL,NSE:TATASTEEL-EQ,6.15,6.2,6.07,6.09,3017380,FYERS_HISTORY,2026-08-08T23:56:46+05:30
2002-02-22,SMD-0225,TATASTEEL,NSE:TATASTEEL-EQ,6.12,6.69,6.1,6.67,34131550,FYERS_HISTORY,2026-08-08T23:56:46+05:30
2002-02-25,SMD-0225,TATASTEEL,NSE:TATASTEEL-EQ,6.66,6.82,6.6,6.64,25587040,FYERS_HISTORY,2026-08-08T23:56:46+05:30
2002-02-26,SMD-0225,TATASTEEL,NSE:TATASTEEL-EQ,6.7,6.8,6.51,6.6,29641970,FYERS_HISTORY,2026-08-08T23:56:46+05:30
2002-02-27,SMD-0225,TATASTEEL,NSE:TATASTEEL-EQ,6.63,6.71,6.49,6.53,10275210,FYERS_HISTORY,2026-08-08T23:56:46+05:30
2002-02-28,SMD-0225,TATASTEEL,NSE:TATASTEEL-EQ,6.53,6.75,6.13,6.22,28407730,FYERS_HISTORY,2026-08-08T23:56:46+05:30
2002-03-01,SMD-0225,TATASTEEL,NSE:TATASTEEL-EQ,6.24,6.33,6.13,6.24,6629550,FYERS_HISTORY,2026-08-08T23:56:46+05:30
2002-03-04,SMD-0225,TATASTEEL,NSE:TATASTEEL-EQ,6.35,6.57,6.28,6.48,21780510,FYERS_HISTORY,2026-08-08T23:56:46+05:30
2002-03-05,SMD-0225,TATASTEEL,NSE:TATASTEEL-EQ,6.02,6.64,6.02,6.26,9362560,FYERS_HISTORY,2026-08-08T23:56:46+05:30
2002-03-06,SMD-0225,TATASTEEL,NSE:TATASTEEL-EQ,6.08,6.21,5.95,6.02,15189130,FYERS_HISTORY,2026-08-08T23:56:46+05:30
2002-03-07,SMD-0225,TATASTEEL,NSE:TATASTEEL-EQ,6.01,6.12,5.91,6.09,11254700,FYERS_HISTORY,2026-08-08T23:56:46+05:30
2002-03-08,SMD-0225,TATASTEEL,NSE:TATASTEEL-EQ,6.21,6.3,6.04,6.07,9183570,FYERS_HISTORY,2026-08-08T23:56:46+05:30
2002-03-11,SMD-0225,TATASTEEL,NSE:TATASTEEL-EQ,6.17,6.17,5.99,6.0,3750800,FYERS_HISTORY,2026-08-08T23:56:46+05:30
2002-03-12,SMD-0225,TATASTEEL,NSE:TATASTEEL-EQ,6.04,6.04,5.78,5.81,6468530,FYERS_HISTORY,2026-08-08T23:56:46+05:30
2002-03-13,SMD-0225,TATASTEEL,NSE:TATASTEEL-EQ,5.85,5.95,5.85,5.9,4547260,FYERS_HISTORY,2026-08-08T23:56:46+05:30
2002-03-14,SMD-0225,TATASTEEL,NSE:TATASTEEL-EQ,5.91,5.98,5.84,5.89,2678930,FYERS_HISTORY,2026-08-08T23:56:46+05:30
2002-03-15,SMD-0225,TATASTEEL,NSE:TATASTEEL-EQ,5.93,5.95,5.87,5.89,2320320,FYERS_HISTORY,2026-08-08T23:56:46+05:30
2002-03-18,SMD-0225,TATASTEEL,NSE:TATASTEEL-EQ,6.01,6.16,5.94,6.04,6387740,FYERS_HISTORY,2026-08-08T23:56:46+05:30
2002-03-19,SMD-0225,TATASTEEL,NSE:TATASTEEL-EQ,6.19,6.24,5.96,5.99,3358560,FYERS_HISTORY,2026-08-08T23:56:46+05:30
2002-03-20,SMD-0225,TATASTEEL,NSE:TATASTEEL-EQ,6.02,6.07,5.88,5.9,4743250,FYERS_HISTORY,2026-08-08T23:56:46+05:30
2002-03-21,SMD-0225,TATASTEEL,NSE:TATASTEEL-EQ,5.89,5.95,5.87,5.89,1930600,FYERS_HISTORY,2026-08-08T23:56:46+05:30
2002-03-22,SMD-0225,TATASTEEL,NSE:TATASTEEL-EQ,5.95,5.95,5.84,5.88,2183050,FYERS_HISTORY,2026-08-08T23:56:46+05:30
2002-03-26,SMD-0225,TATASTEEL,NSE:TATASTEEL-EQ,5.97,5.97,5.79,5.88,2725400,FYERS_HISTORY,2026-08-08T23:56:46+05:30
2002-03-27,SMD-0225,TATASTEEL,NSE:TATASTEEL-EQ,5.9,5.94,5.69,5.71,8374390,FYERS_HISTORY,2026-08-08T23:56:46+05:30
2002-03-28,SMD-0225,TATASTEEL,NSE:TATASTEEL-EQ,5.73,5.83,5.7,5.76,7177720,FYERS_HISTORY,2026-08-08T23:56:46+05:30
2002-04-01,SMD-0225,TATASTEEL,NSE:TATASTEEL-EQ,5.8,5.83,5.75,5.76,2217950,FYERS_HISTORY,2026-08-08T23:56:46+05:30
2002-04-02,SMD-0225,TATASTEEL,NSE:TATASTEEL-EQ,5.8,5.94,5.78,5.87,2271670,FYERS_HISTORY,2026-08-08T23:56:46+05:30
2002-04-03,SMD-0225,TATASTEEL,NSE:TATASTEEL-EQ,5.85,5.92,5.79,5.84,2450210,FYERS_HISTORY,2026-08-08T23:56:46+05:30
2002-04-04,SMD-0225,TATASTEEL,NSE:TATASTEEL-EQ,5.86,5.94,5.84,5.87,1711970,FYERS_HISTORY,2026-08-08T23:56:46+05:30
2002-04-05,SMD-0225,TATASTEEL,NSE:TATASTEEL-EQ,5.92,5.94,5.83,5.85,2885270,FYERS_HISTORY,2026-08-08T23:56:46+05:30
2002-04-08,SMD-0225,TATASTEEL,NSE:TATASTEEL-EQ,5.95,6.03,5.88,5.89,6400010,FYERS_HISTORY,2026-08-08T23:56:46+05:30
2002-04-09,SMD-0225,TATASTEEL,NSE:TATASTEEL-EQ,5.91,5.99,5.88,5.89,2368460,FYERS_HISTORY,2026-08-08T23:56:46+05:30
2002-04-10,SMD-0225,TATASTEEL,NSE:TATASTEEL-EQ,5.93,5.98,5.78,5.91,3964890,FYERS_HISTORY,2026-08-08T23:56:46+05:30
2002-04-11,SMD-0225,TATASTEEL,NSE:TATASTEEL-EQ,5.99,6.14,5.99,6.1,6614350,FYERS_HISTORY,2026-08-08T23:56:46+05:30
2002-04-12,SMD-0225,TATASTEEL,NSE:TATASTEEL-EQ,6.09,6.27,6.08,6.18,16441970,FYERS_HISTORY,2026-08-08T23:56:46+05:30
2002-04-15,SMD-0225,TATASTEEL,NSE:TATASTEEL-EQ,6.23,6.24,6.05,6.09,4388350,FYERS_HISTORY,2026-08-08T23:56:46+05:30
2002-04-16,SMD-0225,TATASTEEL,NSE:TATASTEEL-EQ,6.0,6.13,5.99,6.03,2400980,FYERS_HISTORY,2026-08-08T23:56:46+05:30
2002-04-17,SMD-0225,TATASTEEL,NSE:TATASTEEL-EQ,6.09,6.19,6.06,6.16,3865980,FYERS_HISTORY,2026-08-08T23:56:46+05:30
2002-04-18,SMD-0225,TATASTEEL,NSE:TATASTEEL-EQ,6.21,6.52,6.21,6.49,20836840,FYERS_HISTORY,2026-08-08T23:56:46+05:30
2002-04-19,SMD-0225,TATASTEEL,NSE:TATASTEEL-EQ,6.52,6.63,6.26,6.51,19251410,FYERS_HISTORY,2026-08-08T23:56:46+05:30
2002-04-22,SMD-0225,TATASTEEL,NSE:TATASTEEL-EQ,6.57,6.59,6.42,6.45,5584250,FYERS_HISTORY,2026-08-08T23:56:46+05:30
2002-04-23,SMD-0225,TATASTEEL,NSE:TATASTEEL-EQ,6.36,6.47,6.36,6.43,2263270,FYERS_HISTORY,2026-08-08T23:56:46+05:30
2002-04-24,SMD-0225,TATASTEEL,NSE:TATASTEEL-EQ,6.44,6.52,6.38,6.47,2740280,FYERS_HISTORY,2026-08-08T23:56:46+05:30
2002-04-25,SMD-0225,TATASTEEL,NSE:TATASTEEL-EQ,6.54,6.63,6.47,6.59,6175100,FYERS_HISTORY,2026-08-08T23:56:46+05:30
2002-04-26,SMD-0225,TATASTEEL,NSE:TATASTEEL-EQ,6.35,6.71,6.35,6.68,8569130,FYERS_HISTORY,2026-08-08T23:56:46+05:30
2002-04-29,SMD-0225,TATASTEEL,NSE:TATASTEEL-EQ,6.57,6.7,6.48,6.62,3794200,FYERS_HISTORY,2026-08-08T23:56:46+05:30
2002-04-30,SMD-0225,TATASTEEL,NSE:TATASTEEL-EQ,6.54,6.65,6.53,6.56,3542920,FYERS_HISTORY,2026-08-08T23:56:46+05:30
2002-05-02,SMD-0225,TATASTEEL,NSE:TATASTEEL-EQ,6.61,6.88,6.6,6.76,15191180,FYERS_HISTORY,2026-08-08T23:56:46+05:30
2002-05-03,SMD-0225,TATASTEEL,NSE:TATASTEEL-EQ,6.8,6.86,6.63,6.74,13852100,FYERS_HISTORY,2026-08-08T23:56:46+05:30
2002-05-06,SMD-0225,TATASTEEL,NSE:TATASTEEL-EQ,6.76,7.01,6.72,6.98,11630040,FYERS_HISTORY,2026-08-08T23:56:46+05:30
2002-05-07,SMD-0225,TATASTEEL,NSE:TATASTEEL-EQ,6.84,7.01,6.84,6.99,6433870,FYERS_HISTORY,2026-08-08T23:56:46+05:30
2002-05-08,SMD-0225,TATASTEEL,NSE:TATASTEEL-EQ,7.04,7.2,7.03,7.13,13927420,FYERS_HISTORY,2026-08-08T23:56:46+05:30
2002-05-09,SMD-0225,TATASTEEL,NSE:TATASTEEL-EQ,6.77,7.27,6.77,7.07,9303900,FYERS_HISTORY,2026-08-08T23:56:46+05:30
2002-05-10,SMD-0225,TATASTEEL,NSE:TATASTEEL-EQ,7.08,7.08,6.89,6.91,4941540,FYERS_HISTORY,2026-08-08T23:56:46+05:30
2002-05-13,SMD-0225,TATASTEEL,NSE:TATASTEEL-EQ,6.89,6.95,6.85,6.89,3171620,FYERS_HISTORY,2026-08-08T23:56:46+05:30
2002-05-14,SMD-0225,TATASTEEL,NSE:TATASTEEL-EQ,6.93,7.01,6.87,6.97,4951410,FYERS_HISTORY,2026-08-08T23:56:46+05:30
2002-05-15,SMD-0225,TATASTEEL,NSE:TATASTEEL-EQ,7.01,7.01,6.78,6.88,4789120,FYERS_HISTORY,2026-08-08T23:56:46+05:30
2002-05-16,SMD-0225,TATASTEEL,NSE:TATASTEEL-EQ,7.07,7.07,6.79,6.93,4848370,FYERS_HISTORY,2026-08-08T23:56:46+05:30
2002-05-17,SMD-0225,TATASTEEL,NSE:TATASTEEL-EQ,6.9,6.97,6.81,6.92,5542480,FYERS_HISTORY,2026-08-08T23:56:46+05:30
2002-05-20,SMD-0225,TATASTEEL,NSE:TATASTEEL-EQ,6.92,6.92,6.8,6.85,3446570,FYERS_HISTORY,2026-08-08T23:56:46+05:30
2002-05-21,SMD-0225,TATASTEEL,NSE:TATASTEEL-EQ,6.66,6.77,6.36,6.59,5944510,FYERS_HISTORY,2026-08-08T23:56:46+05:30
2002-05-22,SMD-0225,TATASTEEL,NSE:TATASTEEL-EQ,6.48,6.61,6.34,6.4,4365630,FYERS_HISTORY,2026-08-08T23:56:46+05:30
2002-05-23,SMD-0225,TATASTEEL,NSE:TATASTEEL-EQ,6.39,6.48,6.13,6.17,8848970,FYERS_HISTORY,2026-08-08T23:56:46+05:30
2002-05-24,SMD-0225,TATASTEEL,NSE:TATASTEEL-EQ,6.34,6.63,6.24,6.61,4604680,FYERS_HISTORY,2026-08-08T23:56:46+05:30
2002-05-27,SMD-0225,TATASTEEL,NSE:TATASTEEL-EQ,6.77,7.01,6.48,6.62,4499270,FYERS_HISTORY,2026-08-08T23:56:46+05:30
2002-05-28,SMD-0225,TATASTEEL,NSE:TATASTEEL-EQ,6.39,6.48,6.21,6.25,3940590,FYERS_HISTORY,2026-08-08T23:56:46+05:30
2002-05-29,SMD-0225,TATASTEEL,NSE:TATASTEEL-EQ,6.31,6.35,6.19,6.27,9036790,FYERS_HISTORY,2026-08-08T23:56:46+05:30
2002-05-30,SMD-0225,TATASTEEL,NSE:TATASTEEL-EQ,6.3,6.58,6.28,6.31,11222970,FYERS_HISTORY,2026-08-08T23:56:46+05:30
2002-05-31,SMD-0225,TATASTEEL,NSE:TATASTEEL-EQ,6.3,6.53,6.24,6.45,9448140,FYERS_HISTORY,2026-08-08T23:56:46+05:30
2002-06-03,SMD-0225,TATASTEEL,NSE:TATASTEEL-EQ,6.57,7.11,6.57,7.0,22860370,FYERS_HISTORY,2026-08-08T23:56:46+05:30
2002-06-04,SMD-0225,TATASTEEL,NSE:TATASTEEL-EQ,7.01,7.21,6.94,7.1,22769510,FYERS_HISTORY,2026-08-08T23:56:46+05:30
2002-06-05,SMD-0225,TATASTEEL,NSE:TATASTEEL-EQ,7.13,7.38,7.13,7.25,23954060,FYERS_HISTORY,2026-08-08T23:56:46+05:30
2002-06-06,SMD-0225,TATASTEEL,NSE:TATASTEEL-EQ,7.3,7.33,7.04,7.09,15270610,FYERS_HISTORY,2026-08-08T23:56:46+05:30
2002-06-07,SMD-0225,TATASTEEL,NSE:TATASTEEL-EQ,7.02,7.28,6.99,7.06,13800330,FYERS_HISTORY,2026-08-08T23:56:46+05:30
2002-06-10,SMD-0225,TATASTEEL,NSE:TATASTEEL-EQ,7.15,7.53,7.15,7.49,31096730,FYERS_HISTORY,2026-08-08T23:56:46+05:30
2002-06-11,SMD-0225,TATASTEEL,NSE:TATASTEEL-EQ,7.6,7.7,7.54,7.58,22557040,FYERS_HISTORY,2026-08-08T23:56:46+05:30
2002-06-12,SMD-0225,TATASTEEL,NSE:TATASTEEL-EQ,7.66,7.89,7.54,7.7,28820790,FYERS_HISTORY,2026-08-08T23:56:46+05:30
2002-06-13,SMD-0225,TATASTEEL,NSE:TATASTEEL-EQ,7.72,8.15,7.56,7.61,12641880,FYERS_HISTORY,2026-08-08T23:56:46+05:30
2002-06-14,SMD-0225,TATASTEEL,NSE:TATASTEEL-EQ,7.65,7.91,7.58,7.78,30970820,FYERS_HISTORY,2026-08-08T23:56:46+05:30
2002-06-17,SMD-0225,TATASTEEL,NSE:TATASTEEL-EQ,7.95,8.03,7.84,7.91,23743420,FYERS_HISTORY,2026-08-08T23:56:46+05:30
2002-06-18,SMD-0225,TATASTEEL,NSE:TATASTEEL-EQ,7.94,7.98,7.72,7.79,18718980,FYERS_HISTORY,2026-08-08T23:56:46+05:30
2002-06-19,SMD-0225,TATASTEEL,NSE:TATASTEEL-EQ,7.82,7.86,7.52,7.59,14258270,FYERS_HISTORY,2026-08-08T23:56:46+05:30
2002-06-20,SMD-0225,TATASTEEL,NSE:TATASTEEL-EQ,7.71,7.71,7.46,7.55,17507800,FYERS_HISTORY,2026-08-08T23:56:46+05:30
2002-06-21,SMD-0225,TATASTEEL,NSE:TATASTEEL-EQ,7.58,7.79,7.49,7.65,17846690,FYERS_HISTORY,2026-08-08T23:56:46+05:30
2002-06-24,SMD-0225,TATASTEEL,NSE:TATASTEEL-EQ,9.18,9.18,7.67,7.81,24452030,FYERS_HISTORY,2026-08-08T23:56:46+05:30
2002-06-25,SMD-0225,TATASTEEL,NSE:TATASTEEL-EQ,7.89,7.99,7.81,7.96,27866120,FYERS_HISTORY,2026-08-08T23:56:46+05:30
2002-06-26,SMD-0225,TATASTEEL,NSE:TATASTEEL-EQ,7.95,7.95,7.75,7.77,14620910,FYERS_HISTORY,2026-08-08T23:56:46+05:30
2002-06-27,SMD-0225,TATASTEEL,NSE:TATASTEEL-EQ,7.78,8.16,7.69,8.12,48312350,FYERS_HISTORY,2026-08-08T23:56:46+05:30
2002-06-28,SMD-0225,TATASTEEL,NSE:TATASTEEL-EQ,8.18,8.37,8.11,8.29,44879100,FYERS_HISTORY,2026-08-08T23:56:46+05:30
2002-07-01,SMD-0225,TATASTEEL,NSE:TATASTEEL-EQ,8.35,8.56,8.32,8.51,41092990,FYERS_HISTORY,2026-08-08T23:56:46+05:30
2002-07-02,SMD-0225,TATASTEEL,NSE:TATASTEEL-EQ,8.53,8.53,8.34,8.39,23345100,FYERS_HISTORY,2026-08-08T23:56:46+05:30
2002-07-03,SMD-0225,TATASTEEL,NSE:TATASTEEL-EQ,8.35,8.45,8.27,8.32,22706140,FYERS_HISTORY,2026-08-08T23:56:46+05:30
2002-07-04,SMD-0225,TATASTEEL,NSE:TATASTEEL-EQ,8.26,8.57,8.22,8.52,32869970,FYERS_HISTORY,2026-08-08T23:56:46+05:30
2002-07-05,SMD-0225,TATASTEEL,NSE:TATASTEEL-EQ,8.6,8.65,8.46,8.51,24068500,FYERS_HISTORY,2026-08-08T23:56:46+05:30
2002-07-08,SMD-0225,TATASTEEL,NSE:TATASTEEL-EQ,8.54,8.65,8.43,8.45,12506820,FYERS_HISTORY,2026-08-08T23:56:46+05:30
2002-07-09,SMD-0225,TATASTEEL,NSE:TATASTEEL-EQ,8.49,8.57,8.38,8.41,18106600,FYERS_HISTORY,2026-08-08T23:56:46+05:30
2002-07-10,SMD-0225,TATASTEEL,NSE:TATASTEEL-EQ,8.38,8.46,8.31,8.35,14032210,FYERS_HISTORY,2026-08-08T23:56:46+05:30
2002-07-11,SMD-0225,TATASTEEL,NSE:TATASTEEL-EQ,8.31,8.5,8.29,8.34,23958540,FYERS_HISTORY,2026-08-08T23:56:46+05:30
2002-07-12,SMD-0225,TATASTEEL,NSE:TATASTEEL-EQ,8.4,8.55,8.4,8.45,32681210,FYERS_HISTORY,2026-08-08T23:56:46+05:30
2002-07-15,SMD-0225,TATASTEEL,NSE:TATASTEEL-EQ,8.45,8.45,8.07,8.09,21310240,FYERS_HISTORY,2026-08-08T23:56:46+05:30
2002-07-16,SMD-0225,TATASTEEL,NSE:TATASTEEL-EQ,8.07,8.16,7.97,8.0,16950910,FYERS_HISTORY,2026-08-08T23:56:46+05:30
2002-07-17,SMD-0225,TATASTEEL,NSE:TATASTEEL-EQ,8.01,8.17,7.98,8.13,18214820,FYERS_HISTORY,2026-08-08T23:56:46+05:30
2002-07-18,SMD-0225,TATASTEEL,NSE:TATASTEEL-EQ,8.16,8.23,8.01,8.07,14659000,FYERS_HISTORY,2026-08-08T23:56:46+05:30
2002-07-19,SMD-0225,TATASTEEL,NSE:TATASTEEL-EQ,8.13,8.13,7.99,8.03,10365090,FYERS_HISTORY,2026-08-08T23:56:46+05:30
2002-07-22,SMD-0225,TATASTEEL,NSE:TATASTEEL-EQ,7.95,7.99,7.79,7.89,13488180,FYERS_HISTORY,2026-08-08T23:56:46+05:30
2002-07-23,SMD-0225,TATASTEEL,NSE:TATASTEEL-EQ,7.91,8.02,7.62,7.68,40638220,FYERS_HISTORY,2026-08-08T23:56:46+05:30
2002-07-24,SMD-0225,TATASTEEL,NSE:TATASTEEL-EQ,7.83,7.88,7.69,7.75,35768160,FYERS_HISTORY,2026-08-08T23:56:46+05:30
2002-07-25,SMD-0225,TATASTEEL,NSE:TATASTEEL-EQ,7.84,8.01,7.72,7.77,24095090,FYERS_HISTORY,2026-08-08T23:56:46+05:30
2002-07-26,SMD-0225,TATASTEEL,NSE:TATASTEEL-EQ,7.78,7.78,7.28,7.31,32745060,FYERS_HISTORY,2026-08-08T23:56:46+05:30
2002-07-29,SMD-0225,TATASTEEL,NSE:TATASTEEL-EQ,7.35,7.35,6.94,7.21,32002960,FYERS_HISTORY,2026-08-08T23:56:46+05:30
2002-07-30,SMD-0225,TATASTEEL,NSE:TATASTEEL-EQ,7.39,7.41,6.93,7.0,27584870,FYERS_HISTORY,2026-08-08T23:56:46+05:30
2002-07-31,SMD-0225,TATASTEEL,NSE:TATASTEEL-EQ,6.96,7.42,6.92,7.35,27451880,FYERS_HISTORY,2026-08-08T23:56:46+05:30
2002-08-01,SMD-0225,TATASTEEL,NSE:TATASTEEL-EQ,7.45,7.48,7.19,7.23,21765110,FYERS_HISTORY,2026-08-08T23:56:46+05:30
2002-08-02,SMD-0225,TATASTEEL,NSE:TATASTEEL-EQ,7.04,7.18,7.01,7.15,16184450,FYERS_HISTORY,2026-08-08T23:56:46+05:30
2002-08-05,SMD-0225,TATASTEEL,NSE:TATASTEEL-EQ,7.3,7.41,7.19,7.34,16260940,FYERS_HISTORY,2026-08-08T23:56:46+05:30
2002-08-06,SMD-0225,TATASTEEL,NSE:TATASTEEL-EQ,7.3,7.34,7.13,7.32,12836670,FYERS_HISTORY,2026-08-08T23:56:46+05:30
2002-08-07,SMD-0225,TATASTEEL,NSE:TATASTEEL-EQ,7.41,7.5,7.25,7.31,19921000,FYERS_HISTORY,2026-08-08T23:56:46+05:30
2002-08-08,SMD-0225,TATASTEEL,NSE:TATASTEEL-EQ,7.32,7.33,6.75,6.79,37733120,FYERS_HISTORY,2026-08-08T23:56:46+05:30
2002-08-09,SMD-0225,TATASTEEL,NSE:TATASTEEL-EQ,6.95,6.99,6.7,6.94,45703320,FYERS_HISTORY,2026-08-08T23:56:46+05:30
2002-08-12,SMD-0225,TATASTEEL,NSE:TATASTEEL-EQ,6.98,7.14,6.95,7.07,20567960,FYERS_HISTORY,2026-08-08T23:56:46+05:30
2002-08-13,SMD-0225,TATASTEEL,NSE:TATASTEEL-EQ,7.13,7.18,7.05,7.08,8073880,FYERS_HISTORY,2026-08-08T23:56:46+05:30
2002-08-14,SMD-0225,TATASTEEL,NSE:TATASTEEL-EQ,7.07,7.1,6.87,6.95,19373800,FYERS_HISTORY,2026-08-08T23:56:46+05:30
2002-08-16,SMD-0225,TATASTEEL,NSE:TATASTEEL-EQ,7.04,7.1,6.97,7.0,11618560,FYERS_HISTORY,2026-08-08T23:56:46+05:30
2002-08-19,SMD-0225,TATASTEEL,NSE:TATASTEEL-EQ,7.07,7.07,6.92,6.99,13734320,FYERS_HISTORY,2026-08-08T23:56:46+05:30
2002-08-20,SMD-0225,TATASTEEL,NSE:TATASTEEL-EQ,7.01,7.01,6.92,6.97,13803920,FYERS_HISTORY,2026-08-08T23:56:46+05:30
2002-08-21,SMD-0225,TATASTEEL,NSE:TATASTEEL-EQ,6.92,7.14,6.92,7.06,15087180,FYERS_HISTORY,2026-08-08T23:56:46+05:30
2002-08-22,SMD-0225,TATASTEEL,NSE:TATASTEEL-EQ,7.13,7.23,7.13,7.15,19987100,FYERS_HISTORY,2026-08-08T23:56:46+05:30
2002-08-23,SMD-0225,TATASTEEL,NSE:TATASTEEL-EQ,7.15,7.23,6.99,7.18,17028930,FYERS_HISTORY,2026-08-08T23:56:46+05:30
2002-08-26,SMD-0225,TATASTEEL,NSE:TATASTEEL-EQ,7.17,7.29,7.16,7.22,12795240,FYERS_HISTORY,2026-08-08T23:56:46+05:30
2002-08-27,SMD-0225,TATASTEEL,NSE:TATASTEEL-EQ,7.25,7.28,7.07,7.08,10299840,FYERS_HISTORY,2026-08-08T23:56:46+05:30
2002-08-28,SMD-0225,TATASTEEL,NSE:TATASTEEL-EQ,7.07,7.24,7.02,7.1,24315300,FYERS_HISTORY,2026-08-08T23:56:46+05:30
2002-08-29,SMD-0225,TATASTEEL,NSE:TATASTEEL-EQ,7.02,7.15,7.0,7.02,16506360,FYERS_HISTORY,2026-08-08T23:56:46+05:30
2002-08-30,SMD-0225,TATASTEEL,NSE:TATASTEEL-EQ,7.08,7.33,7.02,7.28,20735230,FYERS_HISTORY,2026-08-08T23:56:46+05:30
2002-09-02,SMD-0225,TATASTEEL,NSE:TATASTEEL-EQ,7.38,7.45,7.28,7.3,13542880,FYERS_HISTORY,2026-08-08T23:56:46+05:30
2002-09-03,SMD-0225,TATASTEEL,NSE:TATASTEEL-EQ,7.3,7.32,7.19,7.23,4343230,FYERS_HISTORY,2026-08-08T23:56:46+05:30
2002-09-04,SMD-0225,TATASTEEL,NSE:TATASTEEL-EQ,7.08,7.27,7.08,7.25,4491210,FYERS_HISTORY,2026-08-08T23:56:46+05:30
2002-09-05,SMD-0225,TATASTEEL,NSE:TATASTEEL-EQ,7.3,7.37,7.24,7.34,9037710,FYERS_HISTORY,2026-08-08T23:56:46+05:30
2002-09-06,SMD-0225,TATASTEEL,NSE:TATASTEEL-EQ,7.3,7.39,7.14,7.18,9877630,FYERS_HISTORY,2026-08-08T23:56:46+05:30
2002-09-09,SMD-0225,TATASTEEL,NSE:TATASTEEL-EQ,7.16,7.25,7.05,7.12,7150180,FYERS_HISTORY,2026-08-08T23:56:46+05:30
2002-09-11,SMD-0225,TATASTEEL,NSE:TATASTEEL-EQ,7.14,7.2,7.06,7.1,6034970,FYERS_HISTORY,2026-08-08T23:56:46+05:30
2002-09-12,SMD-0225,TATASTEEL,NSE:TATASTEEL-EQ,7.1,7.2,7.07,7.1,10593710,FYERS_HISTORY,2026-08-08T23:56:46+05:30
2002-09-13,SMD-0225,TATASTEEL,NSE:TATASTEEL-EQ,7.11,7.21,7.1,7.14,7581050,FYERS_HISTORY,2026-08-08T23:56:46+05:30
2002-09-16,SMD-0225,TATASTEEL,NSE:TATASTEEL-EQ,7.16,7.2,7.08,7.09,4390620,FYERS_HISTORY,2026-08-08T23:56:46+05:30
2002-09-17,SMD-0225,TATASTEEL,NSE:TATASTEEL-EQ,7.13,7.18,7.08,7.11,5571890,FYERS_HISTORY,2026-08-08T23:56:46+05:30
2002-09-18,SMD-0225,TATASTEEL,NSE:TATASTEEL-EQ,7.08,7.11,6.94,6.99,9562310,FYERS_HISTORY,2026-08-08T23:56:46+05:30
2002-09-19,SMD-0225,TATASTEEL,NSE:TATASTEEL-EQ,6.98,6.99,6.87,6.92,8113680,FYERS_HISTORY,2026-08-08T23:56:46+05:30
2002-09-20,SMD-0225,TATASTEEL,NSE:TATASTEEL-EQ,6.84,6.95,6.8,6.9,8929450,FYERS_HISTORY,2026-08-08T23:56:46+05:30
2002-09-23,SMD-0225,TATASTEEL,NSE:TATASTEEL-EQ,6.89,6.92,6.79,6.84,5505680,FYERS_HISTORY,2026-08-08T23:56:46+05:30
2002-09-24,SMD-0225,TATASTEEL,NSE:TATASTEEL-EQ,6.86,6.9,6.75,6.83,7450490,FYERS_HISTORY,2026-08-08T23:56:46+05:30
2002-09-25,SMD-0225,TATASTEEL,NSE:TATASTEEL-EQ,6.77,6.88,6.77,6.86,6893890,FYERS_HISTORY,2026-08-08T23:56:46+05:30
2002-09-26,SMD-0225,TATASTEEL,NSE:TATASTEEL-EQ,6.89,6.89,6.8,6.82,5177630,FYERS_HISTORY,2026-08-08T23:56:46+05:30
2002-09-27,SMD-0225,TATASTEEL,NSE:TATASTEEL-EQ,6.83,6.89,6.81,6.87,13433330,FYERS_HISTORY,2026-08-08T23:56:46+05:30
2002-09-30,SMD-0225,TATASTEEL,NSE:TATASTEEL-EQ,6.89,7.02,6.83,6.85,15053780,FYERS_HISTORY,2026-08-08T23:56:46+05:30
2002-10-01,SMD-0225,TATASTEEL,NSE:TATASTEEL-EQ,6.86,6.89,6.76,6.87,6874430,FYERS_HISTORY,2026-08-08T23:56:46+05:30
2002-10-03,SMD-0225,TATASTEEL,NSE:TATASTEEL-EQ,6.89,6.93,6.84,6.9,5951730,FYERS_HISTORY,2026-08-08T23:56:46+05:30
2002-10-04,SMD-0225,TATASTEEL,NSE:TATASTEEL-EQ,6.92,6.97,6.9,6.95,4964150,FYERS_HISTORY,2026-08-08T23:56:46+05:30
2002-10-07,SMD-0225,TATASTEEL,NSE:TATASTEEL-EQ,6.95,7.15,6.94,7.11,6736380,FYERS_HISTORY,2026-08-08T23:56:46+05:30
2002-10-08,SMD-0225,TATASTEEL,NSE:TATASTEEL-EQ,7.13,7.17,7.05,7.08,5176080,FYERS_HISTORY,2026-08-08T23:56:46+05:30
2002-10-09,SMD-0225,TATASTEEL,NSE:TATASTEEL-EQ,7.11,7.13,7.04,7.05,3441500,FYERS_HISTORY,2026-08-08T23:56:46+05:30
2002-10-10,SMD-0225,TATASTEEL,NSE:TATASTEEL-EQ,7.03,7.14,6.92,7.06,4116340,FYERS_HISTORY,2026-08-08T23:56:46+05:30
2002-10-11,SMD-0225,TATASTEEL,NSE:TATASTEEL-EQ,7.18,7.24,7.08,7.11,5862050,FYERS_HISTORY,2026-08-08T23:56:46+05:30
2002-10-14,SMD-0225,TATASTEEL,NSE:TATASTEEL-EQ,7.19,7.27,7.13,7.2,4921850,FYERS_HISTORY,2026-08-08T23:56:46+05:30
2002-10-16,SMD-0225,TATASTEEL,NSE:TATASTEEL-EQ,7.25,7.33,7.19,7.21,9484170,FYERS_HISTORY,2026-08-08T23:56:46+05:30
2002-10-17,SMD-0225,TATASTEEL,NSE:TATASTEEL-EQ,7.23,7.23,7.11,7.15,6710140,FYERS_HISTORY,2026-08-08T23:56:46+05:30
2002-10-18,SMD-0225,TATASTEEL,NSE:TATASTEEL-EQ,7.19,7.19,7.01,7.03,9230230,FYERS_HISTORY,2026-08-08T23:56:46+05:30
2002-10-21,SMD-0225,TATASTEEL,NSE:TATASTEEL-EQ,7.01,7.12,6.99,7.06,6382140,FYERS_HISTORY,2026-08-08T23:56:46+05:30
2002-10-22,SMD-0225,TATASTEEL,NSE:TATASTEEL-EQ,7.1,7.1,7.02,7.07,5797180,FYERS_HISTORY,2026-08-08T23:56:46+05:30
2002-10-23,SMD-0225,TATASTEEL,NSE:TATASTEEL-EQ,7.05,7.15,7.01,7.03,3481170,FYERS_HISTORY,2026-08-08T23:56:46+05:30
2002-10-24,SMD-0225,TATASTEEL,NSE:TATASTEEL-EQ,7.04,7.05,6.91,6.93,4134890,FYERS_HISTORY,2026-08-08T23:56:46+05:30
2002-10-25,SMD-0225,TATASTEEL,NSE:TATASTEEL-EQ,6.89,6.95,6.86,6.89,4016850,FYERS_HISTORY,2026-08-08T23:56:46+05:30
2002-10-28,SMD-0225,TATASTEEL,NSE:TATASTEEL-EQ,6.94,6.99,6.72,6.83,5700780,FYERS_HISTORY,2026-08-08T23:56:46+05:30
2002-10-29,SMD-0225,TATASTEEL,NSE:TATASTEEL-EQ,6.77,6.98,6.66,6.96,7615940,FYERS_HISTORY,2026-08-08T23:56:46+05:30
2002-10-30,SMD-0225,TATASTEEL,NSE:TATASTEEL-EQ,7.01,7.06,6.84,6.88,8022420,FYERS_HISTORY,2026-08-08T23:56:46+05:30
2002-10-31,SMD-0225,TATASTEEL,NSE:TATASTEEL-EQ,7.19,7.46,7.17,7.38,52256690,FYERS_HISTORY,2026-08-08T23:56:46+05:30
2002-11-01,SMD-0225,TATASTEEL,NSE:TATASTEEL-EQ,7.45,7.64,7.28,7.31,34243720,FYERS_HISTORY,2026-08-08T23:56:46+05:30
2002-11-04,SMD-0225,TATASTEEL,NSE:TATASTEEL-EQ,7.13,7.47,7.13,7.44,10530710,FYERS_HISTORY,2026-08-08T23:56:46+05:30
2002-11-05,SMD-0225,TATASTEEL,NSE:TATASTEEL-EQ,7.42,7.55,7.39,7.47,22339620,FYERS_HISTORY,2026-08-08T23:56:46+05:30
2002-11-07,SMD-0225,TATASTEEL,NSE:TATASTEEL-EQ,7.48,7.59,7.42,7.48,19174380,FYERS_HISTORY,2026-08-08T23:56:46+05:30
2002-11-08,SMD-0225,TATASTEEL,NSE:TATASTEEL-EQ,7.46,7.48,7.34,7.4,10654010,FYERS_HISTORY,2026-08-08T23:56:46+05:30
2002-11-11,SMD-0225,TATASTEEL,NSE:TATASTEEL-EQ,7.34,7.42,7.26,7.29,10458970,FYERS_HISTORY,2026-08-08T23:56:46+05:30
2002-11-12,SMD-0225,TATASTEEL,NSE:TATASTEEL-EQ,8.4,8.4,7.22,7.38,8809430,FYERS_HISTORY,2026-08-08T23:56:46+05:30
2002-11-13,SMD-0225,TATASTEEL,NSE:TATASTEEL-EQ,7.42,7.44,7.32,7.33,8219290,FYERS_HISTORY,2026-08-08T23:56:46+05:30
2002-11-14,SMD-0225,TATASTEEL,NSE:TATASTEEL-EQ,7.33,7.42,7.28,7.29,10292490,FYERS_HISTORY,2026-08-08T23:56:46+05:30
2002-11-15,SMD-0225,TATASTEEL,NSE:TATASTEEL-EQ,7.35,7.5,7.3,7.46,22682770,FYERS_HISTORY,2026-08-08T23:56:46+05:30
2002-11-18,SMD-0225,TATASTEEL,NSE:TATASTEEL-EQ,7.54,7.81,7.54,7.7,37579270,FYERS_HISTORY,2026-08-08T23:56:46+05:30
2002-11-20,SMD-0225,TATASTEEL,NSE:TATASTEEL-EQ,7.76,7.82,7.7,7.74,19523740,FYERS_HISTORY,2026-08-08T23:56:46+05:30
2002-11-21,SMD-0225,TATASTEEL,NSE:TATASTEEL-EQ,7.81,7.91,7.76,7.78,22281050,FYERS_HISTORY,2026-08-08T23:56:46+05:30
2002-11-22,SMD-0225,TATASTEEL,NSE:TATASTEEL-EQ,7.82,7.95,7.77,7.87,30302470,FYERS_HISTORY,2026-08-08T23:56:46+05:30
2002-11-25,SMD-0225,TATASTEEL,NSE:TATASTEEL-EQ,7.84,8.03,7.81,7.94,21007460,FYERS_HISTORY,2026-08-08T23:56:46+05:30
2002-11-26,SMD-0225,TATASTEEL,NSE:TATASTEEL-EQ,8.03,8.17,7.96,8.12,27050320,FYERS_HISTORY,2026-08-08T23:56:46+05:30
2002-11-27,SMD-0225,TATASTEEL,NSE:TATASTEEL-EQ,8.13,8.13,7.9,7.93,12924370,FYERS_HISTORY,2026-08-08T23:56:46+05:30
2002-11-28,SMD-0225,TATASTEEL,NSE:TATASTEEL-EQ,8.0,8.11,7.97,8.08,25048340,FYERS_HISTORY,2026-08-08T23:56:46+05:30
2002-11-29,SMD-0225,TATASTEEL,NSE:TATASTEEL-EQ,8.07,8.26,8.05,8.22,42966570,FYERS_HISTORY,2026-08-08T23:56:46+05:30
2002-12-02,SMD-0225,TATASTEEL,NSE:TATASTEEL-EQ,8.25,8.41,8.14,8.19,34567110,FYERS_HISTORY,2026-08-08T23:56:46+05:30
2002-12-03,SMD-0225,TATASTEEL,NSE:TATASTEEL-EQ,8.22,8.28,7.99,8.04,26575410,FYERS_HISTORY,2026-08-08T23:56:46+05:30
2002-12-04,SMD-0225,TATASTEEL,NSE:TATASTEEL-EQ,8.01,8.09,7.96,7.99,14559670,FYERS_HISTORY,2026-08-08T23:56:46+05:30
2002-12-05,SMD-0225,TATASTEEL,NSE:TATASTEEL-EQ,8.06,8.16,8.03,8.07,10874250,FYERS_HISTORY,2026-08-08T23:56:46+05:30
2002-12-06,SMD-0225,TATASTEEL,NSE:TATASTEEL-EQ,8.07,8.34,8.07,8.29,16736070,FYERS_HISTORY,2026-08-08T23:56:46+05:30
2002-12-09,SMD-0225,TATASTEEL,NSE:TATASTEEL-EQ,8.37,8.44,8.09,8.14,22534960,FYERS_HISTORY,2026-08-08T23:56:46+05:30
2002-12-10,SMD-0225,TATASTEEL,NSE:TATASTEEL-EQ,8.1,8.24,8.04,8.2,15965150,FYERS_HISTORY,2026-08-08T23:56:46+05:30
2002-12-11,SMD-0225,TATASTEEL,NSE:TATASTEEL-EQ,8.29,8.29,8.1,8.2,11572380,FYERS_HISTORY,2026-08-08T23:56:46+05:30
2002-12-12,SMD-0225,TATASTEEL,NSE:TATASTEEL-EQ,8.29,8.29,8.1,8.14,17075210,FYERS_HISTORY,2026-08-08T23:56:46+05:30
2002-12-13,SMD-0225,TATASTEEL,NSE:TATASTEEL-EQ,8.21,8.33,8.18,8.31,19460880,FYERS_HISTORY,2026-08-08T23:56:46+05:30
2002-12-16,SMD-0225,TATASTEEL,NSE:TATASTEEL-EQ,8.31,8.44,8.14,8.17,30738050,FYERS_HISTORY,2026-08-08T23:56:46+05:30
2002-12-17,SMD-0225,TATASTEEL,NSE:TATASTEEL-EQ,8.17,8.21,8.04,8.11,15724820,FYERS_HISTORY,2026-08-08T23:56:46+05:30
2002-12-18,SMD-0225,TATASTEEL,NSE:TATASTEEL-EQ,8.13,8.3,8.09,8.24,19782890,FYERS_HISTORY,2026-08-08T23:56:46+05:30
2002-12-19,SMD-0225,TATASTEEL,NSE:TATASTEEL-EQ,8.24,8.28,8.17,8.22,15269510,FYERS_HISTORY,2026-08-08T23:56:46+05:30
2002-12-20,SMD-0225,TATASTEEL,NSE:TATASTEEL-EQ,8.27,8.44,8.2,8.41,42573050,FYERS_HISTORY,2026-08-08T23:56:46+05:30
2002-12-23,SMD-0225,TATASTEEL,NSE:TATASTEEL-EQ,8.45,8.55,8.43,8.51,41339560,FYERS_HISTORY,2026-08-08T23:56:46+05:30
2002-12-24,SMD-0225,TATASTEEL,NSE:TATASTEEL-EQ,8.48,8.57,8.44,8.54,22508540,FYERS_HISTORY,2026-08-08T23:56:46+05:30
2002-12-26,SMD-0225,TATASTEEL,NSE:TATASTEEL-EQ,8.54,8.77,8.54,8.67,46167480,FYERS_HISTORY,2026-08-08T23:56:46+05:30
2002-12-27,SMD-0225,TATASTEEL,NSE:TATASTEEL-EQ,8.72,8.88,8.7,8.81,32225030,FYERS_HISTORY,2026-08-08T23:56:46+05:30
2002-12-30,SMD-0225,TATASTEEL,NSE:TATASTEEL-EQ,8.78,8.91,8.71,8.77,23431890,FYERS_HISTORY,2026-08-08T23:56:46+05:30
2002-12-31,SMD-0225,TATASTEEL,NSE:TATASTEEL-EQ,8.78,8.95,8.76,8.93,39066230,FYERS_HISTORY,2026-08-08T23:56:46+05:30
2003-01-01,SMD-0225,TATASTEEL,NSE:TATASTEEL-EQ,8.95,8.98,8.88,8.93,23918350,FYERS_HISTORY,2026-08-08T23:56:46+05:30
2003-01-02,SMD-0225,TATASTEEL,NSE:TATASTEEL-EQ,10.31,10.31,8.81,8.83,21110660,FYERS_HISTORY,2026-08-08T23:56:46+05:30
2003-01-03,SMD-0225,TATASTEEL,NSE:TATASTEEL-EQ,8.95,8.95,8.75,8.78,15854020,FYERS_HISTORY,2026-08-08T23:56:46+05:30
2003-01-06,SMD-0225,TATASTEEL,NSE:TATASTEEL-EQ,8.8,8.8,8.53,8.58,19800620,FYERS_HISTORY,2026-08-08T23:56:46+05:30
2003-01-07,SMD-0225,TATASTEEL,NSE:TATASTEEL-EQ,8.63,8.7,8.59,8.63,15474790,FYERS_HISTORY,2026-08-08T23:56:46+05:30
2003-01-08,SMD-0225,TATASTEEL,NSE:TATASTEEL-EQ,8.66,8.84,8.63,8.8,23448440,FYERS_HISTORY,2026-08-08T23:56:46+05:30
2003-01-09,SMD-0225,TATASTEEL,NSE:TATASTEEL-EQ,8.88,8.91,8.79,8.88,16256990,FYERS_HISTORY,2026-08-08T23:56:46+05:30
2003-01-10,SMD-0225,TATASTEEL,NSE:TATASTEEL-EQ,8.9,8.95,8.76,8.8,21634120,FYERS_HISTORY,2026-08-08T23:56:46+05:30
2003-01-13,SMD-0225,TATASTEEL,NSE:TATASTEEL-EQ,8.84,8.95,8.81,8.82,13856200,FYERS_HISTORY,2026-08-08T23:56:46+05:30
2003-01-14,SMD-0225,TATASTEEL,NSE:TATASTEEL-EQ,8.83,8.91,8.74,8.81,24034300,FYERS_HISTORY,2026-08-08T23:56:46+05:30
2003-01-15,SMD-0225,TATASTEEL,NSE:TATASTEEL-EQ,8.84,8.85,8.73,8.76,17715210,FYERS_HISTORY,2026-08-08T23:56:46+05:30
2003-01-16,SMD-0225,TATASTEEL,NSE:TATASTEEL-EQ,8.74,8.93,8.74,8.86,18073700,FYERS_HISTORY,2026-08-08T23:56:46+05:30
2003-01-17,SMD-0225,TATASTEEL,NSE:TATASTEEL-EQ,8.89,9.07,8.88,9.03,28432950,FYERS_HISTORY,2026-08-08T23:56:46+05:30
2003-01-20,SMD-0225,TATASTEEL,NSE:TATASTEEL-EQ,9.06,9.23,9.06,9.14,38007250,FYERS_HISTORY,2026-08-08T23:56:46+05:30
2003-01-21,SMD-0225,TATASTEEL,NSE:TATASTEEL-EQ,9.2,9.39,9.14,9.35,34492240,FYERS_HISTORY,2026-08-08T23:56:46+05:30
2003-01-22,SMD-0225,TATASTEEL,NSE:TATASTEEL-EQ,9.38,9.53,9.28,9.31,42898460,FYERS_HISTORY,2026-08-08T23:56:46+05:30
2003-01-23,SMD-0225,TATASTEEL,NSE:TATASTEEL-EQ,9.34,9.56,9.21,9.5,72742530,FYERS_HISTORY,2026-08-08T23:56:46+05:30
2003-01-24,SMD-0225,TATASTEEL,NSE:TATASTEEL-EQ,9.59,9.63,9.16,9.21,56678140,FYERS_HISTORY,2026-08-08T23:56:46+05:30
2003-01-27,SMD-0225,TATASTEEL,NSE:TATASTEEL-EQ,9.18,9.18,8.94,9.01,33887630,FYERS_HISTORY,2026-08-08T23:56:46+05:30
2003-01-28,SMD-0225,TATASTEEL,NSE:TATASTEEL-EQ,9.01,9.18,8.78,9.09,56001580,FYERS_HISTORY,2026-08-08T23:56:46+05:30
2003-01-29,SMD-0225,TATASTEEL,NSE:TATASTEEL-EQ,9.19,9.28,9.02,9.1,31508270,FYERS_HISTORY,2026-08-08T23:56:46+05:30
2003-01-30,SMD-0225,TATASTEEL,NSE:TATASTEEL-EQ,9.13,9.2,8.96,9.0,35904950,FYERS_HISTORY,2026-08-08T23:56:46+05:30
2003-01-31,SMD-0225,TATASTEEL,NSE:TATASTEEL-EQ,9.01,9.01,8.81,8.96,31156000,FYERS_HISTORY,2026-08-08T23:56:46+05:30
2003-02-03,SMD-0225,TATASTEEL,NSE:TATASTEEL-EQ,8.98,9.21,8.98,9.15,22541780,FYERS_HISTORY,2026-08-08T23:56:46+05:30
2003-02-04,SMD-0225,TATASTEEL,NSE:TATASTEEL-EQ,9.24,9.3,9.08,9.1,21851580,FYERS_HISTORY,2026-08-08T23:56:46+05:30
2003-02-05,SMD-0225,TATASTEEL,NSE:TATASTEEL-EQ,9.08,9.16,9.0,9.1,16489440,FYERS_HISTORY,2026-08-08T23:56:46+05:30
2003-02-06,SMD-0225,TATASTEEL,NSE:TATASTEEL-EQ,9.07,9.24,9.05,9.21,17603320,FYERS_HISTORY,2026-08-08T23:56:46+05:30
2003-02-07,SMD-0225,TATASTEEL,NSE:TATASTEEL-EQ,9.26,9.42,9.18,9.28,33500450,FYERS_HISTORY,2026-08-08T23:56:46+05:30
2003-02-10,SMD-0225,TATASTEEL,NSE:TATASTEEL-EQ,9.3,9.3,9.09,9.11,13809190,FYERS_HISTORY,2026-08-08T23:56:46+05:30
2003-02-11,SMD-0225,TATASTEEL,NSE:TATASTEEL-EQ,9.16,9.21,9.05,9.1,16008430,FYERS_HISTORY,2026-08-08T23:56:46+05:30
2003-02-12,SMD-0225,TATASTEEL,NSE:TATASTEEL-EQ,9.11,9.17,9.03,9.08,11168270,FYERS_HISTORY,2026-08-08T23:56:46+05:30
2003-02-14,SMD-0225,TATASTEEL,NSE:TATASTEEL-EQ,9.1,9.1,8.88,8.9,23338690,FYERS_HISTORY,2026-08-08T23:56:46+05:30
2003-02-17,SMD-0225,TATASTEEL,NSE:TATASTEEL-EQ,9.04,9.1,9.01,9.03,22716090,FYERS_HISTORY,2026-08-08T23:56:46+05:30
2003-02-18,SMD-0225,TATASTEEL,NSE:TATASTEEL-EQ,9.07,9.27,9.07,9.15,42484010,FYERS_HISTORY,2026-08-08T23:56:46+05:30
2003-02-19,SMD-0225,TATASTEEL,NSE:TATASTEEL-EQ,9.24,9.31,9.18,9.21,35277800,FYERS_HISTORY,2026-08-08T23:56:46+05:30
2003-02-20,SMD-0225,TATASTEEL,NSE:TATASTEEL-EQ,9.19,9.23,9.04,9.06,25604430,FYERS_HISTORY,2026-08-08T23:56:46+05:30
2003-02-21,SMD-0225,TATASTEEL,NSE:TATASTEEL-EQ,9.06,9.09,8.92,8.94,36230770,FYERS_HISTORY,2026-08-08T23:56:46+05:30
2003-02-24,SMD-0225,TATASTEEL,NSE:TATASTEEL-EQ,8.98,9.11,8.93,8.95,24983530,FYERS_HISTORY,2026-08-08T23:56:46+05:30
2003-02-25,SMD-0225,TATASTEEL,NSE:TATASTEEL-EQ,8.95,8.95,8.74,8.79,27182830,FYERS_HISTORY,2026-08-08T23:56:46+05:30
2003-02-26,SMD-0225,TATASTEEL,NSE:TATASTEEL-EQ,8.75,8.91,8.64,8.71,94828730,FYERS_HISTORY,2026-08-08T23:56:46+05:30
2003-02-27,SMD-0225,TATASTEEL,NSE:TATASTEEL-EQ,8.71,8.9,8.69,8.75,85381130,FYERS_HISTORY,2026-08-08T23:56:46+05:30
2003-02-28,SMD-0225,TATASTEEL,NSE:TATASTEEL-EQ,8.86,9.05,8.78,8.86,70564810,FYERS_HISTORY,2026-08-08T23:56:46+05:30
2003-03-03,SMD-0225,TATASTEEL,NSE:TATASTEEL-EQ,8.93,8.95,8.73,8.75,30293680,FYERS_HISTORY,2026-08-08T23:56:46+05:30
2003-03-04,SMD-0225,TATASTEEL,NSE:TATASTEEL-EQ,8.72,8.73,8.5,8.52,38007680,FYERS_HISTORY,2026-08-08T23:56:46+05:30
2003-03-05,SMD-0225,TATASTEEL,NSE:TATASTEEL-EQ,8.5,8.68,8.4,8.64,55864640,FYERS_HISTORY,2026-08-08T23:56:46+05:30
2003-03-06,SMD-0225,TATASTEEL,NSE:TATASTEEL-EQ,8.67,8.67,8.35,8.38,45254330,FYERS_HISTORY,2026-08-08T23:56:46+05:30
2003-03-07,SMD-0225,TATASTEEL,NSE:TATASTEEL-EQ,8.25,8.34,8.1,8.13,47692560,FYERS_HISTORY,2026-08-08T23:56:46+05:30
2003-03-10,SMD-0225,TATASTEEL,NSE:TATASTEEL-EQ,8.12,8.16,7.94,7.97,33563830,FYERS_HISTORY,2026-08-08T23:56:46+05:30
2003-03-11,SMD-0225,TATASTEEL,NSE:TATASTEEL-EQ,7.87,8.16,7.87,8.1,46004420,FYERS_HISTORY,2026-08-08T23:56:46+05:30
2003-03-12,SMD-0225,TATASTEEL,NSE:TATASTEEL-EQ,8.11,8.19,7.99,8.07,41566140,FYERS_HISTORY,2026-08-08T23:56:46+05:30
2003-03-13,SMD-0225,TATASTEEL,NSE:TATASTEEL-EQ,8.12,8.12,7.91,7.95,30111900,FYERS_HISTORY,2026-08-08T23:56:46+05:30
2003-03-17,SMD-0225,TATASTEEL,NSE:TATASTEEL-EQ,7.95,7.98,7.78,7.9,25851660,FYERS_HISTORY,2026-08-08T23:56:46+05:30
2003-03-19,SMD-0225,TATASTEEL,NSE:TATASTEEL-EQ,8.01,8.11,7.95,8.0,24018220,FYERS_HISTORY,2026-08-08T23:56:46+05:30
2003-03-20,SMD-0225,TATASTEEL,NSE:TATASTEEL-EQ,8.01,8.24,7.98,8.2,29021430,FYERS_HISTORY,2026-08-08T23:56:46+05:30
2003-03-21,SMD-0225,TATASTEEL,NSE:TATASTEEL-EQ,8.23,8.36,8.19,8.3,23759680,FYERS_HISTORY,2026-08-08T23:56:46+05:30
2003-03-22,SMD-0225,TATASTEEL,NSE:TATASTEEL-EQ,8.38,8.5,8.36,8.46,17031080,FYERS_HISTORY,2026-08-08T23:56:46+05:30
2003-03-24,SMD-0225,TATASTEEL,NSE:TATASTEEL-EQ,8.48,8.48,8.12,8.15,30670920,FYERS_HISTORY,2026-08-08T23:56:46+05:30
2003-03-25,SMD-0225,TATASTEEL,NSE:TATASTEEL-EQ,8.07,8.17,7.95,8.11,22184710,FYERS_HISTORY,2026-08-08T23:56:46+05:30
2003-03-26,SMD-0225,TATASTEEL,NSE:TATASTEEL-EQ,8.24,8.24,8.09,8.11,25116890,FYERS_HISTORY,2026-08-08T23:56:46+05:30
2003-03-27,SMD-0225,TATASTEEL,NSE:TATASTEEL-EQ,8.07,8.09,7.95,7.97,34001150,FYERS_HISTORY,2026-08-08T23:56:46+05:30
2003-03-28,SMD-0225,TATASTEEL,NSE:TATASTEEL-EQ,7.95,7.99,7.74,7.89,42360370,FYERS_HISTORY,2026-08-08T23:56:46+05:30
2003-03-31,SMD-0225,TATASTEEL,NSE:TATASTEEL-EQ,8.0,8.0,7.78,7.88,28403980,FYERS_HISTORY,2026-08-08T23:56:46+05:30
2003-04-01,SMD-0225,TATASTEEL,NSE:TATASTEEL-EQ,7.89,8.06,7.88,7.96,17389900,FYERS_HISTORY,2026-08-08T23:56:46+05:30
2003-04-02,SMD-0225,TATASTEEL,NSE:TATASTEEL-EQ,8.04,8.12,8.03,8.1,13812660,FYERS_HISTORY,2026-08-08T23:56:46+05:30
2003-04-03,SMD-0225,TATASTEEL,NSE:TATASTEEL-EQ,8.17,8.18,8.09,8.15,11442420,FYERS_HISTORY,2026-08-08T23:56:46+05:30
2003-04-04,SMD-0225,TATASTEEL,NSE:TATASTEEL-EQ,8.13,8.3,8.13,8.27,20085510,FYERS_HISTORY,2026-08-08T23:56:46+05:30
2003-04-07,SMD-0225,TATASTEEL,NSE:TATASTEEL-EQ,8.31,8.6,8.29,8.52,30327020,FYERS_HISTORY,2026-08-08T23:56:46+05:30
2003-04-08,SMD-0225,TATASTEEL,NSE:TATASTEEL-EQ,8.02,8.48,8.02,8.36,18794530,FYERS_HISTORY,2026-08-08T23:56:46+05:30
2003-04-09,SMD-0225,TATASTEEL,NSE:TATASTEEL-EQ,8.31,8.35,8.22,8.27,14567590,FYERS_HISTORY,2026-08-08T23:56:46+05:30
2003-04-10,SMD-0225,TATASTEEL,NSE:TATASTEEL-EQ,8.3,8.41,8.11,8.19,18924730,FYERS_HISTORY,2026-08-08T23:56:46+05:30
2003-04-11,SMD-0225,TATASTEEL,NSE:TATASTEEL-EQ,8.17,8.36,7.95,8.07,14924840,FYERS_HISTORY,2026-08-08T23:56:46+05:30
2003-04-15,SMD-0225,TATASTEEL,NSE:TATASTEEL-EQ,8.07,8.07,7.59,7.73,30316720,FYERS_HISTORY,2026-08-08T23:56:46+05:30
2003-04-16,SMD-0225,TATASTEEL,NSE:TATASTEEL-EQ,7.77,7.92,7.67,7.89,23855010,FYERS_HISTORY,2026-08-08T23:56:46+05:30
2003-04-17,SMD-0225,TATASTEEL,NSE:TATASTEEL-EQ,7.84,7.86,7.71,7.76,22498530,FYERS_HISTORY,2026-08-08T23:56:46+05:30
2003-04-21,SMD-0225,TATASTEEL,NSE:TATASTEEL-EQ,7.78,7.89,7.76,7.84,15338240,FYERS_HISTORY,2026-08-08T23:56:46+05:30
2003-04-22,SMD-0225,TATASTEEL,NSE:TATASTEEL-EQ,7.89,7.92,7.74,7.77,13626620,FYERS_HISTORY,2026-08-08T23:56:46+05:30
2003-04-23,SMD-0225,TATASTEEL,NSE:TATASTEEL-EQ,7.79,7.82,7.54,7.58,16694780,FYERS_HISTORY,2026-08-08T23:56:46+05:30
2003-04-24,SMD-0225,TATASTEEL,NSE:TATASTEEL-EQ,7.64,7.78,7.43,7.5,55095800,FYERS_HISTORY,2026-08-08T23:56:46+05:30
2003-04-25,SMD-0225,TATASTEEL,NSE:TATASTEEL-EQ,7.54,7.61,7.45,7.54,20613910,FYERS_HISTORY,2026-08-08T23:56:46+05:30
2003-04-28,SMD-0225,TATASTEEL,NSE:TATASTEEL-EQ,7.49,7.75,7.48,7.72,34436030,FYERS_HISTORY,2026-08-08T23:56:46+05:30
2003-04-29,SMD-0225,TATASTEEL,NSE:TATASTEEL-EQ,7.84,7.84,7.62,7.65,25131490,FYERS_HISTORY,2026-08-08T23:56:46+05:30
2003-04-30,SMD-0225,TATASTEEL,NSE:TATASTEEL-EQ,7.67,7.81,7.66,7.79,22704830,FYERS_HISTORY,2026-08-08T23:56:46+05:30
2003-05-02,SMD-0225,TATASTEEL,NSE:TATASTEEL-EQ,7.8,7.86,7.74,7.8,12806370,FYERS_HISTORY,2026-08-08T23:56:46+05:30
2003-05-05,SMD-0225,TATASTEEL,NSE:TATASTEEL-EQ,7.89,8.01,7.88,7.98,19588690,FYERS_HISTORY,2026-08-08T23:56:46+05:30
2003-05-06,SMD-0225,TATASTEEL,NSE:TATASTEEL-EQ,8.0,8.07,7.94,7.99,14942680,FYERS_HISTORY,2026-08-08T23:56:46+05:30
2003-05-07,SMD-0225,TATASTEEL,NSE:TATASTEEL-EQ,8.02,8.03,7.84,7.88,19163350,FYERS_HISTORY,2026-08-08T23:56:46+05:30
2003-05-08,SMD-0225,TATASTEEL,NSE:TATASTEEL-EQ,7.84,7.85,7.74,7.77,15080700,FYERS_HISTORY,2026-08-08T23:56:46+05:30
2003-05-09,SMD-0225,TATASTEEL,NSE:TATASTEEL-EQ,7.78,7.9,7.72,7.87,14524860,FYERS_HISTORY,2026-08-08T23:56:46+05:30
2003-05-12,SMD-0225,TATASTEEL,NSE:TATASTEEL-EQ,7.89,7.96,7.86,7.88,9851030,FYERS_HISTORY,2026-08-08T23:56:46+05:30
2003-05-13,SMD-0225,TATASTEEL,NSE:TATASTEEL-EQ,7.89,7.95,7.86,7.94,8925980,FYERS_HISTORY,2026-08-08T23:56:46+05:30
2003-05-14,SMD-0225,TATASTEEL,NSE:TATASTEEL-EQ,7.99,8.12,7.95,8.03,25191560,FYERS_HISTORY,2026-08-08T23:56:46+05:30
2003-05-15,SMD-0225,TATASTEEL,NSE:TATASTEEL-EQ,8.07,8.23,8.04,8.21,18359110,FYERS_HISTORY,2026-08-08T23:56:46+05:30
2003-05-16,SMD-0225,TATASTEEL,NSE:TATASTEEL-EQ,8.2,8.3,8.14,8.19,17634020,FYERS_HISTORY,2026-08-08T23:56:46+05:30
2003-05-19,SMD-0225,TATASTEEL,NSE:TATASTEEL-EQ,8.2,8.32,8.16,8.19,14210600,FYERS_HISTORY,2026-08-08T23:56:46+05:30
2003-05-20,SMD-0225,TATASTEEL,NSE:TATASTEEL-EQ,8.07,8.29,8.07,8.26,17838250,FYERS_HISTORY,2026-08-08T23:56:46+05:30
2003-05-21,SMD-0225,TATASTEEL,NSE:TATASTEEL-EQ,8.31,8.42,8.31,8.32,15023290,FYERS_HISTORY,2026-08-08T23:56:46+05:30
2003-05-22,SMD-0225,TATASTEEL,NSE:TATASTEEL-EQ,8.35,8.48,8.33,8.42,24491240,FYERS_HISTORY,2026-08-08T23:56:46+05:30
2003-05-23,SMD-0225,TATASTEEL,NSE:TATASTEEL-EQ,8.43,8.6,8.43,8.55,20285990,FYERS_HISTORY,2026-08-08T23:56:46+05:30
2003-05-26,SMD-0225,TATASTEEL,NSE:TATASTEEL-EQ,8.72,8.72,8.57,8.6,20066930,FYERS_HISTORY,2026-08-08T23:56:46+05:30
2003-05-27,SMD-0225,TATASTEEL,NSE:TATASTEEL-EQ,8.69,8.71,8.37,8.41,18655660,FYERS_HISTORY,2026-08-08T23:56:46+05:30
2003-05-28,SMD-0225,TATASTEEL,NSE:TATASTEEL-EQ,8.48,8.66,8.34,8.64,33075590,FYERS_HISTORY,2026-08-08T23:56:46+05:30
2003-05-29,SMD-0225,TATASTEEL,NSE:TATASTEEL-EQ,8.78,9.13,8.57,9.02,119123900,FYERS_HISTORY,2026-08-08T23:56:46+05:30
2003-05-30,SMD-0225,TATASTEEL,NSE:TATASTEEL-EQ,9.9,9.9,9.15,9.31,93134380,FYERS_HISTORY,2026-08-08T23:56:46+05:30
2003-06-02,SMD-0225,TATASTEEL,NSE:TATASTEEL-EQ,9.34,9.49,9.24,9.29,42537520,FYERS_HISTORY,2026-08-08T23:56:46+05:30
2003-06-03,SMD-0225,TATASTEEL,NSE:TATASTEEL-EQ,9.34,9.37,9.1,9.18,36715290,FYERS_HISTORY,2026-08-08T23:56:46+05:30
2003-06-04,SMD-0225,TATASTEEL,NSE:TATASTEEL-EQ,9.26,9.28,9.12,9.21,28220900,FYERS_HISTORY,2026-08-08T23:56:46+05:30
2003-06-05,SMD-0225,TATASTEEL,NSE:TATASTEEL-EQ,9.3,9.41,9.23,9.38,51959890,FYERS_HISTORY,2026-08-08T23:56:46+05:30
2003-06-06,SMD-0225,TATASTEEL,NSE:TATASTEEL-EQ,9.47,9.6,9.46,9.55,67469610,FYERS_HISTORY,2026-08-08T23:56:46+05:30
2003-06-09,SMD-0225,TATASTEEL,NSE:TATASTEEL-EQ,9.07,9.2,8.95,9.16,49111760,FYERS_HISTORY,2026-08-08T23:56:46+05:30
2003-06-10,SMD-0225,TATASTEEL,NSE:TATASTEEL-EQ,9.22,9.26,8.84,8.9,42577290,FYERS_HISTORY,2026-08-08T23:56:46+05:30
2003-06-11,SMD-0225,TATASTEEL,NSE:TATASTEEL-EQ,8.95,9.03,8.8,8.92,41516330,FYERS_HISTORY,2026-08-08T23:56:46+05:30
2003-06-12,SMD-0225,TATASTEEL,NSE:TATASTEEL-EQ,8.9,8.94,8.81,8.84,26358800,FYERS_HISTORY,2026-08-08T23:56:46+05:30
2003-06-13,SMD-0225,TATASTEEL,NSE:TATASTEEL-EQ,8.89,8.93,8.81,8.84,24572870,FYERS_HISTORY,2026-08-08T23:56:46+05:30
2003-06-16,SMD-0225,TATASTEEL,NSE:TATASTEEL-EQ,8.84,8.86,8.68,8.72,21476260,FYERS_HISTORY,2026-08-08T23:56:46+05:30
2003-06-17,SMD-0225,TATASTEEL,NSE:TATASTEEL-EQ,8.81,8.92,8.75,8.88,28497920,FYERS_HISTORY,2026-08-08T23:56:46+05:30
2003-06-18,SMD-0225,TATASTEEL,NSE:TATASTEEL-EQ,8.95,9.14,8.92,9.02,46063600,FYERS_HISTORY,2026-08-08T23:56:46+05:30
2003-06-19,SMD-0225,TATASTEEL,NSE:TATASTEEL-EQ,9.07,9.33,9.06,9.26,66491090,FYERS_HISTORY,2026-08-08T23:56:46+05:30
2003-06-20,SMD-0225,TATASTEEL,NSE:TATASTEEL-EQ,9.24,9.37,9.2,9.28,32972850,FYERS_HISTORY,2026-08-08T23:56:46+05:30
2003-06-23,SMD-0225,TATASTEEL,NSE:TATASTEEL-EQ,9.25,9.53,9.25,9.31,59798880,FYERS_HISTORY,2026-08-08T23:56:46+05:30
2003-06-24,SMD-0225,TATASTEEL,NSE:TATASTEEL-EQ,9.31,9.48,9.26,9.42,46684500,FYERS_HISTORY,2026-08-08T23:56:46+05:30
2003-06-25,SMD-0225,TATASTEEL,NSE:TATASTEEL-EQ,9.44,9.61,9.44,9.54,47745320,FYERS_HISTORY,2026-08-08T23:56:46+05:30
2003-06-26,SMD-0225,TATASTEEL,NSE:TATASTEEL-EQ,9.59,9.6,9.31,9.36,61606860,FYERS_HISTORY,2026-08-08T23:56:46+05:30
2003-06-27,SMD-0225,TATASTEEL,NSE:TATASTEEL-EQ,9.46,9.88,9.37,9.82,99218260,FYERS_HISTORY,2026-08-08T23:56:46+05:30
2003-06-30,SMD-0225,TATASTEEL,NSE:TATASTEEL-EQ,9.85,10.11,9.85,9.98,51481670,FYERS_HISTORY,2026-08-08T23:56:46+05:30
2003-07-01,SMD-0225,TATASTEEL,NSE:TATASTEEL-EQ,10.07,10.22,9.88,10.03,67292160,FYERS_HISTORY,2026-08-08T23:56:46+05:30
2003-07-02,SMD-0225,TATASTEEL,NSE:TATASTEEL-EQ,10.1,10.3,10.1,10.19,66144310,FYERS_HISTORY,2026-08-08T23:56:46+05:30
2003-07-03,SMD-0225,TATASTEEL,NSE:TATASTEEL-EQ,10.33,10.41,10.08,10.15,45386080,FYERS_HISTORY,2026-08-08T23:56:46+05:30
2003-07-04,SMD-0225,TATASTEEL,NSE:TATASTEEL-EQ,10.19,10.29,10.09,10.17,33698470,FYERS_HISTORY,2026-08-08T23:56:46+05:30
2003-07-07,SMD-0225,TATASTEEL,NSE:TATASTEEL-EQ,10.19,10.46,10.09,10.34,51570810,FYERS_HISTORY,2026-08-08T23:56:46+05:30
2003-07-08,SMD-0225,TATASTEEL,NSE:TATASTEEL-EQ,10.54,10.56,10.26,10.33,53149330,FYERS_HISTORY,2026-08-08T23:56:46+05:30
2003-07-09,SMD-0225,TATASTEEL,NSE:TATASTEEL-EQ,10.34,10.34,10.12,10.15,29164530,FYERS_HISTORY,2026-08-08T23:56:46+05:30
2003-07-10,SMD-0225,TATASTEEL,NSE:TATASTEEL-EQ,10.17,10.49,10.14,10.44,49018800,FYERS_HISTORY,2026-08-08T23:56:46+05:30
2003-07-11,SMD-0225,TATASTEEL,NSE:TATASTEEL-EQ,10.53,10.89,10.52,10.83,74325970,FYERS_HISTORY,2026-08-08T23:56:46+05:30
2003-07-14,SMD-0225,TATASTEEL,NSE:TATASTEEL-EQ,10.6,11.28,10.6,11.19,56516940,FYERS_HISTORY,2026-08-08T23:56:46+05:30
2003-07-15,SMD-0225,TATASTEEL,NSE:TATASTEEL-EQ,11.31,11.41,10.99,11.25,95951250,FYERS_HISTORY,2026-08-08T23:56:46+05:30
2003-07-16,SMD-0225,TATASTEEL,NSE:TATASTEEL-EQ,11.31,11.75,11.22,11.71,93342340,FYERS_HISTORY,2026-08-08T23:56:46+05:30
2003-07-17,SMD-0225,TATASTEEL,NSE:TATASTEEL-EQ,11.77,12.01,11.43,11.53,112270360,FYERS_HISTORY,2026-08-08T23:56:46+05:30
2003-07-18,SMD-0225,TATASTEEL,NSE:TATASTEEL-EQ,11.42,11.72,11.37,11.6,76548180,FYERS_HISTORY,2026-08-08T23:56:46+05:30
2003-07-21,SMD-0225,TATASTEEL,NSE:TATASTEEL-EQ,11.66,11.87,11.17,11.25,92130140,FYERS_HISTORY,2026-08-08T23:56:46+05:30
2003-07-22,SMD-0225,TATASTEEL,NSE:TATASTEEL-EQ,11.16,11.36,10.86,10.95,104407890,FYERS_HISTORY,2026-08-08T23:56:46+05:30
2003-07-23,SMD-0225,TATASTEEL,NSE:TATASTEEL-EQ,11.18,11.32,10.78,10.98,196694370,FYERS_HISTORY,2026-08-08T23:56:46+05:30
2003-07-24,SMD-0225,TATASTEEL,NSE:TATASTEEL-EQ,11.31,11.31,11.02,11.23,80309330,FYERS_HISTORY,2026-08-08T23:56:46+05:30
2003-07-25,SMD-0225,TATASTEEL,NSE:TATASTEEL-EQ,11.31,11.75,11.27,11.64,78430030,FYERS_HISTORY,2026-08-08T23:56:46+05:30
2003-07-28,SMD-0225,TATASTEEL,NSE:TATASTEEL-EQ,11.9,12.2,11.88,11.96,97186660,FYERS_HISTORY,2026-08-08T23:56:46+05:30
2003-07-29,SMD-0225,TATASTEEL,NSE:TATASTEEL-EQ,11.96,12.45,11.85,12.39,121736160,FYERS_HISTORY,2026-08-08T23:56:46+05:30
2003-07-30,SMD-0225,TATASTEEL,NSE:TATASTEEL-EQ,12.48,12.59,12.26,12.32,94165950,FYERS_HISTORY,2026-08-08T23:56:46+05:30
2003-07-31,SMD-0225,TATASTEEL,NSE:TATASTEEL-EQ,12.43,12.51,12.14,12.26,94210210,FYERS_HISTORY,2026-08-08T23:56:46+05:30
2003-08-01,SMD-0225,TATASTEEL,NSE:TATASTEEL-EQ,12.35,12.68,12.26,12.61,101608180,FYERS_HISTORY,2026-08-08T23:56:46+05:30
2003-08-04,SMD-0225,TATASTEEL,NSE:TATASTEEL-EQ,12.49,12.93,12.49,12.87,95759540,FYERS_HISTORY,2026-08-08T23:56:46+05:30
2003-08-05,SMD-0225,TATASTEEL,NSE:TATASTEEL-EQ,12.9,13.05,12.59,12.71,103648040,FYERS_HISTORY,2026-08-08T23:56:46+05:30
2003-08-06,SMD-0225,TATASTEEL,NSE:TATASTEEL-EQ,12.67,13.07,12.61,12.76,128051280,FYERS_HISTORY,2026-08-08T23:56:46+05:30
2003-08-07,SMD-0225,TATASTEEL,NSE:TATASTEEL-EQ,12.9,13.31,12.73,13.21,102457220,FYERS_HISTORY,2026-08-08T23:56:46+05:30
2003-08-08,SMD-0225,TATASTEEL,NSE:TATASTEEL-EQ,13.31,13.79,13.24,13.73,146500560,FYERS_HISTORY,2026-08-08T23:56:46+05:30
2003-08-11,SMD-0225,TATASTEEL,NSE:TATASTEEL-EQ,13.69,14.12,13.57,13.95,109610980,FYERS_HISTORY,2026-08-08T23:56:46+05:30
2003-08-12,SMD-0225,TATASTEEL,NSE:TATASTEEL-EQ,14.02,14.28,13.79,13.95,104068640,FYERS_HISTORY,2026-08-08T23:56:46+05:30
2003-08-13,SMD-0225,TATASTEEL,NSE:TATASTEEL-EQ,14.05,14.21,13.79,14.12,111102590,FYERS_HISTORY,2026-08-08T23:56:46+05:30
2003-08-14,SMD-0225,TATASTEEL,NSE:TATASTEEL-EQ,14.23,14.46,14.19,14.31,120138200,FYERS_HISTORY,2026-08-08T23:56:46+05:30
2003-08-18,SMD-0225,TATASTEEL,NSE:TATASTEEL-EQ,14.38,15.29,14.37,15.22,151886050,FYERS_HISTORY,2026-08-08T23:56:46+05:30
2003-08-19,SMD-0225,TATASTEEL,NSE:TATASTEEL-EQ,15.38,15.66,14.62,14.79,131397950,FYERS_HISTORY,2026-08-08T23:56:46+05:30
2003-08-20,SMD-0225,TATASTEEL,NSE:TATASTEEL-EQ,14.89,14.95,14.29,14.33,94284840,FYERS_HISTORY,2026-08-08T23:56:46+05:30
2003-08-21,SMD-0225,TATASTEEL,NSE:TATASTEEL-EQ,14.42,14.83,14.32,14.54,70786020,FYERS_HISTORY,2026-08-08T23:56:46+05:30
2003-08-22,SMD-0225,TATASTEEL,NSE:TATASTEEL-EQ,14.71,15.14,14.57,14.88,110089650,FYERS_HISTORY,2026-08-08T23:56:46+05:30
2003-08-25,SMD-0225,TATASTEEL,NSE:TATASTEEL-EQ,15.02,15.13,13.87,14.19,110334930,FYERS_HISTORY,2026-08-08T23:56:46+05:30
2003-08-26,SMD-0225,TATASTEEL,NSE:TATASTEEL-EQ,14.23,15.14,14.2,15.06,116823770,FYERS_HISTORY,2026-08-08T23:56:46+05:30
2003-08-27,SMD-0225,TATASTEEL,NSE:TATASTEEL-EQ,15.23,15.41,14.82,14.95,102609810,FYERS_HISTORY,2026-08-08T23:56:46+05:30
2003-08-28,SMD-0225,TATASTEEL,NSE:TATASTEEL-EQ,14.91,14.95,14.4,14.48,82207750,FYERS_HISTORY,2026-08-08T23:56:46+05:30
2003-08-29,SMD-0225,TATASTEEL,NSE:TATASTEEL-EQ,14.65,15.16,14.28,14.93,134964790,FYERS_HISTORY,2026-08-08T23:56:46+05:30
2003-09-01,SMD-0225,TATASTEEL,NSE:TATASTEEL-EQ,14.9,15.07,14.65,14.96,77506480,FYERS_HISTORY,2026-08-08T23:56:46+05:30
2003-09-02,SMD-0225,TATASTEEL,NSE:TATASTEEL-EQ,15.05,15.14,14.67,14.9,65242560,FYERS_HISTORY,2026-08-08T23:56:46+05:30
2003-09-03,SMD-0225,TATASTEEL,NSE:TATASTEEL-EQ,14.96,15.4,14.7,14.9,158184090,FYERS_HISTORY,2026-08-08T23:56:46+05:30
2003-09-04,SMD-0225,TATASTEEL,NSE:TATASTEEL-EQ,14.96,15.65,14.88,15.17,167685440,FYERS_HISTORY,2026-08-08T23:56:46+05:30
2003-09-05,SMD-0225,TATASTEEL,NSE:TATASTEEL-EQ,15.33,15.83,15.3,15.74,110725360,FYERS_HISTORY,2026-08-08T23:56:46+05:30
2003-09-08,SMD-0225,TATASTEEL,NSE:TATASTEEL-EQ,15.96,15.96,15.6,15.67,87596800,FYERS_HISTORY,2026-08-08T23:56:46+05:30
2003-09-09,SMD-0225,TATASTEEL,NSE:TATASTEEL-EQ,15.81,15.81,15.11,15.19,88242190,FYERS_HISTORY,2026-08-08T23:56:46+05:30
2003-09-10,SMD-0225,TATASTEEL,NSE:TATASTEEL-EQ,17.67,17.67,14.82,15.31,109315360,FYERS_HISTORY,2026-08-08T23:56:46+05:30
2003-09-11,SMD-0225,TATASTEEL,NSE:TATASTEEL-EQ,15.38,15.55,14.73,15.26,73918440,FYERS_HISTORY,2026-08-08T23:56:46+05:30
2003-09-12,SMD-0225,TATASTEEL,NSE:TATASTEEL-EQ,15.29,15.37,14.73,14.84,90391880,FYERS_HISTORY,2026-08-08T23:56:46+05:30
2003-09-15,SMD-0225,TATASTEEL,NSE:TATASTEEL-EQ,14.33,14.85,14.33,14.62,109783040,FYERS_HISTORY,2026-08-08T23:56:46+05:30
2003-09-16,SMD-0225,TATASTEEL,NSE:TATASTEEL-EQ,14.64,15.58,14.32,15.49,119589860,FYERS_HISTORY,2026-08-08T23:56:46+05:30
2003-09-17,SMD-0225,TATASTEEL,NSE:TATASTEEL-EQ,15.7,16.01,15.23,15.42,115427280,FYERS_HISTORY,2026-08-08T23:56:46+05:30
2003-09-18,SMD-0225,TATASTEEL,NSE:TATASTEEL-EQ,15.33,15.36,14.64,14.75,108861260,FYERS_HISTORY,2026-08-08T23:56:46+05:30
2003-09-19,SMD-0225,TATASTEEL,NSE:TATASTEEL-EQ,14.88,15.2,14.62,15.03,126442270,FYERS_HISTORY,2026-08-08T23:56:46+05:30
2003-09-22,SMD-0225,TATASTEEL,NSE:TATASTEEL-EQ,14.79,15.04,14.44,14.54,119491390,FYERS_HISTORY,2026-08-08T23:56:46+05:30
2003-09-23,SMD-0225,TATASTEEL,NSE:TATASTEEL-EQ,14.49,15.14,14.43,15.05,107665570,FYERS_HISTORY,2026-08-08T23:56:46+05:30
2003-09-24,SMD-0225,TATASTEEL,NSE:TATASTEEL-EQ,15.18,15.42,15.09,15.32,112669300,FYERS_HISTORY,2026-08-08T23:56:46+05:30
2003-09-25,SMD-0225,TATASTEEL,NSE:TATASTEEL-EQ,15.11,15.7,15.11,15.38,157278170,FYERS_HISTORY,2026-08-08T23:56:46+05:30
2003-09-26,SMD-0225,TATASTEEL,NSE:TATASTEEL-EQ,15.46,15.72,15.42,15.66,99481350,FYERS_HISTORY,2026-08-08T23:56:46+05:30
2003-09-29,SMD-0225,TATASTEEL,NSE:TATASTEEL-EQ,15.61,16.22,15.61,15.85,123581800,FYERS_HISTORY,2026-08-08T23:56:46+05:30
2003-09-30,SMD-0225,TATASTEEL,NSE:TATASTEEL-EQ,15.86,16.07,15.63,15.99,95497420,FYERS_HISTORY,2026-08-08T23:56:46+05:30
2003-10-01,SMD-0225,TATASTEEL,NSE:TATASTEEL-EQ,16.07,16.16,15.86,15.93,72207920,FYERS_HISTORY,2026-08-08T23:56:46+05:30
2003-10-03,SMD-0225,TATASTEEL,NSE:TATASTEEL-EQ,15.98,16.67,15.96,16.56,91121730,FYERS_HISTORY,2026-08-08T23:56:46+05:30
2003-10-06,SMD-0225,TATASTEEL,NSE:TATASTEEL-EQ,16.67,17.26,16.65,17.17,87053340,FYERS_HISTORY,2026-08-08T23:56:46+05:30
2003-10-07,SMD-0225,TATASTEEL,NSE:TATASTEEL-EQ,17.27,18.2,17.21,17.92,179468410,FYERS_HISTORY,2026-08-08T23:56:46+05:30
2003-10-08,SMD-0225,TATASTEEL,NSE:TATASTEEL-EQ,17.91,18.16,17.63,17.9,103556200,FYERS_HISTORY,2026-08-08T23:56:46+05:30
2003-10-09,SMD-0225,TATASTEEL,NSE:TATASTEEL-EQ,17.93,18.43,17.92,18.34,82191560,FYERS_HISTORY,2026-08-08T23:56:46+05:30
2003-10-10,SMD-0225,TATASTEEL,NSE:TATASTEEL-EQ,18.49,18.85,18.38,18.79,73064510,FYERS_HISTORY,2026-08-08T23:56:46+05:30
2003-10-13,SMD-0225,TATASTEEL,NSE:TATASTEEL-EQ,18.86,20.21,18.8,20.08,116727650,FYERS_HISTORY,2026-08-08T23:56:46+05:30
2003-10-14,SMD-0225,TATASTEEL,NSE:TATASTEEL-EQ,20.24,20.38,19.15,19.25,147630430,FYERS_HISTORY,2026-08-08T23:56:46+05:30
2003-10-15,SMD-0225,TATASTEEL,NSE:TATASTEEL-EQ,19.32,20.32,19.06,20.21,184861090,FYERS_HISTORY,2026-08-08T23:56:46+05:30
2003-10-16,SMD-0225,TATASTEEL,NSE:TATASTEEL-EQ,20.5,21.41,20.37,21.22,171712470,FYERS_HISTORY,2026-08-08T23:56:46+05:30
2003-10-17,SMD-0225,TATASTEEL,NSE:TATASTEEL-EQ,21.21,21.33,20.8,20.96,103492800,FYERS_HISTORY,2026-08-08T23:56:46+05:30
2003-10-20,SMD-0225,TATASTEEL,NSE:TATASTEEL-EQ,21.09,21.15,20.21,20.33,85844050,FYERS_HISTORY,2026-08-08T23:56:46+05:30
2003-10-21,SMD-0225,TATASTEEL,NSE:TATASTEEL-EQ,20.44,21.11,19.35,19.68,191554470,FYERS_HISTORY,2026-08-08T23:56:46+05:30
2003-10-22,SMD-0225,TATASTEEL,NSE:TATASTEEL-EQ,19.82,20.62,19.77,20.08,171432380,FYERS_HISTORY,2026-08-08T23:56:46+05:30
2003-10-23,SMD-0225,TATASTEEL,NSE:TATASTEEL-EQ,20.09,20.59,19.77,19.9,133685070,FYERS_HISTORY,2026-08-08T23:56:46+05:30
2003-10-24,SMD-0225,TATASTEEL,NSE:TATASTEEL-EQ,20.31,20.31,19.38,20.11,162545000,FYERS_HISTORY,2026-08-08T23:56:46+05:30
2003-10-25,SMD-0225,TATASTEEL,NSE:TATASTEEL-EQ,20.44,20.62,20.27,20.35,38809670,FYERS_HISTORY,2026-08-08T23:56:46+05:30
2003-10-27,SMD-0225,TATASTEEL,NSE:TATASTEEL-EQ,20.32,20.44,19.31,19.41,124251130,FYERS_HISTORY,2026-08-08T23:56:46+05:30
2003-10-28,SMD-0225,TATASTEEL,NSE:TATASTEEL-EQ,19.47,19.76,19.03,19.31,183978660,FYERS_HISTORY,2026-08-08T23:56:46+05:30
2003-10-29,SMD-0225,TATASTEEL,NSE:TATASTEEL-EQ,19.5,19.66,18.97,19.47,146133610,FYERS_HISTORY,2026-08-08T23:56:46+05:30
2003-10-30,SMD-0225,TATASTEEL,NSE:TATASTEEL-EQ,19.56,20.74,19.35,20.51,292119100,FYERS_HISTORY,2026-08-08T23:56:46+05:30
2003-10-31,SMD-0225,TATASTEEL,NSE:TATASTEEL-EQ,20.65,21.2,20.65,21.08,122856030,FYERS_HISTORY,2026-08-08T23:56:46+05:30
2003-11-03,SMD-0225,TATASTEEL,NSE:TATASTEEL-EQ,21.33,22.39,21.21,22.27,126953100,FYERS_HISTORY,2026-08-08T23:56:46+05:30
2003-11-04,SMD-0225,TATASTEEL,NSE:TATASTEEL-EQ,22.56,22.62,21.7,21.9,120509530,FYERS_HISTORY,2026-08-08T23:56:46+05:30
2003-11-05,SMD-0225,TATASTEEL,NSE:TATASTEEL-EQ,21.96,22.06,21.42,21.7,94709910,FYERS_HISTORY,2026-08-08T23:56:46+05:30
2003-11-06,SMD-0225,TATASTEEL,NSE:TATASTEEL-EQ,21.83,22.21,21.63,22.1,104911120,FYERS_HISTORY,2026-08-08T23:56:46+05:30
2003-11-07,SMD-0225,TATASTEEL,NSE:TATASTEEL-EQ,22.17,22.28,21.44,21.6,85958350,FYERS_HISTORY,2026-08-08T23:56:46+05:30
2003-11-10,SMD-0225,TATASTEEL,NSE:TATASTEEL-EQ,20.62,21.96,20.62,21.75,69316770,FYERS_HISTORY,2026-08-08T23:56:46+05:30
2003-11-11,SMD-0225,TATASTEEL,NSE:TATASTEEL-EQ,21.71,21.95,21.41,21.54,74579620,FYERS_HISTORY,2026-08-08T23:56:46+05:30
2003-11-12,SMD-0225,TATASTEEL,NSE:TATASTEEL-EQ,21.63,21.76,21.39,21.49,56769990,FYERS_HISTORY,2026-08-08T23:56:46+05:30
2003-11-13,SMD-0225,TATASTEEL,NSE:TATASTEEL-EQ,21.53,21.76,20.87,21.04,76507750,FYERS_HISTORY,2026-08-08T23:56:46+05:30
2003-11-14,SMD-0225,TATASTEEL,NSE:TATASTEEL-EQ,21.03,21.31,20.57,20.71,104037220,FYERS_HISTORY,2026-08-08T23:56:46+05:30
2003-11-15,SMD-0225,TATASTEEL,NSE:TATASTEEL-EQ,20.74,21.0,20.57,20.83,30004050,FYERS_HISTORY,2026-08-08T23:56:46+05:30
2003-11-17,SMD-0225,TATASTEEL,NSE:TATASTEEL-EQ,21.02,21.73,20.59,21.56,79495930,FYERS_HISTORY,2026-08-08T23:56:46+05:30
2003-11-18,SMD-0225,TATASTEEL,NSE:TATASTEEL-EQ,21.61,21.62,20.81,20.93,78414910,FYERS_HISTORY,2026-08-08T23:56:46+05:30
2003-11-19,SMD-0225,TATASTEEL,NSE:TATASTEEL-EQ,20.85,20.9,20.25,20.33,73112660,FYERS_HISTORY,2026-08-08T23:56:46+05:30
2003-11-20,SMD-0225,TATASTEEL,NSE:TATASTEEL-EQ,20.56,21.55,19.71,19.83,83826760,FYERS_HISTORY,2026-08-08T23:56:46+05:30
2003-11-21,SMD-0225,TATASTEEL,NSE:TATASTEEL-EQ,19.83,20.34,19.61,20.27,110727840,FYERS_HISTORY,2026-08-08T23:56:46+05:30
2003-11-24,SMD-0225,TATASTEEL,NSE:TATASTEEL-EQ,20.47,20.79,20.19,20.52,88725750,FYERS_HISTORY,2026-08-08T23:56:46+05:30
2003-11-25,SMD-0225,TATASTEEL,NSE:TATASTEEL-EQ,20.68,20.81,20.4,20.73,72654510,FYERS_HISTORY,2026-08-08T23:56:46+05:30
2003-11-27,SMD-0225,TATASTEEL,NSE:TATASTEEL-EQ,20.81,21.26,20.69,20.83,83453490,FYERS_HISTORY,2026-08-08T23:56:46+05:30
2003-11-28,SMD-0225,TATASTEEL,NSE:TATASTEEL-EQ,21.21,21.54,20.96,21.26,117406230,FYERS_HISTORY,2026-08-08T23:56:46+05:30
2003-12-01,SMD-0225,TATASTEEL,NSE:TATASTEEL-EQ,21.44,21.86,21.43,21.78,65112810,FYERS_HISTORY,2026-08-08T23:56:46+05:30
2003-12-02,SMD-0225,TATASTEEL,NSE:TATASTEEL-EQ,22.07,22.26,21.55,21.78,83651840,FYERS_HISTORY,2026-08-08T23:56:46+05:30
2003-12-03,SMD-0225,TATASTEEL,NSE:TATASTEEL-EQ,21.92,21.96,21.51,21.64,52573340,FYERS_HISTORY,2026-08-08T23:56:46+05:30
2003-12-04,SMD-0225,TATASTEEL,NSE:TATASTEEL-EQ,21.61,21.79,21.23,21.63,65394870,FYERS_HISTORY,2026-08-08T23:56:46+05:30
2003-12-05,SMD-0225,TATASTEEL,NSE:TATASTEEL-EQ,21.8,22.01,20.83,20.92,71722110,FYERS_HISTORY,2026-08-08T23:56:46+05:30
2003-12-08,SMD-0225,TATASTEEL,NSE:TATASTEEL-EQ,20.99,21.47,20.74,21.25,67085800,FYERS_HISTORY,2026-08-08T23:56:46+05:30
2003-12-09,SMD-0225,TATASTEEL,NSE:TATASTEEL-EQ,21.56,21.61,21.31,21.46,40923740,FYERS_HISTORY,2026-08-08T23:56:46+05:30
2003-12-10,SMD-0225,TATASTEEL,NSE:TATASTEEL-EQ,21.5,21.93,21.39,21.58,68366980,FYERS_HISTORY,2026-08-08T23:56:46+05:30
2003-12-11,SMD-0225,TATASTEEL,NSE:TATASTEEL-EQ,21.9,21.9,21.4,21.56,52493750,FYERS_HISTORY,2026-08-08T23:56:46+05:30
2003-12-12,SMD-0225,TATASTEEL,NSE:TATASTEEL-EQ,21.68,22.39,21.29,22.25,85108160,FYERS_HISTORY,2026-08-08T23:56:46+05:30
2003-12-15,SMD-0225,TATASTEEL,NSE:TATASTEEL-EQ,22.5,23.15,22.44,23.09,98855980,FYERS_HISTORY,2026-08-08T23:56:46+05:30
2003-12-16,SMD-0225,TATASTEEL,NSE:TATASTEEL-EQ,22.93,23.02,22.57,22.81,72258890,FYERS_HISTORY,2026-08-08T23:56:46+05:30
2003-12-17,SMD-0225,TATASTEEL,NSE:TATASTEEL-EQ,22.75,22.9,22.48,22.62,52044360,FYERS_HISTORY,2026-08-08T23:56:46+05:30
2003-12-18,SMD-0225,TATASTEEL,NSE:TATASTEEL-EQ,22.94,23.49,22.64,23.35,72461370,FYERS_HISTORY,2026-08-08T23:56:46+05:30
2003-12-19,SMD-0225,TATASTEEL,NSE:TATASTEEL-EQ,23.4,23.64,23.16,23.32,63986490,FYERS_HISTORY,2026-08-08T23:56:46+05:30
2003-12-22,SMD-0225,TATASTEEL,NSE:TATASTEEL-EQ,23.43,23.8,23.27,23.64,60051800,FYERS_HISTORY,2026-08-08T23:56:46+05:30
2003-12-23,SMD-0225,TATASTEEL,NSE:TATASTEEL-EQ,23.75,23.75,23.17,23.3,45861490,FYERS_HISTORY,2026-08-08T23:56:46+05:30
2003-12-24,SMD-0225,TATASTEEL,NSE:TATASTEEL-EQ,27.68,27.68,23.22,24.22,79939380,FYERS_HISTORY,2026-08-08T23:56:46+05:30
2003-12-26,SMD-0225,TATASTEEL,NSE:TATASTEEL-EQ,24.59,25.04,24.33,24.97,53639510,FYERS_HISTORY,2026-08-08T23:56:46+05:30
2003-12-29,SMD-0225,TATASTEEL,NSE:TATASTEEL-EQ,25.33,26.1,25.07,25.91,46567160,FYERS_HISTORY,2026-08-08T23:56:46+05:30
2003-12-30,SMD-0225,TATASTEEL,NSE:TATASTEEL-EQ,26.04,26.2,25.04,25.37,67650240,FYERS_HISTORY,2026-08-08T23:56:46+05:30
2003-12-31,SMD-0225,TATASTEEL,NSE:TATASTEEL-EQ,23.04,26.24,23.04,26.12,85427470,FYERS_HISTORY,2026-08-08T23:56:47+05:30
2004-01-01,SMD-0225,TATASTEEL,NSE:TATASTEEL-EQ,26.23,26.53,26.19,26.28,49235000,FYERS_HISTORY,2026-08-08T23:56:47+05:30
2004-01-02,SMD-0225,TATASTEEL,NSE:TATASTEEL-EQ,26.39,26.92,26.39,26.55,49256230,FYERS_HISTORY,2026-08-08T23:56:47+05:30
2004-01-05,SMD-0225,TATASTEEL,NSE:TATASTEEL-EQ,26.7,26.77,25.66,26.01,76534040,FYERS_HISTORY,2026-08-08T23:56:47+05:30
2004-01-06,SMD-0225,TATASTEEL,NSE:TATASTEEL-EQ,26.21,26.4,25.21,25.42,66840300,FYERS_HISTORY,2026-08-08T23:56:47+05:30
2004-01-07,SMD-0225,TATASTEEL,NSE:TATASTEEL-EQ,25.41,26.15,25.07,26.02,93518230,FYERS_HISTORY,2026-08-08T23:56:47+05:30
2004-01-08,SMD-0225,TATASTEEL,NSE:TATASTEEL-EQ,26.3,26.5,26.17,26.32,43668950,FYERS_HISTORY,2026-08-08T23:56:47+05:30
2004-01-09,SMD-0225,TATASTEEL,NSE:TATASTEEL-EQ,26.61,26.77,25.39,26.04,81873150,FYERS_HISTORY,2026-08-08T23:56:47+05:30
2004-01-12,SMD-0225,TATASTEEL,NSE:TATASTEEL-EQ,25.86,26.32,25.45,26.16,65511380,FYERS_HISTORY,2026-08-08T23:56:47+05:30
2004-01-13,SMD-0225,TATASTEEL,NSE:TATASTEEL-EQ,26.23,26.54,25.81,26.46,56868560,FYERS_HISTORY,2026-08-08T23:56:47+05:30
2004-01-14,SMD-0225,TATASTEEL,NSE:TATASTEEL-EQ,26.63,27.22,26.63,26.88,63557470,FYERS_HISTORY,2026-08-08T23:56:47+05:30
2004-01-15,SMD-0225,TATASTEEL,NSE:TATASTEEL-EQ,26.87,27.5,25.93,26.2,73334440,FYERS_HISTORY,2026-08-08T23:56:47+05:30
2004-01-16,SMD-0225,TATASTEEL,NSE:TATASTEEL-EQ,28.7,28.88,25.48,25.72,80070740,FYERS_HISTORY,2026-08-08T23:56:47+05:30
2004-01-19,SMD-0225,TATASTEEL,NSE:TATASTEEL-EQ,25.81,27.01,25.16,26.85,109173260,FYERS_HISTORY,2026-08-08T23:56:47+05:30
2004-01-20,SMD-0225,TATASTEEL,NSE:TATASTEEL-EQ,26.92,27.3,25.46,25.99,117000890,FYERS_HISTORY,2026-08-08T23:56:47+05:30
2004-01-21,SMD-0225,TATASTEEL,NSE:TATASTEEL-EQ,25.54,26.29,24.29,24.6,96488340,FYERS_HISTORY,2026-08-08T23:56:47+05:30
2004-01-22,SMD-0225,TATASTEEL,NSE:TATASTEEL-EQ,25.12,25.47,22.77,23.31,141424830,FYERS_HISTORY,2026-08-08T23:56:47+05:30
2004-01-23,SMD-0225,TATASTEEL,NSE:TATASTEEL-EQ,23.63,25.31,23.62,25.08,93593880,FYERS_HISTORY,2026-08-08T23:56:47+05:30
2004-01-27,SMD-0225,TATASTEEL,NSE:TATASTEEL-EQ,25.27,26.24,25.1,26.13,69688580,FYERS_HISTORY,2026-08-08T23:56:47+05:30
2004-01-28,SMD-0225,TATASTEEL,NSE:TATASTEEL-EQ,26.04,26.71,25.31,25.62,107830320,FYERS_HISTORY,2026-08-08T23:56:47+05:30
2004-01-29,SMD-0225,TATASTEEL,NSE:TATASTEEL-EQ,26.07,26.22,25.1,25.39,104094590,FYERS_HISTORY,2026-08-08T23:56:47+05:30
2004-01-30,SMD-0225,TATASTEEL,NSE:TATASTEEL-EQ,25.57,25.73,23.69,23.93,132603660,FYERS_HISTORY,2026-08-08T23:56:47+05:30
2004-02-03,SMD-0225,TATASTEEL,NSE:TATASTEEL-EQ,23.92,24.21,22.53,22.72,129326400,FYERS_HISTORY,2026-08-08T23:56:47+05:30
2004-02-04,SMD-0225,TATASTEEL,NSE:TATASTEEL-EQ,22.92,24.56,22.86,24.48,142795630,FYERS_HISTORY,2026-08-08T23:56:47+05:30
2004-02-05,SMD-0225,TATASTEEL,NSE:TATASTEEL-EQ,24.63,24.98,23.18,23.59,141959630,FYERS_HISTORY,2026-08-08T23:56:47+05:30
2004-02-06,SMD-0225,TATASTEEL,NSE:TATASTEEL-EQ,23.97,24.45,23.65,24.35,102224060,FYERS_HISTORY,2026-08-08T23:56:47+05:30
2004-02-09,SMD-0225,TATASTEEL,NSE:TATASTEEL-EQ,24.57,25.03,24.36,24.9,79280710,FYERS_HISTORY,2026-08-08T23:56:47+05:30
2004-02-10,SMD-0225,TATASTEEL,NSE:TATASTEEL-EQ,25.05,25.1,24.09,24.46,86650840,FYERS_HISTORY,2026-08-08T23:56:47+05:30
2004-02-11,SMD-0225,TATASTEEL,NSE:TATASTEEL-EQ,24.63,25.45,24.57,25.35,130178740,FYERS_HISTORY,2026-08-08T23:56:47+05:30
2004-02-12,SMD-0225,TATASTEEL,NSE:TATASTEEL-EQ,25.55,25.58,24.77,25.13,82412960,FYERS_HISTORY,2026-08-08T23:56:47+05:30
2004-02-13,SMD-0225,TATASTEEL,NSE:TATASTEEL-EQ,25.21,25.9,25.1,25.83,106983060,FYERS_HISTORY,2026-08-08T23:56:47+05:30
2004-02-16,SMD-0225,TATASTEEL,NSE:TATASTEEL-EQ,25.63,26.53,25.63,26.15,92978980,FYERS_HISTORY,2026-08-08T23:56:47+05:30
2004-02-17,SMD-0225,TATASTEEL,NSE:TATASTEEL-EQ,26.33,26.8,26.1,26.74,100029730,FYERS_HISTORY,2026-08-08T23:56:47+05:30
2004-02-18,SMD-0225,TATASTEEL,NSE:TATASTEEL-EQ,26.86,26.94,26.39,26.5,67277750,FYERS_HISTORY,2026-08-08T23:56:47+05:30
2004-02-19,SMD-0225,TATASTEEL,NSE:TATASTEEL-EQ,26.65,26.9,25.58,25.75,126724190,FYERS_HISTORY,2026-08-08T23:56:47+05:30
2004-02-20,SMD-0225,TATASTEEL,NSE:TATASTEEL-EQ,25.69,26.29,25.41,25.88,111185720,FYERS_HISTORY,2026-08-08T23:56:47+05:30
2004-02-23,SMD-0225,TATASTEEL,NSE:TATASTEEL-EQ,26.22,26.55,25.31,25.53,74613660,FYERS_HISTORY,2026-08-08T23:56:47+05:30
2004-02-24,SMD-0225,TATASTEEL,NSE:TATASTEEL-EQ,25.39,26.22,25.11,26.12,112766800,FYERS_HISTORY,2026-08-08T23:56:47+05:30
2004-02-25,SMD-0225,TATASTEEL,NSE:TATASTEEL-EQ,26.19,26.2,25.01,25.24,109497910,FYERS_HISTORY,2026-08-08T23:56:47+05:30
2004-02-26,SMD-0225,TATASTEEL,NSE:TATASTEEL-EQ,25.21,25.84,24.78,24.94,96615350,FYERS_HISTORY,2026-08-08T23:56:47+05:30
2004-02-27,SMD-0225,TATASTEEL,NSE:TATASTEEL-EQ,25.14,25.39,24.25,25.18,152936280,FYERS_HISTORY,2026-08-08T23:56:47+05:30
2004-03-01,SMD-0225,TATASTEEL,NSE:TATASTEEL-EQ,25.61,25.76,24.78,25.69,98818170,FYERS_HISTORY,2026-08-08T23:56:47+05:30
2004-03-03,SMD-0225,TATASTEEL,NSE:TATASTEEL-EQ,25.9,26.35,25.71,25.95,109813050,FYERS_HISTORY,2026-08-08T23:56:47+05:30
2004-03-04,SMD-0225,TATASTEEL,NSE:TATASTEEL-EQ,25.33,25.86,24.98,25.23,81459570,FYERS_HISTORY,2026-08-08T23:56:47+05:30
2004-03-05,SMD-0225,TATASTEEL,NSE:TATASTEEL-EQ,25.38,26.15,25.08,26.07,105131210,FYERS_HISTORY,2026-08-08T23:56:47+05:30
2004-03-08,SMD-0225,TATASTEEL,NSE:TATASTEEL-EQ,26.17,26.62,25.87,26.49,85421470,FYERS_HISTORY,2026-08-08T23:56:47+05:30
2004-03-09,SMD-0225,TATASTEEL,NSE:TATASTEEL-EQ,26.45,26.45,25.77,26.07,94444170,FYERS_HISTORY,2026-08-08T23:56:47+05:30
2004-03-10,SMD-0225,TATASTEEL,NSE:TATASTEEL-EQ,25.95,26.09,25.51,25.66,92246980,FYERS_HISTORY,2026-08-08T23:56:47+05:30
2004-03-11,SMD-0225,TATASTEEL,NSE:TATASTEEL-EQ,25.46,25.54,24.44,24.76,83394150,FYERS_HISTORY,2026-08-08T23:56:47+05:30
2004-03-12,SMD-0225,TATASTEEL,NSE:TATASTEEL-EQ,24.43,24.95,24.26,24.83,89236280,FYERS_HISTORY,2026-08-08T23:56:47+05:30
2004-03-15,SMD-0225,TATASTEEL,NSE:TATASTEEL-EQ,25.21,25.21,22.48,23.08,132713060,FYERS_HISTORY,2026-08-08T23:56:47+05:30
2004-03-16,SMD-0225,TATASTEEL,NSE:TATASTEEL-EQ,22.39,23.43,22.39,23.1,124411640,FYERS_HISTORY,2026-08-08T23:56:47+05:30
2004-03-17,SMD-0225,TATASTEEL,NSE:TATASTEEL-EQ,23.22,23.62,22.95,23.33,86457340,FYERS_HISTORY,2026-08-08T23:56:47+05:30
2004-03-18,SMD-0225,TATASTEEL,NSE:TATASTEEL-EQ,23.33,23.51,22.51,22.64,82216970,FYERS_HISTORY,2026-08-08T23:56:47+05:30
2004-03-19,SMD-0225,TATASTEEL,NSE:TATASTEEL-EQ,22.74,23.19,22.22,22.94,90056240,FYERS_HISTORY,2026-08-08T23:56:47+05:30
2004-03-22,SMD-0225,TATASTEEL,NSE:TATASTEEL-EQ,23.03,23.03,21.29,21.54,78399880,FYERS_HISTORY,2026-08-08T23:56:47+05:30
2004-03-23,SMD-0225,TATASTEEL,NSE:TATASTEEL-EQ,21.5,22.0,21.3,21.49,75028790,FYERS_HISTORY,2026-08-08T23:56:47+05:30
2004-03-24,SMD-0225,TATASTEEL,NSE:TATASTEEL-EQ,21.56,21.56,20.74,20.96,88084820,FYERS_HISTORY,2026-08-08T23:56:47+05:30
2004-03-25,SMD-0225,TATASTEEL,NSE:TATASTEEL-EQ,21.1,22.09,20.99,21.71,86824610,FYERS_HISTORY,2026-08-08T23:56:47+05:30
2004-03-26,SMD-0225,TATASTEEL,NSE:TATASTEEL-EQ,22.12,22.4,21.84,22.15,64537020,FYERS_HISTORY,2026-08-08T23:56:47+05:30
2004-03-29,SMD-0225,TATASTEEL,NSE:TATASTEEL-EQ,22.09,22.5,21.42,22.37,64184650,FYERS_HISTORY,2026-08-08T23:56:47+05:30
2004-03-30,SMD-0225,TATASTEEL,NSE:TATASTEEL-EQ,22.44,22.85,22.12,22.51,85244780,FYERS_HISTORY,2026-08-08T23:56:47+05:30
2004-03-31,SMD-0225,TATASTEEL,NSE:TATASTEEL-EQ,22.39,22.8,22.16,22.6,58066510,FYERS_HISTORY,2026-08-08T23:56:47+05:30
2004-04-01,SMD-0225,TATASTEEL,NSE:TATASTEEL-EQ,22.56,23.21,22.51,23.14,55055990,FYERS_HISTORY,2026-08-08T23:56:47+05:30
2004-04-02,SMD-0225,TATASTEEL,NSE:TATASTEEL-EQ,23.24,23.84,22.81,23.76,79126240,FYERS_HISTORY,2026-08-08T23:56:47+05:30
2004-04-05,SMD-0225,TATASTEEL,NSE:TATASTEEL-EQ,23.95,24.35,23.75,23.92,61528170,FYERS_HISTORY,2026-08-08T23:56:47+05:30
2004-04-06,SMD-0225,TATASTEEL,NSE:TATASTEEL-EQ,24.04,24.08,23.14,23.38,65267660,FYERS_HISTORY,2026-08-08T23:56:47+05:30
2004-04-07,SMD-0225,TATASTEEL,NSE:TATASTEEL-EQ,24.78,24.78,22.81,23.15,80094730,FYERS_HISTORY,2026-08-08T23:56:47+05:30
2004-04-08,SMD-0225,TATASTEEL,NSE:TATASTEEL-EQ,23.21,23.71,22.79,23.55,93040400,FYERS_HISTORY,2026-08-08T23:56:47+05:30
2004-04-12,SMD-0225,TATASTEEL,NSE:TATASTEEL-EQ,23.68,23.88,23.19,23.33,55174630,FYERS_HISTORY,2026-08-08T23:56:47+05:30
2004-04-13,SMD-0225,TATASTEEL,NSE:TATASTEEL-EQ,23.39,23.84,22.95,23.76,51166280,FYERS_HISTORY,2026-08-08T23:56:47+05:30
2004-04-15,SMD-0225,TATASTEEL,NSE:TATASTEEL-EQ,23.8,24.09,23.07,23.2,105374330,FYERS_HISTORY,2026-08-08T23:56:47+05:30
2004-04-16,SMD-0225,TATASTEEL,NSE:TATASTEEL-EQ,23.27,23.64,23.21,23.33,51552050,FYERS_HISTORY,2026-08-08T23:56:47+05:30
2004-04-17,SMD-0225,TATASTEEL,NSE:TATASTEEL-EQ,23.33,23.41,23.11,23.28,14954080,FYERS_HISTORY,2026-08-08T23:56:47+05:30
2004-04-19,SMD-0225,TATASTEEL,NSE:TATASTEEL-EQ,23.33,23.47,22.86,23.06,48112230,FYERS_HISTORY,2026-08-08T23:56:47+05:30
2004-04-20,SMD-0225,TATASTEEL,NSE:TATASTEEL-EQ,23.18,23.58,22.85,23.47,70625090,FYERS_HISTORY,2026-08-08T23:56:47+05:30
2004-04-21,SMD-0225,TATASTEEL,NSE:TATASTEEL-EQ,23.51,24.47,23.39,24.34,82725530,FYERS_HISTORY,2026-08-08T23:56:47+05:30
2004-04-22,SMD-0225,TATASTEEL,NSE:TATASTEEL-EQ,24.48,24.56,24.04,24.16,83991110,FYERS_HISTORY,2026-08-08T23:56:47+05:30
2004-04-23,SMD-0225,TATASTEEL,NSE:TATASTEEL-EQ,24.39,25.04,24.02,24.14,58494710,FYERS_HISTORY,2026-08-08T23:56:47+05:30
2004-04-27,SMD-0225,TATASTEEL,NSE:TATASTEEL-EQ,24.02,24.02,22.22,22.35,75635970,FYERS_HISTORY,2026-08-08T23:56:47+05:30
2004-04-28,SMD-0225,TATASTEEL,NSE:TATASTEEL-EQ,23.56,23.56,22.06,22.64,89350250,FYERS_HISTORY,2026-08-08T23:56:47+05:30
2004-04-29,SMD-0225,TATASTEEL,NSE:TATASTEEL-EQ,22.49,22.49,21.58,21.69,103998540,FYERS_HISTORY,2026-08-08T23:56:47+05:30
2004-04-30,SMD-0225,TATASTEEL,NSE:TATASTEEL-EQ,21.62,21.81,20.91,21.09,86547670,FYERS_HISTORY,2026-08-08T23:56:47+05:30
2004-05-03,SMD-0225,TATASTEEL,NSE:TATASTEEL-EQ,20.97,20.97,19.89,20.18,105665280,FYERS_HISTORY,2026-08-08T23:56:47+05:30
2004-05-04,SMD-0225,TATASTEEL,NSE:TATASTEEL-EQ,20.19,21.02,20.19,20.61,82884470,FYERS_HISTORY,2026-08-08T23:56:47+05:30
2004-05-05,SMD-0225,TATASTEEL,NSE:TATASTEEL-EQ,20.85,21.06,20.6,20.9,52504050,FYERS_HISTORY,2026-08-08T23:56:47+05:30
2004-05-06,SMD-0225,TATASTEEL,NSE:TATASTEEL-EQ,21.27,21.72,21.16,21.59,58241150,FYERS_HISTORY,2026-08-08T23:56:47+05:30
2004-05-07,SMD-0225,TATASTEEL,NSE:TATASTEEL-EQ,21.54,21.54,20.27,20.39,80858960,FYERS_HISTORY,2026-08-08T23:56:47+05:30
2004-05-10,SMD-0225,TATASTEEL,NSE:TATASTEEL-EQ,20.32,20.32,19.21,19.57,102773860,FYERS_HISTORY,2026-08-08T23:56:47+05:30
2004-05-11,SMD-0225,TATASTEEL,NSE:TATASTEEL-EQ,19.08,19.08,17.74,18.1,104236680,FYERS_HISTORY,2026-08-08T23:56:47+05:30
2004-05-12,SMD-0225,TATASTEEL,NSE:TATASTEEL-EQ,18.02,18.84,17.92,18.6,135557740,FYERS_HISTORY,2026-08-08T23:56:47+05:30
2004-05-13,SMD-0225,TATASTEEL,NSE:TATASTEEL-EQ,17.71,19.2,17.1,18.75,152978440,FYERS_HISTORY,2026-08-08T23:56:47+05:30
2004-05-14,SMD-0225,TATASTEEL,NSE:TATASTEEL-EQ,18.96,18.96,16.5,17.04,139658850,FYERS_HISTORY,2026-08-08T23:56:47+05:30
2004-05-17,SMD-0225,TATASTEEL,NSE:TATASTEEL-EQ,17.09,17.09,13.67,15.49,77476970,FYERS_HISTORY,2026-08-08T23:56:47+05:30
2004-05-18,SMD-0225,TATASTEEL,NSE:TATASTEEL-EQ,15.92,17.6,15.91,17.29,111299070,FYERS_HISTORY,2026-08-08T23:56:47+05:30
2004-05-19,SMD-0225,TATASTEEL,NSE:TATASTEEL-EQ,17.67,18.7,17.56,18.57,120071190,FYERS_HISTORY,2026-08-08T23:56:47+05:30
2004-05-20,SMD-0225,TATASTEEL,NSE:TATASTEEL-EQ,18.88,19.29,18.21,18.87,179020180,FYERS_HISTORY,2026-08-08T23:56:47+05:30
2004-05-21,SMD-0225,TATASTEEL,NSE:TATASTEEL-EQ,19.7,19.7,18.64,19.36,133769180,FYERS_HISTORY,2026-08-08T23:56:47+05:30
2004-05-24,SMD-0225,TATASTEEL,NSE:TATASTEEL-EQ,19.72,19.94,19.51,19.64,82830750,FYERS_HISTORY,2026-08-08T23:56:47+05:30
2004-05-25,SMD-0225,TATASTEEL,NSE:TATASTEEL-EQ,19.5,19.79,19.13,19.61,77522710,FYERS_HISTORY,2026-08-08T23:56:47+05:30
2004-05-26,SMD-0225,TATASTEEL,NSE:TATASTEEL-EQ,19.68,19.85,19.16,19.35,58536220,FYERS_HISTORY,2026-08-08T23:56:47+05:30
2004-05-27,SMD-0225,TATASTEEL,NSE:TATASTEEL-EQ,19.15,19.19,18.69,18.77,84252810,FYERS_HISTORY,2026-08-08T23:56:47+05:30
2004-05-28,SMD-0225,TATASTEEL,NSE:TATASTEEL-EQ,18.79,18.79,17.73,17.84,88261550,FYERS_HISTORY,2026-08-08T23:56:47+05:30
2004-05-31,SMD-0225,TATASTEEL,NSE:TATASTEEL-EQ,17.64,17.83,17.0,17.45,104948910,FYERS_HISTORY,2026-08-08T23:56:47+05:30
2004-06-01,SMD-0225,TATASTEEL,NSE:TATASTEEL-EQ,17.67,18.22,17.59,17.82,77685050,FYERS_HISTORY,2026-08-08T23:56:47+05:30
2004-06-02,SMD-0225,TATASTEEL,NSE:TATASTEEL-EQ,17.91,18.55,17.82,18.35,78354000,FYERS_HISTORY,2026-08-08T23:56:47+05:30
2004-06-03,SMD-0225,TATASTEEL,NSE:TATASTEEL-EQ,18.62,18.84,17.32,17.56,88648970,FYERS_HISTORY,2026-08-08T23:56:47+05:30
2004-06-04,SMD-0225,TATASTEEL,NSE:TATASTEEL-EQ,17.34,18.73,17.26,18.58,119268660,FYERS_HISTORY,2026-08-08T23:56:47+05:30
2004-06-07,SMD-0225,TATASTEEL,NSE:TATASTEEL-EQ,18.79,19.07,18.03,18.19,159958540,FYERS_HISTORY,2026-08-08T23:56:47+05:30
2004-06-08,SMD-0225,TATASTEEL,NSE:TATASTEEL-EQ,17.91,17.94,17.41,17.54,75941880,FYERS_HISTORY,2026-08-08T23:56:47+05:30
2004-06-09,SMD-0225,TATASTEEL,NSE:TATASTEEL-EQ,17.39,17.87,17.39,17.56,56671060,FYERS_HISTORY,2026-08-08T23:56:47+05:30
2004-06-10,SMD-0225,TATASTEEL,NSE:TATASTEEL-EQ,17.5,17.85,17.44,17.59,45296240,FYERS_HISTORY,2026-08-08T23:56:47+05:30
2004-06-11,SMD-0225,TATASTEEL,NSE:TATASTEEL-EQ,17.67,17.88,16.99,17.08,63980620,FYERS_HISTORY,2026-08-08T23:56:47+05:30
2004-06-14,SMD-0225,TATASTEEL,NSE:TATASTEEL-EQ,17.08,17.08,15.89,16.08,85702120,FYERS_HISTORY,2026-08-08T23:56:47+05:30
2004-06-15,SMD-0225,TATASTEEL,NSE:TATASTEEL-EQ,16.08,17.11,16.08,16.96,114759200,FYERS_HISTORY,2026-08-08T23:56:47+05:30
2004-06-16,SMD-0225,TATASTEEL,NSE:TATASTEEL-EQ,16.81,17.05,16.48,16.68,74254690,FYERS_HISTORY,2026-08-08T23:56:47+05:30
2004-06-17,SMD-0225,TATASTEEL,NSE:TATASTEEL-EQ,16.67,17.1,16.52,17.01,56231330,FYERS_HISTORY,2026-08-08T23:56:47+05:30
2004-06-18,SMD-0225,TATASTEEL,NSE:TATASTEEL-EQ,16.96,17.03,16.39,16.5,64784820,FYERS_HISTORY,2026-08-08T23:56:47+05:30
2004-06-21,SMD-0225,TATASTEEL,NSE:TATASTEEL-EQ,16.62,16.76,16.3,16.38,50614920,FYERS_HISTORY,2026-08-08T23:56:47+05:30
2004-06-22,SMD-0225,TATASTEEL,NSE:TATASTEEL-EQ,16.37,16.66,16.21,16.47,53277760,FYERS_HISTORY,2026-08-08T23:56:47+05:30
2004-06-23,SMD-0225,TATASTEEL,NSE:TATASTEEL-EQ,16.58,16.7,15.81,15.91,61325860,FYERS_HISTORY,2026-08-08T23:56:47+05:30
2004-06-24,SMD-0225,TATASTEEL,NSE:TATASTEEL-EQ,16.18,16.29,15.79,16.18,79501280,FYERS_HISTORY,2026-08-08T23:56:47+05:30
2004-06-25,SMD-0225,TATASTEEL,NSE:TATASTEEL-EQ,16.26,17.52,16.19,17.44,147281780,FYERS_HISTORY,2026-08-08T23:56:47+05:30
2004-06-28,SMD-0225,TATASTEEL,NSE:TATASTEEL-EQ,17.5,17.91,17.45,17.85,82172010,FYERS_HISTORY,2026-08-08T23:56:47+05:30
2004-06-29,SMD-0225,TATASTEEL,NSE:TATASTEEL-EQ,17.76,18.13,17.53,18.01,116758570,FYERS_HISTORY,2026-08-08T23:56:47+05:30
2004-06-30,SMD-0225,TATASTEEL,NSE:TATASTEEL-EQ,17.97,18.28,17.66,17.73,89471920,FYERS_HISTORY,2026-08-08T23:56:47+05:30
2004-07-01,SMD-0225,TATASTEEL,NSE:TATASTEEL-EQ,17.79,18.16,17.3,18.07,134034240,FYERS_HISTORY,2026-08-08T23:56:47+05:30
2004-07-02,SMD-0225,TATASTEEL,NSE:TATASTEEL-EQ,17.9,18.33,17.74,17.92,126623770,FYERS_HISTORY,2026-08-08T23:56:47+05:30
2004-07-05,SMD-0225,TATASTEEL,NSE:TATASTEEL-EQ,17.97,18.15,17.69,17.81,71700070,FYERS_HISTORY,2026-08-08T23:56:47+05:30
2004-07-06,SMD-0225,TATASTEEL,NSE:TATASTEEL-EQ,17.7,18.5,17.64,18.45,138778330,FYERS_HISTORY,2026-08-08T23:56:47+05:30
2004-07-07,SMD-0225,TATASTEEL,NSE:TATASTEEL-EQ,18.41,18.84,18.35,18.64,120536180,FYERS_HISTORY,2026-08-08T23:56:47+05:30
2004-07-08,SMD-0225,TATASTEEL,NSE:TATASTEEL-EQ,18.64,18.84,17.2,17.45,132565060,FYERS_HISTORY,2026-08-08T23:56:47+05:30
2004-07-09,SMD-0225,TATASTEEL,NSE:TATASTEEL-EQ,17.14,18.12,16.51,18.04,82280090,FYERS_HISTORY,2026-08-08T23:56:47+05:30
2004-07-12,SMD-0225,TATASTEEL,NSE:TATASTEEL-EQ,18.13,18.64,17.79,18.53,60265420,FYERS_HISTORY,2026-08-08T23:56:47+05:30
2004-07-13,SMD-0225,TATASTEEL,NSE:TATASTEEL-EQ,18.62,18.73,17.82,18.13,59944080,FYERS_HISTORY,2026-08-08T23:56:47+05:30
2004-07-14,SMD-0225,TATASTEEL,NSE:TATASTEEL-EQ,18.2,18.67,18.03,18.49,89861700,FYERS_HISTORY,2026-08-08T23:56:47+05:30
2004-07-15,SMD-0225,TATASTEEL,NSE:TATASTEEL-EQ,18.56,19.32,18.5,19.27,113608610,FYERS_HISTORY,2026-08-08T23:56:47+05:30
2004-07-16,SMD-0225,TATASTEEL,NSE:TATASTEEL-EQ,19.32,20.05,19.22,19.98,143176850,FYERS_HISTORY,2026-08-08T23:56:47+05:30
2004-07-19,SMD-0225,TATASTEEL,NSE:TATASTEEL-EQ,19.98,20.61,19.81,20.37,118994000,FYERS_HISTORY,2026-08-08T23:56:47+05:30
2004-07-20,SMD-0225,TATASTEEL,NSE:TATASTEEL-EQ,20.31,20.53,20.07,20.27,100890190,FYERS_HISTORY,2026-08-08T23:56:47+05:30
2004-07-21,SMD-0225,TATASTEEL,NSE:TATASTEEL-EQ,20.34,21.49,20.34,21.02,96678510,FYERS_HISTORY,2026-08-08T23:56:47+05:30
2004-07-22,SMD-0225,TATASTEEL,NSE:TATASTEEL-EQ,21.44,21.91,21.27,21.41,178013350,FYERS_HISTORY,2026-08-08T23:56:47+05:30
2004-07-23,SMD-0225,TATASTEEL,NSE:TATASTEEL-EQ,21.56,21.56,21.06,21.43,113518170,FYERS_HISTORY,2026-08-08T23:56:47+05:30
2004-07-26,SMD-0225,TATASTEEL,NSE:TATASTEEL-EQ,21.43,22.11,21.18,22.02,91513270,FYERS_HISTORY,2026-08-08T23:56:47+05:30
2004-07-27,SMD-0225,TATASTEEL,NSE:TATASTEEL-EQ,22.09,22.41,21.78,22.3,126771340,FYERS_HISTORY,2026-08-08T23:56:47+05:30
2004-07-28,SMD-0225,TATASTEEL,NSE:TATASTEEL-EQ,22.3,22.5,22.09,22.26,89243400,FYERS_HISTORY,2026-08-08T23:56:47+05:30
2004-07-29,SMD-0225,TATASTEEL,NSE:TATASTEEL-EQ,22.33,23.29,22.25,23.15,152526610,FYERS_HISTORY,2026-08-08T23:56:47+05:30
2004-07-30,SMD-0225,TATASTEEL,NSE:TATASTEEL-EQ,23.21,23.35,22.82,23.09,123347970,FYERS_HISTORY,2026-08-08T23:56:47+05:30
2004-08-02,SMD-0225,TATASTEEL,NSE:TATASTEEL-EQ,23.08,23.36,22.95,23.05,77138440,FYERS_HISTORY,2026-08-08T23:56:47+05:30
2004-08-03,SMD-0225,TATASTEEL,NSE:TATASTEEL-EQ,23.13,23.67,22.9,23.33,136489310,FYERS_HISTORY,2026-08-08T23:56:47+05:30
2004-08-04,SMD-0225,TATASTEEL,NSE:TATASTEEL-EQ,23.34,23.65,23.24,23.45,98352810,FYERS_HISTORY,2026-08-08T23:56:47+05:30
2004-08-05,SMD-0225,TATASTEEL,NSE:TATASTEEL-EQ,23.59,24.09,23.51,24.02,74274280,FYERS_HISTORY,2026-08-08T23:56:47+05:30
2004-08-06,SMD-0225,TATASTEEL,NSE:TATASTEEL-EQ,23.92,24.15,23.53,23.79,101036820,FYERS_HISTORY,2026-08-08T23:56:47+05:30
2004-08-09,SMD-0225,TATASTEEL,NSE:TATASTEEL-EQ,23.79,24.12,23.63,23.77,108281580,FYERS_HISTORY,2026-08-08T23:56:47+05:30
2004-08-10,SMD-0225,TATASTEEL,NSE:TATASTEEL-EQ,23.86,24.05,23.77,23.94,92661980,FYERS_HISTORY,2026-08-08T23:56:47+05:30
2004-08-11,SMD-0225,TATASTEEL,NSE:TATASTEEL-EQ,24.28,24.28,22.67,22.85,105795140,FYERS_HISTORY,2026-08-08T23:56:47+05:30
2004-08-12,SMD-0225,TATASTEEL,NSE:TATASTEEL-EQ,22.8,23.17,22.48,22.79,118176310,FYERS_HISTORY,2026-08-08T23:56:47+05:30
2004-08-13,SMD-0225,TATASTEEL,NSE:TATASTEEL-EQ,22.89,23.09,22.47,22.63,68679680,FYERS_HISTORY,2026-08-08T23:56:47+05:30
2004-08-16,SMD-0225,TATASTEEL,NSE:TATASTEEL-EQ,22.66,23.66,22.28,23.52,158030380,FYERS_HISTORY,2026-08-08T23:56:47+05:30
2004-08-17,SMD-0225,TATASTEEL,NSE:TATASTEEL-EQ,23.86,24.11,23.6,23.85,125691930,FYERS_HISTORY,2026-08-08T23:56:47+05:30
2004-08-18,SMD-0225,TATASTEEL,NSE:TATASTEEL-EQ,23.34,23.84,23.02,23.13,76686710,FYERS_HISTORY,2026-08-08T23:56:47+05:30
2004-08-19,SMD-0225,TATASTEEL,NSE:TATASTEEL-EQ,23.16,23.62,23.16,23.51,64237930,FYERS_HISTORY,2026-08-08T23:56:47+05:30
2004-08-20,SMD-0225,TATASTEEL,NSE:TATASTEEL-EQ,23.55,23.74,22.72,22.95,94711300,FYERS_HISTORY,2026-08-08T23:56:47+05:30
2004-08-23,SMD-0225,TATASTEEL,NSE:TATASTEEL-EQ,22.98,22.98,21.53,21.66,115597240,FYERS_HISTORY,2026-08-08T23:56:47+05:30
2004-08-24,SMD-0225,TATASTEEL,NSE:TATASTEEL-EQ,21.74,22.13,21.7,21.93,67334260,FYERS_HISTORY,2026-08-08T23:56:47+05:30
2004-08-25,SMD-0225,TATASTEEL,NSE:TATASTEEL-EQ,22.18,22.26,21.82,21.95,33197680,FYERS_HISTORY,2026-08-08T23:56:47+05:30
2004-08-26,SMD-0225,TATASTEEL,NSE:TATASTEEL-EQ,22.09,22.1,21.57,21.68,65403120,FYERS_HISTORY,2026-08-08T23:56:47+05:30
2004-08-27,SMD-0225,TATASTEEL,NSE:TATASTEEL-EQ,21.74,21.92,21.33,21.47,50574380,FYERS_HISTORY,2026-08-08T23:56:47+05:30
2004-08-30,SMD-0225,TATASTEEL,NSE:TATASTEEL-EQ,21.66,22.22,21.66,22.07,58682930,FYERS_HISTORY,2026-08-08T23:56:47+05:30
2004-08-31,SMD-0225,TATASTEEL,NSE:TATASTEEL-EQ,22.04,22.33,21.67,22.25,64741790,FYERS_HISTORY,2026-08-08T23:56:47+05:30
2004-09-01,SMD-0225,TATASTEEL,NSE:TATASTEEL-EQ,22.4,22.56,21.99,22.06,51337670,FYERS_HISTORY,2026-08-08T23:56:47+05:30
2004-09-02,SMD-0225,TATASTEEL,NSE:TATASTEEL-EQ,22.1,22.26,21.8,21.94,44852040,FYERS_HISTORY,2026-08-08T23:56:47+05:30
2004-09-03,SMD-0225,TATASTEEL,NSE:TATASTEEL-EQ,21.97,22.2,21.89,22.12,42626700,FYERS_HISTORY,2026-08-08T23:56:47+05:30
2004-09-06,SMD-0225,TATASTEEL,NSE:TATASTEEL-EQ,22.18,22.52,22.18,22.33,38162100,FYERS_HISTORY,2026-08-08T23:56:47+05:30
2004-09-07,SMD-0225,TATASTEEL,NSE:TATASTEEL-EQ,22.36,22.74,22.34,22.58,53924770,FYERS_HISTORY,2026-08-08T23:56:47+05:30
2004-09-08,SMD-0225,TATASTEEL,NSE:TATASTEEL-EQ,22.74,22.94,22.68,22.85,62772290,FYERS_HISTORY,2026-08-08T23:56:47+05:30
2004-09-09,SMD-0225,TATASTEEL,NSE:TATASTEEL-EQ,22.85,22.94,22.46,22.7,51605990,FYERS_HISTORY,2026-08-08T23:56:47+05:30
2004-09-10,SMD-0225,TATASTEEL,NSE:TATASTEEL-EQ,22.8,23.41,22.59,23.28,52810130,FYERS_HISTORY,2026-08-08T23:56:47+05:30
2004-09-13,SMD-0225,TATASTEEL,NSE:TATASTEEL-EQ,23.47,23.93,23.43,23.66,57215930,FYERS_HISTORY,2026-08-08T23:56:47+05:30
2004-09-14,SMD-0225,TATASTEEL,NSE:TATASTEEL-EQ,23.77,23.81,23.21,23.3,46861210,FYERS_HISTORY,2026-08-08T23:56:47+05:30
2004-09-15,SMD-0225,TATASTEEL,NSE:TATASTEEL-EQ,23.51,23.74,23.25,23.47,56544550,FYERS_HISTORY,2026-08-08T23:56:47+05:30
2004-09-16,SMD-0225,TATASTEEL,NSE:TATASTEEL-EQ,23.5,24.36,23.5,24.15,142859960,FYERS_HISTORY,2026-08-08T23:56:47+05:30
2004-09-17,SMD-0225,TATASTEEL,NSE:TATASTEEL-EQ,24.22,24.81,24.15,24.7,92294030,FYERS_HISTORY,2026-08-08T23:56:47+05:30
2004-09-20,SMD-0225,TATASTEEL,NSE:TATASTEEL-EQ,24.83,25.6,24.8,25.16,111847680,FYERS_HISTORY,2026-08-08T23:56:47+05:30
2004-09-21,SMD-0225,TATASTEEL,NSE:TATASTEEL-EQ,25.1,25.8,24.92,25.67,88118100,FYERS_HISTORY,2026-08-08T23:56:47+05:30
2004-09-22,SMD-0225,TATASTEEL,NSE:TATASTEEL-EQ,26.05,26.33,25.29,25.52,68771160,FYERS_HISTORY,2026-08-08T23:56:47+05:30
2004-09-23,SMD-0225,TATASTEEL,NSE:TATASTEEL-EQ,25.36,25.87,25.07,25.41,89399280,FYERS_HISTORY,2026-08-08T23:56:47+05:30
2004-09-24,SMD-0225,TATASTEEL,NSE:TATASTEEL-EQ,25.31,25.83,25.2,25.59,80370130,FYERS_HISTORY,2026-08-08T23:56:47+05:30
2004-09-27,SMD-0225,TATASTEEL,NSE:TATASTEEL-EQ,25.54,25.75,25.32,25.52,55778100,FYERS_HISTORY,2026-08-08T23:56:47+05:30
2004-09-28,SMD-0225,TATASTEEL,NSE:TATASTEEL-EQ,25.45,25.71,24.88,24.96,67522250,FYERS_HISTORY,2026-08-08T23:56:47+05:30
2004-09-29,SMD-0225,TATASTEEL,NSE:TATASTEEL-EQ,25.1,25.71,24.55,25.62,97963840,FYERS_HISTORY,2026-08-08T23:56:47+05:30
2004-09-30,SMD-0225,TATASTEEL,NSE:TATASTEEL-EQ,25.84,26.15,25.42,25.55,106601600,FYERS_HISTORY,2026-08-08T23:56:47+05:30
2004-10-01,SMD-0225,TATASTEEL,NSE:TATASTEEL-EQ,25.58,25.89,24.79,25.8,151785910,FYERS_HISTORY,2026-08-08T23:56:47+05:30
2004-10-04,SMD-0225,TATASTEEL,NSE:TATASTEEL-EQ,26.01,26.46,25.94,26.16,67925020,FYERS_HISTORY,2026-08-08T23:56:47+05:30
2004-10-05,SMD-0225,TATASTEEL,NSE:TATASTEEL-EQ,26.28,26.45,25.85,25.98,91123420,FYERS_HISTORY,2026-08-08T23:56:47+05:30
2004-10-06,SMD-0225,TATASTEEL,NSE:TATASTEEL-EQ,25.98,26.3,25.53,25.65,68977790,FYERS_HISTORY,2026-08-08T23:56:47+05:30
2004-10-07,SMD-0225,TATASTEEL,NSE:TATASTEEL-EQ,25.71,26.61,25.68,26.53,96074080,FYERS_HISTORY,2026-08-08T23:56:47+05:30
2004-10-08,SMD-0225,TATASTEEL,NSE:TATASTEEL-EQ,26.73,26.82,26.45,26.7,62360730,FYERS_HISTORY,2026-08-08T23:56:47+05:30
2004-10-09,SMD-0225,TATASTEEL,NSE:TATASTEEL-EQ,26.75,26.78,26.49,26.56,11038670,FYERS_HISTORY,2026-08-08T23:56:47+05:30
2004-10-11,SMD-0225,TATASTEEL,NSE:TATASTEEL-EQ,26.71,26.98,26.4,26.51,54299850,FYERS_HISTORY,2026-08-08T23:56:47+05:30
2004-10-12,SMD-0225,TATASTEEL,NSE:TATASTEEL-EQ,26.6,26.77,25.81,26.02,54622240,FYERS_HISTORY,2026-08-08T23:56:47+05:30
2004-10-14,SMD-0225,TATASTEEL,NSE:TATASTEEL-EQ,25.66,25.66,24.81,25.15,68327440,FYERS_HISTORY,2026-08-08T23:56:47+05:30
2004-10-15,SMD-0225,TATASTEEL,NSE:TATASTEEL-EQ,25.14,25.67,25.0,25.13,48568580,FYERS_HISTORY,2026-08-08T23:56:47+05:30
2004-10-18,SMD-0225,TATASTEEL,NSE:TATASTEEL-EQ,25.36,25.53,25.02,25.13,30597350,FYERS_HISTORY,2026-08-08T23:56:47+05:30
2004-10-19,SMD-0225,TATASTEEL,NSE:TATASTEEL-EQ,25.27,25.7,25.01,25.51,42312540,FYERS_HISTORY,2026-08-08T23:56:47+05:30
2004-10-20,SMD-0225,TATASTEEL,NSE:TATASTEEL-EQ,25.81,25.81,25.11,25.19,54602110,FYERS_HISTORY,2026-08-08T23:56:47+05:30
2004-10-21,SMD-0225,TATASTEEL,NSE:TATASTEEL-EQ,25.29,25.36,24.88,25.05,42842700,FYERS_HISTORY,2026-08-08T23:56:47+05:30
2004-10-25,SMD-0225,TATASTEEL,NSE:TATASTEEL-EQ,24.76,25.1,24.57,24.7,45234690,FYERS_HISTORY,2026-08-08T23:56:47+05:30
2004-10-26,SMD-0225,TATASTEEL,NSE:TATASTEEL-EQ,24.61,25.62,24.61,25.56,59951120,FYERS_HISTORY,2026-08-08T23:56:47+05:30
2004-10-27,SMD-0225,TATASTEEL,NSE:TATASTEEL-EQ,25.63,26.05,25.54,25.79,46306890,FYERS_HISTORY,2026-08-08T23:56:47+05:30
2004-10-28,SMD-0225,TATASTEEL,NSE:TATASTEEL-EQ,25.98,26.42,25.85,26.01,74594340,FYERS_HISTORY,2026-08-08T23:56:47+05:30
2004-10-29,SMD-0225,TATASTEEL,NSE:TATASTEEL-EQ,26.09,26.09,25.24,25.43,87821580,FYERS_HISTORY,2026-08-08T23:56:47+05:30
2004-11-01,SMD-0225,TATASTEEL,NSE:TATASTEEL-EQ,25.72,26.05,25.17,25.92,59501170,FYERS_HISTORY,2026-08-08T23:56:47+05:30
2004-11-02,SMD-0225,TATASTEEL,NSE:TATASTEEL-EQ,26.06,26.17,25.81,25.86,36941630,FYERS_HISTORY,2026-08-08T23:56:47+05:30
2004-11-03,SMD-0225,TATASTEEL,NSE:TATASTEEL-EQ,25.98,26.47,25.85,26.41,44054050,FYERS_HISTORY,2026-08-08T23:56:47+05:30
2004-11-04,SMD-0225,TATASTEEL,NSE:TATASTEEL-EQ,26.51,26.68,26.04,26.12,40321980,FYERS_HISTORY,2026-08-08T23:56:47+05:30
2004-11-05,SMD-0225,TATASTEEL,NSE:TATASTEEL-EQ,26.2,26.6,26.14,26.36,32209630,FYERS_HISTORY,2026-08-08T23:56:47+05:30
2004-11-08,SMD-0225,TATASTEEL,NSE:TATASTEEL-EQ,26.5,26.94,26.42,26.66,46347450,FYERS_HISTORY,2026-08-08T23:56:47+05:30
2004-11-09,SMD-0225,TATASTEEL,NSE:TATASTEEL-EQ,26.69,26.9,26.47,26.58,32068530,FYERS_HISTORY,2026-08-08T23:56:47+05:30
2004-11-10,SMD-0225,TATASTEEL,NSE:TATASTEEL-EQ,26.72,27.26,26.65,27.19,55787270,FYERS_HISTORY,2026-08-08T23:56:47+05:30
2004-11-11,SMD-0225,TATASTEEL,NSE:TATASTEEL-EQ,27.34,27.39,27.04,27.14,37075970,FYERS_HISTORY,2026-08-08T23:56:47+05:30
2004-11-12,SMD-0225,TATASTEEL,NSE:TATASTEEL-EQ,27.22,27.39,26.96,27.18,12951190,FYERS_HISTORY,2026-08-08T23:56:47+05:30
2004-11-16,SMD-0225,TATASTEEL,NSE:TATASTEEL-EQ,27.14,27.46,26.96,27.35,40665380,FYERS_HISTORY,2026-08-08T23:56:47+05:30
2004-11-17,SMD-0225,TATASTEEL,NSE:TATASTEEL-EQ,27.49,27.78,27.31,27.43,34886930,FYERS_HISTORY,2026-08-08T23:56:47+05:30
2004-11-18,SMD-0225,TATASTEEL,NSE:TATASTEEL-EQ,27.4,27.68,27.35,27.53,36067510,FYERS_HISTORY,2026-08-08T23:56:47+05:30
2004-11-19,SMD-0225,TATASTEEL,NSE:TATASTEEL-EQ,27.66,27.96,27.01,27.19,55579940,FYERS_HISTORY,2026-08-08T23:56:47+05:30
2004-11-22,SMD-0225,TATASTEEL,NSE:TATASTEEL-EQ,27.03,27.53,26.71,27.42,33565170,FYERS_HISTORY,2026-08-08T23:56:47+05:30
2004-11-23,SMD-0225,TATASTEEL,NSE:TATASTEEL-EQ,27.61,27.83,27.39,27.54,33872060,FYERS_HISTORY,2026-08-08T23:56:47+05:30
2004-11-24,SMD-0225,TATASTEEL,NSE:TATASTEEL-EQ,27.57,27.77,27.42,27.62,25488660,FYERS_HISTORY,2026-08-08T23:56:47+05:30
2004-11-25,SMD-0225,TATASTEEL,NSE:TATASTEEL-EQ,27.57,28.1,27.4,27.56,53157210,FYERS_HISTORY,2026-08-08T23:56:47+05:30
2004-11-29,SMD-0225,TATASTEEL,NSE:TATASTEEL-EQ,27.75,28.59,27.75,28.5,49996390,FYERS_HISTORY,2026-08-08T23:56:47+05:30
2004-11-30,SMD-0225,TATASTEEL,NSE:TATASTEEL-EQ,28.87,28.87,28.12,28.59,40433760,FYERS_HISTORY,2026-08-08T23:56:47+05:30
2004-12-01,SMD-0225,TATASTEEL,NSE:TATASTEEL-EQ,28.59,29.11,28.16,28.98,53628550,FYERS_HISTORY,2026-08-08T23:56:47+05:30
2004-12-02,SMD-0225,TATASTEEL,NSE:TATASTEEL-EQ,29.25,29.46,28.87,29.29,63953100,FYERS_HISTORY,2026-08-08T23:56:47+05:30
2004-12-03,SMD-0225,TATASTEEL,NSE:TATASTEEL-EQ,29.08,29.16,28.67,28.96,34358900,FYERS_HISTORY,2026-08-08T23:56:47+05:30
2004-12-06,SMD-0225,TATASTEEL,NSE:TATASTEEL-EQ,29.11,29.42,29.1,29.21,40316600,FYERS_HISTORY,2026-08-08T23:56:47+05:30
2004-12-07,SMD-0225,TATASTEEL,NSE:TATASTEEL-EQ,29.33,29.33,28.72,28.92,29725870,FYERS_HISTORY,2026-08-08T23:56:47+05:30
2004-12-08,SMD-0225,TATASTEEL,NSE:TATASTEEL-EQ,28.72,29.05,28.04,28.15,45356870,FYERS_HISTORY,2026-08-08T23:56:47+05:30
2004-12-09,SMD-0225,TATASTEEL,NSE:TATASTEEL-EQ,28.02,28.6,27.76,28.26,44076470,FYERS_HISTORY,2026-08-08T23:56:47+05:30
2004-12-10,SMD-0225,TATASTEEL,NSE:TATASTEEL-EQ,28.28,28.61,27.84,28.11,55206100,FYERS_HISTORY,2026-08-08T23:56:47+05:30
2004-12-13,SMD-0225,TATASTEEL,NSE:TATASTEEL-EQ,28.01,28.67,27.85,28.58,33664400,FYERS_HISTORY,2026-08-08T23:56:47+05:30
2004-12-14,SMD-0225,TATASTEEL,NSE:TATASTEEL-EQ,28.82,28.98,28.65,28.91,22279910,FYERS_HISTORY,2026-08-08T23:56:47+05:30
2004-12-15,SMD-0225,TATASTEEL,NSE:TATASTEEL-EQ,29.07,29.55,28.9,29.38,45280520,FYERS_HISTORY,2026-08-08T23:56:47+05:30
2004-12-16,SMD-0225,TATASTEEL,NSE:TATASTEEL-EQ,29.29,29.41,29.09,29.23,24073320,FYERS_HISTORY,2026-08-08T23:56:47+05:30
2004-12-17,SMD-0225,TATASTEEL,NSE:TATASTEEL-EQ,29.34,29.89,29.3,29.48,36523690,FYERS_HISTORY,2026-08-08T23:56:47+05:30
2004-12-20,SMD-0225,TATASTEEL,NSE:TATASTEEL-EQ,29.45,30.03,29.45,29.96,25716150,FYERS_HISTORY,2026-08-08T23:56:47+05:30
2004-12-21,SMD-0225,TATASTEEL,NSE:TATASTEEL-EQ,30.01,30.35,29.91,30.22,22390450,FYERS_HISTORY,2026-08-08T23:56:47+05:30
2004-12-22,SMD-0225,TATASTEEL,NSE:TATASTEEL-EQ,30.35,30.57,29.93,30.09,37772490,FYERS_HISTORY,2026-08-08T23:56:47+05:30
2004-12-23,SMD-0225,TATASTEEL,NSE:TATASTEEL-EQ,30.04,30.75,29.91,30.63,24301050,FYERS_HISTORY,2026-08-08T23:56:47+05:30
2004-12-24,SMD-0225,TATASTEEL,NSE:TATASTEEL-EQ,30.75,31.94,30.74,31.71,55744310,FYERS_HISTORY,2026-08-08T23:56:47+05:30
2004-12-27,SMD-0225,TATASTEEL,NSE:TATASTEEL-EQ,31.71,33.27,31.64,33.08,73511000,FYERS_HISTORY,2026-08-08T23:56:47+05:30
2004-12-28,SMD-0225,TATASTEEL,NSE:TATASTEEL-EQ,32.98,35.03,32.98,34.61,104683270,FYERS_HISTORY,2026-08-08T23:56:47+05:30
2004-12-29,SMD-0225,TATASTEEL,NSE:TATASTEEL-EQ,34.73,35.07,33.96,34.19,65803360,FYERS_HISTORY,2026-08-08T23:56:47+05:30
2004-12-30,SMD-0225,TATASTEEL,NSE:TATASTEEL-EQ,34.29,34.74,33.91,34.02,49712060,FYERS_HISTORY,2026-08-08T23:56:47+05:30
2004-12-31,SMD-0225,TATASTEEL,NSE:TATASTEEL-EQ,34.46,34.46,33.55,34.03,70505630,FYERS_HISTORY,2026-08-08T23:56:47+05:30
2005-01-03,SMD-0225,TATASTEEL,NSE:TATASTEEL-EQ,34.9,34.9,33.9,34.22,42133330,FYERS_HISTORY,2026-08-08T23:56:47+05:30
2005-01-04,SMD-0225,TATASTEEL,NSE:TATASTEEL-EQ,34.2,34.59,33.96,34.19,39390470,FYERS_HISTORY,2026-08-08T23:56:47+05:30
2005-01-05,SMD-0225,TATASTEEL,NSE:TATASTEEL-EQ,34.02,34.09,31.92,32.61,80163770,FYERS_HISTORY,2026-08-08T23:56:47+05:30
2005-01-06,SMD-0225,TATASTEEL,NSE:TATASTEEL-EQ,32.25,32.53,31.25,31.42,77884200,FYERS_HISTORY,2026-08-08T23:56:47+05:30
2005-01-07,SMD-0225,TATASTEEL,NSE:TATASTEEL-EQ,31.59,32.2,31.41,31.93,53307670,FYERS_HISTORY,2026-08-08T23:56:47+05:30
2005-01-10,SMD-0225,TATASTEEL,NSE:TATASTEEL-EQ,32.07,32.51,31.51,31.65,35462920,FYERS_HISTORY,2026-08-08T23:56:47+05:30
2005-01-11,SMD-0225,TATASTEEL,NSE:TATASTEEL-EQ,31.74,31.86,30.71,30.89,58954120,FYERS_HISTORY,2026-08-08T23:56:47+05:30
2005-01-12,SMD-0225,TATASTEEL,NSE:TATASTEEL-EQ,30.95,31.55,30.15,30.4,54168650,FYERS_HISTORY,2026-08-08T23:56:47+05:30
2005-01-13,SMD-0225,TATASTEEL,NSE:TATASTEEL-EQ,30.93,31.8,30.58,31.56,52255960,FYERS_HISTORY,2026-08-08T23:56:47+05:30
2005-01-14,SMD-0225,TATASTEEL,NSE:TATASTEEL-EQ,31.63,31.71,30.62,30.78,44532880,FYERS_HISTORY,2026-08-08T23:56:47+05:30
2005-01-17,SMD-0225,TATASTEEL,NSE:TATASTEEL-EQ,35.35,35.35,29.68,30.47,64712690,FYERS_HISTORY,2026-08-08T23:56:47+05:30
2005-01-18,SMD-0225,TATASTEEL,NSE:TATASTEEL-EQ,29.07,31.14,29.07,30.4,49370650,FYERS_HISTORY,2026-08-08T23:56:47+05:30
2005-01-19,SMD-0225,TATASTEEL,NSE:TATASTEEL-EQ,30.49,31.32,30.48,30.8,56207150,FYERS_HISTORY,2026-08-08T23:56:47+05:30
2005-01-20,SMD-0225,TATASTEEL,NSE:TATASTEEL-EQ,31.02,31.23,29.88,31.08,91324930,FYERS_HISTORY,2026-08-08T23:56:47+05:30
2005-01-24,SMD-0225,TATASTEEL,NSE:TATASTEEL-EQ,31.37,32.05,31.1,31.85,57653380,FYERS_HISTORY,2026-08-08T23:56:47+05:30
2005-01-25,SMD-0225,TATASTEEL,NSE:TATASTEEL-EQ,31.74,32.61,31.55,32.52,46702500,FYERS_HISTORY,2026-08-08T23:56:47+05:30
2005-01-27,SMD-0225,TATASTEEL,NSE:TATASTEEL-EQ,32.77,33.3,32.71,32.84,70066490,FYERS_HISTORY,2026-08-08T23:56:47+05:30
2005-01-28,SMD-0225,TATASTEEL,NSE:TATASTEEL-EQ,32.87,33.69,32.81,33.63,49366640,FYERS_HISTORY,2026-08-08T23:56:47+05:30
2005-01-31,SMD-0225,TATASTEEL,NSE:TATASTEEL-EQ,33.84,34.34,33.76,34.15,39038320,FYERS_HISTORY,2026-08-08T23:56:47+05:30
2005-02-01,SMD-0225,TATASTEEL,NSE:TATASTEEL-EQ,34.46,34.55,33.6,33.77,35831500,FYERS_HISTORY,2026-08-08T23:56:47+05:30
2005-02-02,SMD-0225,TATASTEEL,NSE:TATASTEEL-EQ,33.92,34.37,33.8,33.93,33136010,FYERS_HISTORY,2026-08-08T23:56:47+05:30
2005-02-03,SMD-0225,TATASTEEL,NSE:TATASTEEL-EQ,34.11,35.13,34.11,34.98,63191580,FYERS_HISTORY,2026-08-08T23:56:47+05:30
2005-02-04,SMD-0225,TATASTEEL,NSE:TATASTEEL-EQ,35.27,35.57,34.6,35.08,73514510,FYERS_HISTORY,2026-08-08T23:56:47+05:30
2005-02-07,SMD-0225,TATASTEEL,NSE:TATASTEEL-EQ,35.48,35.88,35.09,35.3,65128670,FYERS_HISTORY,2026-08-08T23:56:47+05:30
2005-02-08,SMD-0225,TATASTEEL,NSE:TATASTEEL-EQ,35.33,35.6,34.64,34.96,57999000,FYERS_HISTORY,2026-08-08T23:56:47+05:30
2005-02-09,SMD-0225,TATASTEEL,NSE:TATASTEEL-EQ,35.28,35.72,35.1,35.41,51355630,FYERS_HISTORY,2026-08-08T23:56:47+05:30
2005-02-10,SMD-0225,TATASTEEL,NSE:TATASTEEL-EQ,35.47,35.51,34.83,35.18,46315010,FYERS_HISTORY,2026-08-08T23:56:47+05:30
2005-02-11,SMD-0225,TATASTEEL,NSE:TATASTEEL-EQ,35.35,35.52,35.13,35.26,41112270,FYERS_HISTORY,2026-08-08T23:56:47+05:30
2005-02-14,SMD-0225,TATASTEEL,NSE:TATASTEEL-EQ,35.43,36.05,35.41,35.77,43141490,FYERS_HISTORY,2026-08-08T23:56:47+05:30
2005-02-15,SMD-0225,TATASTEEL,NSE:TATASTEEL-EQ,35.83,35.97,35.4,35.53,43563240,FYERS_HISTORY,2026-08-08T23:56:47+05:30
2005-02-16,SMD-0225,TATASTEEL,NSE:TATASTEEL-EQ,35.62,36.43,35.62,35.94,79693960,FYERS_HISTORY,2026-08-08T23:56:47+05:30
2005-02-17,SMD-0225,TATASTEEL,NSE:TATASTEEL-EQ,35.88,36.67,35.55,36.4,78321660,FYERS_HISTORY,2026-08-08T23:56:47+05:30
2005-02-18,SMD-0225,TATASTEEL,NSE:TATASTEEL-EQ,36.76,37.03,36.36,36.58,83104400,FYERS_HISTORY,2026-08-08T23:56:47+05:30
2005-02-21,SMD-0225,TATASTEEL,NSE:TATASTEEL-EQ,36.59,36.66,35.93,36.09,44418410,FYERS_HISTORY,2026-08-08T23:56:47+05:30
2005-02-22,SMD-0225,TATASTEEL,NSE:TATASTEEL-EQ,36.23,36.67,35.81,36.46,39787690,FYERS_HISTORY,2026-08-08T23:56:47+05:30
2005-02-23,SMD-0225,TATASTEEL,NSE:TATASTEEL-EQ,36.54,36.92,36.22,36.58,53195030,FYERS_HISTORY,2026-08-08T23:56:47+05:30
2005-02-24,SMD-0225,TATASTEEL,NSE:TATASTEEL-EQ,36.72,36.88,36.32,36.41,59712690,FYERS_HISTORY,2026-08-08T23:56:47+05:30
2005-02-25,SMD-0225,TATASTEEL,NSE:TATASTEEL-EQ,36.5,36.71,36.01,36.23,51344060,FYERS_HISTORY,2026-08-08T23:56:47+05:30
2005-02-28,SMD-0225,TATASTEEL,NSE:TATASTEEL-EQ,36.32,37.63,35.79,37.31,75141850,FYERS_HISTORY,2026-08-08T23:56:47+05:30
2005-03-01,SMD-0225,TATASTEEL,NSE:TATASTEEL-EQ,37.2,37.38,36.67,37.22,52553180,FYERS_HISTORY,2026-08-08T23:56:47+05:30
2005-03-02,SMD-0225,TATASTEEL,NSE:TATASTEEL-EQ,37.33,37.95,37.33,37.87,56434190,FYERS_HISTORY,2026-08-08T23:56:47+05:30
2005-03-03,SMD-0225,TATASTEEL,NSE:TATASTEEL-EQ,37.82,38.24,37.82,38.05,42625080,FYERS_HISTORY,2026-08-08T23:56:47+05:30
2005-03-04,SMD-0225,TATASTEEL,NSE:TATASTEEL-EQ,38.24,38.31,37.75,37.9,30634260,FYERS_HISTORY,2026-08-08T23:56:47+05:30
2005-03-07,SMD-0225,TATASTEEL,NSE:TATASTEEL-EQ,38.09,38.7,38.06,38.43,37339640,FYERS_HISTORY,2026-08-08T23:56:47+05:30
2005-03-08,SMD-0225,TATASTEEL,NSE:TATASTEEL-EQ,38.47,38.68,38.09,38.59,44452370,FYERS_HISTORY,2026-08-08T23:56:47+05:30
2005-03-09,SMD-0225,TATASTEEL,NSE:TATASTEEL-EQ,38.7,38.89,38.03,38.19,31492640,FYERS_HISTORY,2026-08-08T23:56:47+05:30
2005-03-10,SMD-0225,TATASTEEL,NSE:TATASTEEL-EQ,38.17,38.22,37.68,38.11,37159110,FYERS_HISTORY,2026-08-08T23:56:47+05:30
2005-03-11,SMD-0225,TATASTEEL,NSE:TATASTEEL-EQ,38.26,39.15,38.26,38.98,52038840,FYERS_HISTORY,2026-08-08T23:56:47+05:30
2005-03-14,SMD-0225,TATASTEEL,NSE:TATASTEEL-EQ,39.05,39.44,38.57,38.68,43937960,FYERS_HISTORY,2026-08-08T23:56:47+05:30
2005-03-15,SMD-0225,TATASTEEL,NSE:TATASTEEL-EQ,38.78,39.3,38.31,39.13,52425930,FYERS_HISTORY,2026-08-08T23:56:47+05:30
2005-03-16,SMD-0225,TATASTEEL,NSE:TATASTEEL-EQ,39.16,39.47,38.7,38.92,40453380,FYERS_HISTORY,2026-08-08T23:56:47+05:30
2005-03-17,SMD-0225,TATASTEEL,NSE:TATASTEEL-EQ,38.79,38.88,37.73,38.07,43665310,FYERS_HISTORY,2026-08-08T23:56:47+05:30
2005-03-18,SMD-0225,TATASTEEL,NSE:TATASTEEL-EQ,37.98,38.52,37.26,38.36,50796390,FYERS_HISTORY,2026-08-08T23:56:47+05:30
2005-03-21,SMD-0225,TATASTEEL,NSE:TATASTEEL-EQ,38.53,38.59,37.8,38.07,31743710,FYERS_HISTORY,2026-08-08T23:56:47+05:30
2005-03-22,SMD-0225,TATASTEEL,NSE:TATASTEEL-EQ,37.97,38.0,36.76,36.9,46641260,FYERS_HISTORY,2026-08-08T23:56:47+05:30
2005-03-23,SMD-0225,TATASTEEL,NSE:TATASTEEL-EQ,37.11,37.51,35.8,36.09,81221330,FYERS_HISTORY,2026-08-08T23:56:47+05:30
2005-03-24,SMD-0225,TATASTEEL,NSE:TATASTEEL-EQ,36.23,36.71,36.01,36.43,54814780,FYERS_HISTORY,2026-08-08T23:56:47+05:30
2005-03-28,SMD-0225,TATASTEEL,NSE:TATASTEEL-EQ,36.69,37.37,36.67,36.96,43366450,FYERS_HISTORY,2026-08-08T23:56:47+05:30
2005-03-29,SMD-0225,TATASTEEL,NSE:TATASTEEL-EQ,37.07,37.07,35.19,35.49,75981610,FYERS_HISTORY,2026-08-08T23:56:47+05:30
2005-03-30,SMD-0225,TATASTEEL,NSE:TATASTEEL-EQ,35.35,35.87,34.56,35.0,70469210,FYERS_HISTORY,2026-08-08T23:56:47+05:30
2005-03-31,SMD-0225,TATASTEEL,NSE:TATASTEEL-EQ,35.59,35.79,35.13,35.44,86302420,FYERS_HISTORY,2026-08-08T23:56:47+05:30
2005-04-01,SMD-0225,TATASTEEL,NSE:TATASTEEL-EQ,35.63,36.32,35.3,36.16,48882310,FYERS_HISTORY,2026-08-08T23:56:47+05:30
2005-04-04,SMD-0225,TATASTEEL,NSE:TATASTEEL-EQ,36.16,36.45,34.66,34.78,54830180,FYERS_HISTORY,2026-08-08T23:56:47+05:30
2005-04-05,SMD-0225,TATASTEEL,NSE:TATASTEEL-EQ,34.82,34.99,33.62,33.79,66043750,FYERS_HISTORY,2026-08-08T23:56:47+05:30
2005-04-06,SMD-0225,TATASTEEL,NSE:TATASTEEL-EQ,34.85,34.85,33.98,34.5,52469790,FYERS_HISTORY,2026-08-08T23:56:47+05:30
2005-04-07,SMD-0225,TATASTEEL,NSE:TATASTEEL-EQ,34.82,34.82,34.02,34.1,34168310,FYERS_HISTORY,2026-08-08T23:56:47+05:30
2005-04-08,SMD-0225,TATASTEEL,NSE:TATASTEEL-EQ,34.11,34.42,33.51,33.67,47956190,FYERS_HISTORY,2026-08-08T23:56:47+05:30
2005-04-11,SMD-0225,TATASTEEL,NSE:TATASTEEL-EQ,33.84,34.17,33.16,33.69,41149110,FYERS_HISTORY,2026-08-08T23:56:47+05:30
2005-04-12,SMD-0225,TATASTEEL,NSE:TATASTEEL-EQ,33.76,34.49,33.61,34.37,33205440,FYERS_HISTORY,2026-08-08T23:56:47+05:30
2005-04-13,SMD-0225,TATASTEEL,NSE:TATASTEEL-EQ,34.82,34.82,33.5,33.67,39473560,FYERS_HISTORY,2026-08-08T23:56:47+05:30
2005-04-15,SMD-0225,TATASTEEL,NSE:TATASTEEL-EQ,33.14,33.4,32.18,32.36,60592830,FYERS_HISTORY,2026-08-08T23:56:47+05:30
2005-04-18,SMD-0225,TATASTEEL,NSE:TATASTEEL-EQ,31.42,32.07,31.1,31.3,48757380,FYERS_HISTORY,2026-08-08T23:56:47+05:30
2005-04-19,SMD-0225,TATASTEEL,NSE:TATASTEEL-EQ,31.46,32.17,30.5,30.68,56844310,FYERS_HISTORY,2026-08-08T23:56:47+05:30
2005-04-20,SMD-0225,TATASTEEL,NSE:TATASTEEL-EQ,30.48,32.17,30.48,32.09,70754130,FYERS_HISTORY,2026-08-08T23:56:47+05:30
2005-04-21,SMD-0225,TATASTEEL,NSE:TATASTEEL-EQ,32.16,32.69,31.46,32.61,48876250,FYERS_HISTORY,2026-08-08T23:56:47+05:30
2005-04-22,SMD-0225,TATASTEEL,NSE:TATASTEEL-EQ,32.85,32.87,31.84,31.96,40328330,FYERS_HISTORY,2026-08-08T23:56:47+05:30
2005-04-25,SMD-0225,TATASTEEL,NSE:TATASTEEL-EQ,31.99,32.42,31.66,32.1,33639850,FYERS_HISTORY,2026-08-08T23:56:47+05:30
2005-04-26,SMD-0225,TATASTEEL,NSE:TATASTEEL-EQ,32.23,32.34,31.58,31.7,30378210,FYERS_HISTORY,2026-08-08T23:56:47+05:30
2005-04-27,SMD-0225,TATASTEEL,NSE:TATASTEEL-EQ,31.63,31.63,30.77,30.9,34525470,FYERS_HISTORY,2026-08-08T23:56:47+05:30
2005-04-28,SMD-0225,TATASTEEL,NSE:TATASTEEL-EQ,31.1,31.15,30.19,30.34,62654240,FYERS_HISTORY,2026-08-08T23:56:47+05:30
2005-04-29,SMD-0225,TATASTEEL,NSE:TATASTEEL-EQ,30.49,30.64,29.99,30.13,67198110,FYERS_HISTORY,2026-08-08T23:56:47+05:30
2005-05-02,SMD-0225,TATASTEEL,NSE:TATASTEEL-EQ,30.49,30.64,29.97,30.5,53834860,FYERS_HISTORY,2026-08-08T23:56:47+05:30
2005-05-03,SMD-0225,TATASTEEL,NSE:TATASTEEL-EQ,30.57,31.0,30.24,30.35,50386600,FYERS_HISTORY,2026-08-08T23:56:47+05:30
2005-05-04,SMD-0225,TATASTEEL,NSE:TATASTEEL-EQ,30.53,31.36,30.44,31.29,48185370,FYERS_HISTORY,2026-08-08T23:56:47+05:30
2005-05-05,SMD-0225,TATASTEEL,NSE:TATASTEEL-EQ,31.47,31.84,31.13,31.37,54776160,FYERS_HISTORY,2026-08-08T23:56:47+05:30
2005-05-06,SMD-0225,TATASTEEL,NSE:TATASTEEL-EQ,31.44,31.54,30.76,31.31,48829540,FYERS_HISTORY,2026-08-08T23:56:47+05:30
2005-05-09,SMD-0225,TATASTEEL,NSE:TATASTEEL-EQ,31.72,32.2,31.37,32.08,42569230,FYERS_HISTORY,2026-08-08T23:56:47+05:30
2005-05-10,SMD-0225,TATASTEEL,NSE:TATASTEEL-EQ,32.13,32.3,31.56,31.68,38280500,FYERS_HISTORY,2026-08-08T23:56:47+05:30
2005-05-11,SMD-0225,TATASTEEL,NSE:TATASTEEL-EQ,31.81,31.81,31.03,31.58,32395280,FYERS_HISTORY,2026-08-08T23:56:47+05:30
2005-05-12,SMD-0225,TATASTEEL,NSE:TATASTEEL-EQ,31.63,32.03,31.47,31.63,29780610,FYERS_HISTORY,2026-08-08T23:56:47+05:30
2005-05-13,SMD-0225,TATASTEEL,NSE:TATASTEEL-EQ,31.55,31.87,31.19,31.78,33928520,FYERS_HISTORY,2026-08-08T23:56:47+05:30
2005-05-16,SMD-0225,TATASTEEL,NSE:TATASTEEL-EQ,31.81,32.24,31.72,32.09,21839880,FYERS_HISTORY,2026-08-08T23:56:47+05:30
2005-05-17,SMD-0225,TATASTEEL,NSE:TATASTEEL-EQ,32.25,32.47,31.15,31.29,31723950,FYERS_HISTORY,2026-08-08T23:56:47+05:30
2005-05-18,SMD-0225,TATASTEEL,NSE:TATASTEEL-EQ,31.28,31.9,31.03,31.53,53998660,FYERS_HISTORY,2026-08-08T23:56:47+05:30
2005-05-19,SMD-0225,TATASTEEL,NSE:TATASTEEL-EQ,31.81,32.33,31.36,31.52,77036130,FYERS_HISTORY,2026-08-08T23:56:47+05:30
2005-05-20,SMD-0225,TATASTEEL,NSE:TATASTEEL-EQ,31.46,31.8,31.22,31.39,49318450,FYERS_HISTORY,2026-08-08T23:56:47+05:30
2005-05-23,SMD-0225,TATASTEEL,NSE:TATASTEEL-EQ,31.52,31.61,30.87,31.04,38098900,FYERS_HISTORY,2026-08-08T23:56:47+05:30
2005-05-24,SMD-0225,TATASTEEL,NSE:TATASTEEL-EQ,31.19,31.76,31.02,31.64,45729100,FYERS_HISTORY,2026-08-08T23:56:47+05:30
2005-05-25,SMD-0225,TATASTEEL,NSE:TATASTEEL-EQ,31.68,31.79,31.29,31.39,33432200,FYERS_HISTORY,2026-08-08T23:56:47+05:30
2005-05-26,SMD-0225,TATASTEEL,NSE:TATASTEEL-EQ,31.37,31.59,31.21,31.44,24894290,FYERS_HISTORY,2026-08-08T23:56:47+05:30
2005-05-27,SMD-0225,TATASTEEL,NSE:TATASTEEL-EQ,31.81,32.61,31.47,32.04,43516620,FYERS_HISTORY,2026-08-08T23:56:47+05:30
2005-05-30,SMD-0225,TATASTEEL,NSE:TATASTEEL-EQ,32.25,32.25,31.79,31.92,22390460,FYERS_HISTORY,2026-08-08T23:56:47+05:30
2005-05-31,SMD-0225,TATASTEEL,NSE:TATASTEEL-EQ,31.9,32.34,31.86,32.1,23141370,FYERS_HISTORY,2026-08-08T23:56:47+05:30
2005-06-01,SMD-0225,TATASTEEL,NSE:TATASTEEL-EQ,32.17,32.32,31.4,31.49,33949480,FYERS_HISTORY,2026-08-08T23:56:47+05:30
2005-06-02,SMD-0225,TATASTEEL,NSE:TATASTEEL-EQ,31.46,31.46,30.75,30.84,36579890,FYERS_HISTORY,2026-08-08T23:56:47+05:30
2005-06-03,SMD-0225,TATASTEEL,NSE:TATASTEEL-EQ,30.93,31.1,30.41,30.9,46643350,FYERS_HISTORY,2026-08-08T23:56:47+05:30
2005-06-04,SMD-0225,TATASTEEL,NSE:TATASTEEL-EQ,30.88,31.42,30.66,31.22,21703750,FYERS_HISTORY,2026-08-08T23:56:47+05:30
2005-06-06,SMD-0225,TATASTEEL,NSE:TATASTEEL-EQ,31.32,31.48,30.78,30.88,33102500,FYERS_HISTORY,2026-08-08T23:56:47+05:30
2005-06-07,SMD-0225,TATASTEEL,NSE:TATASTEEL-EQ,30.22,30.22,29.81,29.98,28139740,FYERS_HISTORY,2026-08-08T23:56:47+05:30
2005-06-08,SMD-0225,TATASTEEL,NSE:TATASTEEL-EQ,30.12,30.21,29.59,29.99,38183610,FYERS_HISTORY,2026-08-08T23:56:47+05:30
2005-06-09,SMD-0225,TATASTEEL,NSE:TATASTEEL-EQ,29.89,30.29,29.69,29.85,39769770,FYERS_HISTORY,2026-08-08T23:56:47+05:30
2005-06-10,SMD-0225,TATASTEEL,NSE:TATASTEEL-EQ,30.04,30.19,29.46,29.55,49463120,FYERS_HISTORY,2026-08-08T23:56:47+05:30
2005-06-13,SMD-0225,TATASTEEL,NSE:TATASTEEL-EQ,29.73,29.77,29.16,29.23,27606120,FYERS_HISTORY,2026-08-08T23:56:47+05:30
2005-06-14,SMD-0225,TATASTEEL,NSE:TATASTEEL-EQ,29.34,29.74,29.25,29.55,29369590,FYERS_HISTORY,2026-08-08T23:56:47+05:30
2005-06-15,SMD-0225,TATASTEEL,NSE:TATASTEEL-EQ,29.6,30.11,29.6,30.0,34286560,FYERS_HISTORY,2026-08-08T23:56:47+05:30
2005-06-16,SMD-0225,TATASTEEL,NSE:TATASTEEL-EQ,30.05,30.47,29.94,30.0,36503870,FYERS_HISTORY,2026-08-08T23:56:47+05:30
2005-06-17,SMD-0225,TATASTEEL,NSE:TATASTEEL-EQ,30.08,30.22,29.68,30.12,25113160,FYERS_HISTORY,2026-08-08T23:56:47+05:30
2005-06-20,SMD-0225,TATASTEEL,NSE:TATASTEEL-EQ,30.41,30.96,29.97,30.8,41390190,FYERS_HISTORY,2026-08-08T23:56:47+05:30
2005-06-21,SMD-0225,TATASTEEL,NSE:TATASTEEL-EQ,31.02,31.63,30.94,31.56,49655410,FYERS_HISTORY,2026-08-08T23:56:47+05:30
2005-06-22,SMD-0225,TATASTEEL,NSE:TATASTEEL-EQ,31.72,32.69,31.44,32.17,121702610,FYERS_HISTORY,2026-08-08T23:56:47+05:30
2005-06-23,SMD-0225,TATASTEEL,NSE:TATASTEEL-EQ,32.37,32.93,32.13,32.34,64194930,FYERS_HISTORY,2026-08-08T23:56:47+05:30
2005-06-24,SMD-0225,TATASTEEL,NSE:TATASTEEL-EQ,32.08,32.42,31.86,32.08,37184350,FYERS_HISTORY,2026-08-08T23:56:47+05:30
2005-06-27,SMD-0225,TATASTEEL,NSE:TATASTEEL-EQ,32.25,32.43,31.63,31.75,46556180,FYERS_HISTORY,2026-08-08T23:56:47+05:30
2005-06-28,SMD-0225,TATASTEEL,NSE:TATASTEEL-EQ,31.74,31.82,30.0,30.2,42729730,FYERS_HISTORY,2026-08-08T23:56:47+05:30
2005-06-29,SMD-0225,TATASTEEL,NSE:TATASTEEL-EQ,30.22,30.7,29.81,30.58,44952180,FYERS_HISTORY,2026-08-08T23:56:47+05:30
2005-06-30,SMD-0225,TATASTEEL,NSE:TATASTEEL-EQ,30.66,30.75,29.83,30.02,55405790,FYERS_HISTORY,2026-08-08T23:56:47+05:30
2005-07-01,SMD-0225,TATASTEEL,NSE:TATASTEEL-EQ,30.22,30.62,29.7,30.41,43045520,FYERS_HISTORY,2026-08-08T23:56:47+05:30
2005-07-04,SMD-0225,TATASTEEL,NSE:TATASTEEL-EQ,30.49,30.87,30.31,30.57,25876440,FYERS_HISTORY,2026-08-08T23:56:47+05:30
2005-07-05,SMD-0225,TATASTEEL,NSE:TATASTEEL-EQ,31.02,31.8,30.25,30.66,47397470,FYERS_HISTORY,2026-08-08T23:56:47+05:30
2005-07-06,SMD-0225,TATASTEEL,NSE:TATASTEEL-EQ,30.75,31.19,30.49,30.95,36449850,FYERS_HISTORY,2026-08-08T23:56:47+05:30
2005-07-07,SMD-0225,TATASTEEL,NSE:TATASTEEL-EQ,31.02,31.79,31.02,31.26,62201510,FYERS_HISTORY,2026-08-08T23:56:47+05:30
2005-07-08,SMD-0225,TATASTEEL,NSE:TATASTEEL-EQ,31.63,32.24,31.63,32.02,53723470,FYERS_HISTORY,2026-08-08T23:56:47+05:30
2005-07-11,SMD-0225,TATASTEEL,NSE:TATASTEEL-EQ,31.99,32.39,31.9,31.99,27836870,FYERS_HISTORY,2026-08-08T23:56:47+05:30
2005-07-12,SMD-0225,TATASTEEL,NSE:TATASTEEL-EQ,32.08,32.25,31.37,31.84,27231990,FYERS_HISTORY,2026-08-08T23:56:47+05:30
2005-07-13,SMD-0225,TATASTEEL,NSE:TATASTEEL-EQ,32.06,32.06,31.15,31.37,25941040,FYERS_HISTORY,2026-08-08T23:56:47+05:30
2005-07-14,SMD-0225,TATASTEEL,NSE:TATASTEEL-EQ,31.45,31.56,30.93,30.98,17586720,FYERS_HISTORY,2026-08-08T23:56:47+05:30
2005-07-15,SMD-0225,TATASTEEL,NSE:TATASTEEL-EQ,31.1,31.57,30.72,31.41,23248080,FYERS_HISTORY,2026-08-08T23:56:47+05:30
2005-07-18,SMD-0225,TATASTEEL,NSE:TATASTEEL-EQ,31.46,32.25,31.31,32.04,33496470,FYERS_HISTORY,2026-08-08T23:56:47+05:30
2005-07-19,SMD-0225,TATASTEEL,NSE:TATASTEEL-EQ,32.21,32.82,31.91,32.67,40883170,FYERS_HISTORY,2026-08-08T23:56:47+05:30
2005-07-20,SMD-0225,TATASTEEL,NSE:TATASTEEL-EQ,32.82,33.13,32.62,32.84,32834320,FYERS_HISTORY,2026-08-08T23:56:47+05:30
2005-07-21,SMD-0225,TATASTEEL,NSE:TATASTEEL-EQ,32.87,33.26,32.43,32.67,40978550,FYERS_HISTORY,2026-08-08T23:56:47+05:30
2005-07-22,SMD-0225,TATASTEEL,NSE:TATASTEEL-EQ,32.7,33.58,32.53,33.47,35477820,FYERS_HISTORY,2026-08-08T23:56:47+05:30
2005-07-25,SMD-0225,TATASTEEL,NSE:TATASTEEL-EQ,33.58,34.24,33.58,34.05,44884960,FYERS_HISTORY,2026-08-08T23:56:47+05:30
2005-07-26,SMD-0225,TATASTEEL,NSE:TATASTEEL-EQ,34.32,34.61,33.76,34.46,43047640,FYERS_HISTORY,2026-08-08T23:56:47+05:30
2005-07-27,SMD-0225,TATASTEEL,NSE:TATASTEEL-EQ,34.46,34.75,32.99,33.16,79410230,FYERS_HISTORY,2026-08-08T23:56:47+05:30
2005-07-29,SMD-0225,TATASTEEL,NSE:TATASTEEL-EQ,35.43,35.43,32.25,32.49,58541460,FYERS_HISTORY,2026-08-08T23:56:47+05:30
2005-08-01,SMD-0225,TATASTEEL,NSE:TATASTEEL-EQ,32.47,32.5,31.81,32.24,36893320,FYERS_HISTORY,2026-08-08T23:56:47+05:30
2005-08-02,SMD-0225,TATASTEEL,NSE:TATASTEEL-EQ,32.08,33.44,31.99,32.97,58390660,FYERS_HISTORY,2026-08-08T23:56:47+05:30
2005-08-03,SMD-0225,TATASTEEL,NSE:TATASTEEL-EQ,33.23,33.71,32.33,32.61,44101540,FYERS_HISTORY,2026-08-08T23:56:47+05:30
2005-08-04,SMD-0225,TATASTEEL,NSE:TATASTEEL-EQ,32.65,34.1,32.61,33.85,79993600,FYERS_HISTORY,2026-08-08T23:56:47+05:30
2005-08-05,SMD-0225,TATASTEEL,NSE:TATASTEEL-EQ,33.93,34.69,33.73,34.3,53617280,FYERS_HISTORY,2026-08-08T23:56:47+05:30
2005-08-08,SMD-0225,TATASTEEL,NSE:TATASTEEL-EQ,34.29,35.02,34.16,34.28,57600870,FYERS_HISTORY,2026-08-08T23:56:47+05:30
2005-08-09,SMD-0225,TATASTEEL,NSE:TATASTEEL-EQ,34.18,35.23,33.9,34.29,57765920,FYERS_HISTORY,2026-08-08T23:56:47+05:30
2005-08-10,SMD-0225,TATASTEEL,NSE:TATASTEEL-EQ,34.55,35.35,34.55,35.17,45042110,FYERS_HISTORY,2026-08-08T23:56:47+05:30
2005-08-11,SMD-0225,TATASTEEL,NSE:TATASTEEL-EQ,35.35,36.12,35.35,35.72,65390180,FYERS_HISTORY,2026-08-08T23:56:47+05:30
2005-08-12,SMD-0225,TATASTEEL,NSE:TATASTEEL-EQ,36.05,36.13,34.91,35.6,54988930,FYERS_HISTORY,2026-08-08T23:56:47+05:30
2005-08-16,SMD-0225,TATASTEEL,NSE:TATASTEEL-EQ,35.88,36.32,35.79,36.2,41735430,FYERS_HISTORY,2026-08-08T23:56:47+05:30
2005-08-17,SMD-0225,TATASTEEL,NSE:TATASTEEL-EQ,36.22,36.72,35.9,36.61,37784100,FYERS_HISTORY,2026-08-08T23:56:47+05:30
2005-08-18,SMD-0225,TATASTEEL,NSE:TATASTEEL-EQ,36.63,36.84,35.96,36.13,47301150,FYERS_HISTORY,2026-08-08T23:56:47+05:30
2005-08-19,SMD-0225,TATASTEEL,NSE:TATASTEEL-EQ,36.14,36.36,35.35,35.52,42568190,FYERS_HISTORY,2026-08-08T23:56:47+05:30
2005-08-22,SMD-0225,TATASTEEL,NSE:TATASTEEL-EQ,35.52,35.87,34.5,34.73,23839560,FYERS_HISTORY,2026-08-08T23:56:47+05:30
2005-08-23,SMD-0225,TATASTEEL,NSE:TATASTEEL-EQ,35.35,35.35,33.78,33.88,32662440,FYERS_HISTORY,2026-08-08T23:56:47+05:30
2005-08-24,SMD-0225,TATASTEEL,NSE:TATASTEEL-EQ,33.95,34.14,32.88,33.23,44304590,FYERS_HISTORY,2026-08-08T23:56:47+05:30
2005-08-25,SMD-0225,TATASTEEL,NSE:TATASTEEL-EQ,34.99,34.99,33.24,33.84,51065870,FYERS_HISTORY,2026-08-08T23:56:47+05:30
2005-08-26,SMD-0225,TATASTEEL,NSE:TATASTEEL-EQ,34.9,35.17,33.87,34.37,27633620,FYERS_HISTORY,2026-08-08T23:56:47+05:30
2005-08-29,SMD-0225,TATASTEEL,NSE:TATASTEEL-EQ,34.46,34.46,33.42,33.95,25416670,FYERS_HISTORY,2026-08-08T23:56:47+05:30
2005-08-30,SMD-0225,TATASTEEL,NSE:TATASTEEL-EQ,33.93,34.69,33.93,34.56,20421070,FYERS_HISTORY,2026-08-08T23:56:47+05:30
2005-08-31,SMD-0225,TATASTEEL,NSE:TATASTEEL-EQ,34.64,34.64,34.26,34.51,16950970,FYERS_HISTORY,2026-08-08T23:56:47+05:30
2005-09-01,SMD-0225,TATASTEEL,NSE:TATASTEEL-EQ,34.7,35.07,34.64,34.75,19374610,FYERS_HISTORY,2026-08-08T23:56:47+05:30
2005-09-02,SMD-0225,TATASTEEL,NSE:TATASTEEL-EQ,34.84,36.0,34.77,35.84,51526010,FYERS_HISTORY,2026-08-08T23:56:47+05:30
2005-09-05,SMD-0225,TATASTEEL,NSE:TATASTEEL-EQ,35.94,36.3,35.62,35.78,36793450,FYERS_HISTORY,2026-08-08T23:56:47+05:30
2005-09-06,SMD-0225,TATASTEEL,NSE:TATASTEEL-EQ,35.79,36.14,35.66,35.9,30792870,FYERS_HISTORY,2026-08-08T23:56:47+05:30
2005-09-08,SMD-0225,TATASTEEL,NSE:TATASTEEL-EQ,36.05,36.32,35.97,36.18,22694700,FYERS_HISTORY,2026-08-08T23:56:47+05:30
2005-09-09,SMD-0225,TATASTEEL,NSE:TATASTEEL-EQ,36.2,36.41,35.6,36.19,18596060,FYERS_HISTORY,2026-08-08T23:56:47+05:30
2005-09-12,SMD-0225,TATASTEEL,NSE:TATASTEEL-EQ,36.41,36.65,36.3,36.39,17794420,FYERS_HISTORY,2026-08-08T23:56:47+05:30
2005-09-13,SMD-0225,TATASTEEL,NSE:TATASTEEL-EQ,36.4,36.48,36.02,36.08,12730260,FYERS_HISTORY,2026-08-08T23:56:47+05:30
2005-09-14,SMD-0225,TATASTEEL,NSE:TATASTEEL-EQ,36.05,36.49,35.39,35.79,26392610,FYERS_HISTORY,2026-08-08T23:56:47+05:30
2005-09-15,SMD-0225,TATASTEEL,NSE:TATASTEEL-EQ,36.67,40.26,35.81,36.59,16990410,FYERS_HISTORY,2026-08-08T23:56:47+05:30
2005-09-16,SMD-0225,TATASTEEL,NSE:TATASTEEL-EQ,36.67,37.5,36.58,37.27,38309670,FYERS_HISTORY,2026-08-08T23:56:47+05:30
2005-09-19,SMD-0225,TATASTEEL,NSE:TATASTEEL-EQ,37.47,38.16,37.28,37.97,31025750,FYERS_HISTORY,2026-08-08T23:56:47+05:30
2005-09-20,SMD-0225,TATASTEEL,NSE:TATASTEEL-EQ,37.97,38.55,37.56,37.83,39226560,FYERS_HISTORY,2026-08-08T23:56:47+05:30
2005-09-21,SMD-0225,TATASTEEL,NSE:TATASTEEL-EQ,30.92,38.0,30.92,36.97,40179820,FYERS_HISTORY,2026-08-08T23:56:47+05:30
2005-09-22,SMD-0225,TATASTEEL,NSE:TATASTEEL-EQ,36.33,37.42,35.21,35.51,58347960,FYERS_HISTORY,2026-08-08T23:56:47+05:30
2005-09-23,SMD-0225,TATASTEEL,NSE:TATASTEEL-EQ,35.57,36.13,34.68,35.56,44620280,FYERS_HISTORY,2026-08-08T23:56:47+05:30
2005-09-26,SMD-0225,TATASTEEL,NSE:TATASTEEL-EQ,35.61,36.97,35.61,36.77,29484510,FYERS_HISTORY,2026-08-08T23:56:47+05:30
2005-09-27,SMD-0225,TATASTEEL,NSE:TATASTEEL-EQ,36.85,37.32,36.42,36.84,31952140,FYERS_HISTORY,2026-08-08T23:56:47+05:30
2005-09-28,SMD-0225,TATASTEEL,NSE:TATASTEEL-EQ,36.23,37.07,36.23,36.88,23122310,FYERS_HISTORY,2026-08-08T23:56:47+05:30
2005-09-29,SMD-0225,TATASTEEL,NSE:TATASTEEL-EQ,36.99,37.5,36.58,36.92,44789370,FYERS_HISTORY,2026-08-08T23:56:47+05:30
2005-09-30,SMD-0225,TATASTEEL,NSE:TATASTEEL-EQ,37.2,37.86,36.73,37.42,67656910,FYERS_HISTORY,2026-08-08T23:56:47+05:30
2005-10-03,SMD-0225,TATASTEEL,NSE:TATASTEEL-EQ,37.38,37.99,37.38,37.64,22461680,FYERS_HISTORY,2026-08-08T23:56:47+05:30
2005-10-04,SMD-0225,TATASTEEL,NSE:TATASTEEL-EQ,37.69,38.54,37.69,38.27,36630760,FYERS_HISTORY,2026-08-08T23:56:47+05:30
2005-10-05,SMD-0225,TATASTEEL,NSE:TATASTEEL-EQ,38.44,38.49,37.38,37.5,49809940,FYERS_HISTORY,2026-08-08T23:56:47+05:30
2005-10-06,SMD-0225,TATASTEEL,NSE:TATASTEEL-EQ,37.38,37.38,35.45,35.68,65873940,FYERS_HISTORY,2026-08-08T23:56:47+05:30
2005-10-07,SMD-0225,TATASTEEL,NSE:TATASTEEL-EQ,35.09,35.92,34.82,34.94,55826630,FYERS_HISTORY,2026-08-08T23:56:47+05:30
2005-10-10,SMD-0225,TATASTEEL,NSE:TATASTEEL-EQ,35.08,35.14,34.17,34.3,37714780,FYERS_HISTORY,2026-08-08T23:56:47+05:30
2005-10-11,SMD-0225,TATASTEEL,NSE:TATASTEEL-EQ,34.55,34.92,33.81,34.83,39981410,FYERS_HISTORY,2026-08-08T23:56:47+05:30
2005-10-13,SMD-0225,TATASTEEL,NSE:TATASTEEL-EQ,34.55,34.64,33.11,33.25,54173380,FYERS_HISTORY,2026-08-08T23:56:47+05:30
2005-10-14,SMD-0225,TATASTEEL,NSE:TATASTEEL-EQ,33.37,33.81,32.97,33.49,56136950,FYERS_HISTORY,2026-08-08T23:56:47+05:30
2005-10-17,SMD-0225,TATASTEEL,NSE:TATASTEEL-EQ,33.58,34.14,33.1,33.96,46174690,FYERS_HISTORY,2026-08-08T23:56:47+05:30
2005-10-18,SMD-0225,TATASTEEL,NSE:TATASTEEL-EQ,34.18,34.33,32.17,33.12,34069830,FYERS_HISTORY,2026-08-08T23:56:47+05:30
2005-10-19,SMD-0225,TATASTEEL,NSE:TATASTEEL-EQ,32.84,33.01,31.1,31.95,45481930,FYERS_HISTORY,2026-08-08T23:56:47+05:30
2005-10-20,SMD-0225,TATASTEEL,NSE:TATASTEEL-EQ,32.28,32.86,31.06,31.69,41308640,FYERS_HISTORY,2026-08-08T23:56:47+05:30
2005-10-21,SMD-0225,TATASTEEL,NSE:TATASTEEL-EQ,31.84,32.56,31.6,32.47,43544750,FYERS_HISTORY,2026-08-08T23:56:47+05:30
2005-10-24,SMD-0225,TATASTEEL,NSE:TATASTEEL-EQ,32.56,33.57,31.0,31.13,38928140,FYERS_HISTORY,2026-08-08T23:56:47+05:30
2005-10-25,SMD-0225,TATASTEEL,NSE:TATASTEEL-EQ,31.37,31.59,30.75,30.97,45733890,FYERS_HISTORY,2026-08-08T23:56:47+05:30
2005-10-26,SMD-0225,TATASTEEL,NSE:TATASTEEL-EQ,31.02,31.45,30.42,30.65,41948570,FYERS_HISTORY,2026-08-08T23:56:47+05:30
2005-10-27,SMD-0225,TATASTEEL,NSE:TATASTEEL-EQ,30.72,30.83,29.61,29.83,51081980,FYERS_HISTORY,2026-08-08T23:56:47+05:30
2005-10-28,SMD-0225,TATASTEEL,NSE:TATASTEEL-EQ,30.83,30.83,29.07,29.23,23937470,FYERS_HISTORY,2026-08-08T23:56:47+05:30
2005-10-31,SMD-0225,TATASTEEL,NSE:TATASTEEL-EQ,29.6,30.09,29.27,29.99,20293090,FYERS_HISTORY,2026-08-08T23:56:47+05:30
2005-11-01,SMD-0225,TATASTEEL,NSE:TATASTEEL-EQ,30.49,30.49,29.97,30.06,8931150,FYERS_HISTORY,2026-08-08T23:56:47+05:30
2005-11-02,SMD-0225,TATASTEEL,NSE:TATASTEEL-EQ,30.17,31.02,29.25,30.84,42519210,FYERS_HISTORY,2026-08-08T23:56:47+05:30
2005-11-07,SMD-0225,TATASTEEL,NSE:TATASTEEL-EQ,30.09,32.39,30.09,32.13,71440850,FYERS_HISTORY,2026-08-08T23:56:47+05:30
2005-11-08,SMD-0225,TATASTEEL,NSE:TATASTEEL-EQ,32.33,32.6,31.57,32.0,54746150,FYERS_HISTORY,2026-08-08T23:56:47+05:30
2005-11-09,SMD-0225,TATASTEEL,NSE:TATASTEEL-EQ,32.17,32.59,31.81,32.05,59424400,FYERS_HISTORY,2026-08-08T23:56:47+05:30
2005-11-10,SMD-0225,TATASTEEL,NSE:TATASTEEL-EQ,32.06,32.32,31.83,32.11,28419990,FYERS_HISTORY,2026-08-08T23:56:47+05:30
2005-11-11,SMD-0225,TATASTEEL,NSE:TATASTEEL-EQ,32.32,32.99,32.25,32.81,34453570,FYERS_HISTORY,2026-08-08T23:56:47+05:30
2005-11-14,SMD-0225,TATASTEEL,NSE:TATASTEEL-EQ,33.08,33.08,31.83,32.31,33036050,FYERS_HISTORY,2026-08-08T23:56:47+05:30
2005-11-16,SMD-0225,TATASTEEL,NSE:TATASTEEL-EQ,32.61,32.7,32.08,32.48,18482240,FYERS_HISTORY,2026-08-08T23:56:47+05:30
2005-11-17,SMD-0225,TATASTEEL,NSE:TATASTEEL-EQ,32.69,33.05,31.72,32.43,40744130,FYERS_HISTORY,2026-08-08T23:56:47+05:30
2005-11-18,SMD-0225,TATASTEEL,NSE:TATASTEEL-EQ,32.61,33.14,32.54,32.71,38000760,FYERS_HISTORY,2026-08-08T23:56:47+05:30
2005-11-21,SMD-0225,TATASTEEL,NSE:TATASTEEL-EQ,32.83,32.86,31.73,31.88,26572760,FYERS_HISTORY,2026-08-08T23:56:47+05:30
2005-11-22,SMD-0225,TATASTEEL,NSE:TATASTEEL-EQ,31.85,31.99,30.85,31.03,37306150,FYERS_HISTORY,2026-08-08T23:56:47+05:30
2005-11-23,SMD-0225,TATASTEEL,NSE:TATASTEEL-EQ,30.93,31.03,29.98,30.28,58866150,FYERS_HISTORY,2026-08-08T23:56:47+05:30
2005-11-24,SMD-0225,TATASTEEL,NSE:TATASTEEL-EQ,30.31,30.81,30.1,30.26,60263490,FYERS_HISTORY,2026-08-08T23:56:47+05:30
2005-11-25,SMD-0225,TATASTEEL,NSE:TATASTEEL-EQ,30.42,30.75,29.87,30.24,48133340,FYERS_HISTORY,2026-08-08T23:56:47+05:30
2005-11-26,SMD-0225,TATASTEEL,NSE:TATASTEEL-EQ,30.26,30.58,30.26,30.42,9284910,FYERS_HISTORY,2026-08-08T23:56:47+05:30
2005-11-28,SMD-0225,TATASTEEL,NSE:TATASTEEL-EQ,30.56,31.1,30.22,30.46,77933650,FYERS_HISTORY,2026-08-08T23:56:47+05:30
2005-11-29,SMD-0225,TATASTEEL,NSE:TATASTEEL-EQ,30.35,31.07,30.2,30.74,45009840,FYERS_HISTORY,2026-08-08T23:56:47+05:30
2005-11-30,SMD-0225,TATASTEEL,NSE:TATASTEEL-EQ,30.89,31.54,30.76,30.9,55440420,FYERS_HISTORY,2026-08-08T23:56:47+05:30
2005-12-01,SMD-0225,TATASTEEL,NSE:TATASTEEL-EQ,31.54,31.54,30.6,30.95,36249800,FYERS_HISTORY,2026-08-08T23:56:47+05:30
2005-12-02,SMD-0225,TATASTEEL,NSE:TATASTEEL-EQ,31.28,31.94,31.19,31.55,52548570,FYERS_HISTORY,2026-08-08T23:56:47+05:30
2005-12-05,SMD-0225,TATASTEEL,NSE:TATASTEEL-EQ,31.63,31.81,31.16,31.29,28198360,FYERS_HISTORY,2026-08-08T23:56:47+05:30
2005-12-06,SMD-0225,TATASTEEL,NSE:TATASTEEL-EQ,31.25,31.53,30.77,31.03,17861600,FYERS_HISTORY,2026-08-08T23:56:47+05:30
2005-12-07,SMD-0225,TATASTEEL,NSE:TATASTEEL-EQ,31.03,31.21,30.77,30.9,20132100,FYERS_HISTORY,2026-08-08T23:56:47+05:30
2005-12-08,SMD-0225,TATASTEEL,NSE:TATASTEEL-EQ,31.1,31.1,30.56,30.73,19255560,FYERS_HISTORY,2026-08-08T23:56:47+05:30
2005-12-09,SMD-0225,TATASTEEL,NSE:TATASTEEL-EQ,30.82,31.55,30.75,31.46,29808550,FYERS_HISTORY,2026-08-08T23:56:47+05:30
2005-12-12,SMD-0225,TATASTEEL,NSE:TATASTEEL-EQ,31.55,32.25,31.55,32.08,29645130,FYERS_HISTORY,2026-08-08T23:56:47+05:30
2005-12-13,SMD-0225,TATASTEEL,NSE:TATASTEEL-EQ,32.17,32.9,32.0,32.66,36897520,FYERS_HISTORY,2026-08-08T23:56:47+05:30
2005-12-14,SMD-0225,TATASTEEL,NSE:TATASTEEL-EQ,32.81,33.67,32.74,33.42,60267440,FYERS_HISTORY,2026-08-08T23:56:47+05:30
2005-12-15,SMD-0225,TATASTEEL,NSE:TATASTEEL-EQ,33.67,33.96,32.29,32.59,71151150,FYERS_HISTORY,2026-08-08T23:56:47+05:30
2005-12-16,SMD-0225,TATASTEEL,NSE:TATASTEEL-EQ,32.81,32.86,32.27,32.51,35485790,FYERS_HISTORY,2026-08-08T23:56:47+05:30
2005-12-19,SMD-0225,TATASTEEL,NSE:TATASTEEL-EQ,32.69,33.67,32.61,33.58,28958370,FYERS_HISTORY,2026-08-08T23:56:47+05:30
2005-12-20,SMD-0225,TATASTEEL,NSE:TATASTEEL-EQ,33.67,33.76,32.85,33.09,36904190,FYERS_HISTORY,2026-08-08T23:56:47+05:30
2005-12-21,SMD-0225,TATASTEEL,NSE:TATASTEEL-EQ,33.07,33.33,32.59,33.17,38055340,FYERS_HISTORY,2026-08-08T23:56:47+05:30
2005-12-22,SMD-0225,TATASTEEL,NSE:TATASTEEL-EQ,33.25,33.84,33.18,33.71,36463730,FYERS_HISTORY,2026-08-08T23:56:47+05:30
2005-12-23,SMD-0225,TATASTEEL,NSE:TATASTEEL-EQ,33.81,33.99,32.39,32.56,43116100,FYERS_HISTORY,2026-08-08T23:56:47+05:30
2005-12-26,SMD-0225,TATASTEEL,NSE:TATASTEEL-EQ,32.61,32.83,32.22,32.57,37066440,FYERS_HISTORY,2026-08-08T23:56:47+05:30
2005-12-27,SMD-0225,TATASTEEL,NSE:TATASTEEL-EQ,32.56,33.22,32.43,33.16,20366270,FYERS_HISTORY,2026-08-08T23:56:47+05:30
2005-12-28,SMD-0225,TATASTEEL,NSE:TATASTEEL-EQ,33.23,33.48,32.62,32.79,26566230,FYERS_HISTORY,2026-08-08T23:56:47+05:30
2005-12-29,SMD-0225,TATASTEEL,NSE:TATASTEEL-EQ,32.83,33.04,32.53,32.73,33669290,FYERS_HISTORY,2026-08-08T23:56:47+05:30
2005-12-30,SMD-0225,TATASTEEL,NSE:TATASTEEL-EQ,32.72,33.72,32.72,33.58,39911290,FYERS_HISTORY,2026-08-08T23:56:48+05:30
2006-01-02,SMD-0225,TATASTEEL,NSE:TATASTEEL-EQ,33.75,33.91,33.16,33.49,19269660,FYERS_HISTORY,2026-08-08T23:56:48+05:30
2006-01-03,SMD-0225,TATASTEEL,NSE:TATASTEEL-EQ,33.67,34.23,33.49,34.13,20344170,FYERS_HISTORY,2026-08-08T23:56:48+05:30
2006-01-04,SMD-0225,TATASTEEL,NSE:TATASTEEL-EQ,34.36,34.36,33.82,33.96,22763690,FYERS_HISTORY,2026-08-08T23:56:48+05:30
2006-01-05,SMD-0225,TATASTEEL,NSE:TATASTEEL-EQ,34.01,34.09,33.51,33.61,13928300,FYERS_HISTORY,2026-08-08T23:56:48+05:30
2006-01-06,SMD-0225,TATASTEEL,NSE:TATASTEEL-EQ,33.72,34.01,33.35,33.95,24079970,FYERS_HISTORY,2026-08-08T23:56:48+05:30
2006-01-09,SMD-0225,TATASTEEL,NSE:TATASTEEL-EQ,34.06,34.32,33.41,33.58,24103480,FYERS_HISTORY,2026-08-08T23:56:48+05:30
2006-01-10,SMD-0225,TATASTEEL,NSE:TATASTEEL-EQ,33.57,33.65,32.78,32.89,16149320,FYERS_HISTORY,2026-08-08T23:56:48+05:30
2006-01-12,SMD-0225,TATASTEEL,NSE:TATASTEEL-EQ,32.7,33.09,32.27,32.63,23742620,FYERS_HISTORY,2026-08-08T23:56:48+05:30
2006-01-13,SMD-0225,TATASTEEL,NSE:TATASTEEL-EQ,33.4,33.4,32.34,32.44,16049620,FYERS_HISTORY,2026-08-08T23:56:48+05:30
2006-01-16,SMD-0225,TATASTEEL,NSE:TATASTEEL-EQ,32.43,32.43,31.34,31.48,26772060,FYERS_HISTORY,2026-08-08T23:56:48+05:30
2006-01-17,SMD-0225,TATASTEEL,NSE:TATASTEEL-EQ,31.53,31.71,30.68,30.8,27750840,FYERS_HISTORY,2026-08-08T23:56:48+05:30
2006-01-18,SMD-0225,TATASTEEL,NSE:TATASTEEL-EQ,35.35,35.35,30.36,31.03,23036340,FYERS_HISTORY,2026-08-08T23:56:48+05:30
2006-01-19,SMD-0225,TATASTEEL,NSE:TATASTEEL-EQ,31.18,31.94,31.15,31.85,25078450,FYERS_HISTORY,2026-08-08T23:56:48+05:30
2006-01-20,SMD-0225,TATASTEEL,NSE:TATASTEEL-EQ,32.08,32.59,31.86,32.0,44416310,FYERS_HISTORY,2026-08-08T23:56:48+05:30
2006-01-23,SMD-0225,TATASTEEL,NSE:TATASTEEL-EQ,31.86,31.98,30.83,31.56,52771470,FYERS_HISTORY,2026-08-08T23:56:48+05:30
2006-01-24,SMD-0225,TATASTEEL,NSE:TATASTEEL-EQ,31.64,32.4,31.29,32.21,29371420,FYERS_HISTORY,2026-08-08T23:56:48+05:30
2006-01-25,SMD-0225,TATASTEEL,NSE:TATASTEEL-EQ,32.33,32.52,31.82,32.1,17185100,FYERS_HISTORY,2026-08-08T23:56:48+05:30
2006-01-27,SMD-0225,TATASTEEL,NSE:TATASTEEL-EQ,32.25,35.59,32.24,34.94,90963460,FYERS_HISTORY,2026-08-08T23:56:48+05:30
2006-01-30,SMD-0225,TATASTEEL,NSE:TATASTEEL-EQ,34.51,35.59,33.3,35.08,84906150,FYERS_HISTORY,2026-08-08T23:56:48+05:30
2006-01-31,SMD-0225,TATASTEEL,NSE:TATASTEEL-EQ,34.88,36.01,34.88,35.74,68830550,FYERS_HISTORY,2026-08-08T23:56:48+05:30
2006-02-01,SMD-0225,TATASTEEL,NSE:TATASTEEL-EQ,35.88,35.88,34.88,35.13,70220940,FYERS_HISTORY,2026-08-08T23:56:48+05:30
2006-02-02,SMD-0225,TATASTEEL,NSE:TATASTEEL-EQ,35.26,35.94,35.19,35.53,50772420,FYERS_HISTORY,2026-08-08T23:56:48+05:30
2006-02-03,SMD-0225,TATASTEEL,NSE:TATASTEEL-EQ,35.36,35.7,35.0,35.42,30125900,FYERS_HISTORY,2026-08-08T23:56:48+05:30
2006-02-06,SMD-0225,TATASTEEL,NSE:TATASTEEL-EQ,35.35,36.39,34.9,35.96,34461240,FYERS_HISTORY,2026-08-08T23:56:48+05:30
2006-02-07,SMD-0225,TATASTEEL,NSE:TATASTEEL-EQ,35.96,36.6,35.89,36.12,23744060,FYERS_HISTORY,2026-08-08T23:56:48+05:30
2006-02-08,SMD-0225,TATASTEEL,NSE:TATASTEEL-EQ,36.12,36.12,34.51,34.66,36848300,FYERS_HISTORY,2026-08-08T23:56:48+05:30
2006-02-10,SMD-0225,TATASTEEL,NSE:TATASTEEL-EQ,34.9,35.24,34.2,34.4,34589750,FYERS_HISTORY,2026-08-08T23:56:48+05:30
2006-02-13,SMD-0225,TATASTEEL,NSE:TATASTEEL-EQ,34.46,35.0,34.36,34.65,20449080,FYERS_HISTORY,2026-08-08T23:56:48+05:30
2006-02-14,SMD-0225,TATASTEEL,NSE:TATASTEEL-EQ,34.67,34.76,33.69,33.89,17467070,FYERS_HISTORY,2026-08-08T23:56:48+05:30
2006-02-15,SMD-0225,TATASTEEL,NSE:TATASTEEL-EQ,34.02,34.39,33.5,34.27,24714410,FYERS_HISTORY,2026-08-08T23:56:48+05:30
2006-02-16,SMD-0225,TATASTEEL,NSE:TATASTEEL-EQ,34.48,34.82,34.05,34.62,23488620,FYERS_HISTORY,2026-08-08T23:56:48+05:30
2006-02-17,SMD-0225,TATASTEEL,NSE:TATASTEEL-EQ,34.73,35.16,33.99,34.18,28634160,FYERS_HISTORY,2026-08-08T23:56:48+05:30
2006-02-20,SMD-0225,TATASTEEL,NSE:TATASTEEL-EQ,34.13,35.08,34.02,34.92,28303050,FYERS_HISTORY,2026-08-08T23:56:48+05:30
2006-02-21,SMD-0225,TATASTEEL,NSE:TATASTEEL-EQ,35.08,35.97,35.06,35.61,38021180,FYERS_HISTORY,2026-08-08T23:56:48+05:30
2006-02-22,SMD-0225,TATASTEEL,NSE:TATASTEEL-EQ,35.79,36.49,35.61,36.36,32427760,FYERS_HISTORY,2026-08-08T23:56:48+05:30
2006-02-23,SMD-0225,TATASTEEL,NSE:TATASTEEL-EQ,36.41,37.56,36.41,36.99,47263820,FYERS_HISTORY,2026-08-08T23:56:48+05:30
2006-02-24,SMD-0225,TATASTEEL,NSE:TATASTEEL-EQ,37.11,37.9,36.95,37.41,45438750,FYERS_HISTORY,2026-08-08T23:56:48+05:30
2006-02-27,SMD-0225,TATASTEEL,NSE:TATASTEEL-EQ,37.8,37.87,37.23,37.3,14064060,FYERS_HISTORY,2026-08-08T23:56:48+05:30
2006-02-28,SMD-0225,TATASTEEL,NSE:TATASTEEL-EQ,37.51,38.69,36.41,38.09,53346020,FYERS_HISTORY,2026-08-08T23:56:48+05:30
2006-03-01,SMD-0225,TATASTEEL,NSE:TATASTEEL-EQ,38.11,39.5,37.57,39.08,45982850,FYERS_HISTORY,2026-08-08T23:56:48+05:30
2006-03-02,SMD-0225,TATASTEEL,NSE:TATASTEEL-EQ,39.5,40.56,39.47,39.76,45201080,FYERS_HISTORY,2026-08-08T23:56:48+05:30
2006-03-03,SMD-0225,TATASTEEL,NSE:TATASTEEL-EQ,39.85,40.43,39.51,40.14,39009030,FYERS_HISTORY,2026-08-08T23:56:48+05:30
2006-03-06,SMD-0225,TATASTEEL,NSE:TATASTEEL-EQ,40.24,41.97,40.24,41.82,37089580,FYERS_HISTORY,2026-08-08T23:56:48+05:30
2006-03-07,SMD-0225,TATASTEEL,NSE:TATASTEEL-EQ,41.82,41.96,39.78,41.38,35186370,FYERS_HISTORY,2026-08-08T23:56:48+05:30
2006-03-08,SMD-0225,TATASTEEL,NSE:TATASTEEL-EQ,41.18,41.35,39.02,39.21,38488650,FYERS_HISTORY,2026-08-08T23:56:48+05:30
2006-03-09,SMD-0225,TATASTEEL,NSE:TATASTEEL-EQ,39.33,40.16,38.28,39.91,47106020,FYERS_HISTORY,2026-08-08T23:56:48+05:30
2006-03-10,SMD-0225,TATASTEEL,NSE:TATASTEEL-EQ,40.12,41.07,40.12,40.26,23832840,FYERS_HISTORY,2026-08-08T23:56:48+05:30
2006-03-13,SMD-0225,TATASTEEL,NSE:TATASTEEL-EQ,40.55,41.08,40.18,40.67,24275440,FYERS_HISTORY,2026-08-08T23:56:48+05:30
2006-03-14,SMD-0225,TATASTEEL,NSE:TATASTEEL-EQ,40.82,41.39,40.27,40.55,31009420,FYERS_HISTORY,2026-08-08T23:56:48+05:30
2006-03-16,SMD-0225,TATASTEEL,NSE:TATASTEEL-EQ,40.78,41.8,40.74,41.52,29979640,FYERS_HISTORY,2026-08-08T23:56:48+05:30
2006-03-17,SMD-0225,TATASTEEL,NSE:TATASTEEL-EQ,41.58,41.83,40.74,40.85,18042340,FYERS_HISTORY,2026-08-08T23:56:48+05:30
2006-03-20,SMD-0225,TATASTEEL,NSE:TATASTEEL-EQ,40.91,41.39,40.91,41.28,13064940,FYERS_HISTORY,2026-08-08T23:56:48+05:30
2006-03-21,SMD-0225,TATASTEEL,NSE:TATASTEEL-EQ,41.39,42.15,41.1,41.37,29770890,FYERS_HISTORY,2026-08-08T23:56:48+05:30
2006-03-22,SMD-0225,TATASTEEL,NSE:TATASTEEL-EQ,41.39,41.97,41.01,41.47,29548720,FYERS_HISTORY,2026-08-08T23:56:48+05:30
2006-03-23,SMD-0225,TATASTEEL,NSE:TATASTEEL-EQ,41.54,43.19,40.74,42.88,52317950,FYERS_HISTORY,2026-08-08T23:56:48+05:30
2006-03-24,SMD-0225,TATASTEEL,NSE:TATASTEEL-EQ,42.87,43.72,42.81,43.6,36697430,FYERS_HISTORY,2026-08-08T23:56:48+05:30
2006-03-27,SMD-0225,TATASTEEL,NSE:TATASTEEL-EQ,43.72,45.99,43.72,45.76,47434690,FYERS_HISTORY,2026-08-08T23:56:48+05:30
2006-03-28,SMD-0225,TATASTEEL,NSE:TATASTEEL-EQ,45.95,46.39,45.08,46.15,38033980,FYERS_HISTORY,2026-08-08T23:56:48+05:30
2006-03-29,SMD-0225,TATASTEEL,NSE:TATASTEEL-EQ,46.23,46.47,45.64,46.15,24525420,FYERS_HISTORY,2026-08-08T23:56:48+05:30
2006-03-30,SMD-0225,TATASTEEL,NSE:TATASTEEL-EQ,46.22,47.26,45.43,46.11,58839580,FYERS_HISTORY,2026-08-08T23:56:48+05:30
2006-03-31,SMD-0225,TATASTEEL,NSE:TATASTEEL-EQ,46.3,47.94,46.06,47.41,38731620,FYERS_HISTORY,2026-08-08T23:56:48+05:30
2006-04-03,SMD-0225,TATASTEEL,NSE:TATASTEEL-EQ,47.81,48.32,47.66,47.99,20671120,FYERS_HISTORY,2026-08-08T23:56:48+05:30
2006-04-04,SMD-0225,TATASTEEL,NSE:TATASTEEL-EQ,48.16,48.42,47.21,47.96,34035000,FYERS_HISTORY,2026-08-08T23:56:48+05:30
2006-04-05,SMD-0225,TATASTEEL,NSE:TATASTEEL-EQ,48.11,48.33,47.64,47.92,15522870,FYERS_HISTORY,2026-08-08T23:56:48+05:30
2006-04-07,SMD-0225,TATASTEEL,NSE:TATASTEEL-EQ,48.11,49.49,47.54,47.78,33244600,FYERS_HISTORY,2026-08-08T23:56:48+05:30
2006-04-10,SMD-0225,TATASTEEL,NSE:TATASTEEL-EQ,49.04,54.61,47.59,51.15,54056090,FYERS_HISTORY,2026-08-08T23:56:48+05:30
2006-04-12,SMD-0225,TATASTEEL,NSE:TATASTEEL-EQ,51.25,52.91,48.81,49.35,50137880,FYERS_HISTORY,2026-08-08T23:56:48+05:30
2006-04-13,SMD-0225,TATASTEEL,NSE:TATASTEEL-EQ,49.4,50.79,46.93,49.9,52837880,FYERS_HISTORY,2026-08-08T23:56:48+05:30
2006-04-17,SMD-0225,TATASTEEL,NSE:TATASTEEL-EQ,50.27,52.79,50.09,52.61,48872340,FYERS_HISTORY,2026-08-08T23:56:48+05:30
2006-04-18,SMD-0225,TATASTEEL,NSE:TATASTEEL-EQ,52.79,53.13,51.61,52.1,30321030,FYERS_HISTORY,2026-08-08T23:56:48+05:30
2006-04-19,SMD-0225,TATASTEEL,NSE:TATASTEEL-EQ,52.57,54.47,52.32,53.79,53806740,FYERS_HISTORY,2026-08-08T23:56:48+05:30
2006-04-20,SMD-0225,TATASTEEL,NSE:TATASTEEL-EQ,54.42,57.12,53.9,56.9,65903130,FYERS_HISTORY,2026-08-08T23:56:48+05:30
2006-04-21,SMD-0225,TATASTEEL,NSE:TATASTEEL-EQ,56.66,58.89,50.82,57.83,80534170,FYERS_HISTORY,2026-08-08T23:56:48+05:30
2006-04-24,SMD-0225,TATASTEEL,NSE:TATASTEEL-EQ,57.88,59.11,56.73,57.74,40623720,FYERS_HISTORY,2026-08-08T23:56:48+05:30
2006-04-25,SMD-0225,TATASTEEL,NSE:TATASTEEL-EQ,57.75,57.78,54.61,55.05,49621700,FYERS_HISTORY,2026-08-08T23:56:48+05:30
2006-04-26,SMD-0225,TATASTEEL,NSE:TATASTEEL-EQ,55.03,58.22,54.88,57.91,45878260,FYERS_HISTORY,2026-08-08T23:56:48+05:30
2006-04-27,SMD-0225,TATASTEEL,NSE:TATASTEEL-EQ,58.22,65.83,56.03,56.37,62174210,FYERS_HISTORY,2026-08-08T23:56:48+05:30
2006-04-28,SMD-0225,TATASTEEL,NSE:TATASTEEL-EQ,54.47,56.5,53.11,56.04,55279470,FYERS_HISTORY,2026-08-08T23:56:48+05:30
2006-04-29,SMD-0225,TATASTEEL,NSE:TATASTEEL-EQ,56.5,57.87,56.5,57.07,14978710,FYERS_HISTORY,2026-08-08T23:56:48+05:30
2006-05-02,SMD-0225,TATASTEEL,NSE:TATASTEEL-EQ,57.36,59.8,57.36,59.3,44989290,FYERS_HISTORY,2026-08-08T23:56:48+05:30
2006-05-03,SMD-0225,TATASTEEL,NSE:TATASTEEL-EQ,59.63,60.09,58.11,58.8,40194280,FYERS_HISTORY,2026-08-08T23:56:48+05:30
2006-05-04,SMD-0225,TATASTEEL,NSE:TATASTEEL-EQ,58.94,59.46,57.49,57.99,31217510,FYERS_HISTORY,2026-08-08T23:56:48+05:30
2006-05-05,SMD-0225,TATASTEEL,NSE:TATASTEEL-EQ,58.5,59.28,55.79,56.59,45417950,FYERS_HISTORY,2026-08-08T23:56:48+05:30
2006-05-08,SMD-0225,TATASTEEL,NSE:TATASTEEL-EQ,57.3,58.23,56.71,56.95,24517990,FYERS_HISTORY,2026-08-08T23:56:48+05:30
2006-05-09,SMD-0225,TATASTEEL,NSE:TATASTEEL-EQ,57.44,58.75,55.96,58.32,46061970,FYERS_HISTORY,2026-08-08T23:56:48+05:30
2006-05-10,SMD-0225,TATASTEEL,NSE:TATASTEEL-EQ,58.75,59.65,58.5,59.04,41665990,FYERS_HISTORY,2026-08-08T23:56:48+05:30
2006-05-11,SMD-0225,TATASTEEL,NSE:TATASTEEL-EQ,59.65,59.68,56.04,56.47,45837300,FYERS_HISTORY,2026-08-08T23:56:48+05:30
2006-05-12,SMD-0225,TATASTEEL,NSE:TATASTEEL-EQ,56.55,58.15,55.26,56.89,49390590,FYERS_HISTORY,2026-08-08T23:56:48+05:30
2006-05-15,SMD-0225,TATASTEEL,NSE:TATASTEEL-EQ,56.91,57.17,50.58,51.84,94072710,FYERS_HISTORY,2026-08-08T23:56:48+05:30
2006-05-16,SMD-0225,TATASTEEL,NSE:TATASTEEL-EQ,51.59,52.31,46.44,50.74,103108570,FYERS_HISTORY,2026-08-08T23:56:48+05:30
2006-05-17,SMD-0225,TATASTEEL,NSE:TATASTEEL-EQ,52.14,54.65,51.52,54.07,69124890,FYERS_HISTORY,2026-08-08T23:56:48+05:30
2006-05-18,SMD-0225,TATASTEEL,NSE:TATASTEEL-EQ,53.9,53.9,46.85,48.16,95306790,FYERS_HISTORY,2026-08-08T23:56:48+05:30
2006-05-19,SMD-0225,TATASTEEL,NSE:TATASTEEL-EQ,50.37,50.37,43.74,44.56,87145810,FYERS_HISTORY,2026-08-08T23:56:48+05:30
2006-05-22,SMD-0225,TATASTEEL,NSE:TATASTEEL-EQ,45.07,45.24,38.0,41.61,49717020,FYERS_HISTORY,2026-08-08T23:56:48+05:30
2006-05-23,SMD-0225,TATASTEEL,NSE:TATASTEEL-EQ,41.71,45.42,39.15,45.13,43331790,FYERS_HISTORY,2026-08-08T23:56:48+05:30
2006-05-24,SMD-0225,TATASTEEL,NSE:TATASTEEL-EQ,45.94,46.57,42.11,42.76,44694150,FYERS_HISTORY,2026-08-08T23:56:48+05:30
2006-05-25,SMD-0225,TATASTEEL,NSE:TATASTEEL-EQ,42.3,46.37,41.0,45.58,59435220,FYERS_HISTORY,2026-08-08T23:56:48+05:30
2006-05-26,SMD-0225,TATASTEEL,NSE:TATASTEEL-EQ,45.6,49.22,45.07,47.62,78442890,FYERS_HISTORY,2026-08-08T23:56:48+05:30
2006-05-29,SMD-0225,TATASTEEL,NSE:TATASTEEL-EQ,48.16,50.37,47.63,49.67,59078690,FYERS_HISTORY,2026-08-08T23:56:48+05:30
2006-05-30,SMD-0225,TATASTEEL,NSE:TATASTEEL-EQ,50.26,50.26,47.72,48.34,41322540,FYERS_HISTORY,2026-08-08T23:56:48+05:30
2006-05-31,SMD-0225,TATASTEEL,NSE:TATASTEEL-EQ,47.54,47.54,43.53,45.7,65988430,FYERS_HISTORY,2026-08-08T23:56:48+05:30
2006-06-01,SMD-0225,TATASTEEL,NSE:TATASTEEL-EQ,46.83,47.05,42.44,43.21,55876090,FYERS_HISTORY,2026-08-08T23:56:48+05:30
2006-06-02,SMD-0225,TATASTEEL,NSE:TATASTEEL-EQ,43.3,46.13,42.5,45.76,55575780,FYERS_HISTORY,2026-08-08T23:56:48+05:30
2006-06-05,SMD-0225,TATASTEEL,NSE:TATASTEEL-EQ,46.93,47.72,43.33,43.69,45848580,FYERS_HISTORY,2026-08-08T23:56:48+05:30
2006-06-06,SMD-0225,TATASTEEL,NSE:TATASTEEL-EQ,42.42,44.32,41.74,42.45,53010380,FYERS_HISTORY,2026-08-08T23:56:48+05:30
2006-06-07,SMD-0225,TATASTEEL,NSE:TATASTEEL-EQ,41.81,43.07,39.77,40.73,56414720,FYERS_HISTORY,2026-08-08T23:56:48+05:30
2006-06-08,SMD-0225,TATASTEEL,NSE:TATASTEEL-EQ,40.65,40.65,36.95,37.55,51838600,FYERS_HISTORY,2026-08-08T23:56:48+05:30
2006-06-09,SMD-0225,TATASTEEL,NSE:TATASTEEL-EQ,37.56,40.73,37.2,40.3,44041930,FYERS_HISTORY,2026-08-08T23:56:48+05:30
2006-06-12,SMD-0225,TATASTEEL,NSE:TATASTEEL-EQ,39.59,40.65,37.25,37.72,45420280,FYERS_HISTORY,2026-08-08T23:56:48+05:30
2006-06-13,SMD-0225,TATASTEEL,NSE:TATASTEEL-EQ,37.25,37.25,34.02,34.29,47983500,FYERS_HISTORY,2026-08-08T23:56:48+05:30
2006-06-14,SMD-0225,TATASTEEL,NSE:TATASTEEL-EQ,35.08,36.23,33.2,33.95,50006890,FYERS_HISTORY,2026-08-08T23:56:48+05:30
2006-06-15,SMD-0225,TATASTEEL,NSE:TATASTEEL-EQ,35.17,36.75,34.73,36.57,57768160,FYERS_HISTORY,2026-08-08T23:56:48+05:30
2006-06-16,SMD-0225,TATASTEEL,NSE:TATASTEEL-EQ,37.14,41.89,37.14,40.67,82199130,FYERS_HISTORY,2026-08-08T23:56:48+05:30
2006-06-19,SMD-0225,TATASTEEL,NSE:TATASTEEL-EQ,41.64,42.67,40.3,42.1,48156450,FYERS_HISTORY,2026-08-08T23:56:48+05:30
2006-06-20,SMD-0225,TATASTEEL,NSE:TATASTEEL-EQ,41.53,41.79,40.12,41.17,49176480,FYERS_HISTORY,2026-08-08T23:56:48+05:30
2006-06-21,SMD-0225,TATASTEEL,NSE:TATASTEEL-EQ,41.27,42.59,40.38,42.23,29809330,FYERS_HISTORY,2026-08-08T23:56:48+05:30
2006-06-22,SMD-0225,TATASTEEL,NSE:TATASTEEL-EQ,43.3,44.17,42.6,43.26,28588730,FYERS_HISTORY,2026-08-08T23:56:48+05:30
2006-06-23,SMD-0225,TATASTEEL,NSE:TATASTEEL-EQ,42.86,46.11,41.75,45.3,56775840,FYERS_HISTORY,2026-08-08T23:56:48+05:30
2006-06-25,SMD-0225,TATASTEEL,NSE:TATASTEEL-EQ,45.85,47.36,45.55,47.04,16952720,FYERS_HISTORY,2026-08-08T23:56:48+05:30
2006-06-26,SMD-0225,TATASTEEL,NSE:TATASTEEL-EQ,48.16,48.25,43.3,43.9,83622080,FYERS_HISTORY,2026-08-08T23:56:48+05:30
2006-06-27,SMD-0225,TATASTEEL,NSE:TATASTEEL-EQ,44.09,46.39,42.25,45.82,114594530,FYERS_HISTORY,2026-08-08T23:56:48+05:30
2006-06-28,SMD-0225,TATASTEEL,NSE:TATASTEEL-EQ,41.53,45.9,41.53,45.45,53444930,FYERS_HISTORY,2026-08-08T23:56:48+05:30
2006-06-29,SMD-0225,TATASTEEL,NSE:TATASTEEL-EQ,46.83,47.72,44.66,45.04,50105700,FYERS_HISTORY,2026-08-08T23:56:48+05:30
2006-06-30,SMD-0225,TATASTEEL,NSE:TATASTEEL-EQ,46.13,47.71,45.95,47.16,50020180,FYERS_HISTORY,2026-08-08T23:56:48+05:30
2006-07-03,SMD-0225,TATASTEEL,NSE:TATASTEEL-EQ,47.45,48.15,44.29,47.92,38253400,FYERS_HISTORY,2026-08-08T23:56:48+05:30
2006-07-04,SMD-0225,TATASTEEL,NSE:TATASTEEL-EQ,48.16,48.51,47.33,47.52,50275040,FYERS_HISTORY,2026-08-08T23:56:48+05:30
2006-07-05,SMD-0225,TATASTEEL,NSE:TATASTEEL-EQ,47.33,49.93,46.83,49.81,66759740,FYERS_HISTORY,2026-08-08T23:56:48+05:30
2006-07-06,SMD-0225,TATASTEEL,NSE:TATASTEEL-EQ,48.6,50.02,47.72,48.37,62946890,FYERS_HISTORY,2026-08-08T23:56:48+05:30
2006-07-07,SMD-0225,TATASTEEL,NSE:TATASTEEL-EQ,49.04,49.38,45.66,46.21,57259970,FYERS_HISTORY,2026-08-08T23:56:48+05:30
2006-07-10,SMD-0225,TATASTEEL,NSE:TATASTEEL-EQ,46.26,46.88,45.18,46.62,57595200,FYERS_HISTORY,2026-08-08T23:56:48+05:30
2006-07-11,SMD-0225,TATASTEEL,NSE:TATASTEEL-EQ,46.83,46.83,45.07,45.46,45816300,FYERS_HISTORY,2026-08-08T23:56:48+05:30
2006-07-12,SMD-0225,TATASTEEL,NSE:TATASTEEL-EQ,44.18,46.16,44.18,45.95,53981200,FYERS_HISTORY,2026-08-08T23:56:48+05:30
2006-07-13,SMD-0225,TATASTEEL,NSE:TATASTEEL-EQ,46.13,46.73,45.16,45.89,42198420,FYERS_HISTORY,2026-08-08T23:56:48+05:30
2006-07-14,SMD-0225,TATASTEEL,NSE:TATASTEEL-EQ,45.24,45.44,44.45,45.19,29764900,FYERS_HISTORY,2026-08-08T23:56:48+05:30
2006-07-17,SMD-0225,TATASTEEL,NSE:TATASTEEL-EQ,45.24,45.24,43.48,43.69,32062070,FYERS_HISTORY,2026-08-08T23:56:48+05:30
2006-07-18,SMD-0225,TATASTEEL,NSE:TATASTEEL-EQ,43.7,44.14,41.89,42.22,34574100,FYERS_HISTORY,2026-08-08T23:56:48+05:30
2006-07-19,SMD-0225,TATASTEEL,NSE:TATASTEEL-EQ,43.12,43.38,40.34,40.67,35522060,FYERS_HISTORY,2026-08-08T23:56:48+05:30
2006-07-20,SMD-0225,TATASTEEL,NSE:TATASTEEL-EQ,41.53,43.38,40.74,43.04,45371910,FYERS_HISTORY,2026-08-08T23:56:48+05:30
2006-07-21,SMD-0225,TATASTEEL,NSE:TATASTEEL-EQ,43.03,43.06,41.19,42.69,71916320,FYERS_HISTORY,2026-08-08T23:56:48+05:30
2006-07-24,SMD-0225,TATASTEEL,NSE:TATASTEEL-EQ,42.15,42.58,40.75,42.33,44278490,FYERS_HISTORY,2026-08-08T23:56:48+05:30
2006-07-25,SMD-0225,TATASTEEL,NSE:TATASTEEL-EQ,42.87,43.96,42.86,43.79,44818050,FYERS_HISTORY,2026-08-08T23:56:48+05:30
2006-07-26,SMD-0225,TATASTEEL,NSE:TATASTEEL-EQ,43.74,44.51,43.14,43.87,38057060,FYERS_HISTORY,2026-08-08T23:56:48+05:30
2006-07-27,SMD-0225,TATASTEEL,NSE:TATASTEEL-EQ,44.09,44.36,43.0,43.98,41142040,FYERS_HISTORY,2026-08-08T23:56:48+05:30
2006-07-28,SMD-0225,TATASTEEL,NSE:TATASTEEL-EQ,35.79,45.04,35.79,43.98,39780320,FYERS_HISTORY,2026-08-08T23:56:48+05:30
2006-07-31,SMD-0225,TATASTEEL,NSE:TATASTEEL-EQ,44.18,44.98,43.58,43.85,32435360,FYERS_HISTORY,2026-08-08T23:56:48+05:30
2006-08-01,SMD-0225,TATASTEEL,NSE:TATASTEEL-EQ,43.59,44.13,43.03,43.86,27491330,FYERS_HISTORY,2026-08-08T23:56:48+05:30
2006-08-02,SMD-0225,TATASTEEL,NSE:TATASTEEL-EQ,43.83,45.42,43.57,45.16,34989650,FYERS_HISTORY,2026-08-08T23:56:48+05:30
2006-08-03,SMD-0225,TATASTEEL,NSE:TATASTEEL-EQ,45.69,45.95,44.67,45.04,28715720,FYERS_HISTORY,2026-08-08T23:56:48+05:30
2006-08-04,SMD-0225,TATASTEEL,NSE:TATASTEEL-EQ,45.07,46.16,44.64,45.11,48371050,FYERS_HISTORY,2026-08-08T23:56:48+05:30
2006-08-07,SMD-0225,TATASTEEL,NSE:TATASTEEL-EQ,45.06,45.29,44.37,44.52,27086870,FYERS_HISTORY,2026-08-08T23:56:48+05:30
2006-08-08,SMD-0225,TATASTEEL,NSE:TATASTEEL-EQ,44.62,45.28,44.62,45.17,18635020,FYERS_HISTORY,2026-08-08T23:56:48+05:30
2006-08-09,SMD-0225,TATASTEEL,NSE:TATASTEEL-EQ,45.69,46.29,44.76,45.68,32235640,FYERS_HISTORY,2026-08-08T23:56:48+05:30
2006-08-10,SMD-0225,TATASTEEL,NSE:TATASTEEL-EQ,45.73,46.13,45.12,45.61,21267750,FYERS_HISTORY,2026-08-08T23:56:48+05:30
2006-08-11,SMD-0225,TATASTEEL,NSE:TATASTEEL-EQ,45.77,46.75,45.34,46.42,35726970,FYERS_HISTORY,2026-08-08T23:56:48+05:30
2006-08-14,SMD-0225,TATASTEEL,NSE:TATASTEEL-EQ,46.57,47.31,46.57,46.98,16894350,FYERS_HISTORY,2026-08-08T23:56:48+05:30
2006-08-16,SMD-0225,TATASTEEL,NSE:TATASTEEL-EQ,47.45,47.97,46.8,47.05,22909930,FYERS_HISTORY,2026-08-08T23:56:48+05:30
2006-08-17,SMD-0225,TATASTEEL,NSE:TATASTEEL-EQ,47.45,47.45,45.64,45.83,30895840,FYERS_HISTORY,2026-08-08T23:56:48+05:30
2006-08-18,SMD-0225,TATASTEEL,NSE:TATASTEEL-EQ,45.71,45.86,44.9,45.33,25530220,FYERS_HISTORY,2026-08-08T23:56:48+05:30
2006-08-21,SMD-0225,TATASTEEL,NSE:TATASTEEL-EQ,45.07,45.23,44.46,44.89,32690060,FYERS_HISTORY,2026-08-08T23:56:48+05:30
2006-08-22,SMD-0225,TATASTEEL,NSE:TATASTEEL-EQ,45.28,46.03,45.22,45.55,23223220,FYERS_HISTORY,2026-08-08T23:56:48+05:30
2006-08-23,SMD-0225,TATASTEEL,NSE:TATASTEEL-EQ,45.42,46.03,44.5,44.67,23870980,FYERS_HISTORY,2026-08-08T23:56:48+05:30
2006-08-24,SMD-0225,TATASTEEL,NSE:TATASTEEL-EQ,44.62,45.95,44.2,45.73,29729880,FYERS_HISTORY,2026-08-08T23:56:48+05:30
2006-08-25,SMD-0225,TATASTEEL,NSE:TATASTEEL-EQ,45.96,47.05,45.95,46.46,36250820,FYERS_HISTORY,2026-08-08T23:56:48+05:30
2006-08-28,SMD-0225,TATASTEEL,NSE:TATASTEEL-EQ,46.64,46.97,46.4,46.62,17626370,FYERS_HISTORY,2026-08-08T23:56:48+05:30
2006-08-29,SMD-0225,TATASTEEL,NSE:TATASTEEL-EQ,46.83,47.36,45.46,45.71,27956790,FYERS_HISTORY,2026-08-08T23:56:48+05:30
2006-08-30,SMD-0225,TATASTEEL,NSE:TATASTEEL-EQ,45.77,45.77,44.65,44.79,39998610,FYERS_HISTORY,2026-08-08T23:56:48+05:30
2006-08-31,SMD-0225,TATASTEEL,NSE:TATASTEEL-EQ,44.9,45.22,43.74,43.85,45126190,FYERS_HISTORY,2026-08-08T23:56:48+05:30
2006-09-01,SMD-0225,TATASTEEL,NSE:TATASTEEL-EQ,43.53,44.6,43.48,44.35,26135500,FYERS_HISTORY,2026-08-08T23:56:48+05:30
2006-09-04,SMD-0225,TATASTEEL,NSE:TATASTEEL-EQ,44.62,45.07,44.3,44.72,15243120,FYERS_HISTORY,2026-08-08T23:56:48+05:30
2006-09-05,SMD-0225,TATASTEEL,NSE:TATASTEEL-EQ,44.8,45.5,44.4,45.41,28868930,FYERS_HISTORY,2026-08-08T23:56:48+05:30
2006-09-06,SMD-0225,TATASTEEL,NSE:TATASTEEL-EQ,45.51,46.28,45.51,46.09,34319580,FYERS_HISTORY,2026-08-08T23:56:48+05:30
2006-09-07,SMD-0225,TATASTEEL,NSE:TATASTEEL-EQ,46.04,46.38,45.37,46.15,24725240,FYERS_HISTORY,2026-08-08T23:56:48+05:30
2006-09-08,SMD-0225,TATASTEEL,NSE:TATASTEEL-EQ,46.38,46.82,45.97,46.43,24067640,FYERS_HISTORY,2026-08-08T23:56:48+05:30
2006-09-11,SMD-0225,TATASTEEL,NSE:TATASTEEL-EQ,46.56,46.65,43.48,43.89,28581840,FYERS_HISTORY,2026-08-08T23:56:48+05:30
2006-09-12,SMD-0225,TATASTEEL,NSE:TATASTEEL-EQ,43.81,44.49,42.86,44.27,32146240,FYERS_HISTORY,2026-08-08T23:56:48+05:30
2006-09-13,SMD-0225,TATASTEEL,NSE:TATASTEEL-EQ,44.98,45.14,44.14,44.36,19801350,FYERS_HISTORY,2026-08-08T23:56:48+05:30
2006-09-14,SMD-0225,TATASTEEL,NSE:TATASTEEL-EQ,44.94,45.08,44.4,44.89,17679250,FYERS_HISTORY,2026-08-08T23:56:48+05:30
2006-09-15,SMD-0225,TATASTEEL,NSE:TATASTEEL-EQ,44.71,44.89,43.96,44.56,20294080,FYERS_HISTORY,2026-08-08T23:56:48+05:30
2006-09-18,SMD-0225,TATASTEEL,NSE:TATASTEEL-EQ,44.62,44.79,43.94,44.04,18917870,FYERS_HISTORY,2026-08-08T23:56:48+05:30
2006-09-19,SMD-0225,TATASTEEL,NSE:TATASTEEL-EQ,44.32,44.76,42.86,43.15,29655090,FYERS_HISTORY,2026-08-08T23:56:48+05:30
2006-09-20,SMD-0225,TATASTEEL,NSE:TATASTEEL-EQ,43.7,44.09,42.81,43.84,22122340,FYERS_HISTORY,2026-08-08T23:56:48+05:30
2006-09-21,SMD-0225,TATASTEEL,NSE:TATASTEEL-EQ,44.45,44.69,44.18,44.44,20217640,FYERS_HISTORY,2026-08-08T23:56:48+05:30
2006-09-22,SMD-0225,TATASTEEL,NSE:TATASTEEL-EQ,44.36,44.79,43.57,43.9,25341370,FYERS_HISTORY,2026-08-08T23:56:48+05:30
2006-09-25,SMD-0225,TATASTEEL,NSE:TATASTEEL-EQ,44.09,45.38,43.44,44.86,49333340,FYERS_HISTORY,2026-08-08T23:56:48+05:30
2006-09-26,SMD-0225,TATASTEEL,NSE:TATASTEEL-EQ,45.06,45.52,44.74,45.34,26186350,FYERS_HISTORY,2026-08-08T23:56:48+05:30
2006-09-27,SMD-0225,TATASTEEL,NSE:TATASTEEL-EQ,45.6,46.17,45.39,45.63,25389490,FYERS_HISTORY,2026-08-08T23:56:48+05:30
2006-09-28,SMD-0225,TATASTEEL,NSE:TATASTEEL-EQ,45.86,46.21,45.34,45.87,27709380,FYERS_HISTORY,2026-08-08T23:56:48+05:30
2006-09-29,SMD-0225,TATASTEEL,NSE:TATASTEEL-EQ,46.39,47.48,46.22,47.33,47718890,FYERS_HISTORY,2026-08-08T23:56:48+05:30
2006-10-03,SMD-0225,TATASTEEL,NSE:TATASTEEL-EQ,47.58,47.92,47.12,47.27,18899190,FYERS_HISTORY,2026-08-08T23:56:48+05:30
2006-10-04,SMD-0225,TATASTEEL,NSE:TATASTEEL-EQ,47.36,47.6,46.13,46.28,21039550,FYERS_HISTORY,2026-08-08T23:56:48+05:30
2006-10-05,SMD-0225,TATASTEEL,NSE:TATASTEEL-EQ,47.08,48.49,46.83,47.49,21037960,FYERS_HISTORY,2026-08-08T23:56:48+05:30
2006-10-06,SMD-0225,TATASTEEL,NSE:TATASTEEL-EQ,47.89,48.37,47.12,47.42,37506410,FYERS_HISTORY,2026-08-08T23:56:48+05:30
2006-10-09,SMD-0225,TATASTEEL,NSE:TATASTEEL-EQ,47.51,47.54,46.35,46.51,36259910,FYERS_HISTORY,2026-08-08T23:56:48+05:30
2006-10-10,SMD-0225,TATASTEEL,NSE:TATASTEEL-EQ,46.83,47.19,45.6,45.77,57289500,FYERS_HISTORY,2026-08-08T23:56:48+05:30
2006-10-11,SMD-0225,TATASTEEL,NSE:TATASTEEL-EQ,45.69,46.3,44.64,44.81,27157280,FYERS_HISTORY,2026-08-08T23:56:48+05:30
2006-10-12,SMD-0225,TATASTEEL,NSE:TATASTEEL-EQ,44.85,45.73,44.62,45.62,21975170,FYERS_HISTORY,2026-08-08T23:56:48+05:30
2006-10-13,SMD-0225,TATASTEEL,NSE:TATASTEEL-EQ,45.95,46.2,45.02,45.22,24603130,FYERS_HISTORY,2026-08-08T23:56:48+05:30
2006-10-16,SMD-0225,TATASTEEL,NSE:TATASTEEL-EQ,45.51,45.92,45.12,45.22,18327360,FYERS_HISTORY,2026-08-08T23:56:48+05:30
2006-10-17,SMD-0225,TATASTEEL,NSE:TATASTEEL-EQ,45.51,45.81,45.07,45.57,24649720,FYERS_HISTORY,2026-08-08T23:56:48+05:30
2006-10-18,SMD-0225,TATASTEEL,NSE:TATASTEEL-EQ,45.95,46.13,44.68,44.98,63798920,FYERS_HISTORY,2026-08-08T23:56:48+05:30
2006-10-19,SMD-0225,TATASTEEL,NSE:TATASTEEL-EQ,45.32,45.32,44.06,44.37,32616840,FYERS_HISTORY,2026-08-08T23:56:48+05:30
2006-10-20,SMD-0225,TATASTEEL,NSE:TATASTEEL-EQ,44.98,46.03,44.58,44.93,71113410,FYERS_HISTORY,2026-08-08T23:56:48+05:30
2006-10-21,SMD-0225,TATASTEEL,NSE:TATASTEEL-EQ,46.39,46.44,45.33,45.6,17594180,FYERS_HISTORY,2026-08-08T23:56:48+05:30
2006-10-23,SMD-0225,TATASTEEL,NSE:TATASTEEL-EQ,45.51,45.84,44.81,44.96,16375490,FYERS_HISTORY,2026-08-08T23:56:48+05:30
2006-10-26,SMD-0225,TATASTEEL,NSE:TATASTEEL-EQ,45.18,45.18,44.06,44.23,51149730,FYERS_HISTORY,2026-08-08T23:56:48+05:30
2006-10-27,SMD-0225,TATASTEEL,NSE:TATASTEEL-EQ,44.61,44.91,43.94,44.23,38193630,FYERS_HISTORY,2026-08-08T23:56:48+05:30
2006-10-30,SMD-0225,TATASTEEL,NSE:TATASTEEL-EQ,44.17,44.62,43.86,44.02,20990160,FYERS_HISTORY,2026-08-08T23:56:48+05:30
2006-10-31,SMD-0225,TATASTEEL,NSE:TATASTEEL-EQ,44.54,44.6,43.06,43.34,32147690,FYERS_HISTORY,2026-08-08T23:56:48+05:30
2006-11-01,SMD-0225,TATASTEEL,NSE:TATASTEEL-EQ,43.79,43.83,43.15,43.29,24357430,FYERS_HISTORY,2026-08-08T23:56:48+05:30
2006-11-02,SMD-0225,TATASTEEL,NSE:TATASTEEL-EQ,43.31,43.78,42.91,43.02,20788580,FYERS_HISTORY,2026-08-08T23:56:48+05:30
2006-11-03,SMD-0225,TATASTEEL,NSE:TATASTEEL-EQ,43.43,43.74,42.83,43.53,23654420,FYERS_HISTORY,2026-08-08T23:56:48+05:30
2006-11-06,SMD-0225,TATASTEEL,NSE:TATASTEEL-EQ,43.73,44.96,43.44,44.75,31008410,FYERS_HISTORY,2026-08-08T23:56:48+05:30
2006-11-07,SMD-0225,TATASTEEL,NSE:TATASTEEL-EQ,44.81,45.24,43.74,43.94,40445300,FYERS_HISTORY,2026-08-08T23:56:48+05:30
2006-11-08,SMD-0225,TATASTEEL,NSE:TATASTEEL-EQ,43.92,44.35,43.17,43.67,35305830,FYERS_HISTORY,2026-08-08T23:56:48+05:30
2006-11-09,SMD-0225,TATASTEEL,NSE:TATASTEEL-EQ,44.04,44.62,43.49,44.37,29087920,FYERS_HISTORY,2026-08-08T23:56:48+05:30
2006-11-10,SMD-0225,TATASTEEL,NSE:TATASTEEL-EQ,44.62,44.66,43.96,44.39,20582180,FYERS_HISTORY,2026-08-08T23:56:48+05:30
2006-11-13,SMD-0225,TATASTEEL,NSE:TATASTEEL-EQ,44.54,44.62,43.83,43.93,11991480,FYERS_HISTORY,2026-08-08T23:56:48+05:30
2006-11-14,SMD-0225,TATASTEEL,NSE:TATASTEEL-EQ,44.01,44.27,43.31,43.44,18150420,FYERS_HISTORY,2026-08-08T23:56:48+05:30
2006-11-15,SMD-0225,TATASTEEL,NSE:TATASTEEL-EQ,43.43,43.56,42.86,42.96,18323790,FYERS_HISTORY,2026-08-08T23:56:48+05:30
2006-11-16,SMD-0225,TATASTEEL,NSE:TATASTEEL-EQ,43.21,43.69,42.42,42.62,44764140,FYERS_HISTORY,2026-08-08T23:56:48+05:30
2006-11-17,SMD-0225,TATASTEEL,NSE:TATASTEEL-EQ,42.86,43.0,41.85,42.09,28008750,FYERS_HISTORY,2026-08-08T23:56:48+05:30
2006-11-20,SMD-0225,TATASTEEL,NSE:TATASTEEL-EQ,41.97,42.09,40.52,40.85,35620560,FYERS_HISTORY,2026-08-08T23:56:48+05:30
2006-11-21,SMD-0225,TATASTEEL,NSE:TATASTEEL-EQ,41.04,42.28,40.82,42.04,37332310,FYERS_HISTORY,2026-08-08T23:56:48+05:30
2006-11-22,SMD-0225,TATASTEEL,NSE:TATASTEEL-EQ,42.42,42.42,41.25,41.8,21243610,FYERS_HISTORY,2026-08-08T23:56:48+05:30
2006-11-23,SMD-0225,TATASTEEL,NSE:TATASTEEL-EQ,42.3,42.42,41.47,41.62,24045820,FYERS_HISTORY,2026-08-08T23:56:48+05:30
2006-11-24,SMD-0225,TATASTEEL,NSE:TATASTEEL-EQ,41.62,42.94,41.55,42.69,35764900,FYERS_HISTORY,2026-08-08T23:56:48+05:30
2006-11-27,SMD-0225,TATASTEEL,NSE:TATASTEEL-EQ,42.95,43.27,42.46,42.62,17215460,FYERS_HISTORY,2026-08-08T23:56:48+05:30
2006-11-28,SMD-0225,TATASTEEL,NSE:TATASTEEL-EQ,42.41,42.41,40.86,42.06,15462250,FYERS_HISTORY,2026-08-08T23:56:48+05:30
2006-11-29,SMD-0225,TATASTEEL,NSE:TATASTEEL-EQ,42.39,42.59,41.97,42.19,12654310,FYERS_HISTORY,2026-08-08T23:56:48+05:30
2006-11-30,SMD-0225,TATASTEEL,NSE:TATASTEEL-EQ,42.39,42.5,41.19,41.35,44638200,FYERS_HISTORY,2026-08-08T23:56:48+05:30
2006-12-01,SMD-0225,TATASTEEL,NSE:TATASTEEL-EQ,41.53,41.8,41.22,41.37,10118610,FYERS_HISTORY,2026-08-08T23:56:48+05:30
2006-12-04,SMD-0225,TATASTEEL,NSE:TATASTEEL-EQ,41.68,41.82,41.28,41.4,8182180,FYERS_HISTORY,2026-08-08T23:56:48+05:30
2006-12-05,SMD-0225,TATASTEEL,NSE:TATASTEEL-EQ,41.95,43.74,41.63,43.57,39864190,FYERS_HISTORY,2026-08-08T23:56:48+05:30
2006-12-06,SMD-0225,TATASTEEL,NSE:TATASTEEL-EQ,43.74,44.36,42.71,43.39,41921090,FYERS_HISTORY,2026-08-08T23:56:48+05:30
2006-12-07,SMD-0225,TATASTEEL,NSE:TATASTEEL-EQ,43.3,43.87,42.86,43.48,17416600,FYERS_HISTORY,2026-08-08T23:56:48+05:30
2006-12-08,SMD-0225,TATASTEEL,NSE:TATASTEEL-EQ,43.56,43.56,42.24,42.83,22816320,FYERS_HISTORY,2026-08-08T23:56:48+05:30
2006-12-11,SMD-0225,TATASTEEL,NSE:TATASTEEL-EQ,42.77,43.26,37.56,40.1,68662130,FYERS_HISTORY,2026-08-08T23:56:48+05:30
2006-12-12,SMD-0225,TATASTEEL,NSE:TATASTEEL-EQ,40.02,40.98,38.35,39.01,53069610,FYERS_HISTORY,2026-08-08T23:56:48+05:30
2006-12-13,SMD-0225,TATASTEEL,NSE:TATASTEEL-EQ,39.05,39.31,37.53,38.58,67837080,FYERS_HISTORY,2026-08-08T23:56:48+05:30
2006-12-14,SMD-0225,TATASTEEL,NSE:TATASTEEL-EQ,39.27,39.27,38.24,38.51,40121810,FYERS_HISTORY,2026-08-08T23:56:48+05:30
2006-12-15,SMD-0225,TATASTEEL,NSE:TATASTEEL-EQ,39.06,40.81,38.7,40.57,58213910,FYERS_HISTORY,2026-08-08T23:56:48+05:30
2006-12-18,SMD-0225,TATASTEEL,NSE:TATASTEEL-EQ,41.09,41.53,40.21,41.37,31137820,FYERS_HISTORY,2026-08-08T23:56:48+05:30
2006-12-19,SMD-0225,TATASTEEL,NSE:TATASTEEL-EQ,41.44,42.01,39.91,40.21,32656890,FYERS_HISTORY,2026-08-08T23:56:48+05:30
2006-12-20,SMD-0225,TATASTEEL,NSE:TATASTEEL-EQ,40.65,41.89,39.85,41.1,40874400,FYERS_HISTORY,2026-08-08T23:56:48+05:30
2006-12-21,SMD-0225,TATASTEEL,NSE:TATASTEEL-EQ,41.18,41.8,40.74,41.39,21993920,FYERS_HISTORY,2026-08-08T23:56:48+05:30
2006-12-22,SMD-0225,TATASTEEL,NSE:TATASTEEL-EQ,41.44,42.42,41.2,42.29,19696160,FYERS_HISTORY,2026-08-08T23:56:48+05:30
2006-12-26,SMD-0225,TATASTEEL,NSE:TATASTEEL-EQ,43.02,43.15,41.8,42.22,16994820,FYERS_HISTORY,2026-08-08T23:56:48+05:30
2006-12-27,SMD-0225,TATASTEEL,NSE:TATASTEEL-EQ,42.37,42.81,42.15,42.51,19523820,FYERS_HISTORY,2026-08-08T23:56:48+05:30
2006-12-28,SMD-0225,TATASTEEL,NSE:TATASTEEL-EQ,42.67,43.11,41.91,42.1,40197170,FYERS_HISTORY,2026-08-08T23:56:48+05:30
2006-12-29,SMD-0225,TATASTEEL,NSE:TATASTEEL-EQ,42.24,42.9,42.18,42.61,17049770,FYERS_HISTORY,2026-08-08T23:56:48+05:30
2007-01-02,SMD-0225,TATASTEEL,NSE:TATASTEEL-EQ,42.5,43.19,41.98,42.3,10339210,FYERS_HISTORY,2026-08-08T23:56:48+05:30
2007-01-03,SMD-0225,TATASTEEL,NSE:TATASTEEL-EQ,42.33,42.57,41.54,41.66,14525090,FYERS_HISTORY,2026-08-08T23:56:48+05:30
2007-01-04,SMD-0225,TATASTEEL,NSE:TATASTEEL-EQ,41.84,41.97,40.7,41.16,17960170,FYERS_HISTORY,2026-08-08T23:56:48+05:30
2007-01-05,SMD-0225,TATASTEEL,NSE:TATASTEEL-EQ,41.18,41.71,40.44,41.41,30358000,FYERS_HISTORY,2026-08-08T23:56:48+05:30
2007-01-08,SMD-0225,TATASTEEL,NSE:TATASTEEL-EQ,41.73,41.73,40.82,41.0,13319780,FYERS_HISTORY,2026-08-08T23:56:48+05:30
2007-01-09,SMD-0225,TATASTEEL,NSE:TATASTEEL-EQ,41.44,41.44,40.07,40.2,15881220,FYERS_HISTORY,2026-08-08T23:56:48+05:30
2007-01-10,SMD-0225,TATASTEEL,NSE:TATASTEEL-EQ,40.12,40.73,39.77,39.95,16597570,FYERS_HISTORY,2026-08-08T23:56:48+05:30
2007-01-11,SMD-0225,TATASTEEL,NSE:TATASTEEL-EQ,40.05,40.99,39.86,40.83,9822360,FYERS_HISTORY,2026-08-08T23:56:48+05:30
2007-01-12,SMD-0225,TATASTEEL,NSE:TATASTEEL-EQ,41.09,41.59,41.0,41.37,15134820,FYERS_HISTORY,2026-08-08T23:56:48+05:30
2007-01-15,SMD-0225,TATASTEEL,NSE:TATASTEEL-EQ,41.53,43.11,41.38,42.95,24035440,FYERS_HISTORY,2026-08-08T23:56:48+05:30
2007-01-16,SMD-0225,TATASTEEL,NSE:TATASTEEL-EQ,43.12,43.6,42.5,42.63,23656410,FYERS_HISTORY,2026-08-08T23:56:48+05:30
2007-01-17,SMD-0225,TATASTEEL,NSE:TATASTEEL-EQ,42.82,43.48,42.52,42.78,17124590,FYERS_HISTORY,2026-08-08T23:56:48+05:30
2007-01-18,SMD-0225,TATASTEEL,NSE:TATASTEEL-EQ,42.86,43.11,41.82,42.04,20661930,FYERS_HISTORY,2026-08-08T23:56:48+05:30
2007-01-19,SMD-0225,TATASTEEL,NSE:TATASTEEL-EQ,42.42,42.42,40.93,41.34,23476050,FYERS_HISTORY,2026-08-08T23:56:48+05:30
2007-01-22,SMD-0225,TATASTEEL,NSE:TATASTEEL-EQ,41.62,42.01,41.13,41.65,15188750,FYERS_HISTORY,2026-08-08T23:56:48+05:30
2007-01-23,SMD-0225,TATASTEEL,NSE:TATASTEEL-EQ,41.73,41.73,40.88,41.05,11380480,FYERS_HISTORY,2026-08-08T23:56:48+05:30
2007-01-24,SMD-0225,TATASTEEL,NSE:TATASTEEL-EQ,41.25,42.86,41.08,42.49,39421290,FYERS_HISTORY,2026-08-08T23:56:48+05:30
2007-01-25,SMD-0225,TATASTEEL,NSE:TATASTEEL-EQ,42.86,45.29,42.79,45.08,93286720,FYERS_HISTORY,2026-08-08T23:56:48+05:30
2007-01-29,SMD-0225,TATASTEEL,NSE:TATASTEEL-EQ,45.22,46.03,44.64,45.88,66849580,FYERS_HISTORY,2026-08-08T23:56:48+05:30
2007-01-31,SMD-0225,TATASTEEL,NSE:TATASTEEL-EQ,45.42,47.63,40.75,41.08,199639530,FYERS_HISTORY,2026-08-08T23:56:48+05:30
2007-02-01,SMD-0225,TATASTEEL,NSE:TATASTEEL-EQ,41.52,41.71,39.91,40.42,117895910,FYERS_HISTORY,2026-08-08T23:56:48+05:30
2007-02-02,SMD-0225,TATASTEEL,NSE:TATASTEEL-EQ,42.68,42.68,40.59,40.88,100250750,FYERS_HISTORY,2026-08-08T23:56:48+05:30
2007-02-05,SMD-0225,TATASTEEL,NSE:TATASTEEL-EQ,40.91,41.75,40.25,41.53,42524250,FYERS_HISTORY,2026-08-08T23:56:48+05:30
2007-02-06,SMD-0225,TATASTEEL,NSE:TATASTEEL-EQ,41.71,41.97,40.95,41.08,34505920,FYERS_HISTORY,2026-08-08T23:56:48+05:30
2007-02-07,SMD-0225,TATASTEEL,NSE:TATASTEEL-EQ,41.22,41.46,40.78,41.05,26717250,FYERS_HISTORY,2026-08-08T23:56:48+05:30
2007-02-08,SMD-0225,TATASTEEL,NSE:TATASTEEL-EQ,41.09,41.09,40.49,40.88,17629330,FYERS_HISTORY,2026-08-08T23:56:48+05:30
2007-02-09,SMD-0225,TATASTEEL,NSE:TATASTEEL-EQ,40.91,41.04,39.88,40.06,20741510,FYERS_HISTORY,2026-08-08T23:56:48+05:30
2007-02-12,SMD-0225,TATASTEEL,NSE:TATASTEEL-EQ,40.07,40.53,39.11,39.22,44228160,FYERS_HISTORY,2026-08-08T23:56:48+05:30
2007-02-13,SMD-0225,TATASTEEL,NSE:TATASTEEL-EQ,39.23,39.59,38.0,38.21,42526780,FYERS_HISTORY,2026-08-08T23:56:48+05:30
2007-02-14,SMD-0225,TATASTEEL,NSE:TATASTEEL-EQ,38.44,39.14,37.67,38.75,49676360,FYERS_HISTORY,2026-08-08T23:56:48+05:30
2007-02-15,SMD-0225,TATASTEEL,NSE:TATASTEEL-EQ,39.32,39.5,38.89,39.08,19724250,FYERS_HISTORY,2026-08-08T23:56:48+05:30
2007-02-19,SMD-0225,TATASTEEL,NSE:TATASTEEL-EQ,39.32,39.54,38.68,39.2,15562020,FYERS_HISTORY,2026-08-08T23:56:48+05:30
2007-02-20,SMD-0225,TATASTEEL,NSE:TATASTEEL-EQ,39.5,39.97,39.15,39.27,23799340,FYERS_HISTORY,2026-08-08T23:56:48+05:30
2007-02-21,SMD-0225,TATASTEEL,NSE:TATASTEEL-EQ,39.38,40.49,38.99,40.21,29291700,FYERS_HISTORY,2026-08-08T23:56:48+05:30
2007-02-22,SMD-0225,TATASTEEL,NSE:TATASTEEL-EQ,40.56,40.96,39.86,40.18,61169610,FYERS_HISTORY,2026-08-08T23:56:48+05:30
2007-02-23,SMD-0225,TATASTEEL,NSE:TATASTEEL-EQ,40.31,41.26,40.13,40.67,62105230,FYERS_HISTORY,2026-08-08T23:56:48+05:30
2007-02-26,SMD-0225,TATASTEEL,NSE:TATASTEEL-EQ,40.85,41.97,40.56,41.53,61251150,FYERS_HISTORY,2026-08-08T23:56:48+05:30
2007-02-27,SMD-0225,TATASTEEL,NSE:TATASTEEL-EQ,41.55,42.38,41.33,41.44,50742410,FYERS_HISTORY,2026-08-08T23:56:48+05:30
2007-02-28,SMD-0225,TATASTEEL,NSE:TATASTEEL-EQ,38.97,41.07,38.81,39.1,56677140,FYERS_HISTORY,2026-08-08T23:56:48+05:30
2007-03-01,SMD-0225,TATASTEEL,NSE:TATASTEEL-EQ,39.39,40.15,38.98,39.86,35164840,FYERS_HISTORY,2026-08-08T23:56:48+05:30
2007-03-02,SMD-0225,TATASTEEL,NSE:TATASTEEL-EQ,40.21,41.15,38.88,39.19,57711380,FYERS_HISTORY,2026-08-08T23:56:48+05:30
2007-03-05,SMD-0225,TATASTEEL,NSE:TATASTEEL-EQ,39.0,39.0,36.69,37.18,45109890,FYERS_HISTORY,2026-08-08T23:56:48+05:30
2007-03-06,SMD-0225,TATASTEEL,NSE:TATASTEEL-EQ,37.47,37.91,35.72,37.05,45342040,FYERS_HISTORY,2026-08-08T23:56:48+05:30
2007-03-07,SMD-0225,TATASTEEL,NSE:TATASTEEL-EQ,37.31,37.79,35.8,36.52,36218160,FYERS_HISTORY,2026-08-08T23:56:48+05:30
2007-03-08,SMD-0225,TATASTEEL,NSE:TATASTEEL-EQ,36.85,37.91,35.27,37.8,41865670,FYERS_HISTORY,2026-08-08T23:56:48+05:30
2007-03-09,SMD-0225,TATASTEEL,NSE:TATASTEEL-EQ,37.99,38.88,37.29,38.33,52157440,FYERS_HISTORY,2026-08-08T23:56:48+05:30
2007-03-12,SMD-0225,TATASTEEL,NSE:TATASTEEL-EQ,38.68,38.97,38.03,38.48,21947160,FYERS_HISTORY,2026-08-08T23:56:48+05:30
2007-03-13,SMD-0225,TATASTEEL,NSE:TATASTEEL-EQ,38.62,39.63,38.62,39.3,22980770,FYERS_HISTORY,2026-08-08T23:56:48+05:30
2007-03-14,SMD-0225,TATASTEEL,NSE:TATASTEEL-EQ,38.17,38.42,37.56,37.99,24758930,FYERS_HISTORY,2026-08-08T23:56:48+05:30
2007-03-15,SMD-0225,TATASTEEL,NSE:TATASTEEL-EQ,38.44,39.28,38.07,38.28,17253410,FYERS_HISTORY,2026-08-08T23:56:48+05:30
2007-03-16,SMD-0225,TATASTEEL,NSE:TATASTEEL-EQ,38.44,38.88,37.34,38.05,16644020,FYERS_HISTORY,2026-08-08T23:56:48+05:30
2007-03-19,SMD-0225,TATASTEEL,NSE:TATASTEEL-EQ,38.35,38.52,37.88,37.99,14406600,FYERS_HISTORY,2026-08-08T23:56:48+05:30
2007-03-20,SMD-0225,TATASTEEL,NSE:TATASTEEL-EQ,38.17,38.52,37.25,37.42,21356090,FYERS_HISTORY,2026-08-08T23:56:48+05:30
2007-03-21,SMD-0225,TATASTEEL,NSE:TATASTEEL-EQ,38.44,38.44,37.39,38.01,22250640,FYERS_HISTORY,2026-08-08T23:56:48+05:30
2007-03-22,SMD-0225,TATASTEEL,NSE:TATASTEEL-EQ,38.44,39.19,38.3,39.06,23697690,FYERS_HISTORY,2026-08-08T23:56:48+05:30
2007-03-23,SMD-0225,TATASTEEL,NSE:TATASTEEL-EQ,39.76,39.76,38.57,38.73,17009430,FYERS_HISTORY,2026-08-08T23:56:48+05:30
2007-03-26,SMD-0225,TATASTEEL,NSE:TATASTEEL-EQ,38.73,39.45,38.73,39.04,25529590,FYERS_HISTORY,2026-08-08T23:56:48+05:30
2007-03-28,SMD-0225,TATASTEEL,NSE:TATASTEEL-EQ,38.97,39.72,38.62,39.0,25080760,FYERS_HISTORY,2026-08-08T23:56:48+05:30
2007-03-29,SMD-0225,TATASTEEL,NSE:TATASTEEL-EQ,38.97,39.38,38.31,38.88,27622490,FYERS_HISTORY,2026-08-08T23:56:48+05:30
2007-03-30,SMD-0225,TATASTEEL,NSE:TATASTEEL-EQ,39.07,39.85,38.67,39.73,32154720,FYERS_HISTORY,2026-08-08T23:56:48+05:30
2007-04-02,SMD-0225,TATASTEEL,NSE:TATASTEEL-EQ,38.97,39.39,37.22,37.46,26424100,FYERS_HISTORY,2026-08-08T23:56:48+05:30
2007-04-03,SMD-0225,TATASTEEL,NSE:TATASTEEL-EQ,37.78,38.29,37.48,38.1,15297500,FYERS_HISTORY,2026-08-08T23:56:48+05:30
2007-04-04,SMD-0225,TATASTEEL,NSE:TATASTEEL-EQ,38.44,39.03,38.17,38.7,17647740,FYERS_HISTORY,2026-08-08T23:56:48+05:30
2007-04-05,SMD-0225,TATASTEEL,NSE:TATASTEEL-EQ,38.7,41.53,38.7,41.13,77363330,FYERS_HISTORY,2026-08-08T23:56:48+05:30
2007-04-09,SMD-0225,TATASTEEL,NSE:TATASTEEL-EQ,41.37,43.83,41.28,43.6,71069380,FYERS_HISTORY,2026-08-08T23:56:48+05:30
2007-04-10,SMD-0225,TATASTEEL,NSE:TATASTEEL-EQ,43.92,44.35,43.41,43.79,73127420,FYERS_HISTORY,2026-08-08T23:56:48+05:30
2007-04-11,SMD-0225,TATASTEEL,NSE:TATASTEEL-EQ,44.15,45.9,44.15,45.2,77595270,FYERS_HISTORY,2026-08-08T23:56:48+05:30
2007-04-12,SMD-0225,TATASTEEL,NSE:TATASTEEL-EQ,45.41,45.77,43.7,43.83,55727490,FYERS_HISTORY,2026-08-08T23:56:48+05:30
2007-04-13,SMD-0225,TATASTEEL,NSE:TATASTEEL-EQ,44.19,45.54,44.1,45.17,68044710,FYERS_HISTORY,2026-08-08T23:56:48+05:30
2007-04-16,SMD-0225,TATASTEEL,NSE:TATASTEEL-EQ,45.92,47.45,45.6,47.23,85285430,FYERS_HISTORY,2026-08-08T23:56:48+05:30
2007-04-17,SMD-0225,TATASTEEL,NSE:TATASTEEL-EQ,47.32,47.81,46.32,46.65,53341770,FYERS_HISTORY,2026-08-08T23:56:48+05:30
2007-04-18,SMD-0225,TATASTEEL,NSE:TATASTEEL-EQ,45.07,45.9,41.74,45.2,130441420,FYERS_HISTORY,2026-08-08T23:56:48+05:30
2007-04-19,SMD-0225,TATASTEEL,NSE:TATASTEEL-EQ,42.44,44.96,42.44,44.7,40757430,FYERS_HISTORY,2026-08-08T23:56:48+05:30
2007-04-20,SMD-0225,TATASTEEL,NSE:TATASTEEL-EQ,41.0,47.41,41.0,47.13,69830440,FYERS_HISTORY,2026-08-08T23:56:48+05:30
2007-04-23,SMD-0225,TATASTEEL,NSE:TATASTEEL-EQ,47.65,49.49,47.42,49.23,70202260,FYERS_HISTORY,2026-08-08T23:56:48+05:30
2007-04-24,SMD-0225,TATASTEEL,NSE:TATASTEEL-EQ,49.22,51.78,48.82,51.23,104688220,FYERS_HISTORY,2026-08-08T23:56:48+05:30
2007-04-25,SMD-0225,TATASTEEL,NSE:TATASTEEL-EQ,51.69,51.69,49.8,50.47,47574450,FYERS_HISTORY,2026-08-08T23:56:48+05:30
2007-04-26,SMD-0225,TATASTEEL,NSE:TATASTEEL-EQ,50.81,51.16,49.23,49.53,36567740,FYERS_HISTORY,2026-08-08T23:56:48+05:30
2007-04-27,SMD-0225,TATASTEEL,NSE:TATASTEEL-EQ,49.49,49.49,47.28,47.47,31217730,FYERS_HISTORY,2026-08-08T23:56:48+05:30
2007-04-30,SMD-0225,TATASTEEL,NSE:TATASTEEL-EQ,47.19,48.78,46.84,48.55,33304620,FYERS_HISTORY,2026-08-08T23:56:48+05:30
2007-05-03,SMD-0225,TATASTEEL,NSE:TATASTEEL-EQ,49.04,49.47,47.74,49.21,42521490,FYERS_HISTORY,2026-08-08T23:56:48+05:30
2007-05-04,SMD-0225,TATASTEEL,NSE:TATASTEEL-EQ,49.49,50.06,48.73,48.9,27983730,FYERS_HISTORY,2026-08-08T23:56:48+05:30
2007-05-07,SMD-0225,TATASTEEL,NSE:TATASTEEL-EQ,49.06,49.93,48.65,48.82,18844270,FYERS_HISTORY,2026-08-08T23:56:48+05:30
2007-05-08,SMD-0225,TATASTEEL,NSE:TATASTEEL-EQ,48.89,49.93,48.65,48.9,26762430,FYERS_HISTORY,2026-08-08T23:56:48+05:30
2007-05-09,SMD-0225,TATASTEEL,NSE:TATASTEEL-EQ,48.73,49.92,48.69,49.69,24530140,FYERS_HISTORY,2026-08-08T23:56:48+05:30
2007-05-10,SMD-0225,TATASTEEL,NSE:TATASTEEL-EQ,49.93,51.69,49.93,50.93,64889520,FYERS_HISTORY,2026-08-08T23:56:48+05:30
2007-05-11,SMD-0225,TATASTEEL,NSE:TATASTEEL-EQ,50.63,50.87,49.7,50.33,25555580,FYERS_HISTORY,2026-08-08T23:56:48+05:30
2007-05-14,SMD-0225,TATASTEEL,NSE:TATASTEEL-EQ,50.82,52.59,50.82,52.3,30420250,FYERS_HISTORY,2026-08-08T23:56:48+05:30
2007-05-15,SMD-0225,TATASTEEL,NSE:TATASTEEL-EQ,52.67,52.83,51.97,52.34,30620640,FYERS_HISTORY,2026-08-08T23:56:48+05:30
2007-05-16,SMD-0225,TATASTEEL,NSE:TATASTEEL-EQ,52.52,52.64,51.54,52.06,22920640,FYERS_HISTORY,2026-08-08T23:56:48+05:30
2007-05-17,SMD-0225,TATASTEEL,NSE:TATASTEEL-EQ,52.58,53.77,52.14,52.86,67884700,FYERS_HISTORY,2026-08-08T23:56:48+05:30
2007-05-18,SMD-0225,TATASTEEL,NSE:TATASTEEL-EQ,52.56,52.71,51.48,52.26,24874340,FYERS_HISTORY,2026-08-08T23:56:48+05:30
2007-05-21,SMD-0225,TATASTEEL,NSE:TATASTEEL-EQ,52.45,55.35,52.41,55.03,48990330,FYERS_HISTORY,2026-08-08T23:56:48+05:30
2007-05-22,SMD-0225,TATASTEEL,NSE:TATASTEEL-EQ,53.24,56.27,53.24,55.56,27994650,FYERS_HISTORY,2026-08-08T23:56:48+05:30
2007-05-23,SMD-0225,TATASTEEL,NSE:TATASTEEL-EQ,55.67,58.65,55.23,58.29,76900270,FYERS_HISTORY,2026-08-08T23:56:48+05:30
2007-05-24,SMD-0225,TATASTEEL,NSE:TATASTEEL-EQ,57.44,57.78,55.5,55.82,41452600,FYERS_HISTORY,2026-08-08T23:56:48+05:30
2007-05-25,SMD-0225,TATASTEEL,NSE:TATASTEEL-EQ,55.45,55.63,54.61,55.06,40890340,FYERS_HISTORY,2026-08-08T23:56:48+05:30
2007-05-28,SMD-0225,TATASTEEL,NSE:TATASTEEL-EQ,58.93,58.93,55.23,55.36,17892930,FYERS_HISTORY,2026-08-08T23:56:48+05:30
2007-05-29,SMD-0225,TATASTEEL,NSE:TATASTEEL-EQ,55.49,56.02,54.9,55.73,16814630,FYERS_HISTORY,2026-08-08T23:56:48+05:30
2007-05-30,SMD-0225,TATASTEEL,NSE:TATASTEEL-EQ,59.17,59.17,55.14,55.39,30974300,FYERS_HISTORY,2026-08-08T23:56:48+05:30
2007-05-31,SMD-0225,TATASTEEL,NSE:TATASTEEL-EQ,57.79,57.79,55.33,55.86,25313330,FYERS_HISTORY,2026-08-08T23:56:48+05:30
2007-06-01,SMD-0225,TATASTEEL,NSE:TATASTEEL-EQ,56.12,57.06,55.9,56.12,15104080,FYERS_HISTORY,2026-08-08T23:56:48+05:30
2007-06-04,SMD-0225,TATASTEEL,NSE:TATASTEEL-EQ,56.29,56.98,56.04,56.39,14512870,FYERS_HISTORY,2026-08-08T23:56:48+05:30
2007-06-05,SMD-0225,TATASTEEL,NSE:TATASTEEL-EQ,56.29,57.16,56.29,56.7,15120660,FYERS_HISTORY,2026-08-08T23:56:48+05:30
2007-06-06,SMD-0225,TATASTEEL,NSE:TATASTEEL-EQ,56.91,56.94,54.43,54.64,13004700,FYERS_HISTORY,2026-08-08T23:56:48+05:30
2007-06-07,SMD-0225,TATASTEEL,NSE:TATASTEEL-EQ,53.9,55.3,53.47,54.34,22569480,FYERS_HISTORY,2026-08-08T23:56:48+05:30
2007-06-08,SMD-0225,TATASTEEL,NSE:TATASTEEL-EQ,53.2,53.2,51.52,51.75,18518910,FYERS_HISTORY,2026-08-08T23:56:48+05:30
2007-06-11,SMD-0225,TATASTEEL,NSE:TATASTEEL-EQ,52.49,52.53,50.96,51.26,13143920,FYERS_HISTORY,2026-08-08T23:56:48+05:30
2007-06-12,SMD-0225,TATASTEEL,NSE:TATASTEEL-EQ,51.25,53.79,51.25,53.32,55603110,FYERS_HISTORY,2026-08-08T23:56:48+05:30
2007-06-13,SMD-0225,TATASTEEL,NSE:TATASTEEL-EQ,53.32,54.17,52.45,52.74,44368150,FYERS_HISTORY,2026-08-08T23:56:48+05:30
2007-06-14,SMD-0225,TATASTEEL,NSE:TATASTEEL-EQ,52.41,54.75,52.41,54.41,23894210,FYERS_HISTORY,2026-08-08T23:56:48+05:30
2007-06-15,SMD-0225,TATASTEEL,NSE:TATASTEEL-EQ,54.36,54.79,52.66,53.06,15572330,FYERS_HISTORY,2026-08-08T23:56:48+05:30
2007-06-18,SMD-0225,TATASTEEL,NSE:TATASTEEL-EQ,53.06,53.81,51.83,52.06,15165550,FYERS_HISTORY,2026-08-08T23:56:48+05:30
2007-06-19,SMD-0225,TATASTEEL,NSE:TATASTEEL-EQ,51.96,54.52,51.69,54.08,19783780,FYERS_HISTORY,2026-08-08T23:56:48+05:30
2007-06-20,SMD-0225,TATASTEEL,NSE:TATASTEEL-EQ,54.35,54.5,53.46,53.85,12273970,FYERS_HISTORY,2026-08-08T23:56:48+05:30
2007-06-21,SMD-0225,TATASTEEL,NSE:TATASTEEL-EQ,53.88,54.48,53.51,53.89,13181280,FYERS_HISTORY,2026-08-08T23:56:48+05:30
2007-06-22,SMD-0225,TATASTEEL,NSE:TATASTEEL-EQ,53.14,54.26,52.36,53.03,10795020,FYERS_HISTORY,2026-08-08T23:56:48+05:30
2007-06-25,SMD-0225,TATASTEEL,NSE:TATASTEEL-EQ,53.0,53.35,52.42,53.03,9213590,FYERS_HISTORY,2026-08-08T23:56:48+05:30
2007-06-26,SMD-0225,TATASTEEL,NSE:TATASTEEL-EQ,52.93,53.98,52.82,53.39,10415150,FYERS_HISTORY,2026-08-08T23:56:48+05:30
2007-06-27,SMD-0225,TATASTEEL,NSE:TATASTEEL-EQ,53.2,53.32,52.03,52.37,13023390,FYERS_HISTORY,2026-08-08T23:56:48+05:30
2007-06-28,SMD-0225,TATASTEEL,NSE:TATASTEEL-EQ,52.31,52.97,51.97,52.45,15093820,FYERS_HISTORY,2026-08-08T23:56:48+05:30
2007-06-29,SMD-0225,TATASTEEL,NSE:TATASTEEL-EQ,52.31,53.18,52.26,52.79,6468710,FYERS_HISTORY,2026-08-08T23:56:48+05:30
2007-07-02,SMD-0225,TATASTEEL,NSE:TATASTEEL-EQ,52.79,53.79,52.33,52.44,10811790,FYERS_HISTORY,2026-08-08T23:56:48+05:30
2007-07-03,SMD-0225,TATASTEEL,NSE:TATASTEEL-EQ,52.49,53.53,52.22,53.09,15817460,FYERS_HISTORY,2026-08-08T23:56:48+05:30
2007-07-04,SMD-0225,TATASTEEL,NSE:TATASTEEL-EQ,53.28,54.68,52.93,54.46,23423330,FYERS_HISTORY,2026-08-08T23:56:48+05:30
2007-07-05,SMD-0225,TATASTEEL,NSE:TATASTEEL-EQ,54.84,55.67,54.3,55.5,30129120,FYERS_HISTORY,2026-08-08T23:56:48+05:30
2007-07-06,SMD-0225,TATASTEEL,NSE:TATASTEEL-EQ,55.55,56.16,54.88,55.08,16488170,FYERS_HISTORY,2026-08-08T23:56:48+05:30
2007-07-09,SMD-0225,TATASTEEL,NSE:TATASTEEL-EQ,55.41,55.85,54.97,55.36,11879680,FYERS_HISTORY,2026-08-08T23:56:48+05:30
2007-07-10,SMD-0225,TATASTEEL,NSE:TATASTEEL-EQ,55.58,56.38,55.16,56.03,18637350,FYERS_HISTORY,2026-08-08T23:56:48+05:30
2007-07-11,SMD-0225,TATASTEEL,NSE:TATASTEEL-EQ,55.67,58.41,55.41,57.92,32508030,FYERS_HISTORY,2026-08-08T23:56:48+05:30
2007-07-12,SMD-0225,TATASTEEL,NSE:TATASTEEL-EQ,58.5,59.56,58.32,59.38,18076780,FYERS_HISTORY,2026-08-08T23:56:48+05:30
2007-07-13,SMD-0225,TATASTEEL,NSE:TATASTEEL-EQ,59.38,61.81,59.38,61.49,27553620,FYERS_HISTORY,2026-08-08T23:56:48+05:30
2007-07-16,SMD-0225,TATASTEEL,NSE:TATASTEEL-EQ,61.83,62.91,60.62,61.4,23541940,FYERS_HISTORY,2026-08-08T23:56:48+05:30
2007-07-17,SMD-0225,TATASTEEL,NSE:TATASTEEL-EQ,61.34,62.03,59.56,60.18,15341770,FYERS_HISTORY,2026-08-08T23:56:48+05:30
2007-07-18,SMD-0225,TATASTEEL,NSE:TATASTEEL-EQ,60.27,61.06,58.34,60.34,16944210,FYERS_HISTORY,2026-08-08T23:56:48+05:30
2007-07-19,SMD-0225,TATASTEEL,NSE:TATASTEEL-EQ,60.62,61.23,59.97,60.31,10768710,FYERS_HISTORY,2026-08-08T23:56:48+05:30
2007-07-20,SMD-0225,TATASTEEL,NSE:TATASTEEL-EQ,60.44,63.62,60.44,63.2,50380300,FYERS_HISTORY,2026-08-08T23:56:48+05:30
2007-07-23,SMD-0225,TATASTEEL,NSE:TATASTEEL-EQ,62.92,64.21,62.74,63.72,37299800,FYERS_HISTORY,2026-08-08T23:56:48+05:30
2007-07-24,SMD-0225,TATASTEEL,NSE:TATASTEEL-EQ,63.92,64.72,62.65,63.78,28967200,FYERS_HISTORY,2026-08-08T23:56:48+05:30
2007-07-25,SMD-0225,TATASTEEL,NSE:TATASTEEL-EQ,63.67,64.13,62.05,62.69,20077290,FYERS_HISTORY,2026-08-08T23:56:48+05:30
2007-07-26,SMD-0225,TATASTEEL,NSE:TATASTEEL-EQ,62.92,63.44,61.59,62.18,13302420,FYERS_HISTORY,2026-08-08T23:56:48+05:30
2007-07-27,SMD-0225,TATASTEEL,NSE:TATASTEEL-EQ,61.42,61.61,57.1,57.58,26462120,FYERS_HISTORY,2026-08-08T23:56:48+05:30
2007-07-30,SMD-0225,TATASTEEL,NSE:TATASTEEL-EQ,57.88,59.65,56.11,56.86,32165860,FYERS_HISTORY,2026-08-08T23:56:48+05:30
2007-07-31,SMD-0225,TATASTEEL,NSE:TATASTEEL-EQ,57.16,58.3,56.76,57.99,18815890,FYERS_HISTORY,2026-08-08T23:56:48+05:30
2007-08-01,SMD-0225,TATASTEEL,NSE:TATASTEEL-EQ,57.7,57.7,54.88,55.12,25676430,FYERS_HISTORY,2026-08-08T23:56:48+05:30
2007-08-02,SMD-0225,TATASTEEL,NSE:TATASTEEL-EQ,55.93,56.99,55.06,56.52,13677600,FYERS_HISTORY,2026-08-08T23:56:48+05:30
2007-08-03,SMD-0225,TATASTEEL,NSE:TATASTEEL-EQ,56.55,57.86,56.55,57.65,12320890,FYERS_HISTORY,2026-08-08T23:56:48+05:30
2007-08-06,SMD-0225,TATASTEEL,NSE:TATASTEEL-EQ,54.44,57.88,54.44,57.38,14932350,FYERS_HISTORY,2026-08-08T23:56:48+05:30
2007-08-07,SMD-0225,TATASTEEL,NSE:TATASTEEL-EQ,57.88,58.32,56.29,56.54,16428240,FYERS_HISTORY,2026-08-08T23:56:48+05:30
2007-08-08,SMD-0225,TATASTEEL,NSE:TATASTEEL-EQ,57.97,57.97,56.78,57.47,13380590,FYERS_HISTORY,2026-08-08T23:56:48+05:30
2007-08-09,SMD-0225,TATASTEEL,NSE:TATASTEEL-EQ,58.15,59.65,57.08,57.65,26373450,FYERS_HISTORY,2026-08-08T23:56:48+05:30
2007-08-10,SMD-0225,TATASTEEL,NSE:TATASTEEL-EQ,56.41,56.64,55.23,56.11,20510600,FYERS_HISTORY,2026-08-08T23:56:48+05:30
2007-08-13,SMD-0225,TATASTEEL,NSE:TATASTEEL-EQ,56.64,57.45,56.55,56.82,9269700,FYERS_HISTORY,2026-08-08T23:56:48+05:30
2007-08-14,SMD-0225,TATASTEEL,NSE:TATASTEEL-EQ,56.91,57.42,56.49,56.65,10472850,FYERS_HISTORY,2026-08-08T23:56:48+05:30
2007-08-16,SMD-0225,TATASTEEL,NSE:TATASTEEL-EQ,53.16,55.0,50.57,50.85,60890160,FYERS_HISTORY,2026-08-08T23:56:48+05:30
2007-08-17,SMD-0225,TATASTEEL,NSE:TATASTEEL-EQ,50.46,50.63,46.61,48.11,104635270,FYERS_HISTORY,2026-08-08T23:56:48+05:30
2007-08-20,SMD-0225,TATASTEEL,NSE:TATASTEEL-EQ,48.78,50.78,48.78,50.31,25678240,FYERS_HISTORY,2026-08-08T23:56:48+05:30
2007-08-21,SMD-0225,TATASTEEL,NSE:TATASTEEL-EQ,50.81,51.96,47.99,48.27,19134540,FYERS_HISTORY,2026-08-08T23:56:48+05:30
2007-08-22,SMD-0225,TATASTEEL,NSE:TATASTEEL-EQ,48.6,50.72,47.72,50.31,23266140,FYERS_HISTORY,2026-08-08T23:56:48+05:30
2007-08-23,SMD-0225,TATASTEEL,NSE:TATASTEEL-EQ,51.16,51.82,49.0,49.47,18722220,FYERS_HISTORY,2026-08-08T23:56:48+05:30
2007-08-24,SMD-0225,TATASTEEL,NSE:TATASTEEL-EQ,49.66,51.92,49.49,51.51,17652160,FYERS_HISTORY,2026-08-08T23:56:48+05:30
2007-08-27,SMD-0225,TATASTEEL,NSE:TATASTEEL-EQ,51.87,53.44,51.78,53.28,17268420,FYERS_HISTORY,2026-08-08T23:56:48+05:30
2007-08-28,SMD-0225,TATASTEEL,NSE:TATASTEEL-EQ,53.5,54.29,52.6,53.53,17085880,FYERS_HISTORY,2026-08-08T23:56:48+05:30
2007-08-29,SMD-0225,TATASTEEL,NSE:TATASTEEL-EQ,52.86,58.67,52.14,58.32,67399780,FYERS_HISTORY,2026-08-08T23:56:48+05:30
2007-08-30,SMD-0225,TATASTEEL,NSE:TATASTEEL-EQ,59.21,60.09,57.79,58.09,56156420,FYERS_HISTORY,2026-08-08T23:56:48+05:30
2007-08-31,SMD-0225,TATASTEEL,NSE:TATASTEEL-EQ,58.32,61.22,58.32,60.95,55979500,FYERS_HISTORY,2026-08-08T23:56:48+05:30
2007-09-03,SMD-0225,TATASTEEL,NSE:TATASTEEL-EQ,60.97,62.08,60.71,61.11,30851440,FYERS_HISTORY,2026-08-08T23:56:48+05:30
2007-09-04,SMD-0225,TATASTEEL,NSE:TATASTEEL-EQ,61.42,61.85,60.14,60.43,26706160,FYERS_HISTORY,2026-08-08T23:56:48+05:30
2007-09-05,SMD-0225,TATASTEEL,NSE:TATASTEEL-EQ,60.8,61.5,59.77,60.27,34114830,FYERS_HISTORY,2026-08-08T23:56:48+05:30
2007-09-06,SMD-0225,TATASTEEL,NSE:TATASTEEL-EQ,60.53,61.42,59.74,61.21,18523400,FYERS_HISTORY,2026-08-08T23:56:48+05:30
2007-09-07,SMD-0225,TATASTEEL,NSE:TATASTEEL-EQ,61.42,62.3,60.54,60.82,27209000,FYERS_HISTORY,2026-08-08T23:56:48+05:30
2007-09-10,SMD-0225,TATASTEEL,NSE:TATASTEEL-EQ,60.09,61.73,59.75,61.26,23132830,FYERS_HISTORY,2026-08-08T23:56:48+05:30
2007-09-11,SMD-0225,TATASTEEL,NSE:TATASTEEL-EQ,61.46,62.88,61.42,62.63,40478300,FYERS_HISTORY,2026-08-08T23:56:48+05:30
2007-09-12,SMD-0225,TATASTEEL,NSE:TATASTEEL-EQ,63.18,63.48,62.74,62.88,26945600,FYERS_HISTORY,2026-08-08T23:56:48+05:30
2007-09-13,SMD-0225,TATASTEEL,NSE:TATASTEEL-EQ,63.09,63.43,62.13,62.43,16753870,FYERS_HISTORY,2026-08-08T23:56:48+05:30
2007-09-14,SMD-0225,TATASTEEL,NSE:TATASTEEL-EQ,62.92,63.98,61.91,62.19,24005420,FYERS_HISTORY,2026-08-08T23:56:48+05:30
2007-09-17,SMD-0225,TATASTEEL,NSE:TATASTEEL-EQ,62.3,63.17,62.05,62.36,17758820,FYERS_HISTORY,2026-08-08T23:56:48+05:30
2007-09-18,SMD-0225,TATASTEEL,NSE:TATASTEEL-EQ,62.47,63.01,62.03,62.77,13304120,FYERS_HISTORY,2026-08-08T23:56:48+05:30
2007-09-19,SMD-0225,TATASTEEL,NSE:TATASTEEL-EQ,63.74,66.01,63.71,65.83,34261010,FYERS_HISTORY,2026-08-08T23:56:48+05:30
2007-09-20,SMD-0225,TATASTEEL,NSE:TATASTEEL-EQ,65.83,66.44,64.99,65.35,18285620,FYERS_HISTORY,2026-08-08T23:56:48+05:30
2007-09-21,SMD-0225,TATASTEEL,NSE:TATASTEEL-EQ,65.21,66.27,65.14,65.43,16867280,FYERS_HISTORY,2026-08-08T23:56:48+05:30
2007-09-24,SMD-0225,TATASTEEL,NSE:TATASTEEL-EQ,66.01,66.85,65.2,66.23,14995930,FYERS_HISTORY,2026-08-08T23:56:48+05:30
2007-09-25,SMD-0225,TATASTEEL,NSE:TATASTEEL-EQ,66.1,67.46,64.78,65.74,24748790,FYERS_HISTORY,2026-08-08T23:56:48+05:30
2007-09-26,SMD-0225,TATASTEEL,NSE:TATASTEEL-EQ,66.4,67.42,65.84,66.44,18751120,FYERS_HISTORY,2026-08-08T23:56:48+05:30
2007-09-27,SMD-0225,TATASTEEL,NSE:TATASTEEL-EQ,66.27,71.58,66.27,70.25,78897440,FYERS_HISTORY,2026-08-08T23:56:48+05:30
2007-09-28,SMD-0225,TATASTEEL,NSE:TATASTEEL-EQ,71.22,76.74,70.69,75.16,87669560,FYERS_HISTORY,2026-08-08T23:56:48+05:30
2007-10-01,SMD-0225,TATASTEEL,NSE:TATASTEEL-EQ,75.55,75.9,73.71,74.36,31037690,FYERS_HISTORY,2026-08-08T23:56:48+05:30
2007-10-03,SMD-0225,TATASTEEL,NSE:TATASTEEL-EQ,74.99,76.24,71.13,74.27,22788770,FYERS_HISTORY,2026-08-08T23:56:48+05:30
2007-10-04,SMD-0225,TATASTEEL,NSE:TATASTEEL-EQ,74.32,77.43,73.35,76.44,34274490,FYERS_HISTORY,2026-08-08T23:56:48+05:30
2007-10-05,SMD-0225,TATASTEEL,NSE:TATASTEEL-EQ,76.87,77.32,72.64,73.7,18504830,FYERS_HISTORY,2026-08-08T23:56:48+05:30
2007-10-08,SMD-0225,TATASTEEL,NSE:TATASTEEL-EQ,74.04,75.0,68.48,69.77,26242050,FYERS_HISTORY,2026-08-08T23:56:48+05:30
2007-10-09,SMD-0225,TATASTEEL,NSE:TATASTEEL-EQ,70.25,74.14,67.95,73.84,25958530,FYERS_HISTORY,2026-08-08T23:56:48+05:30
2007-10-10,SMD-0225,TATASTEEL,NSE:TATASTEEL-EQ,74.44,75.73,74.19,74.94,18599400,FYERS_HISTORY,2026-08-08T23:56:48+05:30
2007-10-11,SMD-0225,TATASTEEL,NSE:TATASTEEL-EQ,75.1,76.3,74.23,75.16,15997980,FYERS_HISTORY,2026-08-08T23:56:48+05:30
2007-10-12,SMD-0225,TATASTEEL,NSE:TATASTEEL-EQ,74.67,78.67,73.81,75.14,28379930,FYERS_HISTORY,2026-08-08T23:56:48+05:30
2007-10-15,SMD-0225,TATASTEEL,NSE:TATASTEEL-EQ,75.82,81.2,75.64,80.59,36763390,FYERS_HISTORY,2026-08-08T23:56:48+05:30
2007-10-16,SMD-0225,TATASTEEL,NSE:TATASTEEL-EQ,80.41,81.65,78.67,80.25,23962360,FYERS_HISTORY,2026-08-08T23:56:48+05:30
2007-10-17,SMD-0225,TATASTEEL,NSE:TATASTEEL-EQ,76.44,78.5,70.69,76.53,33134500,FYERS_HISTORY,2026-08-08T23:56:48+05:30
2007-10-18,SMD-0225,TATASTEEL,NSE:TATASTEEL-EQ,77.41,80.06,71.66,73.8,21531160,FYERS_HISTORY,2026-08-08T23:56:48+05:30
2007-10-19,SMD-0225,TATASTEEL,NSE:TATASTEEL-EQ,72.46,76.97,69.02,75.3,33991920,FYERS_HISTORY,2026-08-08T23:56:48+05:30
2007-10-22,SMD-0225,TATASTEEL,NSE:TATASTEEL-EQ,71.66,76.79,71.66,74.01,19054500,FYERS_HISTORY,2026-08-08T23:56:48+05:30
2007-10-23,SMD-0225,TATASTEEL,NSE:TATASTEEL-EQ,75.02,79.5,74.93,79.04,19316280,FYERS_HISTORY,2026-08-08T23:56:48+05:30
2007-10-24,SMD-0225,TATASTEEL,NSE:TATASTEEL-EQ,79.97,81.91,79.11,80.97,27784370,FYERS_HISTORY,2026-08-08T23:56:48+05:30
2007-10-25,SMD-0225,TATASTEEL,NSE:TATASTEEL-EQ,81.11,88.49,80.77,87.39,78238900,FYERS_HISTORY,2026-08-08T23:56:48+05:30
2007-10-26,SMD-0225,TATASTEEL,NSE:TATASTEEL-EQ,88.13,92.61,85.38,87.28,56014880,FYERS_HISTORY,2026-08-08T23:56:48+05:30
2007-10-29,SMD-0225,TATASTEEL,NSE:TATASTEEL-EQ,88.97,93.81,88.97,90.22,38642210,FYERS_HISTORY,2026-08-08T23:56:48+05:30
2007-10-30,SMD-0225,TATASTEEL,NSE:TATASTEEL-EQ,90.47,91.42,89.24,90.16,21180460,FYERS_HISTORY,2026-08-08T23:56:48+05:30
2007-10-31,SMD-0225,TATASTEEL,NSE:TATASTEEL-EQ,90.07,92.17,89.57,90.55,16892490,FYERS_HISTORY,2026-08-08T23:56:48+05:30
2007-11-01,SMD-0225,TATASTEEL,NSE:TATASTEEL-EQ,92.47,92.86,87.27,88.54,21448040,FYERS_HISTORY,2026-08-08T23:56:48+05:30
2007-11-02,SMD-0225,TATASTEEL,NSE:TATASTEEL-EQ,86.47,90.05,77.46,89.72,13308110,FYERS_HISTORY,2026-08-08T23:56:48+05:30
2007-11-05,SMD-0225,TATASTEEL,NSE:TATASTEEL-EQ,89.47,89.97,87.48,87.89,12893510,FYERS_HISTORY,2026-08-08T23:56:48+05:30
2007-11-06,SMD-0225,TATASTEEL,NSE:TATASTEEL-EQ,88.96,89.51,85.19,86.01,10572390,FYERS_HISTORY,2026-08-08T23:56:48+05:30
2007-11-07,SMD-0225,TATASTEEL,NSE:TATASTEEL-EQ,86.01,87.96,85.48,86.22,8100630,FYERS_HISTORY,2026-08-08T23:56:48+05:30
2007-11-08,SMD-0225,TATASTEEL,NSE:TATASTEEL-EQ,85.96,86.07,83.97,84.77,7951280,FYERS_HISTORY,2026-08-08T23:56:48+05:30
2007-11-09,SMD-0225,TATASTEEL,NSE:TATASTEEL-EQ,85.97,85.97,81.97,83.37,2187440,FYERS_HISTORY,2026-08-08T23:56:48+05:30
2007-11-12,SMD-0225,TATASTEEL,NSE:TATASTEEL-EQ,81.77,82.27,79.13,81.37,24645290,FYERS_HISTORY,2026-08-08T23:56:48+05:30
2007-11-13,SMD-0225,TATASTEEL,NSE:TATASTEEL-EQ,81.37,84.77,80.97,83.37,15244190,FYERS_HISTORY,2026-08-08T23:56:48+05:30
2007-11-14,SMD-0225,TATASTEEL,NSE:TATASTEEL-EQ,85.2,86.97,85.07,85.78,13608780,FYERS_HISTORY,2026-08-08T23:56:48+05:30
2007-11-15,SMD-0225,TATASTEEL,NSE:TATASTEEL-EQ,92.07,93.47,85.28,85.96,18448870,FYERS_HISTORY,2026-08-08T23:56:48+05:30
2007-11-16,SMD-0225,TATASTEEL,NSE:TATASTEEL-EQ,85.97,85.97,79.57,84.32,11911960,FYERS_HISTORY,2026-08-08T23:56:48+05:30
2007-11-19,SMD-0225,TATASTEEL,NSE:TATASTEEL-EQ,85.97,87.97,84.58,86.25,11440550,FYERS_HISTORY,2026-08-08T23:56:48+05:30
2007-11-20,SMD-0225,TATASTEEL,NSE:TATASTEEL-EQ,86.29,88.77,84.97,85.9,25665070,FYERS_HISTORY,2026-08-08T23:56:48+05:30
2007-11-21,SMD-0225,TATASTEEL,NSE:TATASTEEL-EQ,86.17,87.77,81.27,82.48,16542310,FYERS_HISTORY,2026-08-08T23:56:48+05:30
2007-11-22,SMD-0225,TATASTEEL,NSE:TATASTEEL-EQ,89.96,89.96,78.45,81.78,18976840,FYERS_HISTORY,2026-08-08T23:56:48+05:30
2007-11-23,SMD-0225,TATASTEEL,NSE:TATASTEEL-EQ,80.04,87.97,78.97,81.74,9278380,FYERS_HISTORY,2026-08-08T23:56:48+05:30
2007-11-26,SMD-0225,TATASTEEL,NSE:TATASTEEL-EQ,83.92,85.72,81.24,85.02,16989020,FYERS_HISTORY,2026-08-08T23:56:48+05:30
2007-11-27,SMD-0225,TATASTEEL,NSE:TATASTEEL-EQ,84.97,86.26,84.11,84.86,15286160,FYERS_HISTORY,2026-08-08T23:56:48+05:30
2007-11-28,SMD-0225,TATASTEEL,NSE:TATASTEEL-EQ,88.97,89.96,80.47,81.63,15237780,FYERS_HISTORY,2026-08-08T23:56:48+05:30
2007-11-29,SMD-0225,TATASTEEL,NSE:TATASTEEL-EQ,83.17,84.72,78.98,79.8,24326760,FYERS_HISTORY,2026-08-08T23:56:48+05:30
2007-11-30,SMD-0225,TATASTEEL,NSE:TATASTEEL-EQ,80.47,82.92,80.47,82.56,10345400,FYERS_HISTORY,2026-08-08T23:56:48+05:30
2007-12-03,SMD-0225,TATASTEEL,NSE:TATASTEEL-EQ,82.97,84.47,82.77,84.19,8589320,FYERS_HISTORY,2026-08-08T23:56:48+05:30
2007-12-04,SMD-0225,TATASTEEL,NSE:TATASTEEL-EQ,84.37,87.67,84.37,87.23,22612350,FYERS_HISTORY,2026-08-08T23:56:48+05:30
2007-12-05,SMD-0225,TATASTEEL,NSE:TATASTEEL-EQ,87.47,88.26,85.72,86.52,21025680,FYERS_HISTORY,2026-08-08T23:56:48+05:30
2007-12-06,SMD-0225,TATASTEEL,NSE:TATASTEEL-EQ,87.47,87.91,84.33,84.79,9282800,FYERS_HISTORY,2026-08-08T23:56:48+05:30
2007-12-07,SMD-0225,TATASTEEL,NSE:TATASTEEL-EQ,85.57,86.37,82.59,83.18,13584020,FYERS_HISTORY,2026-08-08T23:56:48+05:30
2007-12-10,SMD-0225,TATASTEEL,NSE:TATASTEEL-EQ,83.17,84.07,82.97,83.3,8431120,FYERS_HISTORY,2026-08-08T23:56:48+05:30
2007-12-11,SMD-0225,TATASTEEL,NSE:TATASTEEL-EQ,83.81,85.07,83.22,83.6,15431190,FYERS_HISTORY,2026-08-08T23:56:48+05:30
2007-12-12,SMD-0225,TATASTEEL,NSE:TATASTEEL-EQ,83.51,86.67,82.52,86.45,43413910,FYERS_HISTORY,2026-08-08T23:56:48+05:30
2007-12-13,SMD-0225,TATASTEEL,NSE:TATASTEEL-EQ,86.97,89.97,86.6,88.98,41971400,FYERS_HISTORY,2026-08-08T23:56:48+05:30
2007-12-14,SMD-0225,TATASTEEL,NSE:TATASTEEL-EQ,89.42,90.86,87.28,87.68,32721680,FYERS_HISTORY,2026-08-08T23:56:48+05:30
2007-12-17,SMD-0225,TATASTEEL,NSE:TATASTEEL-EQ,87.67,88.47,81.47,82.31,16349210,FYERS_HISTORY,2026-08-08T23:56:48+05:30
2007-12-18,SMD-0225,TATASTEEL,NSE:TATASTEEL-EQ,84.46,84.46,81.31,81.69,24842380,FYERS_HISTORY,2026-08-08T23:56:48+05:30
2007-12-19,SMD-0225,TATASTEEL,NSE:TATASTEEL-EQ,82.66,84.31,80.21,82.4,22804080,FYERS_HISTORY,2026-08-08T23:56:48+05:30
2007-12-20,SMD-0225,TATASTEEL,NSE:TATASTEEL-EQ,82.97,83.56,82.07,82.4,16744780,FYERS_HISTORY,2026-08-08T23:56:48+05:30
2007-12-24,SMD-0225,TATASTEEL,NSE:TATASTEEL-EQ,83.87,86.71,83.17,86.41,18327600,FYERS_HISTORY,2026-08-08T23:56:48+05:30
2007-12-26,SMD-0225,TATASTEEL,NSE:TATASTEEL-EQ,87.51,89.76,86.81,89.25,13641610,FYERS_HISTORY,2026-08-08T23:56:48+05:30
2007-12-27,SMD-0225,TATASTEEL,NSE:TATASTEEL-EQ,90.57,91.3,89.07,90.48,30959010,FYERS_HISTORY,2026-08-08T23:56:48+05:30
2007-12-28,SMD-0225,TATASTEEL,NSE:TATASTEEL-EQ,87.04,93.62,87.04,93.1,21876320,FYERS_HISTORY,2026-08-08T23:56:48+05:30
2007-12-31,SMD-0225,TATASTEEL,NSE:TATASTEEL-EQ,93.47,94.69,90.58,93.51,15304070,FYERS_HISTORY,2026-08-08T23:56:49+05:30
2008-01-01,SMD-0225,TATASTEEL,NSE:TATASTEEL-EQ,93.87,95.67,92.86,93.19,13606450,FYERS_HISTORY,2026-08-08T23:56:49+05:30
2008-01-02,SMD-0225,TATASTEEL,NSE:TATASTEEL-EQ,93.47,93.97,90.04,93.32,15180310,FYERS_HISTORY,2026-08-08T23:56:49+05:30
2008-01-03,SMD-0225,TATASTEEL,NSE:TATASTEEL-EQ,93.87,93.87,91.73,92.59,14898020,FYERS_HISTORY,2026-08-08T23:56:49+05:30
2008-01-04,SMD-0225,TATASTEEL,NSE:TATASTEEL-EQ,93.94,94.28,92.38,93.1,9343360,FYERS_HISTORY,2026-08-08T23:56:49+05:30
2008-01-07,SMD-0225,TATASTEEL,NSE:TATASTEEL-EQ,91.27,94.87,91.27,92.55,9197950,FYERS_HISTORY,2026-08-08T23:56:49+05:30
2008-01-08,SMD-0225,TATASTEEL,NSE:TATASTEEL-EQ,93.47,93.73,87.64,89.1,21713230,FYERS_HISTORY,2026-08-08T23:56:49+05:30
2008-01-09,SMD-0225,TATASTEEL,NSE:TATASTEEL-EQ,88.47,90.71,87.56,89.35,12385170,FYERS_HISTORY,2026-08-08T23:56:49+05:30
2008-01-10,SMD-0225,TATASTEEL,NSE:TATASTEEL-EQ,91.97,91.97,84.97,85.39,13914180,FYERS_HISTORY,2026-08-08T23:56:49+05:30
2008-01-11,SMD-0225,TATASTEEL,NSE:TATASTEEL-EQ,85.39,86.55,83.12,85.3,13424740,FYERS_HISTORY,2026-08-08T23:56:49+05:30
2008-01-14,SMD-0225,TATASTEEL,NSE:TATASTEEL-EQ,92.12,92.12,83.29,83.79,16216680,FYERS_HISTORY,2026-08-08T23:56:49+05:30
2008-01-15,SMD-0225,TATASTEEL,NSE:TATASTEEL-EQ,85.87,86.36,83.57,85.18,17563340,FYERS_HISTORY,2026-08-08T23:56:49+05:30
2008-01-16,SMD-0225,TATASTEEL,NSE:TATASTEEL-EQ,85.97,85.97,80.2,81.77,29492220,FYERS_HISTORY,2026-08-08T23:56:49+05:30
2008-01-17,SMD-0225,TATASTEEL,NSE:TATASTEEL-EQ,82.92,82.92,80.47,81.05,32575320,FYERS_HISTORY,2026-08-08T23:56:49+05:30
2008-01-18,SMD-0225,TATASTEEL,NSE:TATASTEEL-EQ,81.04,81.85,77.0,78.22,21092910,FYERS_HISTORY,2026-08-08T23:56:49+05:30
2008-01-21,SMD-0225,TATASTEEL,NSE:TATASTEEL-EQ,77.67,77.97,62.58,72.14,37590740,FYERS_HISTORY,2026-08-08T23:56:49+05:30
2008-01-22,SMD-0225,TATASTEEL,NSE:TATASTEEL-EQ,69.58,85.93,53.78,67.04,35910070,FYERS_HISTORY,2026-08-08T23:56:49+05:30
2008-01-23,SMD-0225,TATASTEEL,NSE:TATASTEEL-EQ,70.98,72.37,68.48,69.83,22555320,FYERS_HISTORY,2026-08-08T23:56:49+05:30
2008-01-24,SMD-0225,TATASTEEL,NSE:TATASTEEL-EQ,71.48,73.98,65.1,67.05,25399750,FYERS_HISTORY,2026-08-08T23:56:49+05:30
2008-01-25,SMD-0225,TATASTEEL,NSE:TATASTEEL-EQ,69.98,71.88,67.48,71.48,14746590,FYERS_HISTORY,2026-08-08T23:56:49+05:30
2008-01-28,SMD-0225,TATASTEEL,NSE:TATASTEEL-EQ,70.38,70.38,66.88,69.65,8240730,FYERS_HISTORY,2026-08-08T23:56:49+05:30
2008-01-29,SMD-0225,TATASTEEL,NSE:TATASTEEL-EQ,71.38,72.12,69.7,71.5,9446470,FYERS_HISTORY,2026-08-08T23:56:49+05:30
2008-01-30,SMD-0225,TATASTEEL,NSE:TATASTEEL-EQ,71.58,73.98,70.98,72.31,13501150,FYERS_HISTORY,2026-08-08T23:56:49+05:30
2008-01-31,SMD-0225,TATASTEEL,NSE:TATASTEEL-EQ,72.58,74.52,69.27,73.84,24151150,FYERS_HISTORY,2026-08-08T23:56:49+05:30
2008-02-01,SMD-0225,TATASTEEL,NSE:TATASTEEL-EQ,73.98,78.07,73.78,77.62,21809330,FYERS_HISTORY,2026-08-08T23:56:49+05:30
2008-02-04,SMD-0225,TATASTEEL,NSE:TATASTEEL-EQ,77.67,81.67,77.67,80.19,20961490,FYERS_HISTORY,2026-08-08T23:56:49+05:30
2008-02-05,SMD-0225,TATASTEEL,NSE:TATASTEEL-EQ,80.37,82.07,77.82,81.68,23947010,FYERS_HISTORY,2026-08-08T23:56:49+05:30
2008-02-06,SMD-0225,TATASTEEL,NSE:TATASTEEL-EQ,78.97,81.77,78.6,79.86,16509160,FYERS_HISTORY,2026-08-08T23:56:49+05:30
2008-02-07,SMD-0225,TATASTEEL,NSE:TATASTEEL-EQ,79.47,81.43,76.49,77.16,16841050,FYERS_HISTORY,2026-08-08T23:56:49+05:30
2008-02-08,SMD-0225,TATASTEEL,NSE:TATASTEEL-EQ,78.17,78.17,74.14,75.11,11285670,FYERS_HISTORY,2026-08-08T23:56:49+05:30
2008-02-11,SMD-0225,TATASTEEL,NSE:TATASTEEL-EQ,72.99,75.18,71.39,72.65,10475680,FYERS_HISTORY,2026-08-08T23:56:49+05:30
2008-02-12,SMD-0225,TATASTEEL,NSE:TATASTEEL-EQ,73.18,74.88,70.18,71.01,11049120,FYERS_HISTORY,2026-08-08T23:56:49+05:30
2008-02-13,SMD-0225,TATASTEEL,NSE:TATASTEEL-EQ,72.75,76.22,71.88,75.79,18144020,FYERS_HISTORY,2026-08-08T23:56:49+05:30
2008-02-14,SMD-0225,TATASTEEL,NSE:TATASTEEL-EQ,77.87,79.04,76.88,77.81,14034930,FYERS_HISTORY,2026-08-08T23:56:49+05:30
2008-02-15,SMD-0225,TATASTEEL,NSE:TATASTEEL-EQ,76.48,82.08,76.48,81.79,22972640,FYERS_HISTORY,2026-08-08T23:56:49+05:30
2008-02-18,SMD-0225,TATASTEEL,NSE:TATASTEEL-EQ,82.41,84.57,80.8,82.09,23631450,FYERS_HISTORY,2026-08-08T23:56:49+05:30
2008-02-19,SMD-0225,TATASTEEL,NSE:TATASTEEL-EQ,82.96,83.67,80.97,81.27,13697250,FYERS_HISTORY,2026-08-08T23:56:49+05:30
2008-02-20,SMD-0225,TATASTEEL,NSE:TATASTEEL-EQ,76.49,81.67,76.49,77.22,16393400,FYERS_HISTORY,2026-08-08T23:56:49+05:30
2008-02-21,SMD-0225,TATASTEEL,NSE:TATASTEEL-EQ,77.97,80.97,77.97,80.55,17524950,FYERS_HISTORY,2026-08-08T23:56:49+05:30
2008-02-22,SMD-0225,TATASTEEL,NSE:TATASTEEL-EQ,79.24,81.72,79.24,80.44,20973530,FYERS_HISTORY,2026-08-08T23:56:49+05:30
2008-02-25,SMD-0225,TATASTEEL,NSE:TATASTEEL-EQ,80.44,81.17,77.78,80.89,17328840,FYERS_HISTORY,2026-08-08T23:56:49+05:30
2008-02-26,SMD-0225,TATASTEEL,NSE:TATASTEEL-EQ,80.97,82.04,80.2,80.93,19694520,FYERS_HISTORY,2026-08-08T23:56:49+05:30
2008-02-27,SMD-0225,TATASTEEL,NSE:TATASTEEL-EQ,81.97,83.36,80.68,81.2,20878710,FYERS_HISTORY,2026-08-08T23:56:49+05:30
2008-02-28,SMD-0225,TATASTEEL,NSE:TATASTEEL-EQ,81.81,82.87,80.67,82.4,19947450,FYERS_HISTORY,2026-08-08T23:56:49+05:30
2008-02-29,SMD-0225,TATASTEEL,NSE:TATASTEEL-EQ,82.96,82.96,77.9,80.15,27505440,FYERS_HISTORY,2026-08-08T23:56:49+05:30
2008-03-03,SMD-0225,TATASTEEL,NSE:TATASTEEL-EQ,78.48,80.34,76.38,77.26,17312220,FYERS_HISTORY,2026-08-08T23:56:49+05:30
2008-03-04,SMD-0225,TATASTEEL,NSE:TATASTEEL-EQ,78.47,79.17,75.62,77.77,23135040,FYERS_HISTORY,2026-08-08T23:56:49+05:30
2008-03-05,SMD-0225,TATASTEEL,NSE:TATASTEEL-EQ,78.36,80.34,77.79,79.89,18559740,FYERS_HISTORY,2026-08-08T23:56:49+05:30
2008-03-07,SMD-0225,TATASTEEL,NSE:TATASTEEL-EQ,78.97,79.61,76.1,77.33,17739930,FYERS_HISTORY,2026-08-08T23:56:49+05:30
2008-03-10,SMD-0225,TATASTEEL,NSE:TATASTEEL-EQ,76.48,81.87,74.4,81.22,25056880,FYERS_HISTORY,2026-08-08T23:56:49+05:30
2008-03-11,SMD-0225,TATASTEEL,NSE:TATASTEEL-EQ,80.75,83.15,80.09,81.89,24691890,FYERS_HISTORY,2026-08-08T23:56:49+05:30
2008-03-12,SMD-0225,TATASTEEL,NSE:TATASTEEL-EQ,82.47,82.97,76.08,76.86,25807110,FYERS_HISTORY,2026-08-08T23:56:49+05:30
2008-03-13,SMD-0225,TATASTEEL,NSE:TATASTEEL-EQ,76.48,76.48,69.1,69.67,29521420,FYERS_HISTORY,2026-08-08T23:56:49+05:30
2008-03-14,SMD-0225,TATASTEEL,NSE:TATASTEEL-EQ,70.48,72.83,69.98,71.49,26762520,FYERS_HISTORY,2026-08-08T23:56:49+05:30
2008-03-17,SMD-0225,TATASTEEL,NSE:TATASTEEL-EQ,68.98,69.97,65.09,65.87,22689440,FYERS_HISTORY,2026-08-08T23:56:49+05:30
2008-03-18,SMD-0225,TATASTEEL,NSE:TATASTEEL-EQ,64.99,67.38,62.98,63.88,21749210,FYERS_HISTORY,2026-08-08T23:56:49+05:30
2008-03-19,SMD-0225,TATASTEEL,NSE:TATASTEEL-EQ,65.18,66.68,63.48,63.76,22587690,FYERS_HISTORY,2026-08-08T23:56:49+05:30
2008-03-24,SMD-0225,TATASTEEL,NSE:TATASTEEL-EQ,64.98,64.98,57.33,59.09,22580860,FYERS_HISTORY,2026-08-08T23:56:49+05:30
2008-03-25,SMD-0225,TATASTEEL,NSE:TATASTEEL-EQ,60.03,64.28,59.98,63.56,18248520,FYERS_HISTORY,2026-08-08T23:56:49+05:30
2008-03-26,SMD-0225,TATASTEEL,NSE:TATASTEEL-EQ,63.98,66.82,62.44,65.75,25146740,FYERS_HISTORY,2026-08-08T23:56:49+05:30
2008-03-27,SMD-0225,TATASTEEL,NSE:TATASTEEL-EQ,65.88,66.98,64.19,65.48,24658300,FYERS_HISTORY,2026-08-08T23:56:49+05:30
2008-03-28,SMD-0225,TATASTEEL,NSE:TATASTEEL-EQ,65.97,72.47,65.97,71.59,37901130,FYERS_HISTORY,2026-08-08T23:56:49+05:30
2008-03-31,SMD-0225,TATASTEEL,NSE:TATASTEEL-EQ,71.58,71.68,68.79,69.41,20850060,FYERS_HISTORY,2026-08-08T23:56:49+05:30
2008-04-01,SMD-0225,TATASTEEL,NSE:TATASTEEL-EQ,69.88,70.18,65.86,67.12,13162340,FYERS_HISTORY,2026-08-08T23:56:49+05:30
2008-04-02,SMD-0225,TATASTEEL,NSE:TATASTEEL-EQ,68.48,68.98,64.33,64.86,18312080,FYERS_HISTORY,2026-08-08T23:56:49+05:30
2008-04-03,SMD-0225,TATASTEEL,NSE:TATASTEEL-EQ,64.98,66.78,63.83,65.99,19773150,FYERS_HISTORY,2026-08-08T23:56:49+05:30
2008-04-04,SMD-0225,TATASTEEL,NSE:TATASTEEL-EQ,65.83,68.02,65.48,66.12,27722670,FYERS_HISTORY,2026-08-08T23:56:49+05:30
2008-04-07,SMD-0225,TATASTEEL,NSE:TATASTEEL-EQ,66.58,68.48,64.49,68.03,17980130,FYERS_HISTORY,2026-08-08T23:56:49+05:30
2008-04-08,SMD-0225,TATASTEEL,NSE:TATASTEEL-EQ,68.03,68.03,65.35,65.68,15600770,FYERS_HISTORY,2026-08-08T23:56:49+05:30
2008-04-09,SMD-0225,TATASTEEL,NSE:TATASTEEL-EQ,66.18,68.38,65.3,67.86,20423250,FYERS_HISTORY,2026-08-08T23:56:49+05:30
2008-04-10,SMD-0225,TATASTEEL,NSE:TATASTEEL-EQ,67.08,68.88,66.98,68.46,15188240,FYERS_HISTORY,2026-08-08T23:56:49+05:30
2008-04-11,SMD-0225,TATASTEEL,NSE:TATASTEEL-EQ,68.86,70.25,67.21,69.3,20632360,FYERS_HISTORY,2026-08-08T23:56:49+05:30
2008-04-15,SMD-0225,TATASTEEL,NSE:TATASTEEL-EQ,69.4,69.98,67.5,69.19,9561340,FYERS_HISTORY,2026-08-08T23:56:49+05:30
2008-04-16,SMD-0225,TATASTEEL,NSE:TATASTEEL-EQ,69.96,70.92,68.71,69.09,10704990,FYERS_HISTORY,2026-08-08T23:56:49+05:30
2008-04-17,SMD-0225,TATASTEEL,NSE:TATASTEEL-EQ,69.98,72.18,69.48,71.76,19691850,FYERS_HISTORY,2026-08-08T23:56:49+05:30
2008-04-21,SMD-0225,TATASTEEL,NSE:TATASTEEL-EQ,72.98,77.87,72.19,77.6,27570940,FYERS_HISTORY,2026-08-08T23:56:49+05:30
2008-04-22,SMD-0225,TATASTEEL,NSE:TATASTEEL-EQ,77.67,78.77,76.49,78.21,16839860,FYERS_HISTORY,2026-08-08T23:56:49+05:30
2008-04-23,SMD-0225,TATASTEEL,NSE:TATASTEEL-EQ,77.42,80.34,75.6,79.72,32312360,FYERS_HISTORY,2026-08-08T23:56:49+05:30
2008-04-24,SMD-0225,TATASTEEL,NSE:TATASTEEL-EQ,79.97,79.97,77.03,77.61,18986320,FYERS_HISTORY,2026-08-08T23:56:49+05:30
2008-04-25,SMD-0225,TATASTEEL,NSE:TATASTEEL-EQ,77.54,80.56,77.0,80.35,19624260,FYERS_HISTORY,2026-08-08T23:56:49+05:30
2008-04-28,SMD-0225,TATASTEEL,NSE:TATASTEEL-EQ,81.31,81.31,71.99,77.82,19527690,FYERS_HISTORY,2026-08-08T23:56:49+05:30
2008-04-29,SMD-0225,TATASTEEL,NSE:TATASTEEL-EQ,78.27,81.97,77.87,81.01,31895890,FYERS_HISTORY,2026-08-08T23:56:49+05:30
2008-04-30,SMD-0225,TATASTEEL,NSE:TATASTEEL-EQ,80.84,82.33,79.98,81.8,19409400,FYERS_HISTORY,2026-08-08T23:56:49+05:30
2008-05-02,SMD-0225,TATASTEEL,NSE:TATASTEEL-EQ,82.07,82.67,79.17,79.71,14750040,FYERS_HISTORY,2026-08-08T23:56:49+05:30
2008-05-05,SMD-0225,TATASTEEL,NSE:TATASTEEL-EQ,80.37,81.31,78.6,80.36,15347660,FYERS_HISTORY,2026-08-08T23:56:49+05:30
2008-05-06,SMD-0225,TATASTEEL,NSE:TATASTEEL-EQ,79.27,82.41,79.27,81.83,22974770,FYERS_HISTORY,2026-08-08T23:56:49+05:30
2008-05-07,SMD-0225,TATASTEEL,NSE:TATASTEEL-EQ,82.04,83.87,81.07,82.29,38819040,FYERS_HISTORY,2026-08-08T23:56:49+05:30
2008-05-08,SMD-0225,TATASTEEL,NSE:TATASTEEL-EQ,82.77,84.91,80.07,84.46,33426940,FYERS_HISTORY,2026-08-08T23:56:49+05:30
2008-05-09,SMD-0225,TATASTEEL,NSE:TATASTEEL-EQ,84.97,85.75,83.27,84.39,28747750,FYERS_HISTORY,2026-08-08T23:56:49+05:30
2008-05-12,SMD-0225,TATASTEEL,NSE:TATASTEEL-EQ,83.67,84.67,80.45,84.26,20293390,FYERS_HISTORY,2026-08-08T23:56:49+05:30
2008-05-13,SMD-0225,TATASTEEL,NSE:TATASTEEL-EQ,84.56,86.77,84.37,85.11,20022150,FYERS_HISTORY,2026-08-08T23:56:49+05:30
2008-05-14,SMD-0225,TATASTEEL,NSE:TATASTEEL-EQ,84.21,89.31,84.21,88.58,33568790,FYERS_HISTORY,2026-08-08T23:56:49+05:30
2008-05-15,SMD-0225,TATASTEEL,NSE:TATASTEEL-EQ,88.07,90.17,80.52,88.14,28548730,FYERS_HISTORY,2026-08-08T23:56:49+05:30
2008-05-16,SMD-0225,TATASTEEL,NSE:TATASTEEL-EQ,88.17,89.46,87.12,89.09,18767950,FYERS_HISTORY,2026-08-08T23:56:49+05:30
2008-05-20,SMD-0225,TATASTEEL,NSE:TATASTEEL-EQ,89.07,90.95,88.47,89.46,17259850,FYERS_HISTORY,2026-08-08T23:56:49+05:30
2008-05-21,SMD-0225,TATASTEEL,NSE:TATASTEEL-EQ,89.07,92.52,88.37,92.17,30171430,FYERS_HISTORY,2026-08-08T23:56:49+05:30
2008-05-22,SMD-0225,TATASTEEL,NSE:TATASTEEL-EQ,91.41,91.94,90.09,90.89,22625070,FYERS_HISTORY,2026-08-08T23:56:49+05:30
2008-05-23,SMD-0225,TATASTEEL,NSE:TATASTEEL-EQ,90.3,91.67,89.02,89.68,27287120,FYERS_HISTORY,2026-08-08T23:56:49+05:30
2008-05-26,SMD-0225,TATASTEEL,NSE:TATASTEEL-EQ,89.47,89.47,86.5,87.43,20963840,FYERS_HISTORY,2026-08-08T23:56:49+05:30
2008-05-27,SMD-0225,TATASTEEL,NSE:TATASTEEL-EQ,88.2,88.87,85.33,86.67,15793100,FYERS_HISTORY,2026-08-08T23:56:49+05:30
2008-05-28,SMD-0225,TATASTEEL,NSE:TATASTEEL-EQ,86.57,90.91,85.61,90.31,18604230,FYERS_HISTORY,2026-08-08T23:56:49+05:30
2008-05-29,SMD-0225,TATASTEEL,NSE:TATASTEEL-EQ,90.77,92.25,88.97,89.58,31222030,FYERS_HISTORY,2026-08-08T23:56:49+05:30
2008-05-30,SMD-0225,TATASTEEL,NSE:TATASTEEL-EQ,90.51,92.47,89.37,90.25,20668720,FYERS_HISTORY,2026-08-08T23:56:49+05:30
2008-06-02,SMD-0225,TATASTEEL,NSE:TATASTEEL-EQ,90.57,91.57,86.37,86.87,16288130,FYERS_HISTORY,2026-08-08T23:56:49+05:30
2008-06-03,SMD-0225,TATASTEEL,NSE:TATASTEEL-EQ,85.97,86.95,84.37,86.14,19862400,FYERS_HISTORY,2026-08-08T23:56:49+05:30
2008-06-04,SMD-0225,TATASTEEL,NSE:TATASTEEL-EQ,86.67,87.55,80.98,81.35,34636770,FYERS_HISTORY,2026-08-08T23:56:49+05:30
2008-06-05,SMD-0225,TATASTEEL,NSE:TATASTEEL-EQ,81.97,84.87,80.07,84.15,29572390,FYERS_HISTORY,2026-08-08T23:56:49+05:30
2008-06-06,SMD-0225,TATASTEEL,NSE:TATASTEEL-EQ,85.27,85.65,81.6,82.39,21005110,FYERS_HISTORY,2026-08-08T23:56:49+05:30
2008-06-09,SMD-0225,TATASTEEL,NSE:TATASTEEL-EQ,81.91,83.27,78.97,82.29,25455780,FYERS_HISTORY,2026-08-08T23:56:49+05:30
2008-06-10,SMD-0225,TATASTEEL,NSE:TATASTEEL-EQ,83.22,83.22,80.47,81.99,19222160,FYERS_HISTORY,2026-08-08T23:56:49+05:30
2008-06-11,SMD-0225,TATASTEEL,NSE:TATASTEEL-EQ,82.72,84.77,82.5,83.64,16077210,FYERS_HISTORY,2026-08-08T23:56:49+05:30
2008-06-12,SMD-0225,TATASTEEL,NSE:TATASTEEL-EQ,83.07,85.97,80.74,85.56,22080010,FYERS_HISTORY,2026-08-08T23:56:49+05:30
2008-06-13,SMD-0225,TATASTEEL,NSE:TATASTEEL-EQ,85.97,86.36,83.58,84.07,22168040,FYERS_HISTORY,2026-08-08T23:56:49+05:30
2008-06-16,SMD-0225,TATASTEEL,NSE:TATASTEEL-EQ,84.95,86.47,84.49,84.87,12137410,FYERS_HISTORY,2026-08-08T23:56:49+05:30
2008-06-17,SMD-0225,TATASTEEL,NSE:TATASTEEL-EQ,84.67,85.56,83.52,85.03,18990020,FYERS_HISTORY,2026-08-08T23:56:49+05:30
2008-06-18,SMD-0225,TATASTEEL,NSE:TATASTEEL-EQ,85.27,86.06,81.78,82.23,15799430,FYERS_HISTORY,2026-08-08T23:56:49+05:30
2008-06-19,SMD-0225,TATASTEEL,NSE:TATASTEEL-EQ,81.47,83.17,80.62,81.65,19833420,FYERS_HISTORY,2026-08-08T23:56:49+05:30
2008-06-20,SMD-0225,TATASTEEL,NSE:TATASTEEL-EQ,82.47,82.47,77.13,77.71,19675500,FYERS_HISTORY,2026-08-08T23:56:49+05:30
2008-06-23,SMD-0225,TATASTEEL,NSE:TATASTEEL-EQ,74.08,79.47,73.02,74.55,17979010,FYERS_HISTORY,2026-08-08T23:56:49+05:30
2008-06-24,SMD-0225,TATASTEEL,NSE:TATASTEEL-EQ,74.55,75.95,69.1,71.09,20511820,FYERS_HISTORY,2026-08-08T23:56:49+05:30
2008-06-25,SMD-0225,TATASTEEL,NSE:TATASTEEL-EQ,69.87,74.57,67.98,74.24,25536810,FYERS_HISTORY,2026-08-08T23:56:49+05:30
2008-06-26,SMD-0225,TATASTEEL,NSE:TATASTEEL-EQ,74.48,76.37,73.07,75.63,31462290,FYERS_HISTORY,2026-08-08T23:56:49+05:30
2008-06-27,SMD-0225,TATASTEEL,NSE:TATASTEEL-EQ,75.2,78.44,71.09,72.65,77043740,FYERS_HISTORY,2026-08-08T23:56:49+05:30
2008-06-30,SMD-0225,TATASTEEL,NSE:TATASTEEL-EQ,72.29,74.38,71.49,72.86,33224580,FYERS_HISTORY,2026-08-08T23:56:49+05:30
2008-07-01,SMD-0225,TATASTEEL,NSE:TATASTEEL-EQ,72.23,74.48,69.05,69.75,29124320,FYERS_HISTORY,2026-08-08T23:56:49+05:30
2008-07-02,SMD-0225,TATASTEEL,NSE:TATASTEEL-EQ,71.48,74.98,67.33,74.06,37573640,FYERS_HISTORY,2026-08-08T23:56:49+05:30
2008-07-03,SMD-0225,TATASTEEL,NSE:TATASTEEL-EQ,74.08,74.13,65.08,65.78,40816650,FYERS_HISTORY,2026-08-08T23:56:49+05:30
2008-07-04,SMD-0225,TATASTEEL,NSE:TATASTEEL-EQ,65.58,66.69,62.62,64.02,45105990,FYERS_HISTORY,2026-08-08T23:56:49+05:30
2008-07-07,SMD-0225,TATASTEEL,NSE:TATASTEEL-EQ,64.43,66.58,64.43,65.17,28983730,FYERS_HISTORY,2026-08-08T23:56:49+05:30
2008-07-08,SMD-0225,TATASTEEL,NSE:TATASTEEL-EQ,64.48,66.18,62.98,65.17,18249240,FYERS_HISTORY,2026-08-08T23:56:49+05:30
2008-07-09,SMD-0225,TATASTEEL,NSE:TATASTEEL-EQ,65.97,67.97,65.97,67.74,20302100,FYERS_HISTORY,2026-08-08T23:56:49+05:30
2008-07-10,SMD-0225,TATASTEEL,NSE:TATASTEEL-EQ,68.09,70.77,66.98,69.87,25540780,FYERS_HISTORY,2026-08-08T23:56:49+05:30
2008-07-11,SMD-0225,TATASTEEL,NSE:TATASTEEL-EQ,70.52,70.63,65.8,66.58,23059430,FYERS_HISTORY,2026-08-08T23:56:49+05:30
2008-07-14,SMD-0225,TATASTEEL,NSE:TATASTEEL-EQ,64.58,69.97,64.58,68.32,21168610,FYERS_HISTORY,2026-08-08T23:56:49+05:30
2008-07-15,SMD-0225,TATASTEEL,NSE:TATASTEEL-EQ,66.4,67.83,64.23,64.77,16562880,FYERS_HISTORY,2026-08-08T23:56:49+05:30
2008-07-16,SMD-0225,TATASTEEL,NSE:TATASTEEL-EQ,65.58,66.27,61.7,62.5,27485750,FYERS_HISTORY,2026-08-08T23:56:49+05:30
2008-07-17,SMD-0225,TATASTEEL,NSE:TATASTEEL-EQ,64.48,66.52,59.68,60.72,43886160,FYERS_HISTORY,2026-08-08T23:56:49+05:30
2008-07-18,SMD-0225,TATASTEEL,NSE:TATASTEEL-EQ,60.0,61.08,58.08,59.24,37411690,FYERS_HISTORY,2026-08-08T23:56:49+05:30
2008-07-21,SMD-0225,TATASTEEL,NSE:TATASTEEL-EQ,61.48,61.48,58.13,59.89,19979470,FYERS_HISTORY,2026-08-08T23:56:49+05:30
2008-07-22,SMD-0225,TATASTEEL,NSE:TATASTEEL-EQ,61.47,63.62,59.01,62.54,42228160,FYERS_HISTORY,2026-08-08T23:56:49+05:30
2008-07-23,SMD-0225,TATASTEEL,NSE:TATASTEEL-EQ,64.17,67.57,64.0,66.73,56033800,FYERS_HISTORY,2026-08-08T23:56:49+05:30
2008-07-24,SMD-0225,TATASTEEL,NSE:TATASTEEL-EQ,66.98,67.98,61.94,63.07,48871680,FYERS_HISTORY,2026-08-08T23:56:49+05:30
2008-07-25,SMD-0225,TATASTEEL,NSE:TATASTEEL-EQ,62.48,63.96,60.88,61.74,41040450,FYERS_HISTORY,2026-08-08T23:56:49+05:30
2008-07-28,SMD-0225,TATASTEEL,NSE:TATASTEEL-EQ,61.43,62.38,60.19,60.39,22730350,FYERS_HISTORY,2026-08-08T23:56:49+05:30
2008-07-29,SMD-0225,TATASTEEL,NSE:TATASTEEL-EQ,60.48,60.48,57.76,58.43,26592820,FYERS_HISTORY,2026-08-08T23:56:49+05:30
2008-07-30,SMD-0225,TATASTEEL,NSE:TATASTEEL-EQ,59.48,63.43,59.48,62.99,40784120,FYERS_HISTORY,2026-08-08T23:56:49+05:30
2008-07-31,SMD-0225,TATASTEEL,NSE:TATASTEEL-EQ,62.88,66.26,62.88,65.49,44351950,FYERS_HISTORY,2026-08-08T23:56:49+05:30
2008-08-01,SMD-0225,TATASTEEL,NSE:TATASTEEL-EQ,65.21,68.37,64.48,67.96,42714650,FYERS_HISTORY,2026-08-08T23:56:49+05:30
2008-08-04,SMD-0225,TATASTEEL,NSE:TATASTEEL-EQ,67.96,69.98,66.88,69.13,32653300,FYERS_HISTORY,2026-08-08T23:56:49+05:30
2008-08-05,SMD-0225,TATASTEEL,NSE:TATASTEEL-EQ,69.48,69.78,65.49,67.57,65866040,FYERS_HISTORY,2026-08-08T23:56:49+05:30
2008-08-06,SMD-0225,TATASTEEL,NSE:TATASTEEL-EQ,68.31,68.78,64.16,64.57,42454210,FYERS_HISTORY,2026-08-08T23:56:49+05:30
2008-08-07,SMD-0225,TATASTEEL,NSE:TATASTEEL-EQ,64.57,66.57,63.59,64.43,40067590,FYERS_HISTORY,2026-08-08T23:56:49+05:30
2008-08-08,SMD-0225,TATASTEEL,NSE:TATASTEEL-EQ,63.48,65.58,63.48,65.22,20481640,FYERS_HISTORY,2026-08-08T23:56:49+05:30
2008-08-11,SMD-0225,TATASTEEL,NSE:TATASTEEL-EQ,65.58,66.55,64.19,64.46,20665930,FYERS_HISTORY,2026-08-08T23:56:49+05:30
2008-08-12,SMD-0225,TATASTEEL,NSE:TATASTEEL-EQ,65.18,66.45,59.79,60.77,60601120,FYERS_HISTORY,2026-08-08T23:56:49+05:30
2008-08-13,SMD-0225,TATASTEEL,NSE:TATASTEEL-EQ,60.47,62.46,59.98,61.02,32378870,FYERS_HISTORY,2026-08-08T23:56:49+05:30
2008-08-14,SMD-0225,TATASTEEL,NSE:TATASTEEL-EQ,64.75,64.75,60.78,61.63,24774950,FYERS_HISTORY,2026-08-08T23:56:49+05:30
2008-08-18,SMD-0225,TATASTEEL,NSE:TATASTEEL-EQ,61.68,62.08,59.88,60.27,21523680,FYERS_HISTORY,2026-08-08T23:56:49+05:30
2008-08-19,SMD-0225,TATASTEEL,NSE:TATASTEEL-EQ,61.88,61.88,59.21,59.78,28620910,FYERS_HISTORY,2026-08-08T23:56:49+05:30
2008-08-20,SMD-0225,TATASTEEL,NSE:TATASTEEL-EQ,60.28,61.58,60.18,60.55,24645840,FYERS_HISTORY,2026-08-08T23:56:49+05:30
2008-08-21,SMD-0225,TATASTEEL,NSE:TATASTEEL-EQ,60.76,61.28,58.18,58.75,34330130,FYERS_HISTORY,2026-08-08T23:56:49+05:30
2008-08-22,SMD-0225,TATASTEEL,NSE:TATASTEEL-EQ,59.48,59.72,57.82,59.36,58121830,FYERS_HISTORY,2026-08-08T23:56:49+05:30
2008-08-25,SMD-0225,TATASTEEL,NSE:TATASTEEL-EQ,60.08,60.43,57.98,58.5,32471060,FYERS_HISTORY,2026-08-08T23:56:49+05:30
2008-08-26,SMD-0225,TATASTEEL,NSE:TATASTEEL-EQ,58.38,58.38,57.01,57.76,31046940,FYERS_HISTORY,2026-08-08T23:56:49+05:30
2008-08-27,SMD-0225,TATASTEEL,NSE:TATASTEEL-EQ,57.68,58.84,57.68,58.12,30671200,FYERS_HISTORY,2026-08-08T23:56:49+05:30
2008-08-28,SMD-0225,TATASTEEL,NSE:TATASTEEL-EQ,58.88,58.88,56.7,57.18,32394940,FYERS_HISTORY,2026-08-08T23:56:49+05:30
2008-08-29,SMD-0225,TATASTEEL,NSE:TATASTEEL-EQ,67.58,67.58,58.08,60.05,46554620,FYERS_HISTORY,2026-08-08T23:56:49+05:30
2008-09-01,SMD-0225,TATASTEEL,NSE:TATASTEEL-EQ,59.78,59.78,57.68,58.4,21227010,FYERS_HISTORY,2026-08-08T23:56:49+05:30
2008-09-02,SMD-0225,TATASTEEL,NSE:TATASTEEL-EQ,58.98,59.38,58.01,58.91,20635750,FYERS_HISTORY,2026-08-08T23:56:49+05:30
2008-09-04,SMD-0225,TATASTEEL,NSE:TATASTEEL-EQ,58.48,59.08,57.78,58.26,12136620,FYERS_HISTORY,2026-08-08T23:56:49+05:30
2008-09-05,SMD-0225,TATASTEEL,NSE:TATASTEEL-EQ,57.83,57.83,55.48,56.02,45240560,FYERS_HISTORY,2026-08-08T23:56:49+05:30
2008-09-08,SMD-0225,TATASTEEL,NSE:TATASTEEL-EQ,57.46,57.92,56.7,56.88,19167400,FYERS_HISTORY,2026-08-08T23:56:49+05:30
2008-09-09,SMD-0225,TATASTEEL,NSE:TATASTEEL-EQ,56.78,57.18,55.98,56.34,19472940,FYERS_HISTORY,2026-08-08T23:56:49+05:30
2008-09-10,SMD-0225,TATASTEEL,NSE:TATASTEEL-EQ,56.03,56.56,52.98,53.5,44659570,FYERS_HISTORY,2026-08-08T23:56:49+05:30
2008-09-11,SMD-0225,TATASTEEL,NSE:TATASTEEL-EQ,53.68,53.68,52.23,52.62,31298020,FYERS_HISTORY,2026-08-08T23:56:49+05:30
2008-09-12,SMD-0225,TATASTEEL,NSE:TATASTEEL-EQ,53.98,53.98,52.03,52.35,26084210,FYERS_HISTORY,2026-08-08T23:56:49+05:30
2008-09-15,SMD-0225,TATASTEEL,NSE:TATASTEEL-EQ,51.78,51.78,48.73,50.03,28886960,FYERS_HISTORY,2026-08-08T23:56:49+05:30
2008-09-16,SMD-0225,TATASTEEL,NSE:TATASTEEL-EQ,48.78,48.88,47.58,48.64,29404980,FYERS_HISTORY,2026-08-08T23:56:49+05:30
2008-09-17,SMD-0225,TATASTEEL,NSE:TATASTEEL-EQ,48.98,49.47,46.69,47.36,39982460,FYERS_HISTORY,2026-08-08T23:56:49+05:30
2008-09-18,SMD-0225,TATASTEEL,NSE:TATASTEEL-EQ,46.39,46.72,43.85,45.96,63938040,FYERS_HISTORY,2026-08-08T23:56:49+05:30
2008-09-19,SMD-0225,TATASTEEL,NSE:TATASTEEL-EQ,46.48,48.48,45.21,47.93,30786220,FYERS_HISTORY,2026-08-08T23:56:49+05:30
2008-09-22,SMD-0225,TATASTEEL,NSE:TATASTEEL-EQ,48.96,50.32,47.9,49.38,30553580,FYERS_HISTORY,2026-08-08T23:56:49+05:30
2008-09-23,SMD-0225,TATASTEEL,NSE:TATASTEEL-EQ,48.19,49.01,46.84,47.01,24425900,FYERS_HISTORY,2026-08-08T23:56:49+05:30
2008-09-24,SMD-0225,TATASTEEL,NSE:TATASTEEL-EQ,46.98,48.78,46.98,48.59,19801410,FYERS_HISTORY,2026-08-08T23:56:49+05:30
2008-09-25,SMD-0225,TATASTEEL,NSE:TATASTEEL-EQ,49.98,49.98,47.08,48.45,33452500,FYERS_HISTORY,2026-08-08T23:56:49+05:30
2008-09-26,SMD-0225,TATASTEEL,NSE:TATASTEEL-EQ,47.98,48.47,45.79,46.17,19991420,FYERS_HISTORY,2026-08-08T23:56:49+05:30
2008-09-29,SMD-0225,TATASTEEL,NSE:TATASTEEL-EQ,46.19,46.68,43.52,44.58,18505830,FYERS_HISTORY,2026-08-08T23:56:49+05:30
2008-09-30,SMD-0225,TATASTEEL,NSE:TATASTEEL-EQ,43.99,44.19,41.25,42.7,43131970,FYERS_HISTORY,2026-08-08T23:56:49+05:30
2008-10-01,SMD-0225,TATASTEEL,NSE:TATASTEEL-EQ,42.99,44.68,42.5,43.82,25465620,FYERS_HISTORY,2026-08-08T23:56:49+05:30
2008-10-03,SMD-0225,TATASTEEL,NSE:TATASTEEL-EQ,43.82,43.82,38.99,39.29,57960480,FYERS_HISTORY,2026-08-08T23:56:49+05:30
2008-10-06,SMD-0225,TATASTEEL,NSE:TATASTEEL-EQ,38.46,38.46,33.94,34.99,81498960,FYERS_HISTORY,2026-08-08T23:56:49+05:30
2008-10-07,SMD-0225,TATASTEEL,NSE:TATASTEEL-EQ,39.99,39.99,34.04,35.76,56584590,FYERS_HISTORY,2026-08-08T23:56:49+05:30
2008-10-08,SMD-0225,TATASTEEL,NSE:TATASTEEL-EQ,34.69,34.89,31.59,33.82,53461780,FYERS_HISTORY,2026-08-08T23:56:49+05:30
2008-10-10,SMD-0225,TATASTEEL,NSE:TATASTEEL-EQ,31.73,31.96,28.0,28.73,60249260,FYERS_HISTORY,2026-08-08T23:56:49+05:30
2008-10-13,SMD-0225,TATASTEEL,NSE:TATASTEEL-EQ,29.0,31.47,29.0,30.39,39678950,FYERS_HISTORY,2026-08-08T23:56:49+05:30
2008-10-14,SMD-0225,TATASTEEL,NSE:TATASTEEL-EQ,31.83,32.84,30.17,30.49,38972660,FYERS_HISTORY,2026-08-08T23:56:49+05:30
2008-10-15,SMD-0225,TATASTEEL,NSE:TATASTEEL-EQ,29.8,29.8,26.99,27.26,51320670,FYERS_HISTORY,2026-08-08T23:56:49+05:30
2008-10-16,SMD-0225,TATASTEEL,NSE:TATASTEEL-EQ,25.89,28.46,24.99,26.9,59847490,FYERS_HISTORY,2026-08-08T23:56:49+05:30
2008-10-17,SMD-0225,TATASTEEL,NSE:TATASTEEL-EQ,27.0,27.89,24.31,24.75,61515960,FYERS_HISTORY,2026-08-08T23:56:49+05:30
2008-10-20,SMD-0225,TATASTEEL,NSE:TATASTEEL-EQ,25.49,26.93,24.59,25.2,66048100,FYERS_HISTORY,2026-08-08T23:56:49+05:30
2008-10-21,SMD-0225,TATASTEEL,NSE:TATASTEEL-EQ,25.48,28.17,25.44,27.8,61843990,FYERS_HISTORY,2026-08-08T23:56:49+05:30
2008-10-22,SMD-0225,TATASTEEL,NSE:TATASTEEL-EQ,26.68,27.44,23.8,24.5,48281160,FYERS_HISTORY,2026-08-08T23:56:49+05:30
2008-10-23,SMD-0225,TATASTEEL,NSE:TATASTEEL-EQ,22.99,23.49,20.49,20.79,96470760,FYERS_HISTORY,2026-08-08T23:56:49+05:30
2008-10-24,SMD-0225,TATASTEEL,NSE:TATASTEEL-EQ,20.09,20.39,17.31,17.79,95878530,FYERS_HISTORY,2026-08-08T23:56:49+05:30
2008-10-27,SMD-0225,TATASTEEL,NSE:TATASTEEL-EQ,17.5,18.19,15.0,16.82,78392340,FYERS_HISTORY,2026-08-08T23:56:49+05:30
2008-10-28,SMD-0225,TATASTEEL,NSE:TATASTEEL-EQ,17.99,19.19,17.49,18.24,19242000,FYERS_HISTORY,2026-08-08T23:56:49+05:30
2008-10-29,SMD-0225,TATASTEEL,NSE:TATASTEEL-EQ,18.77,19.29,17.72,18.68,64607840,FYERS_HISTORY,2026-08-08T23:56:49+05:30
2008-10-31,SMD-0225,TATASTEEL,NSE:TATASTEEL-EQ,19.21,21.48,19.21,20.97,79885050,FYERS_HISTORY,2026-08-08T23:56:49+05:30
2008-11-03,SMD-0225,TATASTEEL,NSE:TATASTEEL-EQ,22.29,22.98,21.79,22.55,57386410,FYERS_HISTORY,2026-08-08T23:56:49+05:30
2008-11-04,SMD-0225,TATASTEEL,NSE:TATASTEEL-EQ,22.44,24.54,21.55,23.96,77411890,FYERS_HISTORY,2026-08-08T23:56:49+05:30
2008-11-05,SMD-0225,TATASTEEL,NSE:TATASTEEL-EQ,24.49,25.47,21.21,21.58,68571980,FYERS_HISTORY,2026-08-08T23:56:49+05:30
2008-11-06,SMD-0225,TATASTEEL,NSE:TATASTEEL-EQ,20.89,20.89,18.33,18.6,118777360,FYERS_HISTORY,2026-08-08T23:56:49+05:30
2008-11-07,SMD-0225,TATASTEEL,NSE:TATASTEEL-EQ,18.39,19.53,17.6,18.94,125068820,FYERS_HISTORY,2026-08-08T23:56:49+05:30
2008-11-10,SMD-0225,TATASTEEL,NSE:TATASTEEL-EQ,19.2,21.63,19.2,21.42,103384490,FYERS_HISTORY,2026-08-08T23:56:49+05:30
2008-11-11,SMD-0225,TATASTEEL,NSE:TATASTEEL-EQ,21.12,21.19,18.99,19.1,94689870,FYERS_HISTORY,2026-08-08T23:56:49+05:30
2008-11-12,SMD-0225,TATASTEEL,NSE:TATASTEEL-EQ,18.99,19.34,18.0,18.5,100500460,FYERS_HISTORY,2026-08-08T23:56:49+05:30
2008-11-14,SMD-0225,TATASTEEL,NSE:TATASTEEL-EQ,18.99,19.59,16.99,17.18,117146380,FYERS_HISTORY,2026-08-08T23:56:49+05:30
2008-11-17,SMD-0225,TATASTEEL,NSE:TATASTEEL-EQ,17.35,17.68,15.72,16.62,130011720,FYERS_HISTORY,2026-08-08T23:56:49+05:30
2008-11-18,SMD-0225,TATASTEEL,NSE:TATASTEEL-EQ,16.29,17.14,15.8,16.47,90262010,FYERS_HISTORY,2026-08-08T23:56:49+05:30
2008-11-19,SMD-0225,TATASTEEL,NSE:TATASTEEL-EQ,16.79,17.28,15.99,16.18,90800950,FYERS_HISTORY,2026-08-08T23:56:49+05:30
2008-11-20,SMD-0225,TATASTEEL,NSE:TATASTEEL-EQ,15.49,15.99,15.21,15.71,72957080,FYERS_HISTORY,2026-08-08T23:56:49+05:30
2008-11-21,SMD-0225,TATASTEEL,NSE:TATASTEEL-EQ,15.59,16.44,15.12,15.96,91178010,FYERS_HISTORY,2026-08-08T23:56:49+05:30
2008-11-24,SMD-0225,TATASTEEL,NSE:TATASTEEL-EQ,13.75,16.39,13.75,15.59,89425050,FYERS_HISTORY,2026-08-08T23:56:49+05:30
2008-11-25,SMD-0225,TATASTEEL,NSE:TATASTEEL-EQ,16.29,16.29,14.95,15.07,65713720,FYERS_HISTORY,2026-08-08T23:56:49+05:30
2008-11-26,SMD-0225,TATASTEEL,NSE:TATASTEEL-EQ,15.2,15.77,14.6,15.54,83891580,FYERS_HISTORY,2026-08-08T23:56:49+05:30
2008-11-28,SMD-0225,TATASTEEL,NSE:TATASTEEL-EQ,15.16,15.39,14.8,15.14,64119070,FYERS_HISTORY,2026-08-08T23:56:49+05:30
2008-12-01,SMD-0225,TATASTEEL,NSE:TATASTEEL-EQ,15.48,15.87,15.15,15.34,75388340,FYERS_HISTORY,2026-08-08T23:56:49+05:30
2008-12-02,SMD-0225,TATASTEEL,NSE:TATASTEEL-EQ,15.0,15.04,14.65,14.88,35402610,FYERS_HISTORY,2026-08-08T23:56:49+05:30
2008-12-03,SMD-0225,TATASTEEL,NSE:TATASTEEL-EQ,15.0,16.61,15.0,16.46,177243350,FYERS_HISTORY,2026-08-08T23:56:49+05:30
2008-12-04,SMD-0225,TATASTEEL,NSE:TATASTEEL-EQ,16.49,19.32,16.19,18.71,129705480,FYERS_HISTORY,2026-08-08T23:56:49+05:30
2008-12-05,SMD-0225,TATASTEEL,NSE:TATASTEEL-EQ,18.49,18.84,17.73,18.24,113552360,FYERS_HISTORY,2026-08-08T23:56:49+05:30
2008-12-08,SMD-0225,TATASTEEL,NSE:TATASTEEL-EQ,18.75,20.49,18.75,19.59,161794820,FYERS_HISTORY,2026-08-08T23:56:49+05:30
2008-12-10,SMD-0225,TATASTEEL,NSE:TATASTEEL-EQ,19.79,22.29,19.69,21.78,156568570,FYERS_HISTORY,2026-08-08T23:56:49+05:30
2008-12-11,SMD-0225,TATASTEEL,NSE:TATASTEEL-EQ,22.05,22.58,20.85,21.76,127325450,FYERS_HISTORY,2026-08-08T23:56:49+05:30
2008-12-12,SMD-0225,TATASTEEL,NSE:TATASTEEL-EQ,21.39,22.18,20.42,21.88,92776470,FYERS_HISTORY,2026-08-08T23:56:49+05:30
2008-12-15,SMD-0225,TATASTEEL,NSE:TATASTEEL-EQ,22.29,23.73,22.19,22.71,98657660,FYERS_HISTORY,2026-08-08T23:56:49+05:30
2008-12-16,SMD-0225,TATASTEEL,NSE:TATASTEEL-EQ,22.55,22.97,21.77,22.49,80220890,FYERS_HISTORY,2026-08-08T23:56:49+05:30
2008-12-17,SMD-0225,TATASTEEL,NSE:TATASTEEL-EQ,23.28,23.28,21.45,21.93,81867350,FYERS_HISTORY,2026-08-08T23:56:49+05:30
2008-12-18,SMD-0225,TATASTEEL,NSE:TATASTEEL-EQ,21.54,22.79,20.52,22.24,117423410,FYERS_HISTORY,2026-08-08T23:56:49+05:30
2008-12-19,SMD-0225,TATASTEEL,NSE:TATASTEEL-EQ,22.19,23.43,22.08,22.9,83638870,FYERS_HISTORY,2026-08-08T23:56:49+05:30
2008-12-22,SMD-0225,TATASTEEL,NSE:TATASTEEL-EQ,22.67,23.67,22.2,22.41,62644680,FYERS_HISTORY,2026-08-08T23:56:49+05:30
2008-12-23,SMD-0225,TATASTEEL,NSE:TATASTEEL-EQ,22.26,22.58,21.43,22.14,58222220,FYERS_HISTORY,2026-08-08T23:56:49+05:30
2008-12-24,SMD-0225,TATASTEEL,NSE:TATASTEEL-EQ,21.99,22.09,21.1,21.82,58377410,FYERS_HISTORY,2026-08-08T23:56:49+05:30
2008-12-26,SMD-0225,TATASTEEL,NSE:TATASTEEL-EQ,21.89,22.58,20.99,21.19,58291260,FYERS_HISTORY,2026-08-08T23:56:49+05:30
2008-12-29,SMD-0225,TATASTEEL,NSE:TATASTEEL-EQ,21.38,21.68,20.23,21.47,78779200,FYERS_HISTORY,2026-08-08T23:56:49+05:30
2008-12-30,SMD-0225,TATASTEEL,NSE:TATASTEEL-EQ,21.59,22.05,21.15,21.5,54731580,FYERS_HISTORY,2026-08-08T23:56:49+05:30
2008-12-31,SMD-0225,TATASTEEL,NSE:TATASTEEL-EQ,21.69,22.29,21.41,21.71,61882910,FYERS_HISTORY,2026-08-08T23:56:49+05:30
2009-01-01,SMD-0225,TATASTEEL,NSE:TATASTEEL-EQ,21.79,22.96,21.79,22.86,51718200,FYERS_HISTORY,2026-08-08T23:56:49+05:30
2009-01-02,SMD-0225,TATASTEEL,NSE:TATASTEEL-EQ,22.95,23.56,22.69,22.95,53140870,FYERS_HISTORY,2026-08-08T23:56:49+05:30
2009-01-05,SMD-0225,TATASTEEL,NSE:TATASTEEL-EQ,23.27,24.79,23.25,24.55,75256890,FYERS_HISTORY,2026-08-08T23:56:49+05:30
2009-01-06,SMD-0225,TATASTEEL,NSE:TATASTEEL-EQ,24.49,25.49,23.81,24.7,74831640,FYERS_HISTORY,2026-08-08T23:56:49+05:30
2009-01-07,SMD-0225,TATASTEEL,NSE:TATASTEEL-EQ,25.0,26.06,22.99,23.37,100212920,FYERS_HISTORY,2026-08-08T23:56:49+05:30
2009-01-09,SMD-0225,TATASTEEL,NSE:TATASTEEL-EQ,22.99,23.59,20.81,21.49,83882060,FYERS_HISTORY,2026-08-08T23:56:49+05:30
2009-01-12,SMD-0225,TATASTEEL,NSE:TATASTEEL-EQ,21.27,21.64,19.83,20.01,70153720,FYERS_HISTORY,2026-08-08T23:56:49+05:30
2009-01-13,SMD-0225,TATASTEEL,NSE:TATASTEEL-EQ,19.6,20.79,19.09,20.24,84277060,FYERS_HISTORY,2026-08-08T23:56:49+05:30
2009-01-14,SMD-0225,TATASTEEL,NSE:TATASTEEL-EQ,20.69,21.56,20.54,21.3,50880610,FYERS_HISTORY,2026-08-08T23:56:49+05:30
2009-01-15,SMD-0225,TATASTEEL,NSE:TATASTEEL-EQ,20.59,20.59,19.53,19.76,75361900,FYERS_HISTORY,2026-08-08T23:56:49+05:30
2009-01-16,SMD-0225,TATASTEEL,NSE:TATASTEEL-EQ,19.99,20.79,19.15,20.4,92898210,FYERS_HISTORY,2026-08-08T23:56:49+05:30
2009-01-19,SMD-0225,TATASTEEL,NSE:TATASTEEL-EQ,20.39,21.13,20.2,20.85,52103730,FYERS_HISTORY,2026-08-08T23:56:49+05:30
2009-01-20,SMD-0225,TATASTEEL,NSE:TATASTEEL-EQ,20.4,20.43,19.29,19.5,82945010,FYERS_HISTORY,2026-08-08T23:56:49+05:30
2009-01-21,SMD-0225,TATASTEEL,NSE:TATASTEEL-EQ,19.21,19.38,18.79,18.88,61951280,FYERS_HISTORY,2026-08-08T23:56:49+05:30
2009-01-22,SMD-0225,TATASTEEL,NSE:TATASTEEL-EQ,19.28,19.39,17.71,17.92,74309660,FYERS_HISTORY,2026-08-08T23:56:49+05:30
2009-01-23,SMD-0225,TATASTEEL,NSE:TATASTEEL-EQ,17.89,17.99,16.5,16.62,74218500,FYERS_HISTORY,2026-08-08T23:56:49+05:30
2009-01-27,SMD-0225,TATASTEEL,NSE:TATASTEEL-EQ,16.99,17.66,16.89,17.19,63718980,FYERS_HISTORY,2026-08-08T23:56:49+05:30
2009-01-28,SMD-0225,TATASTEEL,NSE:TATASTEEL-EQ,17.49,18.06,16.7,17.71,157752030,FYERS_HISTORY,2026-08-08T23:56:49+05:30
2009-01-29,SMD-0225,TATASTEEL,NSE:TATASTEEL-EQ,17.69,18.64,17.69,18.36,119788330,FYERS_HISTORY,2026-08-08T23:56:49+05:30
2009-01-30,SMD-0225,TATASTEEL,NSE:TATASTEEL-EQ,18.48,18.83,17.59,18.45,86035630,FYERS_HISTORY,2026-08-08T23:56:49+05:30
2009-02-02,SMD-0225,TATASTEEL,NSE:TATASTEEL-EQ,18.28,18.29,17.11,17.24,47514570,FYERS_HISTORY,2026-08-08T23:56:49+05:30
2009-02-03,SMD-0225,TATASTEEL,NSE:TATASTEEL-EQ,17.59,17.73,16.75,17.07,57231100,FYERS_HISTORY,2026-08-08T23:56:49+05:30
2009-02-04,SMD-0225,TATASTEEL,NSE:TATASTEEL-EQ,17.19,18.09,17.19,17.95,68173290,FYERS_HISTORY,2026-08-08T23:56:49+05:30
2009-02-05,SMD-0225,TATASTEEL,NSE:TATASTEEL-EQ,18.05,18.83,18.01,18.17,81843550,FYERS_HISTORY,2026-08-08T23:56:49+05:30
2009-02-06,SMD-0225,TATASTEEL,NSE:TATASTEEL-EQ,18.39,18.77,18.19,18.64,40645510,FYERS_HISTORY,2026-08-08T23:56:49+05:30
2009-02-09,SMD-0225,TATASTEEL,NSE:TATASTEEL-EQ,18.77,20.08,18.77,19.96,81007470,FYERS_HISTORY,2026-08-08T23:56:49+05:30
2009-02-10,SMD-0225,TATASTEEL,NSE:TATASTEEL-EQ,19.94,20.38,19.42,19.68,95154450,FYERS_HISTORY,2026-08-08T23:56:49+05:30
2009-02-11,SMD-0225,TATASTEEL,NSE:TATASTEEL-EQ,19.2,19.36,18.7,19.01,71430630,FYERS_HISTORY,2026-08-08T23:56:49+05:30
2009-02-12,SMD-0225,TATASTEEL,NSE:TATASTEEL-EQ,18.84,19.29,18.43,18.55,54039740,FYERS_HISTORY,2026-08-08T23:56:49+05:30
2009-02-13,SMD-0225,TATASTEEL,NSE:TATASTEEL-EQ,18.69,19.59,18.69,19.41,61509790,FYERS_HISTORY,2026-08-08T23:56:49+05:30
2009-02-16,SMD-0225,TATASTEEL,NSE:TATASTEEL-EQ,19.05,19.68,18.29,18.41,61294910,FYERS_HISTORY,2026-08-08T23:56:49+05:30
2009-02-17,SMD-0225,TATASTEEL,NSE:TATASTEEL-EQ,18.19,18.23,17.01,17.16,60046740,FYERS_HISTORY,2026-08-08T23:56:49+05:30
2009-02-18,SMD-0225,TATASTEEL,NSE:TATASTEEL-EQ,17.08,17.49,16.8,17.07,62418410,FYERS_HISTORY,2026-08-08T23:56:49+05:30
2009-02-19,SMD-0225,TATASTEEL,NSE:TATASTEEL-EQ,17.29,17.51,16.83,17.24,50068860,FYERS_HISTORY,2026-08-08T23:56:49+05:30
2009-02-20,SMD-0225,TATASTEEL,NSE:TATASTEEL-EQ,16.99,17.16,16.6,16.8,41273740,FYERS_HISTORY,2026-08-08T23:56:49+05:30
2009-02-24,SMD-0225,TATASTEEL,NSE:TATASTEEL-EQ,16.49,16.59,15.83,16.07,81699510,FYERS_HISTORY,2026-08-08T23:56:49+05:30
2009-02-25,SMD-0225,TATASTEEL,NSE:TATASTEEL-EQ,16.79,16.79,15.96,16.23,49982110,FYERS_HISTORY,2026-08-08T23:56:49+05:30
2009-02-26,SMD-0225,TATASTEEL,NSE:TATASTEEL-EQ,16.39,16.54,15.9,16.3,52269550,FYERS_HISTORY,2026-08-08T23:56:49+05:30
2009-02-27,SMD-0225,TATASTEEL,NSE:TATASTEEL-EQ,16.34,17.52,15.61,17.27,145437770,FYERS_HISTORY,2026-08-08T23:56:49+05:30
2009-03-02,SMD-0225,TATASTEEL,NSE:TATASTEEL-EQ,17.01,17.07,15.7,15.9,87707990,FYERS_HISTORY,2026-08-08T23:56:49+05:30
2009-03-03,SMD-0225,TATASTEEL,NSE:TATASTEEL-EQ,15.94,16.23,15.4,15.52,72158510,FYERS_HISTORY,2026-08-08T23:56:49+05:30
2009-03-04,SMD-0225,TATASTEEL,NSE:TATASTEEL-EQ,15.86,16.28,15.4,15.66,122695580,FYERS_HISTORY,2026-08-08T23:56:49+05:30
2009-03-05,SMD-0225,TATASTEEL,NSE:TATASTEEL-EQ,16.28,16.28,15.06,15.18,100698500,FYERS_HISTORY,2026-08-08T23:56:49+05:30
2009-03-06,SMD-0225,TATASTEEL,NSE:TATASTEEL-EQ,15.0,15.98,14.87,15.67,69122180,FYERS_HISTORY,2026-08-08T23:56:49+05:30
2009-03-09,SMD-0225,TATASTEEL,NSE:TATASTEEL-EQ,15.5,15.91,15.11,15.23,58267130,FYERS_HISTORY,2026-08-08T23:56:49+05:30
2009-03-12,SMD-0225,TATASTEEL,NSE:TATASTEEL-EQ,15.88,15.88,15.4,15.59,54510560,FYERS_HISTORY,2026-08-08T23:56:49+05:30
2009-03-13,SMD-0225,TATASTEEL,NSE:TATASTEEL-EQ,15.96,16.77,15.79,16.69,90268760,FYERS_HISTORY,2026-08-08T23:56:49+05:30
2009-03-16,SMD-0225,TATASTEEL,NSE:TATASTEEL-EQ,16.88,17.14,16.23,16.86,66540320,FYERS_HISTORY,2026-08-08T23:56:49+05:30
2009-03-17,SMD-0225,TATASTEEL,NSE:TATASTEEL-EQ,17.48,17.54,16.69,16.85,83081290,FYERS_HISTORY,2026-08-08T23:56:49+05:30
2009-03-18,SMD-0225,TATASTEEL,NSE:TATASTEEL-EQ,17.42,18.03,17.06,17.64,86410890,FYERS_HISTORY,2026-08-08T23:56:49+05:30
2009-03-19,SMD-0225,TATASTEEL,NSE:TATASTEEL-EQ,17.77,18.14,16.96,17.29,88396180,FYERS_HISTORY,2026-08-08T23:56:49+05:30
2009-03-20,SMD-0225,TATASTEEL,NSE:TATASTEEL-EQ,16.99,17.88,16.89,17.62,85423570,FYERS_HISTORY,2026-08-08T23:56:49+05:30
2009-03-23,SMD-0225,TATASTEEL,NSE:TATASTEEL-EQ,18.17,19.59,17.83,19.43,129241420,FYERS_HISTORY,2026-08-08T23:56:49+05:30
2009-03-24,SMD-0225,TATASTEEL,NSE:TATASTEEL-EQ,19.79,20.33,18.6,18.73,145225560,FYERS_HISTORY,2026-08-08T23:56:49+05:30
2009-03-25,SMD-0225,TATASTEEL,NSE:TATASTEEL-EQ,18.77,19.69,18.17,19.47,149769710,FYERS_HISTORY,2026-08-08T23:56:49+05:30
2009-03-26,SMD-0225,TATASTEEL,NSE:TATASTEEL-EQ,19.79,20.69,19.69,20.54,139247950,FYERS_HISTORY,2026-08-08T23:56:49+05:30
2009-03-27,SMD-0225,TATASTEEL,NSE:TATASTEEL-EQ,20.63,22.72,20.59,22.31,188501350,FYERS_HISTORY,2026-08-08T23:56:49+05:30
2009-03-30,SMD-0225,TATASTEEL,NSE:TATASTEEL-EQ,21.49,22.09,19.23,19.63,159630880,FYERS_HISTORY,2026-08-08T23:56:49+05:30
2009-03-31,SMD-0225,TATASTEEL,NSE:TATASTEEL-EQ,19.89,21.19,19.56,20.58,164435220,FYERS_HISTORY,2026-08-08T23:56:49+05:30
2009-04-01,SMD-0225,TATASTEEL,NSE:TATASTEEL-EQ,20.7,21.33,20.29,20.97,119124420,FYERS_HISTORY,2026-08-08T23:56:49+05:30
2009-04-02,SMD-0225,TATASTEEL,NSE:TATASTEEL-EQ,21.49,23.03,21.44,22.5,136531160,FYERS_HISTORY,2026-08-08T23:56:49+05:30
2009-04-06,SMD-0225,TATASTEEL,NSE:TATASTEEL-EQ,22.99,23.96,22.79,23.56,135264830,FYERS_HISTORY,2026-08-08T23:56:49+05:30
2009-04-08,SMD-0225,TATASTEEL,NSE:TATASTEEL-EQ,22.5,24.54,22.11,24.3,121055740,FYERS_HISTORY,2026-08-08T23:56:49+05:30
2009-04-09,SMD-0225,TATASTEEL,NSE:TATASTEEL-EQ,24.79,26.57,23.99,26.1,185549620,FYERS_HISTORY,2026-08-08T23:56:49+05:30
2009-04-13,SMD-0225,TATASTEEL,NSE:TATASTEEL-EQ,26.8,28.94,26.59,28.31,176666210,FYERS_HISTORY,2026-08-08T23:56:49+05:30
2009-04-15,SMD-0225,TATASTEEL,NSE:TATASTEEL-EQ,28.99,29.77,26.5,29.29,181281050,FYERS_HISTORY,2026-08-08T23:56:49+05:30
2009-04-16,SMD-0225,TATASTEEL,NSE:TATASTEEL-EQ,29.89,29.89,26.49,26.9,190374090,FYERS_HISTORY,2026-08-08T23:56:49+05:30
2009-04-17,SMD-0225,TATASTEEL,NSE:TATASTEEL-EQ,27.98,28.74,25.35,25.81,191201910,FYERS_HISTORY,2026-08-08T23:56:49+05:30
2009-04-20,SMD-0225,TATASTEEL,NSE:TATASTEEL-EQ,26.39,26.86,25.6,26.26,118247560,FYERS_HISTORY,2026-08-08T23:56:49+05:30
2009-04-21,SMD-0225,TATASTEEL,NSE:TATASTEEL-EQ,25.19,25.89,24.21,24.41,160835190,FYERS_HISTORY,2026-08-08T23:56:49+05:30
2009-04-22,SMD-0225,TATASTEEL,NSE:TATASTEEL-EQ,23.8,25.77,23.72,24.08,114254710,FYERS_HISTORY,2026-08-08T23:56:49+05:30
2009-04-23,SMD-0225,TATASTEEL,NSE:TATASTEEL-EQ,24.39,26.63,23.86,26.28,166186960,FYERS_HISTORY,2026-08-08T23:56:49+05:30
2009-04-24,SMD-0225,TATASTEEL,NSE:TATASTEEL-EQ,26.41,27.19,25.66,26.11,152882640,FYERS_HISTORY,2026-08-08T23:56:49+05:30
2009-04-27,SMD-0225,TATASTEEL,NSE:TATASTEEL-EQ,25.89,26.84,25.1,25.37,135783250,FYERS_HISTORY,2026-08-08T23:56:49+05:30
2009-04-28,SMD-0225,TATASTEEL,NSE:TATASTEEL-EQ,25.51,25.73,23.19,23.43,119229650,FYERS_HISTORY,2026-08-08T23:56:49+05:30
2009-04-29,SMD-0225,TATASTEEL,NSE:TATASTEEL-EQ,23.69,24.35,22.94,23.8,168540760,FYERS_HISTORY,2026-08-08T23:56:49+05:30
2009-05-04,SMD-0225,TATASTEEL,NSE:TATASTEEL-EQ,24.49,26.43,24.39,26.31,125957240,FYERS_HISTORY,2026-08-08T23:56:49+05:30
2009-05-05,SMD-0225,TATASTEEL,NSE:TATASTEEL-EQ,26.68,28.88,26.44,28.61,167585620,FYERS_HISTORY,2026-08-08T23:56:49+05:30
2009-05-06,SMD-0225,TATASTEEL,NSE:TATASTEEL-EQ,28.69,28.94,26.81,27.06,138917980,FYERS_HISTORY,2026-08-08T23:56:49+05:30
2009-05-07,SMD-0225,TATASTEEL,NSE:TATASTEEL-EQ,27.49,29.79,27.19,29.43,207744290,FYERS_HISTORY,2026-08-08T23:56:49+05:30
2009-05-08,SMD-0225,TATASTEEL,NSE:TATASTEEL-EQ,29.96,30.28,28.01,28.23,182208800,FYERS_HISTORY,2026-08-08T23:56:49+05:30
2009-05-11,SMD-0225,TATASTEEL,NSE:TATASTEEL-EQ,28.51,28.87,26.71,27.06,169818640,FYERS_HISTORY,2026-08-08T23:56:49+05:30
2009-05-12,SMD-0225,TATASTEEL,NSE:TATASTEEL-EQ,26.7,27.74,25.8,27.55,149257500,FYERS_HISTORY,2026-08-08T23:56:49+05:30
2009-05-13,SMD-0225,TATASTEEL,NSE:TATASTEEL-EQ,27.74,27.77,26.22,26.43,152365070,FYERS_HISTORY,2026-08-08T23:56:49+05:30
2009-05-14,SMD-0225,TATASTEEL,NSE:TATASTEEL-EQ,25.79,26.87,25.13,26.44,143411910,FYERS_HISTORY,2026-08-08T23:56:49+05:30
2009-05-15,SMD-0225,TATASTEEL,NSE:TATASTEEL-EQ,26.69,27.53,26.61,27.19,100967370,FYERS_HISTORY,2026-08-08T23:56:49+05:30
2009-05-18,SMD-0225,TATASTEEL,NSE:TATASTEEL-EQ,31.99,32.49,30.09,31.81,660300,FYERS_HISTORY,2026-08-08T23:56:49+05:30
2009-05-19,SMD-0225,TATASTEEL,NSE:TATASTEEL-EQ,32.99,35.09,29.99,32.94,227155420,FYERS_HISTORY,2026-08-08T23:56:49+05:30
2009-05-20,SMD-0225,TATASTEEL,NSE:TATASTEEL-EQ,32.49,37.89,32.49,37.14,248851480,FYERS_HISTORY,2026-08-08T23:56:49+05:30
2009-05-21,SMD-0225,TATASTEEL,NSE:TATASTEEL-EQ,36.59,38.74,35.71,36.55,180920300,FYERS_HISTORY,2026-08-08T23:56:49+05:30
2009-05-22,SMD-0225,TATASTEEL,NSE:TATASTEEL-EQ,36.09,37.39,35.2,36.35,122752190,FYERS_HISTORY,2026-08-08T23:56:49+05:30
2009-05-25,SMD-0225,TATASTEEL,NSE:TATASTEEL-EQ,36.34,37.66,36.14,36.86,80116600,FYERS_HISTORY,2026-08-08T23:56:49+05:30
2009-05-26,SMD-0225,TATASTEEL,NSE:TATASTEEL-EQ,37.67,37.76,35.7,36.17,84254870,FYERS_HISTORY,2026-08-08T23:56:49+05:30
2009-05-27,SMD-0225,TATASTEEL,NSE:TATASTEEL-EQ,37.28,37.87,36.61,37.34,86544440,FYERS_HISTORY,2026-08-08T23:56:49+05:30
2009-05-28,SMD-0225,TATASTEEL,NSE:TATASTEEL-EQ,37.87,38.98,36.84,38.47,142113360,FYERS_HISTORY,2026-08-08T23:56:49+05:30
2009-05-29,SMD-0225,TATASTEEL,NSE:TATASTEEL-EQ,38.98,41.26,38.49,40.52,121331190,FYERS_HISTORY,2026-08-08T23:56:49+05:30
2009-06-01,SMD-0225,TATASTEEL,NSE:TATASTEEL-EQ,41.99,44.67,41.01,43.92,123885310,FYERS_HISTORY,2026-08-08T23:56:49+05:30
2009-06-02,SMD-0225,TATASTEEL,NSE:TATASTEEL-EQ,44.48,48.36,43.59,47.43,176069270,FYERS_HISTORY,2026-08-08T23:56:49+05:30
2009-06-03,SMD-0225,TATASTEEL,NSE:TATASTEEL-EQ,49.86,49.86,47.82,48.79,152942870,FYERS_HISTORY,2026-08-08T23:56:49+05:30
2009-06-04,SMD-0225,TATASTEEL,NSE:TATASTEEL-EQ,48.68,48.68,46.26,47.05,112439480,FYERS_HISTORY,2026-08-08T23:56:49+05:30
2009-06-05,SMD-0225,TATASTEEL,NSE:TATASTEEL-EQ,47.48,48.13,46.01,46.38,102674430,FYERS_HISTORY,2026-08-08T23:56:49+05:30
2009-06-08,SMD-0225,TATASTEEL,NSE:TATASTEEL-EQ,46.78,46.98,40.91,41.63,139247410,FYERS_HISTORY,2026-08-08T23:56:49+05:30
2009-06-09,SMD-0225,TATASTEEL,NSE:TATASTEEL-EQ,39.79,44.85,39.79,43.81,125601920,FYERS_HISTORY,2026-08-08T23:56:49+05:30
2009-06-10,SMD-0225,TATASTEEL,NSE:TATASTEEL-EQ,44.96,46.36,43.37,43.92,113185570,FYERS_HISTORY,2026-08-08T23:56:49+05:30
2009-06-11,SMD-0225,TATASTEEL,NSE:TATASTEEL-EQ,44.49,45.87,43.74,45.24,95354220,FYERS_HISTORY,2026-08-08T23:56:49+05:30
2009-06-12,SMD-0225,TATASTEEL,NSE:TATASTEEL-EQ,45.91,47.18,45.21,45.76,141855270,FYERS_HISTORY,2026-08-08T23:56:49+05:30
2009-06-15,SMD-0225,TATASTEEL,NSE:TATASTEEL-EQ,45.08,45.49,43.0,43.37,80605190,FYERS_HISTORY,2026-08-08T23:56:49+05:30
2009-06-16,SMD-0225,TATASTEEL,NSE:TATASTEEL-EQ,42.39,45.57,41.0,45.06,133263930,FYERS_HISTORY,2026-08-08T23:56:49+05:30
2009-06-17,SMD-0225,TATASTEEL,NSE:TATASTEEL-EQ,44.75,45.18,41.1,41.69,124340640,FYERS_HISTORY,2026-08-08T23:56:49+05:30
2009-06-18,SMD-0225,TATASTEEL,NSE:TATASTEEL-EQ,41.49,42.03,37.92,38.82,160846240,FYERS_HISTORY,2026-08-08T23:56:49+05:30
2009-06-19,SMD-0225,TATASTEEL,NSE:TATASTEEL-EQ,39.29,41.48,39.2,41.24,143369200,FYERS_HISTORY,2026-08-08T23:56:49+05:30
2009-06-22,SMD-0225,TATASTEEL,NSE:TATASTEEL-EQ,41.99,42.18,40.02,40.26,106959050,FYERS_HISTORY,2026-08-08T23:56:49+05:30
2009-06-23,SMD-0225,TATASTEEL,NSE:TATASTEEL-EQ,38.99,40.49,38.34,40.03,124445210,FYERS_HISTORY,2026-08-08T23:56:49+05:30
2009-06-24,SMD-0225,TATASTEEL,NSE:TATASTEEL-EQ,40.27,40.93,39.2,40.69,88687070,FYERS_HISTORY,2026-08-08T23:56:49+05:30
2009-06-25,SMD-0225,TATASTEEL,NSE:TATASTEEL-EQ,40.89,41.39,39.34,39.97,135995550,FYERS_HISTORY,2026-08-08T23:56:49+05:30
2009-06-26,SMD-0225,TATASTEEL,NSE:TATASTEEL-EQ,39.99,40.29,37.99,38.84,174219760,FYERS_HISTORY,2026-08-08T23:56:49+05:30
2009-06-29,SMD-0225,TATASTEEL,NSE:TATASTEEL-EQ,39.19,40.43,38.24,39.76,91080710,FYERS_HISTORY,2026-08-08T23:56:49+05:30
2009-06-30,SMD-0225,TATASTEEL,NSE:TATASTEEL-EQ,39.99,41.18,38.66,39.05,129375240,FYERS_HISTORY,2026-08-08T23:56:49+05:30
2009-07-01,SMD-0225,TATASTEEL,NSE:TATASTEEL-EQ,39.19,39.83,38.09,39.58,87512320,FYERS_HISTORY,2026-08-08T23:56:49+05:30
2009-07-02,SMD-0225,TATASTEEL,NSE:TATASTEEL-EQ,40.49,42.86,39.73,42.03,171286110,FYERS_HISTORY,2026-08-08T23:56:49+05:30
2009-07-03,SMD-0225,TATASTEEL,NSE:TATASTEEL-EQ,40.49,44.29,40.09,43.78,181371270,FYERS_HISTORY,2026-08-08T23:56:49+05:30
2009-07-06,SMD-0225,TATASTEEL,NSE:TATASTEEL-EQ,43.19,43.66,39.09,39.64,129399540,FYERS_HISTORY,2026-08-08T23:56:49+05:30
2009-07-07,SMD-0225,TATASTEEL,NSE:TATASTEEL-EQ,40.01,40.49,38.49,39.64,107572730,FYERS_HISTORY,2026-08-08T23:56:49+05:30
2009-07-08,SMD-0225,TATASTEEL,NSE:TATASTEEL-EQ,38.9,39.28,35.99,36.24,128205820,FYERS_HISTORY,2026-08-08T23:56:49+05:30
2009-07-09,SMD-0225,TATASTEEL,NSE:TATASTEEL-EQ,36.18,36.99,35.24,36.39,110957960,FYERS_HISTORY,2026-08-08T23:56:49+05:30
2009-07-10,SMD-0225,TATASTEEL,NSE:TATASTEEL-EQ,36.97,37.62,34.37,35.28,97967390,FYERS_HISTORY,2026-08-08T23:56:49+05:30
2009-07-13,SMD-0225,TATASTEEL,NSE:TATASTEEL-EQ,34.44,34.59,33.0,33.89,90824820,FYERS_HISTORY,2026-08-08T23:56:49+05:30
2009-07-14,SMD-0225,TATASTEEL,NSE:TATASTEEL-EQ,34.59,35.99,34.42,35.77,71644190,FYERS_HISTORY,2026-08-08T23:56:49+05:30
2009-07-15,SMD-0225,TATASTEEL,NSE:TATASTEEL-EQ,36.44,38.33,36.19,38.08,82809400,FYERS_HISTORY,2026-08-08T23:56:49+05:30
2009-07-16,SMD-0225,TATASTEEL,NSE:TATASTEEL-EQ,39.98,40.37,37.89,38.41,170284100,FYERS_HISTORY,2026-08-08T23:56:49+05:30
2009-07-17,SMD-0225,TATASTEEL,NSE:TATASTEEL-EQ,39.89,39.89,38.54,39.22,78197420,FYERS_HISTORY,2026-08-08T23:56:49+05:30
2009-07-20,SMD-0225,TATASTEEL,NSE:TATASTEEL-EQ,39.86,40.09,38.69,39.11,96800610,FYERS_HISTORY,2026-08-08T23:56:49+05:30
2009-07-21,SMD-0225,TATASTEEL,NSE:TATASTEEL-EQ,38.69,41.48,37.66,41.2,264103290,FYERS_HISTORY,2026-08-08T23:56:49+05:30
2009-07-22,SMD-0225,TATASTEEL,NSE:TATASTEEL-EQ,41.29,42.43,39.44,39.92,196424590,FYERS_HISTORY,2026-08-08T23:56:49+05:30
2009-07-23,SMD-0225,TATASTEEL,NSE:TATASTEEL-EQ,40.29,41.87,40.29,41.56,120589000,FYERS_HISTORY,2026-08-08T23:56:49+05:30
2009-07-24,SMD-0225,TATASTEEL,NSE:TATASTEEL-EQ,41.99,44.49,41.9,44.24,148041730,FYERS_HISTORY,2026-08-08T23:56:49+05:30
2009-07-27,SMD-0225,TATASTEEL,NSE:TATASTEEL-EQ,44.57,46.07,44.21,45.87,120990390,FYERS_HISTORY,2026-08-08T23:56:49+05:30
2009-07-28,SMD-0225,TATASTEEL,NSE:TATASTEEL-EQ,46.24,47.46,44.85,47.1,145419470,FYERS_HISTORY,2026-08-08T23:56:49+05:30
2009-07-29,SMD-0225,TATASTEEL,NSE:TATASTEEL-EQ,46.71,47.07,42.61,44.22,218222120,FYERS_HISTORY,2026-08-08T23:56:49+05:30
2009-07-30,SMD-0225,TATASTEEL,NSE:TATASTEEL-EQ,43.49,45.69,42.13,45.2,194016530,FYERS_HISTORY,2026-08-08T23:56:49+05:30
2009-07-31,SMD-0225,TATASTEEL,NSE:TATASTEEL-EQ,46.48,47.06,45.52,46.22,127520200,FYERS_HISTORY,2026-08-08T23:56:49+05:30
2009-08-03,SMD-0225,TATASTEEL,NSE:TATASTEEL-EQ,46.5,48.68,46.48,48.5,110626970,FYERS_HISTORY,2026-08-08T23:56:49+05:30
2009-08-04,SMD-0225,TATASTEEL,NSE:TATASTEEL-EQ,48.76,49.18,46.88,47.52,127950010,FYERS_HISTORY,2026-08-08T23:56:49+05:30
2009-08-05,SMD-0225,TATASTEEL,NSE:TATASTEEL-EQ,47.68,48.13,46.26,47.31,109816460,FYERS_HISTORY,2026-08-08T23:56:49+05:30
2009-08-06,SMD-0225,TATASTEEL,NSE:TATASTEEL-EQ,46.76,47.82,44.94,45.43,133498590,FYERS_HISTORY,2026-08-08T23:56:49+05:30
2009-08-07,SMD-0225,TATASTEEL,NSE:TATASTEEL-EQ,44.68,46.34,44.5,45.64,170302810,FYERS_HISTORY,2026-08-08T23:56:49+05:30
2009-08-10,SMD-0225,TATASTEEL,NSE:TATASTEEL-EQ,46.58,46.94,44.69,45.59,118129800,FYERS_HISTORY,2026-08-08T23:56:49+05:30
2009-08-11,SMD-0225,TATASTEEL,NSE:TATASTEEL-EQ,45.59,46.68,44.95,46.3,95564740,FYERS_HISTORY,2026-08-08T23:56:49+05:30
2009-08-12,SMD-0225,TATASTEEL,NSE:TATASTEEL-EQ,45.64,46.09,43.29,44.36,152025230,FYERS_HISTORY,2026-08-08T23:56:49+05:30
2009-08-13,SMD-0225,TATASTEEL,NSE:TATASTEEL-EQ,44.99,47.18,44.97,47.01,104634030,FYERS_HISTORY,2026-08-08T23:56:49+05:30
2009-08-14,SMD-0225,TATASTEEL,NSE:TATASTEEL-EQ,47.28,48.25,46.64,46.98,119048730,FYERS_HISTORY,2026-08-08T23:56:49+05:30
2009-08-17,SMD-0225,TATASTEEL,NSE:TATASTEEL-EQ,45.09,46.36,43.6,43.78,93939310,FYERS_HISTORY,2026-08-08T23:56:49+05:30
2009-08-18,SMD-0225,TATASTEEL,NSE:TATASTEEL-EQ,43.89,45.72,43.0,45.16,117673830,FYERS_HISTORY,2026-08-08T23:56:49+05:30
2009-08-19,SMD-0225,TATASTEEL,NSE:TATASTEEL-EQ,45.19,45.59,42.99,43.36,102282640,FYERS_HISTORY,2026-08-08T23:56:49+05:30
2009-08-20,SMD-0225,TATASTEEL,NSE:TATASTEEL-EQ,43.49,44.93,43.49,44.19,59788040,FYERS_HISTORY,2026-08-08T23:56:49+05:30
2009-08-21,SMD-0225,TATASTEEL,NSE:TATASTEEL-EQ,44.19,44.76,43.4,44.48,70783610,FYERS_HISTORY,2026-08-08T23:56:49+05:30
2009-08-24,SMD-0225,TATASTEEL,NSE:TATASTEEL-EQ,45.19,45.99,45.19,45.8,59976470,FYERS_HISTORY,2026-08-08T23:56:49+05:30
2009-08-25,SMD-0225,TATASTEEL,NSE:TATASTEEL-EQ,45.19,46.52,45.01,45.77,77392880,FYERS_HISTORY,2026-08-08T23:56:49+05:30
2009-08-26,SMD-0225,TATASTEEL,NSE:TATASTEEL-EQ,46.13,46.67,45.79,46.01,66764420,FYERS_HISTORY,2026-08-08T23:56:49+05:30
2009-08-27,SMD-0225,TATASTEEL,NSE:TATASTEEL-EQ,45.69,45.79,42.49,43.56,170131770,FYERS_HISTORY,2026-08-08T23:56:49+05:30
2009-08-28,SMD-0225,TATASTEEL,NSE:TATASTEEL-EQ,43.29,44.39,42.19,43.85,158280110,FYERS_HISTORY,2026-08-08T23:56:49+05:30
2009-08-31,SMD-0225,TATASTEEL,NSE:TATASTEEL-EQ,42.99,43.78,41.85,42.41,139699630,FYERS_HISTORY,2026-08-08T23:56:49+05:30
2009-09-01,SMD-0225,TATASTEEL,NSE:TATASTEEL-EQ,42.89,43.39,41.29,41.7,105570930,FYERS_HISTORY,2026-08-08T23:56:49+05:30
2009-09-02,SMD-0225,TATASTEEL,NSE:TATASTEEL-EQ,41.19,42.09,40.74,41.5,105878330,FYERS_HISTORY,2026-08-08T23:56:49+05:30
2009-09-03,SMD-0225,TATASTEEL,NSE:TATASTEEL-EQ,42.73,42.73,41.69,42.05,74053340,FYERS_HISTORY,2026-08-08T23:56:49+05:30
2009-09-04,SMD-0225,TATASTEEL,NSE:TATASTEEL-EQ,42.17,43.22,42.01,43.01,86086060,FYERS_HISTORY,2026-08-08T23:56:49+05:30
2009-09-07,SMD-0225,TATASTEEL,NSE:TATASTEEL-EQ,43.47,44.31,43.44,44.18,65788790,FYERS_HISTORY,2026-08-08T23:56:49+05:30
2009-09-08,SMD-0225,TATASTEEL,NSE:TATASTEEL-EQ,44.87,46.48,44.42,45.64,132045850,FYERS_HISTORY,2026-08-08T23:56:49+05:30
2009-09-09,SMD-0225,TATASTEEL,NSE:TATASTEEL-EQ,45.49,46.46,45.31,46.05,87738500,FYERS_HISTORY,2026-08-08T23:56:49+05:30
2009-09-10,SMD-0225,TATASTEEL,NSE:TATASTEEL-EQ,46.77,47.48,46.11,46.97,113613530,FYERS_HISTORY,2026-08-08T23:56:49+05:30
2009-09-11,SMD-0225,TATASTEEL,NSE:TATASTEEL-EQ,47.78,49.88,46.14,46.88,82626120,FYERS_HISTORY,2026-08-08T23:56:49+05:30
2009-09-14,SMD-0225,TATASTEEL,NSE:TATASTEEL-EQ,46.56,48.05,46.53,47.87,91864090,FYERS_HISTORY,2026-08-08T23:56:49+05:30
2009-09-15,SMD-0225,TATASTEEL,NSE:TATASTEEL-EQ,47.76,49.33,47.76,49.23,82734400,FYERS_HISTORY,2026-08-08T23:56:49+05:30
2009-09-16,SMD-0225,TATASTEEL,NSE:TATASTEEL-EQ,49.98,53.37,49.64,52.99,192035960,FYERS_HISTORY,2026-08-08T23:56:49+05:30
2009-09-17,SMD-0225,TATASTEEL,NSE:TATASTEEL-EQ,53.78,54.2,51.79,52.08,124439720,FYERS_HISTORY,2026-08-08T23:56:49+05:30
2009-09-18,SMD-0225,TATASTEEL,NSE:TATASTEEL-EQ,51.5,53.36,51.48,51.77,111389600,FYERS_HISTORY,2026-08-08T23:56:49+05:30
2009-09-22,SMD-0225,TATASTEEL,NSE:TATASTEEL-EQ,51.58,52.64,50.98,52.22,83967530,FYERS_HISTORY,2026-08-08T23:56:49+05:30
2009-09-23,SMD-0225,TATASTEEL,NSE:TATASTEEL-EQ,52.28,53.07,51.79,52.04,75284830,FYERS_HISTORY,2026-08-08T23:56:49+05:30
2009-09-24,SMD-0225,TATASTEEL,NSE:TATASTEEL-EQ,51.0,51.71,50.34,51.25,97652380,FYERS_HISTORY,2026-08-08T23:56:49+05:30
2009-09-25,SMD-0225,TATASTEEL,NSE:TATASTEEL-EQ,50.78,51.42,49.32,49.82,111492870,FYERS_HISTORY,2026-08-08T23:56:49+05:30
2009-09-29,SMD-0225,TATASTEEL,NSE:TATASTEEL-EQ,50.98,50.98,50.19,50.39,63566790,FYERS_HISTORY,2026-08-08T23:56:49+05:30
2009-09-30,SMD-0225,TATASTEEL,NSE:TATASTEEL-EQ,50.28,51.46,50.28,50.93,55708250,FYERS_HISTORY,2026-08-08T23:56:49+05:30
2009-10-01,SMD-0225,TATASTEEL,NSE:TATASTEEL-EQ,50.83,51.47,50.19,51.06,86553480,FYERS_HISTORY,2026-08-08T23:56:49+05:30
2009-10-05,SMD-0225,TATASTEEL,NSE:TATASTEEL-EQ,50.3,50.76,49.42,49.68,70005400,FYERS_HISTORY,2026-08-08T23:56:49+05:30
2009-10-06,SMD-0225,TATASTEEL,NSE:TATASTEEL-EQ,50.76,51.33,49.24,51.02,82218290,FYERS_HISTORY,2026-08-08T23:56:49+05:30
2009-10-07,SMD-0225,TATASTEEL,NSE:TATASTEEL-EQ,51.69,52.64,51.14,51.67,86041650,FYERS_HISTORY,2026-08-08T23:56:49+05:30
2009-10-08,SMD-0225,TATASTEEL,NSE:TATASTEEL-EQ,52.18,53.82,52.09,53.48,91950870,FYERS_HISTORY,2026-08-08T23:56:49+05:30
2009-10-09,SMD-0225,TATASTEEL,NSE:TATASTEEL-EQ,53.95,54.52,52.88,53.24,99452240,FYERS_HISTORY,2026-08-08T23:56:49+05:30
2009-10-12,SMD-0225,TATASTEEL,NSE:TATASTEEL-EQ,53.35,54.92,53.25,54.54,73275090,FYERS_HISTORY,2026-08-08T23:56:49+05:30
2009-10-14,SMD-0225,TATASTEEL,NSE:TATASTEEL-EQ,54.88,57.55,54.88,57.11,88108780,FYERS_HISTORY,2026-08-08T23:56:49+05:30
2009-10-15,SMD-0225,TATASTEEL,NSE:TATASTEEL-EQ,57.87,58.52,57.0,57.45,82000080,FYERS_HISTORY,2026-08-08T23:56:49+05:30
2009-10-16,SMD-0225,TATASTEEL,NSE:TATASTEEL-EQ,57.35,57.43,56.21,56.65,53065740,FYERS_HISTORY,2026-08-08T23:56:49+05:30
2009-10-17,SMD-0225,TATASTEEL,NSE:TATASTEEL-EQ,56.98,57.08,55.98,56.3,9017670,FYERS_HISTORY,2026-08-08T23:56:49+05:30
2009-10-20,SMD-0225,TATASTEEL,NSE:TATASTEEL-EQ,56.82,58.05,56.53,57.5,59866570,FYERS_HISTORY,2026-08-08T23:56:49+05:30
2009-10-21,SMD-0225,TATASTEEL,NSE:TATASTEEL-EQ,57.37,57.5,55.07,55.3,51234660,FYERS_HISTORY,2026-08-08T23:56:49+05:30
2009-10-22,SMD-0225,TATASTEEL,NSE:TATASTEEL-EQ,55.18,55.58,53.92,54.22,63059790,FYERS_HISTORY,2026-08-08T23:56:49+05:30
2009-10-23,SMD-0225,TATASTEEL,NSE:TATASTEEL-EQ,55.08,55.36,52.71,52.95,60986200,FYERS_HISTORY,2026-08-08T23:56:49+05:30
2009-10-26,SMD-0225,TATASTEEL,NSE:TATASTEEL-EQ,52.88,55.32,52.64,53.97,68613540,FYERS_HISTORY,2026-08-08T23:56:49+05:30
2009-10-27,SMD-0225,TATASTEEL,NSE:TATASTEEL-EQ,53.78,53.78,49.45,50.06,103370220,FYERS_HISTORY,2026-08-08T23:56:49+05:30
2009-10-28,SMD-0225,TATASTEEL,NSE:TATASTEEL-EQ,49.98,50.35,47.71,48.11,125901250,FYERS_HISTORY,2026-08-08T23:56:49+05:30
2009-10-29,SMD-0225,TATASTEEL,NSE:TATASTEEL-EQ,46.98,47.69,46.21,46.75,111260820,FYERS_HISTORY,2026-08-08T23:56:49+05:30
2009-10-30,SMD-0225,TATASTEEL,NSE:TATASTEEL-EQ,47.98,49.28,46.48,47.14,68634850,FYERS_HISTORY,2026-08-08T23:56:49+05:30
2009-11-03,SMD-0225,TATASTEEL,NSE:TATASTEEL-EQ,46.58,47.51,43.99,44.52,67488700,FYERS_HISTORY,2026-08-08T23:56:49+05:30
2009-11-04,SMD-0225,TATASTEEL,NSE:TATASTEEL-EQ,45.69,47.18,43.31,46.88,123225440,FYERS_HISTORY,2026-08-08T23:56:49+05:30
2009-11-05,SMD-0225,TATASTEEL,NSE:TATASTEEL-EQ,46.83,48.78,45.8,48.56,97673900,FYERS_HISTORY,2026-08-08T23:56:49+05:30
2009-11-06,SMD-0225,TATASTEEL,NSE:TATASTEEL-EQ,49.32,50.68,48.98,49.96,83412590,FYERS_HISTORY,2026-08-08T23:56:49+05:30
2009-11-09,SMD-0225,TATASTEEL,NSE:TATASTEEL-EQ,50.18,51.28,50.1,50.9,66763660,FYERS_HISTORY,2026-08-08T23:56:49+05:30
2009-11-10,SMD-0225,TATASTEEL,NSE:TATASTEEL-EQ,51.47,51.65,49.98,50.45,76250930,FYERS_HISTORY,2026-08-08T23:56:49+05:30
2009-11-11,SMD-0225,TATASTEEL,NSE:TATASTEEL-EQ,50.78,52.93,50.37,52.64,71138620,FYERS_HISTORY,2026-08-08T23:56:49+05:30
2009-11-12,SMD-0225,TATASTEEL,NSE:TATASTEEL-EQ,52.38,52.38,50.71,51.19,91763640,FYERS_HISTORY,2026-08-08T23:56:49+05:30
2009-11-13,SMD-0225,TATASTEEL,NSE:TATASTEEL-EQ,51.18,52.48,50.48,52.06,70074270,FYERS_HISTORY,2026-08-08T23:56:49+05:30
2009-11-16,SMD-0225,TATASTEEL,NSE:TATASTEEL-EQ,52.6,54.4,52.6,53.64,72588360,FYERS_HISTORY,2026-08-08T23:56:49+05:30
2009-11-17,SMD-0225,TATASTEEL,NSE:TATASTEEL-EQ,53.98,54.46,53.03,53.86,66067400,FYERS_HISTORY,2026-08-08T23:56:49+05:30
2009-11-18,SMD-0225,TATASTEEL,NSE:TATASTEEL-EQ,54.18,55.05,52.49,54.72,96494660,FYERS_HISTORY,2026-08-08T23:56:49+05:30
2009-11-19,SMD-0225,TATASTEEL,NSE:TATASTEEL-EQ,54.48,55.55,53.23,53.7,105675980,FYERS_HISTORY,2026-08-08T23:56:49+05:30
2009-11-20,SMD-0225,TATASTEEL,NSE:TATASTEEL-EQ,53.18,55.48,52.38,55.28,92367700,FYERS_HISTORY,2026-08-08T23:56:49+05:30
2009-11-23,SMD-0225,TATASTEEL,NSE:TATASTEEL-EQ,55.18,57.68,54.98,57.29,95384060,FYERS_HISTORY,2026-08-08T23:56:49+05:30
2009-11-24,SMD-0225,TATASTEEL,NSE:TATASTEEL-EQ,57.78,57.88,55.57,55.85,107089190,FYERS_HISTORY,2026-08-08T23:56:49+05:30
2009-11-25,SMD-0225,TATASTEEL,NSE:TATASTEEL-EQ,56.18,57.08,55.68,56.29,55256920,FYERS_HISTORY,2026-08-08T23:56:49+05:30
2009-11-26,SMD-0225,TATASTEEL,NSE:TATASTEEL-EQ,56.38,56.77,52.82,54.35,179375900,FYERS_HISTORY,2026-08-08T23:56:49+05:30
2009-11-27,SMD-0225,TATASTEEL,NSE:TATASTEEL-EQ,52.48,55.34,51.68,54.47,129272120,FYERS_HISTORY,2026-08-08T23:56:49+05:30
2009-11-30,SMD-0225,TATASTEEL,NSE:TATASTEEL-EQ,54.98,58.18,53.15,57.9,142076670,FYERS_HISTORY,2026-08-08T23:56:49+05:30
2009-12-01,SMD-0225,TATASTEEL,NSE:TATASTEEL-EQ,58.92,59.06,57.39,58.15,93832700,FYERS_HISTORY,2026-08-08T23:56:49+05:30
2009-12-02,SMD-0225,TATASTEEL,NSE:TATASTEEL-EQ,58.58,59.12,57.2,57.46,86094560,FYERS_HISTORY,2026-08-08T23:56:49+05:30
2009-12-03,SMD-0225,TATASTEEL,NSE:TATASTEEL-EQ,57.69,58.98,57.39,58.34,76332470,FYERS_HISTORY,2026-08-08T23:56:49+05:30
2009-12-04,SMD-0225,TATASTEEL,NSE:TATASTEEL-EQ,57.58,58.38,57.15,57.58,73308690,FYERS_HISTORY,2026-08-08T23:56:49+05:30
2009-12-07,SMD-0225,TATASTEEL,NSE:TATASTEEL-EQ,56.98,57.47,55.31,55.57,68044130,FYERS_HISTORY,2026-08-08T23:56:49+05:30
2009-12-08,SMD-0225,TATASTEEL,NSE:TATASTEEL-EQ,54.98,57.07,54.98,56.8,78288990,FYERS_HISTORY,2026-08-08T23:56:49+05:30
2009-12-09,SMD-0225,TATASTEEL,NSE:TATASTEEL-EQ,56.38,56.38,54.14,54.47,108337590,FYERS_HISTORY,2026-08-08T23:56:49+05:30
2009-12-10,SMD-0225,TATASTEEL,NSE:TATASTEEL-EQ,54.98,55.64,54.1,54.88,88987660,FYERS_HISTORY,2026-08-08T23:56:49+05:30
2009-12-11,SMD-0225,TATASTEEL,NSE:TATASTEEL-EQ,55.95,55.95,53.63,54.64,93572170,FYERS_HISTORY,2026-08-08T23:56:49+05:30
2009-12-14,SMD-0225,TATASTEEL,NSE:TATASTEEL-EQ,54.64,55.28,53.91,54.43,65464530,FYERS_HISTORY,2026-08-08T23:56:49+05:30
2009-12-15,SMD-0225,TATASTEEL,NSE:TATASTEEL-EQ,54.98,55.68,54.38,54.63,66267570,FYERS_HISTORY,2026-08-08T23:56:49+05:30
2009-12-16,SMD-0225,TATASTEEL,NSE:TATASTEEL-EQ,54.68,56.02,54.25,55.75,91199460,FYERS_HISTORY,2026-08-08T23:56:49+05:30
2009-12-17,SMD-0225,TATASTEEL,NSE:TATASTEEL-EQ,55.58,56.87,55.58,56.4,84524680,FYERS_HISTORY,2026-08-08T23:56:49+05:30
2009-12-18,SMD-0225,TATASTEEL,NSE:TATASTEEL-EQ,56.18,57.23,55.87,56.31,81598970,FYERS_HISTORY,2026-08-08T23:56:49+05:30
2009-12-21,SMD-0225,TATASTEEL,NSE:TATASTEEL-EQ,56.68,57.11,55.28,55.57,67926180,FYERS_HISTORY,2026-08-08T23:56:49+05:30
2009-12-22,SMD-0225,TATASTEEL,NSE:TATASTEEL-EQ,56.78,58.02,55.83,57.7,75505220,FYERS_HISTORY,2026-08-08T23:56:49+05:30
2009-12-23,SMD-0225,TATASTEEL,NSE:TATASTEEL-EQ,58.08,60.62,57.68,60.39,103844530,FYERS_HISTORY,2026-08-08T23:56:49+05:30
2009-12-24,SMD-0225,TATASTEEL,NSE:TATASTEEL-EQ,60.81,61.82,59.78,61.54,97347910,FYERS_HISTORY,2026-08-08T23:56:49+05:30
2009-12-29,SMD-0225,TATASTEEL,NSE:TATASTEEL-EQ,61.63,62.77,61.63,62.18,76368550,FYERS_HISTORY,2026-08-08T23:56:50+05:30
2009-12-30,SMD-0225,TATASTEEL,NSE:TATASTEEL-EQ,61.98,62.65,61.24,61.46,73068970,FYERS_HISTORY,2026-08-08T23:56:50+05:30
2009-12-31,SMD-0225,TATASTEEL,NSE:TATASTEEL-EQ,61.75,62.37,61.25,61.75,76649170,FYERS_HISTORY,2026-08-08T23:56:50+05:30
2010-01-04,SMD-0225,TATASTEEL,NSE:TATASTEEL-EQ,62.18,63.63,61.67,63.35,55679520,FYERS_HISTORY,2026-08-08T23:56:50+05:30
2010-01-05,SMD-0225,TATASTEEL,NSE:TATASTEEL-EQ,63.83,65.46,63.83,64.89,77994070,FYERS_HISTORY,2026-08-08T23:56:50+05:30
2010-01-06,SMD-0225,TATASTEEL,NSE:TATASTEEL-EQ,65.98,65.98,63.68,64.18,73480530,FYERS_HISTORY,2026-08-08T23:56:50+05:30
2010-01-07,SMD-0225,TATASTEEL,NSE:TATASTEEL-EQ,64.47,65.26,63.99,64.96,76332300,FYERS_HISTORY,2026-08-08T23:56:50+05:30
2010-01-08,SMD-0225,TATASTEEL,NSE:TATASTEEL-EQ,65.08,66.13,64.07,64.82,81969290,FYERS_HISTORY,2026-08-08T23:56:50+05:30
2010-01-11,SMD-0225,TATASTEEL,NSE:TATASTEEL-EQ,64.98,65.57,64.5,64.83,66385970,FYERS_HISTORY,2026-08-08T23:56:50+05:30
2010-01-12,SMD-0225,TATASTEEL,NSE:TATASTEEL-EQ,64.13,64.85,62.36,62.53,68301730,FYERS_HISTORY,2026-08-08T23:56:50+05:30
2010-01-13,SMD-0225,TATASTEEL,NSE:TATASTEEL-EQ,61.48,64.16,61.48,63.9,103117060,FYERS_HISTORY,2026-08-08T23:56:50+05:30
2010-01-14,SMD-0225,TATASTEEL,NSE:TATASTEEL-EQ,64.45,65.1,64.13,64.75,66402910,FYERS_HISTORY,2026-08-08T23:56:50+05:30
2010-01-15,SMD-0225,TATASTEEL,NSE:TATASTEEL-EQ,64.98,65.07,63.98,64.49,42911490,FYERS_HISTORY,2026-08-08T23:56:50+05:30
2010-01-18,SMD-0225,TATASTEEL,NSE:TATASTEEL-EQ,64.18,64.18,63.05,63.73,59470020,FYERS_HISTORY,2026-08-08T23:56:50+05:30
2010-01-19,SMD-0225,TATASTEEL,NSE:TATASTEEL-EQ,63.58,64.54,63.18,63.74,50140220,FYERS_HISTORY,2026-08-08T23:56:50+05:30
2010-01-20,SMD-0225,TATASTEEL,NSE:TATASTEEL-EQ,63.78,65.72,63.78,65.35,79264700,FYERS_HISTORY,2026-08-08T23:56:50+05:30
2010-01-21,SMD-0225,TATASTEEL,NSE:TATASTEEL-EQ,64.93,65.93,64.2,64.78,109133620,FYERS_HISTORY,2026-08-08T23:56:50+05:30
2010-01-22,SMD-0225,TATASTEEL,NSE:TATASTEEL-EQ,64.09,64.09,61.68,62.43,87774950,FYERS_HISTORY,2026-08-08T23:56:50+05:30
2010-01-25,SMD-0225,TATASTEEL,NSE:TATASTEEL-EQ,61.98,62.55,60.67,60.97,53269180,FYERS_HISTORY,2026-08-08T23:56:50+05:30
2010-01-27,SMD-0225,TATASTEEL,NSE:TATASTEEL-EQ,59.97,60.55,55.31,55.95,109017000,FYERS_HISTORY,2026-08-08T23:56:50+05:30
2010-01-28,SMD-0225,TATASTEEL,NSE:TATASTEEL-EQ,56.58,58.92,56.48,58.52,125787970,FYERS_HISTORY,2026-08-08T23:56:50+05:30
2010-01-29,SMD-0225,TATASTEEL,NSE:TATASTEEL-EQ,57.78,58.08,55.15,56.89,115863690,FYERS_HISTORY,2026-08-08T23:56:50+05:30
2010-02-01,SMD-0225,TATASTEEL,NSE:TATASTEEL-EQ,55.98,58.46,55.78,57.97,69149780,FYERS_HISTORY,2026-08-08T23:56:50+05:30
2010-02-02,SMD-0225,TATASTEEL,NSE:TATASTEEL-EQ,58.48,59.44,57.05,57.31,91902290,FYERS_HISTORY,2026-08-08T23:56:50+05:30
2010-02-03,SMD-0225,TATASTEEL,NSE:TATASTEEL-EQ,57.78,60.34,57.69,60.02,90235560,FYERS_HISTORY,2026-08-08T23:56:50+05:30
2010-02-04,SMD-0225,TATASTEEL,NSE:TATASTEEL-EQ,59.58,59.58,57.38,57.75,69567270,FYERS_HISTORY,2026-08-08T23:56:50+05:30
2010-02-05,SMD-0225,TATASTEEL,NSE:TATASTEEL-EQ,53.98,56.13,53.98,55.0,87865930,FYERS_HISTORY,2026-08-08T23:56:50+05:30
2010-02-06,SMD-0225,TATASTEEL,NSE:TATASTEEL-EQ,55.48,56.28,55.1,55.88,8196760,FYERS_HISTORY,2026-08-08T23:56:50+05:30
2010-02-08,SMD-0225,TATASTEEL,NSE:TATASTEEL-EQ,54.98,56.57,52.79,53.37,142592990,FYERS_HISTORY,2026-08-08T23:56:50+05:30
2010-02-09,SMD-0225,TATASTEEL,NSE:TATASTEEL-EQ,53.08,54.2,52.98,53.34,73449170,FYERS_HISTORY,2026-08-08T23:56:50+05:30
2010-02-10,SMD-0225,TATASTEEL,NSE:TATASTEEL-EQ,53.58,54.45,51.91,52.23,69254890,FYERS_HISTORY,2026-08-08T23:56:50+05:30
2010-02-11,SMD-0225,TATASTEEL,NSE:TATASTEEL-EQ,52.47,53.82,52.47,53.38,64227010,FYERS_HISTORY,2026-08-08T23:56:50+05:30
2010-02-15,SMD-0225,TATASTEEL,NSE:TATASTEEL-EQ,53.73,54.43,53.04,53.97,72591040,FYERS_HISTORY,2026-08-08T23:56:50+05:30
2010-02-16,SMD-0225,TATASTEEL,NSE:TATASTEEL-EQ,54.18,55.18,53.99,54.99,64228190,FYERS_HISTORY,2026-08-08T23:56:50+05:30
2010-02-17,SMD-0225,TATASTEEL,NSE:TATASTEEL-EQ,54.49,58.61,54.49,58.42,95850780,FYERS_HISTORY,2026-08-08T23:56:50+05:30
2010-02-18,SMD-0225,TATASTEEL,NSE:TATASTEEL-EQ,58.38,58.68,56.99,57.7,48809330,FYERS_HISTORY,2026-08-08T23:56:50+05:30
2010-02-19,SMD-0225,TATASTEEL,NSE:TATASTEEL-EQ,56.78,57.22,55.64,56.06,75726940,FYERS_HISTORY,2026-08-08T23:56:50+05:30
2010-02-22,SMD-0225,TATASTEEL,NSE:TATASTEEL-EQ,56.78,58.02,56.68,57.26,57567430,FYERS_HISTORY,2026-08-08T23:56:50+05:30
2010-02-23,SMD-0225,TATASTEEL,NSE:TATASTEEL-EQ,56.69,58.02,56.49,57.53,56933930,FYERS_HISTORY,2026-08-08T23:56:50+05:30
2010-02-24,SMD-0225,TATASTEEL,NSE:TATASTEEL-EQ,57.18,57.46,56.34,56.71,51444260,FYERS_HISTORY,2026-08-08T23:56:50+05:30
2010-02-25,SMD-0225,TATASTEEL,NSE:TATASTEEL-EQ,56.88,57.38,55.99,56.91,43647180,FYERS_HISTORY,2026-08-08T23:56:50+05:30
2010-02-26,SMD-0225,TATASTEEL,NSE:TATASTEEL-EQ,56.98,59.21,56.38,57.42,54723780,FYERS_HISTORY,2026-08-08T23:56:50+05:30
2010-03-02,SMD-0225,TATASTEEL,NSE:TATASTEEL-EQ,58.1,61.06,58.1,60.87,66705970,FYERS_HISTORY,2026-08-08T23:56:50+05:30
2010-03-03,SMD-0225,TATASTEEL,NSE:TATASTEEL-EQ,60.98,61.71,60.41,60.8,62120940,FYERS_HISTORY,2026-08-08T23:56:50+05:30
2010-03-04,SMD-0225,TATASTEEL,NSE:TATASTEEL-EQ,60.98,62.04,60.29,61.74,73059600,FYERS_HISTORY,2026-08-08T23:56:50+05:30
2010-03-05,SMD-0225,TATASTEEL,NSE:TATASTEEL-EQ,61.98,62.73,61.58,61.79,46281610,FYERS_HISTORY,2026-08-08T23:56:50+05:30
2010-03-08,SMD-0225,TATASTEEL,NSE:TATASTEEL-EQ,62.34,62.78,61.66,62.15,43782820,FYERS_HISTORY,2026-08-08T23:56:50+05:30
2010-03-09,SMD-0225,TATASTEEL,NSE:TATASTEEL-EQ,61.98,62.21,61.08,61.45,37592470,FYERS_HISTORY,2026-08-08T23:56:50+05:30
2010-03-10,SMD-0225,TATASTEEL,NSE:TATASTEEL-EQ,61.59,61.95,60.23,61.2,35336530,FYERS_HISTORY,2026-08-08T23:56:50+05:30
2010-03-11,SMD-0225,TATASTEEL,NSE:TATASTEEL-EQ,61.18,61.48,60.22,60.81,33429590,FYERS_HISTORY,2026-08-08T23:56:50+05:30
2010-03-12,SMD-0225,TATASTEEL,NSE:TATASTEEL-EQ,60.98,61.37,60.35,60.74,40021580,FYERS_HISTORY,2026-08-08T23:56:50+05:30
2010-03-15,SMD-0225,TATASTEEL,NSE:TATASTEEL-EQ,60.5,61.67,60.4,60.99,33967530,FYERS_HISTORY,2026-08-08T23:56:50+05:30
2010-03-16,SMD-0225,TATASTEEL,NSE:TATASTEEL-EQ,61.07,63.08,60.81,62.7,44610950,FYERS_HISTORY,2026-08-08T23:56:50+05:30
2010-03-17,SMD-0225,TATASTEEL,NSE:TATASTEEL-EQ,53.58,64.33,53.58,63.19,57205680,FYERS_HISTORY,2026-08-08T23:56:50+05:30
2010-03-18,SMD-0225,TATASTEEL,NSE:TATASTEEL-EQ,63.48,64.14,62.99,63.9,40691600,FYERS_HISTORY,2026-08-08T23:56:50+05:30
2010-03-19,SMD-0225,TATASTEEL,NSE:TATASTEEL-EQ,64.03,64.53,63.61,64.4,34434110,FYERS_HISTORY,2026-08-08T23:56:50+05:30
2010-03-22,SMD-0225,TATASTEEL,NSE:TATASTEEL-EQ,63.59,64.35,62.64,62.88,38454120,FYERS_HISTORY,2026-08-08T23:56:50+05:30
2010-03-23,SMD-0225,TATASTEEL,NSE:TATASTEEL-EQ,63.18,64.0,62.84,63.77,37786080,FYERS_HISTORY,2026-08-08T23:56:50+05:30
2010-03-25,SMD-0225,TATASTEEL,NSE:TATASTEEL-EQ,63.68,64.07,62.43,63.8,42828830,FYERS_HISTORY,2026-08-08T23:56:50+05:30
2010-03-26,SMD-0225,TATASTEEL,NSE:TATASTEEL-EQ,63.98,64.98,63.61,64.39,36716430,FYERS_HISTORY,2026-08-08T23:56:50+05:30
2010-03-29,SMD-0225,TATASTEEL,NSE:TATASTEEL-EQ,63.96,65.06,63.62,64.33,25531350,FYERS_HISTORY,2026-08-08T23:56:50+05:30
2010-03-30,SMD-0225,TATASTEEL,NSE:TATASTEEL-EQ,64.48,64.98,63.19,63.45,30163310,FYERS_HISTORY,2026-08-08T23:56:50+05:30
2010-03-31,SMD-0225,TATASTEEL,NSE:TATASTEEL-EQ,63.48,63.94,62.59,63.18,39425200,FYERS_HISTORY,2026-08-08T23:56:50+05:30
2010-04-01,SMD-0225,TATASTEEL,NSE:TATASTEEL-EQ,63.58,65.38,63.5,65.2,42546540,FYERS_HISTORY,2026-08-08T23:56:50+05:30
2010-04-05,SMD-0225,TATASTEEL,NSE:TATASTEEL-EQ,65.5,67.96,65.5,67.83,60178040,FYERS_HISTORY,2026-08-08T23:56:50+05:30
2010-04-06,SMD-0225,TATASTEEL,NSE:TATASTEEL-EQ,68.13,69.47,67.28,68.74,58489830,FYERS_HISTORY,2026-08-08T23:56:50+05:30
2010-04-07,SMD-0225,TATASTEEL,NSE:TATASTEEL-EQ,68.98,69.26,67.73,68.54,39072960,FYERS_HISTORY,2026-08-08T23:56:50+05:30
2010-04-08,SMD-0225,TATASTEEL,NSE:TATASTEEL-EQ,67.98,73.88,66.8,67.1,38893910,FYERS_HISTORY,2026-08-08T23:56:50+05:30
2010-04-09,SMD-0225,TATASTEEL,NSE:TATASTEEL-EQ,67.38,68.58,67.1,67.6,31570360,FYERS_HISTORY,2026-08-08T23:56:50+05:30
2010-04-12,SMD-0225,TATASTEEL,NSE:TATASTEEL-EQ,67.78,68.82,67.03,68.4,41032730,FYERS_HISTORY,2026-08-08T23:56:50+05:30
2010-04-13,SMD-0225,TATASTEEL,NSE:TATASTEEL-EQ,68.22,69.33,67.53,69.17,52099680,FYERS_HISTORY,2026-08-08T23:56:50+05:30
2010-04-15,SMD-0225,TATASTEEL,NSE:TATASTEEL-EQ,69.57,70.11,67.79,68.59,52480360,FYERS_HISTORY,2026-08-08T23:56:50+05:30
2010-04-16,SMD-0225,TATASTEEL,NSE:TATASTEEL-EQ,68.38,69.81,67.58,69.55,43167680,FYERS_HISTORY,2026-08-08T23:56:50+05:30
2010-04-19,SMD-0225,TATASTEEL,NSE:TATASTEEL-EQ,68.25,68.78,66.22,66.96,63682680,FYERS_HISTORY,2026-08-08T23:56:50+05:30
2010-04-20,SMD-0225,TATASTEEL,NSE:TATASTEEL-EQ,67.28,68.48,66.53,67.06,43859900,FYERS_HISTORY,2026-08-08T23:56:50+05:30
2010-04-21,SMD-0225,TATASTEEL,NSE:TATASTEEL-EQ,67.29,67.96,66.55,66.86,31364680,FYERS_HISTORY,2026-08-08T23:56:50+05:30
2010-04-22,SMD-0225,TATASTEEL,NSE:TATASTEEL-EQ,66.49,67.32,64.95,65.51,65493130,FYERS_HISTORY,2026-08-08T23:56:50+05:30
2010-04-23,SMD-0225,TATASTEEL,NSE:TATASTEEL-EQ,65.58,66.25,64.28,64.81,63929790,FYERS_HISTORY,2026-08-08T23:56:50+05:30
2010-04-26,SMD-0225,TATASTEEL,NSE:TATASTEEL-EQ,64.98,66.45,64.98,65.66,42353230,FYERS_HISTORY,2026-08-08T23:56:50+05:30
2010-04-27,SMD-0225,TATASTEEL,NSE:TATASTEEL-EQ,65.49,65.75,64.61,64.73,36482940,FYERS_HISTORY,2026-08-08T23:56:50+05:30
2010-04-28,SMD-0225,TATASTEEL,NSE:TATASTEEL-EQ,64.38,64.38,62.21,62.41,50958980,FYERS_HISTORY,2026-08-08T23:56:50+05:30
2010-04-29,SMD-0225,TATASTEEL,NSE:TATASTEEL-EQ,62.78,64.04,62.61,63.24,52284110,FYERS_HISTORY,2026-08-08T23:56:50+05:30
2010-04-30,SMD-0225,TATASTEEL,NSE:TATASTEEL-EQ,64.03,64.38,61.48,61.87,74718870,FYERS_HISTORY,2026-08-08T23:56:50+05:30
2010-05-03,SMD-0225,TATASTEEL,NSE:TATASTEEL-EQ,60.98,61.77,60.38,60.69,54754320,FYERS_HISTORY,2026-08-08T23:56:50+05:30
2010-05-04,SMD-0225,TATASTEEL,NSE:TATASTEEL-EQ,60.68,62.96,57.2,57.77,87093310,FYERS_HISTORY,2026-08-08T23:56:50+05:30
2010-05-05,SMD-0225,TATASTEEL,NSE:TATASTEEL-EQ,56.98,57.72,55.55,57.29,117276780,FYERS_HISTORY,2026-08-08T23:56:50+05:30
2010-05-06,SMD-0225,TATASTEEL,NSE:TATASTEEL-EQ,57.28,57.97,56.1,57.57,80509140,FYERS_HISTORY,2026-08-08T23:56:50+05:30
2010-05-07,SMD-0225,TATASTEEL,NSE:TATASTEEL-EQ,55.98,56.88,55.23,55.82,70936550,FYERS_HISTORY,2026-08-08T23:56:50+05:30
2010-05-10,SMD-0225,TATASTEEL,NSE:TATASTEEL-EQ,59.87,60.58,56.38,60.13,76496000,FYERS_HISTORY,2026-08-08T23:56:50+05:30
2010-05-11,SMD-0225,TATASTEEL,NSE:TATASTEEL-EQ,60.48,60.86,57.88,58.19,91077690,FYERS_HISTORY,2026-08-08T23:56:50+05:30
2010-05-12,SMD-0225,TATASTEEL,NSE:TATASTEEL-EQ,58.18,58.78,57.18,58.43,63859090,FYERS_HISTORY,2026-08-08T23:56:50+05:30
2010-05-13,SMD-0225,TATASTEEL,NSE:TATASTEEL-EQ,58.48,59.35,57.14,57.49,55347010,FYERS_HISTORY,2026-08-08T23:56:50+05:30
2010-05-14,SMD-0225,TATASTEEL,NSE:TATASTEEL-EQ,57.38,57.38,54.53,54.78,80961560,FYERS_HISTORY,2026-08-08T23:56:50+05:30
2010-05-17,SMD-0225,TATASTEEL,NSE:TATASTEEL-EQ,53.24,54.06,52.28,53.62,109767090,FYERS_HISTORY,2026-08-08T23:56:50+05:30
2010-05-18,SMD-0225,TATASTEEL,NSE:TATASTEEL-EQ,53.86,54.11,52.73,53.01,94013010,FYERS_HISTORY,2026-08-08T23:56:50+05:30
2010-05-19,SMD-0225,TATASTEEL,NSE:TATASTEEL-EQ,52.48,52.93,51.02,51.23,108368400,FYERS_HISTORY,2026-08-08T23:56:50+05:30
2010-05-20,SMD-0225,TATASTEEL,NSE:TATASTEEL-EQ,51.48,52.18,50.38,50.8,88564740,FYERS_HISTORY,2026-08-08T23:56:50+05:30
2010-05-21,SMD-0225,TATASTEEL,NSE:TATASTEEL-EQ,49.73,51.28,48.71,50.91,123264730,FYERS_HISTORY,2026-08-08T23:56:50+05:30
2010-05-24,SMD-0225,TATASTEEL,NSE:TATASTEEL-EQ,51.58,52.38,49.49,50.09,67374320,FYERS_HISTORY,2026-08-08T23:56:50+05:30
2010-05-25,SMD-0225,TATASTEEL,NSE:TATASTEEL-EQ,49.48,49.48,47.41,47.65,109888990,FYERS_HISTORY,2026-08-08T23:56:50+05:30
2010-05-26,SMD-0225,TATASTEEL,NSE:TATASTEEL-EQ,47.78,49.8,47.69,48.43,127825820,FYERS_HISTORY,2026-08-08T23:56:50+05:30
2010-05-27,SMD-0225,TATASTEEL,NSE:TATASTEEL-EQ,48.28,49.72,47.34,49.22,185728480,FYERS_HISTORY,2026-08-08T23:56:50+05:30
2010-05-28,SMD-0225,TATASTEEL,NSE:TATASTEEL-EQ,49.98,50.83,48.99,49.67,146195140,FYERS_HISTORY,2026-08-08T23:56:50+05:30
2010-05-31,SMD-0225,TATASTEEL,NSE:TATASTEEL-EQ,49.67,50.27,48.61,50.05,91274630,FYERS_HISTORY,2026-08-08T23:56:50+05:30
2010-06-01,SMD-0225,TATASTEEL,NSE:TATASTEEL-EQ,49.98,50.76,47.68,47.98,115170100,FYERS_HISTORY,2026-08-08T23:56:50+05:30
2010-06-02,SMD-0225,TATASTEEL,NSE:TATASTEEL-EQ,48.48,48.67,47.62,48.41,99383400,FYERS_HISTORY,2026-08-08T23:56:50+05:30
2010-06-03,SMD-0225,TATASTEEL,NSE:TATASTEEL-EQ,48.99,49.45,48.31,48.56,94553560,FYERS_HISTORY,2026-08-08T23:56:50+05:30
2010-06-04,SMD-0225,TATASTEEL,NSE:TATASTEEL-EQ,48.43,48.98,47.84,48.51,82301020,FYERS_HISTORY,2026-08-08T23:56:50+05:30
2010-06-07,SMD-0225,TATASTEEL,NSE:TATASTEEL-EQ,47.08,47.08,45.74,46.2,83427380,FYERS_HISTORY,2026-08-08T23:56:50+05:30
2010-06-08,SMD-0225,TATASTEEL,NSE:TATASTEEL-EQ,46.41,46.67,44.9,45.13,89993840,FYERS_HISTORY,2026-08-08T23:56:50+05:30
2010-06-09,SMD-0225,TATASTEEL,NSE:TATASTEEL-EQ,45.29,46.61,45.04,46.29,110821730,FYERS_HISTORY,2026-08-08T23:56:50+05:30
2010-06-10,SMD-0225,TATASTEEL,NSE:TATASTEEL-EQ,46.86,47.32,45.76,47.13,77236830,FYERS_HISTORY,2026-08-08T23:56:50+05:30
2010-06-11,SMD-0225,TATASTEEL,NSE:TATASTEEL-EQ,47.48,47.82,47.05,47.34,69488870,FYERS_HISTORY,2026-08-08T23:56:50+05:30
2010-06-14,SMD-0225,TATASTEEL,NSE:TATASTEEL-EQ,47.59,48.62,47.54,48.4,53781560,FYERS_HISTORY,2026-08-08T23:56:50+05:30
2010-06-15,SMD-0225,TATASTEEL,NSE:TATASTEEL-EQ,48.4,49.36,48.05,49.17,60071470,FYERS_HISTORY,2026-08-08T23:56:50+05:30
2010-06-16,SMD-0225,TATASTEEL,NSE:TATASTEEL-EQ,49.49,49.78,48.36,48.54,66975110,FYERS_HISTORY,2026-08-08T23:56:50+05:30
2010-06-17,SMD-0225,TATASTEEL,NSE:TATASTEEL-EQ,48.58,48.68,47.63,48.08,76858220,FYERS_HISTORY,2026-08-08T23:56:50+05:30
2010-06-18,SMD-0225,TATASTEEL,NSE:TATASTEEL-EQ,48.24,48.62,47.1,47.36,60045560,FYERS_HISTORY,2026-08-08T23:56:50+05:30
2010-06-21,SMD-0225,TATASTEEL,NSE:TATASTEEL-EQ,47.99,50.63,47.99,50.46,103523910,FYERS_HISTORY,2026-08-08T23:56:50+05:30
2010-06-22,SMD-0225,TATASTEEL,NSE:TATASTEEL-EQ,50.78,50.78,49.21,49.39,72116090,FYERS_HISTORY,2026-08-08T23:56:50+05:30
2010-06-23,SMD-0225,TATASTEEL,NSE:TATASTEEL-EQ,49.08,50.16,48.93,49.74,80700630,FYERS_HISTORY,2026-08-08T23:56:50+05:30
2010-06-24,SMD-0225,TATASTEEL,NSE:TATASTEEL-EQ,49.78,50.63,49.48,49.82,89900050,FYERS_HISTORY,2026-08-08T23:56:50+05:30
2010-06-25,SMD-0225,TATASTEEL,NSE:TATASTEEL-EQ,49.78,50.17,48.81,48.99,59904750,FYERS_HISTORY,2026-08-08T23:56:50+05:30
2010-06-28,SMD-0225,TATASTEEL,NSE:TATASTEEL-EQ,49.01,50.15,49.01,49.99,41406580,FYERS_HISTORY,2026-08-08T23:56:50+05:30
2010-06-29,SMD-0225,TATASTEEL,NSE:TATASTEEL-EQ,49.96,49.98,47.98,48.14,68053360,FYERS_HISTORY,2026-08-08T23:56:50+05:30
2010-06-30,SMD-0225,TATASTEEL,NSE:TATASTEEL-EQ,46.99,48.73,46.99,48.55,59467310,FYERS_HISTORY,2026-08-08T23:56:50+05:30
2010-07-01,SMD-0225,TATASTEEL,NSE:TATASTEEL-EQ,48.35,48.58,47.21,47.48,49672260,FYERS_HISTORY,2026-08-08T23:56:50+05:30
2010-07-02,SMD-0225,TATASTEEL,NSE:TATASTEEL-EQ,47.49,48.08,47.1,47.48,53718700,FYERS_HISTORY,2026-08-08T23:56:50+05:30
2010-07-05,SMD-0225,TATASTEEL,NSE:TATASTEEL-EQ,47.58,47.59,46.98,47.16,25352410,FYERS_HISTORY,2026-08-08T23:56:50+05:30
2010-07-06,SMD-0225,TATASTEEL,NSE:TATASTEEL-EQ,47.28,48.18,46.79,48.02,52975690,FYERS_HISTORY,2026-08-08T23:56:50+05:30
2010-07-07,SMD-0225,TATASTEEL,NSE:TATASTEEL-EQ,48.38,48.38,47.33,47.47,75711170,FYERS_HISTORY,2026-08-08T23:56:50+05:30
2010-07-08,SMD-0225,TATASTEEL,NSE:TATASTEEL-EQ,48.38,48.87,47.79,48.46,53066630,FYERS_HISTORY,2026-08-08T23:56:50+05:30
2010-07-09,SMD-0225,TATASTEEL,NSE:TATASTEEL-EQ,48.86,49.77,48.63,49.58,63776960,FYERS_HISTORY,2026-08-08T23:56:50+05:30
2010-07-12,SMD-0225,TATASTEEL,NSE:TATASTEEL-EQ,49.48,50.58,49.13,49.76,77134480,FYERS_HISTORY,2026-08-08T23:56:50+05:30
2010-07-13,SMD-0225,TATASTEEL,NSE:TATASTEEL-EQ,49.5,51.22,49.48,50.86,77694830,FYERS_HISTORY,2026-08-08T23:56:50+05:30
2010-07-14,SMD-0225,TATASTEEL,NSE:TATASTEEL-EQ,51.48,51.93,50.38,50.57,67957780,FYERS_HISTORY,2026-08-08T23:56:50+05:30
2010-07-15,SMD-0225,TATASTEEL,NSE:TATASTEEL-EQ,50.68,51.68,50.59,51.26,74972460,FYERS_HISTORY,2026-08-08T23:56:50+05:30
2010-07-16,SMD-0225,TATASTEEL,NSE:TATASTEEL-EQ,51.38,51.78,50.68,50.86,40798220,FYERS_HISTORY,2026-08-08T23:56:50+05:30
2010-07-19,SMD-0225,TATASTEEL,NSE:TATASTEEL-EQ,50.18,51.4,50.18,51.11,40526790,FYERS_HISTORY,2026-08-08T23:56:50+05:30
2010-07-20,SMD-0225,TATASTEEL,NSE:TATASTEEL-EQ,51.48,51.92,50.51,50.92,51228090,FYERS_HISTORY,2026-08-08T23:56:50+05:30
2010-07-21,SMD-0225,TATASTEEL,NSE:TATASTEEL-EQ,51.78,53.22,51.1,53.07,110816320,FYERS_HISTORY,2026-08-08T23:56:50+05:30
2010-07-22,SMD-0225,TATASTEEL,NSE:TATASTEEL-EQ,52.98,54.22,52.21,54.07,106518710,FYERS_HISTORY,2026-08-08T23:56:50+05:30
2010-07-23,SMD-0225,TATASTEEL,NSE:TATASTEEL-EQ,54.08,54.87,53.33,53.55,66936330,FYERS_HISTORY,2026-08-08T23:56:50+05:30
2010-07-26,SMD-0225,TATASTEEL,NSE:TATASTEEL-EQ,53.6,54.08,45.99,53.22,45530730,FYERS_HISTORY,2026-08-08T23:56:50+05:30
2010-07-27,SMD-0225,TATASTEEL,NSE:TATASTEEL-EQ,53.98,54.18,52.6,52.97,52863620,FYERS_HISTORY,2026-08-08T23:56:50+05:30
2010-07-28,SMD-0225,TATASTEEL,NSE:TATASTEEL-EQ,52.99,53.92,52.91,53.24,48751180,FYERS_HISTORY,2026-08-08T23:56:50+05:30
2010-07-29,SMD-0225,TATASTEEL,NSE:TATASTEEL-EQ,53.08,53.63,52.72,53.29,40275420,FYERS_HISTORY,2026-08-08T23:56:50+05:30
2010-07-30,SMD-0225,TATASTEEL,NSE:TATASTEEL-EQ,52.98,54.36,52.98,53.68,56101630,FYERS_HISTORY,2026-08-08T23:56:50+05:30
2010-08-02,SMD-0225,TATASTEEL,NSE:TATASTEEL-EQ,44.99,54.86,44.99,54.71,38612250,FYERS_HISTORY,2026-08-08T23:56:50+05:30
2010-08-03,SMD-0225,TATASTEEL,NSE:TATASTEEL-EQ,54.98,55.11,54.3,54.68,42075160,FYERS_HISTORY,2026-08-08T23:56:50+05:30
2010-08-04,SMD-0225,TATASTEEL,NSE:TATASTEEL-EQ,54.68,54.97,53.69,54.04,24969940,FYERS_HISTORY,2026-08-08T23:56:50+05:30
2010-08-05,SMD-0225,TATASTEEL,NSE:TATASTEEL-EQ,54.43,54.68,53.69,53.81,27881550,FYERS_HISTORY,2026-08-08T23:56:50+05:30
2010-08-06,SMD-0225,TATASTEEL,NSE:TATASTEEL-EQ,53.77,54.45,52.93,53.13,32667110,FYERS_HISTORY,2026-08-08T23:56:50+05:30
2010-08-09,SMD-0225,TATASTEEL,NSE:TATASTEEL-EQ,53.38,54.18,53.1,53.99,25208150,FYERS_HISTORY,2026-08-08T23:56:50+05:30
2010-08-10,SMD-0225,TATASTEEL,NSE:TATASTEEL-EQ,54.08,55.31,53.35,53.62,72723370,FYERS_HISTORY,2026-08-08T23:56:50+05:30
2010-08-11,SMD-0225,TATASTEEL,NSE:TATASTEEL-EQ,53.78,54.76,51.85,52.01,83824220,FYERS_HISTORY,2026-08-08T23:56:50+05:30
2010-08-12,SMD-0225,TATASTEEL,NSE:TATASTEEL-EQ,51.78,53.08,50.73,51.98,121234590,FYERS_HISTORY,2026-08-08T23:56:50+05:30
2010-08-13,SMD-0225,TATASTEEL,NSE:TATASTEEL-EQ,53.98,53.98,52.36,52.7,78394000,FYERS_HISTORY,2026-08-08T23:56:50+05:30
2010-08-16,SMD-0225,TATASTEEL,NSE:TATASTEEL-EQ,52.8,53.67,51.48,51.76,75463910,FYERS_HISTORY,2026-08-08T23:56:50+05:30
2010-08-17,SMD-0225,TATASTEEL,NSE:TATASTEEL-EQ,51.86,52.36,51.1,51.34,72374280,FYERS_HISTORY,2026-08-08T23:56:50+05:30
2010-08-18,SMD-0225,TATASTEEL,NSE:TATASTEEL-EQ,51.48,52.28,51.42,52.17,55809600,FYERS_HISTORY,2026-08-08T23:56:50+05:30
2010-08-19,SMD-0225,TATASTEEL,NSE:TATASTEEL-EQ,52.17,52.93,51.82,52.21,46716230,FYERS_HISTORY,2026-08-08T23:56:50+05:30
2010-08-20,SMD-0225,TATASTEEL,NSE:TATASTEEL-EQ,51.98,52.27,51.69,51.87,44269510,FYERS_HISTORY,2026-08-08T23:56:50+05:30
2010-08-23,SMD-0225,TATASTEEL,NSE:TATASTEEL-EQ,51.98,52.66,51.95,52.14,44684570,FYERS_HISTORY,2026-08-08T23:56:50+05:30
2010-08-24,SMD-0225,TATASTEEL,NSE:TATASTEEL-EQ,52.14,52.57,51.02,51.36,43704190,FYERS_HISTORY,2026-08-08T23:56:50+05:30
2010-08-25,SMD-0225,TATASTEEL,NSE:TATASTEEL-EQ,51.08,51.28,49.28,49.68,91408700,FYERS_HISTORY,2026-08-08T23:56:50+05:30
2010-08-26,SMD-0225,TATASTEEL,NSE:TATASTEEL-EQ,49.98,50.46,49.68,50.17,59429380,FYERS_HISTORY,2026-08-08T23:56:50+05:30
2010-08-27,SMD-0225,TATASTEEL,NSE:TATASTEEL-EQ,50.48,52.18,50.18,51.0,94464300,FYERS_HISTORY,2026-08-08T23:56:50+05:30
2010-08-30,SMD-0225,TATASTEEL,NSE:TATASTEEL-EQ,52.08,52.92,52.0,52.77,76341170,FYERS_HISTORY,2026-08-08T23:56:50+05:30
2010-08-31,SMD-0225,TATASTEEL,NSE:TATASTEEL-EQ,52.39,52.75,51.54,52.25,72561420,FYERS_HISTORY,2026-08-08T23:56:50+05:30
2010-09-01,SMD-0225,TATASTEEL,NSE:TATASTEEL-EQ,52.58,53.88,52.55,53.78,75962550,FYERS_HISTORY,2026-08-08T23:56:50+05:30
2010-09-02,SMD-0225,TATASTEEL,NSE:TATASTEEL-EQ,54.18,54.68,53.99,54.39,59584910,FYERS_HISTORY,2026-08-08T23:56:50+05:30
2010-09-03,SMD-0225,TATASTEEL,NSE:TATASTEEL-EQ,54.48,54.58,53.62,54.08,35708510,FYERS_HISTORY,2026-08-08T23:56:50+05:30
2010-09-06,SMD-0225,TATASTEEL,NSE:TATASTEEL-EQ,54.38,57.75,54.29,57.55,158339350,FYERS_HISTORY,2026-08-08T23:56:50+05:30
2010-09-07,SMD-0225,TATASTEEL,NSE:TATASTEEL-EQ,57.3,58.43,57.01,57.62,87708600,FYERS_HISTORY,2026-08-08T23:56:50+05:30
2010-09-08,SMD-0225,TATASTEEL,NSE:TATASTEEL-EQ,57.18,58.64,56.77,58.04,81529360,FYERS_HISTORY,2026-08-08T23:56:50+05:30
2010-09-09,SMD-0225,TATASTEEL,NSE:TATASTEEL-EQ,58.28,59.65,57.49,59.35,84860500,FYERS_HISTORY,2026-08-08T23:56:50+05:30
2010-09-13,SMD-0225,TATASTEEL,NSE:TATASTEEL-EQ,59.88,60.65,59.52,60.13,74999640,FYERS_HISTORY,2026-08-08T23:56:50+05:30
2010-09-14,SMD-0225,TATASTEEL,NSE:TATASTEEL-EQ,60.42,61.57,59.49,59.67,78237120,FYERS_HISTORY,2026-08-08T23:56:50+05:30
2010-09-15,SMD-0225,TATASTEEL,NSE:TATASTEEL-EQ,59.98,60.96,59.82,60.35,72119190,FYERS_HISTORY,2026-08-08T23:56:50+05:30
2010-09-16,SMD-0225,TATASTEEL,NSE:TATASTEEL-EQ,60.67,61.05,59.19,59.52,70271260,FYERS_HISTORY,2026-08-08T23:56:50+05:30
2010-09-17,SMD-0225,TATASTEEL,NSE:TATASTEEL-EQ,59.72,61.41,59.72,60.46,98346530,FYERS_HISTORY,2026-08-08T23:56:50+05:30
2010-09-20,SMD-0225,TATASTEEL,NSE:TATASTEEL-EQ,60.68,62.17,60.54,61.78,83334940,FYERS_HISTORY,2026-08-08T23:56:50+05:30
2010-09-21,SMD-0225,TATASTEEL,NSE:TATASTEEL-EQ,62.0,62.35,61.03,61.52,68789740,FYERS_HISTORY,2026-08-08T23:56:50+05:30
2010-09-22,SMD-0225,TATASTEEL,NSE:TATASTEEL-EQ,61.88,62.81,61.32,61.87,76433650,FYERS_HISTORY,2026-08-08T23:56:50+05:30
2010-09-23,SMD-0225,TATASTEEL,NSE:TATASTEEL-EQ,62.08,62.43,61.18,62.33,67389630,FYERS_HISTORY,2026-08-08T23:56:50+05:30
2010-09-24,SMD-0225,TATASTEEL,NSE:TATASTEEL-EQ,62.48,63.37,62.38,62.97,58530340,FYERS_HISTORY,2026-08-08T23:56:50+05:30
2010-09-27,SMD-0225,TATASTEEL,NSE:TATASTEEL-EQ,63.53,64.93,63.4,64.57,71788290,FYERS_HISTORY,2026-08-08T23:56:50+05:30
2010-09-28,SMD-0225,TATASTEEL,NSE:TATASTEEL-EQ,64.48,65.57,64.18,65.14,68562400,FYERS_HISTORY,2026-08-08T23:56:50+05:30
2010-09-29,SMD-0225,TATASTEEL,NSE:TATASTEEL-EQ,65.0,66.45,65.0,65.29,71065420,FYERS_HISTORY,2026-08-08T23:56:50+05:30
2010-09-30,SMD-0225,TATASTEEL,NSE:TATASTEEL-EQ,65.28,65.78,64.19,65.16,75772830,FYERS_HISTORY,2026-08-08T23:56:50+05:30
2010-10-01,SMD-0225,TATASTEEL,NSE:TATASTEEL-EQ,65.33,67.4,65.33,66.76,80285240,FYERS_HISTORY,2026-08-08T23:56:50+05:30
2010-10-04,SMD-0225,TATASTEEL,NSE:TATASTEEL-EQ,67.18,68.04,66.61,66.95,53163370,FYERS_HISTORY,2026-08-08T23:56:50+05:30
2010-10-05,SMD-0225,TATASTEEL,NSE:TATASTEEL-EQ,67.18,67.73,66.6,66.81,39883200,FYERS_HISTORY,2026-08-08T23:56:50+05:30
2010-10-06,SMD-0225,TATASTEEL,NSE:TATASTEEL-EQ,67.37,68.48,67.09,67.8,55481720,FYERS_HISTORY,2026-08-08T23:56:50+05:30
2010-10-07,SMD-0225,TATASTEEL,NSE:TATASTEEL-EQ,67.98,68.18,64.69,64.95,77080740,FYERS_HISTORY,2026-08-08T23:56:50+05:30
2010-10-08,SMD-0225,TATASTEEL,NSE:TATASTEEL-EQ,65.47,65.87,61.91,62.64,156526620,FYERS_HISTORY,2026-08-08T23:56:50+05:30
2010-10-11,SMD-0225,TATASTEEL,NSE:TATASTEEL-EQ,64.45,64.45,63.1,63.99,46740840,FYERS_HISTORY,2026-08-08T23:56:50+05:30
2010-10-12,SMD-0225,TATASTEEL,NSE:TATASTEEL-EQ,64.08,64.18,62.48,63.31,46030790,FYERS_HISTORY,2026-08-08T23:56:50+05:30
2010-10-13,SMD-0225,TATASTEEL,NSE:TATASTEEL-EQ,63.64,63.98,63.13,63.76,70682100,FYERS_HISTORY,2026-08-08T23:56:50+05:30
2010-10-14,SMD-0225,TATASTEEL,NSE:TATASTEEL-EQ,64.04,65.92,64.04,65.23,79969440,FYERS_HISTORY,2026-08-08T23:56:50+05:30
2010-10-15,SMD-0225,TATASTEEL,NSE:TATASTEEL-EQ,64.54,65.84,63.09,63.56,45680590,FYERS_HISTORY,2026-08-08T23:56:50+05:30
2010-10-18,SMD-0225,TATASTEEL,NSE:TATASTEEL-EQ,65.27,65.27,62.48,64.58,46613890,FYERS_HISTORY,2026-08-08T23:56:50+05:30
2010-10-19,SMD-0225,TATASTEEL,NSE:TATASTEEL-EQ,64.98,65.23,63.03,63.29,46582670,FYERS_HISTORY,2026-08-08T23:56:50+05:30
2010-10-20,SMD-0225,TATASTEEL,NSE:TATASTEEL-EQ,62.48,62.93,61.39,61.55,70326990,FYERS_HISTORY,2026-08-08T23:56:50+05:30
2010-10-21,SMD-0225,TATASTEEL,NSE:TATASTEEL-EQ,61.88,63.16,61.77,62.82,46530540,FYERS_HISTORY,2026-08-08T23:56:50+05:30
2010-10-22,SMD-0225,TATASTEEL,NSE:TATASTEEL-EQ,63.18,63.28,61.58,61.73,57392100,FYERS_HISTORY,2026-08-08T23:56:50+05:30
2010-10-25,SMD-0225,TATASTEEL,NSE:TATASTEEL-EQ,62.42,63.06,61.89,62.0,55554020,FYERS_HISTORY,2026-08-08T23:56:50+05:30
2010-10-26,SMD-0225,TATASTEEL,NSE:TATASTEEL-EQ,62.14,62.47,60.26,60.55,80801990,FYERS_HISTORY,2026-08-08T23:56:50+05:30
2010-10-27,SMD-0225,TATASTEEL,NSE:TATASTEEL-EQ,60.21,61.67,60.17,61.47,69868480,FYERS_HISTORY,2026-08-08T23:56:50+05:30
2010-10-28,SMD-0225,TATASTEEL,NSE:TATASTEEL-EQ,61.73,61.92,60.09,60.37,78286340,FYERS_HISTORY,2026-08-08T23:56:50+05:30
2010-10-29,SMD-0225,TATASTEEL,NSE:TATASTEEL-EQ,60.49,60.53,58.08,58.92,73426640,FYERS_HISTORY,2026-08-08T23:56:50+05:30
2010-11-01,SMD-0225,TATASTEEL,NSE:TATASTEEL-EQ,60.01,60.28,59.04,59.17,55092800,FYERS_HISTORY,2026-08-08T23:56:50+05:30
2010-11-02,SMD-0225,TATASTEEL,NSE:TATASTEEL-EQ,59.43,60.15,58.78,59.89,60486290,FYERS_HISTORY,2026-08-08T23:56:50+05:30
2010-11-03,SMD-0225,TATASTEEL,NSE:TATASTEEL-EQ,60.3,61.32,60.15,60.94,49906700,FYERS_HISTORY,2026-08-08T23:56:50+05:30
2010-11-04,SMD-0225,TATASTEEL,NSE:TATASTEEL-EQ,61.73,62.24,61.49,62.13,42219570,FYERS_HISTORY,2026-08-08T23:56:50+05:30
2010-11-05,SMD-0225,TATASTEEL,NSE:TATASTEEL-EQ,62.71,62.88,62.1,62.33,10784530,FYERS_HISTORY,2026-08-08T23:56:50+05:30
2010-11-08,SMD-0225,TATASTEEL,NSE:TATASTEEL-EQ,62.58,63.84,62.06,63.3,57014040,FYERS_HISTORY,2026-08-08T23:56:50+05:30
2010-11-09,SMD-0225,TATASTEEL,NSE:TATASTEEL-EQ,63.52,64.46,63.27,64.11,55747690,FYERS_HISTORY,2026-08-08T23:56:50+05:30
2010-11-10,SMD-0225,TATASTEEL,NSE:TATASTEEL-EQ,64.17,64.73,63.58,63.72,34092600,FYERS_HISTORY,2026-08-08T23:56:50+05:30
2010-11-11,SMD-0225,TATASTEEL,NSE:TATASTEEL-EQ,63.84,64.82,62.71,63.08,48943230,FYERS_HISTORY,2026-08-08T23:56:50+05:30
2010-11-12,SMD-0225,TATASTEEL,NSE:TATASTEEL-EQ,62.84,63.06,60.33,60.68,68877910,FYERS_HISTORY,2026-08-08T23:56:50+05:30
2010-11-15,SMD-0225,TATASTEEL,NSE:TATASTEEL-EQ,62.17,62.37,60.79,61.81,70844860,FYERS_HISTORY,2026-08-08T23:56:50+05:30
2010-11-16,SMD-0225,TATASTEEL,NSE:TATASTEEL-EQ,62.07,62.37,59.42,60.58,88899910,FYERS_HISTORY,2026-08-08T23:56:50+05:30
2010-11-18,SMD-0225,TATASTEEL,NSE:TATASTEEL-EQ,60.93,62.63,59.64,62.32,74255370,FYERS_HISTORY,2026-08-08T23:56:50+05:30
2010-11-19,SMD-0225,TATASTEEL,NSE:TATASTEEL-EQ,62.37,62.41,60.11,60.59,59839290,FYERS_HISTORY,2026-08-08T23:56:50+05:30
2010-11-22,SMD-0225,TATASTEEL,NSE:TATASTEEL-EQ,61.04,62.68,60.85,62.46,49051750,FYERS_HISTORY,2026-08-08T23:56:50+05:30
2010-11-23,SMD-0225,TATASTEEL,NSE:TATASTEEL-EQ,61.58,62.26,60.27,61.2,58824250,FYERS_HISTORY,2026-08-08T23:56:50+05:30
2010-11-24,SMD-0225,TATASTEEL,NSE:TATASTEEL-EQ,61.33,62.54,61.23,61.64,63666870,FYERS_HISTORY,2026-08-08T23:56:50+05:30
2010-11-25,SMD-0225,TATASTEEL,NSE:TATASTEEL-EQ,62.02,62.34,59.99,60.25,58842870,FYERS_HISTORY,2026-08-08T23:56:50+05:30
2010-11-26,SMD-0225,TATASTEEL,NSE:TATASTEEL-EQ,60.62,60.8,58.15,59.86,85489300,FYERS_HISTORY,2026-08-08T23:56:50+05:30
2010-11-29,SMD-0225,TATASTEEL,NSE:TATASTEEL-EQ,60.0,60.48,58.56,59.17,57237280,FYERS_HISTORY,2026-08-08T23:56:50+05:30
2010-11-30,SMD-0225,TATASTEEL,NSE:TATASTEEL-EQ,58.88,58.88,57.39,58.46,78266420,FYERS_HISTORY,2026-08-08T23:56:50+05:30
2010-12-01,SMD-0225,TATASTEEL,NSE:TATASTEEL-EQ,58.77,61.46,58.68,61.34,62254850,FYERS_HISTORY,2026-08-08T23:56:50+05:30
2010-12-02,SMD-0225,TATASTEEL,NSE:TATASTEEL-EQ,62.17,63.01,61.64,62.25,55393670,FYERS_HISTORY,2026-08-08T23:56:50+05:30
2010-12-03,SMD-0225,TATASTEEL,NSE:TATASTEEL-EQ,62.33,62.46,60.62,61.44,44921900,FYERS_HISTORY,2026-08-08T23:56:50+05:30
2010-12-06,SMD-0225,TATASTEEL,NSE:TATASTEEL-EQ,62.17,63.97,61.98,63.48,83557340,FYERS_HISTORY,2026-08-08T23:56:50+05:30
2010-12-07,SMD-0225,TATASTEEL,NSE:TATASTEEL-EQ,63.92,64.41,63.29,63.91,68903760,FYERS_HISTORY,2026-08-08T23:56:50+05:30
2010-12-08,SMD-0225,TATASTEEL,NSE:TATASTEEL-EQ,63.52,63.61,62.1,62.4,48412090,FYERS_HISTORY,2026-08-08T23:56:50+05:30
2010-12-09,SMD-0225,TATASTEEL,NSE:TATASTEEL-EQ,62.83,62.98,59.99,60.44,59070190,FYERS_HISTORY,2026-08-08T23:56:50+05:30
2010-12-10,SMD-0225,TATASTEEL,NSE:TATASTEEL-EQ,60.26,62.08,59.43,61.88,50787890,FYERS_HISTORY,2026-08-08T23:56:50+05:30
2010-12-13,SMD-0225,TATASTEEL,NSE:TATASTEEL-EQ,61.98,63.38,61.66,63.08,52067280,FYERS_HISTORY,2026-08-08T23:56:50+05:30
2010-12-14,SMD-0225,TATASTEEL,NSE:TATASTEEL-EQ,63.28,64.88,63.18,64.64,56960670,FYERS_HISTORY,2026-08-08T23:56:50+05:30
2010-12-15,SMD-0225,TATASTEEL,NSE:TATASTEEL-EQ,64.46,65.24,63.65,64.25,58664700,FYERS_HISTORY,2026-08-08T23:56:50+05:30
2010-12-16,SMD-0225,TATASTEEL,NSE:TATASTEEL-EQ,64.48,66.24,64.16,66.02,90014660,FYERS_HISTORY,2026-08-08T23:56:50+05:30
2010-12-20,SMD-0225,TATASTEEL,NSE:TATASTEEL-EQ,65.39,67.16,65.31,66.62,64816610,FYERS_HISTORY,2026-08-08T23:56:50+05:30
2010-12-21,SMD-0225,TATASTEEL,NSE:TATASTEEL-EQ,66.69,67.85,66.61,67.6,43283880,FYERS_HISTORY,2026-08-08T23:56:50+05:30
2010-12-22,SMD-0225,TATASTEEL,NSE:TATASTEEL-EQ,67.71,68.25,66.66,67.27,62613630,FYERS_HISTORY,2026-08-08T23:56:50+05:30
2010-12-23,SMD-0225,TATASTEEL,NSE:TATASTEEL-EQ,67.48,67.76,65.9,66.11,51247560,FYERS_HISTORY,2026-08-08T23:56:50+05:30
2010-12-24,SMD-0225,TATASTEEL,NSE:TATASTEEL-EQ,65.96,67.55,65.48,67.26,39633760,FYERS_HISTORY,2026-08-08T23:56:50+05:30
2010-12-27,SMD-0225,TATASTEEL,NSE:TATASTEEL-EQ,67.19,67.78,66.13,66.23,27950060,FYERS_HISTORY,2026-08-08T23:56:50+05:30
2010-12-28,SMD-0225,TATASTEEL,NSE:TATASTEEL-EQ,66.48,66.95,66.25,66.48,21414010,FYERS_HISTORY,2026-08-08T23:56:50+05:30
2010-12-29,SMD-0225,TATASTEEL,NSE:TATASTEEL-EQ,66.7,67.18,66.58,66.78,21841870,FYERS_HISTORY,2026-08-08T23:56:50+05:30
2010-12-30,SMD-0225,TATASTEEL,NSE:TATASTEEL-EQ,67.04,67.64,66.98,67.25,35457100,FYERS_HISTORY,2026-08-08T23:56:50+05:30
2010-12-31,SMD-0225,TATASTEEL,NSE:TATASTEEL-EQ,67.5,68.41,67.18,68.02,39853550,FYERS_HISTORY,2026-08-08T23:56:50+05:30
2011-01-03,SMD-0225,TATASTEEL,NSE:TATASTEEL-EQ,68.5,70.73,68.49,70.38,66520270,FYERS_HISTORY,2026-08-08T23:56:50+05:30
2011-01-04,SMD-0225,TATASTEEL,NSE:TATASTEEL-EQ,70.84,71.37,69.3,69.45,79392890,FYERS_HISTORY,2026-08-08T23:56:50+05:30
2011-01-05,SMD-0225,TATASTEEL,NSE:TATASTEEL-EQ,69.63,69.64,67.7,68.07,49257170,FYERS_HISTORY,2026-08-08T23:56:50+05:30
2011-01-06,SMD-0225,TATASTEEL,NSE:TATASTEEL-EQ,68.75,69.06,68.13,68.31,37955900,FYERS_HISTORY,2026-08-08T23:56:50+05:30
2011-01-07,SMD-0225,TATASTEEL,NSE:TATASTEEL-EQ,68.43,68.77,65.59,66.1,58312470,FYERS_HISTORY,2026-08-08T23:56:50+05:30
2011-01-10,SMD-0225,TATASTEEL,NSE:TATASTEEL-EQ,65.98,66.55,64.48,65.05,62463620,FYERS_HISTORY,2026-08-08T23:56:50+05:30
2011-01-11,SMD-0225,TATASTEEL,NSE:TATASTEEL-EQ,64.88,66.02,64.05,64.63,58796430,FYERS_HISTORY,2026-08-08T23:56:50+05:30
2011-01-12,SMD-0225,TATASTEEL,NSE:TATASTEEL-EQ,64.79,65.84,62.6,64.87,85373500,FYERS_HISTORY,2026-08-08T23:56:50+05:30
2011-01-13,SMD-0225,TATASTEEL,NSE:TATASTEEL-EQ,65.16,65.58,63.48,63.73,68118550,FYERS_HISTORY,2026-08-08T23:56:50+05:30
2011-01-14,SMD-0225,TATASTEEL,NSE:TATASTEEL-EQ,63.48,63.64,61.73,62.22,67718880,FYERS_HISTORY,2026-08-08T23:56:50+05:30
2011-01-17,SMD-0225,TATASTEEL,NSE:TATASTEEL-EQ,61.7,62.78,61.3,62.54,50849050,FYERS_HISTORY,2026-08-08T23:56:50+05:30
2011-01-18,SMD-0225,TATASTEEL,NSE:TATASTEEL-EQ,62.68,63.86,62.68,63.24,58576240,FYERS_HISTORY,2026-08-08T23:56:50+05:30
2011-01-19,SMD-0225,TATASTEEL,NSE:TATASTEEL-EQ,63.37,64.43,63.28,63.94,57645010,FYERS_HISTORY,2026-08-08T23:56:50+05:30
2011-01-20,SMD-0225,TATASTEEL,NSE:TATASTEEL-EQ,63.37,64.3,63.04,63.4,63682760,FYERS_HISTORY,2026-08-08T23:56:50+05:30
2011-01-21,SMD-0225,TATASTEEL,NSE:TATASTEEL-EQ,63.0,63.48,62.68,62.93,36982480,FYERS_HISTORY,2026-08-08T23:56:50+05:30
2011-01-24,SMD-0225,TATASTEEL,NSE:TATASTEEL-EQ,62.87,65.21,62.48,64.9,62377320,FYERS_HISTORY,2026-08-08T23:56:50+05:30
2011-01-25,SMD-0225,TATASTEEL,NSE:TATASTEEL-EQ,65.02,66.43,65.01,65.51,59552070,FYERS_HISTORY,2026-08-08T23:56:50+05:30
2011-01-27,SMD-0225,TATASTEEL,NSE:TATASTEEL-EQ,65.7,66.02,64.71,64.99,52755300,FYERS_HISTORY,2026-08-08T23:56:50+05:30
2011-01-28,SMD-0225,TATASTEEL,NSE:TATASTEEL-EQ,64.68,65.43,63.0,63.72,46756280,FYERS_HISTORY,2026-08-08T23:56:50+05:30
2011-01-31,SMD-0225,TATASTEEL,NSE:TATASTEEL-EQ,62.08,64.17,61.78,63.95,68451490,FYERS_HISTORY,2026-08-08T23:56:50+05:30
2011-02-01,SMD-0225,TATASTEEL,NSE:TATASTEEL-EQ,63.72,64.26,62.69,63.15,63797220,FYERS_HISTORY,2026-08-08T23:56:50+05:30
2011-02-02,SMD-0225,TATASTEEL,NSE:TATASTEEL-EQ,63.09,63.47,61.56,62.6,153954640,FYERS_HISTORY,2026-08-08T23:56:50+05:30
2011-02-03,SMD-0225,TATASTEEL,NSE:TATASTEEL-EQ,62.55,64.07,62.55,63.79,54450500,FYERS_HISTORY,2026-08-08T23:56:50+05:30
2011-02-04,SMD-0225,TATASTEEL,NSE:TATASTEEL-EQ,63.75,65.18,63.18,63.57,70068680,FYERS_HISTORY,2026-08-08T23:56:50+05:30
2011-02-07,SMD-0225,TATASTEEL,NSE:TATASTEEL-EQ,63.95,64.53,63.39,64.02,52135130,FYERS_HISTORY,2026-08-08T23:56:50+05:30
2011-02-08,SMD-0225,TATASTEEL,NSE:TATASTEEL-EQ,64.49,64.49,61.61,61.95,62943600,FYERS_HISTORY,2026-08-08T23:56:50+05:30
2011-02-09,SMD-0225,TATASTEEL,NSE:TATASTEEL-EQ,61.87,62.05,59.5,59.9,82602290,FYERS_HISTORY,2026-08-08T23:56:50+05:30
2011-02-10,SMD-0225,TATASTEEL,NSE:TATASTEEL-EQ,59.88,60.43,58.1,60.04,85950640,FYERS_HISTORY,2026-08-08T23:56:50+05:30
2011-02-11,SMD-0225,TATASTEEL,NSE:TATASTEEL-EQ,60.18,60.27,57.49,59.51,88453640,FYERS_HISTORY,2026-08-08T23:56:50+05:30
2011-02-14,SMD-0225,TATASTEEL,NSE:TATASTEEL-EQ,60.71,62.28,59.93,62.0,53304610,FYERS_HISTORY,2026-08-08T23:56:50+05:30
2011-02-15,SMD-0225,TATASTEEL,NSE:TATASTEEL-EQ,62.38,62.68,61.18,61.64,58789910,FYERS_HISTORY,2026-08-08T23:56:50+05:30
2011-02-16,SMD-0225,TATASTEEL,NSE:TATASTEEL-EQ,60.98,64.43,60.56,64.12,101870300,FYERS_HISTORY,2026-08-08T23:56:50+05:30
2011-02-17,SMD-0225,TATASTEEL,NSE:TATASTEEL-EQ,64.38,65.68,64.13,65.49,61926640,FYERS_HISTORY,2026-08-08T23:56:50+05:30
2011-02-18,SMD-0225,TATASTEEL,NSE:TATASTEEL-EQ,65.64,66.12,63.39,63.81,57273730,FYERS_HISTORY,2026-08-08T23:56:50+05:30
2011-02-21,SMD-0225,TATASTEEL,NSE:TATASTEEL-EQ,64.12,64.12,62.21,63.72,52376840,FYERS_HISTORY,2026-08-08T23:56:50+05:30
2011-02-22,SMD-0225,TATASTEEL,NSE:TATASTEEL-EQ,63.07,63.08,62.01,62.41,50199830,FYERS_HISTORY,2026-08-08T23:56:50+05:30
2011-02-23,SMD-0225,TATASTEEL,NSE:TATASTEEL-EQ,62.27,73.68,61.43,62.68,44032980,FYERS_HISTORY,2026-08-08T23:56:50+05:30
2011-02-24,SMD-0225,TATASTEEL,NSE:TATASTEEL-EQ,62.38,62.57,59.49,60.25,76242770,FYERS_HISTORY,2026-08-08T23:56:50+05:30
2011-02-25,SMD-0225,TATASTEEL,NSE:TATASTEEL-EQ,60.79,61.12,59.1,60.67,77436920,FYERS_HISTORY,2026-08-08T23:56:50+05:30
2011-02-28,SMD-0225,TATASTEEL,NSE:TATASTEEL-EQ,61.38,61.64,59.91,60.7,64525380,FYERS_HISTORY,2026-08-08T23:56:50+05:30
2011-03-01,SMD-0225,TATASTEEL,NSE:TATASTEEL-EQ,61.1,63.56,60.9,63.42,54613160,FYERS_HISTORY,2026-08-08T23:56:50+05:30
2011-03-03,SMD-0225,TATASTEEL,NSE:TATASTEEL-EQ,62.98,63.22,61.79,62.42,52091020,FYERS_HISTORY,2026-08-08T23:56:50+05:30
2011-03-04,SMD-0225,TATASTEEL,NSE:TATASTEEL-EQ,63.0,63.29,61.6,61.8,40230780,FYERS_HISTORY,2026-08-08T23:56:50+05:30
2011-03-07,SMD-0225,TATASTEEL,NSE:TATASTEEL-EQ,61.33,61.35,59.49,60.26,44829170,FYERS_HISTORY,2026-08-08T23:56:50+05:30
2011-03-08,SMD-0225,TATASTEEL,NSE:TATASTEEL-EQ,60.68,61.84,60.29,61.58,42699680,FYERS_HISTORY,2026-08-08T23:56:50+05:30
2011-03-09,SMD-0225,TATASTEEL,NSE:TATASTEEL-EQ,61.78,62.03,60.68,61.28,34925990,FYERS_HISTORY,2026-08-08T23:56:50+05:30
2011-03-10,SMD-0225,TATASTEEL,NSE:TATASTEEL-EQ,61.08,61.08,59.5,59.64,62237360,FYERS_HISTORY,2026-08-08T23:56:50+05:30
2011-03-11,SMD-0225,TATASTEEL,NSE:TATASTEEL-EQ,59.43,59.43,57.7,58.11,73027230,FYERS_HISTORY,2026-08-08T23:56:50+05:30
2011-03-14,SMD-0225,TATASTEEL,NSE:TATASTEEL-EQ,58.19,60.26,58.19,60.09,53201750,FYERS_HISTORY,2026-08-08T23:56:50+05:30
2011-03-15,SMD-0225,TATASTEEL,NSE:TATASTEEL-EQ,58.48,59.97,57.48,59.31,76673440,FYERS_HISTORY,2026-08-08T23:56:50+05:30
2011-03-16,SMD-0225,TATASTEEL,NSE:TATASTEEL-EQ,59.63,60.73,59.63,59.94,52754220,FYERS_HISTORY,2026-08-08T23:56:50+05:30
2011-03-17,SMD-0225,TATASTEEL,NSE:TATASTEEL-EQ,59.04,59.95,58.98,59.25,37532850,FYERS_HISTORY,2026-08-08T23:56:50+05:30
2011-03-18,SMD-0225,TATASTEEL,NSE:TATASTEEL-EQ,59.89,60.33,59.29,59.7,42352210,FYERS_HISTORY,2026-08-08T23:56:50+05:30
2011-03-21,SMD-0225,TATASTEEL,NSE:TATASTEEL-EQ,60.08,60.58,59.64,60.13,35168260,FYERS_HISTORY,2026-08-08T23:56:50+05:30
2011-03-22,SMD-0225,TATASTEEL,NSE:TATASTEEL-EQ,60.48,61.03,60.3,60.46,29652420,FYERS_HISTORY,2026-08-08T23:56:50+05:30
2011-03-23,SMD-0225,TATASTEEL,NSE:TATASTEEL-EQ,60.47,61.16,60.37,61.02,27661220,FYERS_HISTORY,2026-08-08T23:56:50+05:30
2011-03-24,SMD-0225,TATASTEEL,NSE:TATASTEEL-EQ,61.48,61.62,60.55,60.96,33895310,FYERS_HISTORY,2026-08-08T23:56:50+05:30
2011-03-25,SMD-0225,TATASTEEL,NSE:TATASTEEL-EQ,61.67,61.67,60.81,61.53,39601390,FYERS_HISTORY,2026-08-08T23:56:50+05:30
2011-03-28,SMD-0225,TATASTEEL,NSE:TATASTEEL-EQ,61.45,61.99,60.99,61.32,28649100,FYERS_HISTORY,2026-08-08T23:56:50+05:30
2011-03-29,SMD-0225,TATASTEEL,NSE:TATASTEEL-EQ,61.23,61.82,60.82,61.27,48164400,FYERS_HISTORY,2026-08-08T23:56:50+05:30
2011-03-30,SMD-0225,TATASTEEL,NSE:TATASTEEL-EQ,61.58,62.27,61.45,61.56,33254390,FYERS_HISTORY,2026-08-08T23:56:50+05:30
2011-03-31,SMD-0225,TATASTEEL,NSE:TATASTEEL-EQ,61.7,62.66,61.38,62.2,48762810,FYERS_HISTORY,2026-08-08T23:56:50+05:30
2011-04-01,SMD-0225,TATASTEEL,NSE:TATASTEEL-EQ,62.28,62.97,62.0,62.64,25062610,FYERS_HISTORY,2026-08-08T23:56:50+05:30
2011-04-04,SMD-0225,TATASTEEL,NSE:TATASTEEL-EQ,62.69,63.4,62.55,63.09,22204580,FYERS_HISTORY,2026-08-08T23:56:50+05:30
2011-04-05,SMD-0225,TATASTEEL,NSE:TATASTEEL-EQ,63.34,63.77,62.3,63.5,31413550,FYERS_HISTORY,2026-08-08T23:56:50+05:30
2011-04-06,SMD-0225,TATASTEEL,NSE:TATASTEEL-EQ,63.58,64.03,63.09,63.42,25253730,FYERS_HISTORY,2026-08-08T23:56:50+05:30
2011-04-07,SMD-0225,TATASTEEL,NSE:TATASTEEL-EQ,63.58,64.18,63.38,63.81,25006230,FYERS_HISTORY,2026-08-08T23:56:50+05:30
2011-04-08,SMD-0225,TATASTEEL,NSE:TATASTEEL-EQ,63.83,64.17,62.55,62.96,22431120,FYERS_HISTORY,2026-08-08T23:56:50+05:30
2011-04-11,SMD-0225,TATASTEEL,NSE:TATASTEEL-EQ,62.88,63.47,62.29,62.47,19546220,FYERS_HISTORY,2026-08-08T23:56:50+05:30
2011-04-13,SMD-0225,TATASTEEL,NSE:TATASTEEL-EQ,62.13,63.98,61.92,63.62,20951570,FYERS_HISTORY,2026-08-08T23:56:50+05:30
2011-04-15,SMD-0225,TATASTEEL,NSE:TATASTEEL-EQ,63.42,63.78,62.8,63.04,24892920,FYERS_HISTORY,2026-08-08T23:56:50+05:30
2011-04-18,SMD-0225,TATASTEEL,NSE:TATASTEEL-EQ,63.17,63.61,60.93,61.19,33634040,FYERS_HISTORY,2026-08-08T23:56:50+05:30
2011-04-19,SMD-0225,TATASTEEL,NSE:TATASTEEL-EQ,60.78,61.68,60.49,60.92,31796880,FYERS_HISTORY,2026-08-08T23:56:50+05:30
2011-04-20,SMD-0225,TATASTEEL,NSE:TATASTEEL-EQ,61.58,62.63,61.56,62.43,26736530,FYERS_HISTORY,2026-08-08T23:56:50+05:30
2011-04-21,SMD-0225,TATASTEEL,NSE:TATASTEEL-EQ,62.8,63.28,62.63,62.98,21837550,FYERS_HISTORY,2026-08-08T23:56:50+05:30
2011-04-25,SMD-0225,TATASTEEL,NSE:TATASTEEL-EQ,62.95,63.45,62.51,62.65,22074950,FYERS_HISTORY,2026-08-08T23:56:50+05:30
2011-04-26,SMD-0225,TATASTEEL,NSE:TATASTEEL-EQ,62.78,62.87,61.54,62.72,26606590,FYERS_HISTORY,2026-08-08T23:56:50+05:30
2011-04-27,SMD-0225,TATASTEEL,NSE:TATASTEEL-EQ,62.98,63.27,61.88,61.98,21971570,FYERS_HISTORY,2026-08-08T23:56:50+05:30
2011-04-28,SMD-0225,TATASTEEL,NSE:TATASTEEL-EQ,62.29,62.41,61.18,61.33,29108210,FYERS_HISTORY,2026-08-08T23:56:50+05:30
2011-04-29,SMD-0225,TATASTEEL,NSE:TATASTEEL-EQ,61.39,61.92,61.03,61.63,18811330,FYERS_HISTORY,2026-08-08T23:56:50+05:30
2011-05-02,SMD-0225,TATASTEEL,NSE:TATASTEEL-EQ,61.58,61.88,60.69,61.45,20620890,FYERS_HISTORY,2026-08-08T23:56:50+05:30
2011-05-03,SMD-0225,TATASTEEL,NSE:TATASTEEL-EQ,61.24,61.46,59.98,60.31,24068090,FYERS_HISTORY,2026-08-08T23:56:50+05:30
2011-05-04,SMD-0225,TATASTEEL,NSE:TATASTEEL-EQ,60.1,60.38,58.8,58.96,38377760,FYERS_HISTORY,2026-08-08T23:56:50+05:30
2011-05-05,SMD-0225,TATASTEEL,NSE:TATASTEEL-EQ,58.98,59.42,58.08,58.29,24135950,FYERS_HISTORY,2026-08-08T23:56:50+05:30
2011-05-06,SMD-0225,TATASTEEL,NSE:TATASTEEL-EQ,58.45,59.63,58.28,59.43,24715020,FYERS_HISTORY,2026-08-08T23:56:50+05:30
2011-05-09,SMD-0225,TATASTEEL,NSE:TATASTEEL-EQ,59.78,60.06,58.99,59.49,19427670,FYERS_HISTORY,2026-08-08T23:56:50+05:30
2011-05-10,SMD-0225,TATASTEEL,NSE:TATASTEEL-EQ,59.38,59.65,58.28,58.82,27844440,FYERS_HISTORY,2026-08-08T23:56:50+05:30
2011-05-11,SMD-0225,TATASTEEL,NSE:TATASTEEL-EQ,58.98,59.72,58.83,59.4,20080820,FYERS_HISTORY,2026-08-08T23:56:50+05:30
2011-05-12,SMD-0225,TATASTEEL,NSE:TATASTEEL-EQ,59.18,59.28,58.29,58.45,24976460,FYERS_HISTORY,2026-08-08T23:56:50+05:30
2011-05-13,SMD-0225,TATASTEEL,NSE:TATASTEEL-EQ,58.59,60.18,58.46,59.38,25088560,FYERS_HISTORY,2026-08-08T23:56:50+05:30
2011-05-16,SMD-0225,TATASTEEL,NSE:TATASTEEL-EQ,59.28,59.28,57.62,57.76,27473680,FYERS_HISTORY,2026-08-08T23:56:50+05:30
2011-05-17,SMD-0225,TATASTEEL,NSE:TATASTEEL-EQ,58.0,58.48,56.65,57.38,33227140,FYERS_HISTORY,2026-08-08T23:56:50+05:30
2011-05-18,SMD-0225,TATASTEEL,NSE:TATASTEEL-EQ,57.58,57.87,56.61,57.15,25299980,FYERS_HISTORY,2026-08-08T23:56:50+05:30
2011-05-19,SMD-0225,TATASTEEL,NSE:TATASTEEL-EQ,56.89,57.47,56.05,56.26,29792110,FYERS_HISTORY,2026-08-08T23:56:50+05:30
2011-05-20,SMD-0225,TATASTEEL,NSE:TATASTEEL-EQ,56.45,58.35,56.28,57.94,31831330,FYERS_HISTORY,2026-08-08T23:56:50+05:30
2011-05-23,SMD-0225,TATASTEEL,NSE:TATASTEEL-EQ,57.44,57.44,55.74,55.92,23380150,FYERS_HISTORY,2026-08-08T23:56:50+05:30
2011-05-24,SMD-0225,TATASTEEL,NSE:TATASTEEL-EQ,55.71,56.87,55.34,56.63,48826400,FYERS_HISTORY,2026-08-08T23:56:50+05:30
2011-05-25,SMD-0225,TATASTEEL,NSE:TATASTEEL-EQ,56.75,57.01,55.81,56.1,44148340,FYERS_HISTORY,2026-08-08T23:56:50+05:30
2011-05-26,SMD-0225,TATASTEEL,NSE:TATASTEEL-EQ,57.48,57.97,56.58,57.4,62064360,FYERS_HISTORY,2026-08-08T23:56:50+05:30
2011-05-27,SMD-0225,TATASTEEL,NSE:TATASTEEL-EQ,57.78,58.82,56.55,58.5,48522490,FYERS_HISTORY,2026-08-08T23:56:50+05:30
2011-05-30,SMD-0225,TATASTEEL,NSE:TATASTEEL-EQ,58.67,58.67,57.69,57.91,23954350,FYERS_HISTORY,2026-08-08T23:56:50+05:30
2011-05-31,SMD-0225,TATASTEEL,NSE:TATASTEEL-EQ,58.53,58.98,57.91,58.88,26640390,FYERS_HISTORY,2026-08-08T23:56:50+05:30
2011-06-01,SMD-0225,TATASTEEL,NSE:TATASTEEL-EQ,59.18,59.73,57.99,58.21,46609980,FYERS_HISTORY,2026-08-08T23:56:50+05:30
2011-06-02,SMD-0225,TATASTEEL,NSE:TATASTEEL-EQ,57.68,57.68,57.13,57.47,21335290,FYERS_HISTORY,2026-08-08T23:56:50+05:30
2011-06-03,SMD-0225,TATASTEEL,NSE:TATASTEEL-EQ,57.71,58.31,57.08,57.31,24291340,FYERS_HISTORY,2026-08-08T23:56:50+05:30
2011-06-06,SMD-0225,TATASTEEL,NSE:TATASTEEL-EQ,57.28,57.28,56.41,56.77,27554470,FYERS_HISTORY,2026-08-08T23:56:50+05:30
2011-06-07,SMD-0225,TATASTEEL,NSE:TATASTEEL-EQ,56.68,57.98,56.58,57.78,20978960,FYERS_HISTORY,2026-08-08T23:56:50+05:30
2011-06-08,SMD-0225,TATASTEEL,NSE:TATASTEEL-EQ,57.49,58.11,57.43,57.75,25000870,FYERS_HISTORY,2026-08-08T23:56:50+05:30
2011-06-09,SMD-0225,TATASTEEL,NSE:TATASTEEL-EQ,57.68,58.15,57.42,57.69,23448760,FYERS_HISTORY,2026-08-08T23:56:50+05:30
2011-06-10,SMD-0225,TATASTEEL,NSE:TATASTEEL-EQ,57.73,57.86,56.6,56.93,35105270,FYERS_HISTORY,2026-08-08T23:56:50+05:30
2011-06-13,SMD-0225,TATASTEEL,NSE:TATASTEEL-EQ,56.78,56.78,56.04,56.28,48255900,FYERS_HISTORY,2026-08-08T23:56:50+05:30
2011-06-14,SMD-0225,TATASTEEL,NSE:TATASTEEL-EQ,56.58,56.68,55.83,56.08,32376810,FYERS_HISTORY,2026-08-08T23:56:50+05:30
2011-06-15,SMD-0225,TATASTEEL,NSE:TATASTEEL-EQ,56.18,56.62,56.01,56.12,28750290,FYERS_HISTORY,2026-08-08T23:56:50+05:30
2011-06-16,SMD-0225,TATASTEEL,NSE:TATASTEEL-EQ,55.85,56.19,55.12,55.31,40463960,FYERS_HISTORY,2026-08-08T23:56:50+05:30
2011-06-17,SMD-0225,TATASTEEL,NSE:TATASTEEL-EQ,56.38,57.51,56.28,57.29,42726460,FYERS_HISTORY,2026-08-08T23:56:50+05:30
2011-06-20,SMD-0225,TATASTEEL,NSE:TATASTEEL-EQ,57.44,57.48,54.83,56.1,34311990,FYERS_HISTORY,2026-08-08T23:56:50+05:30
2011-06-21,SMD-0225,TATASTEEL,NSE:TATASTEEL-EQ,56.57,56.83,55.66,55.8,26867890,FYERS_HISTORY,2026-08-08T23:56:50+05:30
2011-06-22,SMD-0225,TATASTEEL,NSE:TATASTEEL-EQ,56.11,56.48,55.61,55.79,23743340,FYERS_HISTORY,2026-08-08T23:56:50+05:30
2011-06-23,SMD-0225,TATASTEEL,NSE:TATASTEEL-EQ,55.95,56.17,55.31,55.64,20461850,FYERS_HISTORY,2026-08-08T23:56:50+05:30
2011-06-24,SMD-0225,TATASTEEL,NSE:TATASTEEL-EQ,56.07,58.01,55.91,57.88,30390040,FYERS_HISTORY,2026-08-08T23:56:50+05:30
2011-06-27,SMD-0225,TATASTEEL,NSE:TATASTEEL-EQ,57.62,59.33,57.46,58.92,40776020,FYERS_HISTORY,2026-08-08T23:56:50+05:30
2011-06-28,SMD-0225,TATASTEEL,NSE:TATASTEEL-EQ,59.08,59.23,58.28,58.71,23200710,FYERS_HISTORY,2026-08-08T23:56:50+05:30
2011-06-29,SMD-0225,TATASTEEL,NSE:TATASTEEL-EQ,58.95,60.26,58.88,60.14,28341400,FYERS_HISTORY,2026-08-08T23:56:50+05:30
2011-06-30,SMD-0225,TATASTEEL,NSE:TATASTEEL-EQ,60.48,61.23,60.28,61.01,36999410,FYERS_HISTORY,2026-08-08T23:56:50+05:30
2011-07-01,SMD-0225,TATASTEEL,NSE:TATASTEEL-EQ,61.65,61.65,59.55,60.21,24868980,FYERS_HISTORY,2026-08-08T23:56:50+05:30
2011-07-04,SMD-0225,TATASTEEL,NSE:TATASTEEL-EQ,59.76,59.86,58.99,59.73,18726660,FYERS_HISTORY,2026-08-08T23:56:50+05:30
2011-07-05,SMD-0225,TATASTEEL,NSE:TATASTEEL-EQ,59.97,60.67,59.4,59.72,29628450,FYERS_HISTORY,2026-08-08T23:56:50+05:30
2011-07-06,SMD-0225,TATASTEEL,NSE:TATASTEEL-EQ,59.73,60.27,59.37,59.77,20818440,FYERS_HISTORY,2026-08-08T23:56:50+05:30
2011-07-07,SMD-0225,TATASTEEL,NSE:TATASTEEL-EQ,59.88,60.78,59.83,60.65,29184750,FYERS_HISTORY,2026-08-08T23:56:50+05:30
2011-07-08,SMD-0225,TATASTEEL,NSE:TATASTEEL-EQ,60.58,60.58,59.19,59.47,40494730,FYERS_HISTORY,2026-08-08T23:56:50+05:30
2011-07-11,SMD-0225,TATASTEEL,NSE:TATASTEEL-EQ,59.53,59.57,58.59,58.76,18153450,FYERS_HISTORY,2026-08-08T23:56:50+05:30
2011-07-12,SMD-0225,TATASTEEL,NSE:TATASTEEL-EQ,58.05,58.48,56.98,57.18,44305150,FYERS_HISTORY,2026-08-08T23:56:50+05:30
2011-07-13,SMD-0225,TATASTEEL,NSE:TATASTEEL-EQ,57.68,57.92,57.0,57.48,40306090,FYERS_HISTORY,2026-08-08T23:56:50+05:30
2011-07-14,SMD-0225,TATASTEEL,NSE:TATASTEEL-EQ,57.36,58.34,57.08,57.64,25286380,FYERS_HISTORY,2026-08-08T23:56:50+05:30
2011-07-15,SMD-0225,TATASTEEL,NSE:TATASTEEL-EQ,57.78,58.11,56.89,57.28,21596520,FYERS_HISTORY,2026-08-08T23:56:50+05:30
2011-07-18,SMD-0225,TATASTEEL,NSE:TATASTEEL-EQ,57.34,57.68,57.01,57.14,19026060,FYERS_HISTORY,2026-08-08T23:56:50+05:30
2011-07-19,SMD-0225,TATASTEEL,NSE:TATASTEEL-EQ,57.18,57.81,56.86,57.62,25563020,FYERS_HISTORY,2026-08-08T23:56:50+05:30
2011-07-20,SMD-0225,TATASTEEL,NSE:TATASTEEL-EQ,57.88,58.15,57.39,57.53,24210830,FYERS_HISTORY,2026-08-08T23:56:50+05:30
2011-07-21,SMD-0225,TATASTEEL,NSE:TATASTEEL-EQ,57.53,57.81,57.16,57.32,11939930,FYERS_HISTORY,2026-08-08T23:56:50+05:30
2011-07-22,SMD-0225,TATASTEEL,NSE:TATASTEEL-EQ,57.98,58.62,57.55,58.41,23089360,FYERS_HISTORY,2026-08-08T23:56:50+05:30
2011-07-25,SMD-0225,TATASTEEL,NSE:TATASTEEL-EQ,57.98,59.48,57.88,59.11,25542780,FYERS_HISTORY,2026-08-08T23:56:50+05:30
2011-07-26,SMD-0225,TATASTEEL,NSE:TATASTEEL-EQ,59.25,59.55,58.04,58.32,21524650,FYERS_HISTORY,2026-08-08T23:56:50+05:30
2011-07-27,SMD-0225,TATASTEEL,NSE:TATASTEEL-EQ,58.28,59.06,57.63,57.97,25277300,FYERS_HISTORY,2026-08-08T23:56:50+05:30
2011-07-28,SMD-0225,TATASTEEL,NSE:TATASTEEL-EQ,57.48,57.87,56.6,56.85,26634480,FYERS_HISTORY,2026-08-08T23:56:50+05:30
2011-07-29,SMD-0225,TATASTEEL,NSE:TATASTEEL-EQ,56.98,57.18,56.22,56.38,22540160,FYERS_HISTORY,2026-08-08T23:56:50+05:30
2011-08-01,SMD-0225,TATASTEEL,NSE:TATASTEEL-EQ,57.06,57.58,56.26,57.36,24027790,FYERS_HISTORY,2026-08-08T23:56:50+05:30
2011-08-02,SMD-0225,TATASTEEL,NSE:TATASTEEL-EQ,57.08,57.32,56.14,56.42,20395740,FYERS_HISTORY,2026-08-08T23:56:50+05:30
2011-08-03,SMD-0225,TATASTEEL,NSE:TATASTEEL-EQ,55.97,56.53,55.58,56.32,23499840,FYERS_HISTORY,2026-08-08T23:56:50+05:30
2011-08-04,SMD-0225,TATASTEEL,NSE:TATASTEEL-EQ,56.58,56.78,55.4,55.76,24551450,FYERS_HISTORY,2026-08-08T23:56:50+05:30
2011-08-05,SMD-0225,TATASTEEL,NSE:TATASTEEL-EQ,54.63,54.63,52.68,53.28,49227250,FYERS_HISTORY,2026-08-08T23:56:50+05:30
2011-08-08,SMD-0225,TATASTEEL,NSE:TATASTEEL-EQ,51.97,51.97,50.28,50.89,55245610,FYERS_HISTORY,2026-08-08T23:56:50+05:30
2011-08-09,SMD-0225,TATASTEEL,NSE:TATASTEEL-EQ,49.48,50.47,47.76,48.5,88444710,FYERS_HISTORY,2026-08-08T23:56:50+05:30
2011-08-10,SMD-0225,TATASTEEL,NSE:TATASTEEL-EQ,50.29,50.48,48.05,48.48,59716640,FYERS_HISTORY,2026-08-08T23:56:50+05:30
2011-08-11,SMD-0225,TATASTEEL,NSE:TATASTEEL-EQ,48.13,48.98,47.99,48.42,32406590,FYERS_HISTORY,2026-08-08T23:56:50+05:30
2011-08-12,SMD-0225,TATASTEEL,NSE:TATASTEEL-EQ,48.97,48.97,47.08,47.48,68838190,FYERS_HISTORY,2026-08-08T23:56:50+05:30
2011-08-16,SMD-0225,TATASTEEL,NSE:TATASTEEL-EQ,47.98,48.17,46.61,46.88,42169470,FYERS_HISTORY,2026-08-08T23:56:50+05:30
2011-08-17,SMD-0225,TATASTEEL,NSE:TATASTEEL-EQ,47.01,47.45,46.04,47.27,39765200,FYERS_HISTORY,2026-08-08T23:56:50+05:30
2011-08-18,SMD-0225,TATASTEEL,NSE:TATASTEEL-EQ,47.25,47.25,45.85,46.25,30302960,FYERS_HISTORY,2026-08-08T23:56:50+05:30
2011-08-19,SMD-0225,TATASTEEL,NSE:TATASTEEL-EQ,45.39,46.78,44.99,45.93,42621960,FYERS_HISTORY,2026-08-08T23:56:50+05:30
2011-08-22,SMD-0225,TATASTEEL,NSE:TATASTEEL-EQ,46.12,47.22,45.6,46.98,26335250,FYERS_HISTORY,2026-08-08T23:56:50+05:30
2011-08-23,SMD-0225,TATASTEEL,NSE:TATASTEEL-EQ,47.28,47.81,46.39,47.53,26799130,FYERS_HISTORY,2026-08-08T23:56:50+05:30
2011-08-24,SMD-0225,TATASTEEL,NSE:TATASTEEL-EQ,47.38,47.97,45.2,45.44,54878520,FYERS_HISTORY,2026-08-08T23:56:50+05:30
2011-08-25,SMD-0225,TATASTEEL,NSE:TATASTEEL-EQ,45.66,46.08,44.09,44.36,97452110,FYERS_HISTORY,2026-08-08T23:56:50+05:30
2011-08-26,SMD-0225,TATASTEEL,NSE:TATASTEEL-EQ,44.18,44.47,41.82,42.22,49390870,FYERS_HISTORY,2026-08-08T23:56:50+05:30
2011-08-29,SMD-0225,TATASTEEL,NSE:TATASTEEL-EQ,42.87,44.99,42.66,44.73,51897380,FYERS_HISTORY,2026-08-08T23:56:50+05:30
2011-08-30,SMD-0225,TATASTEEL,NSE:TATASTEEL-EQ,45.49,47.27,45.49,46.84,75580640,FYERS_HISTORY,2026-08-08T23:56:50+05:30
2011-09-02,SMD-0225,TATASTEEL,NSE:TATASTEEL-EQ,46.98,49.25,46.09,48.99,74634340,FYERS_HISTORY,2026-08-08T23:56:50+05:30
2011-09-05,SMD-0225,TATASTEEL,NSE:TATASTEEL-EQ,48.58,49.58,48.0,49.45,61242180,FYERS_HISTORY,2026-08-08T23:56:50+05:30
2011-09-06,SMD-0225,TATASTEEL,NSE:TATASTEEL-EQ,48.98,49.74,47.79,49.53,47944080,FYERS_HISTORY,2026-08-08T23:56:50+05:30
2011-09-07,SMD-0225,TATASTEEL,NSE:TATASTEEL-EQ,49.48,50.33,49.47,49.83,32188450,FYERS_HISTORY,2026-08-08T23:56:50+05:30
2011-09-08,SMD-0225,TATASTEEL,NSE:TATASTEEL-EQ,49.96,50.19,48.88,49.12,33513150,FYERS_HISTORY,2026-08-08T23:56:50+05:30
2011-09-09,SMD-0225,TATASTEEL,NSE:TATASTEEL-EQ,48.98,49.06,47.49,47.67,45831380,FYERS_HISTORY,2026-08-08T23:56:50+05:30
2011-09-12,SMD-0225,TATASTEEL,NSE:TATASTEEL-EQ,46.91,46.98,45.2,45.47,60851410,FYERS_HISTORY,2026-08-08T23:56:50+05:30
2011-09-13,SMD-0225,TATASTEEL,NSE:TATASTEEL-EQ,46.03,46.76,45.07,45.72,42296200,FYERS_HISTORY,2026-08-08T23:56:50+05:30
2011-09-14,SMD-0225,TATASTEEL,NSE:TATASTEEL-EQ,45.99,47.34,45.4,46.93,34545860,FYERS_HISTORY,2026-08-08T23:56:50+05:30
2011-09-15,SMD-0225,TATASTEEL,NSE:TATASTEEL-EQ,47.48,47.68,46.0,46.55,55755670,FYERS_HISTORY,2026-08-08T23:56:50+05:30
2011-09-16,SMD-0225,TATASTEEL,NSE:TATASTEEL-EQ,47.02,47.43,45.7,46.07,73461750,FYERS_HISTORY,2026-08-08T23:56:50+05:30
2011-09-19,SMD-0225,TATASTEEL,NSE:TATASTEEL-EQ,45.87,45.87,45.15,45.36,25268480,FYERS_HISTORY,2026-08-08T23:56:50+05:30
2011-09-20,SMD-0225,TATASTEEL,NSE:TATASTEEL-EQ,45.36,46.25,45.21,46.1,34174880,FYERS_HISTORY,2026-08-08T23:56:50+05:30
2011-09-21,SMD-0225,TATASTEEL,NSE:TATASTEEL-EQ,46.23,46.23,45.5,45.84,23019140,FYERS_HISTORY,2026-08-08T23:56:50+05:30
2011-09-22,SMD-0225,TATASTEEL,NSE:TATASTEEL-EQ,45.09,45.09,43.99,44.23,44331810,FYERS_HISTORY,2026-08-08T23:56:50+05:30
2011-09-23,SMD-0225,TATASTEEL,NSE:TATASTEEL-EQ,43.74,43.81,42.5,43.27,53731400,FYERS_HISTORY,2026-08-08T23:56:50+05:30
2011-09-26,SMD-0225,TATASTEEL,NSE:TATASTEEL-EQ,43.19,43.96,42.01,43.53,38508890,FYERS_HISTORY,2026-08-08T23:56:50+05:30
2011-09-27,SMD-0225,TATASTEEL,NSE:TATASTEEL-EQ,44.15,44.53,43.54,43.88,39405550,FYERS_HISTORY,2026-08-08T23:56:50+05:30
2011-09-28,SMD-0225,TATASTEEL,NSE:TATASTEEL-EQ,44.19,44.39,42.55,42.73,34861610,FYERS_HISTORY,2026-08-08T23:56:50+05:30
2011-09-29,SMD-0225,TATASTEEL,NSE:TATASTEEL-EQ,42.39,43.79,41.69,43.37,54346410,FYERS_HISTORY,2026-08-08T23:56:50+05:30
2011-09-30,SMD-0225,TATASTEEL,NSE:TATASTEEL-EQ,43.05,43.27,41.4,41.52,52018990,FYERS_HISTORY,2026-08-08T23:56:50+05:30
2011-10-03,SMD-0225,TATASTEEL,NSE:TATASTEEL-EQ,40.86,40.86,39.27,39.45,50489400,FYERS_HISTORY,2026-08-08T23:56:50+05:30
2011-10-04,SMD-0225,TATASTEEL,NSE:TATASTEEL-EQ,39.37,40.53,39.02,39.74,47372490,FYERS_HISTORY,2026-08-08T23:56:50+05:30
2011-10-05,SMD-0225,TATASTEEL,NSE:TATASTEEL-EQ,40.07,40.67,39.79,40.05,42187920,FYERS_HISTORY,2026-08-08T23:56:50+05:30
2011-10-07,SMD-0225,TATASTEEL,NSE:TATASTEEL-EQ,41.34,42.13,41.05,41.96,43926830,FYERS_HISTORY,2026-08-08T23:56:50+05:30
2011-10-10,SMD-0225,TATASTEEL,NSE:TATASTEEL-EQ,41.96,43.63,41.65,43.48,52993230,FYERS_HISTORY,2026-08-08T23:56:50+05:30
2011-10-11,SMD-0225,TATASTEEL,NSE:TATASTEEL-EQ,43.97,44.32,43.06,43.34,48966010,FYERS_HISTORY,2026-08-08T23:56:50+05:30
2011-10-12,SMD-0225,TATASTEEL,NSE:TATASTEEL-EQ,43.49,44.49,43.36,44.4,32014110,FYERS_HISTORY,2026-08-08T23:56:50+05:30
2011-10-13,SMD-0225,TATASTEEL,NSE:TATASTEEL-EQ,44.55,45.73,44.15,45.33,47321330,FYERS_HISTORY,2026-08-08T23:56:50+05:30
2011-10-14,SMD-0225,TATASTEEL,NSE:TATASTEEL-EQ,44.99,45.09,43.41,43.77,43774680,FYERS_HISTORY,2026-08-08T23:56:50+05:30
2011-10-17,SMD-0225,TATASTEEL,NSE:TATASTEEL-EQ,44.09,44.33,43.33,43.99,27901810,FYERS_HISTORY,2026-08-08T23:56:50+05:30
2011-10-18,SMD-0225,TATASTEEL,NSE:TATASTEEL-EQ,43.02,43.47,42.29,42.91,33754270,FYERS_HISTORY,2026-08-08T23:56:50+05:30
2011-10-19,SMD-0225,TATASTEEL,NSE:TATASTEEL-EQ,43.16,43.73,42.94,43.39,23695950,FYERS_HISTORY,2026-08-08T23:56:50+05:30
2011-10-20,SMD-0225,TATASTEEL,NSE:TATASTEEL-EQ,42.93,44.38,42.34,44.15,56557650,FYERS_HISTORY,2026-08-08T23:56:50+05:30
2011-10-21,SMD-0225,TATASTEEL,NSE:TATASTEEL-EQ,44.35,44.49,43.09,43.29,33281250,FYERS_HISTORY,2026-08-08T23:56:50+05:30
2011-10-24,SMD-0225,TATASTEEL,NSE:TATASTEEL-EQ,43.9,44.38,43.47,43.64,24776550,FYERS_HISTORY,2026-08-08T23:56:50+05:30
2011-10-25,SMD-0225,TATASTEEL,NSE:TATASTEEL-EQ,43.97,45.58,43.69,45.19,49342310,FYERS_HISTORY,2026-08-08T23:56:50+05:30
2011-10-26,SMD-0225,TATASTEEL,NSE:TATASTEEL-EQ,45.39,45.49,44.89,45.12,6488350,FYERS_HISTORY,2026-08-08T23:56:50+05:30
2011-10-28,SMD-0225,TATASTEEL,NSE:TATASTEEL-EQ,46.78,49.15,46.69,48.35,54363940,FYERS_HISTORY,2026-08-08T23:56:50+05:30
2011-10-31,SMD-0225,TATASTEEL,NSE:TATASTEEL-EQ,47.98,48.85,47.49,48.26,49229400,FYERS_HISTORY,2026-08-08T23:56:50+05:30
2011-11-01,SMD-0225,TATASTEEL,NSE:TATASTEEL-EQ,47.68,48.03,46.55,47.18,30023650,FYERS_HISTORY,2026-08-08T23:56:50+05:30
2011-11-02,SMD-0225,TATASTEEL,NSE:TATASTEEL-EQ,46.34,47.23,45.9,46.77,37143700,FYERS_HISTORY,2026-08-08T23:56:50+05:30
2011-11-03,SMD-0225,TATASTEEL,NSE:TATASTEEL-EQ,46.51,46.96,45.52,46.16,38711790,FYERS_HISTORY,2026-08-08T23:56:50+05:30
2011-11-04,SMD-0225,TATASTEEL,NSE:TATASTEEL-EQ,46.74,47.61,46.49,46.7,43171710,FYERS_HISTORY,2026-08-08T23:56:50+05:30
2011-11-08,SMD-0225,TATASTEEL,NSE:TATASTEEL-EQ,47.02,47.18,46.39,46.72,21514080,FYERS_HISTORY,2026-08-08T23:56:50+05:30
2011-11-09,SMD-0225,TATASTEEL,NSE:TATASTEEL-EQ,47.06,47.51,44.4,44.75,59252190,FYERS_HISTORY,2026-08-08T23:56:50+05:30
2011-11-11,SMD-0225,TATASTEEL,NSE:TATASTEEL-EQ,42.98,43.37,42.3,42.97,60965340,FYERS_HISTORY,2026-08-08T23:56:50+05:30
2011-11-14,SMD-0225,TATASTEEL,NSE:TATASTEEL-EQ,43.49,43.78,40.94,41.24,51008670,FYERS_HISTORY,2026-08-08T23:56:50+05:30
2011-11-15,SMD-0225,TATASTEEL,NSE:TATASTEEL-EQ,41.34,41.49,39.6,40.03,81098940,FYERS_HISTORY,2026-08-08T23:56:50+05:30
2011-11-16,SMD-0225,TATASTEEL,NSE:TATASTEEL-EQ,40.0,41.73,39.35,40.58,78547730,FYERS_HISTORY,2026-08-08T23:56:50+05:30
2011-11-17,SMD-0225,TATASTEEL,NSE:TATASTEEL-EQ,40.68,41.54,39.79,40.0,55137710,FYERS_HISTORY,2026-08-08T23:56:50+05:30
2011-11-18,SMD-0225,TATASTEEL,NSE:TATASTEEL-EQ,39.82,39.82,38.49,39.13,60757600,FYERS_HISTORY,2026-08-08T23:56:50+05:30
2011-11-21,SMD-0225,TATASTEEL,NSE:TATASTEEL-EQ,38.88,39.12,37.67,37.96,48967070,FYERS_HISTORY,2026-08-08T23:56:50+05:30
2011-11-22,SMD-0225,TATASTEEL,NSE:TATASTEEL-EQ,38.24,39.93,38.05,39.16,62482710,FYERS_HISTORY,2026-08-08T23:56:50+05:30
2011-11-23,SMD-0225,TATASTEEL,NSE:TATASTEEL-EQ,38.78,38.83,37.75,38.25,50072960,FYERS_HISTORY,2026-08-08T23:56:50+05:30
2011-11-24,SMD-0225,TATASTEEL,NSE:TATASTEEL-EQ,38.09,38.89,36.69,38.55,71339870,FYERS_HISTORY,2026-08-08T23:56:50+05:30
2011-11-25,SMD-0225,TATASTEEL,NSE:TATASTEEL-EQ,37.96,38.09,37.2,37.48,48455110,FYERS_HISTORY,2026-08-08T23:56:50+05:30
2011-11-28,SMD-0225,TATASTEEL,NSE:TATASTEEL-EQ,37.87,38.9,37.79,38.68,47136440,FYERS_HISTORY,2026-08-08T23:56:50+05:30
2011-11-29,SMD-0225,TATASTEEL,NSE:TATASTEEL-EQ,38.89,39.79,38.4,38.7,54412670,FYERS_HISTORY,2026-08-08T23:56:50+05:30
2011-11-30,SMD-0225,TATASTEEL,NSE:TATASTEEL-EQ,38.39,38.84,38.14,38.51,34821130,FYERS_HISTORY,2026-08-08T23:56:50+05:30
2011-12-01,SMD-0225,TATASTEEL,NSE:TATASTEEL-EQ,40.13,41.01,39.79,40.25,72638830,FYERS_HISTORY,2026-08-08T23:56:50+05:30
2011-12-02,SMD-0225,TATASTEEL,NSE:TATASTEEL-EQ,39.99,42.27,39.7,41.9,69915870,FYERS_HISTORY,2026-08-08T23:56:50+05:30
2011-12-05,SMD-0225,TATASTEEL,NSE:TATASTEEL-EQ,41.67,41.73,40.89,41.1,45937340,FYERS_HISTORY,2026-08-08T23:56:50+05:30
2011-12-07,SMD-0225,TATASTEEL,NSE:TATASTEEL-EQ,41.26,42.09,40.89,41.74,47093770,FYERS_HISTORY,2026-08-08T23:56:50+05:30
2011-12-08,SMD-0225,TATASTEEL,NSE:TATASTEEL-EQ,41.38,41.67,40.19,40.39,37639620,FYERS_HISTORY,2026-08-08T23:56:50+05:30
2011-12-09,SMD-0225,TATASTEEL,NSE:TATASTEEL-EQ,39.49,40.43,39.09,39.74,46723550,FYERS_HISTORY,2026-08-08T23:56:50+05:30
2011-12-12,SMD-0225,TATASTEEL,NSE:TATASTEEL-EQ,40.27,40.54,38.38,38.53,37006820,FYERS_HISTORY,2026-08-08T23:56:50+05:30
2011-12-13,SMD-0225,TATASTEEL,NSE:TATASTEEL-EQ,38.08,39.49,37.31,39.25,65434900,FYERS_HISTORY,2026-08-08T23:56:50+05:30
2011-12-14,SMD-0225,TATASTEEL,NSE:TATASTEEL-EQ,39.18,39.24,37.44,37.56,55040760,FYERS_HISTORY,2026-08-08T23:56:50+05:30
2011-12-15,SMD-0225,TATASTEEL,NSE:TATASTEEL-EQ,36.99,37.98,36.73,37.51,58355160,FYERS_HISTORY,2026-08-08T23:56:50+05:30
2011-12-16,SMD-0225,TATASTEEL,NSE:TATASTEEL-EQ,37.79,38.17,36.23,36.48,50515930,FYERS_HISTORY,2026-08-08T23:56:50+05:30
2011-12-19,SMD-0225,TATASTEEL,NSE:TATASTEEL-EQ,36.39,36.48,35.39,36.35,41527500,FYERS_HISTORY,2026-08-08T23:56:50+05:30
2011-12-20,SMD-0225,TATASTEEL,NSE:TATASTEEL-EQ,36.52,36.64,34.05,34.26,65347080,FYERS_HISTORY,2026-08-08T23:56:50+05:30
2011-12-21,SMD-0225,TATASTEEL,NSE:TATASTEEL-EQ,35.19,35.33,34.11,34.93,84125320,FYERS_HISTORY,2026-08-08T23:56:50+05:30
2011-12-22,SMD-0225,TATASTEEL,NSE:TATASTEEL-EQ,34.69,35.68,34.15,35.38,71652310,FYERS_HISTORY,2026-08-08T23:56:50+05:30
2011-12-23,SMD-0225,TATASTEEL,NSE:TATASTEEL-EQ,35.58,35.85,34.49,34.72,65522730,FYERS_HISTORY,2026-08-08T23:56:50+05:30
2011-12-26,SMD-0225,TATASTEEL,NSE:TATASTEEL-EQ,34.94,35.96,34.8,35.75,45520430,FYERS_HISTORY,2026-08-08T23:56:50+05:30
2011-12-27,SMD-0225,TATASTEEL,NSE:TATASTEEL-EQ,35.79,35.92,34.7,34.9,31053360,FYERS_HISTORY,2026-08-08T23:56:50+05:30
2011-12-28,SMD-0225,TATASTEEL,NSE:TATASTEEL-EQ,34.75,35.06,34.29,34.67,32352780,FYERS_HISTORY,2026-08-08T23:56:50+05:30
2011-12-29,SMD-0225,TATASTEEL,NSE:TATASTEEL-EQ,34.48,34.86,34.1,34.18,48489770,FYERS_HISTORY,2026-08-08T23:56:51+05:30
2011-12-30,SMD-0225,TATASTEEL,NSE:TATASTEEL-EQ,34.44,34.68,33.39,33.52,41273860,FYERS_HISTORY,2026-08-08T23:56:51+05:30
2012-01-02,SMD-0225,TATASTEEL,NSE:TATASTEEL-EQ,33.78,34.59,33.2,34.1,38446140,FYERS_HISTORY,2026-08-08T23:56:51+05:30
2012-01-03,SMD-0225,TATASTEEL,NSE:TATASTEEL-EQ,34.49,36.37,34.41,36.17,58212600,FYERS_HISTORY,2026-08-08T23:56:51+05:30
2012-01-04,SMD-0225,TATASTEEL,NSE:TATASTEEL-EQ,36.39,36.74,35.62,36.38,54494960,FYERS_HISTORY,2026-08-08T23:56:51+05:30
2012-01-05,SMD-0225,TATASTEEL,NSE:TATASTEEL-EQ,36.49,37.14,35.93,36.25,41730290,FYERS_HISTORY,2026-08-08T23:56:51+05:30
2012-01-06,SMD-0225,TATASTEEL,NSE:TATASTEEL-EQ,35.89,36.77,35.01,36.35,45516990,FYERS_HISTORY,2026-08-08T23:56:51+05:30
2012-01-07,SMD-0225,TATASTEEL,NSE:TATASTEEL-EQ,36.38,36.38,36.09,36.26,2691200,FYERS_HISTORY,2026-08-08T23:56:51+05:30
2012-01-09,SMD-0225,TATASTEEL,NSE:TATASTEEL-EQ,36.24,36.57,35.44,36.16,38577130,FYERS_HISTORY,2026-08-08T23:56:51+05:30
2012-01-10,SMD-0225,TATASTEEL,NSE:TATASTEEL-EQ,36.11,37.33,36.11,37.16,52171040,FYERS_HISTORY,2026-08-08T23:56:51+05:30
2012-01-11,SMD-0225,TATASTEEL,NSE:TATASTEEL-EQ,37.35,38.43,37.12,38.29,56199000,FYERS_HISTORY,2026-08-08T23:56:51+05:30
2012-01-12,SMD-0225,TATASTEEL,NSE:TATASTEEL-EQ,38.29,39.24,38.07,38.87,48421860,FYERS_HISTORY,2026-08-08T23:56:51+05:30
2012-01-13,SMD-0225,TATASTEEL,NSE:TATASTEEL-EQ,39.19,42.48,39.18,41.56,121681660,FYERS_HISTORY,2026-08-08T23:56:51+05:30
2012-01-16,SMD-0225,TATASTEEL,NSE:TATASTEEL-EQ,41.24,42.93,40.81,42.16,79462910,FYERS_HISTORY,2026-08-08T23:56:51+05:30
2012-01-17,SMD-0225,TATASTEEL,NSE:TATASTEEL-EQ,42.34,44.83,42.29,44.26,82017890,FYERS_HISTORY,2026-08-08T23:56:51+05:30
2012-01-18,SMD-0225,TATASTEEL,NSE:TATASTEEL-EQ,44.35,44.49,42.12,42.48,72741100,FYERS_HISTORY,2026-08-08T23:56:51+05:30
2012-01-19,SMD-0225,TATASTEEL,NSE:TATASTEEL-EQ,42.99,44.18,42.99,43.57,65361860,FYERS_HISTORY,2026-08-08T23:56:51+05:30
2012-01-20,SMD-0225,TATASTEEL,NSE:TATASTEEL-EQ,43.79,44.44,43.04,43.64,59095990,FYERS_HISTORY,2026-08-08T23:56:51+05:30
2012-01-23,SMD-0225,TATASTEEL,NSE:TATASTEEL-EQ,43.49,43.78,42.3,42.64,45084970,FYERS_HISTORY,2026-08-08T23:56:51+05:30
2012-01-24,SMD-0225,TATASTEEL,NSE:TATASTEEL-EQ,42.79,43.99,42.16,43.22,57992860,FYERS_HISTORY,2026-08-08T23:56:51+05:30
2012-01-25,SMD-0225,TATASTEEL,NSE:TATASTEEL-EQ,43.49,44.68,43.39,44.47,73719340,FYERS_HISTORY,2026-08-08T23:56:51+05:30
2012-01-27,SMD-0225,TATASTEEL,NSE:TATASTEEL-EQ,44.99,46.25,44.74,45.86,57789410,FYERS_HISTORY,2026-08-08T23:56:51+05:30
2012-01-30,SMD-0225,TATASTEEL,NSE:TATASTEEL-EQ,45.59,45.63,43.69,44.22,46489160,FYERS_HISTORY,2026-08-08T23:56:51+05:30
2012-01-31,SMD-0225,TATASTEEL,NSE:TATASTEEL-EQ,44.47,45.33,43.2,45.07,66014160,FYERS_HISTORY,2026-08-08T23:56:51+05:30
2012-02-01,SMD-0225,TATASTEEL,NSE:TATASTEEL-EQ,45.19,47.38,45.07,47.08,82058300,FYERS_HISTORY,2026-08-08T23:56:51+05:30
2012-02-02,SMD-0225,TATASTEEL,NSE:TATASTEEL-EQ,47.58,48.06,46.41,47.57,79902070,FYERS_HISTORY,2026-08-08T23:56:51+05:30
2012-02-03,SMD-0225,TATASTEEL,NSE:TATASTEEL-EQ,47.38,47.38,46.01,46.73,58839340,FYERS_HISTORY,2026-08-08T23:56:51+05:30
2012-02-06,SMD-0225,TATASTEEL,NSE:TATASTEEL-EQ,47.45,47.78,46.29,46.71,52200610,FYERS_HISTORY,2026-08-08T23:56:51+05:30
2012-02-07,SMD-0225,TATASTEEL,NSE:TATASTEEL-EQ,46.98,47.18,44.91,45.12,74911510,FYERS_HISTORY,2026-08-08T23:56:51+05:30
2012-02-08,SMD-0225,TATASTEEL,NSE:TATASTEEL-EQ,45.39,46.17,44.22,45.05,95780000,FYERS_HISTORY,2026-08-08T23:56:51+05:30
2012-02-09,SMD-0225,TATASTEEL,NSE:TATASTEEL-EQ,44.78,45.42,43.99,45.2,93229250,FYERS_HISTORY,2026-08-08T23:56:51+05:30
2012-02-10,SMD-0225,TATASTEEL,NSE:TATASTEEL-EQ,43.39,47.82,43.25,47.49,209211460,FYERS_HISTORY,2026-08-08T23:56:51+05:30
2012-02-13,SMD-0225,TATASTEEL,NSE:TATASTEEL-EQ,47.58,48.87,46.63,48.5,65154720,FYERS_HISTORY,2026-08-08T23:56:51+05:30
2012-02-14,SMD-0225,TATASTEEL,NSE:TATASTEEL-EQ,48.28,49.16,48.12,48.78,61933130,FYERS_HISTORY,2026-08-08T23:56:51+05:30
2012-02-15,SMD-0225,TATASTEEL,NSE:TATASTEEL-EQ,49.08,49.66,48.68,49.5,64691300,FYERS_HISTORY,2026-08-08T23:56:51+05:30
2012-02-16,SMD-0225,TATASTEEL,NSE:TATASTEEL-EQ,49.15,49.3,47.45,47.89,53901160,FYERS_HISTORY,2026-08-08T23:56:51+05:30
2012-02-17,SMD-0225,TATASTEEL,NSE:TATASTEEL-EQ,48.38,48.88,47.03,47.78,57314450,FYERS_HISTORY,2026-08-08T23:56:51+05:30
2012-02-21,SMD-0225,TATASTEEL,NSE:TATASTEEL-EQ,48.0,50.08,48.0,49.13,76525160,FYERS_HISTORY,2026-08-08T23:56:51+05:30
2012-02-22,SMD-0225,TATASTEEL,NSE:TATASTEEL-EQ,49.24,49.66,46.78,47.03,45050570,FYERS_HISTORY,2026-08-08T23:56:51+05:30
2012-02-23,SMD-0225,TATASTEEL,NSE:TATASTEEL-EQ,46.98,47.87,46.03,47.12,66996140,FYERS_HISTORY,2026-08-08T23:56:51+05:30
2012-02-24,SMD-0225,TATASTEEL,NSE:TATASTEEL-EQ,47.3,48.07,46.62,47.53,59746240,FYERS_HISTORY,2026-08-08T23:56:51+05:30
2012-02-27,SMD-0225,TATASTEEL,NSE:TATASTEEL-EQ,47.78,47.78,43.85,44.23,66415250,FYERS_HISTORY,2026-08-08T23:56:51+05:30
2012-02-28,SMD-0225,TATASTEEL,NSE:TATASTEEL-EQ,44.66,46.19,44.63,45.97,51882210,FYERS_HISTORY,2026-08-08T23:56:51+05:30
2012-02-29,SMD-0225,TATASTEEL,NSE:TATASTEEL-EQ,46.48,47.5,45.92,47.24,55368700,FYERS_HISTORY,2026-08-08T23:56:51+05:30
2012-03-01,SMD-0225,TATASTEEL,NSE:TATASTEEL-EQ,47.17,47.17,45.65,46.27,50091230,FYERS_HISTORY,2026-08-08T23:56:51+05:30
2012-03-02,SMD-0225,TATASTEEL,NSE:TATASTEEL-EQ,46.57,47.23,46.01,46.57,37693970,FYERS_HISTORY,2026-08-08T23:56:51+05:30
2012-03-03,SMD-0225,TATASTEEL,NSE:TATASTEEL-EQ,46.75,46.93,46.58,46.74,2600790,FYERS_HISTORY,2026-08-08T23:56:51+05:30
2012-03-05,SMD-0225,TATASTEEL,NSE:TATASTEEL-EQ,46.48,46.48,44.85,45.06,34862070,FYERS_HISTORY,2026-08-08T23:56:51+05:30
2012-03-06,SMD-0225,TATASTEEL,NSE:TATASTEEL-EQ,44.88,45.69,42.24,42.48,73171590,FYERS_HISTORY,2026-08-08T23:56:51+05:30
2012-03-07,SMD-0225,TATASTEEL,NSE:TATASTEEL-EQ,42.2,42.97,41.58,42.37,75431500,FYERS_HISTORY,2026-08-08T23:56:51+05:30
2012-03-09,SMD-0225,TATASTEEL,NSE:TATASTEEL-EQ,43.19,45.73,43.19,45.51,65329640,FYERS_HISTORY,2026-08-08T23:56:51+05:30
2012-03-12,SMD-0225,TATASTEEL,NSE:TATASTEEL-EQ,46.0,46.31,44.92,45.63,46432900,FYERS_HISTORY,2026-08-08T23:56:51+05:30
2012-03-13,SMD-0225,TATASTEEL,NSE:TATASTEEL-EQ,45.94,46.96,45.94,46.79,40549510,FYERS_HISTORY,2026-08-08T23:56:51+05:30
2012-03-14,SMD-0225,TATASTEEL,NSE:TATASTEEL-EQ,47.48,47.56,45.85,46.07,57307880,FYERS_HISTORY,2026-08-08T23:56:51+05:30
2012-03-15,SMD-0225,TATASTEEL,NSE:TATASTEEL-EQ,46.14,46.67,45.49,46.26,49581030,FYERS_HISTORY,2026-08-08T23:56:51+05:30
2012-03-16,SMD-0225,TATASTEEL,NSE:TATASTEEL-EQ,46.29,47.37,44.97,45.45,56088200,FYERS_HISTORY,2026-08-08T23:56:51+05:30
2012-03-19,SMD-0225,TATASTEEL,NSE:TATASTEEL-EQ,45.49,46.34,44.61,44.81,33541070,FYERS_HISTORY,2026-08-08T23:56:51+05:30
2012-03-20,SMD-0225,TATASTEEL,NSE:TATASTEEL-EQ,44.89,45.69,44.5,45.47,44054470,FYERS_HISTORY,2026-08-08T23:56:51+05:30
2012-03-21,SMD-0225,TATASTEEL,NSE:TATASTEEL-EQ,45.27,47.4,44.79,47.22,49865170,FYERS_HISTORY,2026-08-08T23:56:51+05:30
2012-03-22,SMD-0225,TATASTEEL,NSE:TATASTEEL-EQ,46.93,47.55,44.69,44.98,68421550,FYERS_HISTORY,2026-08-08T23:56:51+05:30
2012-03-23,SMD-0225,TATASTEEL,NSE:TATASTEEL-EQ,44.9,45.53,44.26,44.84,47150870,FYERS_HISTORY,2026-08-08T23:56:51+05:30
2012-03-26,SMD-0225,TATASTEEL,NSE:TATASTEEL-EQ,44.8,45.15,43.79,44.0,44404490,FYERS_HISTORY,2026-08-08T23:56:51+05:30
2012-03-27,SMD-0225,TATASTEEL,NSE:TATASTEEL-EQ,44.98,45.05,43.85,44.69,48821600,FYERS_HISTORY,2026-08-08T23:56:51+05:30
2012-03-28,SMD-0225,TATASTEEL,NSE:TATASTEEL-EQ,44.48,45.78,44.13,45.5,51046910,FYERS_HISTORY,2026-08-08T23:56:51+05:30
2012-03-29,SMD-0225,TATASTEEL,NSE:TATASTEEL-EQ,45.0,45.49,44.53,45.3,40811250,FYERS_HISTORY,2026-08-08T23:56:51+05:30
2012-03-30,SMD-0225,TATASTEEL,NSE:TATASTEEL-EQ,45.36,47.45,45.31,47.16,49554600,FYERS_HISTORY,2026-08-08T23:56:51+05:30
2012-04-02,SMD-0225,TATASTEEL,NSE:TATASTEEL-EQ,47.07,47.71,46.69,47.16,32769150,FYERS_HISTORY,2026-08-08T23:56:51+05:30
2012-04-03,SMD-0225,TATASTEEL,NSE:TATASTEEL-EQ,47.54,48.21,47.4,47.8,41978690,FYERS_HISTORY,2026-08-08T23:56:51+05:30
2012-04-04,SMD-0225,TATASTEEL,NSE:TATASTEEL-EQ,47.42,47.9,47.11,47.54,31217760,FYERS_HISTORY,2026-08-08T23:56:51+05:30
2012-04-09,SMD-0225,TATASTEEL,NSE:TATASTEEL-EQ,47.22,47.22,45.56,45.96,26785770,FYERS_HISTORY,2026-08-08T23:56:51+05:30
2012-04-10,SMD-0225,TATASTEEL,NSE:TATASTEEL-EQ,45.93,45.98,44.93,45.27,43676730,FYERS_HISTORY,2026-08-08T23:56:51+05:30
2012-04-11,SMD-0225,TATASTEEL,NSE:TATASTEEL-EQ,44.82,45.47,44.35,44.62,42004030,FYERS_HISTORY,2026-08-08T23:56:51+05:30
2012-04-12,SMD-0225,TATASTEEL,NSE:TATASTEEL-EQ,45.05,45.63,44.8,45.32,30954940,FYERS_HISTORY,2026-08-08T23:56:51+05:30
2012-04-13,SMD-0225,TATASTEEL,NSE:TATASTEEL-EQ,45.79,46.24,44.69,44.97,31050520,FYERS_HISTORY,2026-08-08T23:56:51+05:30
2012-04-16,SMD-0225,TATASTEEL,NSE:TATASTEEL-EQ,44.72,45.68,44.49,45.5,26032440,FYERS_HISTORY,2026-08-08T23:56:51+05:30
2012-04-17,SMD-0225,TATASTEEL,NSE:TATASTEEL-EQ,46.47,46.47,45.13,46.14,28834130,FYERS_HISTORY,2026-08-08T23:56:51+05:30
2012-04-18,SMD-0225,TATASTEEL,NSE:TATASTEEL-EQ,46.43,47.13,46.27,46.51,40276510,FYERS_HISTORY,2026-08-08T23:56:51+05:30
2012-04-19,SMD-0225,TATASTEEL,NSE:TATASTEEL-EQ,46.65,46.95,46.14,46.7,27810110,FYERS_HISTORY,2026-08-08T23:56:51+05:30
2012-04-20,SMD-0225,TATASTEEL,NSE:TATASTEEL-EQ,46.54,47.43,46.39,47.01,38492330,FYERS_HISTORY,2026-08-08T23:56:51+05:30
2012-04-23,SMD-0225,TATASTEEL,NSE:TATASTEEL-EQ,46.98,47.91,45.95,46.27,47839880,FYERS_HISTORY,2026-08-08T23:56:51+05:30
2012-04-24,SMD-0225,TATASTEEL,NSE:TATASTEEL-EQ,46.39,47.32,46.0,47.01,23447720,FYERS_HISTORY,2026-08-08T23:56:51+05:30
2012-04-25,SMD-0225,TATASTEEL,NSE:TATASTEEL-EQ,47.18,47.51,45.92,46.53,30564070,FYERS_HISTORY,2026-08-08T23:56:51+05:30
2012-04-26,SMD-0225,TATASTEEL,NSE:TATASTEEL-EQ,46.58,47.43,46.34,46.66,39151880,FYERS_HISTORY,2026-08-08T23:56:51+05:30
2012-04-27,SMD-0225,TATASTEEL,NSE:TATASTEEL-EQ,46.65,46.85,45.42,46.1,25662290,FYERS_HISTORY,2026-08-08T23:56:51+05:30
2012-04-28,SMD-0225,TATASTEEL,NSE:TATASTEEL-EQ,46.2,46.46,46.13,46.31,1614950,FYERS_HISTORY,2026-08-08T23:56:51+05:30
2012-04-30,SMD-0225,TATASTEEL,NSE:TATASTEEL-EQ,46.24,46.91,46.01,46.35,26965110,FYERS_HISTORY,2026-08-08T23:56:51+05:30
2012-05-02,SMD-0225,TATASTEEL,NSE:TATASTEEL-EQ,46.48,46.92,46.0,46.17,16542280,FYERS_HISTORY,2026-08-08T23:56:51+05:30
2012-05-03,SMD-0225,TATASTEEL,NSE:TATASTEEL-EQ,45.89,45.97,44.59,44.8,31619060,FYERS_HISTORY,2026-08-08T23:56:51+05:30
2012-05-04,SMD-0225,TATASTEEL,NSE:TATASTEEL-EQ,44.4,44.58,42.86,43.24,42038370,FYERS_HISTORY,2026-08-08T23:56:51+05:30
2012-05-07,SMD-0225,TATASTEEL,NSE:TATASTEEL-EQ,42.21,44.38,42.1,44.15,39964690,FYERS_HISTORY,2026-08-08T23:56:51+05:30
2012-05-08,SMD-0225,TATASTEEL,NSE:TATASTEEL-EQ,44.44,44.46,42.39,42.71,33288320,FYERS_HISTORY,2026-08-08T23:56:51+05:30
2012-05-09,SMD-0225,TATASTEEL,NSE:TATASTEEL-EQ,42.15,43.23,41.41,41.73,41621910,FYERS_HISTORY,2026-08-08T23:56:51+05:30
2012-05-10,SMD-0225,TATASTEEL,NSE:TATASTEEL-EQ,41.79,42.49,41.32,41.55,38541780,FYERS_HISTORY,2026-08-08T23:56:51+05:30
2012-05-11,SMD-0225,TATASTEEL,NSE:TATASTEEL-EQ,41.19,41.98,40.89,41.19,35048810,FYERS_HISTORY,2026-08-08T23:56:51+05:30
2012-05-14,SMD-0225,TATASTEEL,NSE:TATASTEEL-EQ,41.04,41.73,40.19,40.81,32499340,FYERS_HISTORY,2026-08-08T23:56:51+05:30
2012-05-15,SMD-0225,TATASTEEL,NSE:TATASTEEL-EQ,40.52,41.99,40.42,41.8,38888400,FYERS_HISTORY,2026-08-08T23:56:51+05:30
2012-05-16,SMD-0225,TATASTEEL,NSE:TATASTEEL-EQ,41.09,41.12,39.84,40.05,51087910,FYERS_HISTORY,2026-08-08T23:56:51+05:30
2012-05-17,SMD-0225,TATASTEEL,NSE:TATASTEEL-EQ,40.33,40.97,40.19,40.57,39106020,FYERS_HISTORY,2026-08-08T23:56:51+05:30
2012-05-18,SMD-0225,TATASTEEL,NSE:TATASTEEL-EQ,39.7,40.19,38.99,39.98,61961830,FYERS_HISTORY,2026-08-08T23:56:51+05:30
2012-05-21,SMD-0225,TATASTEEL,NSE:TATASTEEL-EQ,39.4,40.62,38.86,40.26,95855120,FYERS_HISTORY,2026-08-08T23:56:51+05:30
2012-05-22,SMD-0225,TATASTEEL,NSE:TATASTEEL-EQ,40.72,40.98,39.68,39.92,41558230,FYERS_HISTORY,2026-08-08T23:56:51+05:30
2012-05-23,SMD-0225,TATASTEEL,NSE:TATASTEEL-EQ,39.69,40.13,39.42,39.61,34446440,FYERS_HISTORY,2026-08-08T23:56:51+05:30
2012-05-24,SMD-0225,TATASTEEL,NSE:TATASTEEL-EQ,39.86,40.24,39.13,39.85,36169500,FYERS_HISTORY,2026-08-08T23:56:51+05:30
2012-05-25,SMD-0225,TATASTEEL,NSE:TATASTEEL-EQ,39.75,41.04,39.59,40.85,39992420,FYERS_HISTORY,2026-08-08T23:56:51+05:30
2012-05-28,SMD-0225,TATASTEEL,NSE:TATASTEEL-EQ,40.89,41.54,40.79,41.17,31814910,FYERS_HISTORY,2026-08-08T23:56:51+05:30
2012-05-29,SMD-0225,TATASTEEL,NSE:TATASTEEL-EQ,41.3,41.89,41.04,41.57,32280460,FYERS_HISTORY,2026-08-08T23:56:51+05:30
2012-05-30,SMD-0225,TATASTEEL,NSE:TATASTEEL-EQ,41.19,41.45,40.74,41.02,24198850,FYERS_HISTORY,2026-08-08T23:56:51+05:30
2012-05-31,SMD-0225,TATASTEEL,NSE:TATASTEEL-EQ,40.55,40.77,39.9,40.35,42166860,FYERS_HISTORY,2026-08-08T23:56:51+05:30
2012-06-01,SMD-0225,TATASTEEL,NSE:TATASTEEL-EQ,40.39,40.73,39.5,39.78,30708390,FYERS_HISTORY,2026-08-08T23:56:51+05:30
2012-06-04,SMD-0225,TATASTEEL,NSE:TATASTEEL-EQ,39.28,40.61,38.9,40.39,31799400,FYERS_HISTORY,2026-08-08T23:56:51+05:30
2012-06-05,SMD-0225,TATASTEEL,NSE:TATASTEEL-EQ,40.59,40.88,39.61,39.79,23888470,FYERS_HISTORY,2026-08-08T23:56:51+05:30
2012-06-06,SMD-0225,TATASTEEL,NSE:TATASTEEL-EQ,40.19,41.14,40.19,40.99,29513580,FYERS_HISTORY,2026-08-08T23:56:51+05:30
2012-06-07,SMD-0225,TATASTEEL,NSE:TATASTEEL-EQ,41.49,41.97,40.99,41.1,38354810,FYERS_HISTORY,2026-08-08T23:56:51+05:30
2012-06-08,SMD-0225,TATASTEEL,NSE:TATASTEEL-EQ,41.18,41.61,40.54,41.03,34486000,FYERS_HISTORY,2026-08-08T23:56:51+05:30
2012-06-11,SMD-0225,TATASTEEL,NSE:TATASTEEL-EQ,41.59,41.89,40.66,40.98,27703250,FYERS_HISTORY,2026-08-08T23:56:51+05:30
2012-06-12,SMD-0225,TATASTEEL,NSE:TATASTEEL-EQ,40.68,41.43,40.52,41.28,30086560,FYERS_HISTORY,2026-08-08T23:56:51+05:30
2012-06-13,SMD-0225,TATASTEEL,NSE:TATASTEEL-EQ,41.46,41.64,41.02,41.18,29272660,FYERS_HISTORY,2026-08-08T23:56:51+05:30
2012-06-14,SMD-0225,TATASTEEL,NSE:TATASTEEL-EQ,41.19,41.66,40.59,40.68,28851920,FYERS_HISTORY,2026-08-08T23:56:51+05:30
2012-06-15,SMD-0225,TATASTEEL,NSE:TATASTEEL-EQ,40.8,41.58,40.71,41.44,25336610,FYERS_HISTORY,2026-08-08T23:56:51+05:30
2012-06-18,SMD-0225,TATASTEEL,NSE:TATASTEEL-EQ,41.89,42.51,41.35,41.96,54140570,FYERS_HISTORY,2026-08-08T23:56:51+05:30
2012-06-19,SMD-0225,TATASTEEL,NSE:TATASTEEL-EQ,42.09,42.49,41.52,42.01,37736430,FYERS_HISTORY,2026-08-08T23:56:51+05:30
2012-06-20,SMD-0225,TATASTEEL,NSE:TATASTEEL-EQ,42.38,42.93,42.1,42.67,38747060,FYERS_HISTORY,2026-08-08T23:56:51+05:30
2012-06-21,SMD-0225,TATASTEEL,NSE:TATASTEEL-EQ,42.42,43.18,42.27,43.0,29046260,FYERS_HISTORY,2026-08-08T23:56:51+05:30
2012-06-22,SMD-0225,TATASTEEL,NSE:TATASTEEL-EQ,42.48,42.68,41.64,41.85,39299410,FYERS_HISTORY,2026-08-08T23:56:51+05:30
2012-06-25,SMD-0225,TATASTEEL,NSE:TATASTEEL-EQ,41.99,42.46,41.14,41.45,25138330,FYERS_HISTORY,2026-08-08T23:56:51+05:30
2012-06-26,SMD-0225,TATASTEEL,NSE:TATASTEEL-EQ,41.19,41.24,40.54,41.04,42169670,FYERS_HISTORY,2026-08-08T23:56:51+05:30
2012-06-27,SMD-0225,TATASTEEL,NSE:TATASTEEL-EQ,41.2,42.19,41.2,42.06,32715390,FYERS_HISTORY,2026-08-08T23:56:51+05:30
2012-06-28,SMD-0225,TATASTEEL,NSE:TATASTEEL-EQ,42.1,43.08,42.0,42.89,49338310,FYERS_HISTORY,2026-08-08T23:56:51+05:30
2012-06-29,SMD-0225,TATASTEEL,NSE:TATASTEEL-EQ,43.43,44.39,43.24,44.13,43682310,FYERS_HISTORY,2026-08-08T23:56:51+05:30
2012-07-02,SMD-0225,TATASTEEL,NSE:TATASTEEL-EQ,44.39,45.44,44.15,44.68,40478300,FYERS_HISTORY,2026-08-08T23:56:51+05:30
2012-07-03,SMD-0225,TATASTEEL,NSE:TATASTEEL-EQ,44.79,45.06,44.19,44.62,24380790,FYERS_HISTORY,2026-08-08T23:56:51+05:30
2012-07-04,SMD-0225,TATASTEEL,NSE:TATASTEEL-EQ,44.79,45.55,44.7,45.17,31267680,FYERS_HISTORY,2026-08-08T23:56:51+05:30
2012-07-05,SMD-0225,TATASTEEL,NSE:TATASTEEL-EQ,45.13,45.37,44.84,45.15,20888630,FYERS_HISTORY,2026-08-08T23:56:51+05:30
2012-07-06,SMD-0225,TATASTEEL,NSE:TATASTEEL-EQ,45.09,45.11,44.34,44.81,18970450,FYERS_HISTORY,2026-08-08T23:56:51+05:30
2012-07-09,SMD-0225,TATASTEEL,NSE:TATASTEEL-EQ,44.49,44.49,43.51,43.75,20829470,FYERS_HISTORY,2026-08-08T23:56:51+05:30
2012-07-10,SMD-0225,TATASTEEL,NSE:TATASTEEL-EQ,43.69,44.17,43.24,43.87,37747730,FYERS_HISTORY,2026-08-08T23:56:51+05:30
2012-07-11,SMD-0225,TATASTEEL,NSE:TATASTEEL-EQ,43.69,44.32,43.5,43.59,30455340,FYERS_HISTORY,2026-08-08T23:56:51+05:30
2012-07-12,SMD-0225,TATASTEEL,NSE:TATASTEEL-EQ,43.47,43.64,42.69,42.84,35159530,FYERS_HISTORY,2026-08-08T23:56:51+05:30
2012-07-13,SMD-0225,TATASTEEL,NSE:TATASTEEL-EQ,42.99,43.29,42.4,42.49,33161200,FYERS_HISTORY,2026-08-08T23:56:51+05:30
2012-07-16,SMD-0225,TATASTEEL,NSE:TATASTEEL-EQ,41.74,41.86,40.61,40.78,40105000,FYERS_HISTORY,2026-08-08T23:56:51+05:30
2012-07-17,SMD-0225,TATASTEEL,NSE:TATASTEEL-EQ,41.09,41.35,40.47,40.57,33932720,FYERS_HISTORY,2026-08-08T23:56:51+05:30
2012-07-18,SMD-0225,TATASTEEL,NSE:TATASTEEL-EQ,40.49,41.36,40.42,41.15,33566070,FYERS_HISTORY,2026-08-08T23:56:51+05:30
2012-07-19,SMD-0225,TATASTEEL,NSE:TATASTEEL-EQ,41.59,41.68,41.26,41.43,26918170,FYERS_HISTORY,2026-08-08T23:56:51+05:30
2012-07-20,SMD-0225,TATASTEEL,NSE:TATASTEEL-EQ,41.14,41.78,41.14,41.58,23374350,FYERS_HISTORY,2026-08-08T23:56:51+05:30
2012-07-23,SMD-0225,TATASTEEL,NSE:TATASTEEL-EQ,41.19,41.23,39.79,39.94,29275620,FYERS_HISTORY,2026-08-08T23:56:51+05:30
2012-07-24,SMD-0225,TATASTEEL,NSE:TATASTEEL-EQ,39.92,40.23,39.38,39.67,33321750,FYERS_HISTORY,2026-08-08T23:56:51+05:30
2012-07-25,SMD-0225,TATASTEEL,NSE:TATASTEEL-EQ,39.59,39.77,38.56,38.64,51438750,FYERS_HISTORY,2026-08-08T23:56:51+05:30
2012-07-26,SMD-0225,TATASTEEL,NSE:TATASTEEL-EQ,38.8,39.08,38.19,38.39,74442060,FYERS_HISTORY,2026-08-08T23:56:51+05:30
2012-07-27,SMD-0225,TATASTEEL,NSE:TATASTEEL-EQ,38.99,40.27,38.95,39.9,51050030,FYERS_HISTORY,2026-08-08T23:56:51+05:30
2012-07-30,SMD-0225,TATASTEEL,NSE:TATASTEEL-EQ,40.39,41.15,40.22,41.02,34431150,FYERS_HISTORY,2026-08-08T23:56:51+05:30
2012-07-31,SMD-0225,TATASTEEL,NSE:TATASTEEL-EQ,41.11,41.65,40.09,41.43,40433140,FYERS_HISTORY,2026-08-08T23:56:51+05:30
2012-08-01,SMD-0225,TATASTEEL,NSE:TATASTEEL-EQ,41.49,41.67,40.78,40.94,29935380,FYERS_HISTORY,2026-08-08T23:56:51+05:30
2012-08-02,SMD-0225,TATASTEEL,NSE:TATASTEEL-EQ,40.9,41.02,40.25,40.58,31403400,FYERS_HISTORY,2026-08-08T23:56:51+05:30
2012-08-03,SMD-0225,TATASTEEL,NSE:TATASTEEL-EQ,40.21,40.22,39.24,39.69,41074920,FYERS_HISTORY,2026-08-08T23:56:51+05:30
2012-08-06,SMD-0225,TATASTEEL,NSE:TATASTEEL-EQ,40.39,40.87,40.11,40.42,30263340,FYERS_HISTORY,2026-08-08T23:56:51+05:30
2012-08-07,SMD-0225,TATASTEEL,NSE:TATASTEEL-EQ,40.59,40.91,40.34,40.6,27085210,FYERS_HISTORY,2026-08-08T23:56:51+05:30
2012-08-08,SMD-0225,TATASTEEL,NSE:TATASTEEL-EQ,40.78,41.47,40.65,40.79,45236930,FYERS_HISTORY,2026-08-08T23:56:51+05:30
2012-08-09,SMD-0225,TATASTEEL,NSE:TATASTEEL-EQ,40.57,40.98,40.22,40.62,42242920,FYERS_HISTORY,2026-08-08T23:56:51+05:30
2012-08-10,SMD-0225,TATASTEEL,NSE:TATASTEEL-EQ,40.5,40.68,39.85,40.0,30052910,FYERS_HISTORY,2026-08-08T23:56:51+05:30
2012-08-13,SMD-0225,TATASTEEL,NSE:TATASTEEL-EQ,40.09,40.1,39.14,39.53,42053550,FYERS_HISTORY,2026-08-08T23:56:51+05:30
2012-08-14,SMD-0225,TATASTEEL,NSE:TATASTEEL-EQ,38.99,40.68,38.85,40.6,65843040,FYERS_HISTORY,2026-08-08T23:56:51+05:30
2012-08-16,SMD-0225,TATASTEEL,NSE:TATASTEEL-EQ,40.6,40.93,39.71,39.81,43300390,FYERS_HISTORY,2026-08-08T23:56:51+05:30
2012-08-17,SMD-0225,TATASTEEL,NSE:TATASTEEL-EQ,39.91,40.17,39.19,39.47,45018360,FYERS_HISTORY,2026-08-08T23:56:51+05:30
2012-08-21,SMD-0225,TATASTEEL,NSE:TATASTEEL-EQ,39.49,39.74,38.69,39.2,56184690,FYERS_HISTORY,2026-08-08T23:56:51+05:30
2012-08-22,SMD-0225,TATASTEEL,NSE:TATASTEEL-EQ,39.2,39.64,38.91,39.24,37890740,FYERS_HISTORY,2026-08-08T23:56:51+05:30
2012-08-23,SMD-0225,TATASTEEL,NSE:TATASTEEL-EQ,39.58,40.33,39.49,39.84,48174160,FYERS_HISTORY,2026-08-08T23:56:51+05:30
2012-08-24,SMD-0225,TATASTEEL,NSE:TATASTEEL-EQ,39.59,39.6,38.57,38.77,53927030,FYERS_HISTORY,2026-08-08T23:56:51+05:30
2012-08-27,SMD-0225,TATASTEEL,NSE:TATASTEEL-EQ,39.04,39.13,38.44,38.55,33441540,FYERS_HISTORY,2026-08-08T23:56:51+05:30
2012-08-28,SMD-0225,TATASTEEL,NSE:TATASTEEL-EQ,38.93,38.93,37.3,37.81,46092840,FYERS_HISTORY,2026-08-08T23:56:51+05:30
2012-08-29,SMD-0225,TATASTEEL,NSE:TATASTEEL-EQ,37.54,37.91,37.29,37.43,29802670,FYERS_HISTORY,2026-08-08T23:56:51+05:30
2012-08-30,SMD-0225,TATASTEEL,NSE:TATASTEEL-EQ,37.32,37.36,36.44,36.58,56135720,FYERS_HISTORY,2026-08-08T23:56:51+05:30
2012-08-31,SMD-0225,TATASTEEL,NSE:TATASTEEL-EQ,36.59,36.85,35.8,36.13,47826060,FYERS_HISTORY,2026-08-08T23:56:51+05:30
2012-09-03,SMD-0225,TATASTEEL,NSE:TATASTEEL-EQ,36.4,36.65,35.51,35.79,36520710,FYERS_HISTORY,2026-08-08T23:56:51+05:30
2012-09-04,SMD-0225,TATASTEEL,NSE:TATASTEEL-EQ,35.76,36.48,35.54,36.36,31580670,FYERS_HISTORY,2026-08-08T23:56:51+05:30
2012-09-05,SMD-0225,TATASTEEL,NSE:TATASTEEL-EQ,36.05,36.16,34.84,34.98,56371140,FYERS_HISTORY,2026-08-08T23:56:51+05:30
2012-09-06,SMD-0225,TATASTEEL,NSE:TATASTEEL-EQ,35.06,35.38,34.71,35.11,47034730,FYERS_HISTORY,2026-08-08T23:56:51+05:30
2012-09-07,SMD-0225,TATASTEEL,NSE:TATASTEEL-EQ,36.01,37.19,36.01,37.08,71283900,FYERS_HISTORY,2026-08-08T23:56:51+05:30
2012-09-08,SMD-0225,TATASTEEL,NSE:TATASTEEL-EQ,37.2,37.49,37.1,37.37,6933120,FYERS_HISTORY,2026-08-08T23:56:51+05:30
2012-09-10,SMD-0225,TATASTEEL,NSE:TATASTEEL-EQ,37.49,38.33,37.49,37.99,60906530,FYERS_HISTORY,2026-08-08T23:56:51+05:30
2012-09-11,SMD-0225,TATASTEEL,NSE:TATASTEEL-EQ,37.81,37.91,37.41,37.68,24448640,FYERS_HISTORY,2026-08-08T23:56:51+05:30
2012-09-12,SMD-0225,TATASTEEL,NSE:TATASTEEL-EQ,38.18,38.79,37.61,38.7,43901000,FYERS_HISTORY,2026-08-08T23:56:51+05:30
2012-09-13,SMD-0225,TATASTEEL,NSE:TATASTEEL-EQ,38.79,39.03,38.21,38.75,37436310,FYERS_HISTORY,2026-08-08T23:56:51+05:30
2012-09-14,SMD-0225,TATASTEEL,NSE:TATASTEEL-EQ,39.96,40.79,39.9,40.49,75021630,FYERS_HISTORY,2026-08-08T23:56:51+05:30
2012-09-17,SMD-0225,TATASTEEL,NSE:TATASTEEL-EQ,40.99,41.5,40.39,40.98,64594850,FYERS_HISTORY,2026-08-08T23:56:51+05:30
2012-09-18,SMD-0225,TATASTEEL,NSE:TATASTEEL-EQ,40.79,40.98,40.39,40.52,32917200,FYERS_HISTORY,2026-08-08T23:56:51+05:30
2012-09-20,SMD-0225,TATASTEEL,NSE:TATASTEEL-EQ,40.09,40.17,39.19,39.3,37914390,FYERS_HISTORY,2026-08-08T23:56:51+05:30
2012-09-21,SMD-0225,TATASTEEL,NSE:TATASTEEL-EQ,39.64,41.38,39.64,40.92,70401940,FYERS_HISTORY,2026-08-08T23:56:51+05:30
2012-09-24,SMD-0225,TATASTEEL,NSE:TATASTEEL-EQ,40.94,41.48,40.44,40.66,43789290,FYERS_HISTORY,2026-08-08T23:56:51+05:30
2012-09-25,SMD-0225,TATASTEEL,NSE:TATASTEEL-EQ,40.64,40.83,39.65,40.02,42191910,FYERS_HISTORY,2026-08-08T23:56:51+05:30
2012-09-26,SMD-0225,TATASTEEL,NSE:TATASTEEL-EQ,39.8,40.49,39.4,39.61,46084640,FYERS_HISTORY,2026-08-08T23:56:51+05:30
2012-09-27,SMD-0225,TATASTEEL,NSE:TATASTEEL-EQ,39.61,40.23,39.49,39.62,50382720,FYERS_HISTORY,2026-08-08T23:56:51+05:30
2012-09-28,SMD-0225,TATASTEEL,NSE:TATASTEEL-EQ,40.09,40.95,39.87,40.08,52969070,FYERS_HISTORY,2026-08-08T23:56:51+05:30
2012-10-01,SMD-0225,TATASTEEL,NSE:TATASTEEL-EQ,40.18,40.25,39.29,39.88,37671040,FYERS_HISTORY,2026-08-08T23:56:51+05:30
2012-10-03,SMD-0225,TATASTEEL,NSE:TATASTEEL-EQ,39.94,40.57,39.74,40.37,42447480,FYERS_HISTORY,2026-08-08T23:56:51+05:30
2012-10-04,SMD-0225,TATASTEEL,NSE:TATASTEEL-EQ,40.67,41.26,40.54,40.89,51906780,FYERS_HISTORY,2026-08-08T23:56:51+05:30
2012-10-05,SMD-0225,TATASTEEL,NSE:TATASTEEL-EQ,41.25,41.39,33.89,41.04,58446940,FYERS_HISTORY,2026-08-08T23:56:51+05:30
2012-10-08,SMD-0225,TATASTEEL,NSE:TATASTEEL-EQ,40.89,41.78,40.57,40.75,72981820,FYERS_HISTORY,2026-08-08T23:56:51+05:30
2012-10-09,SMD-0225,TATASTEEL,NSE:TATASTEEL-EQ,41.12,41.58,40.8,41.19,35893320,FYERS_HISTORY,2026-08-08T23:56:51+05:30
2012-10-10,SMD-0225,TATASTEEL,NSE:TATASTEEL-EQ,41.18,41.83,41.0,41.15,50050330,FYERS_HISTORY,2026-08-08T23:56:51+05:30
2012-10-11,SMD-0225,TATASTEEL,NSE:TATASTEEL-EQ,41.43,42.18,41.01,42.01,59987060,FYERS_HISTORY,2026-08-08T23:56:51+05:30
2012-10-12,SMD-0225,TATASTEEL,NSE:TATASTEEL-EQ,42.22,42.64,41.93,42.08,52355680,FYERS_HISTORY,2026-08-08T23:56:51+05:30
2012-10-15,SMD-0225,TATASTEEL,NSE:TATASTEEL-EQ,41.99,42.24,41.59,41.88,31024780,FYERS_HISTORY,2026-08-08T23:56:51+05:30
2012-10-16,SMD-0225,TATASTEEL,NSE:TATASTEEL-EQ,42.17,42.27,40.7,40.9,29898750,FYERS_HISTORY,2026-08-08T23:56:51+05:30
2012-10-17,SMD-0225,TATASTEEL,NSE:TATASTEEL-EQ,41.48,41.48,40.41,40.71,31696500,FYERS_HISTORY,2026-08-08T23:56:51+05:30
2012-10-18,SMD-0225,TATASTEEL,NSE:TATASTEEL-EQ,40.93,41.24,40.57,41.16,40680290,FYERS_HISTORY,2026-08-08T23:56:51+05:30
2012-10-19,SMD-0225,TATASTEEL,NSE:TATASTEEL-EQ,40.99,41.27,40.51,40.73,30931530,FYERS_HISTORY,2026-08-08T23:56:51+05:30
2012-10-22,SMD-0225,TATASTEEL,NSE:TATASTEEL-EQ,40.51,41.03,40.3,40.77,22436530,FYERS_HISTORY,2026-08-08T23:56:51+05:30
2012-10-23,SMD-0225,TATASTEEL,NSE:TATASTEEL-EQ,40.39,40.98,40.35,40.43,16831890,FYERS_HISTORY,2026-08-08T23:56:51+05:30
2012-10-25,SMD-0225,TATASTEEL,NSE:TATASTEEL-EQ,40.5,40.67,39.78,39.87,43897700,FYERS_HISTORY,2026-08-08T23:56:51+05:30
2012-10-26,SMD-0225,TATASTEEL,NSE:TATASTEEL-EQ,39.74,40.17,39.65,39.97,19384510,FYERS_HISTORY,2026-08-08T23:56:51+05:30
2012-10-29,SMD-0225,TATASTEEL,NSE:TATASTEEL-EQ,40.09,40.42,39.9,40.19,18782160,FYERS_HISTORY,2026-08-08T23:56:51+05:30
2012-10-30,SMD-0225,TATASTEEL,NSE:TATASTEEL-EQ,40.19,40.36,39.24,39.29,21270080,FYERS_HISTORY,2026-08-08T23:56:51+05:30
2012-10-31,SMD-0225,TATASTEEL,NSE:TATASTEEL-EQ,39.39,39.55,38.85,39.21,38260960,FYERS_HISTORY,2026-08-08T23:56:51+05:30
2012-11-01,SMD-0225,TATASTEEL,NSE:TATASTEEL-EQ,39.29,39.98,39.19,39.73,24772610,FYERS_HISTORY,2026-08-08T23:56:51+05:30
2012-11-02,SMD-0225,TATASTEEL,NSE:TATASTEEL-EQ,40.03,40.38,39.84,40.22,25749130,FYERS_HISTORY,2026-08-08T23:56:51+05:30
2012-11-05,SMD-0225,TATASTEEL,NSE:TATASTEEL-EQ,39.9,39.96,39.54,39.75,17088210,FYERS_HISTORY,2026-08-08T23:56:51+05:30
2012-11-06,SMD-0225,TATASTEEL,NSE:TATASTEEL-EQ,39.4,39.96,39.37,39.88,24283420,FYERS_HISTORY,2026-08-08T23:56:51+05:30
2012-11-07,SMD-0225,TATASTEEL,NSE:TATASTEEL-EQ,39.65,40.48,39.65,40.18,24267290,FYERS_HISTORY,2026-08-08T23:56:51+05:30
2012-11-08,SMD-0225,TATASTEEL,NSE:TATASTEEL-EQ,39.94,40.46,39.65,40.38,22669310,FYERS_HISTORY,2026-08-08T23:56:51+05:30
2012-11-09,SMD-0225,TATASTEEL,NSE:TATASTEEL-EQ,40.41,40.86,38.54,39.04,57549260,FYERS_HISTORY,2026-08-08T23:56:51+05:30
2012-11-12,SMD-0225,TATASTEEL,NSE:TATASTEEL-EQ,38.55,38.62,38.11,38.4,37858600,FYERS_HISTORY,2026-08-08T23:56:51+05:30
2012-11-13,SMD-0225,TATASTEEL,NSE:TATASTEEL-EQ,38.58,38.74,38.4,38.58,7479190,FYERS_HISTORY,2026-08-08T23:56:51+05:30
2012-11-15,SMD-0225,TATASTEEL,NSE:TATASTEEL-EQ,38.48,38.48,37.4,37.53,33694270,FYERS_HISTORY,2026-08-08T23:56:51+05:30
2012-11-16,SMD-0225,TATASTEEL,NSE:TATASTEEL-EQ,37.49,37.98,36.9,37.0,31192170,FYERS_HISTORY,2026-08-08T23:56:51+05:30
2012-11-19,SMD-0225,TATASTEEL,NSE:TATASTEEL-EQ,36.99,37.35,36.2,36.34,36298610,FYERS_HISTORY,2026-08-08T23:56:51+05:30
2012-11-20,SMD-0225,TATASTEEL,NSE:TATASTEEL-EQ,36.79,36.82,35.9,36.04,32185370,FYERS_HISTORY,2026-08-08T23:56:51+05:30
2012-11-21,SMD-0225,TATASTEEL,NSE:TATASTEEL-EQ,36.26,36.65,35.99,36.46,23513120,FYERS_HISTORY,2026-08-08T23:56:51+05:30
2012-11-22,SMD-0225,TATASTEEL,NSE:TATASTEEL-EQ,36.79,36.93,36.26,36.58,29554040,FYERS_HISTORY,2026-08-08T23:56:51+05:30
2012-11-23,SMD-0225,TATASTEEL,NSE:TATASTEEL-EQ,36.66,36.82,36.11,36.47,22308650,FYERS_HISTORY,2026-08-08T23:56:51+05:30
2012-11-26,SMD-0225,TATASTEEL,NSE:TATASTEEL-EQ,36.51,37.41,36.51,37.17,28838370,FYERS_HISTORY,2026-08-08T23:56:51+05:30
2012-11-27,SMD-0225,TATASTEEL,NSE:TATASTEEL-EQ,37.49,37.88,37.32,37.58,31774240,FYERS_HISTORY,2026-08-08T23:56:51+05:30
2012-11-29,SMD-0225,TATASTEEL,NSE:TATASTEEL-EQ,37.69,38.16,37.56,37.67,39610090,FYERS_HISTORY,2026-08-08T23:56:51+05:30
2012-11-30,SMD-0225,TATASTEEL,NSE:TATASTEEL-EQ,37.67,38.77,37.67,38.61,48182140,FYERS_HISTORY,2026-08-08T23:56:51+05:30
2012-12-03,SMD-0225,TATASTEEL,NSE:TATASTEEL-EQ,38.79,39.33,38.69,39.06,34569180,FYERS_HISTORY,2026-08-08T23:56:51+05:30
2012-12-04,SMD-0225,TATASTEEL,NSE:TATASTEEL-EQ,39.09,39.22,38.66,39.0,24163420,FYERS_HISTORY,2026-08-08T23:56:51+05:30
2012-12-05,SMD-0225,TATASTEEL,NSE:TATASTEEL-EQ,39.45,39.98,39.25,39.81,39548470,FYERS_HISTORY,2026-08-08T23:56:51+05:30
2012-12-06,SMD-0225,TATASTEEL,NSE:TATASTEEL-EQ,39.95,40.38,39.22,39.97,26047650,FYERS_HISTORY,2026-08-08T23:56:51+05:30
2012-12-07,SMD-0225,TATASTEEL,NSE:TATASTEEL-EQ,40.24,40.38,39.2,39.41,35243950,FYERS_HISTORY,2026-08-08T23:56:51+05:30
2012-12-10,SMD-0225,TATASTEEL,NSE:TATASTEEL-EQ,39.49,40.08,39.44,40.02,25945610,FYERS_HISTORY,2026-08-08T23:56:51+05:30
2012-12-11,SMD-0225,TATASTEEL,NSE:TATASTEEL-EQ,40.25,40.28,39.26,39.6,30734490,FYERS_HISTORY,2026-08-08T23:56:51+05:30
2012-12-12,SMD-0225,TATASTEEL,NSE:TATASTEEL-EQ,39.68,40.02,39.43,39.53,31326850,FYERS_HISTORY,2026-08-08T23:56:51+05:30
2012-12-13,SMD-0225,TATASTEEL,NSE:TATASTEEL-EQ,39.65,39.75,38.71,38.85,30597920,FYERS_HISTORY,2026-08-08T23:56:51+05:30
2012-12-14,SMD-0225,TATASTEEL,NSE:TATASTEEL-EQ,38.89,39.99,38.69,39.69,26340830,FYERS_HISTORY,2026-08-08T23:56:51+05:30
2012-12-17,SMD-0225,TATASTEEL,NSE:TATASTEEL-EQ,39.84,40.23,39.52,39.89,31183090,FYERS_HISTORY,2026-08-08T23:56:51+05:30
2012-12-18,SMD-0225,TATASTEEL,NSE:TATASTEEL-EQ,40.1,41.6,39.6,41.42,83365820,FYERS_HISTORY,2026-08-08T23:56:51+05:30
2012-12-19,SMD-0225,TATASTEEL,NSE:TATASTEEL-EQ,41.78,42.48,41.59,42.4,88318750,FYERS_HISTORY,2026-08-08T23:56:51+05:30
2012-12-20,SMD-0225,TATASTEEL,NSE:TATASTEEL-EQ,42.29,43.35,41.56,43.15,76949750,FYERS_HISTORY,2026-08-08T23:56:51+05:30
2012-12-21,SMD-0225,TATASTEEL,NSE:TATASTEEL-EQ,42.82,43.64,42.48,43.06,58155140,FYERS_HISTORY,2026-08-08T23:56:51+05:30
2012-12-24,SMD-0225,TATASTEEL,NSE:TATASTEEL-EQ,43.0,43.58,42.68,42.85,49890880,FYERS_HISTORY,2026-08-08T23:56:51+05:30
2012-12-26,SMD-0225,TATASTEEL,NSE:TATASTEEL-EQ,42.89,43.37,42.76,42.98,24337900,FYERS_HISTORY,2026-08-08T23:56:51+05:30
2012-12-27,SMD-0225,TATASTEEL,NSE:TATASTEEL-EQ,43.29,43.67,42.99,43.06,42091610,FYERS_HISTORY,2026-08-08T23:56:51+05:30
2012-12-28,SMD-0225,TATASTEEL,NSE:TATASTEEL-EQ,43.17,43.35,42.62,42.84,28322540,FYERS_HISTORY,2026-08-08T23:56:51+05:30
2012-12-31,SMD-0225,TATASTEEL,NSE:TATASTEEL-EQ,42.75,43.16,42.69,42.84,18362610,FYERS_HISTORY,2026-08-08T23:56:51+05:30
2013-01-01,SMD-0225,TATASTEEL,NSE:TATASTEEL-EQ,43.18,43.99,43.12,43.81,31034070,FYERS_HISTORY,2026-08-08T23:56:51+05:30
2013-01-02,SMD-0225,TATASTEEL,NSE:TATASTEEL-EQ,44.24,44.36,43.67,43.8,25959850,FYERS_HISTORY,2026-08-08T23:56:51+05:30
2013-01-03,SMD-0225,TATASTEEL,NSE:TATASTEEL-EQ,43.99,44.45,43.87,44.22,32829870,FYERS_HISTORY,2026-08-08T23:56:51+05:30
2013-01-04,SMD-0225,TATASTEEL,NSE:TATASTEEL-EQ,44.09,44.09,42.99,43.34,36438500,FYERS_HISTORY,2026-08-08T23:56:51+05:30
2013-01-07,SMD-0225,TATASTEEL,NSE:TATASTEEL-EQ,43.48,44.79,43.01,44.08,68499120,FYERS_HISTORY,2026-08-08T23:56:51+05:30
2013-01-08,SMD-0225,TATASTEEL,NSE:TATASTEEL-EQ,43.97,43.99,43.0,43.32,37751640,FYERS_HISTORY,2026-08-08T23:56:51+05:30
2013-01-09,SMD-0225,TATASTEEL,NSE:TATASTEEL-EQ,43.39,43.54,42.09,42.22,74676310,FYERS_HISTORY,2026-08-08T23:56:51+05:30
2013-01-10,SMD-0225,TATASTEEL,NSE:TATASTEEL-EQ,42.48,42.67,41.81,42.04,47991410,FYERS_HISTORY,2026-08-08T23:56:51+05:30
2013-01-11,SMD-0225,TATASTEEL,NSE:TATASTEEL-EQ,42.04,42.47,41.55,41.72,33505120,FYERS_HISTORY,2026-08-08T23:56:51+05:30
2013-01-14,SMD-0225,TATASTEEL,NSE:TATASTEEL-EQ,41.8,42.44,41.32,42.37,27872000,FYERS_HISTORY,2026-08-08T23:56:51+05:30
2013-01-15,SMD-0225,TATASTEEL,NSE:TATASTEEL-EQ,42.34,42.77,42.1,42.47,29827170,FYERS_HISTORY,2026-08-08T23:56:51+05:30
2013-01-16,SMD-0225,TATASTEEL,NSE:TATASTEEL-EQ,42.14,42.36,41.35,41.48,23701890,FYERS_HISTORY,2026-08-08T23:56:51+05:30
2013-01-17,SMD-0225,TATASTEEL,NSE:TATASTEEL-EQ,41.12,42.04,40.87,41.86,41994280,FYERS_HISTORY,2026-08-08T23:56:51+05:30
2013-01-18,SMD-0225,TATASTEEL,NSE:TATASTEEL-EQ,41.95,42.29,41.33,41.49,27059050,FYERS_HISTORY,2026-08-08T23:56:51+05:30
2013-01-21,SMD-0225,TATASTEEL,NSE:TATASTEEL-EQ,41.49,41.89,41.14,41.4,25495270,FYERS_HISTORY,2026-08-08T23:56:51+05:30
2013-01-22,SMD-0225,TATASTEEL,NSE:TATASTEEL-EQ,41.4,41.92,40.7,40.86,25557230,FYERS_HISTORY,2026-08-08T23:56:51+05:30
2013-01-23,SMD-0225,TATASTEEL,NSE:TATASTEEL-EQ,41.03,41.35,40.25,40.74,30921290,FYERS_HISTORY,2026-08-08T23:56:51+05:30
2013-01-24,SMD-0225,TATASTEEL,NSE:TATASTEEL-EQ,40.85,41.18,40.26,40.44,31369490,FYERS_HISTORY,2026-08-08T23:56:51+05:30
2013-01-25,SMD-0225,TATASTEEL,NSE:TATASTEEL-EQ,40.46,40.81,39.84,40.66,33893190,FYERS_HISTORY,2026-08-08T23:56:51+05:30
2013-01-28,SMD-0225,TATASTEEL,NSE:TATASTEEL-EQ,40.76,41.03,40.45,40.55,28010030,FYERS_HISTORY,2026-08-08T23:56:51+05:30
2013-01-29,SMD-0225,TATASTEEL,NSE:TATASTEEL-EQ,40.57,41.13,39.7,39.89,38571270,FYERS_HISTORY,2026-08-08T23:56:51+05:30
2013-01-30,SMD-0225,TATASTEEL,NSE:TATASTEEL-EQ,40.08,40.84,39.95,40.61,34799350,FYERS_HISTORY,2026-08-08T23:56:51+05:30
2013-01-31,SMD-0225,TATASTEEL,NSE:TATASTEEL-EQ,40.49,40.7,40.13,40.48,29727760,FYERS_HISTORY,2026-08-08T23:56:51+05:30
2013-02-01,SMD-0225,TATASTEEL,NSE:TATASTEEL-EQ,40.65,41.16,39.94,40.07,32539750,FYERS_HISTORY,2026-08-08T23:56:51+05:30
2013-02-04,SMD-0225,TATASTEEL,NSE:TATASTEEL-EQ,40.29,40.43,39.4,39.49,37999310,FYERS_HISTORY,2026-08-08T23:56:51+05:30
2013-02-05,SMD-0225,TATASTEEL,NSE:TATASTEEL-EQ,39.19,39.78,39.15,39.46,29180770,FYERS_HISTORY,2026-08-08T23:56:51+05:30
2013-02-06,SMD-0225,TATASTEEL,NSE:TATASTEEL-EQ,39.63,40.27,39.63,39.73,34743170,FYERS_HISTORY,2026-08-08T23:56:51+05:30
2013-02-07,SMD-0225,TATASTEEL,NSE:TATASTEEL-EQ,39.74,39.79,38.95,39.03,26751800,FYERS_HISTORY,2026-08-08T23:56:51+05:30
2013-02-08,SMD-0225,TATASTEEL,NSE:TATASTEEL-EQ,39.07,39.38,38.49,38.73,29876810,FYERS_HISTORY,2026-08-08T23:56:51+05:30
2013-02-11,SMD-0225,TATASTEEL,NSE:TATASTEEL-EQ,38.99,39.03,38.39,38.47,26015640,FYERS_HISTORY,2026-08-08T23:56:51+05:30
2013-02-12,SMD-0225,TATASTEEL,NSE:TATASTEEL-EQ,38.5,38.74,38.21,38.48,24971390,FYERS_HISTORY,2026-08-08T23:56:51+05:30
2013-02-13,SMD-0225,TATASTEEL,NSE:TATASTEEL-EQ,38.5,38.76,37.5,37.59,40026940,FYERS_HISTORY,2026-08-08T23:56:51+05:30
2013-02-14,SMD-0225,TATASTEEL,NSE:TATASTEEL-EQ,36.99,38.24,36.82,38.08,71380760,FYERS_HISTORY,2026-08-08T23:56:51+05:30
2013-02-15,SMD-0225,TATASTEEL,NSE:TATASTEEL-EQ,37.79,38.22,37.17,37.6,35946380,FYERS_HISTORY,2026-08-08T23:56:51+05:30
2013-02-18,SMD-0225,TATASTEEL,NSE:TATASTEEL-EQ,37.59,38.69,37.44,38.51,37625430,FYERS_HISTORY,2026-08-08T23:56:51+05:30
2013-02-19,SMD-0225,TATASTEEL,NSE:TATASTEEL-EQ,38.59,38.87,38.0,38.66,26388970,FYERS_HISTORY,2026-08-08T23:56:51+05:30
2013-02-20,SMD-0225,TATASTEEL,NSE:TATASTEEL-EQ,38.78,38.87,37.8,37.91,41019060,FYERS_HISTORY,2026-08-08T23:56:51+05:30
2013-02-21,SMD-0225,TATASTEEL,NSE:TATASTEEL-EQ,37.57,37.57,36.34,36.38,57981370,FYERS_HISTORY,2026-08-08T23:56:51+05:30
2013-02-22,SMD-0225,TATASTEEL,NSE:TATASTEEL-EQ,36.41,36.78,36.06,36.44,49438670,FYERS_HISTORY,2026-08-08T23:56:51+05:30
2013-02-25,SMD-0225,TATASTEEL,NSE:TATASTEEL-EQ,36.56,36.83,35.96,36.06,32436860,FYERS_HISTORY,2026-08-08T23:56:51+05:30
2013-02-26,SMD-0225,TATASTEEL,NSE:TATASTEEL-EQ,35.99,36.01,34.84,34.93,45057320,FYERS_HISTORY,2026-08-08T23:56:51+05:30
2013-02-27,SMD-0225,TATASTEEL,NSE:TATASTEEL-EQ,35.05,35.81,34.61,35.7,47134950,FYERS_HISTORY,2026-08-08T23:56:51+05:30
2013-02-28,SMD-0225,TATASTEEL,NSE:TATASTEEL-EQ,35.89,36.04,33.79,34.14,70178670,FYERS_HISTORY,2026-08-08T23:56:51+05:30
2013-03-01,SMD-0225,TATASTEEL,NSE:TATASTEEL-EQ,34.17,34.75,33.99,34.1,32185850,FYERS_HISTORY,2026-08-08T23:56:51+05:30
2013-03-04,SMD-0225,TATASTEEL,NSE:TATASTEEL-EQ,33.99,34.02,33.32,33.46,32563200,FYERS_HISTORY,2026-08-08T23:56:51+05:30
2013-03-05,SMD-0225,TATASTEEL,NSE:TATASTEEL-EQ,33.51,34.54,33.34,34.4,47035600,FYERS_HISTORY,2026-08-08T23:56:51+05:30
2013-03-06,SMD-0225,TATASTEEL,NSE:TATASTEEL-EQ,34.7,35.64,34.3,35.26,48311760,FYERS_HISTORY,2026-08-08T23:56:51+05:30
2013-03-07,SMD-0225,TATASTEEL,NSE:TATASTEEL-EQ,35.28,35.28,34.44,35.04,29831600,FYERS_HISTORY,2026-08-08T23:56:51+05:30
2013-03-08,SMD-0225,TATASTEEL,NSE:TATASTEEL-EQ,35.19,36.16,35.19,35.9,47951860,FYERS_HISTORY,2026-08-08T23:56:51+05:30
2013-03-11,SMD-0225,TATASTEEL,NSE:TATASTEEL-EQ,35.85,36.27,35.44,35.92,36619270,FYERS_HISTORY,2026-08-08T23:56:51+05:30
2013-03-12,SMD-0225,TATASTEEL,NSE:TATASTEEL-EQ,35.99,36.14,35.19,35.61,34054950,FYERS_HISTORY,2026-08-08T23:56:51+05:30
2013-03-13,SMD-0225,TATASTEEL,NSE:TATASTEEL-EQ,35.49,35.68,35.06,35.2,23989850,FYERS_HISTORY,2026-08-08T23:56:51+05:30
2013-03-14,SMD-0225,TATASTEEL,NSE:TATASTEEL-EQ,35.2,35.81,34.65,35.7,30709680,FYERS_HISTORY,2026-08-08T23:56:51+05:30
2013-03-15,SMD-0225,TATASTEEL,NSE:TATASTEEL-EQ,35.77,36.27,35.31,35.43,27845340,FYERS_HISTORY,2026-08-08T23:56:51+05:30
2013-03-18,SMD-0225,TATASTEEL,NSE:TATASTEEL-EQ,34.87,35.19,34.62,34.92,19970840,FYERS_HISTORY,2026-08-08T23:56:51+05:30
2013-03-19,SMD-0225,TATASTEEL,NSE:TATASTEEL-EQ,35.09,35.16,33.83,33.96,28157550,FYERS_HISTORY,2026-08-08T23:56:51+05:30
2013-03-20,SMD-0225,TATASTEEL,NSE:TATASTEEL-EQ,33.96,34.23,33.25,33.46,30701020,FYERS_HISTORY,2026-08-08T23:56:51+05:30
2013-03-21,SMD-0225,TATASTEEL,NSE:TATASTEEL-EQ,33.64,34.08,32.49,32.77,34035030,FYERS_HISTORY,2026-08-08T23:56:51+05:30
2013-03-22,SMD-0225,TATASTEEL,NSE:TATASTEEL-EQ,32.7,32.79,32.01,32.17,38111890,FYERS_HISTORY,2026-08-08T23:56:51+05:30
2013-03-25,SMD-0225,TATASTEEL,NSE:TATASTEEL-EQ,32.79,32.82,31.3,31.43,47476450,FYERS_HISTORY,2026-08-08T23:56:51+05:30
2013-03-26,SMD-0225,TATASTEEL,NSE:TATASTEEL-EQ,31.2,31.38,30.49,30.65,45519060,FYERS_HISTORY,2026-08-08T23:56:51+05:30
2013-03-28,SMD-0225,TATASTEEL,NSE:TATASTEEL-EQ,30.54,31.73,30.06,31.27,132273800,FYERS_HISTORY,2026-08-08T23:56:51+05:30
2013-04-01,SMD-0225,TATASTEEL,NSE:TATASTEEL-EQ,31.46,31.64,31.01,31.46,32607220,FYERS_HISTORY,2026-08-08T23:56:51+05:30
2013-04-02,SMD-0225,TATASTEEL,NSE:TATASTEEL-EQ,31.4,32.13,31.31,31.96,34072360,FYERS_HISTORY,2026-08-08T23:56:51+05:30
2013-04-03,SMD-0225,TATASTEEL,NSE:TATASTEEL-EQ,31.87,32.52,31.55,31.67,38306420,FYERS_HISTORY,2026-08-08T23:56:51+05:30
2013-04-04,SMD-0225,TATASTEEL,NSE:TATASTEEL-EQ,31.5,31.54,30.3,30.43,47783250,FYERS_HISTORY,2026-08-08T23:56:51+05:30
2013-04-05,SMD-0225,TATASTEEL,NSE:TATASTEEL-EQ,30.34,31.25,30.31,30.91,39845390,FYERS_HISTORY,2026-08-08T23:56:51+05:30
2013-04-08,SMD-0225,TATASTEEL,NSE:TATASTEEL-EQ,31.04,31.24,30.46,30.58,33312850,FYERS_HISTORY,2026-08-08T23:56:51+05:30
2013-04-09,SMD-0225,TATASTEEL,NSE:TATASTEEL-EQ,30.8,31.37,30.35,30.43,38638750,FYERS_HISTORY,2026-08-08T23:56:51+05:30
2013-04-10,SMD-0225,TATASTEEL,NSE:TATASTEEL-EQ,30.73,30.88,29.99,30.52,57112290,FYERS_HISTORY,2026-08-08T23:56:51+05:30
2013-04-11,SMD-0225,TATASTEEL,NSE:TATASTEEL-EQ,30.79,30.83,29.76,29.84,63521400,FYERS_HISTORY,2026-08-08T23:56:51+05:30
2013-04-12,SMD-0225,TATASTEEL,NSE:TATASTEEL-EQ,29.69,30.32,29.5,29.94,49836590,FYERS_HISTORY,2026-08-08T23:56:51+05:30
2013-04-15,SMD-0225,TATASTEEL,NSE:TATASTEEL-EQ,29.79,29.79,29.36,29.44,35803790,FYERS_HISTORY,2026-08-08T23:56:51+05:30
2013-04-16,SMD-0225,TATASTEEL,NSE:TATASTEEL-EQ,29.44,30.06,29.24,29.83,60559450,FYERS_HISTORY,2026-08-08T23:56:51+05:30
2013-04-17,SMD-0225,TATASTEEL,NSE:TATASTEEL-EQ,30.09,30.34,29.6,29.7,65257500,FYERS_HISTORY,2026-08-08T23:56:51+05:30
2013-04-18,SMD-0225,TATASTEEL,NSE:TATASTEEL-EQ,29.71,30.24,29.37,29.97,54863760,FYERS_HISTORY,2026-08-08T23:56:51+05:30
2013-04-22,SMD-0225,TATASTEEL,NSE:TATASTEEL-EQ,30.17,30.81,30.09,30.66,53081980,FYERS_HISTORY,2026-08-08T23:56:51+05:30
2013-04-23,SMD-0225,TATASTEEL,NSE:TATASTEEL-EQ,30.7,31.21,30.6,30.9,50304490,FYERS_HISTORY,2026-08-08T23:56:51+05:30
2013-04-25,SMD-0225,TATASTEEL,NSE:TATASTEEL-EQ,31.02,31.43,30.99,31.24,45466420,FYERS_HISTORY,2026-08-08T23:56:51+05:30
2013-04-26,SMD-0225,TATASTEEL,NSE:TATASTEEL-EQ,31.32,31.65,30.41,30.5,35929270,FYERS_HISTORY,2026-08-08T23:56:51+05:30
2013-04-29,SMD-0225,TATASTEEL,NSE:TATASTEEL-EQ,30.54,30.66,30.1,30.24,25256300,FYERS_HISTORY,2026-08-08T23:56:51+05:30
2013-04-30,SMD-0225,TATASTEEL,NSE:TATASTEEL-EQ,30.48,30.73,29.76,30.27,41302640,FYERS_HISTORY,2026-08-08T23:56:51+05:30
2013-05-02,SMD-0225,TATASTEEL,NSE:TATASTEEL-EQ,30.39,30.64,30.19,30.45,28308420,FYERS_HISTORY,2026-08-08T23:56:51+05:30
2013-05-03,SMD-0225,TATASTEEL,NSE:TATASTEEL-EQ,30.34,31.43,30.1,31.11,53639200,FYERS_HISTORY,2026-08-08T23:56:51+05:30
2013-05-06,SMD-0225,TATASTEEL,NSE:TATASTEEL-EQ,31.32,32.32,31.29,32.24,58893430,FYERS_HISTORY,2026-08-08T23:56:51+05:30
2013-05-07,SMD-0225,TATASTEEL,NSE:TATASTEEL-EQ,32.41,32.63,31.99,32.46,50313780,FYERS_HISTORY,2026-08-08T23:56:51+05:30
2013-05-08,SMD-0225,TATASTEEL,NSE:TATASTEEL-EQ,32.61,32.67,31.62,31.85,51702180,FYERS_HISTORY,2026-08-08T23:56:51+05:30
2013-05-09,SMD-0225,TATASTEEL,NSE:TATASTEEL-EQ,31.96,32.18,31.47,31.6,31355780,FYERS_HISTORY,2026-08-08T23:56:51+05:30
2013-05-10,SMD-0225,TATASTEEL,NSE:TATASTEEL-EQ,31.68,32.03,31.5,31.84,28284940,FYERS_HISTORY,2026-08-08T23:56:51+05:30
2013-05-11,SMD-0225,TATASTEEL,NSE:TATASTEEL-EQ,31.89,31.98,31.79,31.86,1828110,FYERS_HISTORY,2026-08-08T23:56:51+05:30
2013-05-13,SMD-0225,TATASTEEL,NSE:TATASTEEL-EQ,31.88,32.11,30.49,30.55,40548690,FYERS_HISTORY,2026-08-08T23:56:51+05:30
2013-05-14,SMD-0225,TATASTEEL,NSE:TATASTEEL-EQ,30.27,30.66,29.64,30.38,62097400,FYERS_HISTORY,2026-08-08T23:56:51+05:30
2013-05-15,SMD-0225,TATASTEEL,NSE:TATASTEEL-EQ,30.49,30.97,30.49,30.82,37752450,FYERS_HISTORY,2026-08-08T23:56:51+05:30
2013-05-16,SMD-0225,TATASTEEL,NSE:TATASTEEL-EQ,30.82,31.45,30.75,31.17,44209490,FYERS_HISTORY,2026-08-08T23:56:51+05:30
2013-05-17,SMD-0225,TATASTEEL,NSE:TATASTEEL-EQ,31.26,31.33,30.84,31.17,31695330,FYERS_HISTORY,2026-08-08T23:56:51+05:30
2013-05-20,SMD-0225,TATASTEEL,NSE:TATASTEEL-EQ,31.28,31.96,31.24,31.52,40889770,FYERS_HISTORY,2026-08-08T23:56:51+05:30
2013-05-21,SMD-0225,TATASTEEL,NSE:TATASTEEL-EQ,31.49,31.64,30.66,30.85,29719310,FYERS_HISTORY,2026-08-08T23:56:51+05:30
2013-05-22,SMD-0225,TATASTEEL,NSE:TATASTEEL-EQ,30.73,31.34,30.4,30.59,33161180,FYERS_HISTORY,2026-08-08T23:56:51+05:30
2013-05-23,SMD-0225,TATASTEEL,NSE:TATASTEEL-EQ,30.49,31.04,29.53,29.95,84898480,FYERS_HISTORY,2026-08-08T23:56:51+05:30
2013-05-24,SMD-0225,TATASTEEL,NSE:TATASTEEL-EQ,31.0,31.94,30.64,31.29,115123400,FYERS_HISTORY,2026-08-08T23:56:51+05:30
2013-05-27,SMD-0225,TATASTEEL,NSE:TATASTEEL-EQ,31.3,31.85,31.07,31.7,37028430,FYERS_HISTORY,2026-08-08T23:56:51+05:30
2013-05-28,SMD-0225,TATASTEEL,NSE:TATASTEEL-EQ,31.59,32.37,31.59,32.17,52216050,FYERS_HISTORY,2026-08-08T23:56:51+05:30
2013-05-29,SMD-0225,TATASTEEL,NSE:TATASTEEL-EQ,32.16,32.28,31.24,31.44,36053960,FYERS_HISTORY,2026-08-08T23:56:51+05:30
2013-05-30,SMD-0225,TATASTEEL,NSE:TATASTEEL-EQ,31.29,31.29,30.07,30.16,64105550,FYERS_HISTORY,2026-08-08T23:56:51+05:30
2013-05-31,SMD-0225,TATASTEEL,NSE:TATASTEEL-EQ,30.37,30.37,29.0,29.17,67677340,FYERS_HISTORY,2026-08-08T23:56:51+05:30
2013-06-03,SMD-0225,TATASTEEL,NSE:TATASTEEL-EQ,29.34,29.77,29.0,29.64,43586070,FYERS_HISTORY,2026-08-08T23:56:51+05:30
2013-06-04,SMD-0225,TATASTEEL,NSE:TATASTEEL-EQ,29.71,30.23,29.7,29.87,38359280,FYERS_HISTORY,2026-08-08T23:56:51+05:30
2013-06-05,SMD-0225,TATASTEEL,NSE:TATASTEEL-EQ,29.76,30.23,29.62,29.9,33371410,FYERS_HISTORY,2026-08-08T23:56:51+05:30
2013-06-06,SMD-0225,TATASTEEL,NSE:TATASTEEL-EQ,29.69,29.69,29.32,29.52,34351590,FYERS_HISTORY,2026-08-08T23:56:51+05:30
2013-06-07,SMD-0225,TATASTEEL,NSE:TATASTEEL-EQ,29.39,29.83,29.12,29.2,27546100,FYERS_HISTORY,2026-08-08T23:56:51+05:30
2013-06-10,SMD-0225,TATASTEEL,NSE:TATASTEEL-EQ,29.24,29.58,28.85,29.05,26399870,FYERS_HISTORY,2026-08-08T23:56:51+05:30
2013-06-11,SMD-0225,TATASTEEL,NSE:TATASTEEL-EQ,28.79,28.94,27.77,28.11,49125170,FYERS_HISTORY,2026-08-08T23:56:51+05:30
2013-06-12,SMD-0225,TATASTEEL,NSE:TATASTEEL-EQ,28.01,28.12,27.27,27.37,52456720,FYERS_HISTORY,2026-08-08T23:56:51+05:30
2013-06-13,SMD-0225,TATASTEEL,NSE:TATASTEEL-EQ,27.09,27.96,26.44,26.61,62106300,FYERS_HISTORY,2026-08-08T23:56:51+05:30
2013-06-14,SMD-0225,TATASTEEL,NSE:TATASTEEL-EQ,26.93,27.64,26.9,27.41,40146210,FYERS_HISTORY,2026-08-08T23:56:51+05:30
2013-06-17,SMD-0225,TATASTEEL,NSE:TATASTEEL-EQ,27.5,27.78,26.92,27.7,34255980,FYERS_HISTORY,2026-08-08T23:56:51+05:30
2013-06-18,SMD-0225,TATASTEEL,NSE:TATASTEEL-EQ,27.57,28.82,27.36,28.5,56673150,FYERS_HISTORY,2026-08-08T23:56:51+05:30
2013-06-19,SMD-0225,TATASTEEL,NSE:TATASTEEL-EQ,28.5,29.35,28.29,29.1,71178370,FYERS_HISTORY,2026-08-08T23:56:51+05:30
2013-06-20,SMD-0225,TATASTEEL,NSE:TATASTEEL-EQ,28.57,28.58,27.07,27.25,73006200,FYERS_HISTORY,2026-08-08T23:56:51+05:30
2013-06-21,SMD-0225,TATASTEEL,NSE:TATASTEEL-EQ,27.23,27.64,26.55,27.2,55596750,FYERS_HISTORY,2026-08-08T23:56:51+05:30
2013-06-24,SMD-0225,TATASTEEL,NSE:TATASTEEL-EQ,27.01,27.53,26.55,26.66,54338610,FYERS_HISTORY,2026-08-08T23:56:51+05:30
2013-06-25,SMD-0225,TATASTEEL,NSE:TATASTEEL-EQ,26.64,27.03,26.22,26.64,51992160,FYERS_HISTORY,2026-08-08T23:56:51+05:30
2013-06-26,SMD-0225,TATASTEEL,NSE:TATASTEEL-EQ,26.89,26.94,26.25,26.45,42816700,FYERS_HISTORY,2026-08-08T23:56:51+05:30
2013-06-27,SMD-0225,TATASTEEL,NSE:TATASTEEL-EQ,26.89,26.97,26.13,26.41,49302010,FYERS_HISTORY,2026-08-08T23:56:51+05:30
2013-06-28,SMD-0225,TATASTEEL,NSE:TATASTEEL-EQ,26.69,27.4,26.69,27.37,61361990,FYERS_HISTORY,2026-08-08T23:56:51+05:30
2013-07-01,SMD-0225,TATASTEEL,NSE:TATASTEEL-EQ,27.2,28.26,27.2,28.06,43866930,FYERS_HISTORY,2026-08-08T23:56:51+05:30
2013-07-02,SMD-0225,TATASTEEL,NSE:TATASTEEL-EQ,28.16,28.62,27.99,28.19,41754570,FYERS_HISTORY,2026-08-08T23:56:51+05:30
2013-07-03,SMD-0225,TATASTEEL,NSE:TATASTEEL-EQ,27.9,27.91,26.85,26.95,39535470,FYERS_HISTORY,2026-08-08T23:56:51+05:30
2013-07-04,SMD-0225,TATASTEEL,NSE:TATASTEEL-EQ,27.29,27.33,26.33,26.47,45948540,FYERS_HISTORY,2026-08-08T23:56:51+05:30
2013-07-05,SMD-0225,TATASTEEL,NSE:TATASTEEL-EQ,26.84,26.98,26.35,26.46,33685130,FYERS_HISTORY,2026-08-08T23:56:51+05:30
2013-07-08,SMD-0225,TATASTEEL,NSE:TATASTEEL-EQ,26.28,26.28,25.79,25.98,39033880,FYERS_HISTORY,2026-08-08T23:56:51+05:30
2013-07-09,SMD-0225,TATASTEEL,NSE:TATASTEEL-EQ,26.25,26.4,26.01,26.16,33894600,FYERS_HISTORY,2026-08-08T23:56:51+05:30
2013-07-10,SMD-0225,TATASTEEL,NSE:TATASTEEL-EQ,26.29,26.3,25.52,25.61,49137580,FYERS_HISTORY,2026-08-08T23:56:51+05:30
2013-07-11,SMD-0225,TATASTEEL,NSE:TATASTEEL-EQ,26.19,26.53,25.9,26.1,54184260,FYERS_HISTORY,2026-08-08T23:56:51+05:30
2013-07-12,SMD-0225,TATASTEEL,NSE:TATASTEEL-EQ,26.14,26.39,25.84,26.26,37120210,FYERS_HISTORY,2026-08-08T23:56:51+05:30
2013-07-15,SMD-0225,TATASTEEL,NSE:TATASTEEL-EQ,25.44,25.94,25.18,25.74,50555100,FYERS_HISTORY,2026-08-08T23:56:51+05:30
2013-07-16,SMD-0225,TATASTEEL,NSE:TATASTEEL-EQ,25.33,25.6,25.06,25.15,31900830,FYERS_HISTORY,2026-08-08T23:56:51+05:30
2013-07-17,SMD-0225,TATASTEEL,NSE:TATASTEEL-EQ,25.15,25.34,24.21,24.31,44252620,FYERS_HISTORY,2026-08-08T23:56:51+05:30
2013-07-18,SMD-0225,TATASTEEL,NSE:TATASTEEL-EQ,24.33,24.55,23.96,24.46,37529290,FYERS_HISTORY,2026-08-08T23:56:51+05:30
2013-07-19,SMD-0225,TATASTEEL,NSE:TATASTEEL-EQ,24.45,24.81,23.99,24.09,44826450,FYERS_HISTORY,2026-08-08T23:56:51+05:30
2013-07-22,SMD-0225,TATASTEEL,NSE:TATASTEEL-EQ,24.09,24.09,23.31,23.37,46813010,FYERS_HISTORY,2026-08-08T23:56:51+05:30
2013-07-23,SMD-0225,TATASTEEL,NSE:TATASTEEL-EQ,23.99,23.99,23.3,23.45,42845740,FYERS_HISTORY,2026-08-08T23:56:51+05:30
2013-07-24,SMD-0225,TATASTEEL,NSE:TATASTEEL-EQ,23.36,23.59,22.85,22.95,40185050,FYERS_HISTORY,2026-08-08T23:56:51+05:30
2013-07-25,SMD-0225,TATASTEEL,NSE:TATASTEEL-EQ,22.77,23.04,22.19,22.28,50732820,FYERS_HISTORY,2026-08-08T23:56:51+05:30
2013-07-26,SMD-0225,TATASTEEL,NSE:TATASTEEL-EQ,22.34,22.64,21.66,21.88,35874180,FYERS_HISTORY,2026-08-08T23:56:51+05:30
2013-07-29,SMD-0225,TATASTEEL,NSE:TATASTEEL-EQ,21.81,22.42,21.41,21.53,60043730,FYERS_HISTORY,2026-08-08T23:56:51+05:30
2013-07-30,SMD-0225,TATASTEEL,NSE:TATASTEEL-EQ,21.53,21.72,20.74,20.93,41849960,FYERS_HISTORY,2026-08-08T23:56:51+05:30
2013-07-31,SMD-0225,TATASTEEL,NSE:TATASTEEL-EQ,20.8,21.76,20.23,21.56,62645000,FYERS_HISTORY,2026-08-08T23:56:51+05:30
2013-08-01,SMD-0225,TATASTEEL,NSE:TATASTEEL-EQ,21.72,21.95,20.71,21.01,46079740,FYERS_HISTORY,2026-08-08T23:56:51+05:30
2013-08-02,SMD-0225,TATASTEEL,NSE:TATASTEEL-EQ,21.03,21.21,20.11,20.23,45301270,FYERS_HISTORY,2026-08-08T23:56:51+05:30
2013-08-05,SMD-0225,TATASTEEL,NSE:TATASTEEL-EQ,20.23,20.93,19.81,20.78,45912020,FYERS_HISTORY,2026-08-08T23:56:51+05:30
2013-08-06,SMD-0225,TATASTEEL,NSE:TATASTEEL-EQ,20.59,20.59,19.67,19.82,51240880,FYERS_HISTORY,2026-08-08T23:56:51+05:30
2013-08-07,SMD-0225,TATASTEEL,NSE:TATASTEEL-EQ,19.74,20.88,19.52,20.79,56243460,FYERS_HISTORY,2026-08-08T23:56:51+05:30
2013-08-08,SMD-0225,TATASTEEL,NSE:TATASTEEL-EQ,20.8,22.1,20.67,21.87,69549220,FYERS_HISTORY,2026-08-08T23:56:51+05:30
2013-08-12,SMD-0225,TATASTEEL,NSE:TATASTEEL-EQ,22.07,23.94,22.06,23.65,122437820,FYERS_HISTORY,2026-08-08T23:56:51+05:30
2013-08-13,SMD-0225,TATASTEEL,NSE:TATASTEEL-EQ,23.38,24.34,23.16,24.13,94053630,FYERS_HISTORY,2026-08-08T23:56:51+05:30
2013-08-14,SMD-0225,TATASTEEL,NSE:TATASTEEL-EQ,26.29,26.29,24.61,25.0,199564490,FYERS_HISTORY,2026-08-08T23:56:51+05:30
2013-08-16,SMD-0225,TATASTEEL,NSE:TATASTEEL-EQ,24.89,24.92,23.16,23.53,80894270,FYERS_HISTORY,2026-08-08T23:56:51+05:30
2013-08-19,SMD-0225,TATASTEEL,NSE:TATASTEEL-EQ,22.99,24.89,22.36,24.68,133949700,FYERS_HISTORY,2026-08-08T23:56:51+05:30
2013-08-20,SMD-0225,TATASTEEL,NSE:TATASTEEL-EQ,24.37,25.87,23.96,25.69,108145230,FYERS_HISTORY,2026-08-08T23:56:51+05:30
2013-08-21,SMD-0225,TATASTEEL,NSE:TATASTEEL-EQ,25.99,26.28,24.42,24.81,117721560,FYERS_HISTORY,2026-08-08T23:56:51+05:30
2013-08-22,SMD-0225,TATASTEEL,NSE:TATASTEEL-EQ,24.79,27.58,24.55,27.4,151914900,FYERS_HISTORY,2026-08-08T23:56:51+05:30
2013-08-23,SMD-0225,TATASTEEL,NSE:TATASTEEL-EQ,27.58,28.39,27.0,28.22,145803980,FYERS_HISTORY,2026-08-08T23:56:51+05:30
2013-08-26,SMD-0225,TATASTEEL,NSE:TATASTEEL-EQ,28.4,28.53,27.35,27.71,103444170,FYERS_HISTORY,2026-08-08T23:56:51+05:30
2013-08-27,SMD-0225,TATASTEEL,NSE:TATASTEEL-EQ,27.49,27.97,27.1,27.22,70527710,FYERS_HISTORY,2026-08-08T23:56:51+05:30
2013-08-28,SMD-0225,TATASTEEL,NSE:TATASTEEL-EQ,26.98,28.32,26.5,27.89,97430570,FYERS_HISTORY,2026-08-08T23:56:51+05:30
2013-08-29,SMD-0225,TATASTEEL,NSE:TATASTEEL-EQ,28.24,28.44,27.59,27.83,81984780,FYERS_HISTORY,2026-08-08T23:56:51+05:30
2013-08-30,SMD-0225,TATASTEEL,NSE:TATASTEEL-EQ,27.99,28.95,26.99,27.39,121896630,FYERS_HISTORY,2026-08-08T23:56:51+05:30
2013-09-02,SMD-0225,TATASTEEL,NSE:TATASTEEL-EQ,27.5,29.09,27.44,28.93,85273680,FYERS_HISTORY,2026-08-08T23:56:51+05:30
2013-09-03,SMD-0225,TATASTEEL,NSE:TATASTEEL-EQ,29.27,29.53,27.95,28.12,105217050,FYERS_HISTORY,2026-08-08T23:56:51+05:30
2013-09-04,SMD-0225,TATASTEEL,NSE:TATASTEEL-EQ,28.24,29.17,27.94,28.98,62590590,FYERS_HISTORY,2026-08-08T23:56:51+05:30
2013-09-05,SMD-0225,TATASTEEL,NSE:TATASTEEL-EQ,29.48,29.63,28.49,28.86,64707710,FYERS_HISTORY,2026-08-08T23:56:51+05:30
2013-09-06,SMD-0225,TATASTEEL,NSE:TATASTEEL-EQ,29.01,29.48,28.34,29.21,60309970,FYERS_HISTORY,2026-08-08T23:56:51+05:30
2013-09-10,SMD-0225,TATASTEEL,NSE:TATASTEEL-EQ,29.62,30.19,29.33,30.05,61515190,FYERS_HISTORY,2026-08-08T23:56:51+05:30
2013-09-11,SMD-0225,TATASTEEL,NSE:TATASTEEL-EQ,30.19,31.87,29.84,31.56,90767310,FYERS_HISTORY,2026-08-08T23:56:51+05:30
2013-09-12,SMD-0225,TATASTEEL,NSE:TATASTEEL-EQ,31.38,31.74,30.13,30.27,66312730,FYERS_HISTORY,2026-08-08T23:56:51+05:30
2013-09-13,SMD-0225,TATASTEEL,NSE:TATASTEEL-EQ,30.25,30.57,29.63,29.82,72880700,FYERS_HISTORY,2026-08-08T23:56:51+05:30
2013-09-16,SMD-0225,TATASTEEL,NSE:TATASTEEL-EQ,30.44,30.68,28.94,29.15,55518750,FYERS_HISTORY,2026-08-08T23:56:51+05:30
2013-09-17,SMD-0225,TATASTEEL,NSE:TATASTEEL-EQ,29.0,29.24,28.48,28.81,73560030,FYERS_HISTORY,2026-08-08T23:56:51+05:30
2013-09-18,SMD-0225,TATASTEEL,NSE:TATASTEEL-EQ,28.98,29.18,28.55,29.01,34454330,FYERS_HISTORY,2026-08-08T23:56:51+05:30
2013-09-19,SMD-0225,TATASTEEL,NSE:TATASTEEL-EQ,30.0,31.34,29.79,31.05,74280790,FYERS_HISTORY,2026-08-08T23:56:51+05:30
2013-09-20,SMD-0225,TATASTEEL,NSE:TATASTEEL-EQ,30.99,31.02,29.5,29.99,82312150,FYERS_HISTORY,2026-08-08T23:56:51+05:30
2013-09-23,SMD-0225,TATASTEEL,NSE:TATASTEEL-EQ,29.78,30.37,29.07,29.34,44856860,FYERS_HISTORY,2026-08-08T23:56:51+05:30
2013-09-24,SMD-0225,TATASTEEL,NSE:TATASTEEL-EQ,29.14,29.71,29.0,29.25,39911390,FYERS_HISTORY,2026-08-08T23:56:51+05:30
2013-09-25,SMD-0225,TATASTEEL,NSE:TATASTEEL-EQ,29.39,29.51,28.62,29.1,37454610,FYERS_HISTORY,2026-08-08T23:56:51+05:30
2013-09-26,SMD-0225,TATASTEEL,NSE:TATASTEEL-EQ,29.07,30.14,29.01,29.98,65494410,FYERS_HISTORY,2026-08-08T23:56:51+05:30
2013-09-27,SMD-0225,TATASTEEL,NSE:TATASTEEL-EQ,29.98,30.29,28.59,28.73,53153470,FYERS_HISTORY,2026-08-08T23:56:51+05:30
2013-09-30,SMD-0225,TATASTEEL,NSE:TATASTEEL-EQ,28.43,28.43,26.61,27.15,103789150,FYERS_HISTORY,2026-08-08T23:56:51+05:30
2013-10-01,SMD-0225,TATASTEEL,NSE:TATASTEEL-EQ,27.42,27.84,26.88,27.57,61326590,FYERS_HISTORY,2026-08-08T23:56:51+05:30
2013-10-03,SMD-0225,TATASTEEL,NSE:TATASTEEL-EQ,27.64,28.94,27.64,28.58,65367790,FYERS_HISTORY,2026-08-08T23:56:51+05:30
2013-10-04,SMD-0225,TATASTEEL,NSE:TATASTEEL-EQ,28.39,29.41,28.21,28.84,63446230,FYERS_HISTORY,2026-08-08T23:56:51+05:30
2013-10-07,SMD-0225,TATASTEEL,NSE:TATASTEEL-EQ,28.79,30.17,28.63,30.03,71950150,FYERS_HISTORY,2026-08-08T23:56:51+05:30
2013-10-08,SMD-0225,TATASTEEL,NSE:TATASTEEL-EQ,30.43,30.56,29.56,29.67,53310350,FYERS_HISTORY,2026-08-08T23:56:51+05:30
2013-10-09,SMD-0225,TATASTEEL,NSE:TATASTEEL-EQ,29.19,30.49,29.19,30.32,56013920,FYERS_HISTORY,2026-08-08T23:56:51+05:30
2013-10-10,SMD-0225,TATASTEEL,NSE:TATASTEEL-EQ,30.56,31.09,30.49,30.85,59427280,FYERS_HISTORY,2026-08-08T23:56:51+05:30
2013-10-11,SMD-0225,TATASTEEL,NSE:TATASTEEL-EQ,31.16,31.31,30.39,30.78,48928900,FYERS_HISTORY,2026-08-08T23:56:51+05:30
2013-10-14,SMD-0225,TATASTEEL,NSE:TATASTEEL-EQ,30.79,30.89,30.06,30.15,39178490,FYERS_HISTORY,2026-08-08T23:56:51+05:30
2013-10-15,SMD-0225,TATASTEEL,NSE:TATASTEEL-EQ,30.29,31.31,30.07,31.04,78623470,FYERS_HISTORY,2026-08-08T23:56:51+05:30
2013-10-17,SMD-0225,TATASTEEL,NSE:TATASTEEL-EQ,31.09,31.63,30.88,31.0,61390830,FYERS_HISTORY,2026-08-08T23:56:51+05:30
2013-10-18,SMD-0225,TATASTEEL,NSE:TATASTEEL-EQ,31.27,32.99,31.07,32.88,131271820,FYERS_HISTORY,2026-08-08T23:56:51+05:30
2013-10-21,SMD-0225,TATASTEEL,NSE:TATASTEEL-EQ,32.89,33.84,32.89,33.6,71814320,FYERS_HISTORY,2026-08-08T23:56:51+05:30
2013-10-22,SMD-0225,TATASTEEL,NSE:TATASTEEL-EQ,33.69,34.33,33.44,33.98,58255520,FYERS_HISTORY,2026-08-08T23:56:51+05:30
2013-10-23,SMD-0225,TATASTEEL,NSE:TATASTEEL-EQ,34.06,34.38,33.1,33.51,67073350,FYERS_HISTORY,2026-08-08T23:56:51+05:30
2013-10-24,SMD-0225,TATASTEEL,NSE:TATASTEEL-EQ,33.29,34.08,32.96,33.2,49946410,FYERS_HISTORY,2026-08-08T23:56:51+05:30
2013-10-25,SMD-0225,TATASTEEL,NSE:TATASTEEL-EQ,33.0,33.07,32.1,32.17,55048710,FYERS_HISTORY,2026-08-08T23:56:51+05:30
2013-10-28,SMD-0225,TATASTEEL,NSE:TATASTEEL-EQ,32.49,32.73,31.12,31.22,68944060,FYERS_HISTORY,2026-08-08T23:56:51+05:30
2013-10-29,SMD-0225,TATASTEEL,NSE:TATASTEEL-EQ,31.09,32.71,30.86,32.57,77894080,FYERS_HISTORY,2026-08-08T23:56:51+05:30
2013-10-30,SMD-0225,TATASTEEL,NSE:TATASTEEL-EQ,32.79,32.98,32.1,32.65,49432650,FYERS_HISTORY,2026-08-08T23:56:51+05:30
2013-10-31,SMD-0225,TATASTEEL,NSE:TATASTEEL-EQ,32.55,33.82,32.4,33.48,62569880,FYERS_HISTORY,2026-08-08T23:56:51+05:30
2013-11-01,SMD-0225,TATASTEEL,NSE:TATASTEEL-EQ,33.49,34.17,33.24,33.6,45373200,FYERS_HISTORY,2026-08-08T23:56:51+05:30
2013-11-03,SMD-0225,TATASTEEL,NSE:TATASTEEL-EQ,33.79,34.09,33.79,33.87,9290270,FYERS_HISTORY,2026-08-08T23:56:51+05:30
2013-11-05,SMD-0225,TATASTEEL,NSE:TATASTEEL-EQ,33.93,34.47,33.15,33.88,44552430,FYERS_HISTORY,2026-08-08T23:56:51+05:30
2013-11-06,SMD-0225,TATASTEEL,NSE:TATASTEEL-EQ,34.02,34.16,33.23,33.32,43356890,FYERS_HISTORY,2026-08-08T23:56:51+05:30
2013-11-07,SMD-0225,TATASTEEL,NSE:TATASTEEL-EQ,33.21,34.98,33.21,34.57,97835820,FYERS_HISTORY,2026-08-08T23:56:51+05:30
2013-11-08,SMD-0225,TATASTEEL,NSE:TATASTEEL-EQ,34.58,35.67,34.54,35.56,78536930,FYERS_HISTORY,2026-08-08T23:56:51+05:30
2013-11-11,SMD-0225,TATASTEEL,NSE:TATASTEEL-EQ,35.57,36.54,35.21,36.07,75644310,FYERS_HISTORY,2026-08-08T23:56:51+05:30
2013-11-12,SMD-0225,TATASTEEL,NSE:TATASTEEL-EQ,36.19,36.34,35.0,35.23,75653830,FYERS_HISTORY,2026-08-08T23:56:51+05:30
2013-11-13,SMD-0225,TATASTEEL,NSE:TATASTEEL-EQ,35.02,36.38,35.02,35.76,81624530,FYERS_HISTORY,2026-08-08T23:56:51+05:30
2013-11-14,SMD-0225,TATASTEEL,NSE:TATASTEEL-EQ,36.79,37.67,35.9,37.52,167805470,FYERS_HISTORY,2026-08-08T23:56:51+05:30
2013-11-18,SMD-0225,TATASTEEL,NSE:TATASTEEL-EQ,37.89,38.78,37.82,38.67,73838670,FYERS_HISTORY,2026-08-08T23:56:51+05:30
2013-11-19,SMD-0225,TATASTEEL,NSE:TATASTEEL-EQ,38.8,39.14,38.01,38.31,95462610,FYERS_HISTORY,2026-08-08T23:56:51+05:30
2013-11-20,SMD-0225,TATASTEEL,NSE:TATASTEEL-EQ,38.27,38.87,37.93,38.49,72306390,FYERS_HISTORY,2026-08-08T23:56:51+05:30
2013-11-21,SMD-0225,TATASTEEL,NSE:TATASTEEL-EQ,38.28,38.48,37.69,38.25,63297550,FYERS_HISTORY,2026-08-08T23:56:51+05:30
2013-11-22,SMD-0225,TATASTEEL,NSE:TATASTEEL-EQ,38.38,39.54,38.35,39.23,76124850,FYERS_HISTORY,2026-08-08T23:56:51+05:30
2013-11-25,SMD-0225,TATASTEEL,NSE:TATASTEEL-EQ,39.4,39.89,39.32,39.78,47607690,FYERS_HISTORY,2026-08-08T23:56:51+05:30
2013-11-26,SMD-0225,TATASTEEL,NSE:TATASTEEL-EQ,39.61,39.78,38.94,39.16,49000980,FYERS_HISTORY,2026-08-08T23:56:51+05:30
2013-11-27,SMD-0225,TATASTEEL,NSE:TATASTEEL-EQ,39.19,39.58,38.77,39.46,41027430,FYERS_HISTORY,2026-08-08T23:56:51+05:30
2013-11-28,SMD-0225,TATASTEEL,NSE:TATASTEEL-EQ,39.58,40.36,39.54,40.08,46338320,FYERS_HISTORY,2026-08-08T23:56:51+05:30
2013-11-29,SMD-0225,TATASTEEL,NSE:TATASTEEL-EQ,40.19,40.53,39.85,40.05,35486080,FYERS_HISTORY,2026-08-08T23:56:51+05:30
2013-12-02,SMD-0225,TATASTEEL,NSE:TATASTEEL-EQ,40.0,40.98,39.59,40.82,59194720,FYERS_HISTORY,2026-08-08T23:56:51+05:30
2013-12-03,SMD-0225,TATASTEEL,NSE:TATASTEEL-EQ,40.69,41.16,40.5,40.97,57671440,FYERS_HISTORY,2026-08-08T23:56:51+05:30
2013-12-04,SMD-0225,TATASTEEL,NSE:TATASTEEL-EQ,40.89,41.56,40.79,41.38,42094880,FYERS_HISTORY,2026-08-08T23:56:51+05:30
2013-12-05,SMD-0225,TATASTEEL,NSE:TATASTEEL-EQ,41.9,42.22,41.62,42.13,55650580,FYERS_HISTORY,2026-08-08T23:56:51+05:30
2013-12-06,SMD-0225,TATASTEEL,NSE:TATASTEEL-EQ,42.09,42.39,41.79,42.26,41547600,FYERS_HISTORY,2026-08-08T23:56:51+05:30
2013-12-09,SMD-0225,TATASTEEL,NSE:TATASTEEL-EQ,42.99,43.18,41.98,42.08,50159390,FYERS_HISTORY,2026-08-08T23:56:51+05:30
2013-12-10,SMD-0225,TATASTEEL,NSE:TATASTEEL-EQ,41.99,42.48,41.74,42.32,47655650,FYERS_HISTORY,2026-08-08T23:56:51+05:30
2013-12-11,SMD-0225,TATASTEEL,NSE:TATASTEEL-EQ,42.18,42.47,41.59,41.81,67022800,FYERS_HISTORY,2026-08-08T23:56:51+05:30
2013-12-12,SMD-0225,TATASTEEL,NSE:TATASTEEL-EQ,41.48,41.71,41.14,41.26,58558270,FYERS_HISTORY,2026-08-08T23:56:51+05:30
2013-12-13,SMD-0225,TATASTEEL,NSE:TATASTEEL-EQ,40.98,41.65,40.9,41.5,61392260,FYERS_HISTORY,2026-08-08T23:56:51+05:30
2013-12-16,SMD-0225,TATASTEEL,NSE:TATASTEEL-EQ,41.5,42.01,40.71,40.88,46464270,FYERS_HISTORY,2026-08-08T23:56:51+05:30
2013-12-17,SMD-0225,TATASTEEL,NSE:TATASTEEL-EQ,40.92,41.3,40.59,40.86,35113370,FYERS_HISTORY,2026-08-08T23:56:51+05:30
2013-12-18,SMD-0225,TATASTEEL,NSE:TATASTEEL-EQ,40.87,41.63,40.77,41.48,30152210,FYERS_HISTORY,2026-08-08T23:56:51+05:30
2013-12-19,SMD-0225,TATASTEEL,NSE:TATASTEEL-EQ,41.79,41.91,40.91,41.07,35048250,FYERS_HISTORY,2026-08-08T23:56:51+05:30
2013-12-20,SMD-0225,TATASTEEL,NSE:TATASTEEL-EQ,41.07,41.87,41.02,41.78,27030970,FYERS_HISTORY,2026-08-08T23:56:51+05:30
2013-12-23,SMD-0225,TATASTEEL,NSE:TATASTEEL-EQ,41.79,42.67,41.71,42.3,27038940,FYERS_HISTORY,2026-08-08T23:56:51+05:30
2013-12-24,SMD-0225,TATASTEEL,NSE:TATASTEEL-EQ,42.39,42.52,41.65,41.83,23082510,FYERS_HISTORY,2026-08-08T23:56:51+05:30
2013-12-26,SMD-0225,TATASTEEL,NSE:TATASTEEL-EQ,41.8,42.69,41.62,42.52,40024360,FYERS_HISTORY,2026-08-08T23:56:51+05:30
2013-12-27,SMD-0225,TATASTEEL,NSE:TATASTEEL-EQ,42.52,42.8,42.29,42.49,24747540,FYERS_HISTORY,2026-08-08T23:56:51+05:30
2013-12-30,SMD-0225,TATASTEEL,NSE:TATASTEEL-EQ,42.49,42.85,42.18,42.54,21233900,FYERS_HISTORY,2026-08-08T23:56:52+05:30
2013-12-31,SMD-0225,TATASTEEL,NSE:TATASTEEL-EQ,42.63,42.67,42.24,42.41,12104920,FYERS_HISTORY,2026-08-08T23:56:52+05:30
2014-01-01,SMD-0225,TATASTEEL,NSE:TATASTEEL-EQ,42.49,42.67,42.35,42.58,11930210,FYERS_HISTORY,2026-08-08T23:56:52+05:30
2014-01-02,SMD-0225,TATASTEEL,NSE:TATASTEEL-EQ,42.59,43.54,41.69,41.91,39989700,FYERS_HISTORY,2026-08-08T23:56:52+05:30
2014-01-03,SMD-0225,TATASTEEL,NSE:TATASTEEL-EQ,41.64,41.93,40.89,41.24,31827380,FYERS_HISTORY,2026-08-08T23:56:52+05:30
2014-01-06,SMD-0225,TATASTEEL,NSE:TATASTEEL-EQ,41.08,41.56,40.45,40.82,27037380,FYERS_HISTORY,2026-08-08T23:56:52+05:30
2014-01-07,SMD-0225,TATASTEEL,NSE:TATASTEEL-EQ,40.98,41.18,39.24,39.46,38991460,FYERS_HISTORY,2026-08-08T23:56:52+05:30
2014-01-08,SMD-0225,TATASTEEL,NSE:TATASTEEL-EQ,39.45,39.71,38.95,39.23,45395380,FYERS_HISTORY,2026-08-08T23:56:52+05:30
2014-01-09,SMD-0225,TATASTEEL,NSE:TATASTEEL-EQ,39.42,39.92,38.75,39.07,39869350,FYERS_HISTORY,2026-08-08T23:56:52+05:30
2014-01-10,SMD-0225,TATASTEEL,NSE:TATASTEEL-EQ,39.27,39.31,38.34,38.44,32645590,FYERS_HISTORY,2026-08-08T23:56:52+05:30
2014-01-13,SMD-0225,TATASTEEL,NSE:TATASTEEL-EQ,38.51,38.91,38.16,38.58,27473180,FYERS_HISTORY,2026-08-08T23:56:52+05:30
2014-01-14,SMD-0225,TATASTEEL,NSE:TATASTEEL-EQ,38.49,38.89,37.32,37.42,36445960,FYERS_HISTORY,2026-08-08T23:56:52+05:30
2014-01-15,SMD-0225,TATASTEEL,NSE:TATASTEEL-EQ,37.59,37.99,37.25,37.49,33068610,FYERS_HISTORY,2026-08-08T23:56:52+05:30
2014-01-16,SMD-0225,TATASTEEL,NSE:TATASTEEL-EQ,37.64,38.44,37.57,38.1,36429650,FYERS_HISTORY,2026-08-08T23:56:52+05:30
2014-01-17,SMD-0225,TATASTEEL,NSE:TATASTEEL-EQ,38.09,38.56,37.5,37.75,34352530,FYERS_HISTORY,2026-08-08T23:56:52+05:30
2014-01-20,SMD-0225,TATASTEEL,NSE:TATASTEEL-EQ,37.74,37.91,37.0,37.44,32841180,FYERS_HISTORY,2026-08-08T23:56:52+05:30
2014-01-21,SMD-0225,TATASTEEL,NSE:TATASTEEL-EQ,37.59,38.59,37.59,38.35,40911800,FYERS_HISTORY,2026-08-08T23:56:52+05:30
2014-01-22,SMD-0225,TATASTEEL,NSE:TATASTEEL-EQ,38.42,39.39,38.42,39.31,46316350,FYERS_HISTORY,2026-08-08T23:56:52+05:30
2014-01-23,SMD-0225,TATASTEEL,NSE:TATASTEEL-EQ,39.27,39.29,38.7,38.91,24962290,FYERS_HISTORY,2026-08-08T23:56:52+05:30
2014-01-24,SMD-0225,TATASTEEL,NSE:TATASTEEL-EQ,38.5,38.59,37.43,37.59,29803880,FYERS_HISTORY,2026-08-08T23:56:52+05:30
2014-01-27,SMD-0225,TATASTEEL,NSE:TATASTEEL-EQ,36.93,36.95,35.19,35.34,44117750,FYERS_HISTORY,2026-08-08T23:56:52+05:30
2014-01-28,SMD-0225,TATASTEEL,NSE:TATASTEEL-EQ,35.39,36.88,35.24,36.65,48489670,FYERS_HISTORY,2026-08-08T23:56:52+05:30
2014-01-29,SMD-0225,TATASTEEL,NSE:TATASTEEL-EQ,36.84,36.92,35.61,35.79,45374930,FYERS_HISTORY,2026-08-08T23:56:52+05:30
2014-01-30,SMD-0225,TATASTEEL,NSE:TATASTEEL-EQ,35.29,35.39,34.11,34.64,56160600,FYERS_HISTORY,2026-08-08T23:56:52+05:30
2014-01-31,SMD-0225,TATASTEEL,NSE:TATASTEEL-EQ,34.83,35.78,34.74,35.59,51949090,FYERS_HISTORY,2026-08-08T23:56:52+05:30
2014-02-03,SMD-0225,TATASTEEL,NSE:TATASTEEL-EQ,35.48,35.48,34.19,34.3,35578860,FYERS_HISTORY,2026-08-08T23:56:52+05:30
2014-02-04,SMD-0225,TATASTEEL,NSE:TATASTEEL-EQ,33.79,34.67,33.59,34.28,72691610,FYERS_HISTORY,2026-08-08T23:56:52+05:30
2014-02-05,SMD-0225,TATASTEEL,NSE:TATASTEEL-EQ,34.47,36.08,34.39,35.93,47560660,FYERS_HISTORY,2026-08-08T23:56:52+05:30
2014-02-06,SMD-0225,TATASTEEL,NSE:TATASTEEL-EQ,36.18,36.71,35.61,36.11,64686080,FYERS_HISTORY,2026-08-08T23:56:52+05:30
2014-02-07,SMD-0225,TATASTEEL,NSE:TATASTEEL-EQ,36.25,38.69,36.25,38.43,117172650,FYERS_HISTORY,2026-08-08T23:56:52+05:30
2014-02-10,SMD-0225,TATASTEEL,NSE:TATASTEEL-EQ,38.68,39.31,38.04,38.24,62415870,FYERS_HISTORY,2026-08-08T23:56:52+05:30
2014-02-11,SMD-0225,TATASTEEL,NSE:TATASTEEL-EQ,38.69,39.29,38.52,38.96,42722010,FYERS_HISTORY,2026-08-08T23:56:52+05:30
2014-02-12,SMD-0225,TATASTEEL,NSE:TATASTEEL-EQ,38.54,38.68,37.26,37.42,93765440,FYERS_HISTORY,2026-08-08T23:56:52+05:30
2014-02-13,SMD-0225,TATASTEEL,NSE:TATASTEEL-EQ,37.59,37.87,36.51,36.73,58509880,FYERS_HISTORY,2026-08-08T23:56:52+05:30
2014-02-14,SMD-0225,TATASTEEL,NSE:TATASTEEL-EQ,36.88,37.23,35.93,37.07,60355320,FYERS_HISTORY,2026-08-08T23:56:52+05:30
2014-02-17,SMD-0225,TATASTEEL,NSE:TATASTEEL-EQ,37.13,37.53,36.64,37.39,34302520,FYERS_HISTORY,2026-08-08T23:56:52+05:30
2014-02-18,SMD-0225,TATASTEEL,NSE:TATASTEEL-EQ,37.38,38.18,37.2,37.95,36052570,FYERS_HISTORY,2026-08-08T23:56:52+05:30
2014-02-19,SMD-0225,TATASTEEL,NSE:TATASTEEL-EQ,37.97,37.98,37.1,37.37,31660980,FYERS_HISTORY,2026-08-08T23:56:52+05:30
2014-02-20,SMD-0225,TATASTEEL,NSE:TATASTEEL-EQ,36.9,36.97,36.39,36.66,42779660,FYERS_HISTORY,2026-08-08T23:56:52+05:30
2014-02-21,SMD-0225,TATASTEEL,NSE:TATASTEEL-EQ,36.66,37.56,36.66,37.43,31812960,FYERS_HISTORY,2026-08-08T23:56:52+05:30
2014-02-24,SMD-0225,TATASTEEL,NSE:TATASTEEL-EQ,37.37,37.37,36.62,36.91,32727370,FYERS_HISTORY,2026-08-08T23:56:52+05:30
2014-02-25,SMD-0225,TATASTEEL,NSE:TATASTEEL-EQ,36.95,37.19,35.95,36.04,43850300,FYERS_HISTORY,2026-08-08T23:56:52+05:30
2014-02-26,SMD-0225,TATASTEEL,NSE:TATASTEEL-EQ,36.09,36.27,34.83,34.92,100898050,FYERS_HISTORY,2026-08-08T23:56:52+05:30
2014-02-28,SMD-0225,TATASTEEL,NSE:TATASTEEL-EQ,35.09,35.45,34.06,34.37,98910540,FYERS_HISTORY,2026-08-08T23:56:52+05:30
2014-03-03,SMD-0225,TATASTEEL,NSE:TATASTEEL-EQ,34.39,34.94,34.06,34.52,56932140,FYERS_HISTORY,2026-08-08T23:56:52+05:30
2014-03-04,SMD-0225,TATASTEEL,NSE:TATASTEEL-EQ,34.64,35.24,34.52,35.16,57036180,FYERS_HISTORY,2026-08-08T23:56:52+05:30
2014-03-05,SMD-0225,TATASTEEL,NSE:TATASTEEL-EQ,35.47,35.97,35.16,35.58,66397430,FYERS_HISTORY,2026-08-08T23:56:52+05:30
2014-03-06,SMD-0225,TATASTEEL,NSE:TATASTEEL-EQ,35.79,36.53,35.59,36.41,56990370,FYERS_HISTORY,2026-08-08T23:56:52+05:30
2014-03-07,SMD-0225,TATASTEEL,NSE:TATASTEEL-EQ,36.81,37.33,36.44,37.1,63156030,FYERS_HISTORY,2026-08-08T23:56:52+05:30
2014-03-10,SMD-0225,TATASTEEL,NSE:TATASTEEL-EQ,36.81,37.07,36.23,36.4,49565930,FYERS_HISTORY,2026-08-08T23:56:52+05:30
2014-03-11,SMD-0225,TATASTEEL,NSE:TATASTEEL-EQ,36.4,36.43,34.22,34.36,91447040,FYERS_HISTORY,2026-08-08T23:56:52+05:30
2014-03-12,SMD-0225,TATASTEEL,NSE:TATASTEEL-EQ,34.09,34.85,33.72,33.95,87340060,FYERS_HISTORY,2026-08-08T23:56:52+05:30
2014-03-13,SMD-0225,TATASTEEL,NSE:TATASTEEL-EQ,34.19,34.78,33.41,33.67,55676270,FYERS_HISTORY,2026-08-08T23:56:52+05:30
2014-03-14,SMD-0225,TATASTEEL,NSE:TATASTEEL-EQ,33.39,34.27,33.19,34.16,61578970,FYERS_HISTORY,2026-08-08T23:56:52+05:30
2014-03-18,SMD-0225,TATASTEEL,NSE:TATASTEEL-EQ,34.59,34.79,33.9,34.06,41524910,FYERS_HISTORY,2026-08-08T23:56:52+05:30
2014-03-19,SMD-0225,TATASTEEL,NSE:TATASTEEL-EQ,34.33,35.92,34.01,35.65,95709650,FYERS_HISTORY,2026-08-08T23:56:52+05:30
2014-03-20,SMD-0225,TATASTEEL,NSE:TATASTEEL-EQ,35.71,35.97,34.75,34.98,50683110,FYERS_HISTORY,2026-08-08T23:56:52+05:30
2014-03-21,SMD-0225,TATASTEEL,NSE:TATASTEEL-EQ,35.11,36.49,35.11,36.27,81507680,FYERS_HISTORY,2026-08-08T23:56:52+05:30
2014-03-22,SMD-0225,TATASTEEL,NSE:TATASTEEL-EQ,36.26,36.36,36.01,36.22,6632620,FYERS_HISTORY,2026-08-08T23:56:52+05:30
2014-03-24,SMD-0225,TATASTEEL,NSE:TATASTEEL-EQ,36.47,36.69,35.6,36.3,55792470,FYERS_HISTORY,2026-08-08T23:56:52+05:30
2014-03-25,SMD-0225,TATASTEEL,NSE:TATASTEEL-EQ,36.21,37.15,36.14,36.7,52772310,FYERS_HISTORY,2026-08-08T23:56:52+05:30
2014-03-26,SMD-0225,TATASTEEL,NSE:TATASTEEL-EQ,37.13,37.59,37.02,37.47,55852610,FYERS_HISTORY,2026-08-08T23:56:52+05:30
2014-03-27,SMD-0225,TATASTEEL,NSE:TATASTEEL-EQ,37.49,37.93,37.31,37.53,57394480,FYERS_HISTORY,2026-08-08T23:56:52+05:30
2014-03-28,SMD-0225,TATASTEEL,NSE:TATASTEEL-EQ,37.87,38.36,37.59,38.14,37570130,FYERS_HISTORY,2026-08-08T23:56:52+05:30
2014-03-31,SMD-0225,TATASTEEL,NSE:TATASTEEL-EQ,38.45,39.62,38.29,39.38,70373720,FYERS_HISTORY,2026-08-08T23:56:52+05:30
2014-04-01,SMD-0225,TATASTEEL,NSE:TATASTEEL-EQ,39.59,40.32,38.64,40.1,83681530,FYERS_HISTORY,2026-08-08T23:56:52+05:30
2014-04-02,SMD-0225,TATASTEEL,NSE:TATASTEEL-EQ,40.23,40.49,39.89,40.33,53611760,FYERS_HISTORY,2026-08-08T23:56:52+05:30
2014-04-03,SMD-0225,TATASTEEL,NSE:TATASTEEL-EQ,40.33,41.19,39.36,39.75,70461360,FYERS_HISTORY,2026-08-08T23:56:52+05:30
2014-04-04,SMD-0225,TATASTEEL,NSE:TATASTEEL-EQ,39.98,40.46,39.53,40.19,45857910,FYERS_HISTORY,2026-08-08T23:56:52+05:30
2014-04-07,SMD-0225,TATASTEEL,NSE:TATASTEEL-EQ,40.24,40.74,39.81,40.65,36918590,FYERS_HISTORY,2026-08-08T23:56:52+05:30
2014-04-09,SMD-0225,TATASTEEL,NSE:TATASTEEL-EQ,40.99,41.96,40.79,41.86,49936780,FYERS_HISTORY,2026-08-08T23:56:52+05:30
2014-04-10,SMD-0225,TATASTEEL,NSE:TATASTEEL-EQ,41.88,42.47,41.11,41.77,58946510,FYERS_HISTORY,2026-08-08T23:56:52+05:30
2014-04-11,SMD-0225,TATASTEEL,NSE:TATASTEEL-EQ,41.54,42.34,41.09,41.97,52451490,FYERS_HISTORY,2026-08-08T23:56:52+05:30
2014-04-15,SMD-0225,TATASTEEL,NSE:TATASTEEL-EQ,41.94,42.44,40.76,40.9,46589230,FYERS_HISTORY,2026-08-08T23:56:52+05:30
2014-04-16,SMD-0225,TATASTEEL,NSE:TATASTEEL-EQ,41.04,41.66,40.46,41.36,40750070,FYERS_HISTORY,2026-08-08T23:56:52+05:30
2014-04-17,SMD-0225,TATASTEEL,NSE:TATASTEEL-EQ,41.19,41.98,41.12,41.88,32801490,FYERS_HISTORY,2026-08-08T23:56:52+05:30
2014-04-21,SMD-0225,TATASTEEL,NSE:TATASTEEL-EQ,41.94,42.54,41.74,42.34,37837810,FYERS_HISTORY,2026-08-08T23:56:52+05:30
2014-04-22,SMD-0225,TATASTEEL,NSE:TATASTEEL-EQ,42.38,42.38,41.8,42.07,32661150,FYERS_HISTORY,2026-08-08T23:56:52+05:30
2014-04-23,SMD-0225,TATASTEEL,NSE:TATASTEEL-EQ,42.09,42.92,42.01,42.64,50825830,FYERS_HISTORY,2026-08-08T23:56:52+05:30
2014-04-25,SMD-0225,TATASTEEL,NSE:TATASTEEL-EQ,42.64,43.28,42.22,42.68,47894850,FYERS_HISTORY,2026-08-08T23:56:52+05:30
2014-04-28,SMD-0225,TATASTEEL,NSE:TATASTEEL-EQ,42.49,43.18,42.4,42.57,33589470,FYERS_HISTORY,2026-08-08T23:56:52+05:30
2014-04-29,SMD-0225,TATASTEEL,NSE:TATASTEEL-EQ,42.49,42.61,40.39,40.54,68582350,FYERS_HISTORY,2026-08-08T23:56:52+05:30
2014-04-30,SMD-0225,TATASTEEL,NSE:TATASTEEL-EQ,40.69,40.74,39.31,40.05,71021500,FYERS_HISTORY,2026-08-08T23:56:52+05:30
2014-05-02,SMD-0225,TATASTEEL,NSE:TATASTEEL-EQ,40.29,40.65,38.8,38.99,58544820,FYERS_HISTORY,2026-08-08T23:56:52+05:30
2014-05-05,SMD-0225,TATASTEEL,NSE:TATASTEEL-EQ,39.03,40.37,38.87,39.74,52425040,FYERS_HISTORY,2026-08-08T23:56:52+05:30
2014-05-06,SMD-0225,TATASTEEL,NSE:TATASTEEL-EQ,39.93,40.44,39.85,40.16,36847620,FYERS_HISTORY,2026-08-08T23:56:52+05:30
2014-05-07,SMD-0225,TATASTEEL,NSE:TATASTEEL-EQ,40.1,40.33,39.6,39.98,26319220,FYERS_HISTORY,2026-08-08T23:56:52+05:30
2014-05-08,SMD-0225,TATASTEEL,NSE:TATASTEEL-EQ,40.11,40.61,39.83,40.19,33010740,FYERS_HISTORY,2026-08-08T23:56:52+05:30
2014-05-09,SMD-0225,TATASTEEL,NSE:TATASTEEL-EQ,39.99,42.06,39.9,41.66,64776870,FYERS_HISTORY,2026-08-08T23:56:52+05:30
2014-05-12,SMD-0225,TATASTEEL,NSE:TATASTEEL-EQ,41.68,42.68,41.6,41.99,52458430,FYERS_HISTORY,2026-08-08T23:56:52+05:30
2014-05-13,SMD-0225,TATASTEEL,NSE:TATASTEEL-EQ,42.4,44.14,42.11,42.7,89254820,FYERS_HISTORY,2026-08-08T23:56:52+05:30
2014-05-14,SMD-0225,TATASTEEL,NSE:TATASTEEL-EQ,42.98,45.46,42.98,45.22,108562410,FYERS_HISTORY,2026-08-08T23:56:52+05:30
2014-05-15,SMD-0225,TATASTEEL,NSE:TATASTEEL-EQ,45.68,46.78,45.06,46.05,142669760,FYERS_HISTORY,2026-08-08T23:56:52+05:30
2014-05-16,SMD-0225,TATASTEEL,NSE:TATASTEEL-EQ,47.28,48.57,42.71,44.08,195128110,FYERS_HISTORY,2026-08-08T23:56:52+05:30
2014-05-19,SMD-0225,TATASTEEL,NSE:TATASTEEL-EQ,44.49,46.01,43.55,45.06,109651760,FYERS_HISTORY,2026-08-08T23:56:52+05:30
2014-05-20,SMD-0225,TATASTEEL,NSE:TATASTEEL-EQ,45.34,47.42,45.34,46.7,90963040,FYERS_HISTORY,2026-08-08T23:56:52+05:30
2014-05-21,SMD-0225,TATASTEEL,NSE:TATASTEEL-EQ,46.78,47.02,45.71,46.24,54849550,FYERS_HISTORY,2026-08-08T23:56:52+05:30
2014-05-22,SMD-0225,TATASTEEL,NSE:TATASTEEL-EQ,46.48,47.76,46.48,47.07,58144440,FYERS_HISTORY,2026-08-08T23:56:52+05:30
2014-05-23,SMD-0225,TATASTEEL,NSE:TATASTEEL-EQ,47.18,48.28,46.92,47.8,56924680,FYERS_HISTORY,2026-08-08T23:56:52+05:30
2014-05-26,SMD-0225,TATASTEEL,NSE:TATASTEEL-EQ,48.19,49.48,45.25,46.75,77571200,FYERS_HISTORY,2026-08-08T23:56:52+05:30
2014-05-27,SMD-0225,TATASTEEL,NSE:TATASTEEL-EQ,46.62,47.88,46.14,47.74,47490460,FYERS_HISTORY,2026-08-08T23:56:52+05:30
2014-05-28,SMD-0225,TATASTEEL,NSE:TATASTEEL-EQ,48.0,48.33,46.68,46.91,38142320,FYERS_HISTORY,2026-08-08T23:56:52+05:30
2014-05-29,SMD-0225,TATASTEEL,NSE:TATASTEEL-EQ,47.08,47.43,46.33,46.58,42728340,FYERS_HISTORY,2026-08-08T23:56:52+05:30
2014-05-30,SMD-0225,TATASTEEL,NSE:TATASTEEL-EQ,46.68,47.68,46.29,47.49,51954650,FYERS_HISTORY,2026-08-08T23:56:52+05:30
2014-06-02,SMD-0225,TATASTEEL,NSE:TATASTEEL-EQ,47.56,49.54,47.13,49.27,55552560,FYERS_HISTORY,2026-08-08T23:56:52+05:30
2014-06-03,SMD-0225,TATASTEEL,NSE:TATASTEEL-EQ,49.73,52.82,49.58,52.66,125076870,FYERS_HISTORY,2026-08-08T23:56:52+05:30
2014-06-04,SMD-0225,TATASTEEL,NSE:TATASTEEL-EQ,52.71,54.32,52.49,53.72,107380280,FYERS_HISTORY,2026-08-08T23:56:52+05:30
2014-06-05,SMD-0225,TATASTEEL,NSE:TATASTEEL-EQ,53.96,56.06,53.79,55.68,91389170,FYERS_HISTORY,2026-08-08T23:56:52+05:30
2014-06-06,SMD-0225,TATASTEEL,NSE:TATASTEEL-EQ,56.43,56.86,55.21,56.05,75640960,FYERS_HISTORY,2026-08-08T23:56:52+05:30
2014-06-09,SMD-0225,TATASTEEL,NSE:TATASTEEL-EQ,56.48,57.97,55.98,57.51,58966510,FYERS_HISTORY,2026-08-08T23:56:52+05:30
2014-06-10,SMD-0225,TATASTEEL,NSE:TATASTEEL-EQ,57.48,57.48,55.23,55.85,55888510,FYERS_HISTORY,2026-08-08T23:56:52+05:30
2014-06-11,SMD-0225,TATASTEEL,NSE:TATASTEEL-EQ,55.97,56.56,54.49,54.93,51689680,FYERS_HISTORY,2026-08-08T23:56:52+05:30
2014-06-12,SMD-0225,TATASTEEL,NSE:TATASTEEL-EQ,54.88,55.78,54.34,54.95,37175100,FYERS_HISTORY,2026-08-08T23:56:52+05:30
2014-06-13,SMD-0225,TATASTEEL,NSE:TATASTEEL-EQ,54.84,55.31,52.38,52.54,43315280,FYERS_HISTORY,2026-08-08T23:56:52+05:30
2014-06-16,SMD-0225,TATASTEEL,NSE:TATASTEEL-EQ,52.45,52.91,51.18,52.44,69727810,FYERS_HISTORY,2026-08-08T23:56:52+05:30
2014-06-17,SMD-0225,TATASTEEL,NSE:TATASTEEL-EQ,52.48,53.4,51.28,53.21,66655640,FYERS_HISTORY,2026-08-08T23:56:52+05:30
2014-06-18,SMD-0225,TATASTEEL,NSE:TATASTEEL-EQ,53.59,53.97,51.78,52.17,56135120,FYERS_HISTORY,2026-08-08T23:56:52+05:30
2014-06-19,SMD-0225,TATASTEEL,NSE:TATASTEEL-EQ,52.48,52.62,51.48,51.93,40805680,FYERS_HISTORY,2026-08-08T23:56:52+05:30
2014-06-20,SMD-0225,TATASTEEL,NSE:TATASTEEL-EQ,51.88,53.43,51.76,51.97,54662420,FYERS_HISTORY,2026-08-08T23:56:52+05:30
2014-06-23,SMD-0225,TATASTEEL,NSE:TATASTEEL-EQ,52.07,52.84,52.03,52.67,34029600,FYERS_HISTORY,2026-08-08T23:56:52+05:30
2014-06-24,SMD-0225,TATASTEEL,NSE:TATASTEEL-EQ,52.73,53.57,52.73,53.21,30207980,FYERS_HISTORY,2026-08-08T23:56:52+05:30
2014-06-25,SMD-0225,TATASTEEL,NSE:TATASTEEL-EQ,53.29,53.78,52.99,53.08,22990530,FYERS_HISTORY,2026-08-08T23:56:52+05:30
2014-06-26,SMD-0225,TATASTEEL,NSE:TATASTEEL-EQ,53.18,53.63,52.36,52.56,32829070,FYERS_HISTORY,2026-08-08T23:56:52+05:30
2014-06-27,SMD-0225,TATASTEEL,NSE:TATASTEEL-EQ,52.85,53.08,51.68,51.87,32041540,FYERS_HISTORY,2026-08-08T23:56:52+05:30
2014-06-30,SMD-0225,TATASTEEL,NSE:TATASTEEL-EQ,52.12,53.04,51.96,52.82,37687690,FYERS_HISTORY,2026-08-08T23:56:52+05:30
2014-07-01,SMD-0225,TATASTEEL,NSE:TATASTEEL-EQ,52.98,54.51,52.98,54.05,53109510,FYERS_HISTORY,2026-08-08T23:56:52+05:30
2014-07-02,SMD-0225,TATASTEEL,NSE:TATASTEEL-EQ,54.68,54.97,54.23,54.33,32517440,FYERS_HISTORY,2026-08-08T23:56:52+05:30
2014-07-03,SMD-0225,TATASTEEL,NSE:TATASTEEL-EQ,54.7,54.93,53.71,53.89,33965480,FYERS_HISTORY,2026-08-08T23:56:52+05:30
2014-07-04,SMD-0225,TATASTEEL,NSE:TATASTEEL-EQ,54.48,54.48,53.1,53.64,36366040,FYERS_HISTORY,2026-08-08T23:56:52+05:30
2014-07-07,SMD-0225,TATASTEEL,NSE:TATASTEEL-EQ,53.69,54.27,53.34,53.59,25432950,FYERS_HISTORY,2026-08-08T23:56:52+05:30
2014-07-08,SMD-0225,TATASTEEL,NSE:TATASTEEL-EQ,53.78,53.95,50.98,51.34,36210090,FYERS_HISTORY,2026-08-08T23:56:52+05:30
2014-07-09,SMD-0225,TATASTEEL,NSE:TATASTEEL-EQ,51.58,52.66,51.1,51.82,51860250,FYERS_HISTORY,2026-08-08T23:56:52+05:30
2014-07-10,SMD-0225,TATASTEEL,NSE:TATASTEEL-EQ,51.98,53.77,50.99,52.12,68291810,FYERS_HISTORY,2026-08-08T23:56:52+05:30
2014-07-11,SMD-0225,TATASTEEL,NSE:TATASTEEL-EQ,51.98,52.41,49.91,50.17,60924890,FYERS_HISTORY,2026-08-08T23:56:52+05:30
2014-07-14,SMD-0225,TATASTEEL,NSE:TATASTEEL-EQ,49.66,51.72,49.21,51.32,76570270,FYERS_HISTORY,2026-08-08T23:56:52+05:30
2014-07-15,SMD-0225,TATASTEEL,NSE:TATASTEEL-EQ,51.86,52.98,51.42,52.7,44474130,FYERS_HISTORY,2026-08-08T23:56:52+05:30
2014-07-16,SMD-0225,TATASTEEL,NSE:TATASTEEL-EQ,53.13,54.58,52.53,54.25,44072080,FYERS_HISTORY,2026-08-08T23:56:52+05:30
2014-07-17,SMD-0225,TATASTEEL,NSE:TATASTEEL-EQ,54.28,55.98,54.01,55.86,70242450,FYERS_HISTORY,2026-08-08T23:56:52+05:30
2014-07-18,SMD-0225,TATASTEEL,NSE:TATASTEEL-EQ,55.58,56.83,54.9,56.28,72929710,FYERS_HISTORY,2026-08-08T23:56:52+05:30
2014-07-21,SMD-0225,TATASTEEL,NSE:TATASTEEL-EQ,56.38,57.17,56.0,56.25,43884370,FYERS_HISTORY,2026-08-08T23:56:52+05:30
2014-07-22,SMD-0225,TATASTEEL,NSE:TATASTEEL-EQ,56.68,56.91,55.52,56.2,40232640,FYERS_HISTORY,2026-08-08T23:56:52+05:30
2014-07-23,SMD-0225,TATASTEEL,NSE:TATASTEEL-EQ,56.53,56.58,55.04,55.44,42184610,FYERS_HISTORY,2026-08-08T23:56:52+05:30
2014-07-24,SMD-0225,TATASTEEL,NSE:TATASTEEL-EQ,55.68,57.12,55.3,56.79,63864590,FYERS_HISTORY,2026-08-08T23:56:52+05:30
2014-07-25,SMD-0225,TATASTEEL,NSE:TATASTEEL-EQ,56.98,57.42,55.18,55.74,58989350,FYERS_HISTORY,2026-08-08T23:56:52+05:30
2014-07-28,SMD-0225,TATASTEEL,NSE:TATASTEEL-EQ,55.99,56.42,54.41,54.83,50442100,FYERS_HISTORY,2026-08-08T23:56:52+05:30
2014-07-30,SMD-0225,TATASTEEL,NSE:TATASTEEL-EQ,55.08,55.18,53.72,54.59,61930710,FYERS_HISTORY,2026-08-08T23:56:52+05:30
2014-07-31,SMD-0225,TATASTEEL,NSE:TATASTEEL-EQ,54.63,56.21,54.29,55.32,56795360,FYERS_HISTORY,2026-08-08T23:56:52+05:30
2014-08-01,SMD-0225,TATASTEEL,NSE:TATASTEEL-EQ,54.78,56.57,54.43,54.86,65432230,FYERS_HISTORY,2026-08-08T23:56:52+05:30
2014-08-04,SMD-0225,TATASTEEL,NSE:TATASTEEL-EQ,55.12,55.68,54.37,55.17,55248090,FYERS_HISTORY,2026-08-08T23:56:52+05:30
2014-08-05,SMD-0225,TATASTEEL,NSE:TATASTEEL-EQ,55.39,56.58,54.48,56.2,54969130,FYERS_HISTORY,2026-08-08T23:56:52+05:30
2014-08-06,SMD-0225,TATASTEEL,NSE:TATASTEEL-EQ,56.19,56.86,54.88,55.03,44814050,FYERS_HISTORY,2026-08-08T23:56:52+05:30
2014-08-07,SMD-0225,TATASTEEL,NSE:TATASTEEL-EQ,55.1,56.22,55.08,55.56,64500220,FYERS_HISTORY,2026-08-08T23:56:52+05:30
2014-08-08,SMD-0225,TATASTEEL,NSE:TATASTEEL-EQ,55.2,55.2,53.52,53.75,56393390,FYERS_HISTORY,2026-08-08T23:56:52+05:30
2014-08-11,SMD-0225,TATASTEEL,NSE:TATASTEEL-EQ,54.42,54.57,52.9,53.46,48241140,FYERS_HISTORY,2026-08-08T23:56:52+05:30
2014-08-12,SMD-0225,TATASTEEL,NSE:TATASTEEL-EQ,53.68,54.68,53.29,54.19,58285680,FYERS_HISTORY,2026-08-08T23:56:52+05:30
2014-08-13,SMD-0225,TATASTEEL,NSE:TATASTEEL-EQ,54.17,54.18,52.85,53.43,52048680,FYERS_HISTORY,2026-08-08T23:56:52+05:30
2014-08-14,SMD-0225,TATASTEEL,NSE:TATASTEEL-EQ,53.34,54.57,52.49,54.15,85512110,FYERS_HISTORY,2026-08-08T23:56:52+05:30
2014-08-18,SMD-0225,TATASTEEL,NSE:TATASTEEL-EQ,53.79,54.87,53.73,54.63,46687810,FYERS_HISTORY,2026-08-08T23:56:52+05:30
2014-08-19,SMD-0225,TATASTEEL,NSE:TATASTEEL-EQ,54.89,55.38,54.2,54.39,44481180,FYERS_HISTORY,2026-08-08T23:56:52+05:30
2014-08-20,SMD-0225,TATASTEEL,NSE:TATASTEEL-EQ,54.36,55.18,54.14,54.54,44508710,FYERS_HISTORY,2026-08-08T23:56:52+05:30
2014-08-21,SMD-0225,TATASTEEL,NSE:TATASTEEL-EQ,53.98,54.17,53.31,53.64,43801300,FYERS_HISTORY,2026-08-08T23:56:52+05:30
2014-08-22,SMD-0225,TATASTEEL,NSE:TATASTEEL-EQ,53.86,54.22,53.43,53.76,29154130,FYERS_HISTORY,2026-08-08T23:56:52+05:30
2014-08-25,SMD-0225,TATASTEEL,NSE:TATASTEEL-EQ,53.75,53.98,50.96,51.18,56806370,FYERS_HISTORY,2026-08-08T23:56:52+05:30
2014-08-26,SMD-0225,TATASTEEL,NSE:TATASTEEL-EQ,51.33,52.83,51.19,52.48,68304200,FYERS_HISTORY,2026-08-08T23:56:52+05:30
2014-08-27,SMD-0225,TATASTEEL,NSE:TATASTEEL-EQ,52.78,53.17,51.95,52.3,30895970,FYERS_HISTORY,2026-08-08T23:56:52+05:30
2014-08-28,SMD-0225,TATASTEEL,NSE:TATASTEEL-EQ,52.26,52.68,51.21,51.3,42587990,FYERS_HISTORY,2026-08-08T23:56:52+05:30
2014-09-01,SMD-0225,TATASTEEL,NSE:TATASTEEL-EQ,51.67,52.63,51.19,52.39,53438420,FYERS_HISTORY,2026-08-08T23:56:52+05:30
2014-09-02,SMD-0225,TATASTEEL,NSE:TATASTEEL-EQ,52.39,52.67,51.77,51.9,36834830,FYERS_HISTORY,2026-08-08T23:56:52+05:30
2014-09-03,SMD-0225,TATASTEEL,NSE:TATASTEEL-EQ,52.09,53.05,52.06,52.58,54038900,FYERS_HISTORY,2026-08-08T23:56:52+05:30
2014-09-04,SMD-0225,TATASTEEL,NSE:TATASTEEL-EQ,52.45,52.83,50.45,50.89,55856500,FYERS_HISTORY,2026-08-08T23:56:52+05:30
2014-09-05,SMD-0225,TATASTEEL,NSE:TATASTEEL-EQ,50.94,51.58,50.59,51.32,43897050,FYERS_HISTORY,2026-08-08T23:56:52+05:30
2014-09-08,SMD-0225,TATASTEEL,NSE:TATASTEEL-EQ,51.49,51.98,51.04,51.73,37819410,FYERS_HISTORY,2026-08-08T23:56:52+05:30
2014-09-09,SMD-0225,TATASTEEL,NSE:TATASTEEL-EQ,51.28,52.03,51.0,51.85,31761710,FYERS_HISTORY,2026-08-08T23:56:52+05:30
2014-09-10,SMD-0225,TATASTEEL,NSE:TATASTEEL-EQ,51.48,52.28,51.33,51.9,38347710,FYERS_HISTORY,2026-08-08T23:56:52+05:30
2014-09-11,SMD-0225,TATASTEEL,NSE:TATASTEEL-EQ,52.08,52.46,51.48,51.74,42560940,FYERS_HISTORY,2026-08-08T23:56:52+05:30
2014-09-12,SMD-0225,TATASTEEL,NSE:TATASTEEL-EQ,51.74,52.12,51.44,51.58,43987610,FYERS_HISTORY,2026-08-08T23:56:52+05:30
2014-09-15,SMD-0225,TATASTEEL,NSE:TATASTEEL-EQ,51.28,51.38,50.45,50.75,38973720,FYERS_HISTORY,2026-08-08T23:56:52+05:30
2014-09-16,SMD-0225,TATASTEEL,NSE:TATASTEEL-EQ,50.76,50.86,48.64,49.0,54440240,FYERS_HISTORY,2026-08-08T23:56:52+05:30
2014-09-17,SMD-0225,TATASTEEL,NSE:TATASTEEL-EQ,49.28,50.08,48.55,49.82,52427680,FYERS_HISTORY,2026-08-08T23:56:52+05:30
2014-09-18,SMD-0225,TATASTEEL,NSE:TATASTEEL-EQ,49.59,50.93,49.59,50.53,48688790,FYERS_HISTORY,2026-08-08T23:56:52+05:30
2014-09-19,SMD-0225,TATASTEEL,NSE:TATASTEEL-EQ,50.9,51.27,50.5,51.08,49691720,FYERS_HISTORY,2026-08-08T23:56:52+05:30
2014-09-22,SMD-0225,TATASTEEL,NSE:TATASTEEL-EQ,50.48,50.61,49.82,50.07,33604750,FYERS_HISTORY,2026-08-08T23:56:52+05:30
2014-09-23,SMD-0225,TATASTEEL,NSE:TATASTEEL-EQ,49.98,50.16,48.35,48.54,39843410,FYERS_HISTORY,2026-08-08T23:56:52+05:30
2014-09-24,SMD-0225,TATASTEEL,NSE:TATASTEEL-EQ,48.38,48.63,46.85,47.2,69794880,FYERS_HISTORY,2026-08-08T23:56:52+05:30
2014-09-25,SMD-0225,TATASTEEL,NSE:TATASTEEL-EQ,47.28,47.71,45.15,46.03,61467150,FYERS_HISTORY,2026-08-08T23:56:52+05:30
2014-09-26,SMD-0225,TATASTEEL,NSE:TATASTEEL-EQ,45.99,47.68,45.83,47.41,40046610,FYERS_HISTORY,2026-08-08T23:56:52+05:30
2014-09-29,SMD-0225,TATASTEEL,NSE:TATASTEEL-EQ,47.42,48.01,46.45,46.62,31211860,FYERS_HISTORY,2026-08-08T23:56:52+05:30
2014-09-30,SMD-0225,TATASTEEL,NSE:TATASTEEL-EQ,46.64,47.28,45.6,45.89,45505480,FYERS_HISTORY,2026-08-08T23:56:52+05:30
2014-10-01,SMD-0225,TATASTEEL,NSE:TATASTEEL-EQ,45.54,45.73,44.54,44.87,47688510,FYERS_HISTORY,2026-08-08T23:56:52+05:30
2014-10-07,SMD-0225,TATASTEEL,NSE:TATASTEEL-EQ,44.66,45.29,43.8,44.0,77273180,FYERS_HISTORY,2026-08-08T23:56:52+05:30
2014-10-08,SMD-0225,TATASTEEL,NSE:TATASTEEL-EQ,43.74,45.77,43.55,45.6,67039960,FYERS_HISTORY,2026-08-08T23:56:52+05:30
2014-10-09,SMD-0225,TATASTEEL,NSE:TATASTEEL-EQ,46.0,46.93,45.7,46.74,49723260,FYERS_HISTORY,2026-08-08T23:56:52+05:30
2014-10-10,SMD-0225,TATASTEEL,NSE:TATASTEEL-EQ,45.98,45.99,44.6,44.79,49345280,FYERS_HISTORY,2026-08-08T23:56:52+05:30
2014-10-13,SMD-0225,TATASTEEL,NSE:TATASTEEL-EQ,44.37,45.97,44.0,45.76,37315130,FYERS_HISTORY,2026-08-08T23:56:52+05:30
2014-10-14,SMD-0225,TATASTEEL,NSE:TATASTEEL-EQ,45.8,46.19,44.07,45.59,58217550,FYERS_HISTORY,2026-08-08T23:56:52+05:30
2014-10-16,SMD-0225,TATASTEEL,NSE:TATASTEEL-EQ,46.07,46.74,43.59,43.9,82637470,FYERS_HISTORY,2026-08-08T23:56:52+05:30
2014-10-17,SMD-0225,TATASTEEL,NSE:TATASTEEL-EQ,44.35,45.38,43.64,44.74,67070740,FYERS_HISTORY,2026-08-08T23:56:52+05:30
2014-10-20,SMD-0225,TATASTEEL,NSE:TATASTEEL-EQ,45.49,45.72,44.62,45.0,43592220,FYERS_HISTORY,2026-08-08T23:56:52+05:30
2014-10-21,SMD-0225,TATASTEEL,NSE:TATASTEEL-EQ,45.39,46.21,45.21,45.56,53124880,FYERS_HISTORY,2026-08-08T23:56:52+05:30
2014-10-22,SMD-0225,TATASTEEL,NSE:TATASTEEL-EQ,46.09,46.27,45.42,45.7,40208290,FYERS_HISTORY,2026-08-08T23:56:52+05:30
2014-10-23,SMD-0225,TATASTEEL,NSE:TATASTEEL-EQ,46.09,46.09,45.79,45.9,6631370,FYERS_HISTORY,2026-08-08T23:56:52+05:30
2014-10-27,SMD-0225,TATASTEEL,NSE:TATASTEEL-EQ,46.04,46.17,44.89,45.04,37377730,FYERS_HISTORY,2026-08-08T23:56:52+05:30
2014-10-28,SMD-0225,TATASTEEL,NSE:TATASTEEL-EQ,45.0,45.35,44.65,45.11,40040840,FYERS_HISTORY,2026-08-08T23:56:52+05:30
2014-10-29,SMD-0225,TATASTEEL,NSE:TATASTEEL-EQ,45.4,47.27,45.36,47.15,68654730,FYERS_HISTORY,2026-08-08T23:56:52+05:30
2014-10-30,SMD-0225,TATASTEEL,NSE:TATASTEEL-EQ,47.18,47.73,46.82,47.43,46140080,FYERS_HISTORY,2026-08-08T23:56:52+05:30
2014-10-31,SMD-0225,TATASTEEL,NSE:TATASTEEL-EQ,47.78,49.33,47.44,48.98,58464940,FYERS_HISTORY,2026-08-08T23:56:52+05:30
2014-11-03,SMD-0225,TATASTEEL,NSE:TATASTEEL-EQ,49.18,49.47,48.53,48.9,37531140,FYERS_HISTORY,2026-08-08T23:56:52+05:30
2014-11-05,SMD-0225,TATASTEEL,NSE:TATASTEEL-EQ,49.08,49.22,47.68,47.79,34308020,FYERS_HISTORY,2026-08-08T23:56:52+05:30
2014-11-07,SMD-0225,TATASTEEL,NSE:TATASTEEL-EQ,47.88,48.66,47.04,47.12,38720850,FYERS_HISTORY,2026-08-08T23:56:52+05:30
2014-11-10,SMD-0225,TATASTEEL,NSE:TATASTEEL-EQ,47.45,47.58,46.24,47.07,44604520,FYERS_HISTORY,2026-08-08T23:56:52+05:30
2014-11-11,SMD-0225,TATASTEEL,NSE:TATASTEEL-EQ,47.3,48.13,47.14,48.01,45708910,FYERS_HISTORY,2026-08-08T23:56:52+05:30
2014-11-12,SMD-0225,TATASTEEL,NSE:TATASTEEL-EQ,47.98,48.25,46.55,46.82,63465420,FYERS_HISTORY,2026-08-08T23:56:52+05:30
2014-11-13,SMD-0225,TATASTEEL,NSE:TATASTEEL-EQ,46.49,47.53,46.2,47.11,59217230,FYERS_HISTORY,2026-08-08T23:56:52+05:30
2014-11-14,SMD-0225,TATASTEEL,NSE:TATASTEEL-EQ,46.68,48.24,46.68,47.8,68871580,FYERS_HISTORY,2026-08-08T23:56:52+05:30
2014-11-17,SMD-0225,TATASTEEL,NSE:TATASTEEL-EQ,47.6,48.28,47.49,47.99,23778960,FYERS_HISTORY,2026-08-08T23:56:52+05:30
2014-11-18,SMD-0225,TATASTEEL,NSE:TATASTEEL-EQ,47.98,48.9,47.66,48.62,39851420,FYERS_HISTORY,2026-08-08T23:56:52+05:30
2014-11-19,SMD-0225,TATASTEEL,NSE:TATASTEEL-EQ,48.59,49.26,46.91,47.08,44738490,FYERS_HISTORY,2026-08-08T23:56:52+05:30
2014-11-20,SMD-0225,TATASTEEL,NSE:TATASTEEL-EQ,47.18,47.26,46.19,46.64,38703940,FYERS_HISTORY,2026-08-08T23:56:52+05:30
2014-11-21,SMD-0225,TATASTEEL,NSE:TATASTEEL-EQ,46.68,47.23,46.0,46.28,39883710,FYERS_HISTORY,2026-08-08T23:56:52+05:30
2014-11-24,SMD-0225,TATASTEEL,NSE:TATASTEEL-EQ,47.28,47.96,47.03,47.64,43411100,FYERS_HISTORY,2026-08-08T23:56:52+05:30
2014-11-25,SMD-0225,TATASTEEL,NSE:TATASTEEL-EQ,47.49,47.58,45.84,46.43,43647430,FYERS_HISTORY,2026-08-08T23:56:52+05:30
2014-11-26,SMD-0225,TATASTEEL,NSE:TATASTEEL-EQ,46.48,46.87,46.03,46.61,35380960,FYERS_HISTORY,2026-08-08T23:56:52+05:30
2014-11-27,SMD-0225,TATASTEEL,NSE:TATASTEEL-EQ,46.48,46.88,45.9,46.01,41767660,FYERS_HISTORY,2026-08-08T23:56:52+05:30
2014-11-28,SMD-0225,TATASTEEL,NSE:TATASTEEL-EQ,46.14,47.51,46.14,47.32,48254450,FYERS_HISTORY,2026-08-08T23:56:52+05:30
2014-12-01,SMD-0225,TATASTEEL,NSE:TATASTEEL-EQ,47.48,47.48,45.9,46.1,30741820,FYERS_HISTORY,2026-08-08T23:56:52+05:30
2014-12-02,SMD-0225,TATASTEEL,NSE:TATASTEEL-EQ,46.09,46.73,46.01,46.51,30961560,FYERS_HISTORY,2026-08-08T23:56:52+05:30
2014-12-03,SMD-0225,TATASTEEL,NSE:TATASTEEL-EQ,46.72,46.95,46.19,46.36,28060640,FYERS_HISTORY,2026-08-08T23:56:52+05:30
2014-12-04,SMD-0225,TATASTEEL,NSE:TATASTEEL-EQ,46.4,46.73,45.66,46.17,33204700,FYERS_HISTORY,2026-08-08T23:56:52+05:30
2014-12-05,SMD-0225,TATASTEEL,NSE:TATASTEEL-EQ,46.34,46.85,45.94,46.1,30666440,FYERS_HISTORY,2026-08-08T23:56:52+05:30
2014-12-08,SMD-0225,TATASTEEL,NSE:TATASTEEL-EQ,46.39,46.58,45.03,45.17,30548800,FYERS_HISTORY,2026-08-08T23:56:52+05:30
2014-12-09,SMD-0225,TATASTEEL,NSE:TATASTEEL-EQ,45.13,45.13,43.49,43.62,40656400,FYERS_HISTORY,2026-08-08T23:56:52+05:30
2014-12-10,SMD-0225,TATASTEEL,NSE:TATASTEEL-EQ,43.23,44.29,42.75,43.24,47327580,FYERS_HISTORY,2026-08-08T23:56:52+05:30
2014-12-11,SMD-0225,TATASTEEL,NSE:TATASTEEL-EQ,43.09,43.49,41.68,41.86,52699510,FYERS_HISTORY,2026-08-08T23:56:52+05:30
2014-12-12,SMD-0225,TATASTEEL,NSE:TATASTEEL-EQ,41.99,42.28,39.99,40.26,65211840,FYERS_HISTORY,2026-08-08T23:56:52+05:30
2014-12-15,SMD-0225,TATASTEEL,NSE:TATASTEEL-EQ,39.89,40.82,39.59,40.08,47960570,FYERS_HISTORY,2026-08-08T23:56:52+05:30
2014-12-16,SMD-0225,TATASTEEL,NSE:TATASTEEL-EQ,39.69,40.27,38.69,38.95,57699630,FYERS_HISTORY,2026-08-08T23:56:52+05:30
2014-12-17,SMD-0225,TATASTEEL,NSE:TATASTEEL-EQ,39.39,40.48,38.69,39.33,80139030,FYERS_HISTORY,2026-08-08T23:56:52+05:30
2014-12-18,SMD-0225,TATASTEEL,NSE:TATASTEEL-EQ,40.09,40.58,39.94,40.15,44087710,FYERS_HISTORY,2026-08-08T23:56:52+05:30
2014-12-19,SMD-0225,TATASTEEL,NSE:TATASTEEL-EQ,40.55,41.1,40.29,40.53,46288380,FYERS_HISTORY,2026-08-08T23:56:52+05:30
2014-12-22,SMD-0225,TATASTEEL,NSE:TATASTEEL-EQ,40.63,40.95,39.86,40.39,32532470,FYERS_HISTORY,2026-08-08T23:56:52+05:30
2014-12-23,SMD-0225,TATASTEEL,NSE:TATASTEEL-EQ,40.5,40.65,39.26,39.47,37828500,FYERS_HISTORY,2026-08-08T23:56:52+05:30
2014-12-24,SMD-0225,TATASTEEL,NSE:TATASTEEL-EQ,39.11,39.96,39.1,39.51,73491320,FYERS_HISTORY,2026-08-08T23:56:52+05:30
2014-12-26,SMD-0225,TATASTEEL,NSE:TATASTEEL-EQ,39.59,39.96,39.0,39.81,30197610,FYERS_HISTORY,2026-08-08T23:56:52+05:30
2014-12-29,SMD-0225,TATASTEEL,NSE:TATASTEEL-EQ,39.91,41.04,39.89,40.4,40760850,FYERS_HISTORY,2026-08-08T23:56:52+05:30
2014-12-30,SMD-0225,TATASTEEL,NSE:TATASTEEL-EQ,40.43,40.58,39.51,39.62,28981340,FYERS_HISTORY,2026-08-08T23:56:52+05:30
2014-12-31,SMD-0225,TATASTEEL,NSE:TATASTEEL-EQ,39.69,40.16,39.54,39.93,22522620,FYERS_HISTORY,2026-08-08T23:56:52+05:30
2015-01-01,SMD-0225,TATASTEEL,NSE:TATASTEEL-EQ,39.7,40.59,39.7,40.43,25306790,FYERS_HISTORY,2026-08-08T23:56:52+05:30
2015-01-02,SMD-0225,TATASTEEL,NSE:TATASTEEL-EQ,40.59,41.29,40.59,41.06,34328670,FYERS_HISTORY,2026-08-08T23:56:52+05:30
2015-01-05,SMD-0225,TATASTEEL,NSE:TATASTEEL-EQ,41.29,42.13,41.29,41.66,52039580,FYERS_HISTORY,2026-08-08T23:56:52+05:30
2015-01-06,SMD-0225,TATASTEEL,NSE:TATASTEEL-EQ,41.39,41.39,39.42,39.64,61686810,FYERS_HISTORY,2026-08-08T23:56:52+05:30
2015-01-07,SMD-0225,TATASTEEL,NSE:TATASTEEL-EQ,39.77,39.77,38.35,38.88,47475600,FYERS_HISTORY,2026-08-08T23:56:52+05:30
2015-01-08,SMD-0225,TATASTEEL,NSE:TATASTEEL-EQ,39.39,39.66,39.05,39.48,31688900,FYERS_HISTORY,2026-08-08T23:56:52+05:30
2015-01-09,SMD-0225,TATASTEEL,NSE:TATASTEEL-EQ,40.19,40.48,39.5,39.95,50593600,FYERS_HISTORY,2026-08-08T23:56:52+05:30
2015-01-12,SMD-0225,TATASTEEL,NSE:TATASTEEL-EQ,39.94,39.94,39.29,39.66,26901100,FYERS_HISTORY,2026-08-08T23:56:52+05:30
2015-01-13,SMD-0225,TATASTEEL,NSE:TATASTEEL-EQ,39.69,39.87,39.01,39.14,30017750,FYERS_HISTORY,2026-08-08T23:56:52+05:30
2015-01-14,SMD-0225,TATASTEEL,NSE:TATASTEEL-EQ,39.13,39.13,37.54,37.67,71272520,FYERS_HISTORY,2026-08-08T23:56:52+05:30
2015-01-15,SMD-0225,TATASTEEL,NSE:TATASTEEL-EQ,37.87,38.86,37.2,38.46,70090690,FYERS_HISTORY,2026-08-08T23:56:52+05:30
2015-01-16,SMD-0225,TATASTEEL,NSE:TATASTEEL-EQ,38.19,38.54,37.62,38.33,45370460,FYERS_HISTORY,2026-08-08T23:56:52+05:30
2015-01-19,SMD-0225,TATASTEEL,NSE:TATASTEEL-EQ,38.45,38.68,38.04,38.46,27889210,FYERS_HISTORY,2026-08-08T23:56:52+05:30
2015-01-20,SMD-0225,TATASTEEL,NSE:TATASTEEL-EQ,38.55,40.35,38.55,40.19,60159320,FYERS_HISTORY,2026-08-08T23:56:52+05:30
2015-01-21,SMD-0225,TATASTEEL,NSE:TATASTEEL-EQ,40.49,40.59,39.34,39.7,38964640,FYERS_HISTORY,2026-08-08T23:56:52+05:30
2015-01-22,SMD-0225,TATASTEEL,NSE:TATASTEEL-EQ,39.79,40.46,39.59,40.33,45262420,FYERS_HISTORY,2026-08-08T23:56:52+05:30
2015-01-23,SMD-0225,TATASTEEL,NSE:TATASTEEL-EQ,40.99,41.19,39.89,40.3,45251140,FYERS_HISTORY,2026-08-08T23:56:52+05:30
2015-01-27,SMD-0225,TATASTEEL,NSE:TATASTEEL-EQ,40.27,40.39,39.54,39.83,39710240,FYERS_HISTORY,2026-08-08T23:56:52+05:30
2015-01-28,SMD-0225,TATASTEEL,NSE:TATASTEEL-EQ,39.69,39.69,38.88,39.1,39941540,FYERS_HISTORY,2026-08-08T23:56:52+05:30
2015-01-29,SMD-0225,TATASTEEL,NSE:TATASTEEL-EQ,39.02,39.23,38.36,39.03,51612730,FYERS_HISTORY,2026-08-08T23:56:52+05:30
2015-01-30,SMD-0225,TATASTEEL,NSE:TATASTEEL-EQ,39.24,39.49,38.64,39.03,35996470,FYERS_HISTORY,2026-08-08T23:56:52+05:30
2015-02-02,SMD-0225,TATASTEEL,NSE:TATASTEEL-EQ,38.98,39.47,38.21,38.37,31779900,FYERS_HISTORY,2026-08-08T23:56:52+05:30
2015-02-03,SMD-0225,TATASTEEL,NSE:TATASTEEL-EQ,38.69,38.73,37.8,38.1,34425190,FYERS_HISTORY,2026-08-08T23:56:52+05:30
2015-02-04,SMD-0225,TATASTEEL,NSE:TATASTEEL-EQ,38.38,39.33,38.29,38.91,44190690,FYERS_HISTORY,2026-08-08T23:56:52+05:30
2015-02-05,SMD-0225,TATASTEEL,NSE:TATASTEEL-EQ,39.16,39.27,37.79,37.91,31011380,FYERS_HISTORY,2026-08-08T23:56:52+05:30
2015-02-06,SMD-0225,TATASTEEL,NSE:TATASTEEL-EQ,37.99,38.06,36.69,36.85,45179700,FYERS_HISTORY,2026-08-08T23:56:52+05:30
2015-02-09,SMD-0225,TATASTEEL,NSE:TATASTEEL-EQ,35.69,36.14,34.61,34.73,75333310,FYERS_HISTORY,2026-08-08T23:56:52+05:30
2015-02-10,SMD-0225,TATASTEEL,NSE:TATASTEEL-EQ,34.49,35.99,34.49,35.76,52795140,FYERS_HISTORY,2026-08-08T23:56:52+05:30
2015-02-11,SMD-0225,TATASTEEL,NSE:TATASTEEL-EQ,35.99,36.86,35.29,36.49,39553750,FYERS_HISTORY,2026-08-08T23:56:52+05:30
2015-02-12,SMD-0225,TATASTEEL,NSE:TATASTEEL-EQ,36.61,36.73,35.59,36.52,34145850,FYERS_HISTORY,2026-08-08T23:56:52+05:30
2015-02-13,SMD-0225,TATASTEEL,NSE:TATASTEEL-EQ,36.86,37.17,36.51,36.64,37352550,FYERS_HISTORY,2026-08-08T23:56:52+05:30
2015-02-16,SMD-0225,TATASTEEL,NSE:TATASTEEL-EQ,36.86,37.43,36.82,36.97,29904010,FYERS_HISTORY,2026-08-08T23:56:52+05:30
2015-02-18,SMD-0225,TATASTEEL,NSE:TATASTEEL-EQ,37.18,37.18,36.46,36.74,32316210,FYERS_HISTORY,2026-08-08T23:56:52+05:30
2015-02-19,SMD-0225,TATASTEEL,NSE:TATASTEEL-EQ,36.79,37.97,36.79,37.51,77501140,FYERS_HISTORY,2026-08-08T23:56:52+05:30
2015-02-20,SMD-0225,TATASTEEL,NSE:TATASTEEL-EQ,37.79,38.17,37.29,37.46,34412860,FYERS_HISTORY,2026-08-08T23:56:52+05:30
2015-02-23,SMD-0225,TATASTEEL,NSE:TATASTEEL-EQ,37.64,37.68,36.49,36.72,30841810,FYERS_HISTORY,2026-08-08T23:56:52+05:30
2015-02-24,SMD-0225,TATASTEEL,NSE:TATASTEEL-EQ,36.8,36.99,35.71,35.9,32870620,FYERS_HISTORY,2026-08-08T23:56:52+05:30
2015-02-25,SMD-0225,TATASTEEL,NSE:TATASTEEL-EQ,36.27,36.47,35.0,35.08,39310750,FYERS_HISTORY,2026-08-08T23:56:52+05:30
2015-02-26,SMD-0225,TATASTEEL,NSE:TATASTEEL-EQ,35.22,35.48,34.41,34.51,80617520,FYERS_HISTORY,2026-08-08T23:56:52+05:30
2015-02-27,SMD-0225,TATASTEEL,NSE:TATASTEEL-EQ,34.73,35.46,34.57,35.05,50130540,FYERS_HISTORY,2026-08-08T23:56:52+05:30
2015-02-28,SMD-0225,TATASTEEL,NSE:TATASTEEL-EQ,35.6,36.44,34.64,35.51,74940860,FYERS_HISTORY,2026-08-08T23:56:52+05:30
2015-03-02,SMD-0225,TATASTEEL,NSE:TATASTEEL-EQ,35.73,35.91,34.89,35.24,43788950,FYERS_HISTORY,2026-08-08T23:56:52+05:30
2015-03-03,SMD-0225,TATASTEEL,NSE:TATASTEEL-EQ,35.29,35.77,34.94,35.3,51194440,FYERS_HISTORY,2026-08-08T23:56:52+05:30
2015-03-04,SMD-0225,TATASTEEL,NSE:TATASTEEL-EQ,35.59,35.7,34.55,34.8,46718140,FYERS_HISTORY,2026-08-08T23:56:52+05:30
2015-03-05,SMD-0225,TATASTEEL,NSE:TATASTEEL-EQ,34.84,34.91,34.11,34.31,47685900,FYERS_HISTORY,2026-08-08T23:56:52+05:30
2015-03-09,SMD-0225,TATASTEEL,NSE:TATASTEEL-EQ,34.31,34.36,33.49,33.62,43673500,FYERS_HISTORY,2026-08-08T23:56:52+05:30
2015-03-10,SMD-0225,TATASTEEL,NSE:TATASTEEL-EQ,33.8,33.89,32.99,33.15,40905230,FYERS_HISTORY,2026-08-08T23:56:52+05:30
2015-03-11,SMD-0225,TATASTEEL,NSE:TATASTEEL-EQ,33.29,33.49,32.41,32.52,46807530,FYERS_HISTORY,2026-08-08T23:56:52+05:30
2015-03-12,SMD-0225,TATASTEEL,NSE:TATASTEEL-EQ,32.76,33.63,32.73,33.31,43231190,FYERS_HISTORY,2026-08-08T23:56:52+05:30
2015-03-13,SMD-0225,TATASTEEL,NSE:TATASTEEL-EQ,33.59,33.63,32.49,32.64,32786120,FYERS_HISTORY,2026-08-08T23:56:52+05:30
2015-03-16,SMD-0225,TATASTEEL,NSE:TATASTEEL-EQ,32.87,32.87,32.3,32.61,27762010,FYERS_HISTORY,2026-08-08T23:56:52+05:30
2015-03-17,SMD-0225,TATASTEEL,NSE:TATASTEEL-EQ,32.99,33.63,32.7,33.24,43276650,FYERS_HISTORY,2026-08-08T23:56:52+05:30
2015-03-18,SMD-0225,TATASTEEL,NSE:TATASTEEL-EQ,33.56,33.56,32.92,33.16,30986880,FYERS_HISTORY,2026-08-08T23:56:52+05:30
2015-03-19,SMD-0225,TATASTEEL,NSE:TATASTEEL-EQ,33.41,34.47,33.35,33.65,61467460,FYERS_HISTORY,2026-08-08T23:56:52+05:30
2015-03-20,SMD-0225,TATASTEEL,NSE:TATASTEEL-EQ,33.65,34.13,32.69,32.86,57742590,FYERS_HISTORY,2026-08-08T23:56:52+05:30
2015-03-23,SMD-0225,TATASTEEL,NSE:TATASTEEL-EQ,33.03,33.49,32.85,33.13,35791690,FYERS_HISTORY,2026-08-08T23:56:52+05:30
2015-03-24,SMD-0225,TATASTEEL,NSE:TATASTEEL-EQ,33.0,33.38,32.41,32.7,44522970,FYERS_HISTORY,2026-08-08T23:56:52+05:30
2015-03-25,SMD-0225,TATASTEEL,NSE:TATASTEEL-EQ,32.79,32.88,32.19,32.3,35436320,FYERS_HISTORY,2026-08-08T23:56:52+05:30
2015-03-26,SMD-0225,TATASTEEL,NSE:TATASTEEL-EQ,32.29,32.48,31.39,31.55,65148830,FYERS_HISTORY,2026-08-08T23:56:52+05:30
2015-03-27,SMD-0225,TATASTEEL,NSE:TATASTEEL-EQ,31.73,31.92,31.11,31.5,40179010,FYERS_HISTORY,2026-08-08T23:56:52+05:30
2015-03-30,SMD-0225,TATASTEEL,NSE:TATASTEEL-EQ,31.79,32.48,31.5,32.23,29896100,FYERS_HISTORY,2026-08-08T23:56:52+05:30
2015-03-31,SMD-0225,TATASTEEL,NSE:TATASTEEL-EQ,32.62,32.63,31.51,31.66,39336230,FYERS_HISTORY,2026-08-08T23:56:52+05:30
2015-04-01,SMD-0225,TATASTEEL,NSE:TATASTEEL-EQ,31.69,32.48,31.59,32.35,30850620,FYERS_HISTORY,2026-08-08T23:56:52+05:30
2015-04-06,SMD-0225,TATASTEEL,NSE:TATASTEEL-EQ,32.43,32.55,31.65,31.8,36684850,FYERS_HISTORY,2026-08-08T23:56:52+05:30
2015-04-07,SMD-0225,TATASTEEL,NSE:TATASTEEL-EQ,32.02,33.51,31.69,33.34,72913600,FYERS_HISTORY,2026-08-08T23:56:52+05:30
2015-04-08,SMD-0225,TATASTEEL,NSE:TATASTEEL-EQ,33.6,33.88,32.85,33.6,62826910,FYERS_HISTORY,2026-08-08T23:56:52+05:30
2015-04-09,SMD-0225,TATASTEEL,NSE:TATASTEEL-EQ,33.74,34.73,33.69,34.59,61495150,FYERS_HISTORY,2026-08-08T23:56:52+05:30
2015-04-10,SMD-0225,TATASTEEL,NSE:TATASTEEL-EQ,34.56,34.89,34.11,34.26,48146670,FYERS_HISTORY,2026-08-08T23:56:52+05:30
2015-04-13,SMD-0225,TATASTEEL,NSE:TATASTEEL-EQ,34.41,34.81,34.1,34.51,34417820,FYERS_HISTORY,2026-08-08T23:56:52+05:30
2015-04-15,SMD-0225,TATASTEEL,NSE:TATASTEEL-EQ,34.49,34.51,33.61,33.75,31989260,FYERS_HISTORY,2026-08-08T23:56:52+05:30
2015-04-16,SMD-0225,TATASTEEL,NSE:TATASTEEL-EQ,33.83,34.32,33.34,33.76,37695180,FYERS_HISTORY,2026-08-08T23:56:52+05:30
2015-04-17,SMD-0225,TATASTEEL,NSE:TATASTEEL-EQ,33.66,35.21,33.5,34.59,69785100,FYERS_HISTORY,2026-08-08T23:56:52+05:30
2015-04-20,SMD-0225,TATASTEEL,NSE:TATASTEEL-EQ,34.84,35.42,33.9,34.43,62649250,FYERS_HISTORY,2026-08-08T23:56:52+05:30
2015-04-21,SMD-0225,TATASTEEL,NSE:TATASTEEL-EQ,34.64,35.19,34.34,34.81,49934500,FYERS_HISTORY,2026-08-08T23:56:52+05:30
2015-04-22,SMD-0225,TATASTEEL,NSE:TATASTEEL-EQ,34.98,35.44,34.11,35.12,47827720,FYERS_HISTORY,2026-08-08T23:56:52+05:30
2015-04-23,SMD-0225,TATASTEEL,NSE:TATASTEEL-EQ,35.49,37.08,35.42,36.93,121883280,FYERS_HISTORY,2026-08-08T23:56:52+05:30
2015-04-24,SMD-0225,TATASTEEL,NSE:TATASTEEL-EQ,37.17,37.47,36.25,37.04,84558770,FYERS_HISTORY,2026-08-08T23:56:52+05:30
2015-04-27,SMD-0225,TATASTEEL,NSE:TATASTEEL-EQ,36.9,37.27,36.14,36.88,49949320,FYERS_HISTORY,2026-08-08T23:56:52+05:30
2015-04-28,SMD-0225,TATASTEEL,NSE:TATASTEEL-EQ,36.99,37.39,36.6,37.11,41585520,FYERS_HISTORY,2026-08-08T23:56:52+05:30
2015-04-29,SMD-0225,TATASTEEL,NSE:TATASTEEL-EQ,37.18,37.92,36.79,36.98,54506190,FYERS_HISTORY,2026-08-08T23:56:52+05:30
2015-04-30,SMD-0225,TATASTEEL,NSE:TATASTEEL-EQ,36.79,36.88,35.9,36.02,61781610,FYERS_HISTORY,2026-08-08T23:56:52+05:30
2015-05-04,SMD-0225,TATASTEEL,NSE:TATASTEEL-EQ,36.14,36.67,35.71,36.15,32673960,FYERS_HISTORY,2026-08-08T23:56:52+05:30
2015-05-05,SMD-0225,TATASTEEL,NSE:TATASTEEL-EQ,36.43,38.09,36.27,38.0,76626660,FYERS_HISTORY,2026-08-08T23:56:52+05:30
2015-05-06,SMD-0225,TATASTEEL,NSE:TATASTEEL-EQ,38.09,38.44,36.59,36.75,59970270,FYERS_HISTORY,2026-08-08T23:56:52+05:30
2015-05-07,SMD-0225,TATASTEEL,NSE:TATASTEEL-EQ,36.57,37.05,36.04,36.72,41394860,FYERS_HISTORY,2026-08-08T23:56:52+05:30
2015-05-08,SMD-0225,TATASTEEL,NSE:TATASTEEL-EQ,37.0,37.49,36.4,36.66,34517980,FYERS_HISTORY,2026-08-08T23:56:52+05:30
2015-05-11,SMD-0225,TATASTEEL,NSE:TATASTEEL-EQ,37.2,38.13,37.04,37.7,44761550,FYERS_HISTORY,2026-08-08T23:56:52+05:30
2015-05-12,SMD-0225,TATASTEEL,NSE:TATASTEEL-EQ,37.52,37.59,35.24,35.35,54728450,FYERS_HISTORY,2026-08-08T23:56:52+05:30
2015-05-13,SMD-0225,TATASTEEL,NSE:TATASTEEL-EQ,35.61,36.14,35.15,35.94,53943310,FYERS_HISTORY,2026-08-08T23:56:52+05:30
2015-05-14,SMD-0225,TATASTEEL,NSE:TATASTEEL-EQ,35.99,36.77,35.72,36.63,37528800,FYERS_HISTORY,2026-08-08T23:56:52+05:30
2015-05-15,SMD-0225,TATASTEEL,NSE:TATASTEEL-EQ,35.99,36.58,35.5,36.4,51676620,FYERS_HISTORY,2026-08-08T23:56:52+05:30
2015-05-18,SMD-0225,TATASTEEL,NSE:TATASTEEL-EQ,36.49,36.69,36.09,36.4,23928130,FYERS_HISTORY,2026-08-08T23:56:52+05:30
2015-05-19,SMD-0225,TATASTEEL,NSE:TATASTEEL-EQ,36.39,36.98,36.21,36.82,29386840,FYERS_HISTORY,2026-08-08T23:56:52+05:30
2015-05-20,SMD-0225,TATASTEEL,NSE:TATASTEEL-EQ,36.73,36.73,35.54,36.12,64384020,FYERS_HISTORY,2026-08-08T23:56:52+05:30
2015-05-21,SMD-0225,TATASTEEL,NSE:TATASTEEL-EQ,34.99,35.09,34.1,34.21,102521170,FYERS_HISTORY,2026-08-08T23:56:52+05:30
2015-05-22,SMD-0225,TATASTEEL,NSE:TATASTEEL-EQ,34.29,34.74,34.03,34.12,39218690,FYERS_HISTORY,2026-08-08T23:56:52+05:30
2015-05-25,SMD-0225,TATASTEEL,NSE:TATASTEEL-EQ,33.93,33.97,33.09,33.19,38932060,FYERS_HISTORY,2026-08-08T23:56:52+05:30
2015-05-26,SMD-0225,TATASTEEL,NSE:TATASTEEL-EQ,33.64,33.64,32.92,33.27,28982340,FYERS_HISTORY,2026-08-08T23:56:52+05:30
2015-05-27,SMD-0225,TATASTEEL,NSE:TATASTEEL-EQ,33.27,33.41,32.7,32.8,28891270,FYERS_HISTORY,2026-08-08T23:56:52+05:30
2015-05-28,SMD-0225,TATASTEEL,NSE:TATASTEEL-EQ,32.97,33.08,32.2,32.46,46425040,FYERS_HISTORY,2026-08-08T23:56:52+05:30
2015-05-29,SMD-0225,TATASTEEL,NSE:TATASTEEL-EQ,32.49,33.2,32.49,32.84,37203290,FYERS_HISTORY,2026-08-08T23:56:52+05:30
2015-06-01,SMD-0225,TATASTEEL,NSE:TATASTEEL-EQ,32.98,33.3,32.72,32.95,19772720,FYERS_HISTORY,2026-08-08T23:56:52+05:30
2015-06-02,SMD-0225,TATASTEEL,NSE:TATASTEEL-EQ,32.99,33.08,32.03,32.16,23143100,FYERS_HISTORY,2026-08-08T23:56:52+05:30
2015-06-03,SMD-0225,TATASTEEL,NSE:TATASTEEL-EQ,32.19,32.28,31.41,31.61,29331390,FYERS_HISTORY,2026-08-08T23:56:52+05:30
2015-06-04,SMD-0225,TATASTEEL,NSE:TATASTEEL-EQ,31.7,31.86,30.45,30.8,47486340,FYERS_HISTORY,2026-08-08T23:56:52+05:30
2015-06-05,SMD-0225,TATASTEEL,NSE:TATASTEEL-EQ,30.89,31.71,30.22,31.1,50247060,FYERS_HISTORY,2026-08-08T23:56:52+05:30
2015-06-08,SMD-0225,TATASTEEL,NSE:TATASTEEL-EQ,31.19,31.48,30.14,30.22,37701330,FYERS_HISTORY,2026-08-08T23:56:52+05:30
2015-06-09,SMD-0225,TATASTEEL,NSE:TATASTEEL-EQ,29.59,30.73,29.29,30.47,69414720,FYERS_HISTORY,2026-08-08T23:56:52+05:30
2015-06-10,SMD-0225,TATASTEEL,NSE:TATASTEEL-EQ,30.49,30.77,30.16,30.59,29199390,FYERS_HISTORY,2026-08-08T23:56:52+05:30
2015-06-11,SMD-0225,TATASTEEL,NSE:TATASTEEL-EQ,30.6,30.68,29.71,29.86,39879580,FYERS_HISTORY,2026-08-08T23:56:52+05:30
2015-06-12,SMD-0225,TATASTEEL,NSE:TATASTEEL-EQ,29.79,30.08,29.41,29.75,27176180,FYERS_HISTORY,2026-08-08T23:56:52+05:30
2015-06-15,SMD-0225,TATASTEEL,NSE:TATASTEEL-EQ,29.79,30.27,29.6,29.69,26940580,FYERS_HISTORY,2026-08-08T23:56:52+05:30
2015-06-16,SMD-0225,TATASTEEL,NSE:TATASTEEL-EQ,29.67,29.74,29.09,29.44,30674100,FYERS_HISTORY,2026-08-08T23:56:52+05:30
2015-06-17,SMD-0225,TATASTEEL,NSE:TATASTEEL-EQ,30.36,31.08,29.82,30.5,83207800,FYERS_HISTORY,2026-08-08T23:56:52+05:30
2015-06-18,SMD-0225,TATASTEEL,NSE:TATASTEEL-EQ,30.42,30.64,30.08,30.36,38785000,FYERS_HISTORY,2026-08-08T23:56:52+05:30
2015-06-19,SMD-0225,TATASTEEL,NSE:TATASTEEL-EQ,30.54,30.97,30.4,30.49,32884870,FYERS_HISTORY,2026-08-08T23:56:52+05:30
2015-06-22,SMD-0225,TATASTEEL,NSE:TATASTEEL-EQ,30.89,31.27,30.69,31.05,35663040,FYERS_HISTORY,2026-08-08T23:56:52+05:30
2015-06-23,SMD-0225,TATASTEEL,NSE:TATASTEEL-EQ,31.1,31.66,31.07,31.29,30121650,FYERS_HISTORY,2026-08-08T23:56:52+05:30
2015-06-24,SMD-0225,TATASTEEL,NSE:TATASTEEL-EQ,31.39,31.43,30.28,30.45,28309100,FYERS_HISTORY,2026-08-08T23:56:52+05:30
2015-06-25,SMD-0225,TATASTEEL,NSE:TATASTEEL-EQ,30.37,30.47,30.11,30.26,46068180,FYERS_HISTORY,2026-08-08T23:56:52+05:30
2015-06-26,SMD-0225,TATASTEEL,NSE:TATASTEEL-EQ,30.24,30.3,29.69,29.86,33795610,FYERS_HISTORY,2026-08-08T23:56:52+05:30
2015-06-29,SMD-0225,TATASTEEL,NSE:TATASTEEL-EQ,29.39,29.77,28.73,29.62,35304300,FYERS_HISTORY,2026-08-08T23:56:52+05:30
2015-06-30,SMD-0225,TATASTEEL,NSE:TATASTEEL-EQ,29.62,30.64,29.52,30.45,30613270,FYERS_HISTORY,2026-08-08T23:56:52+05:30
2015-07-01,SMD-0225,TATASTEEL,NSE:TATASTEEL-EQ,30.49,30.89,30.33,30.69,31428370,FYERS_HISTORY,2026-08-08T23:56:52+05:30
2015-07-02,SMD-0225,TATASTEEL,NSE:TATASTEEL-EQ,30.72,31.03,30.31,30.43,38388670,FYERS_HISTORY,2026-08-08T23:56:52+05:30
2015-07-03,SMD-0225,TATASTEEL,NSE:TATASTEEL-EQ,30.63,30.78,29.95,30.11,27416180,FYERS_HISTORY,2026-08-08T23:56:52+05:30
2015-07-06,SMD-0225,TATASTEEL,NSE:TATASTEEL-EQ,29.49,29.97,29.19,29.89,37069810,FYERS_HISTORY,2026-08-08T23:56:52+05:30
2015-07-07,SMD-0225,TATASTEEL,NSE:TATASTEEL-EQ,30.16,30.3,29.6,29.81,32976630,FYERS_HISTORY,2026-08-08T23:56:52+05:30
2015-07-08,SMD-0225,TATASTEEL,NSE:TATASTEEL-EQ,29.39,29.39,28.17,28.31,81392990,FYERS_HISTORY,2026-08-08T23:56:52+05:30
2015-07-09,SMD-0225,TATASTEEL,NSE:TATASTEEL-EQ,28.34,28.73,27.95,28.04,62127120,FYERS_HISTORY,2026-08-08T23:56:52+05:30
2015-07-10,SMD-0225,TATASTEEL,NSE:TATASTEEL-EQ,28.28,28.44,27.87,28.08,40200940,FYERS_HISTORY,2026-08-08T23:56:52+05:30
2015-07-13,SMD-0225,TATASTEEL,NSE:TATASTEEL-EQ,28.34,28.56,27.89,28.44,34357450,FYERS_HISTORY,2026-08-08T23:56:52+05:30
2015-07-14,SMD-0225,TATASTEEL,NSE:TATASTEEL-EQ,28.47,28.66,28.04,28.11,34296260,FYERS_HISTORY,2026-08-08T23:56:52+05:30
2015-07-15,SMD-0225,TATASTEEL,NSE:TATASTEEL-EQ,28.26,28.47,27.9,28.03,36785970,FYERS_HISTORY,2026-08-08T23:56:52+05:30
2015-07-16,SMD-0225,TATASTEEL,NSE:TATASTEEL-EQ,28.5,28.64,28.0,28.07,63113380,FYERS_HISTORY,2026-08-08T23:56:52+05:30
2015-07-17,SMD-0225,TATASTEEL,NSE:TATASTEEL-EQ,28.19,28.63,27.99,28.4,64478950,FYERS_HISTORY,2026-08-08T23:56:52+05:30
2015-07-20,SMD-0225,TATASTEEL,NSE:TATASTEEL-EQ,28.49,28.76,28.29,28.35,37325130,FYERS_HISTORY,2026-08-08T23:56:52+05:30
2015-07-21,SMD-0225,TATASTEEL,NSE:TATASTEEL-EQ,28.4,28.4,27.38,27.46,50935330,FYERS_HISTORY,2026-08-08T23:56:52+05:30
2015-07-22,SMD-0225,TATASTEEL,NSE:TATASTEEL-EQ,27.12,28.09,26.86,28.03,59089320,FYERS_HISTORY,2026-08-08T23:56:52+05:30
2015-07-23,SMD-0225,TATASTEEL,NSE:TATASTEEL-EQ,27.39,27.44,26.92,26.98,69589630,FYERS_HISTORY,2026-08-08T23:56:52+05:30
2015-07-24,SMD-0225,TATASTEEL,NSE:TATASTEEL-EQ,26.96,27.16,26.41,26.5,38090450,FYERS_HISTORY,2026-08-08T23:56:52+05:30
2015-07-27,SMD-0225,TATASTEEL,NSE:TATASTEEL-EQ,26.29,26.31,25.0,25.07,76459850,FYERS_HISTORY,2026-08-08T23:56:52+05:30
2015-07-28,SMD-0225,TATASTEEL,NSE:TATASTEEL-EQ,25.09,25.24,24.63,24.92,55367060,FYERS_HISTORY,2026-08-08T23:56:52+05:30
2015-07-29,SMD-0225,TATASTEEL,NSE:TATASTEEL-EQ,25.09,25.46,24.93,25.05,40021990,FYERS_HISTORY,2026-08-08T23:56:52+05:30
2015-07-30,SMD-0225,TATASTEEL,NSE:TATASTEEL-EQ,25.28,25.29,24.75,24.81,51674080,FYERS_HISTORY,2026-08-08T23:56:52+05:30
2015-07-31,SMD-0225,TATASTEEL,NSE:TATASTEEL-EQ,24.99,25.26,24.49,24.68,88452700,FYERS_HISTORY,2026-08-08T23:56:52+05:30
2015-08-03,SMD-0225,TATASTEEL,NSE:TATASTEEL-EQ,24.68,25.07,24.52,24.79,35550600,FYERS_HISTORY,2026-08-08T23:56:52+05:30
2015-08-04,SMD-0225,TATASTEEL,NSE:TATASTEEL-EQ,24.96,25.97,24.6,25.62,97201670,FYERS_HISTORY,2026-08-08T23:56:52+05:30
2015-08-05,SMD-0225,TATASTEEL,NSE:TATASTEEL-EQ,25.99,26.84,25.99,26.22,79764900,FYERS_HISTORY,2026-08-08T23:56:52+05:30
2015-08-06,SMD-0225,TATASTEEL,NSE:TATASTEEL-EQ,26.23,26.53,25.62,26.09,63746740,FYERS_HISTORY,2026-08-08T23:56:52+05:30
2015-08-07,SMD-0225,TATASTEEL,NSE:TATASTEEL-EQ,26.09,26.45,26.01,26.2,37904090,FYERS_HISTORY,2026-08-08T23:56:52+05:30
2015-08-10,SMD-0225,TATASTEEL,NSE:TATASTEEL-EQ,26.28,26.49,25.99,26.11,34000340,FYERS_HISTORY,2026-08-08T23:56:52+05:30
2015-08-11,SMD-0225,TATASTEEL,NSE:TATASTEEL-EQ,25.99,25.99,24.56,24.67,88243880,FYERS_HISTORY,2026-08-08T23:56:52+05:30
2015-08-12,SMD-0225,TATASTEEL,NSE:TATASTEEL-EQ,25.43,25.78,24.6,24.9,151677680,FYERS_HISTORY,2026-08-08T23:56:52+05:30
2015-08-13,SMD-0225,TATASTEEL,NSE:TATASTEEL-EQ,25.33,25.38,23.22,23.35,137601000,FYERS_HISTORY,2026-08-08T23:56:52+05:30
2015-08-14,SMD-0225,TATASTEEL,NSE:TATASTEEL-EQ,23.42,23.91,22.89,23.75,90623910,FYERS_HISTORY,2026-08-08T23:56:52+05:30
2015-08-17,SMD-0225,TATASTEEL,NSE:TATASTEEL-EQ,23.84,24.84,23.41,24.67,85216900,FYERS_HISTORY,2026-08-08T23:56:52+05:30
2015-08-18,SMD-0225,TATASTEEL,NSE:TATASTEEL-EQ,24.8,25.48,24.65,25.23,98018870,FYERS_HISTORY,2026-08-08T23:56:52+05:30
2015-08-19,SMD-0225,TATASTEEL,NSE:TATASTEEL-EQ,25.0,25.33,24.67,24.97,43026900,FYERS_HISTORY,2026-08-08T23:56:52+05:30
2015-08-20,SMD-0225,TATASTEEL,NSE:TATASTEEL-EQ,24.76,24.83,24.04,24.15,46248350,FYERS_HISTORY,2026-08-08T23:56:52+05:30
2015-08-21,SMD-0225,TATASTEEL,NSE:TATASTEEL-EQ,23.84,23.84,23.14,23.72,52453410,FYERS_HISTORY,2026-08-08T23:56:52+05:30
2015-08-24,SMD-0225,TATASTEEL,NSE:TATASTEEL-EQ,22.92,22.92,20.26,20.6,117076950,FYERS_HISTORY,2026-08-08T23:56:52+05:30
2015-08-25,SMD-0225,TATASTEEL,NSE:TATASTEEL-EQ,20.99,21.78,20.0,21.34,142023290,FYERS_HISTORY,2026-08-08T23:56:52+05:30
2015-08-26,SMD-0225,TATASTEEL,NSE:TATASTEEL-EQ,21.29,21.96,20.89,21.56,83339820,FYERS_HISTORY,2026-08-08T23:56:52+05:30
2015-08-27,SMD-0225,TATASTEEL,NSE:TATASTEEL-EQ,21.99,22.97,21.5,22.63,142225190,FYERS_HISTORY,2026-08-08T23:56:52+05:30
2015-08-28,SMD-0225,TATASTEEL,NSE:TATASTEEL-EQ,23.25,23.45,22.31,22.89,93842060,FYERS_HISTORY,2026-08-08T23:56:52+05:30
2015-08-31,SMD-0225,TATASTEEL,NSE:TATASTEEL-EQ,22.52,22.86,22.36,22.53,57804630,FYERS_HISTORY,2026-08-08T23:56:52+05:30
2015-09-01,SMD-0225,TATASTEEL,NSE:TATASTEEL-EQ,22.19,22.62,21.3,21.62,64731500,FYERS_HISTORY,2026-08-08T23:56:52+05:30
2015-09-02,SMD-0225,TATASTEEL,NSE:TATASTEEL-EQ,21.88,22.58,21.02,21.94,89068830,FYERS_HISTORY,2026-08-08T23:56:52+05:30
2015-09-03,SMD-0225,TATASTEEL,NSE:TATASTEEL-EQ,22.33,23.26,22.2,22.97,70807050,FYERS_HISTORY,2026-08-08T23:56:52+05:30
2015-09-04,SMD-0225,TATASTEEL,NSE:TATASTEEL-EQ,22.88,22.88,21.69,21.88,72275070,FYERS_HISTORY,2026-08-08T23:56:52+05:30
2015-09-07,SMD-0225,TATASTEEL,NSE:TATASTEEL-EQ,22.12,22.39,21.51,21.58,49322780,FYERS_HISTORY,2026-08-08T23:56:52+05:30
2015-09-08,SMD-0225,TATASTEEL,NSE:TATASTEEL-EQ,21.85,23.29,21.72,22.87,82342500,FYERS_HISTORY,2026-08-08T23:56:52+05:30
2015-09-09,SMD-0225,TATASTEEL,NSE:TATASTEEL-EQ,23.59,24.17,23.23,23.94,88211480,FYERS_HISTORY,2026-08-08T23:56:52+05:30
2015-09-10,SMD-0225,TATASTEEL,NSE:TATASTEEL-EQ,23.63,24.29,23.15,24.01,72500200,FYERS_HISTORY,2026-08-08T23:56:52+05:30
2015-09-11,SMD-0225,TATASTEEL,NSE:TATASTEEL-EQ,24.33,24.34,23.08,23.29,59076200,FYERS_HISTORY,2026-08-08T23:56:52+05:30
2015-09-14,SMD-0225,TATASTEEL,NSE:TATASTEEL-EQ,23.39,24.32,23.39,24.17,71568200,FYERS_HISTORY,2026-08-08T23:56:52+05:30
2015-09-15,SMD-0225,TATASTEEL,NSE:TATASTEEL-EQ,24.17,24.38,22.84,22.91,91452950,FYERS_HISTORY,2026-08-08T23:56:52+05:30
2015-09-16,SMD-0225,TATASTEEL,NSE:TATASTEEL-EQ,23.19,23.33,22.7,23.04,71892750,FYERS_HISTORY,2026-08-08T23:56:52+05:30
2015-09-18,SMD-0225,TATASTEEL,NSE:TATASTEEL-EQ,23.39,23.53,22.73,22.8,76272340,FYERS_HISTORY,2026-08-08T23:56:52+05:30
2015-09-21,SMD-0225,TATASTEEL,NSE:TATASTEEL-EQ,22.62,22.92,22.3,22.64,53726740,FYERS_HISTORY,2026-08-08T23:56:52+05:30
2015-09-22,SMD-0225,TATASTEEL,NSE:TATASTEEL-EQ,22.79,22.88,21.91,22.0,50968300,FYERS_HISTORY,2026-08-08T23:56:52+05:30
2015-09-23,SMD-0225,TATASTEEL,NSE:TATASTEEL-EQ,21.43,22.4,21.39,22.09,71922480,FYERS_HISTORY,2026-08-08T23:56:52+05:30
2015-09-24,SMD-0225,TATASTEEL,NSE:TATASTEEL-EQ,21.99,22.07,21.42,21.51,56325900,FYERS_HISTORY,2026-08-08T23:56:52+05:30
2015-09-28,SMD-0225,TATASTEEL,NSE:TATASTEEL-EQ,21.76,21.84,20.84,20.92,57287520,FYERS_HISTORY,2026-08-08T23:56:52+05:30
2015-09-29,SMD-0225,TATASTEEL,NSE:TATASTEEL-EQ,20.49,20.66,19.96,20.13,120817400,FYERS_HISTORY,2026-08-08T23:56:52+05:30
2015-09-30,SMD-0225,TATASTEEL,NSE:TATASTEEL-EQ,20.68,21.43,20.54,21.25,92888700,FYERS_HISTORY,2026-08-08T23:56:52+05:30
2015-10-01,SMD-0225,TATASTEEL,NSE:TATASTEEL-EQ,21.49,21.54,21.02,21.22,48713830,FYERS_HISTORY,2026-08-08T23:56:52+05:30
2015-10-05,SMD-0225,TATASTEEL,NSE:TATASTEEL-EQ,21.48,22.57,21.41,22.49,81187110,FYERS_HISTORY,2026-08-08T23:56:52+05:30
2015-10-06,SMD-0225,TATASTEEL,NSE:TATASTEEL-EQ,22.76,22.89,22.31,22.74,73574360,FYERS_HISTORY,2026-08-08T23:56:52+05:30
2015-10-07,SMD-0225,TATASTEEL,NSE:TATASTEEL-EQ,22.49,23.76,22.35,23.67,98353210,FYERS_HISTORY,2026-08-08T23:56:52+05:30
2015-10-08,SMD-0225,TATASTEEL,NSE:TATASTEEL-EQ,23.78,24.26,23.61,24.07,89126140,FYERS_HISTORY,2026-08-08T23:56:52+05:30
2015-10-09,SMD-0225,TATASTEEL,NSE:TATASTEEL-EQ,24.23,25.29,24.21,25.1,105166370,FYERS_HISTORY,2026-08-08T23:56:52+05:30
2015-10-12,SMD-0225,TATASTEEL,NSE:TATASTEEL-EQ,25.5,26.19,24.97,25.08,105666510,FYERS_HISTORY,2026-08-08T23:56:52+05:30
2015-10-13,SMD-0225,TATASTEEL,NSE:TATASTEEL-EQ,24.79,24.86,24.32,24.49,58194080,FYERS_HISTORY,2026-08-08T23:56:52+05:30
2015-10-14,SMD-0225,TATASTEEL,NSE:TATASTEEL-EQ,24.39,25.29,24.35,24.83,62881440,FYERS_HISTORY,2026-08-08T23:56:52+05:30
2015-10-15,SMD-0225,TATASTEEL,NSE:TATASTEEL-EQ,24.91,25.71,24.8,25.52,70057780,FYERS_HISTORY,2026-08-08T23:56:52+05:30
2015-10-16,SMD-0225,TATASTEEL,NSE:TATASTEEL-EQ,25.58,25.66,24.83,25.28,53248600,FYERS_HISTORY,2026-08-08T23:56:52+05:30
2015-10-19,SMD-0225,TATASTEEL,NSE:TATASTEEL-EQ,25.3,25.4,24.67,24.83,44769070,FYERS_HISTORY,2026-08-08T23:56:52+05:30
2015-10-20,SMD-0225,TATASTEEL,NSE:TATASTEEL-EQ,24.7,24.88,23.99,24.07,52468090,FYERS_HISTORY,2026-08-08T23:56:52+05:30
2015-10-21,SMD-0225,TATASTEEL,NSE:TATASTEEL-EQ,24.16,24.64,23.82,24.43,80395970,FYERS_HISTORY,2026-08-08T23:56:52+05:30
2015-10-23,SMD-0225,TATASTEEL,NSE:TATASTEEL-EQ,24.73,25.15,24.41,24.59,50041790,FYERS_HISTORY,2026-08-08T23:56:52+05:30
2015-10-26,SMD-0225,TATASTEEL,NSE:TATASTEEL-EQ,24.73,25.15,24.62,24.96,41866750,FYERS_HISTORY,2026-08-08T23:56:52+05:30
2015-10-27,SMD-0225,TATASTEEL,NSE:TATASTEEL-EQ,24.88,25.02,24.4,24.59,34025520,FYERS_HISTORY,2026-08-08T23:56:52+05:30
2015-10-28,SMD-0225,TATASTEEL,NSE:TATASTEEL-EQ,24.44,24.84,24.39,24.71,34358610,FYERS_HISTORY,2026-08-08T23:56:52+05:30
2015-10-29,SMD-0225,TATASTEEL,NSE:TATASTEEL-EQ,24.62,25.14,24.46,24.75,45875460,FYERS_HISTORY,2026-08-08T23:56:52+05:30
2015-10-30,SMD-0225,TATASTEEL,NSE:TATASTEEL-EQ,24.83,25.47,24.51,24.65,61712600,FYERS_HISTORY,2026-08-08T23:56:52+05:30
2015-11-02,SMD-0225,TATASTEEL,NSE:TATASTEEL-EQ,24.64,24.65,23.62,23.88,49080050,FYERS_HISTORY,2026-08-08T23:56:52+05:30
2015-11-03,SMD-0225,TATASTEEL,NSE:TATASTEEL-EQ,24.16,24.29,23.48,23.56,44913130,FYERS_HISTORY,2026-08-08T23:56:52+05:30
2015-11-04,SMD-0225,TATASTEEL,NSE:TATASTEEL-EQ,23.91,23.99,23.38,23.53,48597730,FYERS_HISTORY,2026-08-08T23:56:52+05:30
2015-11-05,SMD-0225,TATASTEEL,NSE:TATASTEEL-EQ,23.59,23.59,22.42,22.53,87987870,FYERS_HISTORY,2026-08-08T23:56:52+05:30
2015-11-06,SMD-0225,TATASTEEL,NSE:TATASTEEL-EQ,21.88,22.18,21.5,22.02,99031570,FYERS_HISTORY,2026-08-08T23:56:52+05:30
2015-11-09,SMD-0225,TATASTEEL,NSE:TATASTEEL-EQ,21.49,22.43,21.26,22.22,62706060,FYERS_HISTORY,2026-08-08T23:56:52+05:30
2015-11-10,SMD-0225,TATASTEEL,NSE:TATASTEEL-EQ,22.07,22.22,21.71,21.8,45349400,FYERS_HISTORY,2026-08-08T23:56:52+05:30
2015-11-11,SMD-0225,TATASTEEL,NSE:TATASTEEL-EQ,22.04,22.17,21.97,22.04,7719120,FYERS_HISTORY,2026-08-08T23:56:52+05:30
2015-11-13,SMD-0225,TATASTEEL,NSE:TATASTEEL-EQ,21.86,22.35,21.65,22.26,44255400,FYERS_HISTORY,2026-08-08T23:56:52+05:30
2015-11-16,SMD-0225,TATASTEEL,NSE:TATASTEEL-EQ,22.28,23.18,22.01,23.05,69210830,FYERS_HISTORY,2026-08-08T23:56:52+05:30
2015-11-17,SMD-0225,TATASTEEL,NSE:TATASTEEL-EQ,23.18,23.57,23.08,23.45,52392500,FYERS_HISTORY,2026-08-08T23:56:52+05:30
2015-11-18,SMD-0225,TATASTEEL,NSE:TATASTEEL-EQ,23.4,23.49,22.51,22.58,52818960,FYERS_HISTORY,2026-08-08T23:56:52+05:30
2015-11-19,SMD-0225,TATASTEEL,NSE:TATASTEEL-EQ,22.74,22.96,22.55,22.87,36599340,FYERS_HISTORY,2026-08-08T23:56:52+05:30
2015-11-20,SMD-0225,TATASTEEL,NSE:TATASTEEL-EQ,22.8,23.27,22.8,22.99,38581540,FYERS_HISTORY,2026-08-08T23:56:52+05:30
2015-11-23,SMD-0225,TATASTEEL,NSE:TATASTEEL-EQ,23.08,23.08,22.3,22.44,41010490,FYERS_HISTORY,2026-08-08T23:56:52+05:30
2015-11-24,SMD-0225,TATASTEEL,NSE:TATASTEEL-EQ,22.33,22.63,22.24,22.43,41776590,FYERS_HISTORY,2026-08-08T23:56:52+05:30
2015-11-26,SMD-0225,TATASTEEL,NSE:TATASTEEL-EQ,22.54,22.99,22.41,22.78,45865860,FYERS_HISTORY,2026-08-08T23:56:52+05:30
2015-11-27,SMD-0225,TATASTEEL,NSE:TATASTEEL-EQ,22.78,23.49,22.75,23.12,53913390,FYERS_HISTORY,2026-08-08T23:56:52+05:30
2015-11-30,SMD-0225,TATASTEEL,NSE:TATASTEEL-EQ,23.23,23.43,22.87,22.95,45553200,FYERS_HISTORY,2026-08-08T23:56:52+05:30
2015-12-01,SMD-0225,TATASTEEL,NSE:TATASTEEL-EQ,23.07,23.84,23.02,23.75,65844640,FYERS_HISTORY,2026-08-08T23:56:52+05:30
2015-12-02,SMD-0225,TATASTEEL,NSE:TATASTEEL-EQ,23.99,24.58,23.8,24.38,88555150,FYERS_HISTORY,2026-08-08T23:56:52+05:30
2015-12-03,SMD-0225,TATASTEEL,NSE:TATASTEEL-EQ,24.01,24.34,23.67,24.01,71055640,FYERS_HISTORY,2026-08-08T23:56:52+05:30
2015-12-04,SMD-0225,TATASTEEL,NSE:TATASTEEL-EQ,23.8,24.42,23.7,24.02,55363240,FYERS_HISTORY,2026-08-08T23:56:52+05:30
2015-12-07,SMD-0225,TATASTEEL,NSE:TATASTEEL-EQ,24.47,24.74,24.24,24.35,49348270,FYERS_HISTORY,2026-08-08T23:56:52+05:30
2015-12-08,SMD-0225,TATASTEEL,NSE:TATASTEEL-EQ,24.2,24.3,23.34,23.47,45444480,FYERS_HISTORY,2026-08-08T23:56:52+05:30
2015-12-09,SMD-0225,TATASTEEL,NSE:TATASTEEL-EQ,23.39,23.58,22.48,22.68,47261420,FYERS_HISTORY,2026-08-08T23:56:52+05:30
2015-12-10,SMD-0225,TATASTEEL,NSE:TATASTEEL-EQ,22.72,23.47,22.64,23.29,48032800,FYERS_HISTORY,2026-08-08T23:56:52+05:30
2015-12-11,SMD-0225,TATASTEEL,NSE:TATASTEEL-EQ,23.5,24.38,23.5,24.08,119185720,FYERS_HISTORY,2026-08-08T23:56:52+05:30
2015-12-14,SMD-0225,TATASTEEL,NSE:TATASTEEL-EQ,23.89,24.88,23.84,24.49,113108050,FYERS_HISTORY,2026-08-08T23:56:52+05:30
2015-12-15,SMD-0225,TATASTEEL,NSE:TATASTEEL-EQ,24.69,24.72,24.12,24.43,52171210,FYERS_HISTORY,2026-08-08T23:56:52+05:30
2015-12-16,SMD-0225,TATASTEEL,NSE:TATASTEEL-EQ,24.65,24.85,24.2,24.46,57580310,FYERS_HISTORY,2026-08-08T23:56:52+05:30
2015-12-17,SMD-0225,TATASTEEL,NSE:TATASTEEL-EQ,24.68,25.79,24.6,25.7,121083680,FYERS_HISTORY,2026-08-08T23:56:52+05:30
2015-12-18,SMD-0225,TATASTEEL,NSE:TATASTEEL-EQ,25.64,25.79,25.39,25.56,69419590,FYERS_HISTORY,2026-08-08T23:56:52+05:30
2015-12-21,SMD-0225,TATASTEEL,NSE:TATASTEEL-EQ,25.54,26.13,25.46,25.84,61932300,FYERS_HISTORY,2026-08-08T23:56:52+05:30
2015-12-22,SMD-0225,TATASTEEL,NSE:TATASTEEL-EQ,25.89,26.17,25.65,25.73,45427840,FYERS_HISTORY,2026-08-08T23:56:52+05:30
2015-12-23,SMD-0225,TATASTEEL,NSE:TATASTEEL-EQ,26.22,26.63,26.22,26.44,77004050,FYERS_HISTORY,2026-08-08T23:56:52+05:30
2015-12-24,SMD-0225,TATASTEEL,NSE:TATASTEEL-EQ,26.59,26.59,26.05,26.33,38425510,FYERS_HISTORY,2026-08-08T23:56:52+05:30
2015-12-28,SMD-0225,TATASTEEL,NSE:TATASTEEL-EQ,26.39,26.42,25.29,25.4,53158930,FYERS_HISTORY,2026-08-08T23:56:53+05:30
2015-12-29,SMD-0225,TATASTEEL,NSE:TATASTEEL-EQ,25.57,25.71,25.33,25.52,37992910,FYERS_HISTORY,2026-08-08T23:56:53+05:30
2015-12-30,SMD-0225,TATASTEEL,NSE:TATASTEEL-EQ,25.63,26.17,25.5,25.86,68105210,FYERS_HISTORY,2026-08-08T23:56:53+05:30
2015-12-31,SMD-0225,TATASTEEL,NSE:TATASTEEL-EQ,25.99,26.07,25.69,25.97,44452490,FYERS_HISTORY,2026-08-08T23:56:53+05:30
2016-01-01,SMD-0225,TATASTEEL,NSE:TATASTEEL-EQ,25.89,25.98,25.33,25.73,31505460,FYERS_HISTORY,2026-08-08T23:56:53+05:30
2016-01-04,SMD-0225,TATASTEEL,NSE:TATASTEEL-EQ,25.49,26.31,25.3,25.68,69791370,FYERS_HISTORY,2026-08-08T23:56:53+05:30
2016-01-05,SMD-0225,TATASTEEL,NSE:TATASTEEL-EQ,25.75,27.63,25.75,27.42,150040570,FYERS_HISTORY,2026-08-08T23:56:53+05:30
2016-01-06,SMD-0225,TATASTEEL,NSE:TATASTEEL-EQ,27.27,27.45,26.59,26.87,74523100,FYERS_HISTORY,2026-08-08T23:56:53+05:30
2016-01-07,SMD-0225,TATASTEEL,NSE:TATASTEEL-EQ,26.29,26.32,24.81,24.98,95006410,FYERS_HISTORY,2026-08-08T23:56:53+05:30
2016-01-08,SMD-0225,TATASTEEL,NSE:TATASTEEL-EQ,25.19,25.62,24.9,25.35,62974240,FYERS_HISTORY,2026-08-08T23:56:53+05:30
2016-01-11,SMD-0225,TATASTEEL,NSE:TATASTEEL-EQ,24.69,25.33,24.42,25.16,60833920,FYERS_HISTORY,2026-08-08T23:56:53+05:30
2016-01-12,SMD-0225,TATASTEEL,NSE:TATASTEEL-EQ,25.3,25.52,24.31,24.57,54235940,FYERS_HISTORY,2026-08-08T23:56:53+05:30
2016-01-13,SMD-0225,TATASTEEL,NSE:TATASTEEL-EQ,24.84,25.17,23.69,24.65,74800530,FYERS_HISTORY,2026-08-08T23:56:53+05:30
2016-01-14,SMD-0225,TATASTEEL,NSE:TATASTEEL-EQ,23.49,24.25,23.14,23.87,88819240,FYERS_HISTORY,2026-08-08T23:56:53+05:30
2016-01-15,SMD-0225,TATASTEEL,NSE:TATASTEEL-EQ,24.24,24.29,22.8,22.96,59897040,FYERS_HISTORY,2026-08-08T23:56:53+05:30
2016-01-18,SMD-0225,TATASTEEL,NSE:TATASTEEL-EQ,22.97,24.39,22.51,23.58,84146940,FYERS_HISTORY,2026-08-08T23:56:53+05:30
2016-01-19,SMD-0225,TATASTEEL,NSE:TATASTEEL-EQ,23.75,24.09,23.12,23.79,63020600,FYERS_HISTORY,2026-08-08T23:56:53+05:30
2016-01-20,SMD-0225,TATASTEEL,NSE:TATASTEEL-EQ,23.27,23.39,22.64,23.19,54850340,FYERS_HISTORY,2026-08-08T23:56:53+05:30
2016-01-21,SMD-0225,TATASTEEL,NSE:TATASTEEL-EQ,23.46,23.93,23.12,23.55,62432920,FYERS_HISTORY,2026-08-08T23:56:53+05:30
2016-01-22,SMD-0225,TATASTEEL,NSE:TATASTEEL-EQ,23.82,25.07,23.76,24.77,65086510,FYERS_HISTORY,2026-08-08T23:56:53+05:30
2016-01-25,SMD-0225,TATASTEEL,NSE:TATASTEEL-EQ,24.89,25.63,24.87,25.48,55747360,FYERS_HISTORY,2026-08-08T23:56:53+05:30
2016-01-27,SMD-0225,TATASTEEL,NSE:TATASTEEL-EQ,25.49,25.98,25.33,25.75,62336450,FYERS_HISTORY,2026-08-08T23:56:53+05:30
2016-01-28,SMD-0225,TATASTEEL,NSE:TATASTEEL-EQ,25.69,25.84,25.23,25.41,60147550,FYERS_HISTORY,2026-08-08T23:56:53+05:30
2016-01-29,SMD-0225,TATASTEEL,NSE:TATASTEEL-EQ,25.46,25.87,24.74,24.96,67457780,FYERS_HISTORY,2026-08-08T23:56:53+05:30
2016-02-01,SMD-0225,TATASTEEL,NSE:TATASTEEL-EQ,24.88,25.49,24.64,24.92,44192840,FYERS_HISTORY,2026-08-08T23:56:53+05:30
2016-02-02,SMD-0225,TATASTEEL,NSE:TATASTEEL-EQ,25.02,25.09,23.0,23.14,83857550,FYERS_HISTORY,2026-08-08T23:56:53+05:30
2016-02-03,SMD-0225,TATASTEEL,NSE:TATASTEEL-EQ,22.78,23.38,22.14,22.39,77889970,FYERS_HISTORY,2026-08-08T23:56:53+05:30
2016-02-04,SMD-0225,TATASTEEL,NSE:TATASTEEL-EQ,22.43,22.85,21.89,22.59,117056280,FYERS_HISTORY,2026-08-08T23:56:53+05:30
2016-02-05,SMD-0225,TATASTEEL,NSE:TATASTEEL-EQ,21.59,23.82,21.59,23.38,257950380,FYERS_HISTORY,2026-08-08T23:56:53+05:30
2016-02-08,SMD-0225,TATASTEEL,NSE:TATASTEEL-EQ,23.85,24.39,23.2,23.4,103290930,FYERS_HISTORY,2026-08-08T23:56:53+05:30
2016-02-09,SMD-0225,TATASTEEL,NSE:TATASTEEL-EQ,23.08,23.72,23.0,23.54,75604000,FYERS_HISTORY,2026-08-08T23:56:53+05:30
2016-02-10,SMD-0225,TATASTEEL,NSE:TATASTEEL-EQ,23.48,23.77,22.7,23.56,76135610,FYERS_HISTORY,2026-08-08T23:56:53+05:30
2016-02-11,SMD-0225,TATASTEEL,NSE:TATASTEEL-EQ,23.59,23.72,22.08,22.44,61496770,FYERS_HISTORY,2026-08-08T23:56:53+05:30
2016-02-12,SMD-0225,TATASTEEL,NSE:TATASTEEL-EQ,22.59,22.93,21.11,21.74,93707140,FYERS_HISTORY,2026-08-08T23:56:53+05:30
2016-02-15,SMD-0225,TATASTEEL,NSE:TATASTEEL-EQ,22.19,24.79,22.19,24.66,135979250,FYERS_HISTORY,2026-08-08T23:56:53+05:30
2016-02-16,SMD-0225,TATASTEEL,NSE:TATASTEEL-EQ,24.95,25.15,24.31,24.48,91438680,FYERS_HISTORY,2026-08-08T23:56:53+05:30
2016-02-17,SMD-0225,TATASTEEL,NSE:TATASTEEL-EQ,24.49,25.28,23.79,25.12,82927340,FYERS_HISTORY,2026-08-08T23:56:53+05:30
2016-02-18,SMD-0225,TATASTEEL,NSE:TATASTEEL-EQ,25.49,25.64,24.31,25.08,94562640,FYERS_HISTORY,2026-08-08T23:56:53+05:30
2016-02-19,SMD-0225,TATASTEEL,NSE:TATASTEEL-EQ,24.84,25.44,24.68,25.32,67684240,FYERS_HISTORY,2026-08-08T23:56:53+05:30
2016-02-22,SMD-0225,TATASTEEL,NSE:TATASTEEL-EQ,25.35,25.74,25.16,25.52,48087760,FYERS_HISTORY,2026-08-08T23:56:53+05:30
2016-02-23,SMD-0225,TATASTEEL,NSE:TATASTEEL-EQ,25.57,26.15,25.2,25.35,84496190,FYERS_HISTORY,2026-08-08T23:56:53+05:30
2016-02-24,SMD-0225,TATASTEEL,NSE:TATASTEEL-EQ,25.05,25.37,24.69,24.78,47422860,FYERS_HISTORY,2026-08-08T23:56:53+05:30
2016-02-25,SMD-0225,TATASTEEL,NSE:TATASTEEL-EQ,24.7,24.98,24.45,24.81,55863570,FYERS_HISTORY,2026-08-08T23:56:53+05:30
2016-02-26,SMD-0225,TATASTEEL,NSE:TATASTEEL-EQ,24.94,25.16,24.31,24.84,53351080,FYERS_HISTORY,2026-08-08T23:56:53+05:30
2016-02-29,SMD-0225,TATASTEEL,NSE:TATASTEEL-EQ,24.68,26.36,24.5,24.9,98472440,FYERS_HISTORY,2026-08-08T23:56:53+05:30
2016-03-01,SMD-0225,TATASTEEL,NSE:TATASTEEL-EQ,24.99,25.81,24.65,25.7,71089210,FYERS_HISTORY,2026-08-08T23:56:53+05:30
2016-03-02,SMD-0225,TATASTEEL,NSE:TATASTEEL-EQ,25.99,26.94,25.94,26.75,76431430,FYERS_HISTORY,2026-08-08T23:56:53+05:30
2016-03-03,SMD-0225,TATASTEEL,NSE:TATASTEEL-EQ,27.29,28.89,27.2,28.7,175273960,FYERS_HISTORY,2026-08-08T23:56:53+05:30
2016-03-04,SMD-0225,TATASTEEL,NSE:TATASTEEL-EQ,28.89,29.11,28.44,28.85,91671940,FYERS_HISTORY,2026-08-08T23:56:53+05:30
2016-03-08,SMD-0225,TATASTEEL,NSE:TATASTEEL-EQ,28.77,29.66,28.69,29.17,92785910,FYERS_HISTORY,2026-08-08T23:56:53+05:30
2016-03-09,SMD-0225,TATASTEEL,NSE:TATASTEEL-EQ,28.34,29.64,28.12,29.53,101551390,FYERS_HISTORY,2026-08-08T23:56:53+05:30
2016-03-10,SMD-0225,TATASTEEL,NSE:TATASTEEL-EQ,29.62,30.12,29.32,29.66,85541950,FYERS_HISTORY,2026-08-08T23:56:53+05:30
2016-03-11,SMD-0225,TATASTEEL,NSE:TATASTEEL-EQ,29.59,29.81,29.03,29.4,76311940,FYERS_HISTORY,2026-08-08T23:56:53+05:30
2016-03-14,SMD-0225,TATASTEEL,NSE:TATASTEEL-EQ,29.59,30.02,29.52,29.66,44438770,FYERS_HISTORY,2026-08-08T23:56:53+05:30
2016-03-15,SMD-0225,TATASTEEL,NSE:TATASTEEL-EQ,29.69,30.19,29.4,30.04,69757890,FYERS_HISTORY,2026-08-08T23:56:53+05:30
2016-03-16,SMD-0225,TATASTEEL,NSE:TATASTEEL-EQ,29.99,30.27,29.41,29.94,70370910,FYERS_HISTORY,2026-08-08T23:56:53+05:30
2016-03-17,SMD-0225,TATASTEEL,NSE:TATASTEEL-EQ,30.44,30.56,29.48,29.58,80029320,FYERS_HISTORY,2026-08-08T23:56:53+05:30
2016-03-18,SMD-0225,TATASTEEL,NSE:TATASTEEL-EQ,29.96,30.27,29.69,30.21,73121180,FYERS_HISTORY,2026-08-08T23:56:53+05:30
2016-03-21,SMD-0225,TATASTEEL,NSE:TATASTEEL-EQ,30.19,30.59,30.06,30.35,56498790,FYERS_HISTORY,2026-08-08T23:56:53+05:30
2016-03-22,SMD-0225,TATASTEEL,NSE:TATASTEEL-EQ,30.3,31.17,30.13,30.97,65769370,FYERS_HISTORY,2026-08-08T23:56:53+05:30
2016-03-23,SMD-0225,TATASTEEL,NSE:TATASTEEL-EQ,31.17,31.78,31.05,31.71,63757050,FYERS_HISTORY,2026-08-08T23:56:53+05:30
2016-03-28,SMD-0225,TATASTEEL,NSE:TATASTEEL-EQ,31.83,31.83,29.73,29.91,90668430,FYERS_HISTORY,2026-08-08T23:56:53+05:30
2016-03-29,SMD-0225,TATASTEEL,NSE:TATASTEEL-EQ,29.99,30.77,29.99,30.38,59352390,FYERS_HISTORY,2026-08-08T23:56:53+05:30
2016-03-30,SMD-0225,TATASTEEL,NSE:TATASTEEL-EQ,30.93,32.56,30.52,32.42,124348690,FYERS_HISTORY,2026-08-08T23:56:53+05:30
2016-03-31,SMD-0225,TATASTEEL,NSE:TATASTEEL-EQ,32.48,32.48,31.43,31.96,133456000,FYERS_HISTORY,2026-08-08T23:56:53+05:30
2016-04-01,SMD-0225,TATASTEEL,NSE:TATASTEEL-EQ,31.75,31.97,31.32,31.76,55682140,FYERS_HISTORY,2026-08-08T23:56:53+05:30
2016-04-04,SMD-0225,TATASTEEL,NSE:TATASTEEL-EQ,31.57,32.3,31.46,32.02,51662450,FYERS_HISTORY,2026-08-08T23:56:53+05:30
2016-04-05,SMD-0225,TATASTEEL,NSE:TATASTEEL-EQ,31.68,31.93,30.82,31.22,57213990,FYERS_HISTORY,2026-08-08T23:56:53+05:30
2016-04-06,SMD-0225,TATASTEEL,NSE:TATASTEEL-EQ,31.49,33.19,31.34,32.84,145863290,FYERS_HISTORY,2026-08-08T23:56:53+05:30
2016-04-07,SMD-0225,TATASTEEL,NSE:TATASTEEL-EQ,32.98,33.26,32.2,32.36,86066640,FYERS_HISTORY,2026-08-08T23:56:53+05:30
2016-04-08,SMD-0225,TATASTEEL,NSE:TATASTEEL-EQ,32.29,32.47,31.89,32.2,60789830,FYERS_HISTORY,2026-08-08T23:56:53+05:30
2016-04-11,SMD-0225,TATASTEEL,NSE:TATASTEEL-EQ,32.19,33.32,31.99,33.1,90119090,FYERS_HISTORY,2026-08-08T23:56:53+05:30
2016-04-12,SMD-0225,TATASTEEL,NSE:TATASTEEL-EQ,32.38,33.08,31.79,32.44,111066850,FYERS_HISTORY,2026-08-08T23:56:53+05:30
2016-04-13,SMD-0225,TATASTEEL,NSE:TATASTEEL-EQ,32.74,33.61,32.59,33.27,102810830,FYERS_HISTORY,2026-08-08T23:56:53+05:30
2016-04-18,SMD-0225,TATASTEEL,NSE:TATASTEEL-EQ,33.18,33.71,32.75,33.54,71906560,FYERS_HISTORY,2026-08-08T23:56:53+05:30
2016-04-20,SMD-0225,TATASTEEL,NSE:TATASTEEL-EQ,33.78,35.92,33.76,35.73,183762400,FYERS_HISTORY,2026-08-08T23:56:53+05:30
2016-04-21,SMD-0225,TATASTEEL,NSE:TATASTEEL-EQ,35.87,36.39,35.3,35.44,103472930,FYERS_HISTORY,2026-08-08T23:56:53+05:30
2016-04-22,SMD-0225,TATASTEEL,NSE:TATASTEEL-EQ,35.79,36.36,35.22,35.35,120919520,FYERS_HISTORY,2026-08-08T23:56:53+05:30
2016-04-25,SMD-0225,TATASTEEL,NSE:TATASTEEL-EQ,35.24,35.36,34.44,34.73,61576270,FYERS_HISTORY,2026-08-08T23:56:53+05:30
2016-04-26,SMD-0225,TATASTEEL,NSE:TATASTEEL-EQ,34.7,36.05,34.7,35.85,83425980,FYERS_HISTORY,2026-08-08T23:56:53+05:30
2016-04-27,SMD-0225,TATASTEEL,NSE:TATASTEEL-EQ,35.88,36.23,35.4,35.66,60255870,FYERS_HISTORY,2026-08-08T23:56:53+05:30
2016-04-28,SMD-0225,TATASTEEL,NSE:TATASTEEL-EQ,35.69,36.19,34.6,34.75,100759080,FYERS_HISTORY,2026-08-08T23:56:53+05:30
2016-04-29,SMD-0225,TATASTEEL,NSE:TATASTEEL-EQ,34.76,35.38,34.26,35.1,78020220,FYERS_HISTORY,2026-08-08T23:56:53+05:30
2016-05-02,SMD-0225,TATASTEEL,NSE:TATASTEEL-EQ,34.89,35.09,34.43,34.68,41799520,FYERS_HISTORY,2026-08-08T23:56:53+05:30
2016-05-03,SMD-0225,TATASTEEL,NSE:TATASTEEL-EQ,34.86,35.55,34.69,34.88,63726150,FYERS_HISTORY,2026-08-08T23:56:53+05:30
2016-05-04,SMD-0225,TATASTEEL,NSE:TATASTEEL-EQ,34.59,34.71,32.73,32.86,79549790,FYERS_HISTORY,2026-08-08T23:56:53+05:30
2016-05-05,SMD-0225,TATASTEEL,NSE:TATASTEEL-EQ,32.89,33.47,32.4,33.17,83332480,FYERS_HISTORY,2026-08-08T23:56:53+05:30
2016-05-06,SMD-0225,TATASTEEL,NSE:TATASTEEL-EQ,32.99,33.14,32.5,32.92,53610790,FYERS_HISTORY,2026-08-08T23:56:53+05:30
2016-05-09,SMD-0225,TATASTEEL,NSE:TATASTEEL-EQ,32.99,33.48,32.71,32.86,46568860,FYERS_HISTORY,2026-08-08T23:56:53+05:30
2016-05-10,SMD-0225,TATASTEEL,NSE:TATASTEEL-EQ,33.08,33.71,32.5,32.79,107466060,FYERS_HISTORY,2026-08-08T23:56:53+05:30
2016-05-11,SMD-0225,TATASTEEL,NSE:TATASTEEL-EQ,31.98,33.19,31.9,32.97,56858620,FYERS_HISTORY,2026-08-08T23:56:53+05:30
2016-05-12,SMD-0225,TATASTEEL,NSE:TATASTEEL-EQ,33.11,33.21,32.65,33.05,47051090,FYERS_HISTORY,2026-08-08T23:56:53+05:30
2016-05-13,SMD-0225,TATASTEEL,NSE:TATASTEEL-EQ,32.69,32.92,32.11,32.25,56007420,FYERS_HISTORY,2026-08-08T23:56:53+05:30
2016-05-16,SMD-0225,TATASTEEL,NSE:TATASTEEL-EQ,32.29,32.71,31.93,32.63,39295340,FYERS_HISTORY,2026-08-08T23:56:53+05:30
2016-05-17,SMD-0225,TATASTEEL,NSE:TATASTEEL-EQ,32.87,33.1,32.43,32.7,48781800,FYERS_HISTORY,2026-08-08T23:56:53+05:30
2016-05-18,SMD-0225,TATASTEEL,NSE:TATASTEEL-EQ,32.56,33.01,32.3,32.89,37583110,FYERS_HISTORY,2026-08-08T23:56:53+05:30
2016-05-19,SMD-0225,TATASTEEL,NSE:TATASTEEL-EQ,32.64,33.73,32.49,32.61,65086170,FYERS_HISTORY,2026-08-08T23:56:53+05:30
2016-05-20,SMD-0225,TATASTEEL,NSE:TATASTEEL-EQ,32.61,32.7,32.1,32.25,46095980,FYERS_HISTORY,2026-08-08T23:56:53+05:30
2016-05-23,SMD-0225,TATASTEEL,NSE:TATASTEEL-EQ,32.46,32.56,31.24,31.34,63951270,FYERS_HISTORY,2026-08-08T23:56:53+05:30
2016-05-24,SMD-0225,TATASTEEL,NSE:TATASTEEL-EQ,31.33,31.83,31.11,31.76,50212560,FYERS_HISTORY,2026-08-08T23:56:53+05:30
2016-05-25,SMD-0225,TATASTEEL,NSE:TATASTEEL-EQ,31.99,32.64,31.8,32.45,55220960,FYERS_HISTORY,2026-08-08T23:56:53+05:30
2016-05-26,SMD-0225,TATASTEEL,NSE:TATASTEEL-EQ,31.99,32.92,31.99,32.51,128882490,FYERS_HISTORY,2026-08-08T23:56:53+05:30
2016-05-27,SMD-0225,TATASTEEL,NSE:TATASTEEL-EQ,32.59,33.19,32.44,32.95,44030520,FYERS_HISTORY,2026-08-08T23:56:53+05:30
2016-05-30,SMD-0225,TATASTEEL,NSE:TATASTEEL-EQ,33.19,33.45,32.13,32.22,66159550,FYERS_HISTORY,2026-08-08T23:56:53+05:30
2016-05-31,SMD-0225,TATASTEEL,NSE:TATASTEEL-EQ,32.44,33.74,32.01,33.42,100387570,FYERS_HISTORY,2026-08-08T23:56:53+05:30
2016-06-01,SMD-0225,TATASTEEL,NSE:TATASTEEL-EQ,33.58,33.95,32.93,33.2,64809300,FYERS_HISTORY,2026-08-08T23:56:53+05:30
2016-06-02,SMD-0225,TATASTEEL,NSE:TATASTEEL-EQ,33.19,34.18,33.02,34.05,55711780,FYERS_HISTORY,2026-08-08T23:56:53+05:30
2016-06-03,SMD-0225,TATASTEEL,NSE:TATASTEEL-EQ,34.39,34.82,33.63,33.84,88295260,FYERS_HISTORY,2026-08-08T23:56:53+05:30
2016-06-06,SMD-0225,TATASTEEL,NSE:TATASTEEL-EQ,33.49,34.06,33.2,33.77,49681740,FYERS_HISTORY,2026-08-08T23:56:53+05:30
2016-06-07,SMD-0225,TATASTEEL,NSE:TATASTEEL-EQ,33.94,34.37,33.69,34.25,38973570,FYERS_HISTORY,2026-08-08T23:56:53+05:30
2016-06-08,SMD-0225,TATASTEEL,NSE:TATASTEEL-EQ,34.31,34.63,33.84,34.14,44652020,FYERS_HISTORY,2026-08-08T23:56:53+05:30
2016-06-09,SMD-0225,TATASTEEL,NSE:TATASTEEL-EQ,33.99,34.66,33.99,34.19,59339870,FYERS_HISTORY,2026-08-08T23:56:53+05:30
2016-06-10,SMD-0225,TATASTEEL,NSE:TATASTEEL-EQ,34.19,34.44,33.34,33.43,55046420,FYERS_HISTORY,2026-08-08T23:56:53+05:30
2016-06-13,SMD-0225,TATASTEEL,NSE:TATASTEEL-EQ,32.82,32.98,32.09,32.3,65745540,FYERS_HISTORY,2026-08-08T23:56:53+05:30
2016-06-14,SMD-0225,TATASTEEL,NSE:TATASTEEL-EQ,32.49,32.73,32.12,32.48,40072670,FYERS_HISTORY,2026-08-08T23:56:53+05:30
2016-06-15,SMD-0225,TATASTEEL,NSE:TATASTEEL-EQ,32.6,33.14,32.37,33.01,41328440,FYERS_HISTORY,2026-08-08T23:56:53+05:30
2016-06-16,SMD-0225,TATASTEEL,NSE:TATASTEEL-EQ,32.94,33.34,32.4,33.04,64888020,FYERS_HISTORY,2026-08-08T23:56:53+05:30
2016-06-17,SMD-0225,TATASTEEL,NSE:TATASTEEL-EQ,33.29,33.34,32.37,32.53,57010340,FYERS_HISTORY,2026-08-08T23:56:53+05:30
2016-06-20,SMD-0225,TATASTEEL,NSE:TATASTEEL-EQ,32.43,33.68,32.27,33.61,61987320,FYERS_HISTORY,2026-08-08T23:56:53+05:30
2016-06-21,SMD-0225,TATASTEEL,NSE:TATASTEEL-EQ,33.59,33.76,33.26,33.39,34898200,FYERS_HISTORY,2026-08-08T23:56:53+05:30
2016-06-22,SMD-0225,TATASTEEL,NSE:TATASTEEL-EQ,33.39,33.39,32.69,33.23,46255920,FYERS_HISTORY,2026-08-08T23:56:53+05:30
2016-06-23,SMD-0225,TATASTEEL,NSE:TATASTEEL-EQ,33.14,33.58,32.75,33.38,46829760,FYERS_HISTORY,2026-08-08T23:56:53+05:30
2016-06-24,SMD-0225,TATASTEEL,NSE:TATASTEEL-EQ,30.7,31.63,29.62,31.25,144060410,FYERS_HISTORY,2026-08-08T23:56:53+05:30
2016-06-27,SMD-0225,TATASTEEL,NSE:TATASTEEL-EQ,30.97,31.24,30.74,31.04,65769480,FYERS_HISTORY,2026-08-08T23:56:53+05:30
2016-06-28,SMD-0225,TATASTEEL,NSE:TATASTEEL-EQ,31.13,31.43,30.69,31.14,79235180,FYERS_HISTORY,2026-08-08T23:56:53+05:30
2016-06-29,SMD-0225,TATASTEEL,NSE:TATASTEEL-EQ,31.39,31.69,31.25,31.35,56141920,FYERS_HISTORY,2026-08-08T23:56:53+05:30
2016-06-30,SMD-0225,TATASTEEL,NSE:TATASTEEL-EQ,31.56,32.41,31.51,32.18,63901630,FYERS_HISTORY,2026-08-08T23:56:53+05:30
2016-07-01,SMD-0225,TATASTEEL,NSE:TATASTEEL-EQ,32.64,33.08,32.63,32.8,49926330,FYERS_HISTORY,2026-08-08T23:56:53+05:30
2016-07-04,SMD-0225,TATASTEEL,NSE:TATASTEEL-EQ,32.86,33.38,32.78,33.11,32317480,FYERS_HISTORY,2026-08-08T23:56:53+05:30
2016-07-05,SMD-0225,TATASTEEL,NSE:TATASTEEL-EQ,33.24,33.73,33.01,33.35,39421130,FYERS_HISTORY,2026-08-08T23:56:53+05:30
2016-07-07,SMD-0225,TATASTEEL,NSE:TATASTEEL-EQ,33.41,33.71,31.62,31.76,101234990,FYERS_HISTORY,2026-08-08T23:56:53+05:30
2016-07-08,SMD-0225,TATASTEEL,NSE:TATASTEEL-EQ,31.48,31.93,31.2,31.82,77619630,FYERS_HISTORY,2026-08-08T23:56:53+05:30
2016-07-11,SMD-0225,TATASTEEL,NSE:TATASTEEL-EQ,32.49,32.96,31.95,32.69,76899670,FYERS_HISTORY,2026-08-08T23:56:53+05:30
2016-07-12,SMD-0225,TATASTEEL,NSE:TATASTEEL-EQ,32.98,34.37,32.89,34.22,98833830,FYERS_HISTORY,2026-08-08T23:56:53+05:30
2016-07-13,SMD-0225,TATASTEEL,NSE:TATASTEEL-EQ,34.46,35.85,34.42,35.76,133414970,FYERS_HISTORY,2026-08-08T23:56:53+05:30
2016-07-14,SMD-0225,TATASTEEL,NSE:TATASTEEL-EQ,35.87,36.12,35.32,35.92,79682920,FYERS_HISTORY,2026-08-08T23:56:53+05:30
2016-07-15,SMD-0225,TATASTEEL,NSE:TATASTEEL-EQ,35.92,37.43,35.66,37.28,134268170,FYERS_HISTORY,2026-08-08T23:56:53+05:30
2016-07-18,SMD-0225,TATASTEEL,NSE:TATASTEEL-EQ,37.33,37.93,36.34,36.55,76949220,FYERS_HISTORY,2026-08-08T23:56:53+05:30
2016-07-19,SMD-0225,TATASTEEL,NSE:TATASTEEL-EQ,36.78,37.15,36.22,37.01,82433760,FYERS_HISTORY,2026-08-08T23:56:53+05:30
2016-07-20,SMD-0225,TATASTEEL,NSE:TATASTEEL-EQ,37.21,37.29,36.63,36.83,59053030,FYERS_HISTORY,2026-08-08T23:56:53+05:30
2016-07-21,SMD-0225,TATASTEEL,NSE:TATASTEEL-EQ,36.99,36.99,36.1,36.22,53416280,FYERS_HISTORY,2026-08-08T23:56:53+05:30
2016-07-22,SMD-0225,TATASTEEL,NSE:TATASTEEL-EQ,36.22,36.88,35.63,36.53,73705210,FYERS_HISTORY,2026-08-08T23:56:53+05:30
2016-07-25,SMD-0225,TATASTEEL,NSE:TATASTEEL-EQ,36.49,36.77,36.2,36.35,56745950,FYERS_HISTORY,2026-08-08T23:56:53+05:30
2016-07-26,SMD-0225,TATASTEEL,NSE:TATASTEEL-EQ,36.38,37.49,36.29,36.77,77962360,FYERS_HISTORY,2026-08-08T23:56:53+05:30
2016-07-27,SMD-0225,TATASTEEL,NSE:TATASTEEL-EQ,36.88,37.04,35.4,36.29,103556440,FYERS_HISTORY,2026-08-08T23:56:53+05:30
2016-07-28,SMD-0225,TATASTEEL,NSE:TATASTEEL-EQ,35.79,35.91,34.85,34.97,105232980,FYERS_HISTORY,2026-08-08T23:56:53+05:30
2016-07-29,SMD-0225,TATASTEEL,NSE:TATASTEEL-EQ,35.09,35.89,35.09,35.49,83465220,FYERS_HISTORY,2026-08-08T23:56:53+05:30
2016-08-01,SMD-0225,TATASTEEL,NSE:TATASTEEL-EQ,35.6,36.65,35.41,36.47,100790680,FYERS_HISTORY,2026-08-08T23:56:53+05:30
2016-08-02,SMD-0225,TATASTEEL,NSE:TATASTEEL-EQ,36.63,37.06,36.0,36.17,81053800,FYERS_HISTORY,2026-08-08T23:56:53+05:30
2016-08-03,SMD-0225,TATASTEEL,NSE:TATASTEEL-EQ,36.45,36.63,35.48,35.79,57449000,FYERS_HISTORY,2026-08-08T23:56:53+05:30
2016-08-04,SMD-0225,TATASTEEL,NSE:TATASTEEL-EQ,36.03,37.48,35.73,37.37,96362440,FYERS_HISTORY,2026-08-08T23:56:53+05:30
2016-08-05,SMD-0225,TATASTEEL,NSE:TATASTEEL-EQ,37.79,38.29,37.64,38.16,91149360,FYERS_HISTORY,2026-08-08T23:56:53+05:30
2016-08-08,SMD-0225,TATASTEEL,NSE:TATASTEEL-EQ,38.23,38.44,37.61,37.94,66602540,FYERS_HISTORY,2026-08-08T23:56:53+05:30
2016-08-09,SMD-0225,TATASTEEL,NSE:TATASTEEL-EQ,37.89,38.23,37.35,37.52,56167250,FYERS_HISTORY,2026-08-08T23:56:53+05:30
2016-08-10,SMD-0225,TATASTEEL,NSE:TATASTEEL-EQ,37.78,37.93,36.8,37.02,45925210,FYERS_HISTORY,2026-08-08T23:56:53+05:30
2016-08-11,SMD-0225,TATASTEEL,NSE:TATASTEEL-EQ,37.02,37.35,36.14,36.82,44180960,FYERS_HISTORY,2026-08-08T23:56:53+05:30
2016-08-12,SMD-0225,TATASTEEL,NSE:TATASTEEL-EQ,36.99,37.82,36.92,37.46,44095900,FYERS_HISTORY,2026-08-08T23:56:53+05:30
2016-08-16,SMD-0225,TATASTEEL,NSE:TATASTEEL-EQ,37.49,38.09,37.29,37.9,61021490,FYERS_HISTORY,2026-08-08T23:56:53+05:30
2016-08-17,SMD-0225,TATASTEEL,NSE:TATASTEEL-EQ,37.98,39.28,37.98,39.17,93501000,FYERS_HISTORY,2026-08-08T23:56:53+05:30
2016-08-18,SMD-0225,TATASTEEL,NSE:TATASTEEL-EQ,39.24,39.38,38.5,38.71,59184800,FYERS_HISTORY,2026-08-08T23:56:53+05:30
2016-08-19,SMD-0225,TATASTEEL,NSE:TATASTEEL-EQ,38.9,39.45,38.34,39.2,89443150,FYERS_HISTORY,2026-08-08T23:56:53+05:30
2016-08-22,SMD-0225,TATASTEEL,NSE:TATASTEEL-EQ,39.14,39.14,38.44,38.8,55616270,FYERS_HISTORY,2026-08-08T23:56:53+05:30
2016-08-23,SMD-0225,TATASTEEL,NSE:TATASTEEL-EQ,38.78,39.09,37.8,38.5,67186570,FYERS_HISTORY,2026-08-08T23:56:53+05:30
2016-08-24,SMD-0225,TATASTEEL,NSE:TATASTEEL-EQ,38.55,38.72,37.86,37.98,42604870,FYERS_HISTORY,2026-08-08T23:56:53+05:30
2016-08-25,SMD-0225,TATASTEEL,NSE:TATASTEEL-EQ,38.16,38.22,37.04,37.22,47721450,FYERS_HISTORY,2026-08-08T23:56:53+05:30
2016-08-26,SMD-0225,TATASTEEL,NSE:TATASTEEL-EQ,37.49,37.58,36.72,36.93,43103920,FYERS_HISTORY,2026-08-08T23:56:53+05:30
2016-08-29,SMD-0225,TATASTEEL,NSE:TATASTEEL-EQ,36.88,37.53,36.76,37.36,37170350,FYERS_HISTORY,2026-08-08T23:56:53+05:30
2016-08-30,SMD-0225,TATASTEEL,NSE:TATASTEEL-EQ,37.52,37.94,37.49,37.76,38032040,FYERS_HISTORY,2026-08-08T23:56:53+05:30
2016-08-31,SMD-0225,TATASTEEL,NSE:TATASTEEL-EQ,37.79,38.12,36.87,37.0,45288930,FYERS_HISTORY,2026-08-08T23:56:53+05:30
2016-09-01,SMD-0225,TATASTEEL,NSE:TATASTEEL-EQ,37.12,37.76,36.94,37.45,44519660,FYERS_HISTORY,2026-08-08T23:56:53+05:30
2016-09-02,SMD-0225,TATASTEEL,NSE:TATASTEEL-EQ,37.58,37.61,37.03,37.41,28233810,FYERS_HISTORY,2026-08-08T23:56:53+05:30
2016-09-06,SMD-0225,TATASTEEL,NSE:TATASTEEL-EQ,37.49,38.66,37.43,38.56,58266180,FYERS_HISTORY,2026-08-08T23:56:53+05:30
2016-09-07,SMD-0225,TATASTEEL,NSE:TATASTEEL-EQ,38.7,39.4,38.65,38.98,69627690,FYERS_HISTORY,2026-08-08T23:56:53+05:30
2016-09-08,SMD-0225,TATASTEEL,NSE:TATASTEEL-EQ,39.01,40.85,39.01,40.29,112311040,FYERS_HISTORY,2026-08-08T23:56:53+05:30
2016-09-09,SMD-0225,TATASTEEL,NSE:TATASTEEL-EQ,40.48,40.68,39.31,39.45,59609190,FYERS_HISTORY,2026-08-08T23:56:53+05:30
2016-09-12,SMD-0225,TATASTEEL,NSE:TATASTEEL-EQ,38.49,38.58,37.05,37.32,67151890,FYERS_HISTORY,2026-08-08T23:56:53+05:30
2016-09-14,SMD-0225,TATASTEEL,NSE:TATASTEEL-EQ,36.99,37.79,36.3,37.38,111017710,FYERS_HISTORY,2026-08-08T23:56:53+05:30
2016-09-15,SMD-0225,TATASTEEL,NSE:TATASTEEL-EQ,37.39,37.5,36.36,36.63,48734610,FYERS_HISTORY,2026-08-08T23:56:53+05:30
2016-09-16,SMD-0225,TATASTEEL,NSE:TATASTEEL-EQ,36.94,37.18,35.75,35.87,60737810,FYERS_HISTORY,2026-08-08T23:56:53+05:30
2016-09-19,SMD-0225,TATASTEEL,NSE:TATASTEEL-EQ,35.99,36.38,35.52,36.15,51199510,FYERS_HISTORY,2026-08-08T23:56:53+05:30
2016-09-20,SMD-0225,TATASTEEL,NSE:TATASTEEL-EQ,36.42,36.99,35.91,36.55,56959640,FYERS_HISTORY,2026-08-08T23:56:53+05:30
2016-09-21,SMD-0225,TATASTEEL,NSE:TATASTEEL-EQ,36.52,37.24,36.52,36.97,68667420,FYERS_HISTORY,2026-08-08T23:56:53+05:30
2016-09-22,SMD-0225,TATASTEEL,NSE:TATASTEEL-EQ,37.76,37.97,37.27,37.71,66672530,FYERS_HISTORY,2026-08-08T23:56:53+05:30
2016-09-23,SMD-0225,TATASTEEL,NSE:TATASTEEL-EQ,37.72,37.83,37.09,37.19,44604250,FYERS_HISTORY,2026-08-08T23:56:53+05:30
2016-09-26,SMD-0225,TATASTEEL,NSE:TATASTEEL-EQ,37.12,37.64,36.83,36.96,43502270,FYERS_HISTORY,2026-08-08T23:56:53+05:30
2016-09-27,SMD-0225,TATASTEEL,NSE:TATASTEEL-EQ,37.25,37.45,36.65,36.78,44025500,FYERS_HISTORY,2026-08-08T23:56:53+05:30
2016-09-28,SMD-0225,TATASTEEL,NSE:TATASTEEL-EQ,36.81,38.21,36.81,38.02,63369130,FYERS_HISTORY,2026-08-08T23:56:53+05:30
2016-09-29,SMD-0225,TATASTEEL,NSE:TATASTEEL-EQ,38.32,38.37,36.49,36.87,133567570,FYERS_HISTORY,2026-08-08T23:56:53+05:30
2016-09-30,SMD-0225,TATASTEEL,NSE:TATASTEEL-EQ,36.77,37.73,36.32,37.41,55043730,FYERS_HISTORY,2026-08-08T23:56:53+05:30
2016-10-03,SMD-0225,TATASTEEL,NSE:TATASTEEL-EQ,37.68,38.47,37.62,38.27,44793580,FYERS_HISTORY,2026-08-08T23:56:53+05:30
2016-10-04,SMD-0225,TATASTEEL,NSE:TATASTEEL-EQ,38.59,39.29,38.23,39.1,85206700,FYERS_HISTORY,2026-08-08T23:56:53+05:30
2016-10-05,SMD-0225,TATASTEEL,NSE:TATASTEEL-EQ,39.51,39.64,38.89,39.06,51531810,FYERS_HISTORY,2026-08-08T23:56:53+05:30
2016-10-06,SMD-0225,TATASTEEL,NSE:TATASTEEL-EQ,39.27,39.57,38.64,38.97,77279270,FYERS_HISTORY,2026-08-08T23:56:53+05:30
2016-10-07,SMD-0225,TATASTEEL,NSE:TATASTEEL-EQ,39.28,40.75,39.01,40.64,116066210,FYERS_HISTORY,2026-08-08T23:56:53+05:30
2016-10-10,SMD-0225,TATASTEEL,NSE:TATASTEEL-EQ,40.98,42.06,40.89,41.83,116386010,FYERS_HISTORY,2026-08-08T23:56:53+05:30
2016-10-13,SMD-0225,TATASTEEL,NSE:TATASTEEL-EQ,41.39,42.03,40.87,41.37,111024540,FYERS_HISTORY,2026-08-08T23:56:53+05:30
2016-10-14,SMD-0225,TATASTEEL,NSE:TATASTEEL-EQ,41.59,41.74,40.94,41.22,52736810,FYERS_HISTORY,2026-08-08T23:56:53+05:30
2016-10-17,SMD-0225,TATASTEEL,NSE:TATASTEEL-EQ,41.21,41.57,40.75,41.07,67107600,FYERS_HISTORY,2026-08-08T23:56:53+05:30
2016-10-18,SMD-0225,TATASTEEL,NSE:TATASTEEL-EQ,41.43,42.64,41.2,42.48,75824260,FYERS_HISTORY,2026-08-08T23:56:53+05:30
2016-10-19,SMD-0225,TATASTEEL,NSE:TATASTEEL-EQ,42.59,42.76,42.11,42.59,49721110,FYERS_HISTORY,2026-08-08T23:56:53+05:30
2016-10-20,SMD-0225,TATASTEEL,NSE:TATASTEEL-EQ,42.76,43.18,42.51,42.84,50610060,FYERS_HISTORY,2026-08-08T23:56:53+05:30
2016-10-21,SMD-0225,TATASTEEL,NSE:TATASTEEL-EQ,42.69,42.83,42.16,42.71,41233430,FYERS_HISTORY,2026-08-08T23:56:53+05:30
2016-10-24,SMD-0225,TATASTEEL,NSE:TATASTEEL-EQ,42.73,43.13,42.49,42.59,28810550,FYERS_HISTORY,2026-08-08T23:56:53+05:30
2016-10-25,SMD-0225,TATASTEEL,NSE:TATASTEEL-EQ,40.99,41.91,40.82,41.51,86941780,FYERS_HISTORY,2026-08-08T23:56:53+05:30
2016-10-26,SMD-0225,TATASTEEL,NSE:TATASTEEL-EQ,41.42,41.87,39.08,39.85,82997870,FYERS_HISTORY,2026-08-08T23:56:53+05:30
2016-10-27,SMD-0225,TATASTEEL,NSE:TATASTEEL-EQ,38.79,39.99,38.32,39.7,137052890,FYERS_HISTORY,2026-08-08T23:56:53+05:30
2016-10-28,SMD-0225,TATASTEEL,NSE:TATASTEEL-EQ,39.86,40.64,39.72,40.53,67859670,FYERS_HISTORY,2026-08-08T23:56:53+05:30
2016-10-30,SMD-0225,TATASTEEL,NSE:TATASTEEL-EQ,40.69,40.78,40.24,40.46,6369560,FYERS_HISTORY,2026-08-08T23:56:53+05:30
2016-11-01,SMD-0225,TATASTEEL,NSE:TATASTEEL-EQ,40.47,42.38,40.1,41.76,94706670,FYERS_HISTORY,2026-08-08T23:56:53+05:30
2016-11-02,SMD-0225,TATASTEEL,NSE:TATASTEEL-EQ,40.59,41.63,40.59,41.32,74077510,FYERS_HISTORY,2026-08-08T23:56:53+05:30
2016-11-03,SMD-0225,TATASTEEL,NSE:TATASTEEL-EQ,41.09,41.96,39.85,40.32,84914020,FYERS_HISTORY,2026-08-08T23:56:53+05:30
2016-11-04,SMD-0225,TATASTEEL,NSE:TATASTEEL-EQ,40.38,40.75,39.81,40.3,50946540,FYERS_HISTORY,2026-08-08T23:56:53+05:30
2016-11-07,SMD-0225,TATASTEEL,NSE:TATASTEEL-EQ,40.62,41.52,40.62,41.25,45148610,FYERS_HISTORY,2026-08-08T23:56:53+05:30
2016-11-08,SMD-0225,TATASTEEL,NSE:TATASTEEL-EQ,41.39,41.53,40.54,40.85,32523630,FYERS_HISTORY,2026-08-08T23:56:53+05:30
2016-11-09,SMD-0225,TATASTEEL,NSE:TATASTEEL-EQ,37.99,40.38,37.69,39.92,59103340,FYERS_HISTORY,2026-08-08T23:56:53+05:30
2016-11-10,SMD-0225,TATASTEEL,NSE:TATASTEEL-EQ,40.78,43.92,40.78,43.69,108945030,FYERS_HISTORY,2026-08-08T23:56:53+05:30
2016-11-11,SMD-0225,TATASTEEL,NSE:TATASTEEL-EQ,43.24,44.14,42.39,42.64,87303790,FYERS_HISTORY,2026-08-08T23:56:53+05:30
2016-11-15,SMD-0225,TATASTEEL,NSE:TATASTEEL-EQ,41.14,41.79,39.09,39.29,92505190,FYERS_HISTORY,2026-08-08T23:56:53+05:30
2016-11-16,SMD-0225,TATASTEEL,NSE:TATASTEEL-EQ,39.69,40.13,38.07,39.26,82280510,FYERS_HISTORY,2026-08-08T23:56:53+05:30
2016-11-17,SMD-0225,TATASTEEL,NSE:TATASTEEL-EQ,39.34,39.85,38.69,39.26,43603500,FYERS_HISTORY,2026-08-08T23:56:53+05:30
2016-11-18,SMD-0225,TATASTEEL,NSE:TATASTEEL-EQ,38.99,41.23,38.11,38.5,46586370,FYERS_HISTORY,2026-08-08T23:56:53+05:30
2016-11-21,SMD-0225,TATASTEEL,NSE:TATASTEEL-EQ,38.53,38.95,36.62,37.13,65641440,FYERS_HISTORY,2026-08-08T23:56:53+05:30
2016-11-22,SMD-0225,TATASTEEL,NSE:TATASTEEL-EQ,37.66,37.96,37.27,37.79,41420950,FYERS_HISTORY,2026-08-08T23:56:53+05:30
2016-11-23,SMD-0225,TATASTEEL,NSE:TATASTEEL-EQ,38.09,39.47,37.99,39.26,51225570,FYERS_HISTORY,2026-08-08T23:56:53+05:30
2016-11-24,SMD-0225,TATASTEEL,NSE:TATASTEEL-EQ,38.69,40.06,38.55,39.8,71147710,FYERS_HISTORY,2026-08-08T23:56:53+05:30
2016-11-25,SMD-0225,TATASTEEL,NSE:TATASTEEL-EQ,39.89,41.34,39.74,40.86,70881930,FYERS_HISTORY,2026-08-08T23:56:53+05:30
2016-11-28,SMD-0225,TATASTEEL,NSE:TATASTEEL-EQ,40.78,41.16,40.23,40.65,46776930,FYERS_HISTORY,2026-08-08T23:56:53+05:30
2016-11-29,SMD-0225,TATASTEEL,NSE:TATASTEEL-EQ,41.49,41.75,40.77,40.88,60133660,FYERS_HISTORY,2026-08-08T23:56:53+05:30
2016-11-30,SMD-0225,TATASTEEL,NSE:TATASTEEL-EQ,40.96,41.59,40.42,41.49,53766730,FYERS_HISTORY,2026-08-08T23:56:53+05:30
2016-12-01,SMD-0225,TATASTEEL,NSE:TATASTEEL-EQ,41.72,41.84,40.76,40.95,30728630,FYERS_HISTORY,2026-08-08T23:56:53+05:30
2016-12-02,SMD-0225,TATASTEEL,NSE:TATASTEEL-EQ,40.57,41.18,40.43,40.63,36219650,FYERS_HISTORY,2026-08-08T23:56:53+05:30
2016-12-05,SMD-0225,TATASTEEL,NSE:TATASTEEL-EQ,40.75,41.45,40.44,41.34,34989780,FYERS_HISTORY,2026-08-08T23:56:53+05:30
2016-12-06,SMD-0225,TATASTEEL,NSE:TATASTEEL-EQ,41.39,42.06,41.19,41.83,38822120,FYERS_HISTORY,2026-08-08T23:56:53+05:30
2016-12-07,SMD-0225,TATASTEEL,NSE:TATASTEEL-EQ,41.92,42.13,40.86,41.18,46988320,FYERS_HISTORY,2026-08-08T23:56:53+05:30
2016-12-08,SMD-0225,TATASTEEL,NSE:TATASTEEL-EQ,41.76,43.26,41.69,43.12,94426340,FYERS_HISTORY,2026-08-08T23:56:53+05:30
2016-12-09,SMD-0225,TATASTEEL,NSE:TATASTEEL-EQ,43.26,43.52,42.83,43.04,40932050,FYERS_HISTORY,2026-08-08T23:56:53+05:30
2016-12-12,SMD-0225,TATASTEEL,NSE:TATASTEEL-EQ,42.88,43.03,42.3,42.41,24907900,FYERS_HISTORY,2026-08-08T23:56:53+05:30
2016-12-13,SMD-0225,TATASTEEL,NSE:TATASTEEL-EQ,42.88,42.88,41.74,42.1,31941230,FYERS_HISTORY,2026-08-08T23:56:53+05:30
2016-12-14,SMD-0225,TATASTEEL,NSE:TATASTEEL-EQ,42.19,42.61,41.66,41.76,32462170,FYERS_HISTORY,2026-08-08T23:56:53+05:30
2016-12-15,SMD-0225,TATASTEEL,NSE:TATASTEEL-EQ,41.55,42.73,41.27,41.92,44527390,FYERS_HISTORY,2026-08-08T23:56:53+05:30
2016-12-16,SMD-0225,TATASTEEL,NSE:TATASTEEL-EQ,42.27,42.27,41.24,41.39,35467390,FYERS_HISTORY,2026-08-08T23:56:53+05:30
2016-12-19,SMD-0225,TATASTEEL,NSE:TATASTEEL-EQ,41.09,41.62,40.9,41.02,23466230,FYERS_HISTORY,2026-08-08T23:56:53+05:30
2016-12-20,SMD-0225,TATASTEEL,NSE:TATASTEEL-EQ,41.17,41.39,40.1,40.34,35399320,FYERS_HISTORY,2026-08-08T23:56:53+05:30
2016-12-21,SMD-0225,TATASTEEL,NSE:TATASTEEL-EQ,40.49,40.82,40.13,40.44,27464120,FYERS_HISTORY,2026-08-08T23:56:53+05:30
2016-12-22,SMD-0225,TATASTEEL,NSE:TATASTEEL-EQ,40.44,40.57,39.01,39.21,40831300,FYERS_HISTORY,2026-08-08T23:56:53+05:30
2016-12-23,SMD-0225,TATASTEEL,NSE:TATASTEEL-EQ,39.34,39.54,38.69,39.07,39908370,FYERS_HISTORY,2026-08-08T23:56:53+05:30
2016-12-26,SMD-0225,TATASTEEL,NSE:TATASTEEL-EQ,38.84,38.95,37.84,38.0,32310700,FYERS_HISTORY,2026-08-08T23:56:53+05:30
2016-12-27,SMD-0225,TATASTEEL,NSE:TATASTEEL-EQ,38.19,39.46,37.72,39.23,38927800,FYERS_HISTORY,2026-08-08T23:56:53+05:30
2016-12-28,SMD-0225,TATASTEEL,NSE:TATASTEEL-EQ,39.32,39.36,38.64,38.83,39389080,FYERS_HISTORY,2026-08-08T23:56:53+05:30
2016-12-29,SMD-0225,TATASTEEL,NSE:TATASTEEL-EQ,38.84,39.38,38.71,39.22,34209080,FYERS_HISTORY,2026-08-08T23:56:53+05:30
2016-12-30,SMD-0225,TATASTEEL,NSE:TATASTEEL-EQ,39.29,39.53,38.8,39.11,30540330,FYERS_HISTORY,2026-08-08T23:56:53+05:30
2017-01-02,SMD-0225,TATASTEEL,NSE:TATASTEEL-EQ,39.33,40.82,38.88,40.66,55763220,FYERS_HISTORY,2026-08-08T23:56:53+05:30
2017-01-03,SMD-0225,TATASTEEL,NSE:TATASTEEL-EQ,40.69,40.88,40.11,40.32,33377250,FYERS_HISTORY,2026-08-08T23:56:53+05:30
2017-01-04,SMD-0225,TATASTEEL,NSE:TATASTEEL-EQ,40.4,40.89,40.13,40.53,33429600,FYERS_HISTORY,2026-08-08T23:56:53+05:30
2017-01-05,SMD-0225,TATASTEEL,NSE:TATASTEEL-EQ,40.9,42.24,40.72,41.92,71939470,FYERS_HISTORY,2026-08-08T23:56:53+05:30
2017-01-06,SMD-0225,TATASTEEL,NSE:TATASTEEL-EQ,42.04,42.53,41.55,41.94,41367370,FYERS_HISTORY,2026-08-08T23:56:53+05:30
2017-01-09,SMD-0225,TATASTEEL,NSE:TATASTEEL-EQ,42.36,42.41,41.92,42.19,31217580,FYERS_HISTORY,2026-08-08T23:56:53+05:30
2017-01-10,SMD-0225,TATASTEEL,NSE:TATASTEEL-EQ,42.26,43.24,42.25,43.18,51169060,FYERS_HISTORY,2026-08-08T23:56:53+05:30
2017-01-11,SMD-0225,TATASTEEL,NSE:TATASTEEL-EQ,43.52,45.08,43.45,44.81,114275460,FYERS_HISTORY,2026-08-08T23:56:53+05:30
2017-01-12,SMD-0225,TATASTEEL,NSE:TATASTEEL-EQ,44.89,45.1,44.31,44.74,53597360,FYERS_HISTORY,2026-08-08T23:56:53+05:30
2017-01-13,SMD-0225,TATASTEEL,NSE:TATASTEEL-EQ,44.99,45.03,44.11,44.62,42307800,FYERS_HISTORY,2026-08-08T23:56:53+05:30
2017-01-16,SMD-0225,TATASTEEL,NSE:TATASTEEL-EQ,44.41,45.94,44.31,45.83,66737860,FYERS_HISTORY,2026-08-08T23:56:53+05:30
2017-01-17,SMD-0225,TATASTEEL,NSE:TATASTEEL-EQ,45.89,45.95,45.08,45.41,33416340,FYERS_HISTORY,2026-08-08T23:56:53+05:30
2017-01-18,SMD-0225,TATASTEEL,NSE:TATASTEEL-EQ,45.46,46.98,45.41,46.82,91139770,FYERS_HISTORY,2026-08-08T23:56:53+05:30
2017-01-19,SMD-0225,TATASTEEL,NSE:TATASTEEL-EQ,46.85,46.86,46.22,46.7,34439530,FYERS_HISTORY,2026-08-08T23:56:53+05:30
2017-01-20,SMD-0225,TATASTEEL,NSE:TATASTEEL-EQ,46.58,46.76,45.25,45.44,49257240,FYERS_HISTORY,2026-08-08T23:56:53+05:30
2017-01-23,SMD-0225,TATASTEEL,NSE:TATASTEEL-EQ,45.08,46.39,45.05,46.17,43485660,FYERS_HISTORY,2026-08-08T23:56:53+05:30
2017-01-24,SMD-0225,TATASTEEL,NSE:TATASTEEL-EQ,46.19,46.63,45.84,46.41,37305800,FYERS_HISTORY,2026-08-08T23:56:53+05:30
2017-01-25,SMD-0225,TATASTEEL,NSE:TATASTEEL-EQ,46.68,47.66,46.59,46.93,63055270,FYERS_HISTORY,2026-08-08T23:56:53+05:30
2017-01-27,SMD-0225,TATASTEEL,NSE:TATASTEEL-EQ,46.97,47.36,46.32,46.91,49758010,FYERS_HISTORY,2026-08-08T23:56:53+05:30
2017-01-30,SMD-0225,TATASTEEL,NSE:TATASTEEL-EQ,46.83,46.83,46.0,46.19,33216730,FYERS_HISTORY,2026-08-08T23:56:53+05:30
2017-01-31,SMD-0225,TATASTEEL,NSE:TATASTEEL-EQ,46.01,47.12,46.0,46.29,45422990,FYERS_HISTORY,2026-08-08T23:56:53+05:30
2017-02-01,SMD-0225,TATASTEEL,NSE:TATASTEEL-EQ,46.39,47.57,45.7,47.44,55708110,FYERS_HISTORY,2026-08-08T23:56:53+05:30
2017-02-02,SMD-0225,TATASTEEL,NSE:TATASTEEL-EQ,47.33,48.07,46.61,47.68,59861770,FYERS_HISTORY,2026-08-08T23:56:53+05:30
2017-02-03,SMD-0225,TATASTEEL,NSE:TATASTEEL-EQ,47.67,47.98,46.8,47.26,52830440,FYERS_HISTORY,2026-08-08T23:56:53+05:30
2017-02-06,SMD-0225,TATASTEEL,NSE:TATASTEEL-EQ,47.42,47.74,46.9,47.32,48053110,FYERS_HISTORY,2026-08-08T23:56:53+05:30
2017-02-07,SMD-0225,TATASTEEL,NSE:TATASTEEL-EQ,47.49,47.96,46.99,47.26,48350640,FYERS_HISTORY,2026-08-08T23:56:53+05:30
2017-02-08,SMD-0225,TATASTEEL,NSE:TATASTEEL-EQ,48.48,48.52,46.73,47.05,112837880,FYERS_HISTORY,2026-08-08T23:56:53+05:30
2017-02-09,SMD-0225,TATASTEEL,NSE:TATASTEEL-EQ,46.95,47.32,45.64,45.97,64836640,FYERS_HISTORY,2026-08-08T23:56:53+05:30
2017-02-10,SMD-0225,TATASTEEL,NSE:TATASTEEL-EQ,46.68,47.16,46.04,46.8,79095270,FYERS_HISTORY,2026-08-08T23:56:53+05:30
2017-02-13,SMD-0225,TATASTEEL,NSE:TATASTEEL-EQ,47.3,47.68,46.99,47.24,48971920,FYERS_HISTORY,2026-08-08T23:56:53+05:30
2017-02-14,SMD-0225,TATASTEEL,NSE:TATASTEEL-EQ,47.37,47.47,46.59,47.22,32506460,FYERS_HISTORY,2026-08-08T23:56:53+05:30
2017-02-15,SMD-0225,TATASTEEL,NSE:TATASTEEL-EQ,47.25,47.46,45.71,46.0,42273390,FYERS_HISTORY,2026-08-08T23:56:53+05:30
2017-02-16,SMD-0225,TATASTEEL,NSE:TATASTEEL-EQ,46.46,47.13,45.55,46.98,48188070,FYERS_HISTORY,2026-08-08T23:56:53+05:30
2017-02-17,SMD-0225,TATASTEEL,NSE:TATASTEEL-EQ,47.21,47.47,46.65,46.8,39208510,FYERS_HISTORY,2026-08-08T23:56:53+05:30
2017-02-20,SMD-0225,TATASTEEL,NSE:TATASTEEL-EQ,46.78,48.88,46.46,48.69,84384210,FYERS_HISTORY,2026-08-08T23:56:53+05:30
2017-02-21,SMD-0225,TATASTEEL,NSE:TATASTEEL-EQ,48.88,49.57,48.48,49.08,80611030,FYERS_HISTORY,2026-08-08T23:56:53+05:30
2017-02-22,SMD-0225,TATASTEEL,NSE:TATASTEEL-EQ,49.03,49.13,48.04,48.39,50089120,FYERS_HISTORY,2026-08-08T23:56:53+05:30
2017-02-23,SMD-0225,TATASTEEL,NSE:TATASTEEL-EQ,48.49,48.77,47.8,48.56,48089050,FYERS_HISTORY,2026-08-08T23:56:53+05:30
2017-02-27,SMD-0225,TATASTEEL,NSE:TATASTEEL-EQ,48.5,48.8,47.93,48.04,27300030,FYERS_HISTORY,2026-08-08T23:56:53+05:30
2017-02-28,SMD-0225,TATASTEEL,NSE:TATASTEEL-EQ,48.13,48.56,48.03,48.25,34017840,FYERS_HISTORY,2026-08-08T23:56:53+05:30
2017-03-01,SMD-0225,TATASTEEL,NSE:TATASTEEL-EQ,48.48,50.23,48.32,50.02,77140710,FYERS_HISTORY,2026-08-08T23:56:53+05:30
2017-03-02,SMD-0225,TATASTEEL,NSE:TATASTEEL-EQ,50.18,50.54,49.21,49.45,57206960,FYERS_HISTORY,2026-08-08T23:56:53+05:30
2017-03-03,SMD-0225,TATASTEEL,NSE:TATASTEEL-EQ,49.44,49.76,48.94,49.49,33568140,FYERS_HISTORY,2026-08-08T23:56:53+05:30
2017-03-06,SMD-0225,TATASTEEL,NSE:TATASTEEL-EQ,49.49,50.08,49.01,49.25,41520830,FYERS_HISTORY,2026-08-08T23:56:53+05:30
2017-03-07,SMD-0225,TATASTEEL,NSE:TATASTEEL-EQ,49.33,49.38,48.05,48.18,51215330,FYERS_HISTORY,2026-08-08T23:56:53+05:30
2017-03-08,SMD-0225,TATASTEEL,NSE:TATASTEEL-EQ,48.47,48.62,46.99,47.23,59333880,FYERS_HISTORY,2026-08-08T23:56:53+05:30
2017-03-09,SMD-0225,TATASTEEL,NSE:TATASTEEL-EQ,47.17,47.52,46.75,46.93,44943300,FYERS_HISTORY,2026-08-08T23:56:53+05:30
2017-03-10,SMD-0225,TATASTEEL,NSE:TATASTEEL-EQ,46.83,47.42,46.21,46.76,45221470,FYERS_HISTORY,2026-08-08T23:56:53+05:30
2017-03-14,SMD-0225,TATASTEEL,NSE:TATASTEEL-EQ,47.88,47.88,47.03,47.24,55637700,FYERS_HISTORY,2026-08-08T23:56:53+05:30
2017-03-15,SMD-0225,TATASTEEL,NSE:TATASTEEL-EQ,47.38,47.98,47.02,47.89,55600640,FYERS_HISTORY,2026-08-08T23:56:53+05:30
2017-03-16,SMD-0225,TATASTEEL,NSE:TATASTEEL-EQ,48.47,50.08,48.18,49.95,103883900,FYERS_HISTORY,2026-08-08T23:56:53+05:30
2017-03-17,SMD-0225,TATASTEEL,NSE:TATASTEEL-EQ,50.37,50.86,49.79,50.2,67981080,FYERS_HISTORY,2026-08-08T23:56:53+05:30
2017-03-20,SMD-0225,TATASTEEL,NSE:TATASTEEL-EQ,50.23,50.25,49.18,49.65,39942450,FYERS_HISTORY,2026-08-08T23:56:53+05:30
2017-03-21,SMD-0225,TATASTEEL,NSE:TATASTEEL-EQ,49.67,50.11,49.22,49.62,49660760,FYERS_HISTORY,2026-08-08T23:56:53+05:30
2017-03-22,SMD-0225,TATASTEEL,NSE:TATASTEEL-EQ,48.98,49.36,48.62,48.79,46508430,FYERS_HISTORY,2026-08-08T23:56:53+05:30
2017-03-23,SMD-0225,TATASTEEL,NSE:TATASTEEL-EQ,48.73,49.64,48.73,49.53,41256010,FYERS_HISTORY,2026-08-08T23:56:53+05:30
2017-03-24,SMD-0225,TATASTEEL,NSE:TATASTEEL-EQ,49.59,49.97,49.09,49.3,30811110,FYERS_HISTORY,2026-08-08T23:56:53+05:30
2017-03-27,SMD-0225,TATASTEEL,NSE:TATASTEEL-EQ,49.26,49.26,47.45,47.63,61879500,FYERS_HISTORY,2026-08-08T23:56:53+05:30
2017-03-28,SMD-0225,TATASTEEL,NSE:TATASTEEL-EQ,47.74,48.25,47.68,48.0,43951190,FYERS_HISTORY,2026-08-08T23:56:53+05:30
2017-03-29,SMD-0225,TATASTEEL,NSE:TATASTEEL-EQ,48.18,48.47,48.01,48.42,32632540,FYERS_HISTORY,2026-08-08T23:56:53+05:30
2017-03-30,SMD-0225,TATASTEEL,NSE:TATASTEEL-EQ,48.42,48.62,47.56,47.73,46409500,FYERS_HISTORY,2026-08-08T23:56:53+05:30
2017-03-31,SMD-0225,TATASTEEL,NSE:TATASTEEL-EQ,48.05,48.57,47.89,48.25,32142650,FYERS_HISTORY,2026-08-08T23:56:53+05:30
2017-04-03,SMD-0225,TATASTEEL,NSE:TATASTEEL-EQ,48.58,48.97,48.26,48.57,31392350,FYERS_HISTORY,2026-08-08T23:56:53+05:30
2017-04-05,SMD-0225,TATASTEEL,NSE:TATASTEEL-EQ,48.78,49.8,48.65,49.31,49180590,FYERS_HISTORY,2026-08-08T23:56:53+05:30
2017-04-06,SMD-0225,TATASTEEL,NSE:TATASTEEL-EQ,49.35,50.42,48.38,50.15,50572460,FYERS_HISTORY,2026-08-08T23:56:53+05:30
2017-04-07,SMD-0225,TATASTEEL,NSE:TATASTEEL-EQ,50.07,50.62,49.05,49.3,53782230,FYERS_HISTORY,2026-08-08T23:56:53+05:30
2017-04-10,SMD-0225,TATASTEEL,NSE:TATASTEEL-EQ,49.68,49.86,49.02,49.52,29916600,FYERS_HISTORY,2026-08-08T23:56:53+05:30
2017-04-11,SMD-0225,TATASTEEL,NSE:TATASTEEL-EQ,49.53,49.58,48.61,48.79,40833640,FYERS_HISTORY,2026-08-08T23:56:53+05:30
2017-04-12,SMD-0225,TATASTEEL,NSE:TATASTEEL-EQ,49.02,49.24,47.58,47.72,50061010,FYERS_HISTORY,2026-08-08T23:56:53+05:30
2017-04-13,SMD-0225,TATASTEEL,NSE:TATASTEEL-EQ,47.42,47.9,46.21,46.34,59055710,FYERS_HISTORY,2026-08-08T23:56:53+05:30
2017-04-17,SMD-0225,TATASTEEL,NSE:TATASTEEL-EQ,46.0,46.77,45.96,46.23,37866700,FYERS_HISTORY,2026-08-08T23:56:53+05:30
2017-04-18,SMD-0225,TATASTEEL,NSE:TATASTEEL-EQ,46.69,47.38,44.79,44.98,73048590,FYERS_HISTORY,2026-08-08T23:56:53+05:30
2017-04-19,SMD-0225,TATASTEEL,NSE:TATASTEEL-EQ,44.79,45.54,44.19,45.06,94240700,FYERS_HISTORY,2026-08-08T23:56:53+05:30
2017-04-20,SMD-0225,TATASTEEL,NSE:TATASTEEL-EQ,45.06,45.57,44.81,45.43,40213610,FYERS_HISTORY,2026-08-08T23:56:53+05:30
2017-04-21,SMD-0225,TATASTEEL,NSE:TATASTEEL-EQ,45.99,46.06,44.9,45.07,46424730,FYERS_HISTORY,2026-08-08T23:56:53+05:30
2017-04-24,SMD-0225,TATASTEEL,NSE:TATASTEEL-EQ,45.19,45.45,44.7,45.06,49545470,FYERS_HISTORY,2026-08-08T23:56:53+05:30
2017-04-25,SMD-0225,TATASTEEL,NSE:TATASTEEL-EQ,45.33,45.78,45.12,45.45,42487890,FYERS_HISTORY,2026-08-08T23:56:53+05:30
2017-04-26,SMD-0225,TATASTEEL,NSE:TATASTEEL-EQ,45.68,46.31,45.07,45.37,46729230,FYERS_HISTORY,2026-08-08T23:56:53+05:30
2017-04-27,SMD-0225,TATASTEEL,NSE:TATASTEEL-EQ,45.39,45.47,44.39,44.57,61879170,FYERS_HISTORY,2026-08-08T23:56:53+05:30
2017-04-28,SMD-0225,TATASTEEL,NSE:TATASTEEL-EQ,44.79,45.86,44.57,44.91,62540950,FYERS_HISTORY,2026-08-08T23:56:53+05:30
2017-05-02,SMD-0225,TATASTEEL,NSE:TATASTEEL-EQ,45.09,45.39,44.33,44.49,46876350,FYERS_HISTORY,2026-08-08T23:56:53+05:30
2017-05-03,SMD-0225,TATASTEEL,NSE:TATASTEEL-EQ,44.72,44.98,43.74,44.07,50071990,FYERS_HISTORY,2026-08-08T23:56:53+05:30
2017-05-04,SMD-0225,TATASTEEL,NSE:TATASTEEL-EQ,44.69,44.79,43.6,44.23,65336020,FYERS_HISTORY,2026-08-08T23:56:53+05:30
2017-05-05,SMD-0225,TATASTEEL,NSE:TATASTEEL-EQ,44.14,44.14,42.79,43.35,57000340,FYERS_HISTORY,2026-08-08T23:56:53+05:30
2017-05-08,SMD-0225,TATASTEEL,NSE:TATASTEEL-EQ,43.39,43.63,42.8,43.18,55138350,FYERS_HISTORY,2026-08-08T23:56:53+05:30
2017-05-09,SMD-0225,TATASTEEL,NSE:TATASTEEL-EQ,43.19,43.99,43.11,43.34,47373750,FYERS_HISTORY,2026-08-08T23:56:53+05:30
2017-05-10,SMD-0225,TATASTEEL,NSE:TATASTEEL-EQ,43.51,43.84,43.3,43.73,35387820,FYERS_HISTORY,2026-08-08T23:56:53+05:30
2017-05-11,SMD-0225,TATASTEEL,NSE:TATASTEEL-EQ,44.06,44.53,43.96,44.1,55312850,FYERS_HISTORY,2026-08-08T23:56:53+05:30
2017-05-12,SMD-0225,TATASTEEL,NSE:TATASTEEL-EQ,44.23,44.38,43.25,43.66,57946320,FYERS_HISTORY,2026-08-08T23:56:53+05:30
2017-05-15,SMD-0225,TATASTEEL,NSE:TATASTEEL-EQ,43.79,45.68,43.77,45.59,97516300,FYERS_HISTORY,2026-08-08T23:56:53+05:30
2017-05-16,SMD-0225,TATASTEEL,NSE:TATASTEEL-EQ,46.29,46.39,45.52,45.64,102956170,FYERS_HISTORY,2026-08-08T23:56:53+05:30
2017-05-17,SMD-0225,TATASTEEL,NSE:TATASTEEL-EQ,46.98,49.88,46.56,49.37,493913420,FYERS_HISTORY,2026-08-08T23:56:53+05:30
2017-05-18,SMD-0225,TATASTEEL,NSE:TATASTEEL-EQ,48.8,49.65,48.34,48.61,133660410,FYERS_HISTORY,2026-08-08T23:56:53+05:30
2017-05-19,SMD-0225,TATASTEEL,NSE:TATASTEEL-EQ,48.98,49.58,48.01,48.93,90720840,FYERS_HISTORY,2026-08-08T23:56:53+05:30
2017-05-22,SMD-0225,TATASTEEL,NSE:TATASTEEL-EQ,49.27,49.68,48.42,48.62,62205320,FYERS_HISTORY,2026-08-08T23:56:53+05:30
2017-05-23,SMD-0225,TATASTEEL,NSE:TATASTEEL-EQ,48.89,49.67,47.74,49.02,97764730,FYERS_HISTORY,2026-08-08T23:56:53+05:30
2017-05-24,SMD-0225,TATASTEEL,NSE:TATASTEEL-EQ,49.23,49.48,48.13,48.32,72380670,FYERS_HISTORY,2026-08-08T23:56:53+05:30
2017-05-25,SMD-0225,TATASTEEL,NSE:TATASTEEL-EQ,48.48,48.69,47.65,48.45,64591610,FYERS_HISTORY,2026-08-08T23:56:53+05:30
2017-05-26,SMD-0225,TATASTEEL,NSE:TATASTEEL-EQ,48.67,51.47,48.55,51.16,162349410,FYERS_HISTORY,2026-08-08T23:56:53+05:30
2017-05-29,SMD-0225,TATASTEEL,NSE:TATASTEEL-EQ,51.19,52.05,50.6,50.75,67701950,FYERS_HISTORY,2026-08-08T23:56:53+05:30
2017-05-30,SMD-0225,TATASTEEL,NSE:TATASTEEL-EQ,50.82,51.38,50.41,51.17,40808240,FYERS_HISTORY,2026-08-08T23:56:53+05:30
2017-05-31,SMD-0225,TATASTEEL,NSE:TATASTEEL-EQ,51.0,51.48,50.23,50.45,43639110,FYERS_HISTORY,2026-08-08T23:56:53+05:30
2017-06-01,SMD-0225,TATASTEEL,NSE:TATASTEEL-EQ,50.45,50.78,49.38,49.7,38851290,FYERS_HISTORY,2026-08-08T23:56:53+05:30
2017-06-02,SMD-0225,TATASTEEL,NSE:TATASTEEL-EQ,50.18,50.3,48.79,49.18,56793600,FYERS_HISTORY,2026-08-08T23:56:53+05:30
2017-06-05,SMD-0225,TATASTEEL,NSE:TATASTEEL-EQ,49.28,49.97,48.68,49.11,47411420,FYERS_HISTORY,2026-08-08T23:56:53+05:30
2017-06-06,SMD-0225,TATASTEEL,NSE:TATASTEEL-EQ,49.37,49.63,48.83,49.01,41222180,FYERS_HISTORY,2026-08-08T23:56:53+05:30
2017-06-07,SMD-0225,TATASTEEL,NSE:TATASTEEL-EQ,49.16,49.42,48.68,49.07,32861420,FYERS_HISTORY,2026-08-08T23:56:53+05:30
2017-06-08,SMD-0225,TATASTEEL,NSE:TATASTEEL-EQ,50.28,51.12,49.74,49.88,119245010,FYERS_HISTORY,2026-08-08T23:56:53+05:30
2017-06-09,SMD-0225,TATASTEEL,NSE:TATASTEEL-EQ,49.82,50.82,49.57,50.69,63308870,FYERS_HISTORY,2026-08-08T23:56:53+05:30
2017-06-12,SMD-0225,TATASTEEL,NSE:TATASTEEL-EQ,50.75,51.4,50.53,50.82,52815670,FYERS_HISTORY,2026-08-08T23:56:53+05:30
2017-06-13,SMD-0225,TATASTEEL,NSE:TATASTEEL-EQ,50.88,51.27,50.53,50.84,59636520,FYERS_HISTORY,2026-08-08T23:56:53+05:30
2017-06-14,SMD-0225,TATASTEEL,NSE:TATASTEEL-EQ,50.78,50.96,50.1,50.25,46946100,FYERS_HISTORY,2026-08-08T23:56:53+05:30
2017-06-15,SMD-0225,TATASTEEL,NSE:TATASTEEL-EQ,50.06,50.63,49.91,50.24,40767050,FYERS_HISTORY,2026-08-08T23:56:53+05:30
2017-06-16,SMD-0225,TATASTEEL,NSE:TATASTEEL-EQ,50.38,50.75,50.1,50.18,34238060,FYERS_HISTORY,2026-08-08T23:56:53+05:30
2017-06-19,SMD-0225,TATASTEEL,NSE:TATASTEEL-EQ,51.01,52.04,50.73,51.94,95908250,FYERS_HISTORY,2026-08-08T23:56:53+05:30
2017-06-20,SMD-0225,TATASTEEL,NSE:TATASTEEL-EQ,52.38,52.55,52.03,52.22,59098790,FYERS_HISTORY,2026-08-08T23:56:53+05:30
2017-06-21,SMD-0225,TATASTEEL,NSE:TATASTEEL-EQ,52.11,52.35,51.55,51.75,42595020,FYERS_HISTORY,2026-08-08T23:56:53+05:30
2017-06-22,SMD-0225,TATASTEEL,NSE:TATASTEEL-EQ,52.08,52.22,51.18,51.48,38116960,FYERS_HISTORY,2026-08-08T23:56:53+05:30
2017-06-23,SMD-0225,TATASTEEL,NSE:TATASTEEL-EQ,51.37,51.37,50.25,50.71,39942790,FYERS_HISTORY,2026-08-08T23:56:53+05:30
2017-06-27,SMD-0225,TATASTEEL,NSE:TATASTEEL-EQ,50.98,51.36,50.36,51.07,45446190,FYERS_HISTORY,2026-08-08T23:56:53+05:30
2017-06-28,SMD-0225,TATASTEEL,NSE:TATASTEEL-EQ,51.18,52.27,50.92,52.04,68938560,FYERS_HISTORY,2026-08-08T23:56:53+05:30
2017-06-29,SMD-0225,TATASTEEL,NSE:TATASTEEL-EQ,52.47,53.64,52.19,53.49,96488270,FYERS_HISTORY,2026-08-08T23:56:53+05:30
2017-06-30,SMD-0225,TATASTEEL,NSE:TATASTEEL-EQ,53.43,54.77,52.99,54.56,84665410,FYERS_HISTORY,2026-08-08T23:56:53+05:30
2017-07-03,SMD-0225,TATASTEEL,NSE:TATASTEEL-EQ,54.53,55.32,54.19,55.04,64457760,FYERS_HISTORY,2026-08-08T23:56:53+05:30
2017-07-04,SMD-0225,TATASTEEL,NSE:TATASTEEL-EQ,55.09,55.44,54.42,54.74,50381820,FYERS_HISTORY,2026-08-08T23:56:53+05:30
2017-07-05,SMD-0225,TATASTEEL,NSE:TATASTEEL-EQ,54.42,55.23,54.38,54.98,47243140,FYERS_HISTORY,2026-08-08T23:56:53+05:30
2017-07-06,SMD-0225,TATASTEEL,NSE:TATASTEEL-EQ,54.98,55.73,54.88,55.45,65044840,FYERS_HISTORY,2026-08-08T23:56:53+05:30
2017-07-07,SMD-0225,TATASTEEL,NSE:TATASTEEL-EQ,55.28,55.47,55.07,55.32,40987120,FYERS_HISTORY,2026-08-08T23:56:53+05:30
2017-07-10,SMD-0225,TATASTEEL,NSE:TATASTEEL-EQ,55.87,56.14,54.89,55.92,10891390,FYERS_HISTORY,2026-08-08T23:56:53+05:30
2017-07-11,SMD-0225,TATASTEEL,NSE:TATASTEEL-EQ,56.02,56.18,55.5,55.67,49111770,FYERS_HISTORY,2026-08-08T23:56:53+05:30
2017-07-12,SMD-0225,TATASTEEL,NSE:TATASTEEL-EQ,55.98,56.1,55.48,55.89,40596870,FYERS_HISTORY,2026-08-08T23:56:53+05:30
2017-07-13,SMD-0225,TATASTEEL,NSE:TATASTEEL-EQ,56.48,56.58,56.0,56.38,42510920,FYERS_HISTORY,2026-08-08T23:56:53+05:30
2017-07-14,SMD-0225,TATASTEEL,NSE:TATASTEEL-EQ,56.47,56.47,55.66,55.82,46761880,FYERS_HISTORY,2026-08-08T23:56:53+05:30
2017-07-17,SMD-0225,TATASTEEL,NSE:TATASTEEL-EQ,56.19,56.36,55.69,55.96,24596590,FYERS_HISTORY,2026-08-08T23:56:53+05:30
2017-07-18,SMD-0225,TATASTEEL,NSE:TATASTEEL-EQ,55.74,56.88,55.68,56.31,34411810,FYERS_HISTORY,2026-08-08T23:56:53+05:30
2017-07-19,SMD-0225,TATASTEEL,NSE:TATASTEEL-EQ,56.38,57.22,56.32,57.1,32848910,FYERS_HISTORY,2026-08-08T23:56:53+05:30
2017-07-20,SMD-0225,TATASTEEL,NSE:TATASTEEL-EQ,56.21,56.36,55.61,55.7,32594490,FYERS_HISTORY,2026-08-08T23:56:53+05:30
2017-07-21,SMD-0225,TATASTEEL,NSE:TATASTEEL-EQ,55.78,55.79,54.35,55.31,32939410,FYERS_HISTORY,2026-08-08T23:56:53+05:30
2017-07-24,SMD-0225,TATASTEEL,NSE:TATASTEEL-EQ,55.42,55.42,54.72,54.83,21597490,FYERS_HISTORY,2026-08-08T23:56:53+05:30
2017-07-25,SMD-0225,TATASTEEL,NSE:TATASTEEL-EQ,54.87,55.39,54.86,55.28,28392550,FYERS_HISTORY,2026-08-08T23:56:53+05:30
2017-07-26,SMD-0225,TATASTEEL,NSE:TATASTEEL-EQ,55.48,56.78,55.39,56.56,70851180,FYERS_HISTORY,2026-08-08T23:56:53+05:30
2017-07-27,SMD-0225,TATASTEEL,NSE:TATASTEEL-EQ,56.68,56.84,55.79,56.11,40178960,FYERS_HISTORY,2026-08-08T23:56:53+05:30
2017-07-28,SMD-0225,TATASTEEL,NSE:TATASTEEL-EQ,56.06,56.06,54.83,55.17,24109070,FYERS_HISTORY,2026-08-08T23:56:53+05:30
2017-07-31,SMD-0225,TATASTEEL,NSE:TATASTEEL-EQ,55.31,57.12,55.31,56.69,56228270,FYERS_HISTORY,2026-08-08T23:56:53+05:30
2017-08-01,SMD-0225,TATASTEEL,NSE:TATASTEEL-EQ,56.95,57.51,56.84,57.22,50894930,FYERS_HISTORY,2026-08-08T23:56:53+05:30
2017-08-02,SMD-0225,TATASTEEL,NSE:TATASTEEL-EQ,57.28,57.36,56.53,56.91,29866760,FYERS_HISTORY,2026-08-08T23:56:53+05:30
2017-08-03,SMD-0225,TATASTEEL,NSE:TATASTEEL-EQ,56.68,56.82,55.74,55.91,32853900,FYERS_HISTORY,2026-08-08T23:56:53+05:30
2017-08-04,SMD-0225,TATASTEEL,NSE:TATASTEEL-EQ,55.92,58.06,55.91,57.57,33622010,FYERS_HISTORY,2026-08-08T23:56:53+05:30
2017-08-07,SMD-0225,TATASTEEL,NSE:TATASTEEL-EQ,58.48,60.15,58.38,59.99,110093620,FYERS_HISTORY,2026-08-08T23:56:53+05:30
2017-08-08,SMD-0225,TATASTEEL,NSE:TATASTEEL-EQ,61.01,62.53,60.58,61.63,200396240,FYERS_HISTORY,2026-08-08T23:56:53+05:30
2017-08-09,SMD-0225,TATASTEEL,NSE:TATASTEEL-EQ,61.58,62.02,60.23,60.49,52009250,FYERS_HISTORY,2026-08-08T23:56:53+05:30
2017-08-10,SMD-0225,TATASTEEL,NSE:TATASTEEL-EQ,60.46,61.45,59.79,60.42,76815510,FYERS_HISTORY,2026-08-08T23:56:53+05:30
2017-08-11,SMD-0225,TATASTEEL,NSE:TATASTEEL-EQ,59.98,60.58,59.11,59.66,85765210,FYERS_HISTORY,2026-08-08T23:56:53+05:30
2017-08-14,SMD-0225,TATASTEEL,NSE:TATASTEEL-EQ,60.72,62.54,60.48,62.35,85531480,FYERS_HISTORY,2026-08-08T23:56:53+05:30
2017-08-16,SMD-0225,TATASTEEL,NSE:TATASTEEL-EQ,62.48,63.24,62.02,63.1,73279660,FYERS_HISTORY,2026-08-08T23:56:53+05:30
2017-08-17,SMD-0225,TATASTEEL,NSE:TATASTEEL-EQ,62.99,63.68,62.39,62.52,46151140,FYERS_HISTORY,2026-08-08T23:56:53+05:30
2017-08-18,SMD-0225,TATASTEEL,NSE:TATASTEEL-EQ,62.22,62.85,61.99,62.54,33851080,FYERS_HISTORY,2026-08-08T23:56:53+05:30
2017-08-21,SMD-0225,TATASTEEL,NSE:TATASTEEL-EQ,63.27,63.84,61.89,62.13,41742940,FYERS_HISTORY,2026-08-08T23:56:53+05:30
2017-08-22,SMD-0225,TATASTEEL,NSE:TATASTEEL-EQ,62.97,62.97,61.42,61.94,36895120,FYERS_HISTORY,2026-08-08T23:56:53+05:30
2017-08-23,SMD-0225,TATASTEEL,NSE:TATASTEEL-EQ,62.38,63.62,61.63,63.44,39175730,FYERS_HISTORY,2026-08-08T23:56:53+05:30
2017-08-24,SMD-0225,TATASTEEL,NSE:TATASTEEL-EQ,63.58,64.03,63.04,63.88,49077210,FYERS_HISTORY,2026-08-08T23:56:53+05:30
2017-08-28,SMD-0225,TATASTEEL,NSE:TATASTEEL-EQ,63.99,64.27,63.16,63.56,35646230,FYERS_HISTORY,2026-08-08T23:56:53+05:30
2017-08-29,SMD-0225,TATASTEEL,NSE:TATASTEEL-EQ,63.53,64.02,62.77,63.0,34421620,FYERS_HISTORY,2026-08-08T23:56:53+05:30
2017-08-30,SMD-0225,TATASTEEL,NSE:TATASTEEL-EQ,63.48,64.12,63.39,63.84,35230300,FYERS_HISTORY,2026-08-08T23:56:53+05:30
2017-08-31,SMD-0225,TATASTEEL,NSE:TATASTEEL-EQ,63.67,64.28,63.2,63.78,65121090,FYERS_HISTORY,2026-08-08T23:56:53+05:30
2017-09-01,SMD-0225,TATASTEEL,NSE:TATASTEEL-EQ,63.97,65.25,63.88,65.1,61503820,FYERS_HISTORY,2026-08-08T23:56:53+05:30
2017-09-04,SMD-0225,TATASTEEL,NSE:TATASTEEL-EQ,65.08,65.15,64.13,64.63,24105430,FYERS_HISTORY,2026-08-08T23:56:53+05:30
2017-09-05,SMD-0225,TATASTEEL,NSE:TATASTEEL-EQ,64.74,65.42,64.7,65.19,31678240,FYERS_HISTORY,2026-08-08T23:56:53+05:30
2017-09-06,SMD-0225,TATASTEEL,NSE:TATASTEEL-EQ,64.69,65.59,64.53,65.28,27255900,FYERS_HISTORY,2026-08-08T23:56:53+05:30
2017-09-07,SMD-0225,TATASTEEL,NSE:TATASTEEL-EQ,65.68,65.68,65.01,65.26,25035830,FYERS_HISTORY,2026-08-08T23:56:53+05:30
2017-09-08,SMD-0225,TATASTEEL,NSE:TATASTEEL-EQ,65.39,66.35,65.16,65.52,47107200,FYERS_HISTORY,2026-08-08T23:56:53+05:30
2017-09-11,SMD-0225,TATASTEEL,NSE:TATASTEEL-EQ,65.68,66.36,65.24,66.24,32078100,FYERS_HISTORY,2026-08-08T23:56:53+05:30
2017-09-12,SMD-0225,TATASTEEL,NSE:TATASTEEL-EQ,67.48,69.28,67.43,68.27,103089260,FYERS_HISTORY,2026-08-08T23:56:53+05:30
2017-09-13,SMD-0225,TATASTEEL,NSE:TATASTEEL-EQ,68.15,68.36,67.54,67.94,23525100,FYERS_HISTORY,2026-08-08T23:56:53+05:30
2017-09-14,SMD-0225,TATASTEEL,NSE:TATASTEEL-EQ,67.93,68.34,67.19,67.75,19053960,FYERS_HISTORY,2026-08-08T23:56:53+05:30
2017-09-15,SMD-0225,TATASTEEL,NSE:TATASTEEL-EQ,67.58,68.12,67.13,67.87,32408190,FYERS_HISTORY,2026-08-08T23:56:53+05:30
2017-09-18,SMD-0225,TATASTEEL,NSE:TATASTEEL-EQ,67.58,68.28,67.09,67.27,22925040,FYERS_HISTORY,2026-08-08T23:56:53+05:30
2017-09-19,SMD-0225,TATASTEEL,NSE:TATASTEEL-EQ,67.35,68.11,67.28,67.62,37076190,FYERS_HISTORY,2026-08-08T23:56:53+05:30
2017-09-20,SMD-0225,TATASTEEL,NSE:TATASTEEL-EQ,67.6,69.16,67.42,68.74,87781250,FYERS_HISTORY,2026-08-08T23:56:53+05:30
2017-09-21,SMD-0225,TATASTEEL,NSE:TATASTEEL-EQ,69.36,69.6,68.1,68.69,61304530,FYERS_HISTORY,2026-08-08T23:56:53+05:30
2017-09-22,SMD-0225,TATASTEEL,NSE:TATASTEEL-EQ,68.38,68.38,65.08,65.38,44174970,FYERS_HISTORY,2026-08-08T23:56:53+05:30
2017-09-25,SMD-0225,TATASTEEL,NSE:TATASTEEL-EQ,65.48,65.5,62.29,63.95,70616870,FYERS_HISTORY,2026-08-08T23:56:53+05:30
2017-09-26,SMD-0225,TATASTEEL,NSE:TATASTEEL-EQ,64.23,65.68,63.86,65.39,39474580,FYERS_HISTORY,2026-08-08T23:56:53+05:30
2017-09-27,SMD-0225,TATASTEEL,NSE:TATASTEEL-EQ,65.98,65.98,64.28,64.91,49582050,FYERS_HISTORY,2026-08-08T23:56:53+05:30
2017-09-28,SMD-0225,TATASTEEL,NSE:TATASTEEL-EQ,65.27,65.63,64.24,64.95,65768790,FYERS_HISTORY,2026-08-08T23:56:53+05:30
2017-09-29,SMD-0225,TATASTEEL,NSE:TATASTEEL-EQ,65.46,65.68,64.98,65.23,28379420,FYERS_HISTORY,2026-08-08T23:56:53+05:30
2017-10-03,SMD-0225,TATASTEEL,NSE:TATASTEEL-EQ,65.63,66.57,65.63,66.06,28490370,FYERS_HISTORY,2026-08-08T23:56:53+05:30
2017-10-04,SMD-0225,TATASTEEL,NSE:TATASTEEL-EQ,66.02,66.23,65.42,65.88,27836520,FYERS_HISTORY,2026-08-08T23:56:53+05:30
2017-10-05,SMD-0225,TATASTEEL,NSE:TATASTEEL-EQ,65.78,66.51,65.72,66.08,15521110,FYERS_HISTORY,2026-08-08T23:56:53+05:30
2017-10-06,SMD-0225,TATASTEEL,NSE:TATASTEEL-EQ,66.5,69.36,66.48,69.12,94617450,FYERS_HISTORY,2026-08-08T23:56:53+05:30
2017-10-09,SMD-0225,TATASTEEL,NSE:TATASTEEL-EQ,69.28,70.42,69.14,69.7,56172810,FYERS_HISTORY,2026-08-08T23:56:53+05:30
2017-10-10,SMD-0225,TATASTEEL,NSE:TATASTEEL-EQ,70.07,70.39,68.49,69.06,41965420,FYERS_HISTORY,2026-08-08T23:56:53+05:30
2017-10-11,SMD-0225,TATASTEEL,NSE:TATASTEEL-EQ,69.43,69.86,67.31,68.21,41906350,FYERS_HISTORY,2026-08-08T23:56:53+05:30
2017-10-12,SMD-0225,TATASTEEL,NSE:TATASTEEL-EQ,68.78,69.36,68.12,69.14,45228750,FYERS_HISTORY,2026-08-08T23:56:53+05:30
2017-10-13,SMD-0225,TATASTEEL,NSE:TATASTEEL-EQ,69.73,71.72,69.48,71.06,96256490,FYERS_HISTORY,2026-08-08T23:56:53+05:30
2017-10-16,SMD-0225,TATASTEEL,NSE:TATASTEEL-EQ,71.3,71.93,71.14,71.47,42116830,FYERS_HISTORY,2026-08-08T23:56:53+05:30
2017-10-17,SMD-0225,TATASTEEL,NSE:TATASTEEL-EQ,71.47,71.8,70.82,71.23,28003370,FYERS_HISTORY,2026-08-08T23:56:53+05:30
2017-10-18,SMD-0225,TATASTEEL,NSE:TATASTEEL-EQ,71.56,71.76,70.69,70.94,34003150,FYERS_HISTORY,2026-08-08T23:56:53+05:30
2017-10-19,SMD-0225,TATASTEEL,NSE:TATASTEEL-EQ,70.86,71.08,70.27,70.53,4103050,FYERS_HISTORY,2026-08-08T23:56:53+05:30
2017-10-23,SMD-0225,TATASTEEL,NSE:TATASTEEL-EQ,70.64,71.41,70.55,71.18,27190730,FYERS_HISTORY,2026-08-08T23:56:53+05:30
2017-10-24,SMD-0225,TATASTEEL,NSE:TATASTEEL-EQ,71.65,72.81,71.38,71.91,45535270,FYERS_HISTORY,2026-08-08T23:56:53+05:30
2017-10-25,SMD-0225,TATASTEEL,NSE:TATASTEEL-EQ,72.18,72.65,70.93,71.74,31638800,FYERS_HISTORY,2026-08-08T23:56:53+05:30
2017-10-26,SMD-0225,TATASTEEL,NSE:TATASTEEL-EQ,71.75,73.26,71.56,72.9,56646430,FYERS_HISTORY,2026-08-08T23:56:53+05:30
2017-10-27,SMD-0225,TATASTEEL,NSE:TATASTEEL-EQ,73.27,73.45,72.24,72.66,27761680,FYERS_HISTORY,2026-08-08T23:56:53+05:30
2017-10-30,SMD-0225,TATASTEEL,NSE:TATASTEEL-EQ,72.97,73.48,71.29,71.8,50451900,FYERS_HISTORY,2026-08-08T23:56:53+05:30
2017-10-31,SMD-0225,TATASTEEL,NSE:TATASTEEL-EQ,72.38,72.96,69.7,70.36,135410790,FYERS_HISTORY,2026-08-08T23:56:53+05:30
2017-11-01,SMD-0225,TATASTEEL,NSE:TATASTEEL-EQ,71.33,71.68,70.34,70.71,54569250,FYERS_HISTORY,2026-08-08T23:56:53+05:30
2017-11-02,SMD-0225,TATASTEEL,NSE:TATASTEEL-EQ,70.87,70.87,69.73,70.59,31825100,FYERS_HISTORY,2026-08-08T23:56:53+05:30
2017-11-03,SMD-0225,TATASTEEL,NSE:TATASTEEL-EQ,70.78,71.28,70.34,70.87,32865230,FYERS_HISTORY,2026-08-08T23:56:53+05:30
2017-11-06,SMD-0225,TATASTEEL,NSE:TATASTEEL-EQ,70.47,71.57,69.91,70.66,39415460,FYERS_HISTORY,2026-08-08T23:56:53+05:30
2017-11-07,SMD-0225,TATASTEEL,NSE:TATASTEEL-EQ,70.97,71.29,68.61,69.3,44558520,FYERS_HISTORY,2026-08-08T23:56:53+05:30
2017-11-08,SMD-0225,TATASTEEL,NSE:TATASTEEL-EQ,69.5,70.03,68.38,69.29,35893570,FYERS_HISTORY,2026-08-08T23:56:53+05:30
2017-11-09,SMD-0225,TATASTEEL,NSE:TATASTEEL-EQ,69.88,70.48,69.33,70.32,25412390,FYERS_HISTORY,2026-08-08T23:56:53+05:30
2017-11-10,SMD-0225,TATASTEEL,NSE:TATASTEEL-EQ,70.04,70.85,69.55,70.2,28922380,FYERS_HISTORY,2026-08-08T23:56:53+05:30
2017-11-13,SMD-0225,TATASTEEL,NSE:TATASTEEL-EQ,70.33,70.42,68.69,69.08,32374230,FYERS_HISTORY,2026-08-08T23:56:53+05:30
2017-11-14,SMD-0225,TATASTEEL,NSE:TATASTEEL-EQ,68.93,69.49,68.15,68.53,36903290,FYERS_HISTORY,2026-08-08T23:56:53+05:30
2017-11-15,SMD-0225,TATASTEEL,NSE:TATASTEEL-EQ,67.88,68.13,66.9,67.75,42966330,FYERS_HISTORY,2026-08-08T23:56:53+05:30
2017-11-16,SMD-0225,TATASTEEL,NSE:TATASTEEL-EQ,68.27,68.93,67.6,68.61,24647000,FYERS_HISTORY,2026-08-08T23:56:53+05:30
2017-11-17,SMD-0225,TATASTEEL,NSE:TATASTEEL-EQ,69.38,70.91,69.38,70.1,40316900,FYERS_HISTORY,2026-08-08T23:56:53+05:30
2017-11-20,SMD-0225,TATASTEEL,NSE:TATASTEEL-EQ,69.77,70.77,68.99,70.19,32882050,FYERS_HISTORY,2026-08-08T23:56:53+05:30
2017-11-21,SMD-0225,TATASTEEL,NSE:TATASTEEL-EQ,70.37,71.83,70.18,71.11,36561250,FYERS_HISTORY,2026-08-08T23:56:53+05:30
2017-11-22,SMD-0225,TATASTEEL,NSE:TATASTEEL-EQ,71.32,71.68,70.61,71.08,22713470,FYERS_HISTORY,2026-08-08T23:56:53+05:30
2017-11-23,SMD-0225,TATASTEEL,NSE:TATASTEEL-EQ,71.32,71.63,70.69,71.25,36819280,FYERS_HISTORY,2026-08-08T23:56:53+05:30
2017-11-24,SMD-0225,TATASTEEL,NSE:TATASTEEL-EQ,71.18,71.26,70.3,70.82,19245680,FYERS_HISTORY,2026-08-08T23:56:53+05:30
2017-11-27,SMD-0225,TATASTEEL,NSE:TATASTEEL-EQ,70.88,70.88,69.88,70.23,18647900,FYERS_HISTORY,2026-08-08T23:56:53+05:30
2017-11-28,SMD-0225,TATASTEEL,NSE:TATASTEEL-EQ,70.16,71.27,69.69,70.36,25433540,FYERS_HISTORY,2026-08-08T23:56:53+05:30
2017-11-29,SMD-0225,TATASTEEL,NSE:TATASTEEL-EQ,70.2,71.08,70.2,70.91,30558550,FYERS_HISTORY,2026-08-08T23:56:53+05:30
2017-11-30,SMD-0225,TATASTEEL,NSE:TATASTEEL-EQ,70.48,70.68,68.98,69.39,39888470,FYERS_HISTORY,2026-08-08T23:56:53+05:30
2017-12-01,SMD-0225,TATASTEEL,NSE:TATASTEEL-EQ,69.47,69.77,67.68,68.07,39406000,FYERS_HISTORY,2026-08-08T23:56:53+05:30
2017-12-04,SMD-0225,TATASTEEL,NSE:TATASTEEL-EQ,68.49,69.27,68.03,68.76,23216190,FYERS_HISTORY,2026-08-08T23:56:53+05:30
2017-12-05,SMD-0225,TATASTEEL,NSE:TATASTEEL-EQ,68.48,68.53,67.08,67.55,33280720,FYERS_HISTORY,2026-08-08T23:56:53+05:30
2017-12-06,SMD-0225,TATASTEEL,NSE:TATASTEEL-EQ,66.68,67.12,66.05,66.74,42646910,FYERS_HISTORY,2026-08-08T23:56:53+05:30
2017-12-07,SMD-0225,TATASTEEL,NSE:TATASTEEL-EQ,66.98,68.98,66.98,68.78,40204060,FYERS_HISTORY,2026-08-08T23:56:53+05:30
2017-12-08,SMD-0225,TATASTEEL,NSE:TATASTEEL-EQ,68.89,71.36,68.49,69.76,75058260,FYERS_HISTORY,2026-08-08T23:56:53+05:30
2017-12-11,SMD-0225,TATASTEEL,NSE:TATASTEEL-EQ,69.85,70.63,69.44,69.93,22067460,FYERS_HISTORY,2026-08-08T23:56:53+05:30
2017-12-12,SMD-0225,TATASTEEL,NSE:TATASTEEL-EQ,69.86,70.79,68.59,68.96,39787950,FYERS_HISTORY,2026-08-08T23:56:53+05:30
2017-12-13,SMD-0225,TATASTEEL,NSE:TATASTEEL-EQ,69.17,69.29,67.56,68.06,36606950,FYERS_HISTORY,2026-08-08T23:56:53+05:30
2017-12-14,SMD-0225,TATASTEEL,NSE:TATASTEEL-EQ,68.48,68.85,67.09,68.55,31428630,FYERS_HISTORY,2026-08-08T23:56:53+05:30
2017-12-15,SMD-0225,TATASTEEL,NSE:TATASTEEL-EQ,69.58,70.06,69.08,69.45,31573060,FYERS_HISTORY,2026-08-08T23:56:53+05:30
2017-12-18,SMD-0225,TATASTEEL,NSE:TATASTEEL-EQ,68.89,71.46,67.38,70.45,50921770,FYERS_HISTORY,2026-08-08T23:56:53+05:30
2017-12-19,SMD-0225,TATASTEEL,NSE:TATASTEEL-EQ,70.88,71.18,70.5,71.0,20344790,FYERS_HISTORY,2026-08-08T23:56:53+05:30
2017-12-20,SMD-0225,TATASTEEL,NSE:TATASTEEL-EQ,71.67,71.67,69.17,70.26,73858870,FYERS_HISTORY,2026-08-08T23:56:53+05:30
2017-12-21,SMD-0225,TATASTEEL,NSE:TATASTEEL-EQ,70.26,71.7,70.08,71.44,48001090,FYERS_HISTORY,2026-08-08T23:56:53+05:30
2017-12-22,SMD-0225,TATASTEEL,NSE:TATASTEEL-EQ,71.66,71.66,70.69,71.1,33217630,FYERS_HISTORY,2026-08-08T23:56:53+05:30
2017-12-26,SMD-0225,TATASTEEL,NSE:TATASTEEL-EQ,71.38,72.48,71.18,72.14,60094820,FYERS_HISTORY,2026-08-08T23:56:53+05:30
2017-12-27,SMD-0225,TATASTEEL,NSE:TATASTEEL-EQ,72.15,72.94,71.77,72.32,36103430,FYERS_HISTORY,2026-08-08T23:56:54+05:30
2017-12-28,SMD-0225,TATASTEEL,NSE:TATASTEEL-EQ,72.48,73.93,72.44,73.6,115688980,FYERS_HISTORY,2026-08-08T23:56:54+05:30
2017-12-29,SMD-0225,TATASTEEL,NSE:TATASTEEL-EQ,73.78,74.46,72.98,73.22,28155920,FYERS_HISTORY,2026-08-08T23:56:54+05:30
2018-01-01,SMD-0225,TATASTEEL,NSE:TATASTEEL-EQ,73.23,73.52,71.93,72.2,18333470,FYERS_HISTORY,2026-08-08T23:56:54+05:30
2018-01-02,SMD-0225,TATASTEEL,NSE:TATASTEEL-EQ,72.4,73.13,71.53,72.93,24672940,FYERS_HISTORY,2026-08-08T23:56:54+05:30
2018-01-03,SMD-0225,TATASTEEL,NSE:TATASTEEL-EQ,73.18,73.73,73.1,73.47,26339250,FYERS_HISTORY,2026-08-08T23:56:54+05:30
2018-01-04,SMD-0225,TATASTEEL,NSE:TATASTEEL-EQ,73.63,76.32,73.18,76.0,80803670,FYERS_HISTORY,2026-08-08T23:56:54+05:30
2018-01-05,SMD-0225,TATASTEEL,NSE:TATASTEEL-EQ,76.38,77.66,76.23,77.05,71338910,FYERS_HISTORY,2026-08-08T23:56:54+05:30
2018-01-08,SMD-0225,TATASTEEL,NSE:TATASTEEL-EQ,77.75,77.76,76.48,76.85,25834980,FYERS_HISTORY,2026-08-08T23:56:54+05:30
2018-01-09,SMD-0225,TATASTEEL,NSE:TATASTEEL-EQ,76.97,78.06,76.68,77.21,31967510,FYERS_HISTORY,2026-08-08T23:56:54+05:30
2018-01-10,SMD-0225,TATASTEEL,NSE:TATASTEEL-EQ,77.1,77.67,76.27,77.26,29899120,FYERS_HISTORY,2026-08-08T23:56:54+05:30
2018-01-11,SMD-0225,TATASTEEL,NSE:TATASTEEL-EQ,77.26,77.76,76.81,77.07,19343110,FYERS_HISTORY,2026-08-08T23:56:54+05:30
2018-01-12,SMD-0225,TATASTEEL,NSE:TATASTEEL-EQ,77.1,77.65,75.98,77.0,21692370,FYERS_HISTORY,2026-08-08T23:56:54+05:30
2018-01-15,SMD-0225,TATASTEEL,NSE:TATASTEEL-EQ,77.18,79.27,77.08,78.32,41703120,FYERS_HISTORY,2026-08-08T23:56:54+05:30
2018-01-16,SMD-0225,TATASTEEL,NSE:TATASTEEL-EQ,78.25,78.25,75.99,76.55,27904230,FYERS_HISTORY,2026-08-08T23:56:54+05:30
2018-01-17,SMD-0225,TATASTEEL,NSE:TATASTEEL-EQ,76.78,77.77,75.68,77.38,29872020,FYERS_HISTORY,2026-08-08T23:56:54+05:30
2018-01-18,SMD-0225,TATASTEEL,NSE:TATASTEEL-EQ,77.47,77.96,74.6,75.15,46153180,FYERS_HISTORY,2026-08-08T23:56:54+05:30
2018-01-19,SMD-0225,TATASTEEL,NSE:TATASTEEL-EQ,75.23,76.18,74.23,75.28,32169290,FYERS_HISTORY,2026-08-08T23:56:54+05:30
2018-01-22,SMD-0225,TATASTEEL,NSE:TATASTEEL-EQ,75.18,75.62,74.71,75.2,36045580,FYERS_HISTORY,2026-08-08T23:56:54+05:30
2018-01-23,SMD-0225,TATASTEEL,NSE:TATASTEEL-EQ,75.18,78.68,75.18,77.95,80342370,FYERS_HISTORY,2026-08-08T23:56:54+05:30
2018-01-24,SMD-0225,TATASTEEL,NSE:TATASTEEL-EQ,78.02,78.03,75.69,76.19,49335290,FYERS_HISTORY,2026-08-08T23:56:54+05:30
2018-01-25,SMD-0225,TATASTEEL,NSE:TATASTEEL-EQ,76.48,77.28,75.8,76.89,83949600,FYERS_HISTORY,2026-08-08T23:56:54+05:30
2018-01-29,SMD-0225,TATASTEEL,NSE:TATASTEEL-EQ,77.08,79.15,76.99,78.29,65059040,FYERS_HISTORY,2026-08-08T23:56:54+05:30
2018-01-30,SMD-0225,TATASTEEL,NSE:TATASTEEL-EQ,78.03,78.36,77.1,77.56,60174230,FYERS_HISTORY,2026-08-08T23:56:54+05:30
2018-01-31,SMD-0225,TATASTEEL,NSE:TATASTEEL-EQ,73.55,74.79,70.17,70.51,129589020,FYERS_HISTORY,2026-08-08T23:56:54+05:30
2018-02-01,SMD-0225,TATASTEEL,NSE:TATASTEEL-EQ,70.8,71.28,68.16,69.68,74039310,FYERS_HISTORY,2026-08-08T23:56:54+05:30
2018-02-02,SMD-0225,TATASTEEL,NSE:TATASTEEL-EQ,69.2,69.3,66.61,67.05,65009260,FYERS_HISTORY,2026-08-08T23:56:54+05:30
2018-02-05,SMD-0225,TATASTEEL,NSE:TATASTEEL-EQ,66.1,67.45,65.05,66.41,46987220,FYERS_HISTORY,2026-08-08T23:56:54+05:30
2018-02-06,SMD-0225,TATASTEEL,NSE:TATASTEEL-EQ,64.1,67.9,63.26,66.45,67045570,FYERS_HISTORY,2026-08-08T23:56:54+05:30
2018-02-07,SMD-0225,TATASTEEL,NSE:TATASTEEL-EQ,66.8,68.22,65.7,66.18,67895210,FYERS_HISTORY,2026-08-08T23:56:54+05:30
2018-02-08,SMD-0225,TATASTEEL,NSE:TATASTEEL-EQ,66.01,67.7,65.4,67.15,58455900,FYERS_HISTORY,2026-08-08T23:56:54+05:30
2018-02-09,SMD-0225,TATASTEEL,NSE:TATASTEEL-EQ,66.37,69.0,66.02,68.53,91402880,FYERS_HISTORY,2026-08-08T23:56:54+05:30
2018-02-12,SMD-0225,TATASTEEL,NSE:TATASTEEL-EQ,71.6,71.69,69.74,71.31,120363070,FYERS_HISTORY,2026-08-08T23:56:54+05:30
2018-02-14,SMD-0225,TATASTEEL,NSE:TATASTEEL-EQ,71.93,72.05,70.46,70.8,48859510,FYERS_HISTORY,2026-08-08T23:56:54+05:30
2018-02-15,SMD-0225,TATASTEEL,NSE:TATASTEEL-EQ,71.14,71.92,69.72,70.06,51312450,FYERS_HISTORY,2026-08-08T23:56:54+05:30
2018-02-16,SMD-0225,TATASTEEL,NSE:TATASTEEL-EQ,70.8,70.95,68.36,68.97,50127600,FYERS_HISTORY,2026-08-08T23:56:54+05:30
2018-02-19,SMD-0225,TATASTEEL,NSE:TATASTEEL-EQ,69.34,69.34,63.9,64.89,176587080,FYERS_HISTORY,2026-08-08T23:56:54+05:30
2018-02-20,SMD-0225,TATASTEEL,NSE:TATASTEEL-EQ,65.48,66.15,64.82,65.13,102144780,FYERS_HISTORY,2026-08-08T23:56:54+05:30
2018-02-21,SMD-0225,TATASTEEL,NSE:TATASTEEL-EQ,65.49,65.56,63.3,64.1,103075390,FYERS_HISTORY,2026-08-08T23:56:54+05:30
2018-02-22,SMD-0225,TATASTEEL,NSE:TATASTEEL-EQ,64.04,64.78,63.29,63.76,89506310,FYERS_HISTORY,2026-08-08T23:56:54+05:30
2018-02-23,SMD-0225,TATASTEEL,NSE:TATASTEEL-EQ,64.08,68.64,63.9,67.78,218662140,FYERS_HISTORY,2026-08-08T23:56:54+05:30
2018-02-26,SMD-0225,TATASTEEL,NSE:TATASTEEL-EQ,68.0,69.27,67.32,68.02,91997750,FYERS_HISTORY,2026-08-08T23:56:54+05:30
2018-02-27,SMD-0225,TATASTEEL,NSE:TATASTEEL-EQ,68.14,68.69,66.92,67.18,68053760,FYERS_HISTORY,2026-08-08T23:56:54+05:30
2018-02-28,SMD-0225,TATASTEEL,NSE:TATASTEEL-EQ,66.39,67.5,66.0,67.16,71126500,FYERS_HISTORY,2026-08-08T23:56:54+05:30
2018-03-01,SMD-0225,TATASTEEL,NSE:TATASTEEL-EQ,67.14,68.5,67.01,67.51,71283990,FYERS_HISTORY,2026-08-08T23:56:54+05:30
2018-03-05,SMD-0225,TATASTEEL,NSE:TATASTEEL-EQ,66.93,66.93,65.18,65.59,97854660,FYERS_HISTORY,2026-08-08T23:56:54+05:30
2018-03-06,SMD-0225,TATASTEEL,NSE:TATASTEEL-EQ,66.49,67.4,65.66,65.97,84149600,FYERS_HISTORY,2026-08-08T23:56:54+05:30
2018-03-07,SMD-0225,TATASTEEL,NSE:TATASTEEL-EQ,65.7,66.14,64.47,64.77,51305770,FYERS_HISTORY,2026-08-08T23:56:54+05:30
2018-03-08,SMD-0225,TATASTEEL,NSE:TATASTEEL-EQ,65.69,66.1,63.27,63.59,71261050,FYERS_HISTORY,2026-08-08T23:56:54+05:30
2018-03-09,SMD-0225,TATASTEEL,NSE:TATASTEEL-EQ,64.01,64.68,60.15,60.68,180963670,FYERS_HISTORY,2026-08-08T23:56:54+05:30
2018-03-12,SMD-0225,TATASTEEL,NSE:TATASTEEL-EQ,61.45,62.64,60.64,62.29,121935810,FYERS_HISTORY,2026-08-08T23:56:54+05:30
2018-03-13,SMD-0225,TATASTEEL,NSE:TATASTEEL-EQ,62.3,63.32,61.44,62.89,104904050,FYERS_HISTORY,2026-08-08T23:56:54+05:30
2018-03-14,SMD-0225,TATASTEEL,NSE:TATASTEEL-EQ,62.4,63.09,61.86,62.06,86551810,FYERS_HISTORY,2026-08-08T23:56:54+05:30
2018-03-15,SMD-0225,TATASTEEL,NSE:TATASTEEL-EQ,62.0,62.26,60.96,61.18,75109510,FYERS_HISTORY,2026-08-08T23:56:54+05:30
2018-03-16,SMD-0225,TATASTEEL,NSE:TATASTEEL-EQ,61.18,61.39,59.44,60.02,117395820,FYERS_HISTORY,2026-08-08T23:56:54+05:30
2018-03-19,SMD-0225,TATASTEEL,NSE:TATASTEEL-EQ,60.0,60.19,57.29,57.5,125423170,FYERS_HISTORY,2026-08-08T23:56:54+05:30
2018-03-20,SMD-0225,TATASTEEL,NSE:TATASTEEL-EQ,57.1,60.09,56.85,59.3,176450350,FYERS_HISTORY,2026-08-08T23:56:54+05:30
2018-03-21,SMD-0225,TATASTEEL,NSE:TATASTEEL-EQ,59.9,60.17,58.05,58.23,119394510,FYERS_HISTORY,2026-08-08T23:56:54+05:30
2018-03-22,SMD-0225,TATASTEEL,NSE:TATASTEEL-EQ,58.27,58.75,57.2,58.09,114862450,FYERS_HISTORY,2026-08-08T23:56:54+05:30
2018-03-23,SMD-0225,TATASTEEL,NSE:TATASTEEL-EQ,56.01,56.88,55.35,56.65,141335500,FYERS_HISTORY,2026-08-08T23:56:54+05:30
2018-03-26,SMD-0225,TATASTEEL,NSE:TATASTEEL-EQ,56.89,58.84,56.08,58.16,109299980,FYERS_HISTORY,2026-08-08T23:56:54+05:30
2018-03-27,SMD-0225,TATASTEEL,NSE:TATASTEEL-EQ,59.05,59.9,58.76,59.0,100381680,FYERS_HISTORY,2026-08-08T23:56:54+05:30
2018-03-28,SMD-0225,TATASTEEL,NSE:TATASTEEL-EQ,58.11,58.3,56.53,57.11,186550570,FYERS_HISTORY,2026-08-08T23:56:54+05:30
2018-04-02,SMD-0225,TATASTEEL,NSE:TATASTEEL-EQ,57.31,58.03,56.81,57.88,68893450,FYERS_HISTORY,2026-08-08T23:56:54+05:30
2018-04-03,SMD-0225,TATASTEEL,NSE:TATASTEEL-EQ,57.02,58.55,56.84,57.97,105083170,FYERS_HISTORY,2026-08-08T23:56:54+05:30
2018-04-04,SMD-0225,TATASTEEL,NSE:TATASTEEL-EQ,58.31,59.05,55.76,56.06,139098930,FYERS_HISTORY,2026-08-08T23:56:54+05:30
2018-04-05,SMD-0225,TATASTEEL,NSE:TATASTEEL-EQ,57.39,58.36,56.95,58.05,132621680,FYERS_HISTORY,2026-08-08T23:56:54+05:30
2018-04-06,SMD-0225,TATASTEEL,NSE:TATASTEEL-EQ,57.49,58.99,57.3,58.72,85202010,FYERS_HISTORY,2026-08-08T23:56:54+05:30
2018-04-09,SMD-0225,TATASTEEL,NSE:TATASTEEL-EQ,58.95,59.58,58.34,58.62,94892210,FYERS_HISTORY,2026-08-08T23:56:54+05:30
2018-04-10,SMD-0225,TATASTEEL,NSE:TATASTEEL-EQ,59.3,60.46,59.23,60.19,108507100,FYERS_HISTORY,2026-08-08T23:56:54+05:30
2018-04-11,SMD-0225,TATASTEEL,NSE:TATASTEEL-EQ,60.8,61.09,60.04,60.81,87247160,FYERS_HISTORY,2026-08-08T23:56:54+05:30
2018-04-12,SMD-0225,TATASTEEL,NSE:TATASTEEL-EQ,60.69,60.88,59.67,59.84,66284990,FYERS_HISTORY,2026-08-08T23:56:54+05:30
2018-04-13,SMD-0225,TATASTEEL,NSE:TATASTEEL-EQ,60.0,60.47,59.04,59.41,67161460,FYERS_HISTORY,2026-08-08T23:56:54+05:30
2018-04-16,SMD-0225,TATASTEEL,NSE:TATASTEEL-EQ,59.1,59.68,58.52,59.16,51458130,FYERS_HISTORY,2026-08-08T23:56:54+05:30
2018-04-17,SMD-0225,TATASTEEL,NSE:TATASTEEL-EQ,59.5,60.46,59.2,59.61,64003780,FYERS_HISTORY,2026-08-08T23:56:54+05:30
2018-04-18,SMD-0225,TATASTEEL,NSE:TATASTEEL-EQ,60.1,60.49,59.46,60.16,42591350,FYERS_HISTORY,2026-08-08T23:56:54+05:30
2018-04-19,SMD-0225,TATASTEEL,NSE:TATASTEEL-EQ,60.61,62.45,60.61,62.2,108170080,FYERS_HISTORY,2026-08-08T23:56:54+05:30
2018-04-20,SMD-0225,TATASTEEL,NSE:TATASTEEL-EQ,61.9,61.9,60.26,60.62,63462740,FYERS_HISTORY,2026-08-08T23:56:54+05:30
2018-04-23,SMD-0225,TATASTEEL,NSE:TATASTEEL-EQ,60.83,61.1,60.01,60.66,45911610,FYERS_HISTORY,2026-08-08T23:56:54+05:30
2018-04-24,SMD-0225,TATASTEEL,NSE:TATASTEEL-EQ,59.45,60.18,58.94,59.76,59530460,FYERS_HISTORY,2026-08-08T23:56:54+05:30
2018-04-25,SMD-0225,TATASTEEL,NSE:TATASTEEL-EQ,59.8,59.85,58.43,58.62,41224430,FYERS_HISTORY,2026-08-08T23:56:54+05:30
2018-04-26,SMD-0225,TATASTEEL,NSE:TATASTEEL-EQ,58.8,59.16,57.67,57.82,74630620,FYERS_HISTORY,2026-08-08T23:56:54+05:30
2018-04-27,SMD-0225,TATASTEEL,NSE:TATASTEEL-EQ,58.3,59.48,58.13,58.98,47174050,FYERS_HISTORY,2026-08-08T23:56:54+05:30
2018-04-30,SMD-0225,TATASTEEL,NSE:TATASTEEL-EQ,59.17,59.99,58.6,59.5,36587540,FYERS_HISTORY,2026-08-08T23:56:54+05:30
2018-05-02,SMD-0225,TATASTEEL,NSE:TATASTEEL-EQ,59.71,59.74,57.3,57.45,42410680,FYERS_HISTORY,2026-08-08T23:56:54+05:30
2018-05-03,SMD-0225,TATASTEEL,NSE:TATASTEEL-EQ,57.4,58.74,56.81,58.55,67789040,FYERS_HISTORY,2026-08-08T23:56:54+05:30
2018-05-04,SMD-0225,TATASTEEL,NSE:TATASTEEL-EQ,58.67,58.98,57.93,58.08,38816320,FYERS_HISTORY,2026-08-08T23:56:54+05:30
2018-05-07,SMD-0225,TATASTEEL,NSE:TATASTEEL-EQ,58.6,59.8,58.1,59.65,45535090,FYERS_HISTORY,2026-08-08T23:56:54+05:30
2018-05-08,SMD-0225,TATASTEEL,NSE:TATASTEEL-EQ,60.0,60.42,59.05,59.64,41259580,FYERS_HISTORY,2026-08-08T23:56:54+05:30
2018-05-09,SMD-0225,TATASTEEL,NSE:TATASTEEL-EQ,59.34,60.89,59.26,60.32,62382110,FYERS_HISTORY,2026-08-08T23:56:54+05:30
2018-05-10,SMD-0225,TATASTEEL,NSE:TATASTEEL-EQ,60.39,60.68,59.12,59.42,40012690,FYERS_HISTORY,2026-08-08T23:56:54+05:30
2018-05-11,SMD-0225,TATASTEEL,NSE:TATASTEEL-EQ,59.7,61.06,59.12,60.73,61555370,FYERS_HISTORY,2026-08-08T23:56:54+05:30
2018-05-14,SMD-0225,TATASTEEL,NSE:TATASTEEL-EQ,60.82,61.5,60.23,61.04,51731390,FYERS_HISTORY,2026-08-08T23:56:54+05:30
2018-05-15,SMD-0225,TATASTEEL,NSE:TATASTEEL-EQ,60.9,63.68,60.55,62.6,128184360,FYERS_HISTORY,2026-08-08T23:56:54+05:30
2018-05-16,SMD-0225,TATASTEEL,NSE:TATASTEEL-EQ,62.6,63.25,61.7,62.13,84263010,FYERS_HISTORY,2026-08-08T23:56:54+05:30
2018-05-17,SMD-0225,TATASTEEL,NSE:TATASTEEL-EQ,63.0,63.08,60.22,61.03,160373410,FYERS_HISTORY,2026-08-08T23:56:54+05:30
2018-05-18,SMD-0225,TATASTEEL,NSE:TATASTEEL-EQ,61.5,61.67,59.04,59.14,82166290,FYERS_HISTORY,2026-08-08T23:56:54+05:30
2018-05-21,SMD-0225,TATASTEEL,NSE:TATASTEEL-EQ,59.25,60.08,57.48,57.7,71622330,FYERS_HISTORY,2026-08-08T23:56:54+05:30
2018-05-22,SMD-0225,TATASTEEL,NSE:TATASTEEL-EQ,57.81,58.35,56.95,57.68,60966460,FYERS_HISTORY,2026-08-08T23:56:54+05:30
2018-05-23,SMD-0225,TATASTEEL,NSE:TATASTEEL-EQ,57.6,57.6,53.74,54.01,171483860,FYERS_HISTORY,2026-08-08T23:56:54+05:30
2018-05-24,SMD-0225,TATASTEEL,NSE:TATASTEEL-EQ,54.39,55.39,53.66,54.82,87008220,FYERS_HISTORY,2026-08-08T23:56:54+05:30
2018-05-25,SMD-0225,TATASTEEL,NSE:TATASTEEL-EQ,55.4,57.08,55.2,56.83,88956190,FYERS_HISTORY,2026-08-08T23:56:54+05:30
2018-05-28,SMD-0225,TATASTEEL,NSE:TATASTEEL-EQ,57.1,57.95,56.51,57.67,52356670,FYERS_HISTORY,2026-08-08T23:56:54+05:30
2018-05-29,SMD-0225,TATASTEEL,NSE:TATASTEEL-EQ,57.5,58.8,56.94,57.54,64779110,FYERS_HISTORY,2026-08-08T23:56:54+05:30
2018-05-30,SMD-0225,TATASTEEL,NSE:TATASTEEL-EQ,56.81,58.15,56.76,57.79,62018880,FYERS_HISTORY,2026-08-08T23:56:54+05:30
2018-05-31,SMD-0225,TATASTEEL,NSE:TATASTEEL-EQ,58.4,58.73,57.21,57.57,66525100,FYERS_HISTORY,2026-08-08T23:56:54+05:30
2018-06-01,SMD-0225,TATASTEEL,NSE:TATASTEEL-EQ,57.0,57.96,55.63,56.07,92496660,FYERS_HISTORY,2026-08-08T23:56:54+05:30
2018-06-04,SMD-0225,TATASTEEL,NSE:TATASTEEL-EQ,56.41,57.25,56.03,56.62,87425270,FYERS_HISTORY,2026-08-08T23:56:54+05:30
2018-06-05,SMD-0225,TATASTEEL,NSE:TATASTEEL-EQ,56.68,57.49,56.06,57.21,46882040,FYERS_HISTORY,2026-08-08T23:56:54+05:30
2018-06-06,SMD-0225,TATASTEEL,NSE:TATASTEEL-EQ,57.45,58.17,56.92,57.98,44453050,FYERS_HISTORY,2026-08-08T23:56:54+05:30
2018-06-07,SMD-0225,TATASTEEL,NSE:TATASTEEL-EQ,58.21,60.39,58.19,60.21,92793530,FYERS_HISTORY,2026-08-08T23:56:54+05:30
2018-06-08,SMD-0225,TATASTEEL,NSE:TATASTEEL-EQ,59.9,60.82,59.2,60.05,83860780,FYERS_HISTORY,2026-08-08T23:56:54+05:30
2018-06-11,SMD-0225,TATASTEEL,NSE:TATASTEEL-EQ,60.11,60.55,58.63,58.87,51511010,FYERS_HISTORY,2026-08-08T23:56:54+05:30
2018-06-12,SMD-0225,TATASTEEL,NSE:TATASTEEL-EQ,58.7,58.88,57.72,58.0,85889350,FYERS_HISTORY,2026-08-08T23:56:54+05:30
2018-06-13,SMD-0225,TATASTEEL,NSE:TATASTEEL-EQ,57.96,58.38,56.6,56.76,90600320,FYERS_HISTORY,2026-08-08T23:56:54+05:30
2018-06-14,SMD-0225,TATASTEEL,NSE:TATASTEEL-EQ,56.7,57.48,56.1,56.96,74825140,FYERS_HISTORY,2026-08-08T23:56:54+05:30
2018-06-15,SMD-0225,TATASTEEL,NSE:TATASTEEL-EQ,57.12,57.48,56.2,56.6,62087640,FYERS_HISTORY,2026-08-08T23:56:54+05:30
2018-06-18,SMD-0225,TATASTEEL,NSE:TATASTEEL-EQ,56.3,56.35,54.73,55.85,105669650,FYERS_HISTORY,2026-08-08T23:56:54+05:30
2018-06-19,SMD-0225,TATASTEEL,NSE:TATASTEEL-EQ,55.8,56.56,54.95,55.5,94521900,FYERS_HISTORY,2026-08-08T23:56:54+05:30
2018-06-20,SMD-0225,TATASTEEL,NSE:TATASTEEL-EQ,55.63,56.59,55.33,56.33,66107030,FYERS_HISTORY,2026-08-08T23:56:54+05:30
2018-06-21,SMD-0225,TATASTEEL,NSE:TATASTEEL-EQ,56.9,56.9,55.61,55.78,84651980,FYERS_HISTORY,2026-08-08T23:56:54+05:30
2018-06-22,SMD-0225,TATASTEEL,NSE:TATASTEEL-EQ,56.04,56.46,55.61,56.19,62478450,FYERS_HISTORY,2026-08-08T23:56:54+05:30
2018-06-25,SMD-0225,TATASTEEL,NSE:TATASTEEL-EQ,55.98,56.48,55.64,55.86,38992610,FYERS_HISTORY,2026-08-08T23:56:54+05:30
2018-06-26,SMD-0225,TATASTEEL,NSE:TATASTEEL-EQ,55.84,55.99,53.83,54.95,102075820,FYERS_HISTORY,2026-08-08T23:56:54+05:30
2018-06-27,SMD-0225,TATASTEEL,NSE:TATASTEEL-EQ,55.17,55.25,53.91,54.32,56541500,FYERS_HISTORY,2026-08-08T23:56:54+05:30
2018-06-28,SMD-0225,TATASTEEL,NSE:TATASTEEL-EQ,54.5,55.65,54.4,54.85,86559780,FYERS_HISTORY,2026-08-08T23:56:54+05:30
2018-06-29,SMD-0225,TATASTEEL,NSE:TATASTEEL-EQ,55.2,56.98,55.11,56.78,94773840,FYERS_HISTORY,2026-08-08T23:56:54+05:30
2018-07-02,SMD-0225,TATASTEEL,NSE:TATASTEEL-EQ,57.6,58.65,55.63,56.05,157630480,FYERS_HISTORY,2026-08-08T23:56:54+05:30
2018-07-03,SMD-0225,TATASTEEL,NSE:TATASTEEL-EQ,56.2,57.24,55.35,56.6,112361770,FYERS_HISTORY,2026-08-08T23:56:54+05:30
2018-07-04,SMD-0225,TATASTEEL,NSE:TATASTEEL-EQ,56.74,57.34,55.96,57.11,68629470,FYERS_HISTORY,2026-08-08T23:56:54+05:30
2018-07-05,SMD-0225,TATASTEEL,NSE:TATASTEEL-EQ,56.5,56.5,55.2,55.33,60136530,FYERS_HISTORY,2026-08-08T23:56:54+05:30
2018-07-06,SMD-0225,TATASTEEL,NSE:TATASTEEL-EQ,55.0,56.43,54.64,55.35,66147830,FYERS_HISTORY,2026-08-08T23:56:54+05:30
2018-07-09,SMD-0225,TATASTEEL,NSE:TATASTEEL-EQ,56.37,56.58,55.48,55.56,74437510,FYERS_HISTORY,2026-08-08T23:56:54+05:30
2018-07-10,SMD-0225,TATASTEEL,NSE:TATASTEEL-EQ,55.9,57.1,55.69,56.87,100049050,FYERS_HISTORY,2026-08-08T23:56:54+05:30
2018-07-11,SMD-0225,TATASTEEL,NSE:TATASTEEL-EQ,56.57,56.57,55.42,55.57,61112450,FYERS_HISTORY,2026-08-08T23:56:54+05:30
2018-07-12,SMD-0225,TATASTEEL,NSE:TATASTEEL-EQ,56.0,56.79,55.32,55.52,84439880,FYERS_HISTORY,2026-08-08T23:56:54+05:30
2018-07-13,SMD-0225,TATASTEEL,NSE:TATASTEEL-EQ,55.94,56.2,55.3,55.86,55791290,FYERS_HISTORY,2026-08-08T23:56:54+05:30
2018-07-16,SMD-0225,TATASTEEL,NSE:TATASTEEL-EQ,55.97,55.99,51.71,51.93,111598850,FYERS_HISTORY,2026-08-08T23:56:54+05:30
2018-07-17,SMD-0225,TATASTEEL,NSE:TATASTEEL-EQ,52.2,53.57,51.3,53.24,107927060,FYERS_HISTORY,2026-08-08T23:56:54+05:30
2018-07-18,SMD-0225,TATASTEEL,NSE:TATASTEEL-EQ,53.6,53.7,50.1,50.43,164512090,FYERS_HISTORY,2026-08-08T23:56:54+05:30
2018-07-19,SMD-0225,TATASTEEL,NSE:TATASTEEL-EQ,50.8,51.34,49.3,49.87,168086510,FYERS_HISTORY,2026-08-08T23:56:54+05:30
2018-07-20,SMD-0225,TATASTEEL,NSE:TATASTEEL-EQ,49.9,50.58,49.5,50.32,72614090,FYERS_HISTORY,2026-08-08T23:56:54+05:30
2018-07-23,SMD-0225,TATASTEEL,NSE:TATASTEEL-EQ,50.6,51.95,49.83,51.69,68781340,FYERS_HISTORY,2026-08-08T23:56:54+05:30
2018-07-24,SMD-0225,TATASTEEL,NSE:TATASTEEL-EQ,51.6,52.96,51.6,52.74,83983690,FYERS_HISTORY,2026-08-08T23:56:54+05:30
2018-07-25,SMD-0225,TATASTEEL,NSE:TATASTEEL-EQ,53.1,53.8,52.9,53.6,67826380,FYERS_HISTORY,2026-08-08T23:56:54+05:30
2018-07-26,SMD-0225,TATASTEEL,NSE:TATASTEEL-EQ,53.7,54.0,53.14,53.49,74811910,FYERS_HISTORY,2026-08-08T23:56:54+05:30
2018-07-27,SMD-0225,TATASTEEL,NSE:TATASTEEL-EQ,53.8,55.36,53.63,55.02,64628850,FYERS_HISTORY,2026-08-08T23:56:54+05:30
2018-07-30,SMD-0225,TATASTEEL,NSE:TATASTEEL-EQ,54.95,55.85,54.74,55.3,47877070,FYERS_HISTORY,2026-08-08T23:56:54+05:30
2018-07-31,SMD-0225,TATASTEEL,NSE:TATASTEEL-EQ,55.2,56.49,54.36,56.31,63739660,FYERS_HISTORY,2026-08-08T23:56:54+05:30
2018-08-01,SMD-0225,TATASTEEL,NSE:TATASTEEL-EQ,56.29,56.76,55.13,55.58,60679920,FYERS_HISTORY,2026-08-08T23:56:54+05:30
2018-08-02,SMD-0225,TATASTEEL,NSE:TATASTEEL-EQ,55.27,56.09,54.06,55.43,94930990,FYERS_HISTORY,2026-08-08T23:56:54+05:30
2018-08-03,SMD-0225,TATASTEEL,NSE:TATASTEEL-EQ,55.64,56.0,55.07,55.45,55706900,FYERS_HISTORY,2026-08-08T23:56:54+05:30
2018-08-06,SMD-0225,TATASTEEL,NSE:TATASTEEL-EQ,55.9,56.49,55.13,55.33,55438810,FYERS_HISTORY,2026-08-08T23:56:54+05:30
2018-08-07,SMD-0225,TATASTEEL,NSE:TATASTEEL-EQ,55.74,57.67,55.37,57.32,92858540,FYERS_HISTORY,2026-08-08T23:56:54+05:30
2018-08-08,SMD-0225,TATASTEEL,NSE:TATASTEEL-EQ,57.83,58.38,57.36,57.75,90084310,FYERS_HISTORY,2026-08-08T23:56:54+05:30
2018-08-09,SMD-0225,TATASTEEL,NSE:TATASTEEL-EQ,58.0,58.77,57.58,58.6,57576870,FYERS_HISTORY,2026-08-08T23:56:54+05:30
2018-08-10,SMD-0225,TATASTEEL,NSE:TATASTEEL-EQ,58.6,58.6,57.27,57.67,57254930,FYERS_HISTORY,2026-08-08T23:56:54+05:30
2018-08-13,SMD-0225,TATASTEEL,NSE:TATASTEEL-EQ,57.5,58.22,56.6,56.88,78568310,FYERS_HISTORY,2026-08-08T23:56:54+05:30
2018-08-14,SMD-0225,TATASTEEL,NSE:TATASTEEL-EQ,58.7,58.7,56.26,57.9,240305600,FYERS_HISTORY,2026-08-08T23:56:54+05:30
2018-08-16,SMD-0225,TATASTEEL,NSE:TATASTEEL-EQ,57.0,57.67,56.33,56.76,79071710,FYERS_HISTORY,2026-08-08T23:56:54+05:30
2018-08-17,SMD-0225,TATASTEEL,NSE:TATASTEEL-EQ,57.2,58.52,57.18,58.02,87432140,FYERS_HISTORY,2026-08-08T23:56:54+05:30
2018-08-20,SMD-0225,TATASTEEL,NSE:TATASTEEL-EQ,58.3,60.18,58.29,59.94,116623180,FYERS_HISTORY,2026-08-08T23:56:54+05:30
2018-08-21,SMD-0225,TATASTEEL,NSE:TATASTEEL-EQ,60.23,60.25,58.06,58.22,108737070,FYERS_HISTORY,2026-08-08T23:56:54+05:30
2018-08-23,SMD-0225,TATASTEEL,NSE:TATASTEEL-EQ,58.49,58.49,57.02,57.17,66768300,FYERS_HISTORY,2026-08-08T23:56:54+05:30
2018-08-24,SMD-0225,TATASTEEL,NSE:TATASTEEL-EQ,57.04,57.94,56.83,57.56,60602690,FYERS_HISTORY,2026-08-08T23:56:54+05:30
2018-08-27,SMD-0225,TATASTEEL,NSE:TATASTEEL-EQ,58.19,58.7,57.9,58.12,53919460,FYERS_HISTORY,2026-08-08T23:56:54+05:30
2018-08-28,SMD-0225,TATASTEEL,NSE:TATASTEEL-EQ,58.25,59.39,57.81,59.04,90212970,FYERS_HISTORY,2026-08-08T23:56:54+05:30
2018-08-29,SMD-0225,TATASTEEL,NSE:TATASTEEL-EQ,59.03,60.19,58.56,59.42,98855320,FYERS_HISTORY,2026-08-08T23:56:54+05:30
2018-08-30,SMD-0225,TATASTEEL,NSE:TATASTEEL-EQ,59.23,61.0,59.11,60.84,102836570,FYERS_HISTORY,2026-08-08T23:56:54+05:30
2018-08-31,SMD-0225,TATASTEEL,NSE:TATASTEEL-EQ,60.82,61.45,59.91,60.05,86333540,FYERS_HISTORY,2026-08-08T23:56:54+05:30
2018-09-03,SMD-0225,TATASTEEL,NSE:TATASTEEL-EQ,60.3,61.0,59.8,60.08,54791330,FYERS_HISTORY,2026-08-08T23:56:54+05:30
2018-09-04,SMD-0225,TATASTEEL,NSE:TATASTEEL-EQ,60.09,60.45,59.06,59.31,60995720,FYERS_HISTORY,2026-08-08T23:56:54+05:30
2018-09-05,SMD-0225,TATASTEEL,NSE:TATASTEEL-EQ,59.0,59.7,58.12,59.44,57911570,FYERS_HISTORY,2026-08-08T23:56:54+05:30
2018-09-06,SMD-0225,TATASTEEL,NSE:TATASTEEL-EQ,59.8,60.78,59.45,60.03,66897160,FYERS_HISTORY,2026-08-08T23:56:54+05:30
2018-09-07,SMD-0225,TATASTEEL,NSE:TATASTEEL-EQ,60.23,62.2,59.71,61.92,94458360,FYERS_HISTORY,2026-08-08T23:56:54+05:30
2018-09-10,SMD-0225,TATASTEEL,NSE:TATASTEEL-EQ,62.0,62.5,61.13,61.37,62842580,FYERS_HISTORY,2026-08-08T23:56:54+05:30
2018-09-11,SMD-0225,TATASTEEL,NSE:TATASTEEL-EQ,61.54,61.7,58.84,59.21,81111720,FYERS_HISTORY,2026-08-08T23:56:54+05:30
2018-09-12,SMD-0225,TATASTEEL,NSE:TATASTEEL-EQ,59.25,60.72,58.31,60.56,85663840,FYERS_HISTORY,2026-08-08T23:56:54+05:30
2018-09-14,SMD-0225,TATASTEEL,NSE:TATASTEEL-EQ,61.16,62.05,61.0,61.5,79755590,FYERS_HISTORY,2026-08-08T23:56:54+05:30
2018-09-17,SMD-0225,TATASTEEL,NSE:TATASTEEL-EQ,61.0,62.44,60.56,61.64,71838910,FYERS_HISTORY,2026-08-08T23:56:54+05:30
2018-09-18,SMD-0225,TATASTEEL,NSE:TATASTEEL-EQ,61.8,62.46,60.93,61.28,78280630,FYERS_HISTORY,2026-08-08T23:56:54+05:30
2018-09-19,SMD-0225,TATASTEEL,NSE:TATASTEEL-EQ,61.8,63.08,61.74,62.12,101346270,FYERS_HISTORY,2026-08-08T23:56:54+05:30
2018-09-21,SMD-0225,TATASTEEL,NSE:TATASTEEL-EQ,63.0,64.76,58.43,62.52,229773790,FYERS_HISTORY,2026-08-08T23:56:54+05:30
2018-09-24,SMD-0225,TATASTEEL,NSE:TATASTEEL-EQ,61.89,62.63,59.57,60.77,112429140,FYERS_HISTORY,2026-08-08T23:56:54+05:30
2018-09-25,SMD-0225,TATASTEEL,NSE:TATASTEEL-EQ,60.9,60.9,57.5,60.1,109856240,FYERS_HISTORY,2026-08-08T23:56:54+05:30
2018-09-26,SMD-0225,TATASTEEL,NSE:TATASTEEL-EQ,60.5,61.42,59.8,60.89,86477200,FYERS_HISTORY,2026-08-08T23:56:54+05:30
2018-09-27,SMD-0225,TATASTEEL,NSE:TATASTEEL-EQ,61.12,62.08,60.74,61.16,82395420,FYERS_HISTORY,2026-08-08T23:56:54+05:30
2018-09-28,SMD-0225,TATASTEEL,NSE:TATASTEEL-EQ,61.2,61.2,57.5,58.13,130270070,FYERS_HISTORY,2026-08-08T23:56:54+05:30
2018-10-01,SMD-0225,TATASTEEL,NSE:TATASTEEL-EQ,58.0,58.58,55.75,58.32,69729490,FYERS_HISTORY,2026-08-08T23:56:54+05:30
2018-10-03,SMD-0225,TATASTEEL,NSE:TATASTEEL-EQ,58.4,59.44,57.62,57.96,72170630,FYERS_HISTORY,2026-08-08T23:56:54+05:30
2018-10-04,SMD-0225,TATASTEEL,NSE:TATASTEEL-EQ,57.68,58.78,57.0,58.23,76298400,FYERS_HISTORY,2026-08-08T23:56:54+05:30
2018-10-05,SMD-0225,TATASTEEL,NSE:TATASTEEL-EQ,58.0,58.6,56.23,56.8,78689670,FYERS_HISTORY,2026-08-08T23:56:54+05:30
2018-10-08,SMD-0225,TATASTEEL,NSE:TATASTEEL-EQ,56.7,57.0,54.4,55.98,91710480,FYERS_HISTORY,2026-08-08T23:56:54+05:30
2018-10-09,SMD-0225,TATASTEEL,NSE:TATASTEEL-EQ,56.0,58.39,55.46,57.25,77344340,FYERS_HISTORY,2026-08-08T23:56:54+05:30
2018-10-10,SMD-0225,TATASTEEL,NSE:TATASTEEL-EQ,57.32,58.78,57.32,58.37,71533140,FYERS_HISTORY,2026-08-08T23:56:54+05:30
2018-10-11,SMD-0225,TATASTEEL,NSE:TATASTEEL-EQ,55.7,56.4,54.91,55.52,104016430,FYERS_HISTORY,2026-08-08T23:56:54+05:30
2018-10-12,SMD-0225,TATASTEEL,NSE:TATASTEEL-EQ,56.08,57.88,55.81,57.65,57334070,FYERS_HISTORY,2026-08-08T23:56:54+05:30
2018-10-15,SMD-0225,TATASTEEL,NSE:TATASTEEL-EQ,57.83,57.95,56.65,57.0,41001830,FYERS_HISTORY,2026-08-08T23:56:54+05:30
2018-10-16,SMD-0225,TATASTEEL,NSE:TATASTEEL-EQ,57.11,58.4,56.96,57.28,56605680,FYERS_HISTORY,2026-08-08T23:56:54+05:30
2018-10-17,SMD-0225,TATASTEEL,NSE:TATASTEEL-EQ,57.81,57.95,55.21,55.47,50205760,FYERS_HISTORY,2026-08-08T23:56:54+05:30
2018-10-19,SMD-0225,TATASTEEL,NSE:TATASTEEL-EQ,55.3,56.26,54.5,55.5,77181960,FYERS_HISTORY,2026-08-08T23:56:54+05:30
2018-10-22,SMD-0225,TATASTEEL,NSE:TATASTEEL-EQ,55.9,56.12,54.16,54.48,51019510,FYERS_HISTORY,2026-08-08T23:56:54+05:30
2018-10-23,SMD-0225,TATASTEEL,NSE:TATASTEEL-EQ,54.0,55.0,53.52,54.56,46346880,FYERS_HISTORY,2026-08-08T23:56:54+05:30
2018-10-24,SMD-0225,TATASTEEL,NSE:TATASTEEL-EQ,55.2,55.46,54.14,55.01,42196170,FYERS_HISTORY,2026-08-08T23:56:54+05:30
2018-10-25,SMD-0225,TATASTEEL,NSE:TATASTEEL-EQ,54.47,55.06,54.0,54.58,44678590,FYERS_HISTORY,2026-08-08T23:56:54+05:30
2018-10-26,SMD-0225,TATASTEEL,NSE:TATASTEEL-EQ,54.76,56.16,54.11,55.16,60994130,FYERS_HISTORY,2026-08-08T23:56:54+05:30
2018-10-29,SMD-0225,TATASTEEL,NSE:TATASTEEL-EQ,55.65,57.55,55.23,57.37,57383130,FYERS_HISTORY,2026-08-08T23:56:54+05:30
2018-10-30,SMD-0225,TATASTEEL,NSE:TATASTEEL-EQ,57.13,57.2,56.31,56.45,40153190,FYERS_HISTORY,2026-08-08T23:56:54+05:30
2018-10-31,SMD-0225,TATASTEEL,NSE:TATASTEEL-EQ,55.5,55.78,52.94,55.39,140703330,FYERS_HISTORY,2026-08-08T23:56:54+05:30
2018-11-01,SMD-0225,TATASTEEL,NSE:TATASTEEL-EQ,55.58,56.39,55.4,55.66,54690570,FYERS_HISTORY,2026-08-08T23:56:54+05:30
2018-11-02,SMD-0225,TATASTEEL,NSE:TATASTEEL-EQ,56.1,58.24,56.07,57.41,79794570,FYERS_HISTORY,2026-08-08T23:56:54+05:30
2018-11-05,SMD-0225,TATASTEEL,NSE:TATASTEEL-EQ,57.4,58.36,56.75,57.75,45358560,FYERS_HISTORY,2026-08-08T23:56:54+05:30
2018-11-06,SMD-0225,TATASTEEL,NSE:TATASTEEL-EQ,57.96,58.44,57.0,57.58,39102740,FYERS_HISTORY,2026-08-08T23:56:54+05:30
2018-11-07,SMD-0225,TATASTEEL,NSE:TATASTEEL-EQ,58.1,58.23,57.9,58.03,4138710,FYERS_HISTORY,2026-08-08T23:56:54+05:30
2018-11-09,SMD-0225,TATASTEEL,NSE:TATASTEEL-EQ,57.94,57.94,56.85,57.22,43487160,FYERS_HISTORY,2026-08-08T23:56:54+05:30
2018-11-12,SMD-0225,TATASTEEL,NSE:TATASTEEL-EQ,57.36,58.97,57.22,58.29,81209960,FYERS_HISTORY,2026-08-08T23:56:54+05:30
2018-11-13,SMD-0225,TATASTEEL,NSE:TATASTEEL-EQ,58.3,59.15,57.91,58.92,76264870,FYERS_HISTORY,2026-08-08T23:56:54+05:30
2018-11-14,SMD-0225,TATASTEEL,NSE:TATASTEEL-EQ,60.5,61.06,58.43,58.91,216492890,FYERS_HISTORY,2026-08-08T23:56:54+05:30
2018-11-15,SMD-0225,TATASTEEL,NSE:TATASTEEL-EQ,59.03,59.69,58.15,58.94,63895210,FYERS_HISTORY,2026-08-08T23:56:54+05:30
2018-11-16,SMD-0225,TATASTEEL,NSE:TATASTEEL-EQ,59.0,59.1,56.96,57.41,74569270,FYERS_HISTORY,2026-08-08T23:56:54+05:30
2018-11-19,SMD-0225,TATASTEEL,NSE:TATASTEEL-EQ,57.75,58.38,57.4,58.24,48892870,FYERS_HISTORY,2026-08-08T23:56:54+05:30
2018-11-20,SMD-0225,TATASTEEL,NSE:TATASTEEL-EQ,57.7,57.8,56.2,56.33,76363680,FYERS_HISTORY,2026-08-08T23:56:54+05:30
2018-11-21,SMD-0225,TATASTEEL,NSE:TATASTEEL-EQ,56.2,56.2,55.0,55.14,112428980,FYERS_HISTORY,2026-08-08T23:56:54+05:30
2018-11-22,SMD-0225,TATASTEEL,NSE:TATASTEEL-EQ,55.2,55.36,53.82,53.97,85416120,FYERS_HISTORY,2026-08-08T23:56:54+05:30
2018-11-26,SMD-0225,TATASTEEL,NSE:TATASTEEL-EQ,54.4,54.4,52.17,53.07,100037870,FYERS_HISTORY,2026-08-08T23:56:54+05:30
2018-11-27,SMD-0225,TATASTEEL,NSE:TATASTEEL-EQ,52.97,52.99,51.25,52.23,157909070,FYERS_HISTORY,2026-08-08T23:56:54+05:30
2018-11-28,SMD-0225,TATASTEEL,NSE:TATASTEEL-EQ,52.23,52.89,51.87,52.4,113524660,FYERS_HISTORY,2026-08-08T23:56:54+05:30
2018-11-29,SMD-0225,TATASTEEL,NSE:TATASTEEL-EQ,53.2,53.89,52.92,53.36,139293320,FYERS_HISTORY,2026-08-08T23:56:54+05:30
2018-11-30,SMD-0225,TATASTEEL,NSE:TATASTEEL-EQ,53.5,53.68,52.55,52.95,78540710,FYERS_HISTORY,2026-08-08T23:56:54+05:30
2018-12-03,SMD-0225,TATASTEEL,NSE:TATASTEEL-EQ,54.12,55.27,53.58,53.81,120923650,FYERS_HISTORY,2026-08-08T23:56:54+05:30
2018-12-04,SMD-0225,TATASTEEL,NSE:TATASTEEL-EQ,53.27,54.05,53.22,53.82,61538100,FYERS_HISTORY,2026-08-08T23:56:54+05:30
2018-12-05,SMD-0225,TATASTEEL,NSE:TATASTEEL-EQ,53.3,53.3,51.5,51.77,70780820,FYERS_HISTORY,2026-08-08T23:56:54+05:30
2018-12-06,SMD-0225,TATASTEEL,NSE:TATASTEEL-EQ,51.33,52.17,50.1,51.02,129667140,FYERS_HISTORY,2026-08-08T23:56:54+05:30
2018-12-07,SMD-0225,TATASTEEL,NSE:TATASTEEL-EQ,51.07,51.49,50.32,50.93,82529270,FYERS_HISTORY,2026-08-08T23:56:54+05:30
2018-12-10,SMD-0225,TATASTEEL,NSE:TATASTEEL-EQ,49.94,50.95,49.7,50.29,54147050,FYERS_HISTORY,2026-08-08T23:56:54+05:30
2018-12-11,SMD-0225,TATASTEEL,NSE:TATASTEEL-EQ,49.56,50.37,48.62,50.08,112425720,FYERS_HISTORY,2026-08-08T23:56:54+05:30
2018-12-12,SMD-0225,TATASTEEL,NSE:TATASTEEL-EQ,50.6,52.25,50.55,52.03,81419830,FYERS_HISTORY,2026-08-08T23:56:54+05:30
2018-12-13,SMD-0225,TATASTEEL,NSE:TATASTEEL-EQ,52.81,52.81,50.8,51.23,68100950,FYERS_HISTORY,2026-08-08T23:56:54+05:30
2018-12-14,SMD-0225,TATASTEEL,NSE:TATASTEEL-EQ,51.1,51.78,50.65,51.36,51559800,FYERS_HISTORY,2026-08-08T23:56:54+05:30
2018-12-17,SMD-0225,TATASTEEL,NSE:TATASTEEL-EQ,51.8,52.53,51.64,52.4,48048540,FYERS_HISTORY,2026-08-08T23:56:54+05:30
2018-12-18,SMD-0225,TATASTEEL,NSE:TATASTEEL-EQ,52.3,52.84,51.96,52.7,56735270,FYERS_HISTORY,2026-08-08T23:56:54+05:30
2018-12-19,SMD-0225,TATASTEEL,NSE:TATASTEEL-EQ,52.79,53.25,52.46,52.74,49280430,FYERS_HISTORY,2026-08-08T23:56:54+05:30
2018-12-20,SMD-0225,TATASTEEL,NSE:TATASTEEL-EQ,52.0,52.7,52.0,52.34,35173350,FYERS_HISTORY,2026-08-08T23:56:54+05:30
2018-12-21,SMD-0225,TATASTEEL,NSE:TATASTEEL-EQ,52.42,53.2,51.83,52.02,59696700,FYERS_HISTORY,2026-08-08T23:56:54+05:30
2018-12-24,SMD-0225,TATASTEEL,NSE:TATASTEEL-EQ,51.8,52.07,51.2,51.37,43294400,FYERS_HISTORY,2026-08-08T23:56:54+05:30
2018-12-26,SMD-0225,TATASTEEL,NSE:TATASTEEL-EQ,50.9,51.73,50.44,51.35,49537410,FYERS_HISTORY,2026-08-08T23:56:54+05:30
2018-12-27,SMD-0225,TATASTEEL,NSE:TATASTEEL-EQ,51.8,51.98,50.5,50.65,50169310,FYERS_HISTORY,2026-08-08T23:56:54+05:30
2018-12-28,SMD-0225,TATASTEEL,NSE:TATASTEEL-EQ,50.82,51.65,50.81,51.29,63074080,FYERS_HISTORY,2026-08-08T23:56:54+05:30
2018-12-31,SMD-0225,TATASTEEL,NSE:TATASTEEL-EQ,52.0,52.5,51.62,52.11,79658120,FYERS_HISTORY,2026-08-08T23:56:54+05:30
2019-01-01,SMD-0225,TATASTEEL,NSE:TATASTEEL-EQ,52.4,52.45,51.36,51.58,41281730,FYERS_HISTORY,2026-08-08T23:56:54+05:30
2019-01-02,SMD-0225,TATASTEEL,NSE:TATASTEEL-EQ,50.6,50.68,49.2,49.37,117473500,FYERS_HISTORY,2026-08-08T23:56:54+05:30
2019-01-03,SMD-0225,TATASTEEL,NSE:TATASTEEL-EQ,49.3,49.32,48.03,48.13,135329440,FYERS_HISTORY,2026-08-08T23:56:54+05:30
2019-01-04,SMD-0225,TATASTEEL,NSE:TATASTEEL-EQ,48.1,49.29,47.96,48.77,104800720,FYERS_HISTORY,2026-08-08T23:56:54+05:30
2019-01-07,SMD-0225,TATASTEEL,NSE:TATASTEEL-EQ,49.54,50.1,48.39,48.55,84067870,FYERS_HISTORY,2026-08-08T23:56:54+05:30
2019-01-08,SMD-0225,TATASTEEL,NSE:TATASTEEL-EQ,48.57,49.34,48.38,49.14,62697060,FYERS_HISTORY,2026-08-08T23:56:54+05:30
2019-01-09,SMD-0225,TATASTEEL,NSE:TATASTEEL-EQ,48.9,49.73,47.53,47.92,126966600,FYERS_HISTORY,2026-08-08T23:56:54+05:30
2019-01-10,SMD-0225,TATASTEEL,NSE:TATASTEEL-EQ,48.0,48.42,47.75,48.04,70810000,FYERS_HISTORY,2026-08-08T23:56:54+05:30
2019-01-11,SMD-0225,TATASTEEL,NSE:TATASTEEL-EQ,48.4,48.43,47.2,47.42,75408240,FYERS_HISTORY,2026-08-08T23:56:54+05:30
2019-01-14,SMD-0225,TATASTEEL,NSE:TATASTEEL-EQ,47.42,47.44,46.68,47.09,58899170,FYERS_HISTORY,2026-08-08T23:56:54+05:30
2019-01-15,SMD-0225,TATASTEEL,NSE:TATASTEEL-EQ,47.3,47.65,46.9,47.51,76031810,FYERS_HISTORY,2026-08-08T23:56:54+05:30
2019-01-16,SMD-0225,TATASTEEL,NSE:TATASTEEL-EQ,47.61,47.99,47.27,47.46,52802930,FYERS_HISTORY,2026-08-08T23:56:54+05:30
2019-01-17,SMD-0225,TATASTEEL,NSE:TATASTEEL-EQ,47.63,47.83,47.05,47.32,42819350,FYERS_HISTORY,2026-08-08T23:56:54+05:30
2019-01-18,SMD-0225,TATASTEEL,NSE:TATASTEEL-EQ,47.36,47.77,46.8,47.07,49148490,FYERS_HISTORY,2026-08-08T23:56:54+05:30
2019-01-21,SMD-0225,TATASTEEL,NSE:TATASTEEL-EQ,47.3,47.75,47.01,47.17,46136900,FYERS_HISTORY,2026-08-08T23:56:54+05:30
2019-01-22,SMD-0225,TATASTEEL,NSE:TATASTEEL-EQ,47.07,47.07,45.5,45.66,89577660,FYERS_HISTORY,2026-08-08T23:56:54+05:30
2019-01-23,SMD-0225,TATASTEEL,NSE:TATASTEEL-EQ,45.7,46.79,45.7,46.46,72593860,FYERS_HISTORY,2026-08-08T23:56:54+05:30
2019-01-24,SMD-0225,TATASTEEL,NSE:TATASTEEL-EQ,46.45,46.45,45.72,46.08,47908460,FYERS_HISTORY,2026-08-08T23:56:54+05:30
2019-01-25,SMD-0225,TATASTEEL,NSE:TATASTEEL-EQ,46.22,46.58,45.12,45.29,41579670,FYERS_HISTORY,2026-08-08T23:56:54+05:30
2019-01-28,SMD-0225,TATASTEEL,NSE:TATASTEEL-EQ,45.29,45.4,44.33,44.57,43351470,FYERS_HISTORY,2026-08-08T23:56:54+05:30
2019-01-29,SMD-0225,TATASTEEL,NSE:TATASTEEL-EQ,44.4,45.22,44.14,44.38,52257240,FYERS_HISTORY,2026-08-08T23:56:54+05:30
2019-01-30,SMD-0225,TATASTEEL,NSE:TATASTEEL-EQ,44.67,47.14,44.67,46.75,108579250,FYERS_HISTORY,2026-08-08T23:56:54+05:30
2019-01-31,SMD-0225,TATASTEEL,NSE:TATASTEEL-EQ,47.21,47.89,46.77,47.67,92437290,FYERS_HISTORY,2026-08-08T23:56:54+05:30
2019-02-01,SMD-0225,TATASTEEL,NSE:TATASTEEL-EQ,47.7,48.2,47.0,47.47,50159940,FYERS_HISTORY,2026-08-08T23:56:54+05:30
2019-02-04,SMD-0225,TATASTEEL,NSE:TATASTEEL-EQ,47.49,47.86,45.2,47.61,109720290,FYERS_HISTORY,2026-08-08T23:56:54+05:30
2019-02-05,SMD-0225,TATASTEEL,NSE:TATASTEEL-EQ,47.7,47.7,45.95,46.47,72819270,FYERS_HISTORY,2026-08-08T23:56:54+05:30
2019-02-06,SMD-0225,TATASTEEL,NSE:TATASTEEL-EQ,46.6,48.67,46.38,48.51,109992650,FYERS_HISTORY,2026-08-08T23:56:54+05:30
2019-02-07,SMD-0225,TATASTEEL,NSE:TATASTEEL-EQ,48.35,49.14,47.81,48.91,78573380,FYERS_HISTORY,2026-08-08T23:56:54+05:30
2019-02-08,SMD-0225,TATASTEEL,NSE:TATASTEEL-EQ,48.3,48.78,46.6,46.88,84145140,FYERS_HISTORY,2026-08-08T23:56:54+05:30
2019-02-11,SMD-0225,TATASTEEL,NSE:TATASTEEL-EQ,47.5,48.7,46.03,48.07,232623140,FYERS_HISTORY,2026-08-08T23:56:54+05:30
2019-02-12,SMD-0225,TATASTEEL,NSE:TATASTEEL-EQ,47.84,49.72,47.67,48.74,188361110,FYERS_HISTORY,2026-08-08T23:56:54+05:30
2019-02-13,SMD-0225,TATASTEEL,NSE:TATASTEEL-EQ,49.0,49.34,48.2,48.4,84032650,FYERS_HISTORY,2026-08-08T23:56:54+05:30
2019-02-14,SMD-0225,TATASTEEL,NSE:TATASTEEL-EQ,48.2,48.64,47.54,48.26,61850420,FYERS_HISTORY,2026-08-08T23:56:54+05:30
2019-02-15,SMD-0225,TATASTEEL,NSE:TATASTEEL-EQ,48.3,48.34,46.27,46.75,74992400,FYERS_HISTORY,2026-08-08T23:56:54+05:30
2019-02-18,SMD-0225,TATASTEEL,NSE:TATASTEEL-EQ,46.89,47.7,46.44,46.56,62535140,FYERS_HISTORY,2026-08-08T23:56:54+05:30
2019-02-19,SMD-0225,TATASTEEL,NSE:TATASTEEL-EQ,46.54,48.06,46.54,47.1,82245450,FYERS_HISTORY,2026-08-08T23:56:54+05:30
2019-02-20,SMD-0225,TATASTEEL,NSE:TATASTEEL-EQ,47.25,49.39,47.25,49.12,154872510,FYERS_HISTORY,2026-08-08T23:56:54+05:30
2019-02-21,SMD-0225,TATASTEEL,NSE:TATASTEEL-EQ,49.26,50.29,49.04,49.89,117827140,FYERS_HISTORY,2026-08-08T23:56:54+05:30
2019-02-22,SMD-0225,TATASTEEL,NSE:TATASTEEL-EQ,49.7,50.4,49.21,50.23,100057230,FYERS_HISTORY,2026-08-08T23:56:54+05:30
2019-02-25,SMD-0225,TATASTEEL,NSE:TATASTEEL-EQ,50.4,50.95,49.83,50.51,103576040,FYERS_HISTORY,2026-08-08T23:56:54+05:30
2019-02-26,SMD-0225,TATASTEEL,NSE:TATASTEEL-EQ,49.8,50.86,49.17,50.36,98562990,FYERS_HISTORY,2026-08-08T23:56:54+05:30
2019-02-27,SMD-0225,TATASTEEL,NSE:TATASTEEL-EQ,50.7,51.23,49.8,50.71,94443460,FYERS_HISTORY,2026-08-08T23:56:54+05:30
2019-02-28,SMD-0225,TATASTEEL,NSE:TATASTEEL-EQ,50.66,51.1,49.83,50.05,74854180,FYERS_HISTORY,2026-08-08T23:56:54+05:30
2019-03-01,SMD-0225,TATASTEEL,NSE:TATASTEEL-EQ,50.35,50.97,50.2,50.76,66725690,FYERS_HISTORY,2026-08-08T23:56:54+05:30
2019-03-05,SMD-0225,TATASTEEL,NSE:TATASTEEL-EQ,50.84,52.29,50.52,52.18,91180370,FYERS_HISTORY,2026-08-08T23:56:54+05:30
2019-03-06,SMD-0225,TATASTEEL,NSE:TATASTEEL-EQ,52.29,52.54,51.55,52.09,63112270,FYERS_HISTORY,2026-08-08T23:56:54+05:30
2019-03-07,SMD-0225,TATASTEEL,NSE:TATASTEEL-EQ,51.99,52.32,51.36,52.12,61536310,FYERS_HISTORY,2026-08-08T23:56:54+05:30
2019-03-08,SMD-0225,TATASTEEL,NSE:TATASTEEL-EQ,51.68,51.86,50.63,50.79,65048470,FYERS_HISTORY,2026-08-08T23:56:54+05:30
2019-03-11,SMD-0225,TATASTEEL,NSE:TATASTEEL-EQ,51.0,52.24,50.95,52.07,59082750,FYERS_HISTORY,2026-08-08T23:56:54+05:30
2019-03-12,SMD-0225,TATASTEEL,NSE:TATASTEEL-EQ,52.44,53.05,52.1,52.52,82982750,FYERS_HISTORY,2026-08-08T23:56:54+05:30
2019-03-13,SMD-0225,TATASTEEL,NSE:TATASTEEL-EQ,52.5,52.5,51.26,51.38,64091530,FYERS_HISTORY,2026-08-08T23:56:54+05:30
2019-03-14,SMD-0225,TATASTEEL,NSE:TATASTEEL-EQ,51.4,52.18,51.35,51.77,44966420,FYERS_HISTORY,2026-08-08T23:56:54+05:30
2019-03-15,SMD-0225,TATASTEEL,NSE:TATASTEEL-EQ,51.8,52.1,51.25,51.55,42339380,FYERS_HISTORY,2026-08-08T23:56:54+05:30
2019-03-18,SMD-0225,TATASTEEL,NSE:TATASTEEL-EQ,51.95,52.68,51.53,52.52,63176050,FYERS_HISTORY,2026-08-08T23:56:54+05:30
2019-03-19,SMD-0225,TATASTEEL,NSE:TATASTEEL-EQ,52.78,53.19,52.07,52.75,63298400,FYERS_HISTORY,2026-08-08T23:56:54+05:30
2019-03-20,SMD-0225,TATASTEEL,NSE:TATASTEEL-EQ,52.61,52.63,51.11,51.36,87023070,FYERS_HISTORY,2026-08-08T23:56:54+05:30
2019-03-22,SMD-0225,TATASTEEL,NSE:TATASTEEL-EQ,51.7,52.4,51.56,51.84,52334460,FYERS_HISTORY,2026-08-08T23:56:54+05:30
2019-03-25,SMD-0225,TATASTEEL,NSE:TATASTEEL-EQ,51.28,51.77,50.71,51.52,50368870,FYERS_HISTORY,2026-08-08T23:56:54+05:30
2019-03-26,SMD-0225,TATASTEEL,NSE:TATASTEEL-EQ,51.6,52.1,51.42,51.94,33298250,FYERS_HISTORY,2026-08-08T23:56:54+05:30
2019-03-27,SMD-0225,TATASTEEL,NSE:TATASTEEL-EQ,52.0,52.3,51.31,51.58,52391580,FYERS_HISTORY,2026-08-08T23:56:54+05:30
2019-03-28,SMD-0225,TATASTEEL,NSE:TATASTEEL-EQ,51.44,51.65,50.48,50.63,89650930,FYERS_HISTORY,2026-08-08T23:56:54+05:30
2019-03-29,SMD-0225,TATASTEEL,NSE:TATASTEEL-EQ,51.0,52.5,50.81,52.1,119656110,FYERS_HISTORY,2026-08-08T23:56:54+05:30
2019-04-01,SMD-0225,TATASTEEL,NSE:TATASTEEL-EQ,53.0,54.4,52.81,53.52,135235540,FYERS_HISTORY,2026-08-08T23:56:54+05:30
2019-04-02,SMD-0225,TATASTEEL,NSE:TATASTEEL-EQ,53.8,53.8,52.61,53.07,50868180,FYERS_HISTORY,2026-08-08T23:56:54+05:30
2019-04-03,SMD-0225,TATASTEEL,NSE:TATASTEEL-EQ,53.69,54.76,53.35,53.55,114896800,FYERS_HISTORY,2026-08-08T23:56:54+05:30
2019-04-04,SMD-0225,TATASTEEL,NSE:TATASTEEL-EQ,53.28,53.74,52.65,53.07,52599170,FYERS_HISTORY,2026-08-08T23:56:54+05:30
2019-04-05,SMD-0225,TATASTEEL,NSE:TATASTEEL-EQ,53.12,55.1,53.12,54.93,100377130,FYERS_HISTORY,2026-08-08T23:56:54+05:30
2019-04-08,SMD-0225,TATASTEEL,NSE:TATASTEEL-EQ,55.32,55.7,54.58,54.91,106009010,FYERS_HISTORY,2026-08-08T23:56:54+05:30
2019-04-09,SMD-0225,TATASTEEL,NSE:TATASTEEL-EQ,55.1,55.5,54.03,55.31,66189360,FYERS_HISTORY,2026-08-08T23:56:54+05:30
2019-04-10,SMD-0225,TATASTEEL,NSE:TATASTEEL-EQ,55.17,55.94,54.17,54.44,78891530,FYERS_HISTORY,2026-08-08T23:56:54+05:30
2019-04-11,SMD-0225,TATASTEEL,NSE:TATASTEEL-EQ,54.1,54.64,53.35,53.57,60823980,FYERS_HISTORY,2026-08-08T23:56:54+05:30
2019-04-12,SMD-0225,TATASTEEL,NSE:TATASTEEL-EQ,53.7,54.27,53.22,53.37,62740160,FYERS_HISTORY,2026-08-08T23:56:54+05:30
2019-04-15,SMD-0225,TATASTEEL,NSE:TATASTEEL-EQ,53.69,55.5,53.61,55.32,103903170,FYERS_HISTORY,2026-08-08T23:56:54+05:30
2019-04-16,SMD-0225,TATASTEEL,NSE:TATASTEEL-EQ,55.36,55.69,54.92,55.33,63236540,FYERS_HISTORY,2026-08-08T23:56:54+05:30
2019-04-18,SMD-0225,TATASTEEL,NSE:TATASTEEL-EQ,55.35,55.45,53.67,54.31,66605220,FYERS_HISTORY,2026-08-08T23:56:54+05:30
2019-04-22,SMD-0225,TATASTEEL,NSE:TATASTEEL-EQ,54.0,54.58,53.31,53.42,36976860,FYERS_HISTORY,2026-08-08T23:56:54+05:30
2019-04-23,SMD-0225,TATASTEEL,NSE:TATASTEEL-EQ,53.5,53.85,52.15,52.34,51193760,FYERS_HISTORY,2026-08-08T23:56:54+05:30
2019-04-24,SMD-0225,TATASTEEL,NSE:TATASTEEL-EQ,52.69,52.79,51.27,52.53,83768350,FYERS_HISTORY,2026-08-08T23:56:54+05:30
2019-04-25,SMD-0225,TATASTEEL,NSE:TATASTEEL-EQ,52.2,52.93,50.9,51.08,83594180,FYERS_HISTORY,2026-08-08T23:56:54+05:30
2019-04-26,SMD-0225,TATASTEEL,NSE:TATASTEEL-EQ,52.09,54.78,51.56,54.53,381810110,FYERS_HISTORY,2026-08-08T23:56:54+05:30
2019-04-30,SMD-0225,TATASTEEL,NSE:TATASTEEL-EQ,54.31,56.08,53.57,55.72,142581610,FYERS_HISTORY,2026-08-08T23:56:54+05:30
2019-05-02,SMD-0225,TATASTEEL,NSE:TATASTEEL-EQ,55.41,56.17,54.95,55.5,90100300,FYERS_HISTORY,2026-08-08T23:56:54+05:30
2019-05-03,SMD-0225,TATASTEEL,NSE:TATASTEEL-EQ,55.4,55.6,54.66,54.78,58796360,FYERS_HISTORY,2026-08-08T23:56:54+05:30
2019-05-06,SMD-0225,TATASTEEL,NSE:TATASTEEL-EQ,53.43,54.35,52.75,53.6,99648390,FYERS_HISTORY,2026-08-08T23:56:54+05:30
2019-05-07,SMD-0225,TATASTEEL,NSE:TATASTEEL-EQ,54.5,54.5,52.9,53.06,65414980,FYERS_HISTORY,2026-08-08T23:56:54+05:30
2019-05-08,SMD-0225,TATASTEEL,NSE:TATASTEEL-EQ,53.13,53.24,52.16,52.27,64784320,FYERS_HISTORY,2026-08-08T23:56:54+05:30
2019-05-09,SMD-0225,TATASTEEL,NSE:TATASTEEL-EQ,52.26,52.64,51.64,51.92,51055970,FYERS_HISTORY,2026-08-08T23:56:54+05:30
2019-05-10,SMD-0225,TATASTEEL,NSE:TATASTEEL-EQ,52.2,52.58,47.91,48.68,372409210,FYERS_HISTORY,2026-08-08T23:56:54+05:30
2019-05-13,SMD-0225,TATASTEEL,NSE:TATASTEEL-EQ,48.01,48.8,46.34,47.23,159569200,FYERS_HISTORY,2026-08-08T23:56:54+05:30
2019-05-14,SMD-0225,TATASTEEL,NSE:TATASTEEL-EQ,46.7,47.76,45.63,46.96,211286060,FYERS_HISTORY,2026-08-08T23:56:54+05:30
2019-05-15,SMD-0225,TATASTEEL,NSE:TATASTEEL-EQ,47.31,48.1,46.07,46.3,126650570,FYERS_HISTORY,2026-08-08T23:56:54+05:30
2019-05-16,SMD-0225,TATASTEEL,NSE:TATASTEEL-EQ,46.4,47.13,45.52,46.93,112547310,FYERS_HISTORY,2026-08-08T23:56:54+05:30
2019-05-17,SMD-0225,TATASTEEL,NSE:TATASTEEL-EQ,46.51,47.15,46.1,46.95,70884860,FYERS_HISTORY,2026-08-08T23:56:54+05:30
2019-05-20,SMD-0225,TATASTEEL,NSE:TATASTEEL-EQ,47.8,49.48,47.67,48.38,84575830,FYERS_HISTORY,2026-08-08T23:56:54+05:30
2019-05-21,SMD-0225,TATASTEEL,NSE:TATASTEEL-EQ,48.49,48.49,46.88,47.26,63370580,FYERS_HISTORY,2026-08-08T23:56:54+05:30
2019-05-22,SMD-0225,TATASTEEL,NSE:TATASTEEL-EQ,47.2,48.06,46.74,47.3,83642240,FYERS_HISTORY,2026-08-08T23:56:54+05:30
2019-05-23,SMD-0225,TATASTEEL,NSE:TATASTEEL-EQ,47.76,48.65,46.21,46.47,93403760,FYERS_HISTORY,2026-08-08T23:56:54+05:30
2019-05-24,SMD-0225,TATASTEEL,NSE:TATASTEEL-EQ,46.5,48.63,45.84,48.42,108824810,FYERS_HISTORY,2026-08-08T23:56:54+05:30
2019-05-27,SMD-0225,TATASTEEL,NSE:TATASTEEL-EQ,48.45,51.43,48.36,51.26,182077050,FYERS_HISTORY,2026-08-08T23:56:54+05:30
2019-05-28,SMD-0225,TATASTEEL,NSE:TATASTEEL-EQ,51.41,51.86,50.52,50.71,99606130,FYERS_HISTORY,2026-08-08T23:56:54+05:30
2019-05-29,SMD-0225,TATASTEEL,NSE:TATASTEEL-EQ,50.57,51.18,49.19,49.33,85236870,FYERS_HISTORY,2026-08-08T23:56:54+05:30
2019-05-30,SMD-0225,TATASTEEL,NSE:TATASTEEL-EQ,49.3,49.65,48.6,48.8,72043630,FYERS_HISTORY,2026-08-08T23:56:54+05:30
2019-05-31,SMD-0225,TATASTEEL,NSE:TATASTEEL-EQ,49.08,49.48,48.11,48.83,102769910,FYERS_HISTORY,2026-08-08T23:56:54+05:30
2019-06-03,SMD-0225,TATASTEEL,NSE:TATASTEEL-EQ,48.9,50.19,48.51,49.77,85053920,FYERS_HISTORY,2026-08-08T23:56:54+05:30
2019-06-04,SMD-0225,TATASTEEL,NSE:TATASTEEL-EQ,49.6,50.28,49.19,49.77,62125660,FYERS_HISTORY,2026-08-08T23:56:54+05:30
2019-06-06,SMD-0225,TATASTEEL,NSE:TATASTEEL-EQ,49.77,50.26,48.3,48.46,72227990,FYERS_HISTORY,2026-08-08T23:56:54+05:30
2019-06-07,SMD-0225,TATASTEEL,NSE:TATASTEEL-EQ,48.3,48.99,47.58,48.21,68111040,FYERS_HISTORY,2026-08-08T23:56:54+05:30
2019-06-10,SMD-0225,TATASTEEL,NSE:TATASTEEL-EQ,48.9,49.48,48.31,48.61,68509170,FYERS_HISTORY,2026-08-08T23:56:54+05:30
2019-06-11,SMD-0225,TATASTEEL,NSE:TATASTEEL-EQ,48.99,49.42,48.7,49.25,65345480,FYERS_HISTORY,2026-08-08T23:56:54+05:30
2019-06-12,SMD-0225,TATASTEEL,NSE:TATASTEEL-EQ,49.28,50.8,49.01,50.59,127555250,FYERS_HISTORY,2026-08-08T23:56:54+05:30
2019-06-13,SMD-0225,TATASTEEL,NSE:TATASTEEL-EQ,50.4,50.59,49.66,50.26,72248570,FYERS_HISTORY,2026-08-08T23:56:54+05:30
2019-06-14,SMD-0225,TATASTEEL,NSE:TATASTEEL-EQ,49.91,50.85,49.71,50.18,66058960,FYERS_HISTORY,2026-08-08T23:56:54+05:30
2019-06-17,SMD-0225,TATASTEEL,NSE:TATASTEEL-EQ,50.01,50.09,47.21,47.31,119382860,FYERS_HISTORY,2026-08-08T23:56:54+05:30
2019-06-18,SMD-0225,TATASTEEL,NSE:TATASTEEL-EQ,47.33,47.85,46.37,47.23,106394540,FYERS_HISTORY,2026-08-08T23:56:54+05:30
2019-06-19,SMD-0225,TATASTEEL,NSE:TATASTEEL-EQ,48.21,49.84,48.21,49.41,188375230,FYERS_HISTORY,2026-08-08T23:56:54+05:30
2019-06-20,SMD-0225,TATASTEEL,NSE:TATASTEEL-EQ,49.41,50.28,48.99,50.1,78263560,FYERS_HISTORY,2026-08-08T23:56:54+05:30
2019-06-21,SMD-0225,TATASTEEL,NSE:TATASTEEL-EQ,50.0,50.09,49.45,49.77,61262460,FYERS_HISTORY,2026-08-08T23:56:54+05:30
2019-06-24,SMD-0225,TATASTEEL,NSE:TATASTEEL-EQ,49.72,49.98,48.19,48.63,72620000,FYERS_HISTORY,2026-08-08T23:56:54+05:30
2019-06-25,SMD-0225,TATASTEEL,NSE:TATASTEEL-EQ,47.4,49.98,47.4,49.8,136491190,FYERS_HISTORY,2026-08-08T23:56:54+05:30
2019-06-26,SMD-0225,TATASTEEL,NSE:TATASTEEL-EQ,49.5,51.23,49.03,51.06,129600840,FYERS_HISTORY,2026-08-08T23:56:54+05:30
2019-06-27,SMD-0225,TATASTEEL,NSE:TATASTEEL-EQ,51.15,51.65,50.67,51.07,119467140,FYERS_HISTORY,2026-08-08T23:56:54+05:30
2019-06-28,SMD-0225,TATASTEEL,NSE:TATASTEEL-EQ,51.15,51.57,49.91,50.44,87600340,FYERS_HISTORY,2026-08-08T23:56:54+05:30
2019-07-01,SMD-0225,TATASTEEL,NSE:TATASTEEL-EQ,50.99,51.49,50.32,50.7,85443750,FYERS_HISTORY,2026-08-08T23:56:54+05:30
2019-07-02,SMD-0225,TATASTEEL,NSE:TATASTEEL-EQ,50.86,51.09,50.21,50.88,57240040,FYERS_HISTORY,2026-08-08T23:56:54+05:30
2019-07-03,SMD-0225,TATASTEEL,NSE:TATASTEEL-EQ,50.79,51.48,50.46,51.03,69464090,FYERS_HISTORY,2026-08-08T23:56:54+05:30
2019-07-04,SMD-0225,TATASTEEL,NSE:TATASTEEL-EQ,50.0,50.27,49.38,49.53,72630590,FYERS_HISTORY,2026-08-08T23:56:54+05:30
2019-07-05,SMD-0225,TATASTEEL,NSE:TATASTEEL-EQ,49.65,49.85,47.53,47.84,76163480,FYERS_HISTORY,2026-08-08T23:56:54+05:30
2019-07-08,SMD-0225,TATASTEEL,NSE:TATASTEEL-EQ,47.5,47.95,46.52,46.81,80825910,FYERS_HISTORY,2026-08-08T23:56:54+05:30
2019-07-09,SMD-0225,TATASTEEL,NSE:TATASTEEL-EQ,46.9,47.2,46.26,46.85,68585800,FYERS_HISTORY,2026-08-08T23:56:54+05:30
2019-07-10,SMD-0225,TATASTEEL,NSE:TATASTEEL-EQ,46.95,47.44,44.81,45.48,134813440,FYERS_HISTORY,2026-08-08T23:56:54+05:30
2019-07-11,SMD-0225,TATASTEEL,NSE:TATASTEEL-EQ,46.13,46.65,45.37,46.2,99870380,FYERS_HISTORY,2026-08-08T23:56:54+05:30
2019-07-12,SMD-0225,TATASTEEL,NSE:TATASTEEL-EQ,46.43,47.95,46.03,47.29,132441180,FYERS_HISTORY,2026-08-08T23:56:54+05:30
2019-07-15,SMD-0225,TATASTEEL,NSE:TATASTEEL-EQ,47.8,47.83,46.34,46.83,78060790,FYERS_HISTORY,2026-08-08T23:56:54+05:30
2019-07-16,SMD-0225,TATASTEEL,NSE:TATASTEEL-EQ,46.51,47.86,46.41,47.67,64352100,FYERS_HISTORY,2026-08-08T23:56:54+05:30
2019-07-17,SMD-0225,TATASTEEL,NSE:TATASTEEL-EQ,47.6,47.98,46.85,47.57,54793220,FYERS_HISTORY,2026-08-08T23:56:54+05:30
2019-07-18,SMD-0225,TATASTEEL,NSE:TATASTEEL-EQ,47.3,47.54,46.39,46.66,52331730,FYERS_HISTORY,2026-08-08T23:56:54+05:30
2019-07-19,SMD-0225,TATASTEEL,NSE:TATASTEEL-EQ,47.0,47.3,45.33,45.81,72848850,FYERS_HISTORY,2026-08-08T23:56:54+05:30
2019-07-22,SMD-0225,TATASTEEL,NSE:TATASTEEL-EQ,45.81,46.73,45.12,46.56,69544520,FYERS_HISTORY,2026-08-08T23:56:54+05:30
2019-07-23,SMD-0225,TATASTEEL,NSE:TATASTEEL-EQ,46.62,46.79,45.68,45.99,55292840,FYERS_HISTORY,2026-08-08T23:56:54+05:30
2019-07-24,SMD-0225,TATASTEEL,NSE:TATASTEEL-EQ,46.1,46.3,44.31,44.6,83420010,FYERS_HISTORY,2026-08-08T23:56:54+05:30
2019-07-25,SMD-0225,TATASTEEL,NSE:TATASTEEL-EQ,44.8,45.2,43.83,44.04,75280910,FYERS_HISTORY,2026-08-08T23:56:54+05:30
2019-07-26,SMD-0225,TATASTEEL,NSE:TATASTEEL-EQ,43.9,44.82,43.57,44.55,65857860,FYERS_HISTORY,2026-08-08T23:56:54+05:30
2019-07-29,SMD-0225,TATASTEEL,NSE:TATASTEEL-EQ,44.56,44.59,43.1,43.35,78727230,FYERS_HISTORY,2026-08-08T23:56:54+05:30
2019-07-30,SMD-0225,TATASTEEL,NSE:TATASTEEL-EQ,43.49,44.19,40.62,41.51,94629210,FYERS_HISTORY,2026-08-08T23:56:54+05:30
2019-07-31,SMD-0225,TATASTEEL,NSE:TATASTEEL-EQ,41.3,43.36,40.95,43.21,115418000,FYERS_HISTORY,2026-08-08T23:56:54+05:30
2019-08-01,SMD-0225,TATASTEEL,NSE:TATASTEEL-EQ,42.75,43.19,41.48,42.0,94219850,FYERS_HISTORY,2026-08-08T23:56:54+05:30
2019-08-02,SMD-0225,TATASTEEL,NSE:TATASTEEL-EQ,41.39,41.72,40.46,40.91,134859520,FYERS_HISTORY,2026-08-08T23:56:54+05:30
2019-08-05,SMD-0225,TATASTEEL,NSE:TATASTEEL-EQ,40.4,40.4,38.97,39.92,112888540,FYERS_HISTORY,2026-08-08T23:56:54+05:30
2019-08-06,SMD-0225,TATASTEEL,NSE:TATASTEEL-EQ,39.37,40.8,39.37,40.16,101975850,FYERS_HISTORY,2026-08-08T23:56:54+05:30
2019-08-07,SMD-0225,TATASTEEL,NSE:TATASTEEL-EQ,39.5,39.65,37.59,38.19,133016090,FYERS_HISTORY,2026-08-08T23:56:54+05:30
2019-08-08,SMD-0225,TATASTEEL,NSE:TATASTEEL-EQ,37.9,37.95,36.06,36.74,228263940,FYERS_HISTORY,2026-08-08T23:56:54+05:30
2019-08-09,SMD-0225,TATASTEEL,NSE:TATASTEEL-EQ,37.05,37.37,36.09,36.24,133527610,FYERS_HISTORY,2026-08-08T23:56:54+05:30
2019-08-13,SMD-0225,TATASTEEL,NSE:TATASTEEL-EQ,36.17,36.76,34.53,34.87,147820510,FYERS_HISTORY,2026-08-08T23:56:54+05:30
2019-08-14,SMD-0225,TATASTEEL,NSE:TATASTEEL-EQ,35.36,37.08,35.34,36.47,187387690,FYERS_HISTORY,2026-08-08T23:56:54+05:30
2019-08-16,SMD-0225,TATASTEEL,NSE:TATASTEEL-EQ,36.0,36.69,35.55,36.31,119202110,FYERS_HISTORY,2026-08-08T23:56:54+05:30
2019-08-19,SMD-0225,TATASTEEL,NSE:TATASTEEL-EQ,36.59,36.7,35.72,35.96,98849660,FYERS_HISTORY,2026-08-08T23:56:54+05:30
2019-08-20,SMD-0225,TATASTEEL,NSE:TATASTEEL-EQ,35.97,36.19,35.32,35.83,93637340,FYERS_HISTORY,2026-08-08T23:56:54+05:30
2019-08-21,SMD-0225,TATASTEEL,NSE:TATASTEEL-EQ,35.7,35.82,34.19,34.3,114233780,FYERS_HISTORY,2026-08-08T23:56:54+05:30
2019-08-22,SMD-0225,TATASTEEL,NSE:TATASTEEL-EQ,33.99,34.7,33.04,33.37,154598000,FYERS_HISTORY,2026-08-08T23:56:54+05:30
2019-08-23,SMD-0225,TATASTEEL,NSE:TATASTEEL-EQ,33.3,34.9,33.03,34.53,112101340,FYERS_HISTORY,2026-08-08T23:56:54+05:30
2019-08-26,SMD-0225,TATASTEEL,NSE:TATASTEEL-EQ,34.64,34.76,32.22,33.81,237649990,FYERS_HISTORY,2026-08-08T23:56:54+05:30
2019-08-27,SMD-0225,TATASTEEL,NSE:TATASTEEL-EQ,34.1,35.47,34.02,35.09,173752960,FYERS_HISTORY,2026-08-08T23:56:54+05:30
2019-08-28,SMD-0225,TATASTEEL,NSE:TATASTEEL-EQ,35.09,35.09,33.34,33.7,126417160,FYERS_HISTORY,2026-08-08T23:56:54+05:30
2019-08-29,SMD-0225,TATASTEEL,NSE:TATASTEEL-EQ,33.4,34.27,32.86,33.56,134813100,FYERS_HISTORY,2026-08-08T23:56:54+05:30
2019-08-30,SMD-0225,TATASTEEL,NSE:TATASTEEL-EQ,34.2,34.75,33.72,34.49,179722070,FYERS_HISTORY,2026-08-08T23:56:54+05:30
2019-09-03,SMD-0225,TATASTEEL,NSE:TATASTEEL-EQ,34.1,34.12,32.9,33.14,92206530,FYERS_HISTORY,2026-08-08T23:56:54+05:30
2019-09-04,SMD-0225,TATASTEEL,NSE:TATASTEEL-EQ,33.14,34.1,32.73,33.92,129047100,FYERS_HISTORY,2026-08-08T23:56:54+05:30
2019-09-05,SMD-0225,TATASTEEL,NSE:TATASTEEL-EQ,34.6,35.2,34.23,34.52,142508850,FYERS_HISTORY,2026-08-08T23:56:54+05:30
2019-09-06,SMD-0225,TATASTEEL,NSE:TATASTEEL-EQ,34.7,35.78,34.28,35.54,115554870,FYERS_HISTORY,2026-08-08T23:56:54+05:30
2019-09-09,SMD-0225,TATASTEEL,NSE:TATASTEEL-EQ,35.54,36.06,34.82,35.38,143296190,FYERS_HISTORY,2026-08-08T23:56:54+05:30
2019-09-11,SMD-0225,TATASTEEL,NSE:TATASTEEL-EQ,35.53,36.87,35.52,36.71,136500270,FYERS_HISTORY,2026-08-08T23:56:54+05:30
2019-09-12,SMD-0225,TATASTEEL,NSE:TATASTEEL-EQ,36.88,37.95,36.3,36.51,188468200,FYERS_HISTORY,2026-08-08T23:56:54+05:30
2019-09-13,SMD-0225,TATASTEEL,NSE:TATASTEEL-EQ,36.7,36.92,35.78,36.74,116222490,FYERS_HISTORY,2026-08-08T23:56:54+05:30
2019-09-16,SMD-0225,TATASTEEL,NSE:TATASTEEL-EQ,36.2,36.64,35.86,36.11,80643190,FYERS_HISTORY,2026-08-08T23:56:54+05:30
2019-09-17,SMD-0225,TATASTEEL,NSE:TATASTEEL-EQ,36.12,36.6,34.21,34.49,131984000,FYERS_HISTORY,2026-08-08T23:56:54+05:30
2019-09-18,SMD-0225,TATASTEEL,NSE:TATASTEEL-EQ,34.8,36.13,34.53,35.83,162531840,FYERS_HISTORY,2026-08-08T23:56:54+05:30
2019-09-19,SMD-0225,TATASTEEL,NSE:TATASTEEL-EQ,35.6,35.6,34.01,34.47,136564950,FYERS_HISTORY,2026-08-08T23:56:54+05:30
2019-09-20,SMD-0225,TATASTEEL,NSE:TATASTEEL-EQ,34.79,38.1,34.41,36.85,267647140,FYERS_HISTORY,2026-08-08T23:56:54+05:30
2019-09-23,SMD-0225,TATASTEEL,NSE:TATASTEEL-EQ,37.76,38.89,36.9,37.74,163931640,FYERS_HISTORY,2026-08-08T23:56:54+05:30
2019-09-24,SMD-0225,TATASTEEL,NSE:TATASTEEL-EQ,37.8,37.93,36.82,37.08,95789890,FYERS_HISTORY,2026-08-08T23:56:54+05:30
2019-09-25,SMD-0225,TATASTEEL,NSE:TATASTEEL-EQ,36.75,36.8,35.76,36.21,91169850,FYERS_HISTORY,2026-08-08T23:56:54+05:30
2019-09-26,SMD-0225,TATASTEEL,NSE:TATASTEEL-EQ,36.5,37.94,36.34,37.58,140661520,FYERS_HISTORY,2026-08-08T23:56:54+05:30
2019-09-27,SMD-0225,TATASTEEL,NSE:TATASTEEL-EQ,37.3,37.35,35.8,35.97,105687770,FYERS_HISTORY,2026-08-08T23:56:54+05:30
2019-09-30,SMD-0225,TATASTEEL,NSE:TATASTEEL-EQ,35.5,36.37,34.56,36.05,147196960,FYERS_HISTORY,2026-08-08T23:56:54+05:30
2019-10-01,SMD-0225,TATASTEEL,NSE:TATASTEEL-EQ,36.2,36.47,34.41,35.16,125641890,FYERS_HISTORY,2026-08-08T23:56:54+05:30
2019-10-03,SMD-0225,TATASTEEL,NSE:TATASTEEL-EQ,34.65,34.89,33.85,33.96,121309560,FYERS_HISTORY,2026-08-08T23:56:54+05:30
2019-10-04,SMD-0225,TATASTEEL,NSE:TATASTEEL-EQ,34.48,34.48,33.11,33.31,114452160,FYERS_HISTORY,2026-08-08T23:56:54+05:30
2019-10-07,SMD-0225,TATASTEEL,NSE:TATASTEEL-EQ,33.49,33.83,32.35,32.48,124157800,FYERS_HISTORY,2026-08-08T23:56:54+05:30
2019-10-09,SMD-0225,TATASTEEL,NSE:TATASTEEL-EQ,32.34,33.8,32.03,33.65,147767410,FYERS_HISTORY,2026-08-08T23:56:54+05:30
2019-10-10,SMD-0225,TATASTEEL,NSE:TATASTEEL-EQ,33.29,33.46,32.8,32.99,115074980,FYERS_HISTORY,2026-08-08T23:56:54+05:30
2019-10-11,SMD-0225,TATASTEEL,NSE:TATASTEEL-EQ,33.5,34.24,33.2,33.9,171588490,FYERS_HISTORY,2026-08-08T23:56:54+05:30
2019-10-14,SMD-0225,TATASTEEL,NSE:TATASTEEL-EQ,34.58,35.28,34.3,34.49,167239630,FYERS_HISTORY,2026-08-08T23:56:54+05:30
2019-10-15,SMD-0225,TATASTEEL,NSE:TATASTEEL-EQ,34.51,35.84,33.87,34.92,179722070,FYERS_HISTORY,2026-08-08T23:56:54+05:30
2019-10-16,SMD-0225,TATASTEEL,NSE:TATASTEEL-EQ,35.38,35.38,34.53,34.74,128143020,FYERS_HISTORY,2026-08-08T23:56:54+05:30
2019-10-17,SMD-0225,TATASTEEL,NSE:TATASTEEL-EQ,34.6,36.14,34.03,35.61,166951580,FYERS_HISTORY,2026-08-08T23:56:54+05:30
2019-10-18,SMD-0225,TATASTEEL,NSE:TATASTEEL-EQ,35.6,36.28,35.17,35.96,165680360,FYERS_HISTORY,2026-08-08T23:56:54+05:30
2019-10-22,SMD-0225,TATASTEEL,NSE:TATASTEEL-EQ,35.75,36.38,35.3,35.45,119442830,FYERS_HISTORY,2026-08-08T23:56:54+05:30
2019-10-23,SMD-0225,TATASTEEL,NSE:TATASTEEL-EQ,35.2,35.88,34.92,35.62,93184500,FYERS_HISTORY,2026-08-08T23:56:54+05:30
2019-10-24,SMD-0225,TATASTEEL,NSE:TATASTEEL-EQ,35.6,36.2,35.38,35.99,109734020,FYERS_HISTORY,2026-08-08T23:56:54+05:30
2019-10-25,SMD-0225,TATASTEEL,NSE:TATASTEEL-EQ,35.63,36.9,35.6,36.23,149966920,FYERS_HISTORY,2026-08-08T23:56:54+05:30
2019-10-27,SMD-0225,TATASTEEL,NSE:TATASTEEL-EQ,36.38,36.56,36.31,36.5,10820160,FYERS_HISTORY,2026-08-08T23:56:54+05:30
2019-10-29,SMD-0225,TATASTEEL,NSE:TATASTEEL-EQ,36.56,39.97,36.56,39.02,251553140,FYERS_HISTORY,2026-08-08T23:56:54+05:30
2019-10-30,SMD-0225,TATASTEEL,NSE:TATASTEEL-EQ,38.99,39.37,38.43,38.8,143714420,FYERS_HISTORY,2026-08-08T23:56:54+05:30
2019-10-31,SMD-0225,TATASTEEL,NSE:TATASTEEL-EQ,38.89,39.01,37.62,38.06,217560230,FYERS_HISTORY,2026-08-08T23:56:54+05:30
2019-11-01,SMD-0225,TATASTEEL,NSE:TATASTEEL-EQ,38.01,40.29,37.8,39.95,241111950,FYERS_HISTORY,2026-08-08T23:56:54+05:30
2019-11-04,SMD-0225,TATASTEEL,NSE:TATASTEEL-EQ,40.3,42.17,40.3,40.92,289344340,FYERS_HISTORY,2026-08-08T23:56:54+05:30
2019-11-05,SMD-0225,TATASTEEL,NSE:TATASTEEL-EQ,41.4,41.79,40.16,40.4,208744340,FYERS_HISTORY,2026-08-08T23:56:54+05:30
2019-11-06,SMD-0225,TATASTEEL,NSE:TATASTEEL-EQ,40.2,40.89,39.87,40.45,179351470,FYERS_HISTORY,2026-08-08T23:56:54+05:30
2019-11-07,SMD-0225,TATASTEEL,NSE:TATASTEEL-EQ,40.4,40.89,38.88,40.31,407007600,FYERS_HISTORY,2026-08-08T23:56:54+05:30
2019-11-08,SMD-0225,TATASTEEL,NSE:TATASTEEL-EQ,40.15,40.62,39.51,39.8,214235200,FYERS_HISTORY,2026-08-08T23:56:54+05:30
2019-11-11,SMD-0225,TATASTEEL,NSE:TATASTEEL-EQ,39.55,40.38,39.4,40.15,135739740,FYERS_HISTORY,2026-08-08T23:56:54+05:30
2019-11-13,SMD-0225,TATASTEEL,NSE:TATASTEEL-EQ,40.09,40.89,39.27,39.79,175114690,FYERS_HISTORY,2026-08-08T23:56:54+05:30
2019-11-14,SMD-0225,TATASTEEL,NSE:TATASTEEL-EQ,39.61,39.87,38.94,39.2,108694250,FYERS_HISTORY,2026-08-08T23:56:54+05:30
2019-11-15,SMD-0225,TATASTEEL,NSE:TATASTEEL-EQ,39.2,40.3,39.06,39.45,118132590,FYERS_HISTORY,2026-08-08T23:56:54+05:30
2019-11-18,SMD-0225,TATASTEEL,NSE:TATASTEEL-EQ,39.64,41.26,39.6,41.01,189065280,FYERS_HISTORY,2026-08-08T23:56:54+05:30
2019-11-19,SMD-0225,TATASTEEL,NSE:TATASTEEL-EQ,41.4,41.49,40.0,40.17,142650830,FYERS_HISTORY,2026-08-08T23:56:54+05:30
2019-11-20,SMD-0225,TATASTEEL,NSE:TATASTEEL-EQ,40.1,40.85,39.73,39.87,122556020,FYERS_HISTORY,2026-08-08T23:56:54+05:30
2019-11-21,SMD-0225,TATASTEEL,NSE:TATASTEEL-EQ,39.9,39.92,38.33,38.51,102085540,FYERS_HISTORY,2026-08-08T23:56:54+05:30
2019-11-22,SMD-0225,TATASTEEL,NSE:TATASTEEL-EQ,38.6,40.28,38.31,40.0,172719490,FYERS_HISTORY,2026-08-08T23:56:54+05:30
2019-11-25,SMD-0225,TATASTEEL,NSE:TATASTEEL-EQ,40.53,42.1,40.3,41.95,276124580,FYERS_HISTORY,2026-08-08T23:56:54+05:30
2019-11-26,SMD-0225,TATASTEEL,NSE:TATASTEEL-EQ,42.5,42.93,41.68,42.42,282763120,FYERS_HISTORY,2026-08-08T23:56:54+05:30
2019-11-27,SMD-0225,TATASTEEL,NSE:TATASTEEL-EQ,42.53,42.7,41.92,42.14,109846790,FYERS_HISTORY,2026-08-08T23:56:54+05:30
2019-11-28,SMD-0225,TATASTEEL,NSE:TATASTEEL-EQ,42.22,43.43,42.22,43.21,157660730,FYERS_HISTORY,2026-08-08T23:56:54+05:30
2019-11-29,SMD-0225,TATASTEEL,NSE:TATASTEEL-EQ,42.75,42.95,42.11,42.75,126319560,FYERS_HISTORY,2026-08-08T23:56:54+05:30
2019-12-02,SMD-0225,TATASTEEL,NSE:TATASTEEL-EQ,42.5,42.7,41.9,42.09,83371710,FYERS_HISTORY,2026-08-08T23:56:54+05:30
2019-12-03,SMD-0225,TATASTEEL,NSE:TATASTEEL-EQ,41.8,41.86,39.64,39.97,168706560,FYERS_HISTORY,2026-08-08T23:56:54+05:30
2019-12-04,SMD-0225,TATASTEEL,NSE:TATASTEEL-EQ,39.28,41.15,38.9,40.93,261132490,FYERS_HISTORY,2026-08-08T23:56:54+05:30
2019-12-05,SMD-0225,TATASTEEL,NSE:TATASTEEL-EQ,41.11,41.19,39.71,39.98,111108840,FYERS_HISTORY,2026-08-08T23:56:54+05:30
2019-12-06,SMD-0225,TATASTEEL,NSE:TATASTEEL-EQ,40.15,40.75,39.39,40.33,169310820,FYERS_HISTORY,2026-08-08T23:56:54+05:30
2019-12-09,SMD-0225,TATASTEEL,NSE:TATASTEEL-EQ,40.3,41.18,40.2,40.67,123184520,FYERS_HISTORY,2026-08-08T23:56:54+05:30
2019-12-10,SMD-0225,TATASTEEL,NSE:TATASTEEL-EQ,40.5,40.96,40.02,40.21,93495850,FYERS_HISTORY,2026-08-08T23:56:54+05:30
2019-12-11,SMD-0225,TATASTEEL,NSE:TATASTEEL-EQ,40.24,40.82,40.03,40.56,82278630,FYERS_HISTORY,2026-08-08T23:56:54+05:30
2019-12-12,SMD-0225,TATASTEEL,NSE:TATASTEEL-EQ,40.83,42.09,40.68,41.87,149846710,FYERS_HISTORY,2026-08-08T23:56:54+05:30
2019-12-13,SMD-0225,TATASTEEL,NSE:TATASTEEL-EQ,43.03,43.46,42.35,42.84,216281830,FYERS_HISTORY,2026-08-08T23:56:54+05:30
2019-12-16,SMD-0225,TATASTEEL,NSE:TATASTEEL-EQ,43.2,43.2,42.02,42.1,95658310,FYERS_HISTORY,2026-08-08T23:56:54+05:30
2019-12-17,SMD-0225,TATASTEEL,NSE:TATASTEEL-EQ,42.36,44.19,42.31,43.94,307577380,FYERS_HISTORY,2026-08-08T23:56:54+05:30
2019-12-18,SMD-0225,TATASTEEL,NSE:TATASTEEL-EQ,43.94,45.48,43.61,44.48,400283980,FYERS_HISTORY,2026-08-08T23:56:54+05:30
2019-12-19,SMD-0225,TATASTEEL,NSE:TATASTEEL-EQ,44.0,44.94,43.8,44.68,205472860,FYERS_HISTORY,2026-08-08T23:56:54+05:30
2019-12-20,SMD-0225,TATASTEEL,NSE:TATASTEEL-EQ,44.6,46.34,44.31,46.1,269312620,FYERS_HISTORY,2026-08-08T23:56:54+05:30
2019-12-23,SMD-0225,TATASTEEL,NSE:TATASTEEL-EQ,46.1,46.75,45.71,46.22,186311430,FYERS_HISTORY,2026-08-08T23:56:54+05:30
2019-12-24,SMD-0225,TATASTEEL,NSE:TATASTEEL-EQ,46.22,46.47,45.94,46.3,112355050,FYERS_HISTORY,2026-08-08T23:56:54+05:30
2019-12-26,SMD-0225,TATASTEEL,NSE:TATASTEEL-EQ,46.3,47.2,46.3,46.79,182556030,FYERS_HISTORY,2026-08-08T23:56:54+05:30
2019-12-27,SMD-0225,TATASTEEL,NSE:TATASTEEL-EQ,46.93,47.18,46.32,46.95,111443330,FYERS_HISTORY,2026-08-08T23:56:55+05:30
2019-12-30,SMD-0225,TATASTEEL,NSE:TATASTEEL-EQ,47.01,47.63,46.51,47.48,114620740,FYERS_HISTORY,2026-08-08T23:56:55+05:30
2019-12-31,SMD-0225,TATASTEEL,NSE:TATASTEEL-EQ,47.27,47.53,46.95,47.21,96441450,FYERS_HISTORY,2026-08-08T23:56:55+05:30
2020-01-01,SMD-0225,TATASTEEL,NSE:TATASTEEL-EQ,47.3,47.65,46.48,46.78,121005300,FYERS_HISTORY,2026-08-08T23:56:55+05:30
2020-01-02,SMD-0225,TATASTEEL,NSE:TATASTEEL-EQ,47.2,48.78,47.2,48.49,216749610,FYERS_HISTORY,2026-08-08T23:56:55+05:30
2020-01-03,SMD-0225,TATASTEEL,NSE:TATASTEEL-EQ,48.3,48.62,47.95,48.37,129568630,FYERS_HISTORY,2026-08-08T23:56:55+05:30
2020-01-06,SMD-0225,TATASTEEL,NSE:TATASTEEL-EQ,48.0,48.0,47.06,47.33,96016080,FYERS_HISTORY,2026-08-08T23:56:55+05:30
2020-01-07,SMD-0225,TATASTEEL,NSE:TATASTEEL-EQ,47.55,48.46,47.36,47.61,131957880,FYERS_HISTORY,2026-08-08T23:56:55+05:30
2020-01-08,SMD-0225,TATASTEEL,NSE:TATASTEEL-EQ,47.17,47.82,46.7,47.53,133048410,FYERS_HISTORY,2026-08-08T23:56:55+05:30
2020-01-09,SMD-0225,TATASTEEL,NSE:TATASTEEL-EQ,48.5,48.6,47.91,48.32,101311520,FYERS_HISTORY,2026-08-08T23:56:55+05:30
2020-01-10,SMD-0225,TATASTEEL,NSE:TATASTEEL-EQ,48.55,49.39,48.0,48.62,159276340,FYERS_HISTORY,2026-08-08T23:56:55+05:30
2020-01-13,SMD-0225,TATASTEEL,NSE:TATASTEEL-EQ,49.11,49.7,48.78,49.58,109427500,FYERS_HISTORY,2026-08-08T23:56:55+05:30
2020-01-14,SMD-0225,TATASTEEL,NSE:TATASTEEL-EQ,49.65,50.6,49.58,49.86,156608220,FYERS_HISTORY,2026-08-08T23:56:55+05:30
2020-01-15,SMD-0225,TATASTEEL,NSE:TATASTEEL-EQ,49.19,50.36,48.92,50.21,121179480,FYERS_HISTORY,2026-08-08T23:56:55+05:30
2020-01-16,SMD-0225,TATASTEEL,NSE:TATASTEEL-EQ,50.2,50.41,49.21,49.44,104383690,FYERS_HISTORY,2026-08-08T23:56:55+05:30
2020-01-17,SMD-0225,TATASTEEL,NSE:TATASTEEL-EQ,49.33,49.89,49.19,49.53,56824600,FYERS_HISTORY,2026-08-08T23:56:55+05:30
2020-01-20,SMD-0225,TATASTEEL,NSE:TATASTEEL-EQ,49.7,49.98,48.92,49.07,72918780,FYERS_HISTORY,2026-08-08T23:56:55+05:30
2020-01-21,SMD-0225,TATASTEEL,NSE:TATASTEEL-EQ,48.78,48.78,47.35,47.62,113158030,FYERS_HISTORY,2026-08-08T23:56:55+05:30
2020-01-22,SMD-0225,TATASTEEL,NSE:TATASTEEL-EQ,47.87,47.99,47.32,47.51,76621710,FYERS_HISTORY,2026-08-08T23:56:55+05:30
2020-01-23,SMD-0225,TATASTEEL,NSE:TATASTEEL-EQ,47.59,48.19,47.32,48.03,72000200,FYERS_HISTORY,2026-08-08T23:56:55+05:30
2020-01-24,SMD-0225,TATASTEEL,NSE:TATASTEEL-EQ,48.03,48.51,47.65,48.34,74811300,FYERS_HISTORY,2026-08-08T23:56:55+05:30
2020-01-27,SMD-0225,TATASTEEL,NSE:TATASTEEL-EQ,47.78,47.78,46.01,46.25,129631190,FYERS_HISTORY,2026-08-08T23:56:55+05:30
2020-01-28,SMD-0225,TATASTEEL,NSE:TATASTEEL-EQ,46.0,46.2,44.2,44.63,180152830,FYERS_HISTORY,2026-08-08T23:56:55+05:30
2020-01-29,SMD-0225,TATASTEEL,NSE:TATASTEEL-EQ,45.28,45.97,44.96,45.22,110818340,FYERS_HISTORY,2026-08-08T23:56:55+05:30
2020-01-30,SMD-0225,TATASTEEL,NSE:TATASTEEL-EQ,45.19,45.45,44.14,44.86,146520160,FYERS_HISTORY,2026-08-08T23:56:55+05:30
2020-01-31,SMD-0225,TATASTEEL,NSE:TATASTEEL-EQ,45.3,45.43,43.65,43.87,107387270,FYERS_HISTORY,2026-08-08T23:56:55+05:30
2020-02-01,SMD-0225,TATASTEEL,NSE:TATASTEEL-EQ,43.15,44.0,42.01,42.38,129152120,FYERS_HISTORY,2026-08-08T23:56:55+05:30
2020-02-03,SMD-0225,TATASTEEL,NSE:TATASTEEL-EQ,41.8,43.9,41.66,43.61,162371260,FYERS_HISTORY,2026-08-08T23:56:55+05:30
2020-02-04,SMD-0225,TATASTEEL,NSE:TATASTEEL-EQ,44.2,45.34,43.35,45.19,133362630,FYERS_HISTORY,2026-08-08T23:56:55+05:30
2020-02-05,SMD-0225,TATASTEEL,NSE:TATASTEEL-EQ,45.23,47.97,44.8,47.51,160567650,FYERS_HISTORY,2026-08-08T23:56:55+05:30
2020-02-06,SMD-0225,TATASTEEL,NSE:TATASTEEL-EQ,47.8,48.73,47.16,47.76,166660740,FYERS_HISTORY,2026-08-08T23:56:55+05:30
2020-02-07,SMD-0225,TATASTEEL,NSE:TATASTEEL-EQ,47.57,47.97,46.89,47.1,116499090,FYERS_HISTORY,2026-08-08T23:56:55+05:30
2020-02-10,SMD-0225,TATASTEEL,NSE:TATASTEEL-EQ,46.03,46.33,44.0,44.38,267960480,FYERS_HISTORY,2026-08-08T23:56:55+05:30
2020-02-11,SMD-0225,TATASTEEL,NSE:TATASTEEL-EQ,44.84,45.77,44.27,44.41,168243710,FYERS_HISTORY,2026-08-08T23:56:55+05:30
2020-02-12,SMD-0225,TATASTEEL,NSE:TATASTEEL-EQ,45.0,45.45,44.26,44.8,117858580,FYERS_HISTORY,2026-08-08T23:56:55+05:30
2020-02-13,SMD-0225,TATASTEEL,NSE:TATASTEEL-EQ,44.88,45.17,43.94,44.13,99652210,FYERS_HISTORY,2026-08-08T23:56:55+05:30
2020-02-14,SMD-0225,TATASTEEL,NSE:TATASTEEL-EQ,44.1,44.56,43.34,43.46,94848170,FYERS_HISTORY,2026-08-08T23:56:55+05:30
2020-02-17,SMD-0225,TATASTEEL,NSE:TATASTEEL-EQ,43.55,44.09,43.3,43.69,97247650,FYERS_HISTORY,2026-08-08T23:56:55+05:30
2020-02-18,SMD-0225,TATASTEEL,NSE:TATASTEEL-EQ,43.4,43.52,42.13,43.14,115024230,FYERS_HISTORY,2026-08-08T23:56:55+05:30
2020-02-19,SMD-0225,TATASTEEL,NSE:TATASTEEL-EQ,43.65,43.85,42.82,43.32,84651090,FYERS_HISTORY,2026-08-08T23:56:55+05:30
2020-02-20,SMD-0225,TATASTEEL,NSE:TATASTEEL-EQ,42.9,44.77,42.8,44.36,129802370,FYERS_HISTORY,2026-08-08T23:56:55+05:30
2020-02-24,SMD-0225,TATASTEEL,NSE:TATASTEEL-EQ,43.49,43.49,41.34,41.55,175231420,FYERS_HISTORY,2026-08-08T23:56:55+05:30
2020-02-25,SMD-0225,TATASTEEL,NSE:TATASTEEL-EQ,41.9,42.56,41.44,42.13,145581760,FYERS_HISTORY,2026-08-08T23:56:55+05:30
2020-02-26,SMD-0225,TATASTEEL,NSE:TATASTEEL-EQ,41.13,41.94,41.13,41.63,142707060,FYERS_HISTORY,2026-08-08T23:56:55+05:30
2020-02-27,SMD-0225,TATASTEEL,NSE:TATASTEEL-EQ,41.49,41.59,40.71,41.28,102263790,FYERS_HISTORY,2026-08-08T23:56:55+05:30
2020-02-28,SMD-0225,TATASTEEL,NSE:TATASTEEL-EQ,39.87,39.9,37.5,38.17,245328330,FYERS_HISTORY,2026-08-08T23:56:55+05:30
2020-03-02,SMD-0225,TATASTEEL,NSE:TATASTEEL-EQ,39.37,39.4,35.8,36.41,202207720,FYERS_HISTORY,2026-08-08T23:56:55+05:30
2020-03-03,SMD-0225,TATASTEEL,NSE:TATASTEEL-EQ,37.35,39.1,37.01,38.76,186489330,FYERS_HISTORY,2026-08-08T23:56:55+05:30
2020-03-04,SMD-0225,TATASTEEL,NSE:TATASTEEL-EQ,38.81,38.99,36.51,37.72,229371480,FYERS_HISTORY,2026-08-08T23:56:55+05:30
2020-03-05,SMD-0225,TATASTEEL,NSE:TATASTEEL-EQ,38.4,38.78,37.43,37.58,146284680,FYERS_HISTORY,2026-08-08T23:56:55+05:30
2020-03-06,SMD-0225,TATASTEEL,NSE:TATASTEEL-EQ,35.7,35.83,34.67,35.15,148481880,FYERS_HISTORY,2026-08-08T23:56:55+05:30
2020-03-09,SMD-0225,TATASTEEL,NSE:TATASTEEL-EQ,33.75,33.77,31.98,32.23,204238260,FYERS_HISTORY,2026-08-08T23:56:55+05:30
2020-03-11,SMD-0225,TATASTEEL,NSE:TATASTEEL-EQ,32.4,32.6,29.61,29.98,286937090,FYERS_HISTORY,2026-08-08T23:56:55+05:30
2020-03-12,SMD-0225,TATASTEEL,NSE:TATASTEEL-EQ,27.5,29.18,26.72,28.75,437677630,FYERS_HISTORY,2026-08-08T23:56:55+05:30
2020-03-13,SMD-0225,TATASTEEL,NSE:TATASTEEL-EQ,27.0,33.21,25.54,32.67,338423100,FYERS_HISTORY,2026-08-08T23:56:55+05:30
2020-03-16,SMD-0225,TATASTEEL,NSE:TATASTEEL-EQ,30.4,31.77,28.71,28.96,236064520,FYERS_HISTORY,2026-08-08T23:56:55+05:30
2020-03-17,SMD-0225,TATASTEEL,NSE:TATASTEEL-EQ,30.0,30.77,28.05,28.28,206546030,FYERS_HISTORY,2026-08-08T23:56:55+05:30
2020-03-18,SMD-0225,TATASTEEL,NSE:TATASTEEL-EQ,29.0,29.32,27.57,28.09,187726750,FYERS_HISTORY,2026-08-08T23:56:55+05:30
2020-03-19,SMD-0225,TATASTEEL,NSE:TATASTEEL-EQ,26.9,28.45,26.05,27.19,187232570,FYERS_HISTORY,2026-08-08T23:56:55+05:30
2020-03-20,SMD-0225,TATASTEEL,NSE:TATASTEEL-EQ,27.97,30.5,27.42,29.78,173078820,FYERS_HISTORY,2026-08-08T23:56:55+05:30
2020-03-23,SMD-0225,TATASTEEL,NSE:TATASTEEL-EQ,26.8,27.8,25.36,27.12,121006840,FYERS_HISTORY,2026-08-08T23:56:55+05:30
2020-03-24,SMD-0225,TATASTEEL,NSE:TATASTEEL-EQ,27.71,28.57,25.86,27.19,129288770,FYERS_HISTORY,2026-08-08T23:56:55+05:30
2020-03-25,SMD-0225,TATASTEEL,NSE:TATASTEEL-EQ,26.71,29.5,26.71,28.68,94428340,FYERS_HISTORY,2026-08-08T23:56:55+05:30
2020-03-26,SMD-0225,TATASTEEL,NSE:TATASTEEL-EQ,29.0,29.55,28.01,28.45,114938370,FYERS_HISTORY,2026-08-08T23:56:55+05:30
2020-03-27,SMD-0225,TATASTEEL,NSE:TATASTEEL-EQ,29.1,29.53,27.42,27.73,111841390,FYERS_HISTORY,2026-08-08T23:56:55+05:30
2020-03-30,SMD-0225,TATASTEEL,NSE:TATASTEEL-EQ,26.7,27.08,25.09,25.41,158537610,FYERS_HISTORY,2026-08-08T23:56:55+05:30
2020-03-31,SMD-0225,TATASTEEL,NSE:TATASTEEL-EQ,26.23,27.25,25.97,26.96,157874110,FYERS_HISTORY,2026-08-08T23:56:55+05:30
2020-04-01,SMD-0225,TATASTEEL,NSE:TATASTEEL-EQ,26.6,26.8,25.81,26.64,119650310,FYERS_HISTORY,2026-08-08T23:56:55+05:30
2020-04-03,SMD-0225,TATASTEEL,NSE:TATASTEEL-EQ,26.77,26.89,25.1,25.38,125280300,FYERS_HISTORY,2026-08-08T23:56:55+05:30
2020-04-07,SMD-0225,TATASTEEL,NSE:TATASTEEL-EQ,26.61,27.77,26.12,27.62,159568730,FYERS_HISTORY,2026-08-08T23:56:55+05:30
2020-04-08,SMD-0225,TATASTEEL,NSE:TATASTEEL-EQ,27.1,29.29,26.67,27.48,204351560,FYERS_HISTORY,2026-08-08T23:56:55+05:30
2020-04-09,SMD-0225,TATASTEEL,NSE:TATASTEEL-EQ,28.05,28.96,27.77,28.49,138557880,FYERS_HISTORY,2026-08-08T23:56:55+05:30
2020-04-13,SMD-0225,TATASTEEL,NSE:TATASTEEL-EQ,28.5,29.2,27.39,28.26,155105980,FYERS_HISTORY,2026-08-08T23:56:55+05:30
2020-04-15,SMD-0225,TATASTEEL,NSE:TATASTEEL-EQ,28.74,29.57,28.19,28.52,209919430,FYERS_HISTORY,2026-08-08T23:56:55+05:30
2020-04-16,SMD-0225,TATASTEEL,NSE:TATASTEEL-EQ,27.6,29.19,27.6,28.89,172488060,FYERS_HISTORY,2026-08-08T23:56:55+05:30
2020-04-17,SMD-0225,TATASTEEL,NSE:TATASTEEL-EQ,29.75,29.97,28.55,29.34,174928840,FYERS_HISTORY,2026-08-08T23:56:55+05:30
2020-04-20,SMD-0225,TATASTEEL,NSE:TATASTEEL-EQ,29.48,29.5,28.51,28.64,119613550,FYERS_HISTORY,2026-08-08T23:56:55+05:30
2020-04-21,SMD-0225,TATASTEEL,NSE:TATASTEEL-EQ,28.01,28.1,26.33,26.6,169254170,FYERS_HISTORY,2026-08-08T23:56:55+05:30
2020-04-22,SMD-0225,TATASTEEL,NSE:TATASTEEL-EQ,26.61,26.99,25.92,26.84,147898570,FYERS_HISTORY,2026-08-08T23:56:55+05:30
2020-04-23,SMD-0225,TATASTEEL,NSE:TATASTEEL-EQ,27.0,27.9,26.9,27.03,154681220,FYERS_HISTORY,2026-08-08T23:56:55+05:30
2020-04-24,SMD-0225,TATASTEEL,NSE:TATASTEEL-EQ,26.63,27.39,26.45,26.76,123838460,FYERS_HISTORY,2026-08-08T23:56:55+05:30
2020-04-27,SMD-0225,TATASTEEL,NSE:TATASTEEL-EQ,27.4,27.69,27.05,27.17,124108120,FYERS_HISTORY,2026-08-08T23:56:55+05:30
2020-04-28,SMD-0225,TATASTEEL,NSE:TATASTEEL-EQ,27.39,27.54,26.96,27.36,85481340,FYERS_HISTORY,2026-08-08T23:56:55+05:30
2020-04-29,SMD-0225,TATASTEEL,NSE:TATASTEEL-EQ,27.3,28.62,27.13,28.27,198766960,FYERS_HISTORY,2026-08-08T23:56:55+05:30
2020-04-30,SMD-0225,TATASTEEL,NSE:TATASTEEL-EQ,29.0,30.45,28.87,29.83,236360820,FYERS_HISTORY,2026-08-08T23:56:55+05:30
2020-05-04,SMD-0225,TATASTEEL,NSE:TATASTEEL-EQ,28.5,28.62,27.01,27.36,128921580,FYERS_HISTORY,2026-08-08T23:56:55+05:30
2020-05-05,SMD-0225,TATASTEEL,NSE:TATASTEEL-EQ,27.9,28.24,27.1,27.27,121823550,FYERS_HISTORY,2026-08-08T23:56:55+05:30
2020-05-06,SMD-0225,TATASTEEL,NSE:TATASTEEL-EQ,27.41,28.05,27.21,27.78,95077310,FYERS_HISTORY,2026-08-08T23:56:55+05:30
2020-05-07,SMD-0225,TATASTEEL,NSE:TATASTEEL-EQ,27.55,28.29,27.47,27.59,89584110,FYERS_HISTORY,2026-08-08T23:56:55+05:30
2020-05-08,SMD-0225,TATASTEEL,NSE:TATASTEEL-EQ,28.28,28.4,27.2,27.29,98782130,FYERS_HISTORY,2026-08-08T23:56:55+05:30
2020-05-11,SMD-0225,TATASTEEL,NSE:TATASTEEL-EQ,27.56,28.3,27.5,27.62,109074080,FYERS_HISTORY,2026-08-08T23:56:55+05:30
2020-05-12,SMD-0225,TATASTEEL,NSE:TATASTEEL-EQ,27.33,27.68,26.45,27.4,150403340,FYERS_HISTORY,2026-08-08T23:56:55+05:30
2020-05-13,SMD-0225,TATASTEEL,NSE:TATASTEEL-EQ,28.75,28.8,27.35,27.66,147237480,FYERS_HISTORY,2026-08-08T23:56:55+05:30
2020-05-14,SMD-0225,TATASTEEL,NSE:TATASTEEL-EQ,27.2,27.52,26.73,26.86,107969590,FYERS_HISTORY,2026-08-08T23:56:55+05:30
2020-05-15,SMD-0225,TATASTEEL,NSE:TATASTEEL-EQ,27.0,27.68,26.88,27.35,149914580,FYERS_HISTORY,2026-08-08T23:56:55+05:30
2020-05-18,SMD-0225,TATASTEEL,NSE:TATASTEEL-EQ,27.41,27.62,26.25,26.66,116160800,FYERS_HISTORY,2026-08-08T23:56:55+05:30
2020-05-19,SMD-0225,TATASTEEL,NSE:TATASTEEL-EQ,27.2,28.04,26.75,27.2,168971730,FYERS_HISTORY,2026-08-08T23:56:55+05:30
2020-05-20,SMD-0225,TATASTEEL,NSE:TATASTEEL-EQ,27.2,28.4,27.01,28.32,144236570,FYERS_HISTORY,2026-08-08T23:56:55+05:30
2020-05-21,SMD-0225,TATASTEEL,NSE:TATASTEEL-EQ,28.39,28.63,27.85,28.37,130358810,FYERS_HISTORY,2026-08-08T23:56:55+05:30
2020-05-22,SMD-0225,TATASTEEL,NSE:TATASTEEL-EQ,27.9,28.03,27.33,27.45,106569110,FYERS_HISTORY,2026-08-08T23:56:55+05:30
2020-05-26,SMD-0225,TATASTEEL,NSE:TATASTEEL-EQ,27.75,28.44,27.7,28.05,121087400,FYERS_HISTORY,2026-08-08T23:56:55+05:30
2020-05-27,SMD-0225,TATASTEEL,NSE:TATASTEEL-EQ,28.22,29.04,27.91,28.8,140075620,FYERS_HISTORY,2026-08-08T23:56:55+05:30
2020-05-28,SMD-0225,TATASTEEL,NSE:TATASTEEL-EQ,29.19,29.86,28.94,29.55,166024620,FYERS_HISTORY,2026-08-08T23:56:55+05:30
2020-05-29,SMD-0225,TATASTEEL,NSE:TATASTEEL-EQ,29.21,29.69,28.79,29.52,131280270,FYERS_HISTORY,2026-08-08T23:56:55+05:30
2020-06-01,SMD-0225,TATASTEEL,NSE:TATASTEEL-EQ,30.2,31.78,30.2,31.52,243846330,FYERS_HISTORY,2026-08-08T23:56:55+05:30
2020-06-02,SMD-0225,TATASTEEL,NSE:TATASTEEL-EQ,31.8,32.35,31.46,31.94,165632670,FYERS_HISTORY,2026-08-08T23:56:55+05:30
2020-06-03,SMD-0225,TATASTEEL,NSE:TATASTEEL-EQ,32.55,32.63,31.51,31.74,103871360,FYERS_HISTORY,2026-08-08T23:56:55+05:30
2020-06-04,SMD-0225,TATASTEEL,NSE:TATASTEEL-EQ,31.69,32.26,31.46,32.0,112513310,FYERS_HISTORY,2026-08-08T23:56:55+05:30
2020-06-05,SMD-0225,TATASTEEL,NSE:TATASTEEL-EQ,32.58,34.37,32.51,33.9,309184950,FYERS_HISTORY,2026-08-08T23:56:55+05:30
2020-06-08,SMD-0225,TATASTEEL,NSE:TATASTEEL-EQ,34.77,35.08,32.74,33.36,164818090,FYERS_HISTORY,2026-08-08T23:56:55+05:30
2020-06-09,SMD-0225,TATASTEEL,NSE:TATASTEEL-EQ,33.6,34.4,32.89,33.22,149268620,FYERS_HISTORY,2026-08-08T23:56:55+05:30
2020-06-10,SMD-0225,TATASTEEL,NSE:TATASTEEL-EQ,33.11,33.15,32.2,32.4,172188930,FYERS_HISTORY,2026-08-08T23:56:55+05:30
2020-06-11,SMD-0225,TATASTEEL,NSE:TATASTEEL-EQ,32.2,32.35,31.1,31.32,139069850,FYERS_HISTORY,2026-08-08T23:56:55+05:30
2020-06-12,SMD-0225,TATASTEEL,NSE:TATASTEEL-EQ,30.0,32.05,30.0,31.76,175580100,FYERS_HISTORY,2026-08-08T23:56:55+05:30
2020-06-15,SMD-0225,TATASTEEL,NSE:TATASTEEL-EQ,31.38,31.5,30.26,30.62,185829270,FYERS_HISTORY,2026-08-08T23:56:55+05:30
2020-06-16,SMD-0225,TATASTEEL,NSE:TATASTEEL-EQ,31.51,32.26,30.13,30.9,234420270,FYERS_HISTORY,2026-08-08T23:56:55+05:30
2020-06-17,SMD-0225,TATASTEEL,NSE:TATASTEEL-EQ,30.72,31.48,30.51,30.82,114474110,FYERS_HISTORY,2026-08-08T23:56:55+05:30
2020-06-18,SMD-0225,TATASTEEL,NSE:TATASTEEL-EQ,30.82,31.92,30.71,31.81,113692780,FYERS_HISTORY,2026-08-08T23:56:55+05:30
2020-06-19,SMD-0225,TATASTEEL,NSE:TATASTEEL-EQ,32.1,32.59,31.73,32.06,151346930,FYERS_HISTORY,2026-08-08T23:56:55+05:30
2020-06-22,SMD-0225,TATASTEEL,NSE:TATASTEEL-EQ,31.98,32.8,31.84,32.57,110313850,FYERS_HISTORY,2026-08-08T23:56:55+05:30
2020-06-23,SMD-0225,TATASTEEL,NSE:TATASTEEL-EQ,32.77,33.35,32.62,33.2,125511540,FYERS_HISTORY,2026-08-08T23:56:55+05:30
2020-06-24,SMD-0225,TATASTEEL,NSE:TATASTEEL-EQ,33.66,33.82,32.48,32.6,207829560,FYERS_HISTORY,2026-08-08T23:56:55+05:30
2020-06-25,SMD-0225,TATASTEEL,NSE:TATASTEEL-EQ,32.2,32.74,32.1,32.31,113457280,FYERS_HISTORY,2026-08-08T23:56:55+05:30
2020-06-26,SMD-0225,TATASTEEL,NSE:TATASTEEL-EQ,32.58,32.99,32.26,32.39,97063350,FYERS_HISTORY,2026-08-08T23:56:55+05:30
2020-06-29,SMD-0225,TATASTEEL,NSE:TATASTEEL-EQ,32.3,32.6,31.21,32.09,119611980,FYERS_HISTORY,2026-08-08T23:56:55+05:30
2020-06-30,SMD-0225,TATASTEEL,NSE:TATASTEEL-EQ,32.31,33.77,32.31,32.67,365236470,FYERS_HISTORY,2026-08-08T23:56:55+05:30
2020-07-01,SMD-0225,TATASTEEL,NSE:TATASTEEL-EQ,32.9,32.96,32.03,32.37,104895330,FYERS_HISTORY,2026-08-08T23:56:55+05:30
2020-07-02,SMD-0225,TATASTEEL,NSE:TATASTEEL-EQ,32.71,33.75,32.46,33.49,119719280,FYERS_HISTORY,2026-08-08T23:56:55+05:30
2020-07-03,SMD-0225,TATASTEEL,NSE:TATASTEEL-EQ,33.7,33.7,32.74,32.99,106127300,FYERS_HISTORY,2026-08-08T23:56:55+05:30
2020-07-06,SMD-0225,TATASTEEL,NSE:TATASTEEL-EQ,33.32,34.17,33.03,33.89,141442080,FYERS_HISTORY,2026-08-08T23:56:55+05:30
2020-07-07,SMD-0225,TATASTEEL,NSE:TATASTEEL-EQ,33.88,33.89,32.81,33.03,108395210,FYERS_HISTORY,2026-08-08T23:56:55+05:30
2020-07-08,SMD-0225,TATASTEEL,NSE:TATASTEEL-EQ,33.28,34.64,33.2,33.42,215611680,FYERS_HISTORY,2026-08-08T23:56:55+05:30
2020-07-09,SMD-0225,TATASTEEL,NSE:TATASTEEL-EQ,33.7,34.85,33.65,34.45,244038060,FYERS_HISTORY,2026-08-08T23:56:55+05:30
2020-07-10,SMD-0225,TATASTEEL,NSE:TATASTEEL-EQ,34.2,34.43,33.52,33.87,125269090,FYERS_HISTORY,2026-08-08T23:56:55+05:30
2020-07-13,SMD-0225,TATASTEEL,NSE:TATASTEEL-EQ,34.33,34.7,33.85,34.21,121150020,FYERS_HISTORY,2026-08-08T23:56:55+05:30
2020-07-14,SMD-0225,TATASTEEL,NSE:TATASTEEL-EQ,33.9,33.9,33.26,33.67,83070890,FYERS_HISTORY,2026-08-08T23:56:55+05:30
2020-07-15,SMD-0225,TATASTEEL,NSE:TATASTEEL-EQ,34.07,34.65,33.8,33.93,96876630,FYERS_HISTORY,2026-08-08T23:56:55+05:30
2020-07-16,SMD-0225,TATASTEEL,NSE:TATASTEEL-EQ,33.8,34.65,33.16,34.17,105861060,FYERS_HISTORY,2026-08-08T23:56:55+05:30
2020-07-17,SMD-0225,TATASTEEL,NSE:TATASTEEL-EQ,34.6,35.68,34.52,35.1,244169750,FYERS_HISTORY,2026-08-08T23:56:55+05:30
2020-07-20,SMD-0225,TATASTEEL,NSE:TATASTEEL-EQ,35.11,35.47,34.66,35.24,95328170,FYERS_HISTORY,2026-08-08T23:56:55+05:30
2020-07-21,SMD-0225,TATASTEEL,NSE:TATASTEEL-EQ,35.6,36.06,34.95,35.92,113682750,FYERS_HISTORY,2026-08-08T23:56:55+05:30
2020-07-22,SMD-0225,TATASTEEL,NSE:TATASTEEL-EQ,36.05,36.29,34.66,35.01,178442370,FYERS_HISTORY,2026-08-08T23:56:55+05:30
2020-07-23,SMD-0225,TATASTEEL,NSE:TATASTEEL-EQ,35.01,35.64,34.77,35.19,96252770,FYERS_HISTORY,2026-08-08T23:56:55+05:30
2020-07-24,SMD-0225,TATASTEEL,NSE:TATASTEEL-EQ,34.7,34.98,34.26,34.61,89189400,FYERS_HISTORY,2026-08-08T23:56:55+05:30
2020-07-27,SMD-0225,TATASTEEL,NSE:TATASTEEL-EQ,35.1,35.39,34.42,35.28,118356280,FYERS_HISTORY,2026-08-08T23:56:55+05:30
2020-07-28,SMD-0225,TATASTEEL,NSE:TATASTEEL-EQ,35.36,36.0,35.28,35.85,106403270,FYERS_HISTORY,2026-08-08T23:56:55+05:30
2020-07-29,SMD-0225,TATASTEEL,NSE:TATASTEEL-EQ,35.9,37.85,35.62,37.38,301161310,FYERS_HISTORY,2026-08-08T23:56:55+05:30
2020-07-30,SMD-0225,TATASTEEL,NSE:TATASTEEL-EQ,37.7,37.78,36.41,36.66,103990750,FYERS_HISTORY,2026-08-08T23:56:55+05:30
2020-07-31,SMD-0225,TATASTEEL,NSE:TATASTEEL-EQ,36.56,37.04,36.04,36.63,90249550,FYERS_HISTORY,2026-08-08T23:56:55+05:30
2020-08-03,SMD-0225,TATASTEEL,NSE:TATASTEEL-EQ,36.48,37.69,36.21,37.35,111375710,FYERS_HISTORY,2026-08-08T23:56:55+05:30
2020-08-04,SMD-0225,TATASTEEL,NSE:TATASTEEL-EQ,37.45,37.8,36.77,37.23,111844300,FYERS_HISTORY,2026-08-08T23:56:55+05:30
2020-08-05,SMD-0225,TATASTEEL,NSE:TATASTEEL-EQ,37.31,39.79,37.31,39.58,305597600,FYERS_HISTORY,2026-08-08T23:56:55+05:30
2020-08-06,SMD-0225,TATASTEEL,NSE:TATASTEEL-EQ,38.98,40.28,38.55,40.05,221233580,FYERS_HISTORY,2026-08-08T23:56:55+05:30
2020-08-07,SMD-0225,TATASTEEL,NSE:TATASTEEL-EQ,39.59,40.67,39.31,40.41,151763430,FYERS_HISTORY,2026-08-08T23:56:55+05:30
2020-08-10,SMD-0225,TATASTEEL,NSE:TATASTEEL-EQ,40.58,41.16,39.96,41.02,120183050,FYERS_HISTORY,2026-08-08T23:56:55+05:30
2020-08-11,SMD-0225,TATASTEEL,NSE:TATASTEEL-EQ,41.31,42.76,41.25,41.65,258851920,FYERS_HISTORY,2026-08-08T23:56:55+05:30
2020-08-12,SMD-0225,TATASTEEL,NSE:TATASTEEL-EQ,41.37,41.74,40.76,41.45,115746920,FYERS_HISTORY,2026-08-08T23:56:55+05:30
2020-08-13,SMD-0225,TATASTEEL,NSE:TATASTEEL-EQ,41.82,42.17,40.89,41.31,124222030,FYERS_HISTORY,2026-08-08T23:56:55+05:30
2020-08-14,SMD-0225,TATASTEEL,NSE:TATASTEEL-EQ,41.0,43.1,40.91,41.85,477423720,FYERS_HISTORY,2026-08-08T23:56:55+05:30
2020-08-17,SMD-0225,TATASTEEL,NSE:TATASTEEL-EQ,41.8,42.92,41.43,42.51,181459530,FYERS_HISTORY,2026-08-08T23:56:55+05:30
2020-08-18,SMD-0225,TATASTEEL,NSE:TATASTEEL-EQ,42.17,43.68,41.97,43.45,173422610,FYERS_HISTORY,2026-08-08T23:56:55+05:30
2020-08-19,SMD-0225,TATASTEEL,NSE:TATASTEEL-EQ,43.45,43.56,42.89,43.17,118437310,FYERS_HISTORY,2026-08-08T23:56:55+05:30
2020-08-20,SMD-0225,TATASTEEL,NSE:TATASTEEL-EQ,42.5,43.83,42.31,43.26,158466090,FYERS_HISTORY,2026-08-08T23:56:55+05:30
2020-08-21,SMD-0225,TATASTEEL,NSE:TATASTEEL-EQ,43.58,44.2,42.66,42.89,134823270,FYERS_HISTORY,2026-08-08T23:56:55+05:30
2020-08-24,SMD-0225,TATASTEEL,NSE:TATASTEEL-EQ,43.36,43.78,42.81,42.95,90938890,FYERS_HISTORY,2026-08-08T23:56:55+05:30
2020-08-25,SMD-0225,TATASTEEL,NSE:TATASTEEL-EQ,43.2,43.27,42.15,42.4,105544840,FYERS_HISTORY,2026-08-08T23:56:55+05:30
2020-08-26,SMD-0225,TATASTEEL,NSE:TATASTEEL-EQ,42.5,42.78,42.22,42.5,79571640,FYERS_HISTORY,2026-08-08T23:56:55+05:30
2020-08-27,SMD-0225,TATASTEEL,NSE:TATASTEEL-EQ,42.55,43.02,42.3,42.69,95497160,FYERS_HISTORY,2026-08-08T23:56:55+05:30
2020-08-28,SMD-0225,TATASTEEL,NSE:TATASTEEL-EQ,42.97,43.8,42.31,42.42,152120170,FYERS_HISTORY,2026-08-08T23:56:55+05:30
2020-08-31,SMD-0225,TATASTEEL,NSE:TATASTEEL-EQ,42.65,43.02,41.0,41.3,157461390,FYERS_HISTORY,2026-08-08T23:56:55+05:30
2020-09-01,SMD-0225,TATASTEEL,NSE:TATASTEEL-EQ,41.39,43.27,41.2,42.87,140728480,FYERS_HISTORY,2026-08-08T23:56:55+05:30
2020-09-02,SMD-0225,TATASTEEL,NSE:TATASTEEL-EQ,43.01,44.17,42.71,43.87,117393410,FYERS_HISTORY,2026-08-08T23:56:55+05:30
2020-09-03,SMD-0225,TATASTEEL,NSE:TATASTEEL-EQ,44.25,44.37,43.59,43.81,102142890,FYERS_HISTORY,2026-08-08T23:56:55+05:30
2020-09-04,SMD-0225,TATASTEEL,NSE:TATASTEEL-EQ,42.81,43.4,41.9,42.13,105306740,FYERS_HISTORY,2026-08-08T23:56:55+05:30
2020-09-07,SMD-0225,TATASTEEL,NSE:TATASTEEL-EQ,42.37,42.84,41.85,42.25,96284060,FYERS_HISTORY,2026-08-08T23:56:55+05:30
2020-09-08,SMD-0225,TATASTEEL,NSE:TATASTEEL-EQ,42.58,42.58,40.26,40.51,116373700,FYERS_HISTORY,2026-08-08T23:56:55+05:30
2020-09-09,SMD-0225,TATASTEEL,NSE:TATASTEEL-EQ,39.88,42.02,38.65,41.74,319998750,FYERS_HISTORY,2026-08-08T23:56:55+05:30
2020-09-10,SMD-0225,TATASTEEL,NSE:TATASTEEL-EQ,42.4,42.59,40.11,40.8,229207830,FYERS_HISTORY,2026-08-08T23:56:55+05:30
2020-09-11,SMD-0225,TATASTEEL,NSE:TATASTEEL-EQ,40.88,41.27,40.25,40.75,136871270,FYERS_HISTORY,2026-08-08T23:56:55+05:30
2020-09-14,SMD-0225,TATASTEEL,NSE:TATASTEEL-EQ,41.0,41.41,40.22,40.47,123311210,FYERS_HISTORY,2026-08-08T23:56:55+05:30
2020-09-15,SMD-0225,TATASTEEL,NSE:TATASTEEL-EQ,40.7,41.06,40.35,40.53,91327490,FYERS_HISTORY,2026-08-08T23:56:55+05:30
2020-09-16,SMD-0225,TATASTEEL,NSE:TATASTEEL-EQ,40.65,41.0,40.27,40.46,99874120,FYERS_HISTORY,2026-08-08T23:56:55+05:30
2020-09-17,SMD-0225,TATASTEEL,NSE:TATASTEEL-EQ,40.2,40.75,39.32,39.87,148080220,FYERS_HISTORY,2026-08-08T23:56:55+05:30
2020-09-18,SMD-0225,TATASTEEL,NSE:TATASTEEL-EQ,40.21,40.57,39.34,39.55,168422440,FYERS_HISTORY,2026-08-08T23:56:55+05:30
2020-09-21,SMD-0225,TATASTEEL,NSE:TATASTEEL-EQ,39.6,39.92,37.1,37.34,141387610,FYERS_HISTORY,2026-08-08T23:56:55+05:30
2020-09-22,SMD-0225,TATASTEEL,NSE:TATASTEEL-EQ,37.4,37.85,35.82,37.42,220130270,FYERS_HISTORY,2026-08-08T23:56:55+05:30
2020-09-23,SMD-0225,TATASTEEL,NSE:TATASTEEL-EQ,37.7,37.8,35.65,36.13,169846000,FYERS_HISTORY,2026-08-08T23:56:55+05:30
2020-09-24,SMD-0225,TATASTEEL,NSE:TATASTEEL-EQ,35.68,35.73,34.28,34.39,124958400,FYERS_HISTORY,2026-08-08T23:56:55+05:30
2020-09-25,SMD-0225,TATASTEEL,NSE:TATASTEEL-EQ,34.8,35.56,34.42,35.21,122425760,FYERS_HISTORY,2026-08-08T23:56:55+05:30
2020-09-28,SMD-0225,TATASTEEL,NSE:TATASTEEL-EQ,35.99,36.49,35.57,36.1,122704780,FYERS_HISTORY,2026-08-08T23:56:55+05:30
2020-09-29,SMD-0225,TATASTEEL,NSE:TATASTEEL-EQ,36.5,37.18,36.17,37.01,178917190,FYERS_HISTORY,2026-08-08T23:56:55+05:30
2020-09-30,SMD-0225,TATASTEEL,NSE:TATASTEEL-EQ,37.1,37.15,35.8,35.98,129637840,FYERS_HISTORY,2026-08-08T23:56:55+05:30
2020-10-01,SMD-0225,TATASTEEL,NSE:TATASTEEL-EQ,36.43,37.03,36.32,36.49,95551230,FYERS_HISTORY,2026-08-08T23:56:55+05:30
2020-10-05,SMD-0225,TATASTEEL,NSE:TATASTEEL-EQ,37.01,38.55,36.95,38.23,195906350,FYERS_HISTORY,2026-08-08T23:56:55+05:30
2020-10-06,SMD-0225,TATASTEEL,NSE:TATASTEEL-EQ,38.68,38.73,37.31,37.74,142863760,FYERS_HISTORY,2026-08-08T23:56:55+05:30
2020-10-07,SMD-0225,TATASTEEL,NSE:TATASTEEL-EQ,37.6,37.93,37.0,37.11,96941240,FYERS_HISTORY,2026-08-08T23:56:55+05:30
2020-10-08,SMD-0225,TATASTEEL,NSE:TATASTEEL-EQ,37.45,38.3,37.17,37.37,141111690,FYERS_HISTORY,2026-08-08T23:56:55+05:30
2020-10-09,SMD-0225,TATASTEEL,NSE:TATASTEEL-EQ,37.6,38.7,36.71,36.95,220065880,FYERS_HISTORY,2026-08-08T23:56:55+05:30
2020-10-12,SMD-0225,TATASTEEL,NSE:TATASTEEL-EQ,37.35,37.72,36.25,37.11,157568610,FYERS_HISTORY,2026-08-08T23:56:55+05:30
2020-10-13,SMD-0225,TATASTEEL,NSE:TATASTEEL-EQ,37.2,37.63,36.67,36.84,119025640,FYERS_HISTORY,2026-08-08T23:56:55+05:30
2020-10-14,SMD-0225,TATASTEEL,NSE:TATASTEEL-EQ,37.04,37.73,36.96,37.56,148921880,FYERS_HISTORY,2026-08-08T23:56:55+05:30
2020-10-15,SMD-0225,TATASTEEL,NSE:TATASTEEL-EQ,38.1,38.86,37.15,37.39,316510230,FYERS_HISTORY,2026-08-08T23:56:55+05:30
2020-10-16,SMD-0225,TATASTEEL,NSE:TATASTEEL-EQ,37.71,39.59,37.52,39.39,288555270,FYERS_HISTORY,2026-08-08T23:56:55+05:30
2020-10-19,SMD-0225,TATASTEEL,NSE:TATASTEEL-EQ,39.76,40.0,39.18,39.55,147299940,FYERS_HISTORY,2026-08-08T23:56:55+05:30
2020-10-20,SMD-0225,TATASTEEL,NSE:TATASTEEL-EQ,39.2,39.74,38.96,39.24,109496820,FYERS_HISTORY,2026-08-08T23:56:55+05:30
2020-10-21,SMD-0225,TATASTEEL,NSE:TATASTEEL-EQ,39.63,40.8,39.44,40.41,263519580,FYERS_HISTORY,2026-08-08T23:56:55+05:30
2020-10-22,SMD-0225,TATASTEEL,NSE:TATASTEEL-EQ,40.19,41.36,40.01,40.97,208884220,FYERS_HISTORY,2026-08-08T23:56:55+05:30
2020-10-23,SMD-0225,TATASTEEL,NSE:TATASTEEL-EQ,41.3,42.6,41.22,42.35,285888500,FYERS_HISTORY,2026-08-08T23:56:55+05:30
2020-10-26,SMD-0225,TATASTEEL,NSE:TATASTEEL-EQ,42.34,42.34,40.42,40.84,166087800,FYERS_HISTORY,2026-08-08T23:56:55+05:30
2020-10-27,SMD-0225,TATASTEEL,NSE:TATASTEEL-EQ,40.87,41.69,40.34,41.1,160621710,FYERS_HISTORY,2026-08-08T23:56:55+05:30
2020-10-28,SMD-0225,TATASTEEL,NSE:TATASTEEL-EQ,41.15,41.82,40.05,40.23,169657550,FYERS_HISTORY,2026-08-08T23:56:55+05:30
2020-10-29,SMD-0225,TATASTEEL,NSE:TATASTEEL-EQ,39.95,40.5,39.53,40.14,138604100,FYERS_HISTORY,2026-08-08T23:56:55+05:30
2020-10-30,SMD-0225,TATASTEEL,NSE:TATASTEEL-EQ,40.27,41.29,39.52,41.06,180210510,FYERS_HISTORY,2026-08-08T23:56:55+05:30
2020-11-02,SMD-0225,TATASTEEL,NSE:TATASTEEL-EQ,41.0,41.25,39.87,40.28,131431090,FYERS_HISTORY,2026-08-08T23:56:55+05:30
2020-11-03,SMD-0225,TATASTEEL,NSE:TATASTEEL-EQ,40.75,41.22,40.45,40.69,122580340,FYERS_HISTORY,2026-08-08T23:56:55+05:30
2020-11-04,SMD-0225,TATASTEEL,NSE:TATASTEEL-EQ,40.89,41.51,40.14,40.39,136143660,FYERS_HISTORY,2026-08-08T23:56:55+05:30
2020-11-05,SMD-0225,TATASTEEL,NSE:TATASTEEL-EQ,41.2,42.83,40.92,42.55,265177560,FYERS_HISTORY,2026-08-08T23:56:55+05:30
2020-11-06,SMD-0225,TATASTEEL,NSE:TATASTEEL-EQ,42.45,43.29,42.27,42.65,173981930,FYERS_HISTORY,2026-08-08T23:56:55+05:30
2020-11-09,SMD-0225,TATASTEEL,NSE:TATASTEEL-EQ,43.3,43.99,42.74,43.83,158308620,FYERS_HISTORY,2026-08-08T23:56:55+05:30
2020-11-10,SMD-0225,TATASTEEL,NSE:TATASTEEL-EQ,44.0,45.33,43.56,44.19,262002400,FYERS_HISTORY,2026-08-08T23:56:55+05:30
2020-11-11,SMD-0225,TATASTEEL,NSE:TATASTEEL-EQ,44.19,47.74,43.96,47.4,368618330,FYERS_HISTORY,2026-08-08T23:56:55+05:30
2020-11-12,SMD-0225,TATASTEEL,NSE:TATASTEEL-EQ,47.2,47.99,46.63,47.32,234936850,FYERS_HISTORY,2026-08-08T23:56:55+05:30
2020-11-13,SMD-0225,TATASTEEL,NSE:TATASTEEL-EQ,47.09,48.84,46.5,48.66,234181870,FYERS_HISTORY,2026-08-08T23:56:55+05:30
2020-11-14,SMD-0225,TATASTEEL,NSE:TATASTEEL-EQ,49.66,49.95,48.7,49.22,78374000,FYERS_HISTORY,2026-08-08T23:56:55+05:30
2020-11-17,SMD-0225,TATASTEEL,NSE:TATASTEEL-EQ,50.6,53.1,50.17,52.27,642845990,FYERS_HISTORY,2026-08-08T23:56:55+05:30
2020-11-18,SMD-0225,TATASTEEL,NSE:TATASTEEL-EQ,51.8,52.38,51.07,51.72,174815130,FYERS_HISTORY,2026-08-08T23:56:55+05:30
2020-11-19,SMD-0225,TATASTEEL,NSE:TATASTEEL-EQ,51.19,53.57,51.0,52.36,201379980,FYERS_HISTORY,2026-08-08T23:56:55+05:30
2020-11-20,SMD-0225,TATASTEEL,NSE:TATASTEEL-EQ,52.6,54.17,52.1,53.29,266860000,FYERS_HISTORY,2026-08-08T23:56:55+05:30
2020-11-23,SMD-0225,TATASTEEL,NSE:TATASTEEL-EQ,53.8,54.6,53.64,54.31,170254250,FYERS_HISTORY,2026-08-08T23:56:55+05:30
2020-11-24,SMD-0225,TATASTEEL,NSE:TATASTEEL-EQ,54.8,55.05,54.14,54.83,130291260,FYERS_HISTORY,2026-08-08T23:56:55+05:30
2020-11-25,SMD-0225,TATASTEEL,NSE:TATASTEEL-EQ,55.1,55.87,53.95,54.13,176809890,FYERS_HISTORY,2026-08-08T23:56:55+05:30
2020-11-26,SMD-0225,TATASTEEL,NSE:TATASTEEL-EQ,54.6,57.11,54.13,56.84,225701850,FYERS_HISTORY,2026-08-08T23:56:55+05:30
2020-11-27,SMD-0225,TATASTEEL,NSE:TATASTEEL-EQ,57.0,58.24,56.31,57.74,462912480,FYERS_HISTORY,2026-08-08T23:56:55+05:30
2020-12-01,SMD-0225,TATASTEEL,NSE:TATASTEEL-EQ,59.2,59.2,57.7,58.58,147391090,FYERS_HISTORY,2026-08-08T23:56:55+05:30
2020-12-02,SMD-0225,TATASTEEL,NSE:TATASTEEL-EQ,58.57,60.76,58.41,60.44,249970850,FYERS_HISTORY,2026-08-08T23:56:55+05:30
2020-12-03,SMD-0225,TATASTEEL,NSE:TATASTEEL-EQ,60.9,62.48,60.8,62.09,247756520,FYERS_HISTORY,2026-08-08T23:56:55+05:30
2020-12-04,SMD-0225,TATASTEEL,NSE:TATASTEEL-EQ,62.4,63.25,61.46,62.27,201535520,FYERS_HISTORY,2026-08-08T23:56:55+05:30
2020-12-07,SMD-0225,TATASTEEL,NSE:TATASTEEL-EQ,62.36,62.9,60.95,61.46,155883210,FYERS_HISTORY,2026-08-08T23:56:55+05:30
2020-12-08,SMD-0225,TATASTEEL,NSE:TATASTEEL-EQ,61.6,62.15,60.25,61.35,170158530,FYERS_HISTORY,2026-08-08T23:56:55+05:30
2020-12-09,SMD-0225,TATASTEEL,NSE:TATASTEEL-EQ,61.8,62.07,60.71,60.94,127307310,FYERS_HISTORY,2026-08-08T23:56:55+05:30
2020-12-10,SMD-0225,TATASTEEL,NSE:TATASTEEL-EQ,60.6,61.4,59.35,61.01,198293280,FYERS_HISTORY,2026-08-08T23:56:55+05:30
2020-12-11,SMD-0225,TATASTEEL,NSE:TATASTEEL-EQ,61.49,62.55,61.43,62.17,163956980,FYERS_HISTORY,2026-08-08T23:56:55+05:30
2020-12-14,SMD-0225,TATASTEEL,NSE:TATASTEEL-EQ,62.68,63.89,62.53,62.68,177227150,FYERS_HISTORY,2026-08-08T23:56:55+05:30
2020-12-15,SMD-0225,TATASTEEL,NSE:TATASTEEL-EQ,62.35,63.71,61.74,63.54,132263120,FYERS_HISTORY,2026-08-08T23:56:55+05:30
2020-12-16,SMD-0225,TATASTEEL,NSE:TATASTEEL-EQ,64.12,64.94,63.82,64.34,160402560,FYERS_HISTORY,2026-08-08T23:56:55+05:30
2020-12-17,SMD-0225,TATASTEEL,NSE:TATASTEEL-EQ,64.34,64.6,63.15,63.53,79651860,FYERS_HISTORY,2026-08-08T23:56:55+05:30
2020-12-18,SMD-0225,TATASTEEL,NSE:TATASTEEL-EQ,63.83,64.08,62.8,63.13,253515060,FYERS_HISTORY,2026-08-08T23:56:55+05:30
2020-12-21,SMD-0225,TATASTEEL,NSE:TATASTEEL-EQ,62.4,62.77,58.56,59.59,190766540,FYERS_HISTORY,2026-08-08T23:56:55+05:30
2020-12-22,SMD-0225,TATASTEEL,NSE:TATASTEEL-EQ,59.6,61.05,58.5,60.14,188468790,FYERS_HISTORY,2026-08-08T23:56:55+05:30
2020-12-23,SMD-0225,TATASTEEL,NSE:TATASTEEL-EQ,59.9,62.42,59.63,62.14,122383430,FYERS_HISTORY,2026-08-08T23:56:55+05:30
2020-12-24,SMD-0225,TATASTEEL,NSE:TATASTEEL-EQ,62.53,63.7,61.93,62.23,120907400,FYERS_HISTORY,2026-08-08T23:56:55+05:30
2020-12-28,SMD-0225,TATASTEEL,NSE:TATASTEEL-EQ,62.83,63.54,62.66,63.27,104805170,FYERS_HISTORY,2026-08-08T23:56:55+05:30
2020-12-29,SMD-0225,TATASTEEL,NSE:TATASTEEL-EQ,63.79,63.97,62.11,63.22,104163260,FYERS_HISTORY,2026-08-08T23:56:55+05:30
2020-12-30,SMD-0225,TATASTEEL,NSE:TATASTEEL-EQ,63.3,64.4,62.41,64.05,115144280,FYERS_HISTORY,2026-08-08T23:56:55+05:30
2020-12-31,SMD-0225,TATASTEEL,NSE:TATASTEEL-EQ,63.66,65.35,63.66,64.36,177130120,FYERS_HISTORY,2026-08-08T23:56:55+05:30
2021-01-01,SMD-0225,TATASTEEL,NSE:TATASTEEL-EQ,64.5,64.97,64.0,64.31,84113960,FYERS_HISTORY,2026-08-08T23:56:55+05:30
2021-01-04,SMD-0225,TATASTEEL,NSE:TATASTEEL-EQ,64.9,69.99,64.65,69.3,381849550,FYERS_HISTORY,2026-08-08T23:56:55+05:30
2021-01-05,SMD-0225,TATASTEEL,NSE:TATASTEEL-EQ,68.7,69.39,67.51,68.06,215452540,FYERS_HISTORY,2026-08-08T23:56:55+05:30
2021-01-06,SMD-0225,TATASTEEL,NSE:TATASTEEL-EQ,68.4,69.67,67.5,68.38,196105220,FYERS_HISTORY,2026-08-08T23:56:55+05:30
2021-01-07,SMD-0225,TATASTEEL,NSE:TATASTEEL-EQ,69.3,73.15,69.17,72.28,382321940,FYERS_HISTORY,2026-08-08T23:56:55+05:30
2021-01-08,SMD-0225,TATASTEEL,NSE:TATASTEEL-EQ,72.7,72.72,70.31,71.32,193293130,FYERS_HISTORY,2026-08-08T23:56:55+05:30
2021-01-11,SMD-0225,TATASTEEL,NSE:TATASTEEL-EQ,71.2,71.2,68.82,69.57,170245090,FYERS_HISTORY,2026-08-08T23:56:55+05:30
2021-01-12,SMD-0225,TATASTEEL,NSE:TATASTEEL-EQ,69.5,72.45,69.11,69.49,245254840,FYERS_HISTORY,2026-08-08T23:56:55+05:30
2021-01-13,SMD-0225,TATASTEEL,NSE:TATASTEEL-EQ,70.15,71.46,69.3,70.92,193538710,FYERS_HISTORY,2026-08-08T23:56:55+05:30
2021-01-14,SMD-0225,TATASTEEL,NSE:TATASTEEL-EQ,71.0,71.44,69.71,70.64,115408580,FYERS_HISTORY,2026-08-08T23:56:55+05:30
2021-01-15,SMD-0225,TATASTEEL,NSE:TATASTEEL-EQ,71.2,72.15,69.77,70.59,206884370,FYERS_HISTORY,2026-08-08T23:56:55+05:30
2021-01-18,SMD-0225,TATASTEEL,NSE:TATASTEEL-EQ,70.8,70.88,65.95,66.67,250452260,FYERS_HISTORY,2026-08-08T23:56:55+05:30
2021-01-19,SMD-0225,TATASTEEL,NSE:TATASTEEL-EQ,67.2,68.4,64.7,68.11,312451180,FYERS_HISTORY,2026-08-08T23:56:55+05:30
2021-01-20,SMD-0225,TATASTEEL,NSE:TATASTEEL-EQ,69.02,69.95,68.26,69.02,233131500,FYERS_HISTORY,2026-08-08T23:56:55+05:30
2021-01-21,SMD-0225,TATASTEEL,NSE:TATASTEEL-EQ,69.1,69.47,66.16,66.67,161178670,FYERS_HISTORY,2026-08-08T23:56:55+05:30
2021-01-22,SMD-0225,TATASTEEL,NSE:TATASTEEL-EQ,67.0,67.58,63.37,64.7,237156650,FYERS_HISTORY,2026-08-08T23:56:55+05:30
2021-01-25,SMD-0225,TATASTEEL,NSE:TATASTEEL-EQ,65.1,66.19,63.1,65.19,163484730,FYERS_HISTORY,2026-08-08T23:56:55+05:30
2021-01-27,SMD-0225,TATASTEEL,NSE:TATASTEEL-EQ,65.09,65.11,62.38,62.6,149180840,FYERS_HISTORY,2026-08-08T23:56:55+05:30
2021-01-28,SMD-0225,TATASTEEL,NSE:TATASTEEL-EQ,61.8,63.06,61.26,62.37,170917520,FYERS_HISTORY,2026-08-08T23:56:55+05:30
2021-01-29,SMD-0225,TATASTEEL,NSE:TATASTEEL-EQ,63.01,63.38,59.6,60.1,268265750,FYERS_HISTORY,2026-08-08T23:56:55+05:30
2021-02-01,SMD-0225,TATASTEEL,NSE:TATASTEEL-EQ,60.49,64.0,59.75,63.61,210846940,FYERS_HISTORY,2026-08-08T23:56:55+05:30
2021-02-02,SMD-0225,TATASTEEL,NSE:TATASTEEL-EQ,64.3,64.8,62.41,64.17,180489570,FYERS_HISTORY,2026-08-08T23:56:55+05:30
2021-02-03,SMD-0225,TATASTEEL,NSE:TATASTEEL-EQ,64.49,66.43,63.73,65.32,148463810,FYERS_HISTORY,2026-08-08T23:56:55+05:30
2021-02-04,SMD-0225,TATASTEEL,NSE:TATASTEEL-EQ,65.4,66.35,63.86,65.6,147649950,FYERS_HISTORY,2026-08-08T23:56:55+05:30
2021-02-05,SMD-0225,TATASTEEL,NSE:TATASTEEL-EQ,65.69,69.06,65.14,68.51,291008880,FYERS_HISTORY,2026-08-08T23:56:55+05:30
2021-02-08,SMD-0225,TATASTEEL,NSE:TATASTEEL-EQ,69.4,70.49,68.27,70.3,214621690,FYERS_HISTORY,2026-08-08T23:56:55+05:30
2021-02-09,SMD-0225,TATASTEEL,NSE:TATASTEEL-EQ,70.65,71.65,69.16,69.92,293370280,FYERS_HISTORY,2026-08-08T23:56:55+05:30
2021-02-10,SMD-0225,TATASTEEL,NSE:TATASTEEL-EQ,71.0,72.45,68.01,69.03,573979190,FYERS_HISTORY,2026-08-08T23:56:55+05:30
2021-02-11,SMD-0225,TATASTEEL,NSE:TATASTEEL-EQ,68.76,70.46,68.29,69.47,163407050,FYERS_HISTORY,2026-08-08T23:56:55+05:30
2021-02-12,SMD-0225,TATASTEEL,NSE:TATASTEEL-EQ,69.5,69.79,67.85,68.05,147054790,FYERS_HISTORY,2026-08-08T23:56:55+05:30
2021-02-15,SMD-0225,TATASTEEL,NSE:TATASTEEL-EQ,68.71,68.8,67.0,67.22,131716720,FYERS_HISTORY,2026-08-08T23:56:55+05:30
2021-02-16,SMD-0225,TATASTEEL,NSE:TATASTEEL-EQ,67.22,70.86,66.83,69.92,336618380,FYERS_HISTORY,2026-08-08T23:56:55+05:30
2021-02-17,SMD-0225,TATASTEEL,NSE:TATASTEEL-EQ,69.77,70.35,68.75,69.68,159574830,FYERS_HISTORY,2026-08-08T23:56:55+05:30
2021-02-18,SMD-0225,TATASTEEL,NSE:TATASTEEL-EQ,70.0,71.1,69.4,69.78,148561470,FYERS_HISTORY,2026-08-08T23:56:55+05:30
2021-02-19,SMD-0225,TATASTEEL,NSE:TATASTEEL-EQ,69.6,69.6,65.6,67.07,223923860,FYERS_HISTORY,2026-08-08T23:56:55+05:30
2021-02-22,SMD-0225,TATASTEEL,NSE:TATASTEEL-EQ,67.29,69.79,67.08,68.46,281491090,FYERS_HISTORY,2026-08-08T23:56:55+05:30
2021-02-23,SMD-0225,TATASTEEL,NSE:TATASTEEL-EQ,68.96,73.6,68.22,72.93,389070710,FYERS_HISTORY,2026-08-08T23:56:55+05:30
2021-02-24,SMD-0225,TATASTEEL,NSE:TATASTEEL-EQ,73.5,74.5,72.0,72.77,216767890,FYERS_HISTORY,2026-08-08T23:56:55+05:30
2021-02-25,SMD-0225,TATASTEEL,NSE:TATASTEEL-EQ,73.52,75.3,73.19,74.29,219015960,FYERS_HISTORY,2026-08-08T23:56:55+05:30
2021-02-26,SMD-0225,TATASTEEL,NSE:TATASTEEL-EQ,72.5,74.16,71.11,71.52,235515910,FYERS_HISTORY,2026-08-08T23:56:55+05:30
2021-03-01,SMD-0225,TATASTEEL,NSE:TATASTEEL-EQ,72.4,73.83,71.14,73.04,140586460,FYERS_HISTORY,2026-08-08T23:56:55+05:30
2021-03-02,SMD-0225,TATASTEEL,NSE:TATASTEEL-EQ,73.05,73.97,72.32,73.55,111133990,FYERS_HISTORY,2026-08-08T23:56:55+05:30
2021-03-03,SMD-0225,TATASTEEL,NSE:TATASTEEL-EQ,74.1,78.25,74.1,77.72,288428350,FYERS_HISTORY,2026-08-08T23:56:55+05:30
2021-03-04,SMD-0225,TATASTEEL,NSE:TATASTEEL-EQ,75.1,76.69,74.36,75.8,228738220,FYERS_HISTORY,2026-08-08T23:56:55+05:30
2021-03-05,SMD-0225,TATASTEEL,NSE:TATASTEEL-EQ,74.85,75.6,72.7,73.33,168819600,FYERS_HISTORY,2026-08-08T23:56:55+05:30
2021-03-08,SMD-0225,TATASTEEL,NSE:TATASTEEL-EQ,74.4,75.12,73.51,73.72,106145960,FYERS_HISTORY,2026-08-08T23:56:55+05:30
2021-03-09,SMD-0225,TATASTEEL,NSE:TATASTEEL-EQ,74.5,75.1,70.22,70.68,195564380,FYERS_HISTORY,2026-08-08T23:56:55+05:30
2021-03-10,SMD-0225,TATASTEEL,NSE:TATASTEEL-EQ,71.49,73.0,70.31,72.45,196858600,FYERS_HISTORY,2026-08-08T23:56:55+05:30
2021-03-12,SMD-0225,TATASTEEL,NSE:TATASTEEL-EQ,74.0,74.5,71.4,72.0,161214090,FYERS_HISTORY,2026-08-08T23:56:55+05:30
2021-03-15,SMD-0225,TATASTEEL,NSE:TATASTEEL-EQ,72.2,73.9,71.51,73.64,155432310,FYERS_HISTORY,2026-08-08T23:56:55+05:30
2021-03-16,SMD-0225,TATASTEEL,NSE:TATASTEEL-EQ,74.01,74.01,71.92,72.41,125699980,FYERS_HISTORY,2026-08-08T23:56:55+05:30
2021-03-17,SMD-0225,TATASTEEL,NSE:TATASTEEL-EQ,72.5,72.6,70.07,70.44,105409590,FYERS_HISTORY,2026-08-08T23:56:55+05:30
2021-03-18,SMD-0225,TATASTEEL,NSE:TATASTEEL-EQ,71.63,72.29,69.83,70.49,143206510,FYERS_HISTORY,2026-08-08T23:56:55+05:30
2021-03-19,SMD-0225,TATASTEEL,NSE:TATASTEEL-EQ,70.28,73.68,68.13,73.3,246378140,FYERS_HISTORY,2026-08-08T23:56:55+05:30
2021-03-22,SMD-0225,TATASTEEL,NSE:TATASTEEL-EQ,73.11,74.57,72.5,74.35,137603700,FYERS_HISTORY,2026-08-08T23:56:55+05:30
2021-03-23,SMD-0225,TATASTEEL,NSE:TATASTEEL-EQ,74.6,74.94,73.33,74.11,118738960,FYERS_HISTORY,2026-08-08T23:56:55+05:30
2021-03-24,SMD-0225,TATASTEEL,NSE:TATASTEEL-EQ,73.1,73.3,69.9,70.28,210302830,FYERS_HISTORY,2026-08-08T23:56:55+05:30
2021-03-25,SMD-0225,TATASTEEL,NSE:TATASTEEL-EQ,71.01,73.07,68.83,72.32,367224000,FYERS_HISTORY,2026-08-08T23:56:55+05:30
2021-03-26,SMD-0225,TATASTEEL,NSE:TATASTEEL-EQ,73.04,77.49,72.52,76.69,429122470,FYERS_HISTORY,2026-08-08T23:56:55+05:30
2021-03-30,SMD-0225,TATASTEEL,NSE:TATASTEEL-EQ,78.0,81.0,77.79,80.0,284803380,FYERS_HISTORY,2026-08-08T23:56:55+05:30
2021-03-31,SMD-0225,TATASTEEL,NSE:TATASTEEL-EQ,79.4,82.35,79.01,81.19,280445850,FYERS_HISTORY,2026-08-08T23:56:55+05:30
2021-04-01,SMD-0225,TATASTEEL,NSE:TATASTEEL-EQ,82.1,86.89,81.9,86.31,368420980,FYERS_HISTORY,2026-08-08T23:56:55+05:30
2021-04-05,SMD-0225,TATASTEEL,NSE:TATASTEEL-EQ,86.2,87.79,83.72,86.78,305759860,FYERS_HISTORY,2026-08-08T23:56:55+05:30
2021-04-06,SMD-0225,TATASTEEL,NSE:TATASTEEL-EQ,87.55,88.25,85.82,86.29,207789200,FYERS_HISTORY,2026-08-08T23:56:55+05:30
2021-04-07,SMD-0225,TATASTEEL,NSE:TATASTEEL-EQ,86.95,88.5,86.47,87.49,171132080,FYERS_HISTORY,2026-08-08T23:56:55+05:30
2021-04-08,SMD-0225,TATASTEEL,NSE:TATASTEEL-EQ,88.4,95.37,88.27,91.84,530630560,FYERS_HISTORY,2026-08-08T23:56:55+05:30
2021-04-09,SMD-0225,TATASTEEL,NSE:TATASTEEL-EQ,92.1,93.0,88.57,89.95,321790690,FYERS_HISTORY,2026-08-08T23:56:55+05:30
2021-04-12,SMD-0225,TATASTEEL,NSE:TATASTEEL-EQ,87.66,89.32,84.34,85.16,221355040,FYERS_HISTORY,2026-08-08T23:56:55+05:30
2021-04-13,SMD-0225,TATASTEEL,NSE:TATASTEEL-EQ,86.2,88.16,84.9,87.9,204285020,FYERS_HISTORY,2026-08-08T23:56:55+05:30
2021-04-15,SMD-0225,TATASTEEL,NSE:TATASTEEL-EQ,89.2,91.15,87.95,89.82,218563570,FYERS_HISTORY,2026-08-08T23:56:55+05:30
2021-04-16,SMD-0225,TATASTEEL,NSE:TATASTEEL-EQ,90.38,91.44,88.63,89.03,173985980,FYERS_HISTORY,2026-08-08T23:56:55+05:30
2021-04-19,SMD-0225,TATASTEEL,NSE:TATASTEEL-EQ,86.98,89.9,86.0,88.81,191469960,FYERS_HISTORY,2026-08-08T23:56:55+05:30
2021-04-20,SMD-0225,TATASTEEL,NSE:TATASTEEL-EQ,90.0,90.58,88.2,89.4,169152930,FYERS_HISTORY,2026-08-08T23:56:55+05:30
2021-04-22,SMD-0225,TATASTEEL,NSE:TATASTEEL-EQ,90.0,93.87,89.71,92.14,319028150,FYERS_HISTORY,2026-08-08T23:56:55+05:30
2021-04-23,SMD-0225,TATASTEEL,NSE:TATASTEEL-EQ,92.98,94.5,91.08,92.56,247523860,FYERS_HISTORY,2026-08-08T23:56:55+05:30
2021-04-26,SMD-0225,TATASTEEL,NSE:TATASTEEL-EQ,93.5,95.6,93.01,94.08,212348580,FYERS_HISTORY,2026-08-08T23:56:55+05:30
2021-04-27,SMD-0225,TATASTEEL,NSE:TATASTEEL-EQ,94.83,98.3,94.43,97.78,249045150,FYERS_HISTORY,2026-08-08T23:56:55+05:30
2021-04-28,SMD-0225,TATASTEEL,NSE:TATASTEEL-EQ,98.5,98.6,96.2,97.14,204479680,FYERS_HISTORY,2026-08-08T23:56:55+05:30
2021-04-29,SMD-0225,TATASTEEL,NSE:TATASTEEL-EQ,98.3,103.7,98.3,103.14,447186470,FYERS_HISTORY,2026-08-08T23:56:55+05:30
2021-04-30,SMD-0225,TATASTEEL,NSE:TATASTEEL-EQ,102.4,105.26,101.11,103.4,281297380,FYERS_HISTORY,2026-08-08T23:56:55+05:30
2021-05-03,SMD-0225,TATASTEEL,NSE:TATASTEEL-EQ,103.2,106.9,101.85,106.48,264841000,FYERS_HISTORY,2026-08-08T23:56:55+05:30
2021-05-04,SMD-0225,TATASTEEL,NSE:TATASTEEL-EQ,107.45,108.67,105.76,106.39,249616280,FYERS_HISTORY,2026-08-08T23:56:55+05:30
2021-05-05,SMD-0225,TATASTEEL,NSE:TATASTEEL-EQ,108.4,108.84,104.7,107.02,192498390,FYERS_HISTORY,2026-08-08T23:56:55+05:30
2021-05-06,SMD-0225,TATASTEEL,NSE:TATASTEEL-EQ,105.5,112.9,104.25,110.09,464345370,FYERS_HISTORY,2026-08-08T23:56:55+05:30
2021-05-07,SMD-0225,TATASTEEL,NSE:TATASTEEL-EQ,113.5,119.2,113.01,118.24,540754330,FYERS_HISTORY,2026-08-08T23:56:55+05:30
2021-05-10,SMD-0225,TATASTEEL,NSE:TATASTEEL-EQ,121.0,122.9,120.0,121.64,280808840,FYERS_HISTORY,2026-08-08T23:56:55+05:30
2021-05-11,SMD-0225,TATASTEEL,NSE:TATASTEEL-EQ,119.0,124.6,117.69,123.39,411083810,FYERS_HISTORY,2026-08-08T23:56:55+05:30
2021-05-12,SMD-0225,TATASTEEL,NSE:TATASTEEL-EQ,123.2,124.69,116.33,117.92,308891920,FYERS_HISTORY,2026-08-08T23:56:55+05:30
2021-05-14,SMD-0225,TATASTEEL,NSE:TATASTEEL-EQ,118.5,118.5,111.52,113.21,376480320,FYERS_HISTORY,2026-08-08T23:56:55+05:30
2021-05-17,SMD-0225,TATASTEEL,NSE:TATASTEEL-EQ,113.8,115.82,110.35,115.09,287534300,FYERS_HISTORY,2026-08-08T23:56:55+05:30
2021-05-18,SMD-0225,TATASTEEL,NSE:TATASTEEL-EQ,117.5,119.65,115.71,118.0,245738800,FYERS_HISTORY,2026-08-08T23:56:55+05:30
2021-05-19,SMD-0225,TATASTEEL,NSE:TATASTEEL-EQ,117.3,118.96,115.8,116.43,174350260,FYERS_HISTORY,2026-08-08T23:56:55+05:30
2021-05-20,SMD-0225,TATASTEEL,NSE:TATASTEEL-EQ,113.11,113.55,109.81,110.51,284462530,FYERS_HISTORY,2026-08-08T23:56:55+05:30
2021-05-21,SMD-0225,TATASTEEL,NSE:TATASTEEL-EQ,111.4,112.39,110.59,111.31,141049260,FYERS_HISTORY,2026-08-08T23:56:55+05:30
2021-05-24,SMD-0225,TATASTEEL,NSE:TATASTEEL-EQ,110.8,110.9,108.21,109.2,189238420,FYERS_HISTORY,2026-08-08T23:56:55+05:30
2021-05-25,SMD-0225,TATASTEEL,NSE:TATASTEEL-EQ,110.2,112.6,110.0,110.52,181137520,FYERS_HISTORY,2026-08-08T23:56:55+05:30
2021-05-26,SMD-0225,TATASTEEL,NSE:TATASTEEL-EQ,109.05,109.4,107.25,108.22,154327030,FYERS_HISTORY,2026-08-08T23:56:55+05:30
2021-05-27,SMD-0225,TATASTEEL,NSE:TATASTEEL-EQ,108.22,110.98,107.5,109.67,227910320,FYERS_HISTORY,2026-08-08T23:56:55+05:30
2021-05-28,SMD-0225,TATASTEEL,NSE:TATASTEEL-EQ,113.1,114.36,109.75,110.35,192085810,FYERS_HISTORY,2026-08-08T23:56:55+05:30
2021-05-31,SMD-0225,TATASTEEL,NSE:TATASTEEL-EQ,111.2,112.97,109.9,112.57,154286470,FYERS_HISTORY,2026-08-08T23:56:55+05:30
2021-06-01,SMD-0225,TATASTEEL,NSE:TATASTEEL-EQ,112.0,112.3,108.55,110.09,176909250,FYERS_HISTORY,2026-08-08T23:56:55+05:30
2021-06-02,SMD-0225,TATASTEEL,NSE:TATASTEEL-EQ,110.5,112.98,110.4,112.41,128625910,FYERS_HISTORY,2026-08-08T23:56:55+05:30
2021-06-03,SMD-0225,TATASTEEL,NSE:TATASTEEL-EQ,112.96,113.98,111.3,112.2,121094770,FYERS_HISTORY,2026-08-08T23:56:55+05:30
2021-06-04,SMD-0225,TATASTEEL,NSE:TATASTEEL-EQ,111.6,112.88,110.7,112.07,97133470,FYERS_HISTORY,2026-08-08T23:56:55+05:30
2021-06-07,SMD-0225,TATASTEEL,NSE:TATASTEEL-EQ,113.0,115.0,112.56,112.87,122185920,FYERS_HISTORY,2026-08-08T23:56:55+05:30
2021-06-08,SMD-0225,TATASTEEL,NSE:TATASTEEL-EQ,113.27,113.27,110.01,111.11,108343730,FYERS_HISTORY,2026-08-08T23:56:55+05:30
2021-06-09,SMD-0225,TATASTEEL,NSE:TATASTEEL-EQ,111.7,112.8,109.4,110.1,111143380,FYERS_HISTORY,2026-08-08T23:56:55+05:30
2021-06-10,SMD-0225,TATASTEEL,NSE:TATASTEEL-EQ,110.93,112.58,110.29,111.45,77767640,FYERS_HISTORY,2026-08-08T23:56:55+05:30
2021-06-11,SMD-0225,TATASTEEL,NSE:TATASTEEL-EQ,112.78,116.46,111.31,115.84,174458560,FYERS_HISTORY,2026-08-08T23:56:55+05:30
2021-06-14,SMD-0225,TATASTEEL,NSE:TATASTEEL-EQ,116.8,117.87,114.0,116.48,160312640,FYERS_HISTORY,2026-08-08T23:56:55+05:30
2021-06-15,SMD-0225,TATASTEEL,NSE:TATASTEEL-EQ,117.0,118.68,116.01,117.43,97681020,FYERS_HISTORY,2026-08-08T23:56:55+05:30
2021-06-16,SMD-0225,TATASTEEL,NSE:TATASTEEL-EQ,116.9,118.48,113.17,114.22,175211070,FYERS_HISTORY,2026-08-08T23:56:55+05:30
2021-06-17,SMD-0225,TATASTEEL,NSE:TATASTEEL-EQ,111.9,113.38,109.57,110.38,162076870,FYERS_HISTORY,2026-08-08T23:56:55+05:30
2021-06-18,SMD-0225,TATASTEEL,NSE:TATASTEEL-EQ,110.5,110.99,105.03,109.23,403470770,FYERS_HISTORY,2026-08-08T23:56:55+05:30
2021-06-21,SMD-0225,TATASTEEL,NSE:TATASTEEL-EQ,107.0,110.9,106.37,110.62,130014320,FYERS_HISTORY,2026-08-08T23:56:55+05:30
2021-06-22,SMD-0225,TATASTEEL,NSE:TATASTEEL-EQ,111.42,113.1,110.65,111.23,90246340,FYERS_HISTORY,2026-08-08T23:56:55+05:30
2021-06-23,SMD-0225,TATASTEEL,NSE:TATASTEEL-EQ,112.05,112.76,109.79,110.01,78063360,FYERS_HISTORY,2026-08-08T23:56:55+05:30
2021-06-24,SMD-0225,TATASTEEL,NSE:TATASTEEL-EQ,110.5,112.05,109.85,111.32,72394700,FYERS_HISTORY,2026-08-08T23:56:55+05:30
2021-06-25,SMD-0225,TATASTEEL,NSE:TATASTEEL-EQ,113.5,117.0,113.0,116.53,180227700,FYERS_HISTORY,2026-08-08T23:56:55+05:30
2021-06-28,SMD-0225,TATASTEEL,NSE:TATASTEEL-EQ,117.4,118.9,116.3,118.4,116603350,FYERS_HISTORY,2026-08-08T23:56:55+05:30
2021-06-29,SMD-0225,TATASTEEL,NSE:TATASTEEL-EQ,118.45,119.2,116.56,117.26,78037590,FYERS_HISTORY,2026-08-08T23:56:55+05:30
2021-06-30,SMD-0225,TATASTEEL,NSE:TATASTEEL-EQ,118.11,119.1,116.28,116.66,80432670,FYERS_HISTORY,2026-08-08T23:56:55+05:30
2021-07-01,SMD-0225,TATASTEEL,NSE:TATASTEEL-EQ,117.19,117.68,115.65,116.36,56149280,FYERS_HISTORY,2026-08-08T23:56:55+05:30
2021-07-02,SMD-0225,TATASTEEL,NSE:TATASTEEL-EQ,116.6,116.68,113.02,113.6,75734070,FYERS_HISTORY,2026-08-08T23:56:55+05:30
2021-07-05,SMD-0225,TATASTEEL,NSE:TATASTEEL-EQ,114.6,116.18,113.6,115.69,76799000,FYERS_HISTORY,2026-08-08T23:56:55+05:30
2021-07-06,SMD-0225,TATASTEEL,NSE:TATASTEEL-EQ,115.87,117.8,115.03,116.73,91468350,FYERS_HISTORY,2026-08-08T23:56:55+05:30
2021-07-07,SMD-0225,TATASTEEL,NSE:TATASTEEL-EQ,116.8,122.5,115.85,121.87,167456260,FYERS_HISTORY,2026-08-08T23:56:55+05:30
2021-07-08,SMD-0225,TATASTEEL,NSE:TATASTEEL-EQ,122.5,123.0,118.12,118.98,124105850,FYERS_HISTORY,2026-08-08T23:56:55+05:30
2021-07-09,SMD-0225,TATASTEEL,NSE:TATASTEEL-EQ,119.2,124.41,118.8,123.94,178593560,FYERS_HISTORY,2026-08-08T23:56:55+05:30
2021-07-12,SMD-0225,TATASTEEL,NSE:TATASTEEL-EQ,125.1,125.85,121.84,122.7,166477750,FYERS_HISTORY,2026-08-08T23:56:55+05:30
2021-07-13,SMD-0225,TATASTEEL,NSE:TATASTEEL-EQ,123.8,124.35,122.31,122.88,79155280,FYERS_HISTORY,2026-08-08T23:56:55+05:30
2021-07-14,SMD-0225,TATASTEEL,NSE:TATASTEEL-EQ,123.2,124.77,121.9,124.47,83413880,FYERS_HISTORY,2026-08-08T23:56:55+05:30
2021-07-15,SMD-0225,TATASTEEL,NSE:TATASTEEL-EQ,124.61,126.58,123.77,125.6,96555510,FYERS_HISTORY,2026-08-08T23:56:55+05:30
2021-07-16,SMD-0225,TATASTEEL,NSE:TATASTEEL-EQ,126.47,128.13,125.91,127.85,84969250,FYERS_HISTORY,2026-08-08T23:56:55+05:30
2021-07-19,SMD-0225,TATASTEEL,NSE:TATASTEEL-EQ,125.9,129.09,125.37,126.64,89046290,FYERS_HISTORY,2026-08-08T23:56:55+05:30
2021-07-20,SMD-0225,TATASTEEL,NSE:TATASTEEL-EQ,127.2,127.23,122.5,123.34,85799400,FYERS_HISTORY,2026-08-08T23:56:55+05:30
2021-07-22,SMD-0225,TATASTEEL,NSE:TATASTEEL-EQ,124.9,127.8,124.8,127.3,78940240,FYERS_HISTORY,2026-08-08T23:56:55+05:30
2021-07-23,SMD-0225,TATASTEEL,NSE:TATASTEEL-EQ,127.94,129.55,127.4,128.14,86418650,FYERS_HISTORY,2026-08-08T23:56:55+05:30
2021-07-26,SMD-0225,TATASTEEL,NSE:TATASTEEL-EQ,128.9,130.82,127.81,129.79,86784330,FYERS_HISTORY,2026-08-08T23:56:55+05:30
2021-07-27,SMD-0225,TATASTEEL,NSE:TATASTEEL-EQ,131.5,133.45,130.81,133.07,103413820,FYERS_HISTORY,2026-08-08T23:56:55+05:30
2021-07-28,SMD-0225,TATASTEEL,NSE:TATASTEEL-EQ,133.2,137.0,130.62,136.5,128351250,FYERS_HISTORY,2026-08-08T23:56:55+05:30
2021-07-29,SMD-0225,TATASTEEL,NSE:TATASTEEL-EQ,137.5,148.18,136.8,145.86,300610410,FYERS_HISTORY,2026-08-08T23:56:55+05:30
2021-07-30,SMD-0225,TATASTEEL,NSE:TATASTEEL-EQ,145.57,147.27,142.78,143.43,140492650,FYERS_HISTORY,2026-08-08T23:56:55+05:30
2021-08-02,SMD-0225,TATASTEEL,NSE:TATASTEEL-EQ,144.6,144.7,140.55,141.01,97689200,FYERS_HISTORY,2026-08-08T23:56:55+05:30
2021-08-03,SMD-0225,TATASTEEL,NSE:TATASTEEL-EQ,141.4,142.09,139.04,140.72,86405600,FYERS_HISTORY,2026-08-08T23:56:55+05:30
2021-08-04,SMD-0225,TATASTEEL,NSE:TATASTEEL-EQ,142.0,144.8,140.51,141.62,112894350,FYERS_HISTORY,2026-08-08T23:56:55+05:30
2021-08-05,SMD-0225,TATASTEEL,NSE:TATASTEEL-EQ,141.53,145.0,138.75,144.66,162217990,FYERS_HISTORY,2026-08-08T23:56:55+05:30
2021-08-06,SMD-0225,TATASTEEL,NSE:TATASTEEL-EQ,144.9,145.7,142.6,142.89,96740250,FYERS_HISTORY,2026-08-08T23:56:55+05:30
2021-08-09,SMD-0225,TATASTEEL,NSE:TATASTEEL-EQ,143.4,144.32,140.54,141.22,78594930,FYERS_HISTORY,2026-08-08T23:56:55+05:30
2021-08-10,SMD-0225,TATASTEEL,NSE:TATASTEEL-EQ,141.2,141.8,136.72,137.36,84516230,FYERS_HISTORY,2026-08-08T23:56:55+05:30
2021-08-11,SMD-0225,TATASTEEL,NSE:TATASTEEL-EQ,139.0,142.97,138.42,142.62,145353570,FYERS_HISTORY,2026-08-08T23:56:55+05:30
2021-08-12,SMD-0225,TATASTEEL,NSE:TATASTEEL-EQ,143.6,144.47,141.66,143.54,109431080,FYERS_HISTORY,2026-08-08T23:56:55+05:30
2021-08-13,SMD-0225,TATASTEEL,NSE:TATASTEEL-EQ,140.5,147.66,139.07,146.17,289698720,FYERS_HISTORY,2026-08-08T23:56:55+05:30
2021-08-16,SMD-0225,TATASTEEL,NSE:TATASTEEL-EQ,148.4,153.45,147.22,151.94,271144880,FYERS_HISTORY,2026-08-08T23:56:55+05:30
2021-08-17,SMD-0225,TATASTEEL,NSE:TATASTEEL-EQ,151.94,153.4,149.18,150.37,189709230,FYERS_HISTORY,2026-08-08T23:56:55+05:30
2021-08-18,SMD-0225,TATASTEEL,NSE:TATASTEEL-EQ,150.95,151.89,148.82,150.04,123317450,FYERS_HISTORY,2026-08-08T23:56:55+05:30
2021-08-20,SMD-0225,TATASTEEL,NSE:TATASTEEL-EQ,144.51,144.7,136.28,137.56,273400690,FYERS_HISTORY,2026-08-08T23:56:55+05:30
2021-08-23,SMD-0225,TATASTEEL,NSE:TATASTEEL-EQ,140.2,140.98,131.07,135.87,229257290,FYERS_HISTORY,2026-08-08T23:56:55+05:30
2021-08-24,SMD-0225,TATASTEEL,NSE:TATASTEEL-EQ,138.2,142.0,137.7,140.47,176075790,FYERS_HISTORY,2026-08-08T23:56:55+05:30
2021-08-25,SMD-0225,TATASTEEL,NSE:TATASTEEL-EQ,141.8,142.6,138.07,139.02,125650100,FYERS_HISTORY,2026-08-08T23:56:55+05:30
2021-08-26,SMD-0225,TATASTEEL,NSE:TATASTEEL-EQ,139.04,139.48,136.5,137.51,91578980,FYERS_HISTORY,2026-08-08T23:56:55+05:30
2021-08-27,SMD-0225,TATASTEEL,NSE:TATASTEEL-EQ,137.9,139.45,137.59,138.42,73940810,FYERS_HISTORY,2026-08-08T23:56:55+05:30
2021-08-30,SMD-0225,TATASTEEL,NSE:TATASTEEL-EQ,139.9,144.5,139.8,144.06,134443870,FYERS_HISTORY,2026-08-08T23:56:55+05:30
2021-08-31,SMD-0225,TATASTEEL,NSE:TATASTEEL-EQ,144.5,145.9,143.2,145.03,247521080,FYERS_HISTORY,2026-08-08T23:56:55+05:30
2021-09-01,SMD-0225,TATASTEEL,NSE:TATASTEEL-EQ,145.13,145.55,140.7,141.12,88128970,FYERS_HISTORY,2026-08-08T23:56:55+05:30
2021-09-02,SMD-0225,TATASTEEL,NSE:TATASTEEL-EQ,141.1,143.2,141.0,142.51,61480460,FYERS_HISTORY,2026-08-08T23:56:55+05:30
2021-09-03,SMD-0225,TATASTEEL,NSE:TATASTEEL-EQ,142.8,145.29,141.65,144.37,84523820,FYERS_HISTORY,2026-08-08T23:56:55+05:30
2021-09-06,SMD-0225,TATASTEEL,NSE:TATASTEEL-EQ,144.7,145.2,142.32,143.7,69586760,FYERS_HISTORY,2026-08-08T23:56:55+05:30
2021-09-07,SMD-0225,TATASTEEL,NSE:TATASTEEL-EQ,144.4,145.9,142.07,142.87,63527170,FYERS_HISTORY,2026-08-08T23:56:55+05:30
2021-09-08,SMD-0225,TATASTEEL,NSE:TATASTEEL-EQ,142.6,144.26,141.86,142.99,46762240,FYERS_HISTORY,2026-08-08T23:56:55+05:30
2021-09-09,SMD-0225,TATASTEEL,NSE:TATASTEEL-EQ,142.0,145.2,142.0,144.7,53130300,FYERS_HISTORY,2026-08-08T23:56:55+05:30
2021-09-13,SMD-0225,TATASTEEL,NSE:TATASTEEL-EQ,144.7,147.2,143.65,146.35,56702080,FYERS_HISTORY,2026-08-08T23:56:55+05:30
2021-09-14,SMD-0225,TATASTEEL,NSE:TATASTEEL-EQ,147.6,147.6,144.9,145.23,55037670,FYERS_HISTORY,2026-08-08T23:56:55+05:30
2021-09-15,SMD-0225,TATASTEEL,NSE:TATASTEEL-EQ,145.23,146.37,144.44,145.51,44174640,FYERS_HISTORY,2026-08-08T23:56:55+05:30
2021-09-16,SMD-0225,TATASTEEL,NSE:TATASTEEL-EQ,146.0,147.19,143.13,143.68,56067970,FYERS_HISTORY,2026-08-08T23:56:55+05:30
2021-09-17,SMD-0225,TATASTEEL,NSE:TATASTEEL-EQ,143.7,144.03,136.0,138.59,195720300,FYERS_HISTORY,2026-08-08T23:56:55+05:30
2021-09-20,SMD-0225,TATASTEEL,NSE:TATASTEEL-EQ,135.0,135.19,124.74,125.31,282384120,FYERS_HISTORY,2026-08-08T23:56:55+05:30
2021-09-21,SMD-0225,TATASTEEL,NSE:TATASTEEL-EQ,125.8,129.69,123.29,129.22,255935400,FYERS_HISTORY,2026-08-08T23:56:55+05:30
2021-09-22,SMD-0225,TATASTEEL,NSE:TATASTEEL-EQ,129.94,131.8,128.31,130.58,111242470,FYERS_HISTORY,2026-08-08T23:56:55+05:30
2021-09-23,SMD-0225,TATASTEEL,NSE:TATASTEEL-EQ,133.0,133.95,130.6,131.87,99462510,FYERS_HISTORY,2026-08-08T23:56:55+05:30
2021-09-24,SMD-0225,TATASTEEL,NSE:TATASTEEL-EQ,132.0,132.4,125.85,127.21,132866160,FYERS_HISTORY,2026-08-08T23:56:55+05:30
2021-09-27,SMD-0225,TATASTEEL,NSE:TATASTEEL-EQ,127.2,128.87,126.11,127.05,86688770,FYERS_HISTORY,2026-08-08T23:56:55+05:30
2021-09-28,SMD-0225,TATASTEEL,NSE:TATASTEEL-EQ,127.35,129.68,126.3,128.1,81007360,FYERS_HISTORY,2026-08-08T23:56:55+05:30
2021-09-29,SMD-0225,TATASTEEL,NSE:TATASTEEL-EQ,127.0,130.98,126.72,129.56,94945770,FYERS_HISTORY,2026-08-08T23:56:55+05:30
2021-09-30,SMD-0225,TATASTEEL,NSE:TATASTEEL-EQ,130.3,131.64,128.39,128.89,75145680,FYERS_HISTORY,2026-08-08T23:56:55+05:30
2021-10-01,SMD-0225,TATASTEEL,NSE:TATASTEEL-EQ,127.5,131.1,126.5,129.79,90374700,FYERS_HISTORY,2026-08-08T23:56:55+05:30
2021-10-04,SMD-0225,TATASTEEL,NSE:TATASTEEL-EQ,129.79,132.78,128.04,132.42,96902370,FYERS_HISTORY,2026-08-08T23:56:55+05:30
2021-10-05,SMD-0225,TATASTEEL,NSE:TATASTEEL-EQ,131.4,133.27,131.01,131.69,57952160,FYERS_HISTORY,2026-08-08T23:56:55+05:30
2021-10-06,SMD-0225,TATASTEEL,NSE:TATASTEEL-EQ,131.99,132.86,127.32,127.99,86316930,FYERS_HISTORY,2026-08-08T23:56:55+05:30
2021-10-07,SMD-0225,TATASTEEL,NSE:TATASTEEL-EQ,129.5,130.68,128.35,128.92,46033670,FYERS_HISTORY,2026-08-08T23:56:55+05:30
2021-10-08,SMD-0225,TATASTEEL,NSE:TATASTEEL-EQ,130.2,134.41,129.64,130.12,107220150,FYERS_HISTORY,2026-08-08T23:56:55+05:30
2021-10-11,SMD-0225,TATASTEEL,NSE:TATASTEEL-EQ,130.5,132.74,129.8,131.32,63496580,FYERS_HISTORY,2026-08-08T23:56:55+05:30
2021-10-12,SMD-0225,TATASTEEL,NSE:TATASTEEL-EQ,131.32,133.5,130.5,132.91,60970190,FYERS_HISTORY,2026-08-08T23:56:55+05:30
2021-10-13,SMD-0225,TATASTEEL,NSE:TATASTEEL-EQ,132.55,137.66,131.81,135.43,132857180,FYERS_HISTORY,2026-08-08T23:56:55+05:30
2021-10-14,SMD-0225,TATASTEEL,NSE:TATASTEEL-EQ,137.4,139.06,135.4,137.51,82273710,FYERS_HISTORY,2026-08-08T23:56:55+05:30
2021-10-18,SMD-0225,TATASTEEL,NSE:TATASTEEL-EQ,141.8,142.48,139.11,141.1,109232300,FYERS_HISTORY,2026-08-08T23:56:55+05:30
2021-10-19,SMD-0225,TATASTEEL,NSE:TATASTEEL-EQ,142.1,142.66,135.76,136.69,87569240,FYERS_HISTORY,2026-08-08T23:56:55+05:30
2021-10-20,SMD-0225,TATASTEEL,NSE:TATASTEEL-EQ,137.2,137.6,132.67,134.33,69757740,FYERS_HISTORY,2026-08-08T23:56:55+05:30
2021-10-21,SMD-0225,TATASTEEL,NSE:TATASTEEL-EQ,135.67,135.79,128.97,131.47,83575730,FYERS_HISTORY,2026-08-08T23:56:55+05:30
2021-10-22,SMD-0225,TATASTEEL,NSE:TATASTEEL-EQ,132.0,132.47,127.1,129.63,80712890,FYERS_HISTORY,2026-08-08T23:56:55+05:30
2021-10-25,SMD-0225,TATASTEEL,NSE:TATASTEEL-EQ,130.2,131.6,126.73,129.33,64185010,FYERS_HISTORY,2026-08-08T23:56:55+05:30
2021-10-26,SMD-0225,TATASTEEL,NSE:TATASTEEL-EQ,130.3,135.1,130.15,134.37,77228750,FYERS_HISTORY,2026-08-08T23:56:55+05:30
2021-10-27,SMD-0225,TATASTEEL,NSE:TATASTEEL-EQ,134.6,135.17,132.13,132.62,72418040,FYERS_HISTORY,2026-08-08T23:56:55+05:30
2021-10-28,SMD-0225,TATASTEEL,NSE:TATASTEEL-EQ,131.49,131.6,129.11,129.96,93076820,FYERS_HISTORY,2026-08-08T23:56:55+05:30
2021-10-29,SMD-0225,TATASTEEL,NSE:TATASTEEL-EQ,129.03,133.37,129.0,131.6,79147600,FYERS_HISTORY,2026-08-08T23:56:55+05:30
2021-11-01,SMD-0225,TATASTEEL,NSE:TATASTEEL-EQ,134.0,137.29,133.0,136.49,96875330,FYERS_HISTORY,2026-08-08T23:56:55+05:30
2021-11-02,SMD-0225,TATASTEEL,NSE:TATASTEEL-EQ,137.0,137.0,131.08,131.37,72161370,FYERS_HISTORY,2026-08-08T23:56:55+05:30
2021-11-03,SMD-0225,TATASTEEL,NSE:TATASTEEL-EQ,132.48,133.2,131.2,132.6,57302440,FYERS_HISTORY,2026-08-08T23:56:55+05:30
2021-11-04,SMD-0225,TATASTEEL,NSE:TATASTEEL-EQ,133.1,133.5,132.41,132.59,6744340,FYERS_HISTORY,2026-08-08T23:56:55+05:30
2021-11-08,SMD-0225,TATASTEEL,NSE:TATASTEEL-EQ,134.09,134.76,130.61,134.32,54936670,FYERS_HISTORY,2026-08-08T23:56:55+05:30
2021-11-09,SMD-0225,TATASTEEL,NSE:TATASTEEL-EQ,134.29,136.03,132.89,133.6,47565160,FYERS_HISTORY,2026-08-08T23:56:55+05:30
2021-11-10,SMD-0225,TATASTEEL,NSE:TATASTEEL-EQ,132.8,132.9,128.71,129.85,118804170,FYERS_HISTORY,2026-08-08T23:56:55+05:30
2021-11-11,SMD-0225,TATASTEEL,NSE:TATASTEEL-EQ,130.49,132.45,128.84,129.96,136638600,FYERS_HISTORY,2026-08-08T23:56:55+05:30
2021-11-12,SMD-0225,TATASTEEL,NSE:TATASTEEL-EQ,134.0,134.0,127.11,128.73,232395580,FYERS_HISTORY,2026-08-08T23:56:55+05:30
2021-11-15,SMD-0225,TATASTEEL,NSE:TATASTEEL-EQ,129.5,129.9,124.15,124.55,121082150,FYERS_HISTORY,2026-08-08T23:56:55+05:30
2021-11-16,SMD-0225,TATASTEEL,NSE:TATASTEEL-EQ,124.55,126.11,122.37,122.88,123148800,FYERS_HISTORY,2026-08-08T23:56:55+05:30
2021-11-17,SMD-0225,TATASTEEL,NSE:TATASTEEL-EQ,122.5,123.74,121.51,122.01,87802040,FYERS_HISTORY,2026-08-08T23:56:55+05:30
2021-11-18,SMD-0225,TATASTEEL,NSE:TATASTEEL-EQ,122.36,122.83,118.2,118.66,101083510,FYERS_HISTORY,2026-08-08T23:56:55+05:30
2021-11-22,SMD-0225,TATASTEEL,NSE:TATASTEEL-EQ,118.81,119.68,114.6,116.51,96210010,FYERS_HISTORY,2026-08-08T23:56:55+05:30
2021-11-23,SMD-0225,TATASTEEL,NSE:TATASTEEL-EQ,116.81,120.9,116.52,119.21,93829630,FYERS_HISTORY,2026-08-08T23:56:55+05:30
2021-11-24,SMD-0225,TATASTEEL,NSE:TATASTEEL-EQ,120.04,120.3,117.12,117.85,67671010,FYERS_HISTORY,2026-08-08T23:56:55+05:30
2021-11-25,SMD-0225,TATASTEEL,NSE:TATASTEEL-EQ,118.0,118.66,116.6,117.37,47502860,FYERS_HISTORY,2026-08-08T23:56:55+05:30
2021-11-26,SMD-0225,TATASTEEL,NSE:TATASTEEL-EQ,115.79,115.95,110.63,111.23,106455260,FYERS_HISTORY,2026-08-08T23:56:55+05:30
2021-11-29,SMD-0225,TATASTEEL,NSE:TATASTEEL-EQ,111.23,113.7,107.51,111.48,93929910,FYERS_HISTORY,2026-08-08T23:56:55+05:30
2021-11-30,SMD-0225,TATASTEEL,NSE:TATASTEEL-EQ,111.1,112.79,106.3,107.12,133559840,FYERS_HISTORY,2026-08-08T23:56:55+05:30
2021-12-01,SMD-0225,TATASTEEL,NSE:TATASTEEL-EQ,109.2,109.7,106.65,108.26,93791140,FYERS_HISTORY,2026-08-08T23:56:55+05:30
2021-12-02,SMD-0225,TATASTEEL,NSE:TATASTEEL-EQ,108.3,111.6,107.4,111.24,91286810,FYERS_HISTORY,2026-08-08T23:56:55+05:30
2021-12-03,SMD-0225,TATASTEEL,NSE:TATASTEEL-EQ,111.5,113.42,110.23,111.8,100737840,FYERS_HISTORY,2026-08-08T23:56:55+05:30
2021-12-06,SMD-0225,TATASTEEL,NSE:TATASTEEL-EQ,111.4,114.1,110.22,110.88,82159400,FYERS_HISTORY,2026-08-08T23:56:55+05:30
2021-12-07,SMD-0225,TATASTEEL,NSE:TATASTEEL-EQ,112.11,115.56,112.1,114.88,85053900,FYERS_HISTORY,2026-08-08T23:56:55+05:30
2021-12-08,SMD-0225,TATASTEEL,NSE:TATASTEEL-EQ,115.9,117.7,114.9,117.3,74485010,FYERS_HISTORY,2026-08-08T23:56:55+05:30
2021-12-09,SMD-0225,TATASTEEL,NSE:TATASTEEL-EQ,118.2,118.2,115.9,117.69,52123940,FYERS_HISTORY,2026-08-08T23:56:55+05:30
2021-12-10,SMD-0225,TATASTEEL,NSE:TATASTEEL-EQ,117.35,118.89,116.76,118.0,48121300,FYERS_HISTORY,2026-08-08T23:56:55+05:30
2021-12-13,SMD-0225,TATASTEEL,NSE:TATASTEEL-EQ,118.8,119.9,116.17,116.53,53537780,FYERS_HISTORY,2026-08-08T23:56:55+05:30
2021-12-14,SMD-0225,TATASTEEL,NSE:TATASTEEL-EQ,115.9,117.79,114.7,116.72,53522640,FYERS_HISTORY,2026-08-08T23:56:55+05:30
2021-12-15,SMD-0225,TATASTEEL,NSE:TATASTEEL-EQ,117.01,117.56,114.9,115.41,44308330,FYERS_HISTORY,2026-08-08T23:56:55+05:30
2021-12-16,SMD-0225,TATASTEEL,NSE:TATASTEEL-EQ,116.4,116.88,114.36,115.32,42460080,FYERS_HISTORY,2026-08-08T23:56:55+05:30
2021-12-17,SMD-0225,TATASTEEL,NSE:TATASTEEL-EQ,115.4,115.89,112.5,113.21,47435020,FYERS_HISTORY,2026-08-08T23:56:55+05:30
2021-12-20,SMD-0225,TATASTEEL,NSE:TATASTEEL-EQ,111.7,111.72,106.61,107.3,73526500,FYERS_HISTORY,2026-08-08T23:56:55+05:30
2021-12-21,SMD-0225,TATASTEEL,NSE:TATASTEEL-EQ,109.0,112.43,108.5,110.51,70268490,FYERS_HISTORY,2026-08-08T23:56:55+05:30
2021-12-22,SMD-0225,TATASTEEL,NSE:TATASTEEL-EQ,111.5,113.1,111.0,112.89,43669170,FYERS_HISTORY,2026-08-08T23:56:55+05:30
2021-12-23,SMD-0225,TATASTEEL,NSE:TATASTEEL-EQ,113.8,114.68,112.02,112.77,46214780,FYERS_HISTORY,2026-08-08T23:56:55+05:30
2021-12-24,SMD-0225,TATASTEEL,NSE:TATASTEEL-EQ,113.01,113.35,110.39,111.55,40936300,FYERS_HISTORY,2026-08-08T23:56:55+05:30
2021-12-27,SMD-0225,TATASTEEL,NSE:TATASTEEL-EQ,111.11,112.47,110.24,112.18,27588510,FYERS_HISTORY,2026-08-08T23:56:56+05:30
2021-12-28,SMD-0225,TATASTEEL,NSE:TATASTEEL-EQ,112.7,113.15,112.2,112.75,28807810,FYERS_HISTORY,2026-08-08T23:56:56+05:30
2021-12-29,SMD-0225,TATASTEEL,NSE:TATASTEEL-EQ,112.0,112.67,110.8,111.63,41935200,FYERS_HISTORY,2026-08-08T23:56:56+05:30
2021-12-30,SMD-0225,TATASTEEL,NSE:TATASTEEL-EQ,111.79,112.7,109.9,110.1,41140930,FYERS_HISTORY,2026-08-08T23:56:56+05:30
2021-12-31,SMD-0225,TATASTEEL,NSE:TATASTEEL-EQ,110.5,112.35,110.27,111.15,36870210,FYERS_HISTORY,2026-08-08T23:56:56+05:30
2022-01-03,SMD-0225,TATASTEEL,NSE:TATASTEEL-EQ,111.5,115.1,111.5,114.25,38658030,FYERS_HISTORY,2026-08-08T23:56:56+05:30
2022-01-04,SMD-0225,TATASTEEL,NSE:TATASTEEL-EQ,115.3,115.97,113.65,114.88,59757310,FYERS_HISTORY,2026-08-08T23:56:56+05:30
2022-01-05,SMD-0225,TATASTEEL,NSE:TATASTEEL-EQ,114.7,118.08,114.13,117.76,61861760,FYERS_HISTORY,2026-08-08T23:56:56+05:30
2022-01-06,SMD-0225,TATASTEEL,NSE:TATASTEEL-EQ,117.2,118.3,115.56,116.33,53354000,FYERS_HISTORY,2026-08-08T23:56:56+05:30
2022-01-07,SMD-0225,TATASTEEL,NSE:TATASTEEL-EQ,116.52,117.4,114.79,116.04,39738570,FYERS_HISTORY,2026-08-08T23:56:56+05:30
2022-01-10,SMD-0225,TATASTEEL,NSE:TATASTEEL-EQ,116.5,117.34,115.39,116.91,38225000,FYERS_HISTORY,2026-08-08T23:56:56+05:30
2022-01-11,SMD-0225,TATASTEEL,NSE:TATASTEEL-EQ,115.87,116.27,111.3,113.03,96978850,FYERS_HISTORY,2026-08-08T23:56:56+05:30
2022-01-12,SMD-0225,TATASTEEL,NSE:TATASTEEL-EQ,113.99,115.08,113.24,114.72,50358430,FYERS_HISTORY,2026-08-08T23:56:56+05:30
2022-01-13,SMD-0225,TATASTEEL,NSE:TATASTEEL-EQ,115.4,122.55,115.22,122.12,157231160,FYERS_HISTORY,2026-08-08T23:56:56+05:30
2022-01-14,SMD-0225,TATASTEEL,NSE:TATASTEEL-EQ,121.3,122.63,120.61,121.36,52679070,FYERS_HISTORY,2026-08-08T23:56:56+05:30
2022-01-17,SMD-0225,TATASTEEL,NSE:TATASTEEL-EQ,121.5,124.5,119.04,122.98,89696070,FYERS_HISTORY,2026-08-08T23:56:56+05:30
2022-01-18,SMD-0225,TATASTEEL,NSE:TATASTEEL-EQ,123.0,123.38,119.0,119.49,58408970,FYERS_HISTORY,2026-08-08T23:56:56+05:30
2022-01-19,SMD-0225,TATASTEEL,NSE:TATASTEEL-EQ,119.6,122.09,118.3,120.96,73043210,FYERS_HISTORY,2026-08-08T23:56:56+05:30
2022-01-20,SMD-0225,TATASTEEL,NSE:TATASTEEL-EQ,121.01,122.4,119.7,120.67,59205970,FYERS_HISTORY,2026-08-08T23:56:56+05:30
2022-01-21,SMD-0225,TATASTEEL,NSE:TATASTEEL-EQ,120.0,120.43,115.64,116.97,71662670,FYERS_HISTORY,2026-08-08T23:56:56+05:30
2022-01-24,SMD-0225,TATASTEEL,NSE:TATASTEEL-EQ,116.0,116.37,109.0,109.92,83920760,FYERS_HISTORY,2026-08-08T23:56:56+05:30
2022-01-25,SMD-0225,TATASTEEL,NSE:TATASTEEL-EQ,109.47,112.1,108.71,110.91,57330630,FYERS_HISTORY,2026-08-08T23:56:56+05:30
2022-01-27,SMD-0225,TATASTEEL,NSE:TATASTEEL-EQ,109.0,110.35,106.13,108.84,90566560,FYERS_HISTORY,2026-08-08T23:56:56+05:30
2022-01-28,SMD-0225,TATASTEEL,NSE:TATASTEEL-EQ,110.59,112.58,108.1,108.47,78648930,FYERS_HISTORY,2026-08-08T23:56:56+05:30
2022-01-31,SMD-0225,TATASTEEL,NSE:TATASTEEL-EQ,110.99,111.46,108.05,108.56,55709390,FYERS_HISTORY,2026-08-08T23:56:56+05:30
2022-02-01,SMD-0225,TATASTEEL,NSE:TATASTEEL-EQ,110.49,117.45,108.64,116.74,170752680,FYERS_HISTORY,2026-08-08T23:56:56+05:30
2022-02-02,SMD-0225,TATASTEEL,NSE:TATASTEEL-EQ,117.99,117.99,115.83,116.75,75247340,FYERS_HISTORY,2026-08-08T23:56:56+05:30
2022-02-03,SMD-0225,TATASTEEL,NSE:TATASTEEL-EQ,115.3,118.17,114.63,116.66,65140900,FYERS_HISTORY,2026-08-08T23:56:56+05:30
2022-02-04,SMD-0225,TATASTEEL,NSE:TATASTEEL-EQ,117.38,119.78,117.03,117.63,93174180,FYERS_HISTORY,2026-08-08T23:56:56+05:30
2022-02-07,SMD-0225,TATASTEEL,NSE:TATASTEEL-EQ,116.83,121.46,116.1,118.3,145105250,FYERS_HISTORY,2026-08-08T23:56:56+05:30
2022-02-08,SMD-0225,TATASTEEL,NSE:TATASTEEL-EQ,119.5,122.24,117.15,121.96,140839840,FYERS_HISTORY,2026-08-08T23:56:56+05:30
2022-02-09,SMD-0225,TATASTEEL,NSE:TATASTEEL-EQ,123.1,123.4,120.82,122.24,73520600,FYERS_HISTORY,2026-08-08T23:56:56+05:30
2022-02-10,SMD-0225,TATASTEEL,NSE:TATASTEEL-EQ,123.0,125.43,122.6,124.84,93920570,FYERS_HISTORY,2026-08-08T23:56:56+05:30
2022-02-11,SMD-0225,TATASTEEL,NSE:TATASTEEL-EQ,123.9,126.5,123.31,125.45,96762260,FYERS_HISTORY,2026-08-08T23:56:56+05:30
2022-02-14,SMD-0225,TATASTEEL,NSE:TATASTEEL-EQ,122.01,122.78,118.01,118.69,80216130,FYERS_HISTORY,2026-08-08T23:56:56+05:30
2022-02-15,SMD-0225,TATASTEEL,NSE:TATASTEEL-EQ,119.69,121.2,115.16,120.78,101889210,FYERS_HISTORY,2026-08-08T23:56:56+05:30
2022-02-16,SMD-0225,TATASTEEL,NSE:TATASTEEL-EQ,121.5,121.79,118.65,119.18,66092140,FYERS_HISTORY,2026-08-08T23:56:56+05:30
2022-02-17,SMD-0225,TATASTEEL,NSE:TATASTEEL-EQ,120.11,120.95,118.62,119.1,56557920,FYERS_HISTORY,2026-08-08T23:56:56+05:30
2022-02-18,SMD-0225,TATASTEEL,NSE:TATASTEEL-EQ,118.7,120.5,118.3,119.08,47251200,FYERS_HISTORY,2026-08-08T23:56:56+05:30
2022-02-21,SMD-0225,TATASTEEL,NSE:TATASTEEL-EQ,118.8,120.2,117.44,118.19,49787320,FYERS_HISTORY,2026-08-08T23:56:56+05:30
2022-02-22,SMD-0225,TATASTEEL,NSE:TATASTEEL-EQ,115.8,116.67,111.93,113.87,93858570,FYERS_HISTORY,2026-08-08T23:56:56+05:30
2022-02-23,SMD-0225,TATASTEEL,NSE:TATASTEEL-EQ,114.8,115.26,113.4,113.9,49608380,FYERS_HISTORY,2026-08-08T23:56:56+05:30
2022-02-24,SMD-0225,TATASTEEL,NSE:TATASTEEL-EQ,109.4,112.0,106.71,107.4,121268670,FYERS_HISTORY,2026-08-08T23:56:56+05:30
2022-02-25,SMD-0225,TATASTEEL,NSE:TATASTEEL-EQ,109.77,115.07,109.56,114.54,92128860,FYERS_HISTORY,2026-08-08T23:56:56+05:30
2022-02-28,SMD-0225,TATASTEEL,NSE:TATASTEEL-EQ,113.4,122.5,112.92,122.08,176054460,FYERS_HISTORY,2026-08-08T23:56:56+05:30
2022-03-02,SMD-0225,TATASTEEL,NSE:TATASTEEL-EQ,122.08,129.96,121.86,128.94,248475320,FYERS_HISTORY,2026-08-08T23:56:56+05:30
2022-03-03,SMD-0225,TATASTEEL,NSE:TATASTEEL-EQ,130.6,132.87,129.37,130.33,174503380,FYERS_HISTORY,2026-08-08T23:56:56+05:30
2022-03-04,SMD-0225,TATASTEEL,NSE:TATASTEEL-EQ,130.24,131.99,127.3,127.71,162829230,FYERS_HISTORY,2026-08-08T23:56:56+05:30
2022-03-07,SMD-0225,TATASTEEL,NSE:TATASTEEL-EQ,127.59,130.18,126.4,129.19,110400010,FYERS_HISTORY,2026-08-08T23:56:56+05:30
2022-03-08,SMD-0225,TATASTEEL,NSE:TATASTEEL-EQ,129.3,129.4,124.4,126.95,91078220,FYERS_HISTORY,2026-08-08T23:56:56+05:30
2022-03-09,SMD-0225,TATASTEEL,NSE:TATASTEEL-EQ,127.39,127.68,124.86,125.54,69348880,FYERS_HISTORY,2026-08-08T23:56:56+05:30
2022-03-10,SMD-0225,TATASTEEL,NSE:TATASTEEL-EQ,125.79,131.38,124.1,130.87,136740620,FYERS_HISTORY,2026-08-08T23:56:56+05:30
2022-03-11,SMD-0225,TATASTEEL,NSE:TATASTEEL-EQ,131.5,133.99,129.62,130.17,118822990,FYERS_HISTORY,2026-08-08T23:56:56+05:30
2022-03-14,SMD-0225,TATASTEEL,NSE:TATASTEEL-EQ,130.5,131.17,127.77,129.7,52780820,FYERS_HISTORY,2026-08-08T23:56:56+05:30
2022-03-15,SMD-0225,TATASTEEL,NSE:TATASTEEL-EQ,129.18,129.3,122.8,123.38,96143130,FYERS_HISTORY,2026-08-08T23:56:56+05:30
2022-03-16,SMD-0225,TATASTEEL,NSE:TATASTEEL-EQ,124.5,127.12,124.02,126.53,63024510,FYERS_HISTORY,2026-08-08T23:56:56+05:30
2022-03-17,SMD-0225,TATASTEEL,NSE:TATASTEEL-EQ,127.5,131.78,127.11,130.35,106239760,FYERS_HISTORY,2026-08-08T23:56:56+05:30
2022-03-21,SMD-0225,TATASTEEL,NSE:TATASTEEL-EQ,130.8,133.4,129.45,130.29,84227630,FYERS_HISTORY,2026-08-08T23:56:56+05:30
2022-03-22,SMD-0225,TATASTEEL,NSE:TATASTEEL-EQ,132.0,133.0,128.81,130.2,81795880,FYERS_HISTORY,2026-08-08T23:56:56+05:30
2022-03-23,SMD-0225,TATASTEEL,NSE:TATASTEEL-EQ,132.4,134.78,129.24,133.1,130552380,FYERS_HISTORY,2026-08-08T23:56:56+05:30
2022-03-24,SMD-0225,TATASTEEL,NSE:TATASTEEL-EQ,133.1,135.95,132.6,135.06,94605270,FYERS_HISTORY,2026-08-08T23:56:56+05:30
2022-03-25,SMD-0225,TATASTEEL,NSE:TATASTEEL-EQ,135.49,136.6,133.35,133.9,69457440,FYERS_HISTORY,2026-08-08T23:56:56+05:30
2022-03-28,SMD-0225,TATASTEEL,NSE:TATASTEEL-EQ,134.0,135.5,132.76,133.9,46554910,FYERS_HISTORY,2026-08-08T23:56:56+05:30
2022-03-29,SMD-0225,TATASTEEL,NSE:TATASTEEL-EQ,134.4,134.62,132.7,133.47,43202370,FYERS_HISTORY,2026-08-08T23:56:56+05:30
2022-03-30,SMD-0225,TATASTEEL,NSE:TATASTEEL-EQ,133.5,133.56,130.0,130.81,58483160,FYERS_HISTORY,2026-08-08T23:56:56+05:30
2022-03-31,SMD-0225,TATASTEEL,NSE:TATASTEEL-EQ,130.8,132.04,130.01,130.72,40067950,FYERS_HISTORY,2026-08-08T23:56:56+05:30
2022-04-01,SMD-0225,TATASTEEL,NSE:TATASTEEL-EQ,131.0,134.09,130.54,131.71,55321590,FYERS_HISTORY,2026-08-08T23:56:56+05:30
2022-04-04,SMD-0225,TATASTEEL,NSE:TATASTEEL-EQ,131.71,135.4,131.45,134.19,69670320,FYERS_HISTORY,2026-08-08T23:56:56+05:30
2022-04-05,SMD-0225,TATASTEEL,NSE:TATASTEEL-EQ,134.85,135.8,132.93,134.49,63296420,FYERS_HISTORY,2026-08-08T23:56:56+05:30
2022-04-06,SMD-0225,TATASTEEL,NSE:TATASTEEL-EQ,135.0,138.67,134.68,137.07,114097540,FYERS_HISTORY,2026-08-08T23:56:56+05:30
2022-04-07,SMD-0225,TATASTEEL,NSE:TATASTEEL-EQ,137.7,138.1,134.1,134.95,55650640,FYERS_HISTORY,2026-08-08T23:56:56+05:30
2022-04-08,SMD-0225,TATASTEEL,NSE:TATASTEEL-EQ,136.1,138.0,135.63,137.07,52287710,FYERS_HISTORY,2026-08-08T23:56:56+05:30
2022-04-11,SMD-0225,TATASTEEL,NSE:TATASTEEL-EQ,137.07,138.4,135.3,135.79,44778820,FYERS_HISTORY,2026-08-08T23:56:56+05:30
2022-04-12,SMD-0225,TATASTEEL,NSE:TATASTEEL-EQ,135.3,136.0,129.61,132.03,69191680,FYERS_HISTORY,2026-08-08T23:56:56+05:30
2022-04-13,SMD-0225,TATASTEEL,NSE:TATASTEEL-EQ,133.5,134.6,131.5,131.95,44937800,FYERS_HISTORY,2026-08-08T23:56:56+05:30
2022-04-18,SMD-0225,TATASTEEL,NSE:TATASTEEL-EQ,133.19,135.81,132.89,133.91,80700420,FYERS_HISTORY,2026-08-08T23:56:56+05:30
2022-04-19,SMD-0225,TATASTEEL,NSE:TATASTEEL-EQ,135.26,136.67,130.9,132.66,64772190,FYERS_HISTORY,2026-08-08T23:56:56+05:30
2022-04-20,SMD-0225,TATASTEEL,NSE:TATASTEEL-EQ,132.97,133.65,130.31,131.43,54100210,FYERS_HISTORY,2026-08-08T23:56:56+05:30
2022-04-21,SMD-0225,TATASTEEL,NSE:TATASTEEL-EQ,131.6,132.28,128.59,130.22,66690280,FYERS_HISTORY,2026-08-08T23:56:56+05:30
2022-04-22,SMD-0225,TATASTEEL,NSE:TATASTEEL-EQ,130.16,131.16,127.38,127.76,55848230,FYERS_HISTORY,2026-08-08T23:56:56+05:30
2022-04-25,SMD-0225,TATASTEEL,NSE:TATASTEEL-EQ,125.0,126.3,121.28,122.04,72310460,FYERS_HISTORY,2026-08-08T23:56:56+05:30
2022-04-26,SMD-0225,TATASTEEL,NSE:TATASTEEL-EQ,123.5,124.17,122.5,123.36,44812710,FYERS_HISTORY,2026-08-08T23:56:56+05:30
2022-04-27,SMD-0225,TATASTEEL,NSE:TATASTEEL-EQ,122.7,125.5,121.04,124.67,71209740,FYERS_HISTORY,2026-08-08T23:56:56+05:30
2022-04-28,SMD-0225,TATASTEEL,NSE:TATASTEEL-EQ,125.95,126.87,124.3,126.09,51295830,FYERS_HISTORY,2026-08-08T23:56:56+05:30
2022-04-29,SMD-0225,TATASTEEL,NSE:TATASTEEL-EQ,126.8,129.17,126.57,127.11,57173520,FYERS_HISTORY,2026-08-08T23:56:56+05:30
2022-05-02,SMD-0225,TATASTEEL,NSE:TATASTEEL-EQ,125.7,130.28,124.88,129.52,54426170,FYERS_HISTORY,2026-08-08T23:56:56+05:30
2022-05-04,SMD-0225,TATASTEEL,NSE:TATASTEEL-EQ,132.73,133.0,125.45,126.14,138374020,FYERS_HISTORY,2026-08-08T23:56:56+05:30
2022-05-05,SMD-0225,TATASTEEL,NSE:TATASTEEL-EQ,128.0,131.65,127.8,128.43,87338160,FYERS_HISTORY,2026-08-08T23:56:56+05:30
2022-05-06,SMD-0225,TATASTEEL,NSE:TATASTEEL-EQ,126.8,129.0,124.3,128.37,69256760,FYERS_HISTORY,2026-08-08T23:56:56+05:30
2022-05-09,SMD-0225,TATASTEEL,NSE:TATASTEEL-EQ,126.0,127.42,124.4,125.23,50552970,FYERS_HISTORY,2026-08-08T23:56:56+05:30
2022-05-10,SMD-0225,TATASTEEL,NSE:TATASTEEL-EQ,125.1,125.47,115.86,116.49,145537420,FYERS_HISTORY,2026-08-08T23:56:56+05:30
2022-05-11,SMD-0225,TATASTEEL,NSE:TATASTEEL-EQ,117.5,119.09,112.34,116.57,107063150,FYERS_HISTORY,2026-08-08T23:56:56+05:30
2022-05-12,SMD-0225,TATASTEEL,NSE:TATASTEEL-EQ,115.69,116.24,110.3,111.77,94191610,FYERS_HISTORY,2026-08-08T23:56:56+05:30
2022-05-13,SMD-0225,TATASTEEL,NSE:TATASTEEL-EQ,113.5,115.18,109.2,109.7,82924410,FYERS_HISTORY,2026-08-08T23:56:56+05:30
2022-05-16,SMD-0225,TATASTEEL,NSE:TATASTEEL-EQ,111.9,113.48,109.4,110.35,62665270,FYERS_HISTORY,2026-08-08T23:56:56+05:30
2022-05-17,SMD-0225,TATASTEEL,NSE:TATASTEEL-EQ,112.4,119.72,111.54,118.87,112876010,FYERS_HISTORY,2026-08-08T23:56:56+05:30
2022-05-18,SMD-0225,TATASTEEL,NSE:TATASTEEL-EQ,119.7,120.9,117.5,118.03,81575800,FYERS_HISTORY,2026-08-08T23:56:56+05:30
2022-05-19,SMD-0225,TATASTEEL,NSE:TATASTEEL-EQ,115.1,115.49,111.52,112.22,66545630,FYERS_HISTORY,2026-08-08T23:56:56+05:30
2022-05-20,SMD-0225,TATASTEEL,NSE:TATASTEEL-EQ,116.24,117.84,114.12,117.06,65527500,FYERS_HISTORY,2026-08-08T23:56:56+05:30
2022-05-23,SMD-0225,TATASTEEL,NSE:TATASTEEL-EQ,109.7,109.7,100.16,102.3,273883460,FYERS_HISTORY,2026-08-08T23:56:56+05:30
2022-05-24,SMD-0225,TATASTEEL,NSE:TATASTEEL-EQ,103.1,103.99,100.2,100.64,123116660,FYERS_HISTORY,2026-08-08T23:56:56+05:30
2022-05-25,SMD-0225,TATASTEEL,NSE:TATASTEEL-EQ,100.64,101.84,99.18,99.91,99343400,FYERS_HISTORY,2026-08-08T23:56:56+05:30
2022-05-26,SMD-0225,TATASTEEL,NSE:TATASTEEL-EQ,100.7,106.76,99.53,105.2,150536730,FYERS_HISTORY,2026-08-08T23:56:56+05:30
2022-05-27,SMD-0225,TATASTEEL,NSE:TATASTEEL-EQ,106.25,106.77,103.2,104.35,74772200,FYERS_HISTORY,2026-08-08T23:56:56+05:30
2022-05-30,SMD-0225,TATASTEEL,NSE:TATASTEEL-EQ,105.9,106.38,104.35,104.75,72701590,FYERS_HISTORY,2026-08-08T23:56:56+05:30
2022-05-31,SMD-0225,TATASTEEL,NSE:TATASTEEL-EQ,104.5,107.19,103.7,105.57,121248850,FYERS_HISTORY,2026-08-08T23:56:56+05:30
2022-06-01,SMD-0225,TATASTEEL,NSE:TATASTEEL-EQ,106.55,107.9,105.33,106.36,94055290,FYERS_HISTORY,2026-08-08T23:56:56+05:30
2022-06-02,SMD-0225,TATASTEEL,NSE:TATASTEEL-EQ,106.78,108.48,105.91,108.16,79177040,FYERS_HISTORY,2026-08-08T23:56:56+05:30
2022-06-03,SMD-0225,TATASTEEL,NSE:TATASTEEL-EQ,109.2,109.28,106.5,106.73,53954860,FYERS_HISTORY,2026-08-08T23:56:56+05:30
2022-06-06,SMD-0225,TATASTEEL,NSE:TATASTEEL-EQ,106.5,108.29,104.92,107.81,57262490,FYERS_HISTORY,2026-08-08T23:56:56+05:30
2022-06-07,SMD-0225,TATASTEEL,NSE:TATASTEEL-EQ,106.7,108.15,106.36,106.85,43341570,FYERS_HISTORY,2026-08-08T23:56:56+05:30
2022-06-08,SMD-0225,TATASTEEL,NSE:TATASTEEL-EQ,108.1,108.89,107.41,108.68,64734340,FYERS_HISTORY,2026-08-08T23:56:56+05:30
2022-06-09,SMD-0225,TATASTEEL,NSE:TATASTEEL-EQ,107.5,108.73,104.12,104.49,98547810,FYERS_HISTORY,2026-08-08T23:56:56+05:30
2022-06-10,SMD-0225,TATASTEEL,NSE:TATASTEEL-EQ,103.0,103.14,101.07,102.37,95225630,FYERS_HISTORY,2026-08-08T23:56:56+05:30
2022-06-13,SMD-0225,TATASTEEL,NSE:TATASTEEL-EQ,100.43,101.2,99.0,99.2,82235750,FYERS_HISTORY,2026-08-08T23:56:56+05:30
2022-06-14,SMD-0225,TATASTEEL,NSE:TATASTEEL-EQ,98.83,101.37,98.56,99.62,77202600,FYERS_HISTORY,2026-08-08T23:56:56+05:30
2022-06-15,SMD-0225,TATASTEEL,NSE:TATASTEEL-EQ,95.4,97.43,95.07,95.96,92443330,FYERS_HISTORY,2026-08-08T23:56:56+05:30
2022-06-16,SMD-0225,TATASTEEL,NSE:TATASTEEL-EQ,97.5,97.5,89.82,90.17,122741050,FYERS_HISTORY,2026-08-08T23:56:56+05:30
2022-06-17,SMD-0225,TATASTEEL,NSE:TATASTEEL-EQ,89.8,92.74,89.55,90.67,121290260,FYERS_HISTORY,2026-08-08T23:56:56+05:30
2022-06-20,SMD-0225,TATASTEEL,NSE:TATASTEEL-EQ,90.5,90.5,84.27,86.14,139866890,FYERS_HISTORY,2026-08-08T23:56:56+05:30
2022-06-21,SMD-0225,TATASTEEL,NSE:TATASTEEL-EQ,87.5,89.55,86.4,88.48,124526970,FYERS_HISTORY,2026-08-08T23:56:56+05:30
2022-06-22,SMD-0225,TATASTEEL,NSE:TATASTEEL-EQ,87.3,87.39,83.57,83.81,109877390,FYERS_HISTORY,2026-08-08T23:56:56+05:30
2022-06-23,SMD-0225,TATASTEEL,NSE:TATASTEEL-EQ,84.0,85.6,82.7,84.13,111515840,FYERS_HISTORY,2026-08-08T23:56:56+05:30
2022-06-24,SMD-0225,TATASTEEL,NSE:TATASTEEL-EQ,85.0,86.48,84.47,85.29,85433810,FYERS_HISTORY,2026-08-08T23:56:56+05:30
2022-06-27,SMD-0225,TATASTEEL,NSE:TATASTEEL-EQ,87.05,87.89,86.31,86.79,72814730,FYERS_HISTORY,2026-08-08T23:56:56+05:30
2022-06-28,SMD-0225,TATASTEEL,NSE:TATASTEEL-EQ,86.6,88.44,86.04,87.89,84647330,FYERS_HISTORY,2026-08-08T23:56:56+05:30
2022-06-29,SMD-0225,TATASTEEL,NSE:TATASTEEL-EQ,87.0,88.88,86.85,88.16,72318470,FYERS_HISTORY,2026-08-08T23:56:56+05:30
2022-06-30,SMD-0225,TATASTEEL,NSE:TATASTEEL-EQ,88.15,89.45,86.33,86.71,84672090,FYERS_HISTORY,2026-08-08T23:56:56+05:30
2022-07-01,SMD-0225,TATASTEEL,NSE:TATASTEEL-EQ,86.7,87.5,85.91,87.29,54761890,FYERS_HISTORY,2026-08-08T23:56:56+05:30
2022-07-04,SMD-0225,TATASTEEL,NSE:TATASTEEL-EQ,86.85,87.12,84.33,85.46,77554410,FYERS_HISTORY,2026-08-08T23:56:56+05:30
2022-07-05,SMD-0225,TATASTEEL,NSE:TATASTEEL-EQ,86.2,87.92,85.78,86.02,79058290,FYERS_HISTORY,2026-08-08T23:56:56+05:30
2022-07-06,SMD-0225,TATASTEEL,NSE:TATASTEEL-EQ,85.85,86.11,83.81,85.82,81439710,FYERS_HISTORY,2026-08-08T23:56:56+05:30
2022-07-07,SMD-0225,TATASTEEL,NSE:TATASTEEL-EQ,86.7,90.66,85.85,90.0,111007940,FYERS_HISTORY,2026-08-08T23:56:56+05:30
2022-07-08,SMD-0225,TATASTEEL,NSE:TATASTEEL-EQ,91.79,91.79,88.05,88.59,112000630,FYERS_HISTORY,2026-08-08T23:56:56+05:30
2022-07-11,SMD-0225,TATASTEEL,NSE:TATASTEEL-EQ,88.52,92.9,87.51,91.28,150193340,FYERS_HISTORY,2026-08-08T23:56:56+05:30
2022-07-12,SMD-0225,TATASTEEL,NSE:TATASTEEL-EQ,90.49,91.6,89.36,90.21,100175050,FYERS_HISTORY,2026-08-08T23:56:56+05:30
2022-07-13,SMD-0225,TATASTEEL,NSE:TATASTEEL-EQ,90.6,91.42,90.07,90.49,70135110,FYERS_HISTORY,2026-08-08T23:56:56+05:30
2022-07-14,SMD-0225,TATASTEEL,NSE:TATASTEEL-EQ,91.0,91.1,89.5,90.8,74498580,FYERS_HISTORY,2026-08-08T23:56:56+05:30
2022-07-15,SMD-0225,TATASTEEL,NSE:TATASTEEL-EQ,90.5,91.03,87.75,88.38,81253510,FYERS_HISTORY,2026-08-08T23:56:56+05:30
2022-07-18,SMD-0225,TATASTEEL,NSE:TATASTEEL-EQ,89.7,90.8,89.23,90.43,73060810,FYERS_HISTORY,2026-08-08T23:56:56+05:30
2022-07-19,SMD-0225,TATASTEEL,NSE:TATASTEEL-EQ,90.1,92.19,90.1,91.95,85341580,FYERS_HISTORY,2026-08-08T23:56:56+05:30
2022-07-20,SMD-0225,TATASTEEL,NSE:TATASTEEL-EQ,93.6,93.8,92.52,92.85,77088650,FYERS_HISTORY,2026-08-08T23:56:56+05:30
2022-07-21,SMD-0225,TATASTEEL,NSE:TATASTEEL-EQ,93.0,93.89,92.45,93.43,50877140,FYERS_HISTORY,2026-08-08T23:56:56+05:30
2022-07-22,SMD-0225,TATASTEEL,NSE:TATASTEEL-EQ,94.25,94.4,93.2,93.61,48608940,FYERS_HISTORY,2026-08-08T23:56:56+05:30
2022-07-25,SMD-0225,TATASTEEL,NSE:TATASTEEL-EQ,93.5,96.49,93.36,96.07,99635630,FYERS_HISTORY,2026-08-08T23:56:56+05:30
2022-07-26,SMD-0225,TATASTEEL,NSE:TATASTEEL-EQ,97.2,97.67,94.61,94.95,126264690,FYERS_HISTORY,2026-08-08T23:56:56+05:30
2022-07-27,SMD-0225,TATASTEEL,NSE:TATASTEEL-EQ,95.1,96.16,94.36,95.94,52559020,FYERS_HISTORY,2026-08-08T23:56:56+05:30
2022-07-28,SMD-0225,TATASTEEL,NSE:TATASTEEL-EQ,98.1,102.0,97.15,100.35,137156107,FYERS_HISTORY,2026-08-08T23:56:56+05:30
2022-07-29,SMD-0225,TATASTEEL,NSE:TATASTEEL-EQ,103.0,109.3,102.15,107.6,166959934,FYERS_HISTORY,2026-08-08T23:56:56+05:30
2022-08-01,SMD-0225,TATASTEEL,NSE:TATASTEEL-EQ,110.5,111.45,106.15,108.25,125365761,FYERS_HISTORY,2026-08-08T23:56:56+05:30
2022-08-02,SMD-0225,TATASTEEL,NSE:TATASTEEL-EQ,108.0,108.0,105.35,107.0,64935371,FYERS_HISTORY,2026-08-08T23:56:56+05:30
2022-08-03,SMD-0225,TATASTEEL,NSE:TATASTEEL-EQ,107.0,108.45,106.0,107.05,61428846,FYERS_HISTORY,2026-08-08T23:56:56+05:30
2022-08-04,SMD-0225,TATASTEEL,NSE:TATASTEEL-EQ,107.5,109.5,106.05,107.7,79526154,FYERS_HISTORY,2026-08-08T23:56:56+05:30
2022-08-05,SMD-0225,TATASTEEL,NSE:TATASTEEL-EQ,107.65,109.25,107.1,107.35,54469112,FYERS_HISTORY,2026-08-08T23:56:56+05:30
2022-08-08,SMD-0225,TATASTEEL,NSE:TATASTEEL-EQ,107.85,108.15,106.7,107.2,41384943,FYERS_HISTORY,2026-08-08T23:56:56+05:30
2022-08-10,SMD-0225,TATASTEEL,NSE:TATASTEEL-EQ,107.9,109.9,106.5,109.2,73880698,FYERS_HISTORY,2026-08-08T23:56:56+05:30
2022-08-11,SMD-0225,TATASTEEL,NSE:TATASTEEL-EQ,110.3,110.65,108.6,109.1,75321498,FYERS_HISTORY,2026-08-08T23:56:56+05:30
2022-08-12,SMD-0225,TATASTEEL,NSE:TATASTEEL-EQ,109.35,112.9,108.8,112.65,95942333,FYERS_HISTORY,2026-08-08T23:56:56+05:30
2022-08-16,SMD-0225,TATASTEEL,NSE:TATASTEEL-EQ,113.7,113.7,111.1,113.0,69207437,FYERS_HISTORY,2026-08-08T23:56:56+05:30
2022-08-17,SMD-0225,TATASTEEL,NSE:TATASTEEL-EQ,113.5,113.5,112.25,112.5,54008422,FYERS_HISTORY,2026-08-08T23:56:56+05:30
2022-08-18,SMD-0225,TATASTEEL,NSE:TATASTEEL-EQ,112.5,113.0,111.4,112.55,49396425,FYERS_HISTORY,2026-08-08T23:56:56+05:30
2022-08-19,SMD-0225,TATASTEEL,NSE:TATASTEEL-EQ,112.55,112.9,109.55,110.05,57134813,FYERS_HISTORY,2026-08-08T23:56:56+05:30
2022-08-22,SMD-0225,TATASTEEL,NSE:TATASTEEL-EQ,109.5,109.6,104.7,105.05,74037526,FYERS_HISTORY,2026-08-08T23:56:56+05:30
2022-08-23,SMD-0225,TATASTEEL,NSE:TATASTEEL-EQ,104.2,108.25,103.5,107.6,70531639,FYERS_HISTORY,2026-08-08T23:56:56+05:30
2022-08-24,SMD-0225,TATASTEEL,NSE:TATASTEEL-EQ,107.55,108.15,105.75,106.55,55686404,FYERS_HISTORY,2026-08-08T23:56:56+05:30
2022-08-25,SMD-0225,TATASTEEL,NSE:TATASTEEL-EQ,107.05,107.9,105.75,106.25,42186335,FYERS_HISTORY,2026-08-08T23:56:56+05:30
2022-08-26,SMD-0225,TATASTEEL,NSE:TATASTEEL-EQ,107.25,109.2,107.1,107.35,71257092,FYERS_HISTORY,2026-08-08T23:56:56+05:30
2022-08-29,SMD-0225,TATASTEEL,NSE:TATASTEEL-EQ,104.05,105.65,103.25,104.85,59895805,FYERS_HISTORY,2026-08-08T23:56:56+05:30
2022-08-30,SMD-0225,TATASTEEL,NSE:TATASTEEL-EQ,106.5,108.5,106.05,108.3,67401780,FYERS_HISTORY,2026-08-08T23:56:56+05:30
2022-09-01,SMD-0225,TATASTEEL,NSE:TATASTEEL-EQ,107.0,107.75,105.9,106.4,52454732,FYERS_HISTORY,2026-08-08T23:56:56+05:30
2022-09-02,SMD-0225,TATASTEEL,NSE:TATASTEEL-EQ,107.0,107.0,105.0,105.5,45601352,FYERS_HISTORY,2026-08-08T23:56:56+05:30
2022-09-05,SMD-0225,TATASTEEL,NSE:TATASTEEL-EQ,106.05,107.3,105.8,106.9,40352735,FYERS_HISTORY,2026-08-08T23:56:56+05:30
2022-09-06,SMD-0225,TATASTEEL,NSE:TATASTEEL-EQ,107.4,108.8,106.05,108.6,59505849,FYERS_HISTORY,2026-08-08T23:56:56+05:30
2022-09-07,SMD-0225,TATASTEEL,NSE:TATASTEEL-EQ,107.55,108.9,107.1,107.6,43945660,FYERS_HISTORY,2026-08-08T23:56:56+05:30
2022-09-08,SMD-0225,TATASTEEL,NSE:TATASTEEL-EQ,108.4,108.4,105.35,105.85,71228405,FYERS_HISTORY,2026-08-08T23:56:56+05:30
2022-09-09,SMD-0225,TATASTEEL,NSE:TATASTEEL-EQ,107.0,107.35,105.5,105.7,63647166,FYERS_HISTORY,2026-08-08T23:56:56+05:30
2022-09-12,SMD-0225,TATASTEEL,NSE:TATASTEEL-EQ,106.8,107.95,106.5,107.75,40838533,FYERS_HISTORY,2026-08-08T23:56:56+05:30
2022-09-13,SMD-0225,TATASTEEL,NSE:TATASTEEL-EQ,108.0,108.7,107.55,107.75,44179394,FYERS_HISTORY,2026-08-08T23:56:56+05:30
2022-09-14,SMD-0225,TATASTEEL,NSE:TATASTEEL-EQ,106.3,110.4,105.8,109.15,86379872,FYERS_HISTORY,2026-08-08T23:56:56+05:30
2022-09-15,SMD-0225,TATASTEEL,NSE:TATASTEEL-EQ,108.65,109.0,106.5,107.0,62926791,FYERS_HISTORY,2026-08-08T23:56:56+05:30
2022-09-16,SMD-0225,TATASTEEL,NSE:TATASTEEL-EQ,106.2,107.5,105.0,105.7,107967267,FYERS_HISTORY,2026-08-08T23:56:56+05:30
2022-09-19,SMD-0225,TATASTEEL,NSE:TATASTEEL-EQ,106.2,106.2,103.0,103.1,51146568,FYERS_HISTORY,2026-08-08T23:56:56+05:30
2022-09-20,SMD-0225,TATASTEEL,NSE:TATASTEEL-EQ,104.2,106.35,104.0,105.8,52140254,FYERS_HISTORY,2026-08-08T23:56:56+05:30
2022-09-21,SMD-0225,TATASTEEL,NSE:TATASTEEL-EQ,105.8,107.2,104.3,104.45,46142823,FYERS_HISTORY,2026-08-08T23:56:56+05:30
2022-09-22,SMD-0225,TATASTEEL,NSE:TATASTEEL-EQ,104.45,105.3,103.5,103.6,61380323,FYERS_HISTORY,2026-08-08T23:56:56+05:30
2022-09-23,SMD-0225,TATASTEEL,NSE:TATASTEEL-EQ,106.2,107.9,103.75,104.3,109765520,FYERS_HISTORY,2026-08-08T23:56:56+05:30
2022-09-26,SMD-0225,TATASTEEL,NSE:TATASTEEL-EQ,104.4,104.45,98.5,99.85,101291962,FYERS_HISTORY,2026-08-08T23:56:56+05:30
2022-09-27,SMD-0225,TATASTEEL,NSE:TATASTEEL-EQ,101.35,101.35,96.5,97.65,104949032,FYERS_HISTORY,2026-08-08T23:56:56+05:30
2022-09-28,SMD-0225,TATASTEEL,NSE:TATASTEEL-EQ,96.55,97.85,95.0,95.2,71724106,FYERS_HISTORY,2026-08-08T23:56:56+05:30
2022-09-29,SMD-0225,TATASTEEL,NSE:TATASTEEL-EQ,97.0,98.25,96.4,96.85,60884592,FYERS_HISTORY,2026-08-08T23:56:56+05:30
2022-09-30,SMD-0225,TATASTEEL,NSE:TATASTEEL-EQ,96.85,100.4,95.7,99.3,66436616,FYERS_HISTORY,2026-08-08T23:56:56+05:30
2022-10-03,SMD-0225,TATASTEEL,NSE:TATASTEEL-EQ,99.6,99.65,98.0,98.35,37282313,FYERS_HISTORY,2026-08-08T23:56:56+05:30
2022-10-04,SMD-0225,TATASTEEL,NSE:TATASTEEL-EQ,100.3,101.5,100.0,101.15,40186702,FYERS_HISTORY,2026-08-08T23:56:56+05:30
2022-10-06,SMD-0225,TATASTEEL,NSE:TATASTEEL-EQ,102.0,103.8,101.75,103.55,48169310,FYERS_HISTORY,2026-08-08T23:56:56+05:30
2022-10-07,SMD-0225,TATASTEEL,NSE:TATASTEEL-EQ,103.3,103.5,101.9,103.3,36080875,FYERS_HISTORY,2026-08-08T23:56:56+05:30
2022-10-10,SMD-0225,TATASTEEL,NSE:TATASTEEL-EQ,102.0,103.5,101.15,103.2,36641275,FYERS_HISTORY,2026-08-08T23:56:56+05:30
2022-10-11,SMD-0225,TATASTEEL,NSE:TATASTEEL-EQ,103.55,103.65,99.8,100.35,41083734,FYERS_HISTORY,2026-08-08T23:56:56+05:30
2022-10-12,SMD-0225,TATASTEEL,NSE:TATASTEEL-EQ,100.35,101.2,99.0,100.55,41357469,FYERS_HISTORY,2026-08-08T23:56:56+05:30
2022-10-13,SMD-0225,TATASTEEL,NSE:TATASTEEL-EQ,101.1,101.8,98.8,100.1,34668093,FYERS_HISTORY,2026-08-08T23:56:56+05:30
2022-10-14,SMD-0225,TATASTEEL,NSE:TATASTEEL-EQ,101.85,102.8,99.9,100.1,32456805,FYERS_HISTORY,2026-08-08T23:56:56+05:30
2022-10-17,SMD-0225,TATASTEEL,NSE:TATASTEEL-EQ,99.75,100.4,98.1,99.55,37568783,FYERS_HISTORY,2026-08-08T23:56:56+05:30
2022-10-18,SMD-0225,TATASTEEL,NSE:TATASTEEL-EQ,100.3,101.0,99.8,100.65,30722156,FYERS_HISTORY,2026-08-08T23:56:56+05:30
2022-10-19,SMD-0225,TATASTEEL,NSE:TATASTEEL-EQ,100.6,101.25,99.7,100.05,38764542,FYERS_HISTORY,2026-08-08T23:56:56+05:30
2022-10-20,SMD-0225,TATASTEEL,NSE:TATASTEEL-EQ,99.5,101.2,98.8,100.9,38091315,FYERS_HISTORY,2026-08-08T23:56:56+05:30
2022-10-21,SMD-0225,TATASTEEL,NSE:TATASTEEL-EQ,100.85,101.45,99.35,100.2,30973997,FYERS_HISTORY,2026-08-08T23:56:56+05:30
2022-10-24,SMD-0225,TATASTEEL,NSE:TATASTEEL-EQ,102.0,102.1,101.0,101.2,7480281,FYERS_HISTORY,2026-08-08T23:56:56+05:30
2022-10-25,SMD-0225,TATASTEEL,NSE:TATASTEEL-EQ,101.15,102.5,100.7,101.2,37163180,FYERS_HISTORY,2026-08-08T23:56:56+05:30
2022-10-27,SMD-0225,TATASTEEL,NSE:TATASTEEL-EQ,102.25,104.65,102.05,104.2,74349009,FYERS_HISTORY,2026-08-08T23:56:56+05:30
2022-10-28,SMD-0225,TATASTEEL,NSE:TATASTEEL-EQ,104.1,104.6,100.8,101.6,51006232,FYERS_HISTORY,2026-08-08T23:56:56+05:30
2022-10-31,SMD-0225,TATASTEEL,NSE:TATASTEEL-EQ,101.9,102.15,100.3,101.55,38715841,FYERS_HISTORY,2026-08-08T23:56:56+05:30
2022-11-01,SMD-0225,TATASTEEL,NSE:TATASTEEL-EQ,98.55,101.45,98.55,101.2,69031178,FYERS_HISTORY,2026-08-08T23:56:56+05:30
2022-11-02,SMD-0225,TATASTEEL,NSE:TATASTEEL-EQ,101.0,103.0,100.8,101.25,42336049,FYERS_HISTORY,2026-08-08T23:56:56+05:30
2022-11-03,SMD-0225,TATASTEEL,NSE:TATASTEEL-EQ,100.75,102.45,100.0,102.0,39110676,FYERS_HISTORY,2026-08-08T23:56:56+05:30
2022-11-04,SMD-0225,TATASTEEL,NSE:TATASTEEL-EQ,102.5,105.0,102.2,104.75,70299020,FYERS_HISTORY,2026-08-08T23:56:56+05:30
2022-11-07,SMD-0225,TATASTEEL,NSE:TATASTEEL-EQ,105.9,107.45,104.6,106.7,74426059,FYERS_HISTORY,2026-08-08T23:56:56+05:30
2022-11-09,SMD-0225,TATASTEEL,NSE:TATASTEEL-EQ,107.25,107.55,105.55,106.1,38295904,FYERS_HISTORY,2026-08-08T23:56:56+05:30
2022-11-10,SMD-0225,TATASTEEL,NSE:TATASTEEL-EQ,105.2,106.0,104.45,104.7,27864285,FYERS_HISTORY,2026-08-08T23:56:56+05:30
2022-11-11,SMD-0225,TATASTEEL,NSE:TATASTEEL-EQ,106.25,108.2,106.25,107.55,77933417,FYERS_HISTORY,2026-08-08T23:56:56+05:30
2022-11-14,SMD-0225,TATASTEEL,NSE:TATASTEEL-EQ,108.5,110.0,108.25,108.7,55474425,FYERS_HISTORY,2026-08-08T23:56:56+05:30
2022-11-15,SMD-0225,TATASTEEL,NSE:TATASTEEL-EQ,109.0,109.35,107.2,108.55,35007427,FYERS_HISTORY,2026-08-08T23:56:56+05:30
2022-11-16,SMD-0225,TATASTEEL,NSE:TATASTEEL-EQ,108.45,108.8,105.2,106.55,40404167,FYERS_HISTORY,2026-08-08T23:56:56+05:30
2022-11-17,SMD-0225,TATASTEEL,NSE:TATASTEEL-EQ,105.9,106.8,104.5,105.85,32894825,FYERS_HISTORY,2026-08-08T23:56:56+05:30
2022-11-18,SMD-0225,TATASTEEL,NSE:TATASTEEL-EQ,105.85,106.3,104.7,105.5,28992538,FYERS_HISTORY,2026-08-08T23:56:56+05:30
2022-11-21,SMD-0225,TATASTEEL,NSE:TATASTEEL-EQ,107.7,107.7,103.85,104.25,58404309,FYERS_HISTORY,2026-08-08T23:56:56+05:30
2022-11-22,SMD-0225,TATASTEEL,NSE:TATASTEEL-EQ,104.4,105.4,103.55,105.2,27846186,FYERS_HISTORY,2026-08-08T23:56:56+05:30
2022-11-23,SMD-0225,TATASTEEL,NSE:TATASTEEL-EQ,105.7,106.0,104.95,105.45,22809651,FYERS_HISTORY,2026-08-08T23:56:56+05:30
2022-11-24,SMD-0225,TATASTEEL,NSE:TATASTEEL-EQ,105.85,105.95,104.6,105.5,23737867,FYERS_HISTORY,2026-08-08T23:56:56+05:30
2022-11-25,SMD-0225,TATASTEEL,NSE:TATASTEEL-EQ,105.6,106.5,105.1,106.2,27361785,FYERS_HISTORY,2026-08-08T23:56:56+05:30
2022-11-28,SMD-0225,TATASTEEL,NSE:TATASTEEL-EQ,106.0,106.4,104.5,104.9,33516118,FYERS_HISTORY,2026-08-08T23:56:56+05:30
2022-11-29,SMD-0225,TATASTEEL,NSE:TATASTEEL-EQ,105.0,107.65,104.95,106.1,40661568,FYERS_HISTORY,2026-08-08T23:56:56+05:30
2022-11-30,SMD-0225,TATASTEEL,NSE:TATASTEEL-EQ,106.1,107.95,105.9,107.65,61142050,FYERS_HISTORY,2026-08-08T23:56:56+05:30
2022-12-01,SMD-0225,TATASTEEL,NSE:TATASTEEL-EQ,108.7,111.3,108.0,110.75,91702642,FYERS_HISTORY,2026-08-08T23:56:56+05:30
2022-12-02,SMD-0225,TATASTEEL,NSE:TATASTEEL-EQ,110.8,112.5,110.15,112.0,70541914,FYERS_HISTORY,2026-08-08T23:56:56+05:30
2022-12-05,SMD-0225,TATASTEEL,NSE:TATASTEEL-EQ,113.3,116.1,112.65,115.85,96441799,FYERS_HISTORY,2026-08-08T23:56:56+05:30
2022-12-06,SMD-0225,TATASTEEL,NSE:TATASTEEL-EQ,115.35,115.35,112.25,112.95,50581245,FYERS_HISTORY,2026-08-08T23:56:56+05:30
2022-12-07,SMD-0225,TATASTEEL,NSE:TATASTEEL-EQ,113.4,113.5,110.85,111.2,39494279,FYERS_HISTORY,2026-08-08T23:56:56+05:30
2022-12-08,SMD-0225,TATASTEEL,NSE:TATASTEEL-EQ,111.75,113.0,110.8,111.85,32416724,FYERS_HISTORY,2026-08-08T23:56:56+05:30
2022-12-09,SMD-0225,TATASTEEL,NSE:TATASTEEL-EQ,112.8,113.75,109.7,110.45,35665257,FYERS_HISTORY,2026-08-08T23:56:56+05:30
2022-12-12,SMD-0225,TATASTEEL,NSE:TATASTEEL-EQ,110.2,112.1,108.7,111.7,37082389,FYERS_HISTORY,2026-08-08T23:56:56+05:30
2022-12-13,SMD-0225,TATASTEEL,NSE:TATASTEEL-EQ,112.55,112.85,110.8,111.2,32264080,FYERS_HISTORY,2026-08-08T23:56:56+05:30
2022-12-14,SMD-0225,TATASTEEL,NSE:TATASTEEL-EQ,111.6,113.2,111.1,113.05,38606984,FYERS_HISTORY,2026-08-08T23:56:56+05:30
2022-12-15,SMD-0225,TATASTEEL,NSE:TATASTEEL-EQ,112.65,113.45,110.7,110.95,34361613,FYERS_HISTORY,2026-08-08T23:56:56+05:30
2022-12-16,SMD-0225,TATASTEEL,NSE:TATASTEEL-EQ,110.35,112.1,109.45,111.05,34736665,FYERS_HISTORY,2026-08-08T23:56:56+05:30
2022-12-19,SMD-0225,TATASTEEL,NSE:TATASTEEL-EQ,111.05,112.1,110.8,111.8,17297590,FYERS_HISTORY,2026-08-08T23:56:56+05:30
2022-12-20,SMD-0225,TATASTEEL,NSE:TATASTEEL-EQ,111.15,111.5,109.0,110.95,34836506,FYERS_HISTORY,2026-08-08T23:56:56+05:30
2022-12-21,SMD-0225,TATASTEEL,NSE:TATASTEEL-EQ,111.8,112.0,108.7,109.4,32303565,FYERS_HISTORY,2026-08-08T23:56:56+05:30
2022-12-22,SMD-0225,TATASTEEL,NSE:TATASTEEL-EQ,110.0,110.6,106.35,107.65,39639329,FYERS_HISTORY,2026-08-08T23:56:56+05:30
2022-12-23,SMD-0225,TATASTEEL,NSE:TATASTEEL-EQ,106.0,106.75,101.95,102.25,46756489,FYERS_HISTORY,2026-08-08T23:56:56+05:30
2022-12-26,SMD-0225,TATASTEEL,NSE:TATASTEEL-EQ,102.8,105.55,101.65,105.0,33995681,FYERS_HISTORY,2026-08-08T23:56:56+05:30
2022-12-27,SMD-0225,TATASTEEL,NSE:TATASTEEL-EQ,106.65,111.55,105.85,111.15,76033410,FYERS_HISTORY,2026-08-08T23:56:56+05:30
2022-12-28,SMD-0225,TATASTEEL,NSE:TATASTEEL-EQ,111.05,112.3,109.7,110.0,50660601,FYERS_HISTORY,2026-08-08T23:56:56+05:30
2022-12-29,SMD-0225,TATASTEEL,NSE:TATASTEEL-EQ,109.0,112.0,108.85,111.75,51751642,FYERS_HISTORY,2026-08-08T23:56:56+05:30
2022-12-30,SMD-0225,TATASTEEL,NSE:TATASTEEL-EQ,112.9,114.75,112.1,112.65,56048485,FYERS_HISTORY,2026-08-08T23:56:56+05:30
2023-01-02,SMD-0225,TATASTEEL,NSE:TATASTEEL-EQ,114.4,119.7,113.75,119.25,143444095,FYERS_HISTORY,2026-08-08T23:56:56+05:30
2023-01-03,SMD-0225,TATASTEEL,NSE:TATASTEEL-EQ,119.8,120.5,117.75,118.45,74419090,FYERS_HISTORY,2026-08-08T23:56:56+05:30
2023-01-04,SMD-0225,TATASTEEL,NSE:TATASTEEL-EQ,118.75,119.05,115.35,115.75,55634568,FYERS_HISTORY,2026-08-08T23:56:56+05:30
2023-01-05,SMD-0225,TATASTEEL,NSE:TATASTEEL-EQ,116.5,117.0,114.5,116.55,58806907,FYERS_HISTORY,2026-08-08T23:56:56+05:30
2023-01-06,SMD-0225,TATASTEEL,NSE:TATASTEEL-EQ,117.0,117.85,115.25,115.65,58551863,FYERS_HISTORY,2026-08-08T23:56:56+05:30
2023-01-09,SMD-0225,TATASTEEL,NSE:TATASTEEL-EQ,116.9,118.1,116.55,117.55,37763131,FYERS_HISTORY,2026-08-08T23:56:56+05:30
2023-01-10,SMD-0225,TATASTEEL,NSE:TATASTEEL-EQ,117.65,119.75,117.55,118.85,56750710,FYERS_HISTORY,2026-08-08T23:56:56+05:30
2023-01-11,SMD-0225,TATASTEEL,NSE:TATASTEEL-EQ,119.45,120.35,118.0,118.85,49321252,FYERS_HISTORY,2026-08-08T23:56:56+05:30
2023-01-12,SMD-0225,TATASTEEL,NSE:TATASTEEL-EQ,118.95,119.25,117.6,118.1,33740024,FYERS_HISTORY,2026-08-08T23:56:56+05:30
2023-01-13,SMD-0225,TATASTEEL,NSE:TATASTEEL-EQ,118.55,121.6,118.15,120.45,68884010,FYERS_HISTORY,2026-08-08T23:56:56+05:30
2023-01-16,SMD-0225,TATASTEEL,NSE:TATASTEEL-EQ,121.45,121.45,118.8,119.95,44362359,FYERS_HISTORY,2026-08-08T23:56:56+05:30
2023-01-17,SMD-0225,TATASTEEL,NSE:TATASTEEL-EQ,119.75,119.9,118.0,119.35,27880531,FYERS_HISTORY,2026-08-08T23:56:56+05:30
2023-01-18,SMD-0225,TATASTEEL,NSE:TATASTEEL-EQ,120.0,123.0,120.0,122.45,64749065,FYERS_HISTORY,2026-08-08T23:56:56+05:30
2023-01-19,SMD-0225,TATASTEEL,NSE:TATASTEEL-EQ,121.8,124.3,121.15,123.55,53564076,FYERS_HISTORY,2026-08-08T23:56:56+05:30
2023-01-20,SMD-0225,TATASTEEL,NSE:TATASTEEL-EQ,123.4,124.2,122.0,122.95,37784498,FYERS_HISTORY,2026-08-08T23:56:56+05:30
2023-01-23,SMD-0225,TATASTEEL,NSE:TATASTEEL-EQ,123.4,123.85,121.5,122.0,28601260,FYERS_HISTORY,2026-08-08T23:56:56+05:30
2023-01-24,SMD-0225,TATASTEEL,NSE:TATASTEEL-EQ,122.5,122.55,120.1,120.4,27707765,FYERS_HISTORY,2026-08-08T23:56:56+05:30
2023-01-25,SMD-0225,TATASTEEL,NSE:TATASTEEL-EQ,120.35,122.25,120.1,121.0,46522102,FYERS_HISTORY,2026-08-08T23:56:56+05:30
2023-01-27,SMD-0225,TATASTEEL,NSE:TATASTEEL-EQ,121.9,123.25,119.1,120.65,58771746,FYERS_HISTORY,2026-08-08T23:56:56+05:30
2023-01-30,SMD-0225,TATASTEEL,NSE:TATASTEEL-EQ,120.45,121.1,116.9,118.75,46551837,FYERS_HISTORY,2026-08-08T23:56:56+05:30
2023-01-31,SMD-0225,TATASTEEL,NSE:TATASTEEL-EQ,118.75,120.45,117.75,119.7,43986769,FYERS_HISTORY,2026-08-08T23:56:56+05:30
2023-02-01,SMD-0225,TATASTEEL,NSE:TATASTEEL-EQ,120.1,124.15,119.3,122.05,72919626,FYERS_HISTORY,2026-08-08T23:56:56+05:30
2023-02-02,SMD-0225,TATASTEEL,NSE:TATASTEEL-EQ,121.95,122.5,118.4,119.95,38768010,FYERS_HISTORY,2026-08-08T23:56:56+05:30
2023-02-03,SMD-0225,TATASTEEL,NSE:TATASTEEL-EQ,120.05,121.0,117.2,120.35,46977350,FYERS_HISTORY,2026-08-08T23:56:56+05:30
2023-02-06,SMD-0225,TATASTEEL,NSE:TATASTEEL-EQ,120.0,120.0,117.0,117.45,49546361,FYERS_HISTORY,2026-08-08T23:56:56+05:30
2023-02-07,SMD-0225,TATASTEEL,NSE:TATASTEEL-EQ,112.6,115.35,110.55,111.45,110953246,FYERS_HISTORY,2026-08-08T23:56:56+05:30
2023-02-08,SMD-0225,TATASTEEL,NSE:TATASTEEL-EQ,111.45,112.75,110.1,111.45,66523699,FYERS_HISTORY,2026-08-08T23:56:56+05:30
2023-02-09,SMD-0225,TATASTEEL,NSE:TATASTEEL-EQ,112.15,112.95,109.95,111.25,64710455,FYERS_HISTORY,2026-08-08T23:56:56+05:30
2023-02-10,SMD-0225,TATASTEEL,NSE:TATASTEEL-EQ,111.0,111.25,108.3,108.8,60810058,FYERS_HISTORY,2026-08-08T23:56:56+05:30
2023-02-13,SMD-0225,TATASTEEL,NSE:TATASTEEL-EQ,108.8,110.6,108.4,108.75,56186469,FYERS_HISTORY,2026-08-08T23:56:56+05:30
2023-02-14,SMD-0225,TATASTEEL,NSE:TATASTEEL-EQ,109.55,109.9,108.25,109.25,31163587,FYERS_HISTORY,2026-08-08T23:56:56+05:30
2023-02-15,SMD-0225,TATASTEEL,NSE:TATASTEEL-EQ,109.0,110.6,108.8,110.3,35544190,FYERS_HISTORY,2026-08-08T23:56:56+05:30
2023-02-16,SMD-0225,TATASTEEL,NSE:TATASTEEL-EQ,111.0,112.2,110.65,112.0,30956191,FYERS_HISTORY,2026-08-08T23:56:56+05:30
2023-02-17,SMD-0225,TATASTEEL,NSE:TATASTEEL-EQ,111.55,113.1,111.3,112.25,34107244,FYERS_HISTORY,2026-08-08T23:56:56+05:30
2023-02-20,SMD-0225,TATASTEEL,NSE:TATASTEEL-EQ,112.3,112.7,111.05,112.35,19896764,FYERS_HISTORY,2026-08-08T23:56:56+05:30
2023-02-21,SMD-0225,TATASTEEL,NSE:TATASTEEL-EQ,112.9,114.2,112.75,113.15,29830864,FYERS_HISTORY,2026-08-08T23:56:56+05:30
2023-02-22,SMD-0225,TATASTEEL,NSE:TATASTEEL-EQ,113.25,113.7,110.65,111.15,24391211,FYERS_HISTORY,2026-08-08T23:56:56+05:30
2023-02-23,SMD-0225,TATASTEEL,NSE:TATASTEEL-EQ,111.55,113.65,111.35,112.05,30845778,FYERS_HISTORY,2026-08-08T23:56:56+05:30
2023-02-24,SMD-0225,TATASTEEL,NSE:TATASTEEL-EQ,112.5,112.9,109.55,109.75,34326940,FYERS_HISTORY,2026-08-08T23:56:56+05:30
2023-02-27,SMD-0225,TATASTEEL,NSE:TATASTEEL-EQ,109.8,110.05,105.15,106.1,56217189,FYERS_HISTORY,2026-08-08T23:56:56+05:30
2023-02-28,SMD-0225,TATASTEEL,NSE:TATASTEEL-EQ,106.85,107.05,103.55,103.95,76540448,FYERS_HISTORY,2026-08-08T23:56:56+05:30
2023-03-01,SMD-0225,TATASTEEL,NSE:TATASTEEL-EQ,104.7,107.1,104.5,105.5,76175319,FYERS_HISTORY,2026-08-08T23:56:56+05:30
2023-03-02,SMD-0225,TATASTEEL,NSE:TATASTEEL-EQ,106.05,106.9,104.35,104.65,55276248,FYERS_HISTORY,2026-08-08T23:56:56+05:30
2023-03-03,SMD-0225,TATASTEEL,NSE:TATASTEEL-EQ,106.0,107.45,105.0,107.0,117175295,FYERS_HISTORY,2026-08-08T23:56:56+05:30
2023-03-06,SMD-0225,TATASTEEL,NSE:TATASTEEL-EQ,107.5,107.6,105.0,105.65,106868143,FYERS_HISTORY,2026-08-08T23:56:56+05:30
2023-03-08,SMD-0225,TATASTEEL,NSE:TATASTEEL-EQ,105.3,106.9,104.0,106.5,43939583,FYERS_HISTORY,2026-08-08T23:56:56+05:30
2023-03-09,SMD-0225,TATASTEEL,NSE:TATASTEEL-EQ,107.85,108.95,107.5,108.2,51967449,FYERS_HISTORY,2026-08-08T23:56:56+05:30
2023-03-10,SMD-0225,TATASTEEL,NSE:TATASTEEL-EQ,107.0,108.35,106.6,108.1,47699832,FYERS_HISTORY,2026-08-08T23:56:56+05:30
2023-03-13,SMD-0225,TATASTEEL,NSE:TATASTEEL-EQ,108.25,109.0,106.35,106.8,34552596,FYERS_HISTORY,2026-08-08T23:56:56+05:30
2023-03-14,SMD-0225,TATASTEEL,NSE:TATASTEEL-EQ,107.0,108.55,106.2,106.4,48584984,FYERS_HISTORY,2026-08-08T23:56:56+05:30
2023-03-15,SMD-0225,TATASTEEL,NSE:TATASTEEL-EQ,107.5,109.15,107.4,108.65,38930902,FYERS_HISTORY,2026-08-08T23:56:56+05:30
2023-03-16,SMD-0225,TATASTEEL,NSE:TATASTEEL-EQ,107.25,107.25,103.7,105.05,81088340,FYERS_HISTORY,2026-08-08T23:56:56+05:30
2023-03-17,SMD-0225,TATASTEEL,NSE:TATASTEEL-EQ,106.45,107.35,105.0,107.0,48962238,FYERS_HISTORY,2026-08-08T23:56:56+05:30
2023-03-20,SMD-0225,TATASTEEL,NSE:TATASTEEL-EQ,106.1,106.45,103.85,104.5,41569640,FYERS_HISTORY,2026-08-08T23:56:56+05:30
2023-03-21,SMD-0225,TATASTEEL,NSE:TATASTEEL-EQ,105.1,105.4,104.3,104.75,26434897,FYERS_HISTORY,2026-08-08T23:56:56+05:30
2023-03-22,SMD-0225,TATASTEEL,NSE:TATASTEEL-EQ,104.75,105.95,104.4,104.8,25891259,FYERS_HISTORY,2026-08-08T23:56:56+05:30
2023-03-23,SMD-0225,TATASTEEL,NSE:TATASTEEL-EQ,104.4,105.5,104.35,104.9,20913844,FYERS_HISTORY,2026-08-08T23:56:56+05:30
2023-03-24,SMD-0225,TATASTEEL,NSE:TATASTEEL-EQ,105.0,105.05,101.55,102.1,39014278,FYERS_HISTORY,2026-08-08T23:56:56+05:30
2023-03-27,SMD-0225,TATASTEEL,NSE:TATASTEEL-EQ,102.55,103.4,102.1,102.3,24753289,FYERS_HISTORY,2026-08-08T23:56:56+05:30
2023-03-28,SMD-0225,TATASTEEL,NSE:TATASTEEL-EQ,102.85,103.1,102.35,102.5,18703734,FYERS_HISTORY,2026-08-08T23:56:56+05:30
2023-03-29,SMD-0225,TATASTEEL,NSE:TATASTEEL-EQ,102.5,104.5,101.65,103.6,37221124,FYERS_HISTORY,2026-08-08T23:56:56+05:30
2023-03-31,SMD-0225,TATASTEEL,NSE:TATASTEEL-EQ,105.0,105.5,104.1,104.5,34579415,FYERS_HISTORY,2026-08-08T23:56:56+05:30
2023-04-03,SMD-0225,TATASTEEL,NSE:TATASTEEL-EQ,105.1,105.25,103.8,104.1,21840428,FYERS_HISTORY,2026-08-08T23:56:56+05:30
2023-04-05,SMD-0225,TATASTEEL,NSE:TATASTEEL-EQ,104.1,105.0,103.2,104.85,25194802,FYERS_HISTORY,2026-08-08T23:56:56+05:30
2023-04-06,SMD-0225,TATASTEEL,NSE:TATASTEEL-EQ,104.85,105.1,104.2,104.35,21053782,FYERS_HISTORY,2026-08-08T23:56:56+05:30
2023-04-10,SMD-0225,TATASTEEL,NSE:TATASTEEL-EQ,104.5,105.75,104.5,104.95,19992257,FYERS_HISTORY,2026-08-08T23:56:56+05:30
2023-04-11,SMD-0225,TATASTEEL,NSE:TATASTEEL-EQ,105.55,107.85,105.1,107.55,49304956,FYERS_HISTORY,2026-08-08T23:56:56+05:30
2023-04-12,SMD-0225,TATASTEEL,NSE:TATASTEEL-EQ,108.2,108.4,106.95,107.6,27349538,FYERS_HISTORY,2026-08-08T23:56:56+05:30
2023-04-13,SMD-0225,TATASTEEL,NSE:TATASTEEL-EQ,107.5,108.15,105.9,107.5,34880922,FYERS_HISTORY,2026-08-08T23:56:56+05:30
2023-04-17,SMD-0225,TATASTEEL,NSE:TATASTEEL-EQ,107.6,108.3,106.75,107.15,24642162,FYERS_HISTORY,2026-08-08T23:56:56+05:30
2023-04-18,SMD-0225,TATASTEEL,NSE:TATASTEEL-EQ,107.2,107.9,106.85,107.6,25476339,FYERS_HISTORY,2026-08-08T23:56:56+05:30
2023-04-19,SMD-0225,TATASTEEL,NSE:TATASTEEL-EQ,107.85,110.4,107.75,108.1,62100775,FYERS_HISTORY,2026-08-08T23:56:56+05:30
2023-04-20,SMD-0225,TATASTEEL,NSE:TATASTEEL-EQ,108.2,108.7,107.4,108.0,18337948,FYERS_HISTORY,2026-08-08T23:56:56+05:30
2023-04-21,SMD-0225,TATASTEEL,NSE:TATASTEEL-EQ,108.0,108.1,105.35,106.15,37638506,FYERS_HISTORY,2026-08-08T23:56:56+05:30
2023-04-24,SMD-0225,TATASTEEL,NSE:TATASTEEL-EQ,106.4,106.7,105.35,106.5,23475012,FYERS_HISTORY,2026-08-08T23:56:56+05:30
2023-04-25,SMD-0225,TATASTEEL,NSE:TATASTEEL-EQ,106.7,107.6,106.25,107.05,23333425,FYERS_HISTORY,2026-08-08T23:56:56+05:30
2023-04-26,SMD-0225,TATASTEEL,NSE:TATASTEEL-EQ,106.5,107.05,105.85,106.85,23590297,FYERS_HISTORY,2026-08-08T23:56:56+05:30
2023-04-27,SMD-0225,TATASTEEL,NSE:TATASTEEL-EQ,106.3,107.85,106.3,107.65,22364308,FYERS_HISTORY,2026-08-08T23:56:56+05:30
2023-04-28,SMD-0225,TATASTEEL,NSE:TATASTEEL-EQ,107.8,108.5,107.3,107.95,30072920,FYERS_HISTORY,2026-08-08T23:56:56+05:30
2023-05-02,SMD-0225,TATASTEEL,NSE:TATASTEEL-EQ,108.0,110.85,108.0,110.3,52822162,FYERS_HISTORY,2026-08-08T23:56:56+05:30
2023-05-03,SMD-0225,TATASTEEL,NSE:TATASTEEL-EQ,109.8,111.0,108.75,109.7,51272624,FYERS_HISTORY,2026-08-08T23:56:56+05:30
2023-05-04,SMD-0225,TATASTEEL,NSE:TATASTEEL-EQ,110.0,111.9,109.5,111.05,38636907,FYERS_HISTORY,2026-08-08T23:56:56+05:30
2023-05-05,SMD-0225,TATASTEEL,NSE:TATASTEEL-EQ,110.85,110.85,108.4,108.65,32958346,FYERS_HISTORY,2026-08-08T23:56:56+05:30
2023-05-08,SMD-0225,TATASTEEL,NSE:TATASTEEL-EQ,109.25,109.85,108.25,109.55,23130472,FYERS_HISTORY,2026-08-08T23:56:56+05:30
2023-05-09,SMD-0225,TATASTEEL,NSE:TATASTEEL-EQ,109.6,111.2,109.15,109.55,27999202,FYERS_HISTORY,2026-08-08T23:56:56+05:30
2023-05-10,SMD-0225,TATASTEEL,NSE:TATASTEEL-EQ,109.6,110.0,108.6,109.25,19213215,FYERS_HISTORY,2026-08-08T23:56:56+05:30
2023-05-11,SMD-0225,TATASTEEL,NSE:TATASTEEL-EQ,109.2,109.5,108.25,108.55,19817637,FYERS_HISTORY,2026-08-08T23:56:56+05:30
2023-05-12,SMD-0225,TATASTEEL,NSE:TATASTEEL-EQ,108.35,108.4,106.55,106.75,36794838,FYERS_HISTORY,2026-08-08T23:56:56+05:30
2023-05-15,SMD-0225,TATASTEEL,NSE:TATASTEEL-EQ,107.05,108.2,105.65,107.7,22148028,FYERS_HISTORY,2026-08-08T23:56:56+05:30
2023-05-16,SMD-0225,TATASTEEL,NSE:TATASTEEL-EQ,108.2,108.65,107.2,107.4,18587658,FYERS_HISTORY,2026-08-08T23:56:56+05:30
2023-05-17,SMD-0225,TATASTEEL,NSE:TATASTEEL-EQ,107.4,107.5,105.55,106.0,28895465,FYERS_HISTORY,2026-08-08T23:56:56+05:30
2023-05-18,SMD-0225,TATASTEEL,NSE:TATASTEEL-EQ,106.5,107.15,105.1,105.2,24208481,FYERS_HISTORY,2026-08-08T23:56:56+05:30
2023-05-19,SMD-0225,TATASTEEL,NSE:TATASTEEL-EQ,105.6,105.7,104.05,104.65,29848841,FYERS_HISTORY,2026-08-08T23:56:56+05:30
2023-05-22,SMD-0225,TATASTEEL,NSE:TATASTEEL-EQ,105.0,105.25,104.3,105.0,21588716,FYERS_HISTORY,2026-08-08T23:56:56+05:30
2023-05-23,SMD-0225,TATASTEEL,NSE:TATASTEEL-EQ,105.1,106.05,105.0,105.6,21304034,FYERS_HISTORY,2026-08-08T23:56:56+05:30
2023-05-24,SMD-0225,TATASTEEL,NSE:TATASTEEL-EQ,105.1,105.8,104.9,105.2,28454367,FYERS_HISTORY,2026-08-08T23:56:56+05:30
2023-05-25,SMD-0225,TATASTEEL,NSE:TATASTEEL-EQ,105.0,105.2,104.3,104.85,25885062,FYERS_HISTORY,2026-08-08T23:56:56+05:30
2023-05-26,SMD-0225,TATASTEEL,NSE:TATASTEEL-EQ,105.0,106.75,104.95,106.4,28362042,FYERS_HISTORY,2026-08-08T23:56:56+05:30
2023-05-29,SMD-0225,TATASTEEL,NSE:TATASTEEL-EQ,107.0,108.85,106.3,108.45,41062311,FYERS_HISTORY,2026-08-08T23:56:56+05:30
2023-05-30,SMD-0225,TATASTEEL,NSE:TATASTEEL-EQ,108.95,108.95,106.9,107.05,33475211,FYERS_HISTORY,2026-08-08T23:56:56+05:30
2023-05-31,SMD-0225,TATASTEEL,NSE:TATASTEEL-EQ,106.4,106.95,105.6,105.8,41249944,FYERS_HISTORY,2026-08-08T23:56:56+05:30
2023-06-01,SMD-0225,TATASTEEL,NSE:TATASTEEL-EQ,105.9,106.7,105.8,105.95,21211538,FYERS_HISTORY,2026-08-08T23:56:56+05:30
2023-06-02,SMD-0225,TATASTEEL,NSE:TATASTEEL-EQ,106.5,108.3,106.5,108.0,46686933,FYERS_HISTORY,2026-08-08T23:56:56+05:30
2023-06-05,SMD-0225,TATASTEEL,NSE:TATASTEEL-EQ,108.65,109.9,107.8,109.4,39642539,FYERS_HISTORY,2026-08-08T23:56:56+05:30
2023-06-06,SMD-0225,TATASTEEL,NSE:TATASTEEL-EQ,109.75,109.85,108.3,109.0,26751372,FYERS_HISTORY,2026-08-08T23:56:56+05:30
2023-06-07,SMD-0225,TATASTEEL,NSE:TATASTEEL-EQ,109.5,111.75,108.9,111.5,45157197,FYERS_HISTORY,2026-08-08T23:56:56+05:30
2023-06-08,SMD-0225,TATASTEEL,NSE:TATASTEEL-EQ,111.5,113.0,110.95,111.15,46380294,FYERS_HISTORY,2026-08-08T23:56:56+05:30
2023-06-09,SMD-0225,TATASTEEL,NSE:TATASTEEL-EQ,111.25,111.65,108.65,108.9,36392617,FYERS_HISTORY,2026-08-08T23:56:56+05:30
2023-06-12,SMD-0225,TATASTEEL,NSE:TATASTEEL-EQ,109.15,110.6,109.15,109.5,23472313,FYERS_HISTORY,2026-08-08T23:56:56+05:30
2023-06-13,SMD-0225,TATASTEEL,NSE:TATASTEEL-EQ,110.0,111.85,109.65,111.15,30018212,FYERS_HISTORY,2026-08-08T23:56:56+05:30
2023-06-14,SMD-0225,TATASTEEL,NSE:TATASTEEL-EQ,111.5,114.0,111.4,113.8,66696433,FYERS_HISTORY,2026-08-08T23:56:56+05:30
2023-06-15,SMD-0225,TATASTEEL,NSE:TATASTEEL-EQ,113.9,114.2,113.25,113.75,39430138,FYERS_HISTORY,2026-08-08T23:56:56+05:30
2023-06-16,SMD-0225,TATASTEEL,NSE:TATASTEEL-EQ,114.4,114.8,113.85,114.25,31715807,FYERS_HISTORY,2026-08-08T23:56:56+05:30
2023-06-19,SMD-0225,TATASTEEL,NSE:TATASTEEL-EQ,115.45,115.6,113.05,114.1,33502185,FYERS_HISTORY,2026-08-08T23:56:56+05:30
2023-06-20,SMD-0225,TATASTEEL,NSE:TATASTEEL-EQ,114.1,115.25,113.5,114.25,30371599,FYERS_HISTORY,2026-08-08T23:56:56+05:30
2023-06-21,SMD-0225,TATASTEEL,NSE:TATASTEEL-EQ,114.9,114.9,112.85,113.9,35627983,FYERS_HISTORY,2026-08-08T23:56:56+05:30
2023-06-22,SMD-0225,TATASTEEL,NSE:TATASTEEL-EQ,110.6,112.2,110.55,111.1,34769987,FYERS_HISTORY,2026-08-08T23:56:56+05:30
2023-06-23,SMD-0225,TATASTEEL,NSE:TATASTEEL-EQ,110.5,110.75,109.2,109.6,22190233,FYERS_HISTORY,2026-08-08T23:56:56+05:30
2023-06-26,SMD-0225,TATASTEEL,NSE:TATASTEEL-EQ,109.6,110.2,108.1,109.85,25332751,FYERS_HISTORY,2026-08-08T23:56:56+05:30
2023-06-27,SMD-0225,TATASTEEL,NSE:TATASTEEL-EQ,110.6,111.5,110.15,110.75,24129403,FYERS_HISTORY,2026-08-08T23:56:56+05:30
2023-06-28,SMD-0225,TATASTEEL,NSE:TATASTEEL-EQ,111.5,112.05,110.9,111.55,23895274,FYERS_HISTORY,2026-08-08T23:56:56+05:30
2023-06-30,SMD-0225,TATASTEEL,NSE:TATASTEEL-EQ,111.6,112.2,110.4,112.0,26741918,FYERS_HISTORY,2026-08-08T23:56:56+05:30
2023-07-03,SMD-0225,TATASTEEL,NSE:TATASTEEL-EQ,112.25,114.25,112.05,113.1,30979256,FYERS_HISTORY,2026-08-08T23:56:56+05:30
2023-07-04,SMD-0225,TATASTEEL,NSE:TATASTEEL-EQ,113.2,113.4,112.1,112.4,25080307,FYERS_HISTORY,2026-08-08T23:56:56+05:30
2023-07-05,SMD-0225,TATASTEEL,NSE:TATASTEEL-EQ,112.55,113.55,112.2,112.95,27877180,FYERS_HISTORY,2026-08-08T23:56:56+05:30
2023-07-06,SMD-0225,TATASTEEL,NSE:TATASTEEL-EQ,112.0,112.85,111.5,112.65,34320086,FYERS_HISTORY,2026-08-08T23:56:56+05:30
2023-07-07,SMD-0225,TATASTEEL,NSE:TATASTEEL-EQ,112.0,113.3,111.25,111.6,30034274,FYERS_HISTORY,2026-08-08T23:56:56+05:30
2023-07-10,SMD-0225,TATASTEEL,NSE:TATASTEEL-EQ,112.25,115.7,111.65,115.3,60652690,FYERS_HISTORY,2026-08-08T23:56:56+05:30
2023-07-11,SMD-0225,TATASTEEL,NSE:TATASTEEL-EQ,115.6,116.1,114.8,115.15,37999385,FYERS_HISTORY,2026-08-08T23:56:56+05:30
2023-07-12,SMD-0225,TATASTEEL,NSE:TATASTEEL-EQ,115.15,116.05,114.0,114.7,32771204,FYERS_HISTORY,2026-08-08T23:56:56+05:30
2023-07-13,SMD-0225,TATASTEEL,NSE:TATASTEEL-EQ,116.0,116.95,114.5,114.85,44847814,FYERS_HISTORY,2026-08-08T23:56:56+05:30
2023-07-14,SMD-0225,TATASTEEL,NSE:TATASTEEL-EQ,115.7,117.9,114.8,117.15,34521821,FYERS_HISTORY,2026-08-08T23:56:56+05:30
2023-07-17,SMD-0225,TATASTEEL,NSE:TATASTEEL-EQ,117.95,119.35,117.1,117.75,49115369,FYERS_HISTORY,2026-08-08T23:56:56+05:30
2023-07-18,SMD-0225,TATASTEEL,NSE:TATASTEEL-EQ,118.0,118.15,116.4,116.6,23433431,FYERS_HISTORY,2026-08-08T23:56:56+05:30
2023-07-19,SMD-0225,TATASTEEL,NSE:TATASTEEL-EQ,116.7,117.2,116.1,116.7,17222355,FYERS_HISTORY,2026-08-08T23:56:56+05:30
2023-07-20,SMD-0225,TATASTEEL,NSE:TATASTEEL-EQ,116.7,117.25,116.35,116.95,22303831,FYERS_HISTORY,2026-08-08T23:56:56+05:30
2023-07-21,SMD-0225,TATASTEEL,NSE:TATASTEEL-EQ,116.6,117.95,115.5,116.6,31546136,FYERS_HISTORY,2026-08-08T23:56:56+05:30
2023-07-24,SMD-0225,TATASTEEL,NSE:TATASTEEL-EQ,116.5,116.5,114.35,115.5,38113555,FYERS_HISTORY,2026-08-08T23:56:56+05:30
2023-07-25,SMD-0225,TATASTEEL,NSE:TATASTEEL-EQ,115.0,119.9,114.35,119.25,88035259,FYERS_HISTORY,2026-08-08T23:56:56+05:30
2023-07-26,SMD-0225,TATASTEEL,NSE:TATASTEEL-EQ,119.8,120.6,118.85,119.95,29716336,FYERS_HISTORY,2026-08-08T23:56:56+05:30
2023-07-27,SMD-0225,TATASTEEL,NSE:TATASTEEL-EQ,120.25,121.45,119.15,119.8,39664251,FYERS_HISTORY,2026-08-08T23:56:56+05:30
2023-07-28,SMD-0225,TATASTEEL,NSE:TATASTEEL-EQ,120.2,121.1,118.7,120.6,33996691,FYERS_HISTORY,2026-08-08T23:56:56+05:30
2023-07-31,SMD-0225,TATASTEEL,NSE:TATASTEEL-EQ,120.6,123.85,120.6,123.15,52330311,FYERS_HISTORY,2026-08-08T23:56:56+05:30
2023-08-01,SMD-0225,TATASTEEL,NSE:TATASTEEL-EQ,123.55,124.15,122.55,123.2,27863562,FYERS_HISTORY,2026-08-08T23:56:56+05:30
2023-08-02,SMD-0225,TATASTEEL,NSE:TATASTEEL-EQ,122.9,122.9,118.25,118.95,54951586,FYERS_HISTORY,2026-08-08T23:56:56+05:30
2023-08-03,SMD-0225,TATASTEEL,NSE:TATASTEEL-EQ,118.7,119.65,117.5,118.2,34624188,FYERS_HISTORY,2026-08-08T23:56:56+05:30
2023-08-04,SMD-0225,TATASTEEL,NSE:TATASTEEL-EQ,119.4,119.75,118.0,119.0,22303966,FYERS_HISTORY,2026-08-08T23:56:56+05:30
2023-08-07,SMD-0225,TATASTEEL,NSE:TATASTEEL-EQ,119.6,119.6,118.0,118.85,20711952,FYERS_HISTORY,2026-08-08T23:56:56+05:30
2023-08-08,SMD-0225,TATASTEEL,NSE:TATASTEEL-EQ,119.0,119.5,117.95,118.15,21275054,FYERS_HISTORY,2026-08-08T23:56:56+05:30
2023-08-09,SMD-0225,TATASTEEL,NSE:TATASTEEL-EQ,118.35,120.5,116.9,120.2,34154214,FYERS_HISTORY,2026-08-08T23:56:56+05:30
2023-08-10,SMD-0225,TATASTEEL,NSE:TATASTEEL-EQ,120.0,120.65,119.25,120.0,24439101,FYERS_HISTORY,2026-08-08T23:56:56+05:30
2023-08-11,SMD-0225,TATASTEEL,NSE:TATASTEEL-EQ,120.3,121.4,119.15,120.3,26337436,FYERS_HISTORY,2026-08-08T23:56:56+05:30
2023-08-14,SMD-0225,TATASTEEL,NSE:TATASTEEL-EQ,120.3,120.4,117.35,118.15,33095516,FYERS_HISTORY,2026-08-08T23:56:56+05:30
2023-08-16,SMD-0225,TATASTEEL,NSE:TATASTEEL-EQ,117.95,117.95,115.4,115.95,31252473,FYERS_HISTORY,2026-08-08T23:56:56+05:30
2023-08-17,SMD-0225,TATASTEEL,NSE:TATASTEEL-EQ,115.9,116.8,114.7,116.05,28461865,FYERS_HISTORY,2026-08-08T23:56:56+05:30
2023-08-18,SMD-0225,TATASTEEL,NSE:TATASTEEL-EQ,116.3,116.4,114.75,115.8,30381609,FYERS_HISTORY,2026-08-08T23:56:56+05:30
2023-08-21,SMD-0225,TATASTEEL,NSE:TATASTEEL-EQ,116.75,117.1,115.85,116.9,22629651,FYERS_HISTORY,2026-08-08T23:56:56+05:30
2023-08-22,SMD-0225,TATASTEEL,NSE:TATASTEEL-EQ,117.15,117.75,116.5,117.55,17343131,FYERS_HISTORY,2026-08-08T23:56:56+05:30
2023-08-23,SMD-0225,TATASTEEL,NSE:TATASTEEL-EQ,117.85,119.25,117.65,118.95,43744909,FYERS_HISTORY,2026-08-08T23:56:56+05:30
2023-08-24,SMD-0225,TATASTEEL,NSE:TATASTEEL-EQ,119.5,120.1,118.05,118.25,27103446,FYERS_HISTORY,2026-08-08T23:56:56+05:30
2023-08-25,SMD-0225,TATASTEEL,NSE:TATASTEEL-EQ,118.0,118.15,116.7,116.9,23692527,FYERS_HISTORY,2026-08-08T23:56:56+05:30
2023-08-28,SMD-0225,TATASTEEL,NSE:TATASTEEL-EQ,117.0,118.25,117.0,117.6,19218821,FYERS_HISTORY,2026-08-08T23:56:56+05:30
2023-08-29,SMD-0225,TATASTEEL,NSE:TATASTEEL-EQ,118.5,120.15,117.75,119.55,36038317,FYERS_HISTORY,2026-08-08T23:56:56+05:30
2023-08-30,SMD-0225,TATASTEEL,NSE:TATASTEEL-EQ,120.5,122.7,120.25,122.1,51467177,FYERS_HISTORY,2026-08-08T23:56:56+05:30
2023-08-31,SMD-0225,TATASTEEL,NSE:TATASTEEL-EQ,122.85,123.6,122.15,122.9,60626985,FYERS_HISTORY,2026-08-08T23:56:56+05:30
2023-09-01,SMD-0225,TATASTEEL,NSE:TATASTEEL-EQ,123.5,128.7,123.4,127.05,76460408,FYERS_HISTORY,2026-08-08T23:56:56+05:30
2023-09-04,SMD-0225,TATASTEEL,NSE:TATASTEEL-EQ,129.2,132.9,128.85,131.75,68525900,FYERS_HISTORY,2026-08-08T23:56:56+05:30
2023-09-05,SMD-0225,TATASTEEL,NSE:TATASTEEL-EQ,131.75,132.45,128.85,131.7,36466807,FYERS_HISTORY,2026-08-08T23:56:56+05:30
2023-09-06,SMD-0225,TATASTEEL,NSE:TATASTEEL-EQ,132.4,132.4,128.2,129.6,36058850,FYERS_HISTORY,2026-08-08T23:56:56+05:30
2023-09-07,SMD-0225,TATASTEEL,NSE:TATASTEEL-EQ,129.5,130.8,128.6,130.15,30268235,FYERS_HISTORY,2026-08-08T23:56:56+05:30
2023-09-08,SMD-0225,TATASTEEL,NSE:TATASTEEL-EQ,131.4,131.65,129.2,129.5,34313523,FYERS_HISTORY,2026-08-08T23:56:56+05:30
2023-09-11,SMD-0225,TATASTEEL,NSE:TATASTEEL-EQ,129.5,131.85,129.2,131.15,33377857,FYERS_HISTORY,2026-08-08T23:56:56+05:30
2023-09-12,SMD-0225,TATASTEEL,NSE:TATASTEEL-EQ,132.8,133.15,128.65,129.0,38065283,FYERS_HISTORY,2026-08-08T23:56:56+05:30
2023-09-13,SMD-0225,TATASTEEL,NSE:TATASTEEL-EQ,129.6,130.5,127.7,129.55,23371459,FYERS_HISTORY,2026-08-08T23:56:56+05:30
2023-09-14,SMD-0225,TATASTEEL,NSE:TATASTEEL-EQ,131.0,134.2,130.8,131.7,58800620,FYERS_HISTORY,2026-08-08T23:56:56+05:30
2023-09-15,SMD-0225,TATASTEEL,NSE:TATASTEEL-EQ,132.6,133.3,129.85,131.95,85058495,FYERS_HISTORY,2026-08-08T23:56:56+05:30
2023-09-18,SMD-0225,TATASTEEL,NSE:TATASTEEL-EQ,135.0,135.0,130.05,130.45,62420823,FYERS_HISTORY,2026-08-08T23:56:56+05:30
2023-09-20,SMD-0225,TATASTEEL,NSE:TATASTEEL-EQ,130.45,131.8,128.0,128.3,43627379,FYERS_HISTORY,2026-08-08T23:56:56+05:30
2023-09-21,SMD-0225,TATASTEEL,NSE:TATASTEEL-EQ,128.3,129.25,127.2,127.8,29826091,FYERS_HISTORY,2026-08-08T23:56:56+05:30
2023-09-22,SMD-0225,TATASTEEL,NSE:TATASTEEL-EQ,127.15,128.7,125.5,126.75,34059194,FYERS_HISTORY,2026-08-08T23:56:56+05:30
2023-09-25,SMD-0225,TATASTEEL,NSE:TATASTEEL-EQ,127.3,128.3,126.1,127.4,23466981,FYERS_HISTORY,2026-08-08T23:56:56+05:30
2023-09-26,SMD-0225,TATASTEEL,NSE:TATASTEEL-EQ,129.0,130.55,128.4,128.9,48936598,FYERS_HISTORY,2026-08-08T23:56:56+05:30
2023-09-27,SMD-0225,TATASTEEL,NSE:TATASTEEL-EQ,128.75,128.75,126.7,128.15,33277329,FYERS_HISTORY,2026-08-08T23:56:56+05:30
2023-09-28,SMD-0225,TATASTEEL,NSE:TATASTEEL-EQ,128.35,129.3,126.3,126.8,29982233,FYERS_HISTORY,2026-08-08T23:56:56+05:30
2023-09-29,SMD-0225,TATASTEEL,NSE:TATASTEEL-EQ,128.2,129.55,127.55,128.9,28406435,FYERS_HISTORY,2026-08-08T23:56:56+05:30
2023-10-03,SMD-0225,TATASTEEL,NSE:TATASTEEL-EQ,129.0,129.1,127.25,128.0,18613557,FYERS_HISTORY,2026-08-08T23:56:56+05:30
2023-10-04,SMD-0225,TATASTEEL,NSE:TATASTEEL-EQ,127.0,127.1,124.5,125.3,33272725,FYERS_HISTORY,2026-08-08T23:56:56+05:30
2023-10-05,SMD-0225,TATASTEEL,NSE:TATASTEEL-EQ,125.9,126.15,124.55,125.25,27063441,FYERS_HISTORY,2026-08-08T23:56:56+05:30
2023-10-06,SMD-0225,TATASTEEL,NSE:TATASTEEL-EQ,126.5,127.0,125.1,125.9,21928671,FYERS_HISTORY,2026-08-08T23:56:56+05:30
2023-10-09,SMD-0225,TATASTEEL,NSE:TATASTEEL-EQ,124.8,124.9,122.6,123.85,21457836,FYERS_HISTORY,2026-08-08T23:56:56+05:30
2023-10-10,SMD-0225,TATASTEEL,NSE:TATASTEEL-EQ,124.7,125.9,123.75,125.3,28745957,FYERS_HISTORY,2026-08-08T23:56:56+05:30
2023-10-11,SMD-0225,TATASTEEL,NSE:TATASTEEL-EQ,126.0,126.3,124.7,124.95,24455932,FYERS_HISTORY,2026-08-08T23:56:56+05:30
2023-10-12,SMD-0225,TATASTEEL,NSE:TATASTEEL-EQ,125.35,126.9,125.1,125.9,19361688,FYERS_HISTORY,2026-08-08T23:56:56+05:30
2023-10-13,SMD-0225,TATASTEEL,NSE:TATASTEEL-EQ,125.0,125.75,124.0,125.05,26912800,FYERS_HISTORY,2026-08-08T23:56:56+05:30
2023-10-16,SMD-0225,TATASTEEL,NSE:TATASTEEL-EQ,125.1,127.25,124.95,127.0,23868700,FYERS_HISTORY,2026-08-08T23:56:56+05:30
2023-10-17,SMD-0225,TATASTEEL,NSE:TATASTEEL-EQ,127.9,128.55,127.0,127.4,24241710,FYERS_HISTORY,2026-08-08T23:56:56+05:30
2023-10-18,SMD-0225,TATASTEEL,NSE:TATASTEEL-EQ,127.85,128.7,126.6,127.1,20926079,FYERS_HISTORY,2026-08-08T23:56:56+05:30
2023-10-19,SMD-0225,TATASTEEL,NSE:TATASTEEL-EQ,125.5,126.5,124.35,126.0,30941319,FYERS_HISTORY,2026-08-08T23:56:56+05:30
2023-10-20,SMD-0225,TATASTEEL,NSE:TATASTEEL-EQ,125.0,125.75,122.7,123.1,30746140,FYERS_HISTORY,2026-08-08T23:56:56+05:30
2023-10-23,SMD-0225,TATASTEEL,NSE:TATASTEEL-EQ,123.35,123.4,119.7,120.0,30699479,FYERS_HISTORY,2026-08-08T23:56:56+05:30
2023-10-25,SMD-0225,TATASTEEL,NSE:TATASTEEL-EQ,121.2,122.8,120.75,121.35,27346103,FYERS_HISTORY,2026-08-08T23:56:56+05:30
2023-10-26,SMD-0225,TATASTEEL,NSE:TATASTEEL-EQ,120.85,120.9,118.9,119.9,36298907,FYERS_HISTORY,2026-08-08T23:56:56+05:30
2023-10-27,SMD-0225,TATASTEEL,NSE:TATASTEEL-EQ,120.5,121.8,119.5,119.9,28424007,FYERS_HISTORY,2026-08-08T23:56:56+05:30
2023-10-30,SMD-0225,TATASTEEL,NSE:TATASTEEL-EQ,121.05,121.25,118.95,119.15,18753217,FYERS_HISTORY,2026-08-08T23:56:56+05:30
2023-10-31,SMD-0225,TATASTEEL,NSE:TATASTEEL-EQ,120.0,120.15,118.4,118.75,22319950,FYERS_HISTORY,2026-08-08T23:56:56+05:30
2023-11-01,SMD-0225,TATASTEEL,NSE:TATASTEEL-EQ,119.0,119.1,116.0,116.6,24717941,FYERS_HISTORY,2026-08-08T23:56:56+05:30
2023-11-02,SMD-0225,TATASTEEL,NSE:TATASTEEL-EQ,114.6,118.55,114.6,118.1,72538804,FYERS_HISTORY,2026-08-08T23:56:56+05:30
2023-11-03,SMD-0225,TATASTEEL,NSE:TATASTEEL-EQ,118.2,118.6,117.1,117.3,31747230,FYERS_HISTORY,2026-08-08T23:56:56+05:30
2023-11-06,SMD-0225,TATASTEEL,NSE:TATASTEEL-EQ,118.5,119.65,117.5,119.4,27883152,FYERS_HISTORY,2026-08-08T23:56:56+05:30
2023-11-07,SMD-0225,TATASTEEL,NSE:TATASTEEL-EQ,119.3,120.2,118.4,119.65,25818033,FYERS_HISTORY,2026-08-08T23:56:56+05:30
2023-11-08,SMD-0225,TATASTEEL,NSE:TATASTEEL-EQ,119.75,120.5,118.55,119.05,22552386,FYERS_HISTORY,2026-08-08T23:56:56+05:30
2023-11-09,SMD-0225,TATASTEEL,NSE:TATASTEEL-EQ,119.2,120.5,118.85,119.65,22979112,FYERS_HISTORY,2026-08-08T23:56:56+05:30
2023-11-10,SMD-0225,TATASTEEL,NSE:TATASTEEL-EQ,119.5,120.45,118.8,120.05,23584510,FYERS_HISTORY,2026-08-08T23:56:56+05:30
2023-11-12,SMD-0225,TATASTEEL,NSE:TATASTEEL-EQ,121.6,121.6,120.6,120.85,3984034,FYERS_HISTORY,2026-08-08T23:56:56+05:30
2023-11-13,SMD-0225,TATASTEEL,NSE:TATASTEEL-EQ,120.85,121.25,119.9,121.0,17951775,FYERS_HISTORY,2026-08-08T23:56:56+05:30
2023-11-15,SMD-0225,TATASTEEL,NSE:TATASTEEL-EQ,121.7,124.4,121.5,124.05,38344393,FYERS_HISTORY,2026-08-08T23:56:56+05:30
2023-11-16,SMD-0225,TATASTEEL,NSE:TATASTEEL-EQ,124.0,125.25,123.0,124.7,30836413,FYERS_HISTORY,2026-08-08T23:56:56+05:30
2023-11-17,SMD-0225,TATASTEEL,NSE:TATASTEEL-EQ,124.7,125.75,124.3,125.2,23319439,FYERS_HISTORY,2026-08-08T23:56:56+05:30
2023-11-20,SMD-0225,TATASTEEL,NSE:TATASTEEL-EQ,125.05,125.65,124.05,124.35,18780290,FYERS_HISTORY,2026-08-08T23:56:56+05:30
2023-11-21,SMD-0225,TATASTEEL,NSE:TATASTEEL-EQ,125.05,126.4,124.95,126.25,29643312,FYERS_HISTORY,2026-08-08T23:56:56+05:30
2023-11-22,SMD-0225,TATASTEEL,NSE:TATASTEEL-EQ,126.4,126.9,125.5,126.1,19588063,FYERS_HISTORY,2026-08-08T23:56:56+05:30
2023-11-23,SMD-0225,TATASTEEL,NSE:TATASTEEL-EQ,126.35,127.4,125.9,126.7,30736851,FYERS_HISTORY,2026-08-08T23:56:56+05:30
2023-11-24,SMD-0225,TATASTEEL,NSE:TATASTEEL-EQ,126.7,127.0,125.55,125.95,14719450,FYERS_HISTORY,2026-08-08T23:56:56+05:30
2023-11-28,SMD-0225,TATASTEEL,NSE:TATASTEEL-EQ,127.0,127.0,126.0,126.85,18377843,FYERS_HISTORY,2026-08-08T23:56:56+05:30
2023-11-29,SMD-0225,TATASTEEL,NSE:TATASTEEL-EQ,127.15,128.15,126.7,127.75,23092165,FYERS_HISTORY,2026-08-08T23:56:56+05:30
2023-11-30,SMD-0225,TATASTEEL,NSE:TATASTEEL-EQ,127.8,128.85,126.5,127.9,40165104,FYERS_HISTORY,2026-08-08T23:56:56+05:30
2023-12-01,SMD-0225,TATASTEEL,NSE:TATASTEEL-EQ,128.9,130.3,128.05,130.0,31192397,FYERS_HISTORY,2026-08-08T23:56:56+05:30
2023-12-04,SMD-0225,TATASTEEL,NSE:TATASTEEL-EQ,132.2,132.35,130.4,131.0,41230928,FYERS_HISTORY,2026-08-08T23:56:56+05:30
2023-12-05,SMD-0225,TATASTEEL,NSE:TATASTEEL-EQ,131.0,132.45,130.0,131.6,35192149,FYERS_HISTORY,2026-08-08T23:56:56+05:30
2023-12-06,SMD-0225,TATASTEEL,NSE:TATASTEEL-EQ,132.5,133.4,130.8,131.85,40753593,FYERS_HISTORY,2026-08-08T23:56:56+05:30
2023-12-07,SMD-0225,TATASTEEL,NSE:TATASTEEL-EQ,131.7,132.2,129.8,130.0,34686333,FYERS_HISTORY,2026-08-08T23:56:56+05:30
2023-12-08,SMD-0225,TATASTEEL,NSE:TATASTEEL-EQ,130.15,131.4,127.95,129.2,34393711,FYERS_HISTORY,2026-08-08T23:56:56+05:30
2023-12-11,SMD-0225,TATASTEEL,NSE:TATASTEEL-EQ,129.85,130.5,128.75,130.05,24038059,FYERS_HISTORY,2026-08-08T23:56:56+05:30
2023-12-12,SMD-0225,TATASTEEL,NSE:TATASTEEL-EQ,130.05,132.15,129.7,130.1,30696410,FYERS_HISTORY,2026-08-08T23:56:56+05:30
2023-12-13,SMD-0225,TATASTEEL,NSE:TATASTEEL-EQ,130.55,131.5,129.15,131.4,22767972,FYERS_HISTORY,2026-08-08T23:56:56+05:30
2023-12-14,SMD-0225,TATASTEEL,NSE:TATASTEEL-EQ,132.3,133.25,131.5,132.0,43372143,FYERS_HISTORY,2026-08-08T23:56:56+05:30
2023-12-15,SMD-0225,TATASTEEL,NSE:TATASTEEL-EQ,133.4,136.75,133.0,136.45,77377446,FYERS_HISTORY,2026-08-08T23:56:56+05:30
2023-12-18,SMD-0225,TATASTEEL,NSE:TATASTEEL-EQ,136.85,137.6,135.1,136.6,38461877,FYERS_HISTORY,2026-08-08T23:56:56+05:30
2023-12-19,SMD-0225,TATASTEEL,NSE:TATASTEEL-EQ,136.65,137.6,134.8,135.4,27726431,FYERS_HISTORY,2026-08-08T23:56:56+05:30
2023-12-20,SMD-0225,TATASTEEL,NSE:TATASTEEL-EQ,135.9,136.15,128.75,129.75,39495961,FYERS_HISTORY,2026-08-08T23:56:56+05:30
2023-12-21,SMD-0225,TATASTEEL,NSE:TATASTEEL-EQ,128.7,131.45,127.85,131.0,34914399,FYERS_HISTORY,2026-08-08T23:56:56+05:30
2023-12-22,SMD-0225,TATASTEEL,NSE:TATASTEEL-EQ,132.4,134.75,131.75,133.55,37357334,FYERS_HISTORY,2026-08-08T23:56:56+05:30
2023-12-26,SMD-0225,TATASTEEL,NSE:TATASTEEL-EQ,134.7,136.1,134.45,135.2,25936447,FYERS_HISTORY,2026-08-08T23:56:57+05:30
2023-12-27,SMD-0225,TATASTEEL,NSE:TATASTEEL-EQ,135.85,138.9,135.5,137.2,48101400,FYERS_HISTORY,2026-08-08T23:56:57+05:30
2023-12-28,SMD-0225,TATASTEEL,NSE:TATASTEEL-EQ,138.15,138.75,136.85,138.15,34661176,FYERS_HISTORY,2026-08-08T23:56:57+05:30
2023-12-29,SMD-0225,TATASTEEL,NSE:TATASTEEL-EQ,138.6,141.25,137.15,139.6,49202910,FYERS_HISTORY,2026-08-08T23:56:57+05:30
2024-01-01,SMD-0225,TATASTEEL,NSE:TATASTEEL-EQ,140.0,140.95,139.05,139.85,21186105,FYERS_HISTORY,2026-08-08T23:56:57+05:30
2024-01-02,SMD-0225,TATASTEEL,NSE:TATASTEEL-EQ,140.5,140.6,137.05,139.6,27764060,FYERS_HISTORY,2026-08-08T23:56:57+05:30
2024-01-03,SMD-0225,TATASTEEL,NSE:TATASTEEL-EQ,139.5,139.6,134.35,135.35,45176618,FYERS_HISTORY,2026-08-08T23:56:57+05:30
2024-01-04,SMD-0225,TATASTEEL,NSE:TATASTEEL-EQ,136.0,136.35,134.0,134.25,43913498,FYERS_HISTORY,2026-08-08T23:56:57+05:30
2024-01-05,SMD-0225,TATASTEEL,NSE:TATASTEEL-EQ,135.0,135.95,132.85,133.65,71330190,FYERS_HISTORY,2026-08-08T23:56:57+05:30
2024-01-08,SMD-0225,TATASTEEL,NSE:TATASTEEL-EQ,135.3,135.95,131.75,132.0,39559717,FYERS_HISTORY,2026-08-08T23:56:57+05:30
2024-01-09,SMD-0225,TATASTEEL,NSE:TATASTEEL-EQ,133.5,134.8,132.5,133.65,30736868,FYERS_HISTORY,2026-08-08T23:56:57+05:30
2024-01-10,SMD-0225,TATASTEEL,NSE:TATASTEEL-EQ,133.8,134.7,132.1,134.1,27213624,FYERS_HISTORY,2026-08-08T23:56:57+05:30
2024-01-11,SMD-0225,TATASTEEL,NSE:TATASTEEL-EQ,134.85,135.65,134.2,134.9,23113349,FYERS_HISTORY,2026-08-08T23:56:57+05:30
2024-01-12,SMD-0225,TATASTEEL,NSE:TATASTEEL-EQ,135.8,136.25,134.65,135.3,32883921,FYERS_HISTORY,2026-08-08T23:56:57+05:30
2024-01-15,SMD-0225,TATASTEEL,NSE:TATASTEEL-EQ,136.0,136.25,133.95,134.9,34158775,FYERS_HISTORY,2026-08-08T23:56:57+05:30
2024-01-16,SMD-0225,TATASTEEL,NSE:TATASTEEL-EQ,134.7,138.5,134.0,137.25,56361287,FYERS_HISTORY,2026-08-08T23:56:57+05:30
2024-01-17,SMD-0225,TATASTEEL,NSE:TATASTEEL-EQ,135.45,135.75,131.4,131.65,58982971,FYERS_HISTORY,2026-08-08T23:56:57+05:30
2024-01-18,SMD-0225,TATASTEEL,NSE:TATASTEEL-EQ,131.65,132.25,128.2,131.0,45273496,FYERS_HISTORY,2026-08-08T23:56:57+05:30
2024-01-19,SMD-0225,TATASTEEL,NSE:TATASTEEL-EQ,132.6,134.7,131.6,134.25,32653013,FYERS_HISTORY,2026-08-08T23:56:57+05:30
2024-01-20,SMD-0225,TATASTEEL,NSE:TATASTEEL-EQ,134.25,135.2,133.3,133.95,16578179,FYERS_HISTORY,2026-08-08T23:56:57+05:30
2024-01-23,SMD-0225,TATASTEEL,NSE:TATASTEEL-EQ,134.8,135.2,129.3,130.1,35373970,FYERS_HISTORY,2026-08-08T23:56:57+05:30
2024-01-24,SMD-0225,TATASTEEL,NSE:TATASTEEL-EQ,130.2,135.55,130.1,135.15,39340119,FYERS_HISTORY,2026-08-08T23:56:57+05:30
2024-01-25,SMD-0225,TATASTEEL,NSE:TATASTEEL-EQ,136.5,136.5,132.0,133.75,61358839,FYERS_HISTORY,2026-08-08T23:56:57+05:30
2024-01-29,SMD-0225,TATASTEEL,NSE:TATASTEEL-EQ,134.7,135.4,133.5,135.0,29745400,FYERS_HISTORY,2026-08-08T23:56:57+05:30
2024-01-30,SMD-0225,TATASTEEL,NSE:TATASTEEL-EQ,135.6,137.7,134.5,134.7,35704185,FYERS_HISTORY,2026-08-08T23:56:57+05:30
2024-01-31,SMD-0225,TATASTEEL,NSE:TATASTEEL-EQ,135.0,136.7,134.5,135.95,36079354,FYERS_HISTORY,2026-08-08T23:56:57+05:30
2024-02-01,SMD-0225,TATASTEEL,NSE:TATASTEEL-EQ,136.4,136.75,134.5,134.8,31701793,FYERS_HISTORY,2026-08-08T23:56:57+05:30
2024-02-02,SMD-0225,TATASTEEL,NSE:TATASTEEL-EQ,135.3,139.6,134.8,138.7,69296192,FYERS_HISTORY,2026-08-08T23:56:57+05:30
2024-02-05,SMD-0225,TATASTEEL,NSE:TATASTEEL-EQ,140.0,143.35,139.35,141.55,80737626,FYERS_HISTORY,2026-08-08T23:56:57+05:30
2024-02-06,SMD-0225,TATASTEEL,NSE:TATASTEEL-EQ,143.0,145.1,140.45,144.65,53192936,FYERS_HISTORY,2026-08-08T23:56:57+05:30
2024-02-07,SMD-0225,TATASTEEL,NSE:TATASTEEL-EQ,146.85,147.4,144.05,144.4,61517064,FYERS_HISTORY,2026-08-08T23:56:57+05:30
2024-02-08,SMD-0225,TATASTEEL,NSE:TATASTEEL-EQ,145.3,145.65,143.05,143.65,38997666,FYERS_HISTORY,2026-08-08T23:56:57+05:30
2024-02-09,SMD-0225,TATASTEEL,NSE:TATASTEEL-EQ,144.2,144.45,139.15,141.3,35961925,FYERS_HISTORY,2026-08-08T23:56:57+05:30
2024-02-12,SMD-0225,TATASTEEL,NSE:TATASTEEL-EQ,142.0,142.95,136.65,137.4,36477544,FYERS_HISTORY,2026-08-08T23:56:57+05:30
2024-02-13,SMD-0225,TATASTEEL,NSE:TATASTEEL-EQ,137.75,138.25,134.1,137.85,39155909,FYERS_HISTORY,2026-08-08T23:56:57+05:30
2024-02-14,SMD-0225,TATASTEEL,NSE:TATASTEEL-EQ,137.0,141.5,135.75,141.2,29141690,FYERS_HISTORY,2026-08-08T23:56:57+05:30
2024-02-15,SMD-0225,TATASTEEL,NSE:TATASTEEL-EQ,141.5,143.45,141.0,141.2,31587387,FYERS_HISTORY,2026-08-08T23:56:57+05:30
2024-02-16,SMD-0225,TATASTEEL,NSE:TATASTEEL-EQ,142.05,143.45,141.5,142.3,22316127,FYERS_HISTORY,2026-08-08T23:56:57+05:30
2024-02-19,SMD-0225,TATASTEEL,NSE:TATASTEEL-EQ,142.95,143.35,141.35,141.95,16973568,FYERS_HISTORY,2026-08-08T23:56:57+05:30
2024-02-20,SMD-0225,TATASTEEL,NSE:TATASTEEL-EQ,141.95,142.25,140.05,141.05,24291123,FYERS_HISTORY,2026-08-08T23:56:57+05:30
2024-02-21,SMD-0225,TATASTEEL,NSE:TATASTEEL-EQ,141.55,146.2,141.45,143.9,88000833,FYERS_HISTORY,2026-08-08T23:56:57+05:30
2024-02-22,SMD-0225,TATASTEEL,NSE:TATASTEEL-EQ,145.0,146.15,143.5,145.9,46728176,FYERS_HISTORY,2026-08-08T23:56:57+05:30
2024-02-23,SMD-0225,TATASTEEL,NSE:TATASTEEL-EQ,146.4,147.1,145.0,145.45,28414697,FYERS_HISTORY,2026-08-08T23:56:57+05:30
2024-02-26,SMD-0225,TATASTEEL,NSE:TATASTEEL-EQ,145.85,145.95,142.25,142.65,22570277,FYERS_HISTORY,2026-08-08T23:56:57+05:30
2024-02-27,SMD-0225,TATASTEEL,NSE:TATASTEEL-EQ,142.65,144.5,142.0,144.2,24119469,FYERS_HISTORY,2026-08-08T23:56:57+05:30
2024-02-28,SMD-0225,TATASTEEL,NSE:TATASTEEL-EQ,144.05,144.95,140.05,140.75,20721926,FYERS_HISTORY,2026-08-08T23:56:57+05:30
2024-02-29,SMD-0225,TATASTEEL,NSE:TATASTEEL-EQ,140.8,141.85,139.4,140.85,32248156,FYERS_HISTORY,2026-08-08T23:56:57+05:30
2024-03-01,SMD-0225,TATASTEEL,NSE:TATASTEEL-EQ,143.0,150.65,143.0,149.95,123709943,FYERS_HISTORY,2026-08-08T23:56:57+05:30
2024-03-02,SMD-0225,TATASTEEL,NSE:TATASTEEL-EQ,152.0,156.2,151.0,155.25,21643047,FYERS_HISTORY,2026-08-08T23:56:57+05:30
2024-03-04,SMD-0225,TATASTEEL,NSE:TATASTEEL-EQ,154.9,154.9,151.05,153.1,67577785,FYERS_HISTORY,2026-08-08T23:56:57+05:30
2024-03-05,SMD-0225,TATASTEEL,NSE:TATASTEEL-EQ,153.2,154.0,150.75,151.85,37165490,FYERS_HISTORY,2026-08-08T23:56:57+05:30
2024-03-06,SMD-0225,TATASTEEL,NSE:TATASTEEL-EQ,151.8,152.65,147.9,151.6,51782444,FYERS_HISTORY,2026-08-08T23:56:57+05:30
2024-03-07,SMD-0225,TATASTEEL,NSE:TATASTEEL-EQ,152.4,159.15,152.25,157.25,124847699,FYERS_HISTORY,2026-08-08T23:56:57+05:30
2024-03-11,SMD-0225,TATASTEEL,NSE:TATASTEEL-EQ,158.9,158.9,153.0,153.45,54155385,FYERS_HISTORY,2026-08-08T23:56:57+05:30
2024-03-12,SMD-0225,TATASTEEL,NSE:TATASTEEL-EQ,154.2,154.55,150.9,152.5,34947937,FYERS_HISTORY,2026-08-08T23:56:57+05:30
2024-03-13,SMD-0225,TATASTEEL,NSE:TATASTEEL-EQ,152.8,152.9,142.5,143.65,70937597,FYERS_HISTORY,2026-08-08T23:56:57+05:30
2024-03-14,SMD-0225,TATASTEEL,NSE:TATASTEEL-EQ,143.6,143.95,138.35,142.45,91956952,FYERS_HISTORY,2026-08-08T23:56:57+05:30
2024-03-15,SMD-0225,TATASTEEL,NSE:TATASTEEL-EQ,142.9,143.7,139.85,141.7,68482621,FYERS_HISTORY,2026-08-08T23:56:57+05:30
2024-03-18,SMD-0225,TATASTEEL,NSE:TATASTEEL-EQ,142.55,150.25,142.2,149.7,166913078,FYERS_HISTORY,2026-08-08T23:56:57+05:30
2024-03-19,SMD-0225,TATASTEEL,NSE:TATASTEEL-EQ,149.0,152.45,147.6,148.75,105004268,FYERS_HISTORY,2026-08-08T23:56:57+05:30
2024-03-20,SMD-0225,TATASTEEL,NSE:TATASTEEL-EQ,149.6,150.65,143.85,145.65,77550319,FYERS_HISTORY,2026-08-08T23:56:57+05:30
2024-03-21,SMD-0225,TATASTEEL,NSE:TATASTEEL-EQ,148.0,151.2,147.8,150.1,84225737,FYERS_HISTORY,2026-08-08T23:56:57+05:30
2024-03-22,SMD-0225,TATASTEEL,NSE:TATASTEEL-EQ,149.0,152.75,148.35,151.8,68241556,FYERS_HISTORY,2026-08-08T23:56:57+05:30
2024-03-26,SMD-0225,TATASTEEL,NSE:TATASTEEL-EQ,151.15,153.4,150.5,152.4,52965508,FYERS_HISTORY,2026-08-08T23:56:57+05:30
2024-03-27,SMD-0225,TATASTEEL,NSE:TATASTEEL-EQ,152.45,154.1,152.0,152.7,35328794,FYERS_HISTORY,2026-08-08T23:56:57+05:30
2024-03-28,SMD-0225,TATASTEEL,NSE:TATASTEEL-EQ,152.7,157.0,152.7,155.85,62575327,FYERS_HISTORY,2026-08-08T23:56:57+05:30
2024-04-01,SMD-0225,TATASTEEL,NSE:TATASTEEL-EQ,156.8,163.9,156.5,163.15,84583929,FYERS_HISTORY,2026-08-08T23:56:57+05:30
2024-04-02,SMD-0225,TATASTEEL,NSE:TATASTEEL-EQ,162.95,165.5,161.8,164.65,69533405,FYERS_HISTORY,2026-08-08T23:56:57+05:30
2024-04-03,SMD-0225,TATASTEEL,NSE:TATASTEEL-EQ,164.65,166.25,163.1,163.65,50938559,FYERS_HISTORY,2026-08-08T23:56:57+05:30
2024-04-04,SMD-0225,TATASTEEL,NSE:TATASTEEL-EQ,165.55,165.95,161.0,163.4,61094750,FYERS_HISTORY,2026-08-08T23:56:57+05:30
2024-04-05,SMD-0225,TATASTEEL,NSE:TATASTEEL-EQ,163.9,164.15,160.8,163.35,44668121,FYERS_HISTORY,2026-08-08T23:56:57+05:30
2024-04-08,SMD-0225,TATASTEEL,NSE:TATASTEEL-EQ,166.95,166.95,164.2,165.2,48255703,FYERS_HISTORY,2026-08-08T23:56:57+05:30
2024-04-09,SMD-0225,TATASTEEL,NSE:TATASTEEL-EQ,166.0,169.8,165.2,166.0,63884687,FYERS_HISTORY,2026-08-08T23:56:57+05:30
2024-04-10,SMD-0225,TATASTEEL,NSE:TATASTEEL-EQ,167.3,169.2,164.5,165.05,64134758,FYERS_HISTORY,2026-08-08T23:56:57+05:30
2024-04-12,SMD-0225,TATASTEEL,NSE:TATASTEEL-EQ,166.0,166.0,163.0,163.5,55317636,FYERS_HISTORY,2026-08-08T23:56:57+05:30
2024-04-15,SMD-0225,TATASTEEL,NSE:TATASTEEL-EQ,161.8,164.7,158.6,160.85,66426404,FYERS_HISTORY,2026-08-08T23:56:57+05:30
2024-04-16,SMD-0225,TATASTEEL,NSE:TATASTEEL-EQ,160.85,162.45,159.0,160.05,41391261,FYERS_HISTORY,2026-08-08T23:56:57+05:30
2024-04-18,SMD-0225,TATASTEEL,NSE:TATASTEEL-EQ,160.9,164.0,159.15,160.05,68093672,FYERS_HISTORY,2026-08-08T23:56:57+05:30
2024-04-19,SMD-0225,TATASTEEL,NSE:TATASTEEL-EQ,160.0,162.5,157.3,162.1,60078229,FYERS_HISTORY,2026-08-08T23:56:57+05:30
2024-04-22,SMD-0225,TATASTEEL,NSE:TATASTEEL-EQ,163.8,164.7,161.5,161.85,39304790,FYERS_HISTORY,2026-08-08T23:56:57+05:30
2024-04-23,SMD-0225,TATASTEEL,NSE:TATASTEEL-EQ,163.5,163.5,160.8,161.15,30295177,FYERS_HISTORY,2026-08-08T23:56:57+05:30
2024-04-24,SMD-0225,TATASTEEL,NSE:TATASTEEL-EQ,162.45,166.9,161.45,165.55,59894921,FYERS_HISTORY,2026-08-08T23:56:57+05:30
2024-04-25,SMD-0225,TATASTEEL,NSE:TATASTEEL-EQ,165.4,168.0,164.15,167.7,50128523,FYERS_HISTORY,2026-08-08T23:56:57+05:30
2024-04-26,SMD-0225,TATASTEEL,NSE:TATASTEEL-EQ,168.0,170.7,165.25,165.8,65355111,FYERS_HISTORY,2026-08-08T23:56:57+05:30
2024-04-29,SMD-0225,TATASTEEL,NSE:TATASTEEL-EQ,168.2,169.6,166.9,167.4,44906151,FYERS_HISTORY,2026-08-08T23:56:57+05:30
2024-04-30,SMD-0225,TATASTEEL,NSE:TATASTEEL-EQ,168.4,168.4,164.5,165.0,55043389,FYERS_HISTORY,2026-08-08T23:56:57+05:30
2024-05-02,SMD-0225,TATASTEEL,NSE:TATASTEEL-EQ,165.0,168.9,165.0,167.35,69320283,FYERS_HISTORY,2026-08-08T23:56:57+05:30
2024-05-03,SMD-0225,TATASTEEL,NSE:TATASTEEL-EQ,168.95,170.75,165.15,166.5,62573586,FYERS_HISTORY,2026-08-08T23:56:57+05:30
2024-05-06,SMD-0225,TATASTEEL,NSE:TATASTEEL-EQ,167.95,168.65,164.7,167.6,37621296,FYERS_HISTORY,2026-08-08T23:56:57+05:30
2024-05-07,SMD-0225,TATASTEEL,NSE:TATASTEEL-EQ,167.95,167.95,162.3,164.25,43611824,FYERS_HISTORY,2026-08-08T23:56:57+05:30
2024-05-08,SMD-0225,TATASTEEL,NSE:TATASTEEL-EQ,164.2,167.1,163.5,166.05,30128705,FYERS_HISTORY,2026-08-08T23:56:57+05:30
2024-05-09,SMD-0225,TATASTEEL,NSE:TATASTEEL-EQ,165.95,166.7,161.5,161.9,30223088,FYERS_HISTORY,2026-08-08T23:56:57+05:30
2024-05-10,SMD-0225,TATASTEEL,NSE:TATASTEEL-EQ,163.2,164.35,161.85,162.25,31472419,FYERS_HISTORY,2026-08-08T23:56:57+05:30
2024-05-13,SMD-0225,TATASTEEL,NSE:TATASTEEL-EQ,162.45,164.5,158.05,163.85,36561003,FYERS_HISTORY,2026-08-08T23:56:57+05:30
2024-05-14,SMD-0225,TATASTEEL,NSE:TATASTEEL-EQ,164.1,166.55,163.5,164.95,46261468,FYERS_HISTORY,2026-08-08T23:56:57+05:30
2024-05-15,SMD-0225,TATASTEEL,NSE:TATASTEEL-EQ,164.95,167.55,164.95,165.6,29601304,FYERS_HISTORY,2026-08-08T23:56:57+05:30
2024-05-16,SMD-0225,TATASTEEL,NSE:TATASTEEL-EQ,167.25,168.0,162.3,165.9,41126570,FYERS_HISTORY,2026-08-08T23:56:57+05:30
2024-05-17,SMD-0225,TATASTEEL,NSE:TATASTEEL-EQ,166.6,168.45,165.45,167.35,39181277,FYERS_HISTORY,2026-08-08T23:56:57+05:30
2024-05-18,SMD-0225,TATASTEEL,NSE:TATASTEEL-EQ,168.0,168.3,167.3,167.9,3601856,FYERS_HISTORY,2026-08-08T23:56:57+05:30
2024-05-21,SMD-0225,TATASTEEL,NSE:TATASTEEL-EQ,168.5,175.2,167.95,174.35,84833644,FYERS_HISTORY,2026-08-08T23:56:57+05:30
2024-05-22,SMD-0225,TATASTEEL,NSE:TATASTEEL-EQ,175.45,175.5,171.5,173.3,42919832,FYERS_HISTORY,2026-08-08T23:56:57+05:30
2024-05-23,SMD-0225,TATASTEEL,NSE:TATASTEEL-EQ,173.05,175.8,170.5,175.5,49377680,FYERS_HISTORY,2026-08-08T23:56:57+05:30
2024-05-24,SMD-0225,TATASTEEL,NSE:TATASTEEL-EQ,174.95,177.55,174.15,174.85,38674485,FYERS_HISTORY,2026-08-08T23:56:57+05:30
2024-05-27,SMD-0225,TATASTEEL,NSE:TATASTEEL-EQ,177.7,177.7,174.85,175.5,30410585,FYERS_HISTORY,2026-08-08T23:56:57+05:30
2024-05-28,SMD-0225,TATASTEEL,NSE:TATASTEEL-EQ,175.9,177.5,173.45,174.9,39208456,FYERS_HISTORY,2026-08-08T23:56:57+05:30
2024-05-29,SMD-0225,TATASTEEL,NSE:TATASTEEL-EQ,174.75,176.0,173.5,174.25,36575550,FYERS_HISTORY,2026-08-08T23:56:57+05:30
2024-05-30,SMD-0225,TATASTEEL,NSE:TATASTEEL-EQ,172.0,172.0,163.35,164.15,108813875,FYERS_HISTORY,2026-08-08T23:56:57+05:30
2024-05-31,SMD-0225,TATASTEEL,NSE:TATASTEEL-EQ,166.05,167.95,164.0,167.2,83713848,FYERS_HISTORY,2026-08-08T23:56:57+05:30
2024-06-03,SMD-0225,TATASTEEL,NSE:TATASTEEL-EQ,173.25,175.0,168.85,174.25,86397540,FYERS_HISTORY,2026-08-08T23:56:57+05:30
2024-06-04,SMD-0225,TATASTEEL,NSE:TATASTEEL-EQ,174.5,174.65,148.15,158.95,125042158,FYERS_HISTORY,2026-08-08T23:56:57+05:30
2024-06-05,SMD-0225,TATASTEEL,NSE:TATASTEEL-EQ,162.15,169.6,159.0,169.2,60098501,FYERS_HISTORY,2026-08-08T23:56:57+05:30
2024-06-06,SMD-0225,TATASTEEL,NSE:TATASTEEL-EQ,170.0,174.7,169.4,172.05,57920819,FYERS_HISTORY,2026-08-08T23:56:57+05:30
2024-06-07,SMD-0225,TATASTEEL,NSE:TATASTEEL-EQ,172.0,179.65,170.8,178.9,84319867,FYERS_HISTORY,2026-08-08T23:56:57+05:30
2024-06-10,SMD-0225,TATASTEEL,NSE:TATASTEEL-EQ,180.21,182.1,177.36,180.29,74286848,FYERS_HISTORY,2026-08-08T23:56:57+05:30
2024-06-11,SMD-0225,TATASTEEL,NSE:TATASTEEL-EQ,180.5,183.75,180.5,181.33,55555544,FYERS_HISTORY,2026-08-08T23:56:57+05:30
2024-06-12,SMD-0225,TATASTEEL,NSE:TATASTEEL-EQ,182.25,183.87,181.5,182.23,33304643,FYERS_HISTORY,2026-08-08T23:56:57+05:30
2024-06-13,SMD-0225,TATASTEEL,NSE:TATASTEEL-EQ,183.4,184.1,180.51,182.56,36669164,FYERS_HISTORY,2026-08-08T23:56:57+05:30
2024-06-14,SMD-0225,TATASTEEL,NSE:TATASTEEL-EQ,182.95,183.5,181.4,183.15,28509237,FYERS_HISTORY,2026-08-08T23:56:57+05:30
2024-06-18,SMD-0225,TATASTEEL,NSE:TATASTEEL-EQ,183.8,184.6,180.6,181.12,35032118,FYERS_HISTORY,2026-08-08T23:56:57+05:30
2024-06-19,SMD-0225,TATASTEEL,NSE:TATASTEEL-EQ,182.45,182.49,179.31,180.02,27476795,FYERS_HISTORY,2026-08-08T23:56:57+05:30
2024-06-20,SMD-0225,TATASTEEL,NSE:TATASTEEL-EQ,181.6,182.95,179.37,182.28,38837494,FYERS_HISTORY,2026-08-08T23:56:57+05:30
2024-06-21,SMD-0225,TATASTEEL,NSE:TATASTEEL-EQ,179.4,180.9,178.18,179.94,65494855,FYERS_HISTORY,2026-08-08T23:56:57+05:30
2024-06-24,SMD-0225,TATASTEEL,NSE:TATASTEEL-EQ,177.44,178.95,175.1,177.96,47597307,FYERS_HISTORY,2026-08-08T23:56:57+05:30
2024-06-25,SMD-0225,TATASTEEL,NSE:TATASTEEL-EQ,177.99,179.0,175.25,175.68,30599989,FYERS_HISTORY,2026-08-08T23:56:57+05:30
2024-06-26,SMD-0225,TATASTEEL,NSE:TATASTEEL-EQ,175.68,176.0,171.84,172.56,44006436,FYERS_HISTORY,2026-08-08T23:56:57+05:30
2024-06-27,SMD-0225,TATASTEEL,NSE:TATASTEEL-EQ,172.56,174.95,171.8,174.16,49767976,FYERS_HISTORY,2026-08-08T23:56:57+05:30
2024-06-28,SMD-0225,TATASTEEL,NSE:TATASTEEL-EQ,174.17,177.1,173.57,174.01,37521949,FYERS_HISTORY,2026-08-08T23:56:57+05:30
2024-07-01,SMD-0225,TATASTEEL,NSE:TATASTEEL-EQ,174.5,175.99,173.51,174.07,27807688,FYERS_HISTORY,2026-08-08T23:56:57+05:30
2024-07-02,SMD-0225,TATASTEEL,NSE:TATASTEEL-EQ,174.47,175.75,173.6,174.54,33359495,FYERS_HISTORY,2026-08-08T23:56:57+05:30
2024-07-03,SMD-0225,TATASTEEL,NSE:TATASTEEL-EQ,174.54,176.88,174.4,176.37,29090492,FYERS_HISTORY,2026-08-08T23:56:57+05:30
2024-07-04,SMD-0225,TATASTEEL,NSE:TATASTEEL-EQ,177.0,178.19,175.82,176.29,29504744,FYERS_HISTORY,2026-08-08T23:56:57+05:30
2024-07-05,SMD-0225,TATASTEEL,NSE:TATASTEEL-EQ,176.2,176.2,173.4,174.71,38123217,FYERS_HISTORY,2026-08-08T23:56:57+05:30
2024-07-08,SMD-0225,TATASTEEL,NSE:TATASTEEL-EQ,174.6,175.47,172.09,172.28,31479861,FYERS_HISTORY,2026-08-08T23:56:57+05:30
2024-07-09,SMD-0225,TATASTEEL,NSE:TATASTEEL-EQ,173.6,173.7,171.51,171.8,25127904,FYERS_HISTORY,2026-08-08T23:56:57+05:30
2024-07-10,SMD-0225,TATASTEEL,NSE:TATASTEEL-EQ,172.5,172.89,167.02,167.98,41525591,FYERS_HISTORY,2026-08-08T23:56:57+05:30
2024-07-11,SMD-0225,TATASTEEL,NSE:TATASTEEL-EQ,170.0,170.95,168.67,168.92,33987236,FYERS_HISTORY,2026-08-08T23:56:57+05:30
2024-07-12,SMD-0225,TATASTEEL,NSE:TATASTEEL-EQ,170.2,170.39,168.01,168.69,33311402,FYERS_HISTORY,2026-08-08T23:56:57+05:30
2024-07-15,SMD-0225,TATASTEEL,NSE:TATASTEEL-EQ,168.69,168.99,165.8,166.76,32635187,FYERS_HISTORY,2026-08-08T23:56:57+05:30
2024-07-16,SMD-0225,TATASTEEL,NSE:TATASTEEL-EQ,167.8,169.82,166.7,167.07,26506026,FYERS_HISTORY,2026-08-08T23:56:57+05:30
2024-07-18,SMD-0225,TATASTEEL,NSE:TATASTEEL-EQ,167.61,167.61,164.44,166.36,36568852,FYERS_HISTORY,2026-08-08T23:56:57+05:30
2024-07-19,SMD-0225,TATASTEEL,NSE:TATASTEEL-EQ,166.0,166.09,157.2,157.77,77987514,FYERS_HISTORY,2026-08-08T23:56:57+05:30
2024-07-22,SMD-0225,TATASTEEL,NSE:TATASTEEL-EQ,158.4,160.7,156.41,160.32,40353690,FYERS_HISTORY,2026-08-08T23:56:57+05:30
2024-07-23,SMD-0225,TATASTEEL,NSE:TATASTEEL-EQ,161.6,161.97,155.0,160.02,37077411,FYERS_HISTORY,2026-08-08T23:56:57+05:30
2024-07-24,SMD-0225,TATASTEEL,NSE:TATASTEEL-EQ,160.02,162.02,159.19,160.31,28086566,FYERS_HISTORY,2026-08-08T23:56:57+05:30
2024-07-25,SMD-0225,TATASTEEL,NSE:TATASTEEL-EQ,158.5,158.5,156.9,157.39,45155876,FYERS_HISTORY,2026-08-08T23:56:57+05:30
2024-07-26,SMD-0225,TATASTEEL,NSE:TATASTEEL-EQ,158.75,162.95,158.21,162.55,45642032,FYERS_HISTORY,2026-08-08T23:56:57+05:30
2024-07-29,SMD-0225,TATASTEEL,NSE:TATASTEEL-EQ,164.7,164.7,162.33,162.87,31754833,FYERS_HISTORY,2026-08-08T23:56:57+05:30
2024-07-30,SMD-0225,TATASTEEL,NSE:TATASTEEL-EQ,162.9,165.3,161.31,164.07,42824600,FYERS_HISTORY,2026-08-08T23:56:57+05:30
2024-07-31,SMD-0225,TATASTEEL,NSE:TATASTEEL-EQ,166.29,166.5,163.55,165.33,52769925,FYERS_HISTORY,2026-08-08T23:56:57+05:30
2024-08-01,SMD-0225,TATASTEEL,NSE:TATASTEEL-EQ,168.2,168.95,160.9,163.06,118341338,FYERS_HISTORY,2026-08-08T23:56:57+05:30
2024-08-02,SMD-0225,TATASTEEL,NSE:TATASTEEL-EQ,161.0,161.19,154.72,158.22,72427529,FYERS_HISTORY,2026-08-08T23:56:57+05:30
2024-08-05,SMD-0225,TATASTEEL,NSE:TATASTEEL-EQ,153.66,154.0,149.0,149.82,102883971,FYERS_HISTORY,2026-08-08T23:56:57+05:30
2024-08-06,SMD-0225,TATASTEEL,NSE:TATASTEEL-EQ,151.21,153.8,149.61,150.32,53507102,FYERS_HISTORY,2026-08-08T23:56:57+05:30
2024-08-07,SMD-0225,TATASTEEL,NSE:TATASTEEL-EQ,153.7,154.3,151.9,153.86,32029697,FYERS_HISTORY,2026-08-08T23:56:57+05:30
2024-08-08,SMD-0225,TATASTEEL,NSE:TATASTEEL-EQ,153.4,153.44,150.0,150.28,51858615,FYERS_HISTORY,2026-08-08T23:56:57+05:30
2024-08-09,SMD-0225,TATASTEEL,NSE:TATASTEEL-EQ,153.0,153.0,151.25,151.81,23290101,FYERS_HISTORY,2026-08-08T23:56:57+05:30
2024-08-12,SMD-0225,TATASTEEL,NSE:TATASTEEL-EQ,151.0,153.4,149.88,152.06,30550334,FYERS_HISTORY,2026-08-08T23:56:57+05:30
2024-08-13,SMD-0225,TATASTEEL,NSE:TATASTEEL-EQ,152.1,152.95,148.5,148.88,29396493,FYERS_HISTORY,2026-08-08T23:56:57+05:30
2024-08-14,SMD-0225,TATASTEEL,NSE:TATASTEEL-EQ,149.9,149.9,142.35,146.17,97911180,FYERS_HISTORY,2026-08-08T23:56:57+05:30
2024-08-16,SMD-0225,TATASTEEL,NSE:TATASTEEL-EQ,148.0,150.0,146.46,149.52,54131721,FYERS_HISTORY,2026-08-08T23:56:57+05:30
2024-08-19,SMD-0225,TATASTEEL,NSE:TATASTEEL-EQ,150.85,154.3,150.39,153.96,62889770,FYERS_HISTORY,2026-08-08T23:56:57+05:30
2024-08-20,SMD-0225,TATASTEEL,NSE:TATASTEEL-EQ,155.7,155.7,152.8,153.93,37559016,FYERS_HISTORY,2026-08-08T23:56:57+05:30
2024-08-21,SMD-0225,TATASTEEL,NSE:TATASTEEL-EQ,153.0,154.18,151.77,151.92,49749381,FYERS_HISTORY,2026-08-08T23:56:57+05:30
2024-08-22,SMD-0225,TATASTEEL,NSE:TATASTEEL-EQ,152.51,154.35,152.51,154.14,36719176,FYERS_HISTORY,2026-08-08T23:56:57+05:30
2024-08-23,SMD-0225,TATASTEEL,NSE:TATASTEEL-EQ,154.0,154.39,152.55,154.2,31490857,FYERS_HISTORY,2026-08-08T23:56:57+05:30
2024-08-26,SMD-0225,TATASTEEL,NSE:TATASTEEL-EQ,154.61,156.4,153.7,155.7,32497603,FYERS_HISTORY,2026-08-08T23:56:57+05:30
2024-08-27,SMD-0225,TATASTEEL,NSE:TATASTEEL-EQ,155.8,156.5,154.6,154.7,24523684,FYERS_HISTORY,2026-08-08T23:56:57+05:30
2024-08-28,SMD-0225,TATASTEEL,NSE:TATASTEEL-EQ,154.7,155.0,153.05,153.7,25195197,FYERS_HISTORY,2026-08-08T23:56:57+05:30
2024-08-29,SMD-0225,TATASTEEL,NSE:TATASTEEL-EQ,153.21,153.56,151.2,152.97,44452983,FYERS_HISTORY,2026-08-08T23:56:57+05:30
2024-08-30,SMD-0225,TATASTEEL,NSE:TATASTEEL-EQ,153.0,155.25,152.47,152.76,55134023,FYERS_HISTORY,2026-08-08T23:56:57+05:30
2024-09-02,SMD-0225,TATASTEEL,NSE:TATASTEEL-EQ,153.9,153.9,152.14,152.88,19200143,FYERS_HISTORY,2026-08-08T23:56:57+05:30
2024-09-03,SMD-0225,TATASTEEL,NSE:TATASTEEL-EQ,152.84,153.45,152.01,152.15,19780066,FYERS_HISTORY,2026-08-08T23:56:57+05:30
2024-09-04,SMD-0225,TATASTEEL,NSE:TATASTEEL-EQ,149.5,152.18,149.16,151.18,39613696,FYERS_HISTORY,2026-08-08T23:56:57+05:30
2024-09-05,SMD-0225,TATASTEEL,NSE:TATASTEEL-EQ,151.0,152.79,151.0,151.72,28347324,FYERS_HISTORY,2026-08-08T23:56:57+05:30
2024-09-06,SMD-0225,TATASTEEL,NSE:TATASTEEL-EQ,151.94,152.9,149.65,151.22,30709532,FYERS_HISTORY,2026-08-08T23:56:57+05:30
2024-09-09,SMD-0225,TATASTEEL,NSE:TATASTEEL-EQ,150.9,150.9,148.05,149.47,32624586,FYERS_HISTORY,2026-08-08T23:56:57+05:30
2024-09-10,SMD-0225,TATASTEEL,NSE:TATASTEEL-EQ,150.5,151.59,148.81,149.42,41607844,FYERS_HISTORY,2026-08-08T23:56:57+05:30
2024-09-11,SMD-0225,TATASTEEL,NSE:TATASTEEL-EQ,149.9,150.2,147.62,148.17,24633287,FYERS_HISTORY,2026-08-08T23:56:57+05:30
2024-09-12,SMD-0225,TATASTEEL,NSE:TATASTEEL-EQ,152.0,152.44,148.75,151.74,73191476,FYERS_HISTORY,2026-08-08T23:56:57+05:30
2024-09-13,SMD-0225,TATASTEEL,NSE:TATASTEEL-EQ,152.78,155.4,152.5,153.49,54894255,FYERS_HISTORY,2026-08-08T23:56:57+05:30
2024-09-16,SMD-0225,TATASTEEL,NSE:TATASTEEL-EQ,155.0,155.66,153.5,154.21,32575460,FYERS_HISTORY,2026-08-08T23:56:57+05:30
2024-09-17,SMD-0225,TATASTEEL,NSE:TATASTEEL-EQ,154.0,154.24,152.27,152.82,18275113,FYERS_HISTORY,2026-08-08T23:56:57+05:30
2024-09-18,SMD-0225,TATASTEEL,NSE:TATASTEEL-EQ,152.4,152.98,149.61,150.6,24856345,FYERS_HISTORY,2026-08-08T23:56:57+05:30
2024-09-19,SMD-0225,TATASTEEL,NSE:TATASTEEL-EQ,151.89,152.19,147.79,149.54,36913781,FYERS_HISTORY,2026-08-08T23:56:57+05:30
2024-09-20,SMD-0225,TATASTEEL,NSE:TATASTEEL-EQ,151.0,153.34,150.65,152.02,53873369,FYERS_HISTORY,2026-08-08T23:56:57+05:30
2024-09-23,SMD-0225,TATASTEEL,NSE:TATASTEEL-EQ,154.38,154.39,152.8,153.99,33281905,FYERS_HISTORY,2026-08-08T23:56:57+05:30
2024-09-24,SMD-0225,TATASTEEL,NSE:TATASTEEL-EQ,155.15,161.5,154.85,160.53,137414352,FYERS_HISTORY,2026-08-08T23:56:57+05:30
2024-09-25,SMD-0225,TATASTEEL,NSE:TATASTEEL-EQ,161.5,162.69,159.52,161.66,58044967,FYERS_HISTORY,2026-08-08T23:56:57+05:30
2024-09-26,SMD-0225,TATASTEEL,NSE:TATASTEEL-EQ,162.0,165.9,160.48,165.61,88661662,FYERS_HISTORY,2026-08-08T23:56:57+05:30
2024-09-27,SMD-0225,TATASTEEL,NSE:TATASTEEL-EQ,167.0,169.01,165.89,166.55,72795668,FYERS_HISTORY,2026-08-08T23:56:57+05:30
2024-09-30,SMD-0225,TATASTEEL,NSE:TATASTEEL-EQ,167.5,170.18,167.26,168.55,92381529,FYERS_HISTORY,2026-08-08T23:56:57+05:30
2024-10-01,SMD-0225,TATASTEEL,NSE:TATASTEEL-EQ,169.49,169.49,165.1,167.03,50761579,FYERS_HISTORY,2026-08-08T23:56:57+05:30
2024-10-03,SMD-0225,TATASTEEL,NSE:TATASTEEL-EQ,165.5,169.99,164.52,166.98,75959797,FYERS_HISTORY,2026-08-08T23:56:57+05:30
2024-10-04,SMD-0225,TATASTEEL,NSE:TATASTEEL-EQ,167.0,169.1,164.0,166.75,53880875,FYERS_HISTORY,2026-08-08T23:56:57+05:30
2024-10-07,SMD-0225,TATASTEEL,NSE:TATASTEEL-EQ,167.1,167.95,162.33,164.36,48775098,FYERS_HISTORY,2026-08-08T23:56:57+05:30
2024-10-08,SMD-0225,TATASTEEL,NSE:TATASTEEL-EQ,163.0,163.59,156.7,159.52,74956764,FYERS_HISTORY,2026-08-08T23:56:57+05:30
2024-10-09,SMD-0225,TATASTEEL,NSE:TATASTEEL-EQ,159.52,162.2,158.11,159.06,42766218,FYERS_HISTORY,2026-08-08T23:56:57+05:30
2024-10-10,SMD-0225,TATASTEEL,NSE:TATASTEEL-EQ,158.3,161.18,156.6,159.72,46507936,FYERS_HISTORY,2026-08-08T23:56:57+05:30
2024-10-11,SMD-0225,TATASTEEL,NSE:TATASTEEL-EQ,159.3,163.78,159.2,160.66,53263433,FYERS_HISTORY,2026-08-08T23:56:57+05:30
2024-10-14,SMD-0225,TATASTEEL,NSE:TATASTEEL-EQ,161.88,163.38,158.04,158.32,35566857,FYERS_HISTORY,2026-08-08T23:56:57+05:30
2024-10-15,SMD-0225,TATASTEEL,NSE:TATASTEEL-EQ,159.5,159.53,155.05,155.63,38964393,FYERS_HISTORY,2026-08-08T23:56:57+05:30
2024-10-16,SMD-0225,TATASTEEL,NSE:TATASTEEL-EQ,155.19,156.55,154.02,155.24,28518262,FYERS_HISTORY,2026-08-08T23:56:57+05:30
2024-10-17,SMD-0225,TATASTEEL,NSE:TATASTEEL-EQ,155.65,156.3,152.1,152.4,28404223,FYERS_HISTORY,2026-08-08T23:56:57+05:30
2024-10-18,SMD-0225,TATASTEEL,NSE:TATASTEEL-EQ,152.4,156.2,151.1,155.39,34750795,FYERS_HISTORY,2026-08-08T23:56:57+05:30
2024-10-21,SMD-0225,TATASTEEL,NSE:TATASTEEL-EQ,156.1,157.93,154.59,155.03,25799090,FYERS_HISTORY,2026-08-08T23:56:57+05:30
2024-10-22,SMD-0225,TATASTEEL,NSE:TATASTEEL-EQ,154.9,154.9,150.1,150.39,39079846,FYERS_HISTORY,2026-08-08T23:56:57+05:30
2024-10-23,SMD-0225,TATASTEEL,NSE:TATASTEEL-EQ,150.3,151.95,148.05,148.78,42107893,FYERS_HISTORY,2026-08-08T23:56:57+05:30
2024-10-24,SMD-0225,TATASTEEL,NSE:TATASTEEL-EQ,149.49,149.83,148.01,148.98,22115070,FYERS_HISTORY,2026-08-08T23:56:57+05:30
2024-10-25,SMD-0225,TATASTEEL,NSE:TATASTEEL-EQ,149.0,149.5,144.43,145.86,39730802,FYERS_HISTORY,2026-08-08T23:56:57+05:30
2024-10-28,SMD-0225,TATASTEEL,NSE:TATASTEEL-EQ,146.0,149.73,144.73,149.38,28386897,FYERS_HISTORY,2026-08-08T23:56:57+05:30
2024-10-29,SMD-0225,TATASTEEL,NSE:TATASTEEL-EQ,149.85,150.45,146.55,150.06,32258407,FYERS_HISTORY,2026-08-08T23:56:57+05:30
2024-10-30,SMD-0225,TATASTEEL,NSE:TATASTEEL-EQ,148.1,150.95,148.1,148.97,21362130,FYERS_HISTORY,2026-08-08T23:56:57+05:30
2024-10-31,SMD-0225,TATASTEEL,NSE:TATASTEEL-EQ,149.08,149.95,148.2,148.56,26383702,FYERS_HISTORY,2026-08-08T23:56:57+05:30
2024-11-01,SMD-0225,TATASTEEL,NSE:TATASTEEL-EQ,149.66,150.25,149.0,149.75,5106804,FYERS_HISTORY,2026-08-08T23:56:57+05:30
2024-11-04,SMD-0225,TATASTEEL,NSE:TATASTEEL-EQ,150.0,150.0,145.1,146.95,25571021,FYERS_HISTORY,2026-08-08T23:56:57+05:30
2024-11-05,SMD-0225,TATASTEEL,NSE:TATASTEEL-EQ,147.0,152.55,146.95,152.29,42772283,FYERS_HISTORY,2026-08-08T23:56:57+05:30
2024-11-06,SMD-0225,TATASTEEL,NSE:TATASTEEL-EQ,154.0,154.95,149.59,153.62,48928986,FYERS_HISTORY,2026-08-08T23:56:57+05:30
2024-11-07,SMD-0225,TATASTEEL,NSE:TATASTEEL-EQ,156.11,156.92,150.2,150.95,88254789,FYERS_HISTORY,2026-08-08T23:56:57+05:30
2024-11-08,SMD-0225,TATASTEEL,NSE:TATASTEEL-EQ,152.0,152.0,146.94,147.57,61980989,FYERS_HISTORY,2026-08-08T23:56:57+05:30
2024-11-11,SMD-0225,TATASTEEL,NSE:TATASTEEL-EQ,147.57,147.69,144.1,145.01,47497863,FYERS_HISTORY,2026-08-08T23:56:57+05:30
2024-11-12,SMD-0225,TATASTEEL,NSE:TATASTEEL-EQ,145.65,147.13,143.6,144.17,28861672,FYERS_HISTORY,2026-08-08T23:56:57+05:30
2024-11-13,SMD-0225,TATASTEEL,NSE:TATASTEEL-EQ,143.6,143.6,138.6,139.17,57609083,FYERS_HISTORY,2026-08-08T23:56:57+05:30
2024-11-14,SMD-0225,TATASTEEL,NSE:TATASTEEL-EQ,139.71,140.73,137.5,137.98,36345184,FYERS_HISTORY,2026-08-08T23:56:57+05:30
2024-11-18,SMD-0225,TATASTEEL,NSE:TATASTEEL-EQ,139.49,143.25,138.0,141.21,40233848,FYERS_HISTORY,2026-08-08T23:56:57+05:30
2024-11-19,SMD-0225,TATASTEEL,NSE:TATASTEEL-EQ,142.0,142.49,139.06,139.46,37611903,FYERS_HISTORY,2026-08-08T23:56:57+05:30
2024-11-21,SMD-0225,TATASTEEL,NSE:TATASTEEL-EQ,139.5,141.6,137.25,140.22,58398744,FYERS_HISTORY,2026-08-08T23:56:57+05:30
2024-11-22,SMD-0225,TATASTEEL,NSE:TATASTEEL-EQ,140.15,143.19,139.65,142.78,43710169,FYERS_HISTORY,2026-08-08T23:56:57+05:30
2024-11-25,SMD-0225,TATASTEEL,NSE:TATASTEEL-EQ,144.94,146.15,142.84,143.67,53883890,FYERS_HISTORY,2026-08-08T23:56:57+05:30
2024-11-26,SMD-0225,TATASTEEL,NSE:TATASTEEL-EQ,144.22,145.8,143.58,144.47,25608469,FYERS_HISTORY,2026-08-08T23:56:57+05:30
2024-11-27,SMD-0225,TATASTEEL,NSE:TATASTEEL-EQ,144.31,144.9,142.9,144.53,24895631,FYERS_HISTORY,2026-08-08T23:56:57+05:30
2024-11-28,SMD-0225,TATASTEEL,NSE:TATASTEEL-EQ,144.0,145.25,143.09,143.39,30947861,FYERS_HISTORY,2026-08-08T23:56:57+05:30
2024-11-29,SMD-0225,TATASTEEL,NSE:TATASTEEL-EQ,143.9,145.49,143.05,144.54,29742979,FYERS_HISTORY,2026-08-08T23:56:57+05:30
2024-12-02,SMD-0225,TATASTEEL,NSE:TATASTEEL-EQ,144.11,146.83,143.14,146.41,23840351,FYERS_HISTORY,2026-08-08T23:56:57+05:30
2024-12-03,SMD-0225,TATASTEEL,NSE:TATASTEEL-EQ,146.75,148.2,146.34,146.54,35527228,FYERS_HISTORY,2026-08-08T23:56:57+05:30
2024-12-04,SMD-0225,TATASTEEL,NSE:TATASTEEL-EQ,147.0,147.05,144.0,145.85,38537808,FYERS_HISTORY,2026-08-08T23:56:57+05:30
2024-12-05,SMD-0225,TATASTEEL,NSE:TATASTEEL-EQ,146.5,147.88,144.8,147.07,36328245,FYERS_HISTORY,2026-08-08T23:56:57+05:30
2024-12-06,SMD-0225,TATASTEEL,NSE:TATASTEEL-EQ,147.5,148.68,146.6,148.29,30604899,FYERS_HISTORY,2026-08-08T23:56:57+05:30
2024-12-09,SMD-0225,TATASTEEL,NSE:TATASTEEL-EQ,148.29,150.67,146.63,149.88,39059139,FYERS_HISTORY,2026-08-08T23:56:57+05:30
2024-12-10,SMD-0225,TATASTEEL,NSE:TATASTEEL-EQ,150.19,152.5,149.31,150.32,36278104,FYERS_HISTORY,2026-08-08T23:56:57+05:30
2024-12-11,SMD-0225,TATASTEEL,NSE:TATASTEEL-EQ,150.59,152.11,150.06,150.6,20499709,FYERS_HISTORY,2026-08-08T23:56:57+05:30
2024-12-12,SMD-0225,TATASTEEL,NSE:TATASTEEL-EQ,150.87,151.63,148.7,150.78,25761723,FYERS_HISTORY,2026-08-08T23:56:57+05:30
2024-12-13,SMD-0225,TATASTEEL,NSE:TATASTEEL-EQ,150.0,150.05,145.55,148.95,39701388,FYERS_HISTORY,2026-08-08T23:56:57+05:30
2024-12-16,SMD-0225,TATASTEEL,NSE:TATASTEEL-EQ,148.94,149.8,147.1,147.79,22634773,FYERS_HISTORY,2026-08-08T23:56:57+05:30
2024-12-17,SMD-0225,TATASTEEL,NSE:TATASTEEL-EQ,147.79,148.5,145.33,145.68,27110781,FYERS_HISTORY,2026-08-08T23:56:57+05:30
2024-12-18,SMD-0225,TATASTEEL,NSE:TATASTEEL-EQ,146.0,146.9,143.3,144.46,19850229,FYERS_HISTORY,2026-08-08T23:56:57+05:30
2024-12-19,SMD-0225,TATASTEEL,NSE:TATASTEEL-EQ,141.55,143.8,141.1,143.26,27104579,FYERS_HISTORY,2026-08-08T23:56:57+05:30
2024-12-20,SMD-0225,TATASTEEL,NSE:TATASTEEL-EQ,142.89,144.4,140.0,140.68,46503449,FYERS_HISTORY,2026-08-08T23:56:57+05:30
2024-12-23,SMD-0225,TATASTEEL,NSE:TATASTEEL-EQ,142.45,143.8,140.61,141.71,27514178,FYERS_HISTORY,2026-08-08T23:56:57+05:30
2024-12-24,SMD-0225,TATASTEEL,NSE:TATASTEEL-EQ,141.2,141.5,139.25,140.38,25882917,FYERS_HISTORY,2026-08-08T23:56:57+05:30
2024-12-26,SMD-0225,TATASTEEL,NSE:TATASTEEL-EQ,140.95,141.15,139.51,140.36,23939932,FYERS_HISTORY,2026-08-08T23:56:57+05:30
2024-12-27,SMD-0225,TATASTEEL,NSE:TATASTEEL-EQ,140.7,141.75,138.61,138.91,19562177,FYERS_HISTORY,2026-08-08T23:56:57+05:30
2024-12-30,SMD-0225,TATASTEEL,NSE:TATASTEEL-EQ,138.91,139.25,136.09,136.88,32555723,FYERS_HISTORY,2026-08-08T23:56:57+05:30
2024-12-31,SMD-0225,TATASTEEL,NSE:TATASTEEL-EQ,136.87,138.68,136.56,138.05,20080291,FYERS_HISTORY,2026-08-08T23:56:57+05:30
2025-01-01,SMD-0225,TATASTEEL,NSE:TATASTEEL-EQ,138.1,138.45,136.58,136.74,18169498,FYERS_HISTORY,2026-08-08T23:56:57+05:30
2025-01-02,SMD-0225,TATASTEEL,NSE:TATASTEEL-EQ,137.0,138.45,136.4,138.18,23388424,FYERS_HISTORY,2026-08-08T23:56:57+05:30
2025-01-03,SMD-0225,TATASTEEL,NSE:TATASTEEL-EQ,138.18,139.73,137.84,138.36,23351832,FYERS_HISTORY,2026-08-08T23:56:57+05:30
2025-01-06,SMD-0225,TATASTEEL,NSE:TATASTEEL-EQ,138.36,138.39,131.35,132.18,44620509,FYERS_HISTORY,2026-08-08T23:56:57+05:30
2025-01-07,SMD-0225,TATASTEEL,NSE:TATASTEEL-EQ,132.78,133.88,132.01,133.38,24239451,FYERS_HISTORY,2026-08-08T23:56:57+05:30
2025-01-08,SMD-0225,TATASTEEL,NSE:TATASTEEL-EQ,133.93,134.24,131.77,132.64,31570331,FYERS_HISTORY,2026-08-08T23:56:57+05:30
2025-01-09,SMD-0225,TATASTEEL,NSE:TATASTEEL-EQ,132.0,132.4,129.7,129.93,31903107,FYERS_HISTORY,2026-08-08T23:56:57+05:30
2025-01-10,SMD-0225,TATASTEEL,NSE:TATASTEEL-EQ,129.93,130.39,126.7,127.43,34855510,FYERS_HISTORY,2026-08-08T23:56:57+05:30
2025-01-13,SMD-0225,TATASTEEL,NSE:TATASTEEL-EQ,126.0,126.5,122.62,122.93,38968332,FYERS_HISTORY,2026-08-08T23:56:57+05:30
2025-01-14,SMD-0225,TATASTEEL,NSE:TATASTEEL-EQ,122.94,127.64,122.94,126.93,36877365,FYERS_HISTORY,2026-08-08T23:56:57+05:30
2025-01-15,SMD-0225,TATASTEEL,NSE:TATASTEEL-EQ,128.0,128.31,125.78,126.53,18773125,FYERS_HISTORY,2026-08-08T23:56:57+05:30
2025-01-16,SMD-0225,TATASTEEL,NSE:TATASTEEL-EQ,128.0,128.47,126.56,127.81,22164393,FYERS_HISTORY,2026-08-08T23:56:57+05:30
2025-01-17,SMD-0225,TATASTEEL,NSE:TATASTEEL-EQ,127.9,131.16,127.64,130.28,27421959,FYERS_HISTORY,2026-08-08T23:56:57+05:30
2025-01-20,SMD-0225,TATASTEEL,NSE:TATASTEEL-EQ,130.99,132.1,128.91,131.66,20571916,FYERS_HISTORY,2026-08-08T23:56:57+05:30
2025-01-21,SMD-0225,TATASTEEL,NSE:TATASTEEL-EQ,132.06,132.4,129.25,129.7,32238213,FYERS_HISTORY,2026-08-08T23:56:57+05:30
2025-01-22,SMD-0225,TATASTEEL,NSE:TATASTEEL-EQ,130.25,130.35,127.12,128.92,27505569,FYERS_HISTORY,2026-08-08T23:56:57+05:30
2025-01-23,SMD-0225,TATASTEEL,NSE:TATASTEEL-EQ,127.85,130.75,127.7,130.37,20722538,FYERS_HISTORY,2026-08-08T23:56:57+05:30
2025-01-24,SMD-0225,TATASTEEL,NSE:TATASTEEL-EQ,130.5,133.2,129.31,129.74,37092106,FYERS_HISTORY,2026-08-08T23:56:57+05:30
2025-01-27,SMD-0225,TATASTEEL,NSE:TATASTEEL-EQ,129.02,129.45,125.74,126.37,24650571,FYERS_HISTORY,2026-08-08T23:56:57+05:30
2025-01-28,SMD-0225,TATASTEEL,NSE:TATASTEEL-EQ,126.37,130.49,124.74,128.62,40373804,FYERS_HISTORY,2026-08-08T23:56:57+05:30
2025-01-29,SMD-0225,TATASTEEL,NSE:TATASTEEL-EQ,129.0,131.34,128.55,130.8,16674706,FYERS_HISTORY,2026-08-08T23:56:57+05:30
2025-01-30,SMD-0225,TATASTEEL,NSE:TATASTEEL-EQ,130.8,132.15,130.1,131.12,25256096,FYERS_HISTORY,2026-08-08T23:56:57+05:30
2025-01-31,SMD-0225,TATASTEEL,NSE:TATASTEEL-EQ,131.12,135.0,129.93,134.62,26689228,FYERS_HISTORY,2026-08-08T23:56:57+05:30
2025-02-01,SMD-0225,TATASTEEL,NSE:TATASTEEL-EQ,135.0,135.5,130.25,132.97,21173846,FYERS_HISTORY,2026-08-08T23:56:57+05:30
2025-02-03,SMD-0225,TATASTEEL,NSE:TATASTEEL-EQ,131.29,132.51,127.81,131.82,27765357,FYERS_HISTORY,2026-08-08T23:56:57+05:30
2025-02-04,SMD-0225,TATASTEEL,NSE:TATASTEEL-EQ,132.8,134.34,131.87,133.42,25032519,FYERS_HISTORY,2026-08-08T23:56:57+05:30
2025-02-05,SMD-0225,TATASTEEL,NSE:TATASTEEL-EQ,133.15,135.39,133.08,134.4,16958362,FYERS_HISTORY,2026-08-08T23:56:57+05:30
2025-02-06,SMD-0225,TATASTEEL,NSE:TATASTEEL-EQ,134.5,134.87,132.02,132.54,22408168,FYERS_HISTORY,2026-08-08T23:56:57+05:30
2025-02-07,SMD-0225,TATASTEEL,NSE:TATASTEEL-EQ,133.3,138.75,132.56,138.31,52950146,FYERS_HISTORY,2026-08-08T23:56:57+05:30
2025-02-10,SMD-0225,TATASTEEL,NSE:TATASTEEL-EQ,138.1,138.1,133.0,134.04,26120805,FYERS_HISTORY,2026-08-08T23:56:57+05:30
2025-02-11,SMD-0225,TATASTEEL,NSE:TATASTEEL-EQ,133.0,134.34,129.7,130.11,23635428,FYERS_HISTORY,2026-08-08T23:56:57+05:30
2025-02-12,SMD-0225,TATASTEEL,NSE:TATASTEEL-EQ,129.35,133.29,128.31,132.28,37927696,FYERS_HISTORY,2026-08-08T23:56:57+05:30
2025-02-13,SMD-0225,TATASTEEL,NSE:TATASTEEL-EQ,132.28,137.69,131.86,136.25,52036196,FYERS_HISTORY,2026-08-08T23:56:57+05:30
2025-02-14,SMD-0225,TATASTEEL,NSE:TATASTEEL-EQ,136.25,139.25,133.33,134.47,41469242,FYERS_HISTORY,2026-08-08T23:56:57+05:30
2025-02-17,SMD-0225,TATASTEEL,NSE:TATASTEEL-EQ,132.91,134.8,130.73,134.29,21189637,FYERS_HISTORY,2026-08-08T23:56:57+05:30
2025-02-18,SMD-0225,TATASTEEL,NSE:TATASTEEL-EQ,134.29,134.9,131.75,134.54,23957576,FYERS_HISTORY,2026-08-08T23:56:57+05:30
2025-02-19,SMD-0225,TATASTEEL,NSE:TATASTEEL-EQ,134.5,136.88,133.03,135.76,18447487,FYERS_HISTORY,2026-08-08T23:56:57+05:30
2025-02-20,SMD-0225,TATASTEEL,NSE:TATASTEEL-EQ,135.27,138.36,135.0,138.04,24139808,FYERS_HISTORY,2026-08-08T23:56:57+05:30
2025-02-21,SMD-0225,TATASTEEL,NSE:TATASTEEL-EQ,137.91,141.6,137.15,140.76,41987785,FYERS_HISTORY,2026-08-08T23:56:57+05:30
2025-02-24,SMD-0225,TATASTEEL,NSE:TATASTEEL-EQ,138.81,140.66,136.66,137.65,25193205,FYERS_HISTORY,2026-08-08T23:56:57+05:30
2025-02-25,SMD-0225,TATASTEEL,NSE:TATASTEEL-EQ,138.49,139.35,136.7,137.07,23575603,FYERS_HISTORY,2026-08-08T23:56:57+05:30
2025-02-27,SMD-0225,TATASTEEL,NSE:TATASTEEL-EQ,137.21,138.99,135.88,138.69,30747044,FYERS_HISTORY,2026-08-08T23:56:57+05:30
2025-02-28,SMD-0225,TATASTEEL,NSE:TATASTEEL-EQ,137.8,137.8,134.06,137.2,45540594,FYERS_HISTORY,2026-08-08T23:56:57+05:30
2025-03-03,SMD-0225,TATASTEEL,NSE:TATASTEEL-EQ,137.0,139.05,134.31,138.57,31154401,FYERS_HISTORY,2026-08-08T23:56:57+05:30
2025-03-04,SMD-0225,TATASTEEL,NSE:TATASTEEL-EQ,136.15,140.94,135.81,139.34,28634645,FYERS_HISTORY,2026-08-08T23:56:57+05:30
2025-03-05,SMD-0225,TATASTEEL,NSE:TATASTEEL-EQ,139.0,146.49,139.0,146.1,62109377,FYERS_HISTORY,2026-08-08T23:56:57+05:30
2025-03-06,SMD-0225,TATASTEEL,NSE:TATASTEEL-EQ,146.79,152.2,146.2,150.44,79121467,FYERS_HISTORY,2026-08-08T23:56:57+05:30
2025-03-07,SMD-0225,TATASTEEL,NSE:TATASTEEL-EQ,149.74,152.45,149.27,151.56,81821791,FYERS_HISTORY,2026-08-08T23:56:57+05:30
2025-03-10,SMD-0225,TATASTEEL,NSE:TATASTEEL-EQ,151.56,154.24,150.41,151.05,54450331,FYERS_HISTORY,2026-08-08T23:56:57+05:30
2025-03-11,SMD-0225,TATASTEEL,NSE:TATASTEEL-EQ,148.1,151.7,148.0,150.75,35916900,FYERS_HISTORY,2026-08-08T23:56:57+05:30
2025-03-12,SMD-0225,TATASTEEL,NSE:TATASTEEL-EQ,151.0,152.28,147.7,150.3,26377549,FYERS_HISTORY,2026-08-08T23:56:57+05:30
2025-03-13,SMD-0225,TATASTEEL,NSE:TATASTEEL-EQ,152.0,153.56,150.02,150.88,48286431,FYERS_HISTORY,2026-08-08T23:56:57+05:30
2025-03-17,SMD-0225,TATASTEEL,NSE:TATASTEEL-EQ,151.99,152.64,150.9,151.81,35879781,FYERS_HISTORY,2026-08-08T23:56:57+05:30
2025-03-18,SMD-0225,TATASTEEL,NSE:TATASTEEL-EQ,153.0,154.83,152.22,154.66,38125586,FYERS_HISTORY,2026-08-08T23:56:57+05:30
2025-03-19,SMD-0225,TATASTEEL,NSE:TATASTEEL-EQ,156.8,159.2,156.5,158.6,66161413,FYERS_HISTORY,2026-08-08T23:56:57+05:30
2025-03-20,SMD-0225,TATASTEEL,NSE:TATASTEEL-EQ,160.0,160.1,156.65,159.04,39889517,FYERS_HISTORY,2026-08-08T23:56:57+05:30
2025-03-21,SMD-0225,TATASTEEL,NSE:TATASTEEL-EQ,159.03,159.75,156.82,157.28,49184821,FYERS_HISTORY,2026-08-08T23:56:57+05:30
2025-03-24,SMD-0225,TATASTEEL,NSE:TATASTEEL-EQ,158.0,159.0,157.11,158.42,30905773,FYERS_HISTORY,2026-08-08T23:56:57+05:30
2025-03-25,SMD-0225,TATASTEEL,NSE:TATASTEEL-EQ,159.0,159.0,156.05,156.73,28467187,FYERS_HISTORY,2026-08-08T23:56:57+05:30
2025-03-26,SMD-0225,TATASTEEL,NSE:TATASTEEL-EQ,156.2,157.54,155.01,155.81,23182869,FYERS_HISTORY,2026-08-08T23:56:57+05:30
2025-03-27,SMD-0225,TATASTEEL,NSE:TATASTEEL-EQ,154.8,156.1,154.2,155.42,25909068,FYERS_HISTORY,2026-08-08T23:56:57+05:30
2025-03-28,SMD-0225,TATASTEEL,NSE:TATASTEEL-EQ,155.38,156.91,153.37,154.24,24589315,FYERS_HISTORY,2026-08-08T23:56:57+05:30
2025-04-01,SMD-0225,TATASTEEL,NSE:TATASTEEL-EQ,152.07,155.34,152.07,153.12,29142122,FYERS_HISTORY,2026-08-08T23:56:57+05:30
2025-04-02,SMD-0225,TATASTEEL,NSE:TATASTEEL-EQ,154.0,156.25,152.27,154.69,24977582,FYERS_HISTORY,2026-08-08T23:56:57+05:30
2025-04-03,SMD-0225,TATASTEEL,NSE:TATASTEEL-EQ,153.0,155.97,152.6,153.62,15117526,FYERS_HISTORY,2026-08-08T23:56:57+05:30
2025-04-04,SMD-0225,TATASTEEL,NSE:TATASTEEL-EQ,152.62,152.99,140.0,140.39,80846143,FYERS_HISTORY,2026-08-08T23:56:57+05:30
2025-04-07,SMD-0225,TATASTEEL,NSE:TATASTEEL-EQ,128.0,130.35,125.33,129.48,121806340,FYERS_HISTORY,2026-08-08T23:56:57+05:30
2025-04-08,SMD-0225,TATASTEEL,NSE:TATASTEEL-EQ,134.89,136.2,128.02,130.28,68999181,FYERS_HISTORY,2026-08-08T23:56:57+05:30
2025-04-09,SMD-0225,TATASTEEL,NSE:TATASTEEL-EQ,130.0,130.0,125.3,127.18,73399980,FYERS_HISTORY,2026-08-08T23:56:57+05:30
2025-04-11,SMD-0225,TATASTEEL,NSE:TATASTEEL-EQ,134.67,134.7,130.49,133.42,73706472,FYERS_HISTORY,2026-08-08T23:56:57+05:30
2025-04-15,SMD-0225,TATASTEEL,NSE:TATASTEEL-EQ,135.6,137.0,134.84,136.41,38967608,FYERS_HISTORY,2026-08-08T23:56:57+05:30
2025-04-16,SMD-0225,TATASTEEL,NSE:TATASTEEL-EQ,136.41,137.6,134.62,136.97,42684087,FYERS_HISTORY,2026-08-08T23:56:57+05:30
2025-04-17,SMD-0225,TATASTEEL,NSE:TATASTEEL-EQ,134.4,137.96,133.7,137.14,62282856,FYERS_HISTORY,2026-08-08T23:56:57+05:30
2025-04-21,SMD-0225,TATASTEEL,NSE:TATASTEEL-EQ,137.65,140.3,137.05,139.18,26503486,FYERS_HISTORY,2026-08-08T23:56:57+05:30
2025-04-22,SMD-0225,TATASTEEL,NSE:TATASTEEL-EQ,142.0,142.84,137.7,138.16,58429662,FYERS_HISTORY,2026-08-08T23:56:57+05:30
2025-04-23,SMD-0225,TATASTEEL,NSE:TATASTEEL-EQ,139.39,141.5,137.32,141.16,37851304,FYERS_HISTORY,2026-08-08T23:56:57+05:30
2025-04-24,SMD-0225,TATASTEEL,NSE:TATASTEEL-EQ,140.7,141.88,140.28,141.52,23061444,FYERS_HISTORY,2026-08-08T23:56:57+05:30
2025-04-25,SMD-0225,TATASTEEL,NSE:TATASTEEL-EQ,142.0,143.45,138.02,138.85,37764696,FYERS_HISTORY,2026-08-08T23:56:57+05:30
2025-04-28,SMD-0225,TATASTEEL,NSE:TATASTEEL-EQ,138.54,142.6,138.38,142.07,26971589,FYERS_HISTORY,2026-08-08T23:56:57+05:30
2025-04-29,SMD-0225,TATASTEEL,NSE:TATASTEEL-EQ,142.07,143.3,140.92,141.5,25758449,FYERS_HISTORY,2026-08-08T23:56:57+05:30
2025-04-30,SMD-0225,TATASTEEL,NSE:TATASTEEL-EQ,141.45,141.56,138.0,140.08,29205042,FYERS_HISTORY,2026-08-08T23:56:57+05:30
2025-05-02,SMD-0225,TATASTEEL,NSE:TATASTEEL-EQ,140.0,143.1,139.45,141.18,34852288,FYERS_HISTORY,2026-08-08T23:56:57+05:30
2025-05-05,SMD-0225,TATASTEEL,NSE:TATASTEEL-EQ,141.57,142.7,141.2,142.08,17213477,FYERS_HISTORY,2026-08-08T23:56:57+05:30
2025-05-06,SMD-0225,TATASTEEL,NSE:TATASTEEL-EQ,142.08,145.4,141.54,144.44,42658262,FYERS_HISTORY,2026-08-08T23:56:57+05:30
2025-05-07,SMD-0225,TATASTEEL,NSE:TATASTEEL-EQ,142.2,146.95,142.2,146.0,34674594,FYERS_HISTORY,2026-08-08T23:56:57+05:30
2025-05-08,SMD-0225,TATASTEEL,NSE:TATASTEEL-EQ,146.0,146.66,142.85,143.67,29687927,FYERS_HISTORY,2026-08-08T23:56:57+05:30
2025-05-09,SMD-0225,TATASTEEL,NSE:TATASTEEL-EQ,140.99,143.27,140.51,142.78,21875453,FYERS_HISTORY,2026-08-08T23:56:57+05:30
2025-05-12,SMD-0225,TATASTEEL,NSE:TATASTEEL-EQ,145.61,151.95,144.5,151.63,47087413,FYERS_HISTORY,2026-08-08T23:56:57+05:30
2025-05-13,SMD-0225,TATASTEEL,NSE:TATASTEEL-EQ,152.0,152.99,149.01,149.43,54389876,FYERS_HISTORY,2026-08-08T23:56:57+05:30
2025-05-14,SMD-0225,TATASTEEL,NSE:TATASTEEL-EQ,151.0,157.15,151.0,155.31,60002060,FYERS_HISTORY,2026-08-08T23:56:57+05:30
2025-05-15,SMD-0225,TATASTEEL,NSE:TATASTEEL-EQ,155.5,157.84,154.3,157.35,57066105,FYERS_HISTORY,2026-08-08T23:56:57+05:30
2025-05-16,SMD-0225,TATASTEEL,NSE:TATASTEEL-EQ,157.35,158.15,157.0,157.55,22884754,FYERS_HISTORY,2026-08-08T23:56:57+05:30
2025-05-19,SMD-0225,TATASTEEL,NSE:TATASTEEL-EQ,158.0,158.14,156.13,157.57,21839582,FYERS_HISTORY,2026-08-08T23:56:57+05:30
2025-05-20,SMD-0225,TATASTEEL,NSE:TATASTEEL-EQ,158.35,162.1,158.0,158.69,58061639,FYERS_HISTORY,2026-08-08T23:56:57+05:30
2025-05-21,SMD-0225,TATASTEEL,NSE:TATASTEEL-EQ,159.45,161.85,158.53,161.64,36044599,FYERS_HISTORY,2026-08-08T23:56:57+05:30
2025-05-22,SMD-0225,TATASTEEL,NSE:TATASTEEL-EQ,160.98,163.6,160.36,161.29,60715453,FYERS_HISTORY,2026-08-08T23:56:57+05:30
2025-05-23,SMD-0225,TATASTEEL,NSE:TATASTEEL-EQ,161.6,163.53,161.5,162.97,29483665,FYERS_HISTORY,2026-08-08T23:56:57+05:30
2025-05-26,SMD-0225,TATASTEEL,NSE:TATASTEEL-EQ,163.1,165.55,162.05,162.51,25581584,FYERS_HISTORY,2026-08-08T23:56:57+05:30
2025-05-27,SMD-0225,TATASTEEL,NSE:TATASTEEL-EQ,162.51,163.9,160.62,161.66,23296776,FYERS_HISTORY,2026-08-08T23:56:57+05:30
2025-05-28,SMD-0225,TATASTEEL,NSE:TATASTEEL-EQ,162.4,162.69,160.65,161.24,13044476,FYERS_HISTORY,2026-08-08T23:56:57+05:30
2025-05-29,SMD-0225,TATASTEEL,NSE:TATASTEEL-EQ,162.19,163.95,161.5,163.12,26455081,FYERS_HISTORY,2026-08-08T23:56:57+05:30
2025-05-30,SMD-0225,TATASTEEL,NSE:TATASTEEL-EQ,163.11,163.89,160.51,161.02,32739340,FYERS_HISTORY,2026-08-08T23:56:57+05:30
2025-06-02,SMD-0225,TATASTEEL,NSE:TATASTEEL-EQ,159.0,160.12,157.3,159.04,31365564,FYERS_HISTORY,2026-08-08T23:56:57+05:30
2025-06-03,SMD-0225,TATASTEEL,NSE:TATASTEEL-EQ,159.04,160.65,157.17,157.35,28398746,FYERS_HISTORY,2026-08-08T23:56:57+05:30
2025-06-04,SMD-0225,TATASTEEL,NSE:TATASTEEL-EQ,157.5,158.98,156.81,158.18,16660138,FYERS_HISTORY,2026-08-08T23:56:57+05:30
2025-06-05,SMD-0225,TATASTEEL,NSE:TATASTEEL-EQ,158.86,159.09,157.05,157.97,23708504,FYERS_HISTORY,2026-08-08T23:56:57+05:30
2025-06-06,SMD-0225,TATASTEEL,NSE:TATASTEEL-EQ,155.7,157.88,154.25,157.49,25804151,FYERS_HISTORY,2026-08-08T23:56:57+05:30
2025-06-09,SMD-0225,TATASTEEL,NSE:TATASTEEL-EQ,157.69,158.2,156.82,157.32,15315437,FYERS_HISTORY,2026-08-08T23:56:57+05:30
2025-06-10,SMD-0225,TATASTEEL,NSE:TATASTEEL-EQ,158.0,159.3,155.5,155.68,22764080,FYERS_HISTORY,2026-08-08T23:56:57+05:30
2025-06-11,SMD-0225,TATASTEEL,NSE:TATASTEEL-EQ,156.45,157.53,155.31,156.41,17605668,FYERS_HISTORY,2026-08-08T23:56:57+05:30
2025-06-12,SMD-0225,TATASTEEL,NSE:TATASTEEL-EQ,156.0,156.26,151.85,152.89,27846151,FYERS_HISTORY,2026-08-08T23:56:57+05:30
2025-06-13,SMD-0225,TATASTEEL,NSE:TATASTEEL-EQ,149.8,152.5,149.8,152.13,24277592,FYERS_HISTORY,2026-08-08T23:56:57+05:30
2025-06-16,SMD-0225,TATASTEEL,NSE:TATASTEEL-EQ,152.01,154.5,150.84,154.17,16188193,FYERS_HISTORY,2026-08-08T23:56:57+05:30
2025-06-17,SMD-0225,TATASTEEL,NSE:TATASTEEL-EQ,153.81,154.89,152.35,152.6,16740382,FYERS_HISTORY,2026-08-08T23:56:57+05:30
2025-06-18,SMD-0225,TATASTEEL,NSE:TATASTEEL-EQ,152.2,153.2,150.8,152.11,14860746,FYERS_HISTORY,2026-08-08T23:56:57+05:30
2025-06-19,SMD-0225,TATASTEEL,NSE:TATASTEEL-EQ,152.0,152.45,150.5,151.0,20145922,FYERS_HISTORY,2026-08-08T23:56:57+05:30
2025-06-20,SMD-0225,TATASTEEL,NSE:TATASTEEL-EQ,150.75,153.17,150.63,151.97,29944714,FYERS_HISTORY,2026-08-08T23:56:57+05:30
2025-06-23,SMD-0225,TATASTEEL,NSE:TATASTEEL-EQ,150.5,153.3,150.48,152.43,17096676,FYERS_HISTORY,2026-08-08T23:56:57+05:30
2025-06-24,SMD-0225,TATASTEEL,NSE:TATASTEEL-EQ,153.8,156.97,153.64,154.79,25403324,FYERS_HISTORY,2026-08-08T23:56:57+05:30
2025-06-25,SMD-0225,TATASTEEL,NSE:TATASTEEL-EQ,155.9,156.9,155.51,156.39,18240433,FYERS_HISTORY,2026-08-08T23:56:57+05:30
2025-06-26,SMD-0225,TATASTEEL,NSE:TATASTEEL-EQ,156.87,161.1,156.45,160.54,40650557,FYERS_HISTORY,2026-08-08T23:56:57+05:30
2025-06-27,SMD-0225,TATASTEEL,NSE:TATASTEEL-EQ,161.0,163.3,160.7,161.45,31989509,FYERS_HISTORY,2026-08-08T23:56:57+05:30
2025-06-30,SMD-0225,TATASTEEL,NSE:TATASTEEL-EQ,160.99,162.2,159.5,159.76,15842285,FYERS_HISTORY,2026-08-08T23:56:57+05:30
2025-07-01,SMD-0225,TATASTEEL,NSE:TATASTEEL-EQ,160.01,160.44,157.73,160.06,17823415,FYERS_HISTORY,2026-08-08T23:56:57+05:30
2025-07-02,SMD-0225,TATASTEEL,NSE:TATASTEEL-EQ,160.06,166.15,159.83,165.88,63315210,FYERS_HISTORY,2026-08-08T23:56:57+05:30
2025-07-03,SMD-0225,TATASTEEL,NSE:TATASTEEL-EQ,166.0,168.78,165.21,165.91,60571824,FYERS_HISTORY,2026-08-08T23:56:57+05:30
2025-07-04,SMD-0225,TATASTEEL,NSE:TATASTEEL-EQ,165.91,166.49,162.0,163.01,22938753,FYERS_HISTORY,2026-08-08T23:56:57+05:30
2025-07-07,SMD-0225,TATASTEEL,NSE:TATASTEEL-EQ,163.0,163.35,160.05,162.4,17469909,FYERS_HISTORY,2026-08-08T23:56:57+05:30
2025-07-08,SMD-0225,TATASTEEL,NSE:TATASTEEL-EQ,162.45,162.9,161.6,161.97,11398248,FYERS_HISTORY,2026-08-08T23:56:57+05:30
2025-07-09,SMD-0225,TATASTEEL,NSE:TATASTEEL-EQ,161.95,161.95,157.51,159.0,29839077,FYERS_HISTORY,2026-08-08T23:56:57+05:30
2025-07-10,SMD-0225,TATASTEEL,NSE:TATASTEEL-EQ,160.0,161.55,159.28,160.66,17566887,FYERS_HISTORY,2026-08-08T23:56:57+05:30
2025-07-11,SMD-0225,TATASTEEL,NSE:TATASTEEL-EQ,160.64,161.62,159.32,159.84,20689511,FYERS_HISTORY,2026-08-08T23:56:57+05:30
2025-07-14,SMD-0225,TATASTEEL,NSE:TATASTEEL-EQ,159.84,161.12,159.3,160.44,15152964,FYERS_HISTORY,2026-08-08T23:56:57+05:30
2025-07-15,SMD-0225,TATASTEEL,NSE:TATASTEEL-EQ,160.26,160.85,157.95,159.0,17993051,FYERS_HISTORY,2026-08-08T23:56:57+05:30
2025-07-16,SMD-0225,TATASTEEL,NSE:TATASTEEL-EQ,159.0,159.27,157.0,157.33,14591157,FYERS_HISTORY,2026-08-08T23:56:57+05:30
2025-07-17,SMD-0225,TATASTEEL,NSE:TATASTEEL-EQ,157.5,160.7,157.12,159.9,21733241,FYERS_HISTORY,2026-08-08T23:56:57+05:30
2025-07-18,SMD-0225,TATASTEEL,NSE:TATASTEEL-EQ,160.1,162.75,160.1,162.37,30728478,FYERS_HISTORY,2026-08-08T23:56:57+05:30
2025-07-21,SMD-0225,TATASTEEL,NSE:TATASTEEL-EQ,162.5,165.6,162.49,163.02,29812899,FYERS_HISTORY,2026-08-08T23:56:57+05:30
2025-07-22,SMD-0225,TATASTEEL,NSE:TATASTEEL-EQ,163.3,164.41,162.73,163.04,13615524,FYERS_HISTORY,2026-08-08T23:56:57+05:30
2025-07-23,SMD-0225,TATASTEEL,NSE:TATASTEEL-EQ,163.25,164.14,161.88,162.77,14287149,FYERS_HISTORY,2026-08-08T23:56:57+05:30
2025-07-24,SMD-0225,TATASTEEL,NSE:TATASTEEL-EQ,163.0,164.75,162.81,163.48,14377270,FYERS_HISTORY,2026-08-08T23:56:57+05:30
2025-07-25,SMD-0225,TATASTEEL,NSE:TATASTEEL-EQ,163.5,163.59,161.05,161.43,12443495,FYERS_HISTORY,2026-08-08T23:56:57+05:30
2025-07-28,SMD-0225,TATASTEEL,NSE:TATASTEEL-EQ,161.23,162.29,159.09,159.68,19296285,FYERS_HISTORY,2026-08-08T23:56:57+05:30
2025-07-29,SMD-0225,TATASTEEL,NSE:TATASTEEL-EQ,158.2,162.45,158.2,161.69,15262937,FYERS_HISTORY,2026-08-08T23:56:57+05:30
2025-07-30,SMD-0225,TATASTEEL,NSE:TATASTEEL-EQ,161.69,162.79,161.05,161.36,16083106,FYERS_HISTORY,2026-08-08T23:56:57+05:30
2025-07-31,SMD-0225,TATASTEEL,NSE:TATASTEEL-EQ,161.0,162.13,156.56,157.94,26213891,FYERS_HISTORY,2026-08-08T23:56:57+05:30
2025-08-01,SMD-0225,TATASTEEL,NSE:TATASTEEL-EQ,157.93,157.93,152.51,153.01,23927359,FYERS_HISTORY,2026-08-08T23:56:57+05:30
2025-08-04,SMD-0225,TATASTEEL,NSE:TATASTEEL-EQ,153.5,159.92,153.5,159.56,30064719,FYERS_HISTORY,2026-08-08T23:56:57+05:30
2025-08-05,SMD-0225,TATASTEEL,NSE:TATASTEEL-EQ,159.56,160.14,158.28,159.62,14441034,FYERS_HISTORY,2026-08-05T19:56:48+05:30
2025-08-06,SMD-0225,TATASTEEL,NSE:TATASTEEL-EQ,159.62,159.8,157.8,158.66,13438851,FYERS_HISTORY,2026-08-05T19:56:48+05:30
2025-08-07,SMD-0225,TATASTEEL,NSE:TATASTEEL-EQ,157.15,160.0,156.26,159.67,23159540,FYERS_HISTORY,2026-08-05T19:56:48+05:30
2025-08-08,SMD-0225,TATASTEEL,NSE:TATASTEEL-EQ,159.5,159.95,157.01,157.95,11951173,FYERS_HISTORY,2026-08-05T19:56:48+05:30
2025-08-11,SMD-0225,TATASTEEL,NSE:TATASTEEL-EQ,157.95,160.0,157.15,158.52,14325736,FYERS_HISTORY,2026-08-05T19:56:48+05:30
2025-08-12,SMD-0225,TATASTEEL,NSE:TATASTEEL-EQ,158.52,161.65,158.5,160.16,20056598,FYERS_HISTORY,2026-08-05T19:56:48+05:30
2025-08-13,SMD-0225,TATASTEEL,NSE:TATASTEEL-EQ,160.96,162.4,159.9,160.18,18079396,FYERS_HISTORY,2026-08-05T19:56:48+05:30
2025-08-14,SMD-0225,TATASTEEL,NSE:TATASTEEL-EQ,160.02,160.6,154.83,155.3,47256126,FYERS_HISTORY,2026-08-05T19:56:48+05:30
2025-08-18,SMD-0225,TATASTEEL,NSE:TATASTEEL-EQ,158.0,159.0,156.0,157.96,61022494,FYERS_HISTORY,2026-08-05T19:56:48+05:30
2025-08-19,SMD-0225,TATASTEEL,NSE:TATASTEEL-EQ,158.5,159.46,156.76,159.23,21224239,FYERS_HISTORY,2026-08-05T19:56:48+05:30
2025-08-20,SMD-0225,TATASTEEL,NSE:TATASTEEL-EQ,158.2,162.76,158.03,161.92,28520245,FYERS_HISTORY,2026-08-05T19:56:48+05:30
2025-08-21,SMD-0225,TATASTEEL,NSE:TATASTEEL-EQ,161.92,162.54,161.19,161.51,17282594,FYERS_HISTORY,2026-08-05T19:56:48+05:30
2025-08-22,SMD-0225,TATASTEEL,NSE:TATASTEEL-EQ,161.25,161.28,158.1,158.55,16063984,FYERS_HISTORY,2026-08-05T19:56:48+05:30
2025-08-25,SMD-0225,TATASTEEL,NSE:TATASTEEL-EQ,159.2,160.33,158.64,159.63,16376542,FYERS_HISTORY,2026-08-05T19:56:48+05:30
2025-08-26,SMD-0225,TATASTEEL,NSE:TATASTEEL-EQ,159.16,159.16,154.64,155.03,19621100,FYERS_HISTORY,2026-08-05T19:56:48+05:30
2025-08-28,SMD-0225,TATASTEEL,NSE:TATASTEEL-EQ,155.78,155.87,153.16,153.63,22269875,FYERS_HISTORY,2026-08-05T19:56:48+05:30
2025-08-29,SMD-0225,TATASTEEL,NSE:TATASTEEL-EQ,154.5,155.1,153.05,154.48,16971859,FYERS_HISTORY,2026-08-05T19:56:48+05:30
2025-09-01,SMD-0225,TATASTEEL,NSE:TATASTEEL-EQ,154.48,156.36,153.7,156.17,10798622,FYERS_HISTORY,2026-08-05T19:56:48+05:30
2025-09-02,SMD-0225,TATASTEEL,NSE:TATASTEEL-EQ,156.17,159.07,155.5,158.39,21202113,FYERS_HISTORY,2026-08-05T19:56:48+05:30
2025-09-03,SMD-0225,TATASTEEL,NSE:TATASTEEL-EQ,158.4,168.0,158.4,167.85,82352014,FYERS_HISTORY,2026-08-05T19:56:48+05:30
2025-09-04,SMD-0225,TATASTEEL,NSE:TATASTEEL-EQ,169.0,169.3,166.62,166.81,26316842,FYERS_HISTORY,2026-08-05T19:56:48+05:30
2025-09-05,SMD-0225,TATASTEEL,NSE:TATASTEEL-EQ,167.0,168.0,165.94,167.68,16798170,FYERS_HISTORY,2026-08-05T19:56:48+05:30
2025-09-08,SMD-0225,TATASTEEL,NSE:TATASTEEL-EQ,170.0,172.5,168.46,168.82,36402317,FYERS_HISTORY,2026-08-05T19:56:48+05:30
2025-09-09,SMD-0225,TATASTEEL,NSE:TATASTEEL-EQ,169.3,169.72,167.99,169.15,14028910,FYERS_HISTORY,2026-08-05T19:56:48+05:30
2025-09-10,SMD-0225,TATASTEEL,NSE:TATASTEEL-EQ,169.19,170.73,168.75,169.43,13128306,FYERS_HISTORY,2026-08-05T19:56:48+05:30
2025-09-11,SMD-0225,TATASTEEL,NSE:TATASTEEL-EQ,169.35,170.9,168.46,169.41,13829526,FYERS_HISTORY,2026-08-05T19:56:48+05:30
2025-09-12,SMD-0225,TATASTEEL,NSE:TATASTEEL-EQ,169.6,171.0,168.63,169.78,12119036,FYERS_HISTORY,2026-08-05T19:56:48+05:30
2025-09-15,SMD-0225,TATASTEEL,NSE:TATASTEEL-EQ,169.77,170.2,168.63,169.23,10611401,FYERS_HISTORY,2026-08-05T19:56:48+05:30
2025-09-16,SMD-0225,TATASTEEL,NSE:TATASTEEL-EQ,169.39,172.27,169.02,172.02,26629438,FYERS_HISTORY,2026-08-05T19:56:48+05:30
2025-09-17,SMD-0225,TATASTEEL,NSE:TATASTEEL-EQ,172.5,172.9,169.35,171.36,21381306,FYERS_HISTORY,2026-08-05T19:56:48+05:30
2025-09-18,SMD-0225,TATASTEEL,NSE:TATASTEEL-EQ,171.46,172.2,169.81,172.03,16413388,FYERS_HISTORY,2026-08-05T19:56:48+05:30
2025-09-19,SMD-0225,TATASTEEL,NSE:TATASTEEL-EQ,172.1,172.67,170.6,171.48,25406461,FYERS_HISTORY,2026-08-05T19:56:48+05:30
2025-09-22,SMD-0225,TATASTEEL,NSE:TATASTEEL-EQ,170.8,172.21,170.51,171.39,20970704,FYERS_HISTORY,2026-08-05T19:56:48+05:30
2025-09-23,SMD-0225,TATASTEEL,NSE:TATASTEEL-EQ,171.45,173.81,171.2,173.29,24533561,FYERS_HISTORY,2026-08-05T19:56:48+05:30
2025-09-24,SMD-0225,TATASTEEL,NSE:TATASTEEL-EQ,173.16,174.44,172.38,172.66,20168891,FYERS_HISTORY,2026-08-05T19:56:48+05:30
2025-09-25,SMD-0225,TATASTEEL,NSE:TATASTEEL-EQ,172.9,173.85,171.86,172.38,17026549,FYERS_HISTORY,2026-08-05T19:56:48+05:30
2025-09-26,SMD-0225,TATASTEEL,NSE:TATASTEEL-EQ,172.22,173.37,167.2,167.4,20157657,FYERS_HISTORY,2026-08-05T19:56:48+05:30
2025-09-29,SMD-0225,TATASTEEL,NSE:TATASTEEL-EQ,167.6,170.28,167.56,168.98,16832342,FYERS_HISTORY,2026-08-05T19:56:48+05:30
2025-09-30,SMD-0225,TATASTEEL,NSE:TATASTEEL-EQ,169.5,170.15,168.41,168.77,24553596,FYERS_HISTORY,2026-08-05T19:56:48+05:30
2025-10-01,SMD-0225,TATASTEEL,NSE:TATASTEEL-EQ,169.0,169.74,166.13,167.51,17542776,FYERS_HISTORY,2026-08-05T19:56:48+05:30
2025-10-03,SMD-0225,TATASTEEL,NSE:TATASTEEL-EQ,168.12,174.74,168.12,173.21,55172705,FYERS_HISTORY,2026-08-05T19:56:48+05:30
2025-10-06,SMD-0225,TATASTEEL,NSE:TATASTEEL-EQ,173.3,173.48,169.3,170.06,21474004,FYERS_HISTORY,2026-08-05T19:56:48+05:30
2025-10-07,SMD-0225,TATASTEEL,NSE:TATASTEEL-EQ,170.4,172.2,170.4,171.43,19189843,FYERS_HISTORY,2026-08-05T19:56:48+05:30
2025-10-08,SMD-0225,TATASTEEL,NSE:TATASTEEL-EQ,172.0,173.63,170.06,171.94,22662699,FYERS_HISTORY,2026-08-05T19:56:48+05:30
2025-10-09,SMD-0225,TATASTEEL,NSE:TATASTEEL-EQ,172.79,177.82,172.78,176.42,68504717,FYERS_HISTORY,2026-08-05T19:56:48+05:30
2025-10-10,SMD-0225,TATASTEEL,NSE:TATASTEEL-EQ,176.0,176.14,172.9,173.86,18085975,FYERS_HISTORY,2026-08-05T19:56:48+05:30
2025-10-13,SMD-0225,TATASTEEL,NSE:TATASTEEL-EQ,173.0,173.8,170.91,173.03,19386219,FYERS_HISTORY,2026-08-05T19:56:48+05:30
2025-10-14,SMD-0225,TATASTEEL,NSE:TATASTEEL-EQ,174.91,176.45,169.25,170.51,22082970,FYERS_HISTORY,2026-08-05T19:56:48+05:30
2025-10-15,SMD-0225,TATASTEEL,NSE:TATASTEEL-EQ,170.83,174.0,170.11,173.24,15031989,FYERS_HISTORY,2026-08-05T19:56:48+05:30
2025-10-16,SMD-0225,TATASTEEL,NSE:TATASTEEL-EQ,173.0,174.49,172.22,174.0,12205250,FYERS_HISTORY,2026-08-05T19:56:48+05:30
2025-10-17,SMD-0225,TATASTEEL,NSE:TATASTEEL-EQ,173.6,174.31,170.99,172.22,21659007,FYERS_HISTORY,2026-08-05T19:56:48+05:30
2025-10-20,SMD-0225,TATASTEEL,NSE:TATASTEEL-EQ,173.3,173.3,170.82,171.95,18049579,FYERS_HISTORY,2026-08-05T19:56:48+05:30
2025-10-21,SMD-0225,TATASTEEL,NSE:TATASTEEL-EQ,172.4,173.25,172.1,172.78,2471987,FYERS_HISTORY,2026-08-05T19:56:48+05:30
2025-10-23,SMD-0225,TATASTEEL,NSE:TATASTEEL-EQ,173.9,176.08,173.64,174.16,31472510,FYERS_HISTORY,2026-08-05T19:56:48+05:30
2025-10-24,SMD-0225,TATASTEEL,NSE:TATASTEEL-EQ,174.6,177.35,173.72,174.44,25226376,FYERS_HISTORY,2026-08-05T19:56:48+05:30
2025-10-27,SMD-0225,TATASTEEL,NSE:TATASTEEL-EQ,175.89,177.9,175.53,176.66,23832477,FYERS_HISTORY,2026-08-05T19:56:48+05:30
2025-10-28,SMD-0225,TATASTEEL,NSE:TATASTEEL-EQ,177.35,182.06,177.02,181.81,59511794,FYERS_HISTORY,2026-08-05T19:56:48+05:30
2025-10-29,SMD-0225,TATASTEEL,NSE:TATASTEEL-EQ,183.67,186.94,182.05,185.19,51610530,FYERS_HISTORY,2026-08-05T19:56:48+05:30
2025-10-30,SMD-0225,TATASTEEL,NSE:TATASTEEL-EQ,184.4,185.19,182.64,184.35,24270977,FYERS_HISTORY,2026-08-05T19:56:48+05:30
2025-10-31,SMD-0225,TATASTEEL,NSE:TATASTEEL-EQ,184.0,184.3,182.12,182.84,16041321,FYERS_HISTORY,2026-08-05T19:56:48+05:30
2025-11-03,SMD-0225,TATASTEEL,NSE:TATASTEEL-EQ,182.4,184.1,181.8,182.67,16652212,FYERS_HISTORY,2026-08-05T19:56:48+05:30
2025-11-04,SMD-0225,TATASTEEL,NSE:TATASTEEL-EQ,183.0,183.09,178.9,179.29,18746387,FYERS_HISTORY,2026-08-05T19:56:48+05:30
2025-11-06,SMD-0225,TATASTEEL,NSE:TATASTEEL-EQ,179.29,180.67,176.52,177.27,23664538,FYERS_HISTORY,2026-08-05T19:56:48+05:30
2025-11-07,SMD-0225,TATASTEEL,NSE:TATASTEEL-EQ,177.0,182.25,175.01,181.37,19165876,FYERS_HISTORY,2026-08-05T19:56:48+05:30
2025-11-10,SMD-0225,TATASTEEL,NSE:TATASTEEL-EQ,182.03,182.51,180.2,181.48,18376132,FYERS_HISTORY,2026-08-05T19:56:48+05:30
2025-11-11,SMD-0225,TATASTEEL,NSE:TATASTEEL-EQ,182.9,182.9,179.02,181.04,14109340,FYERS_HISTORY,2026-08-05T19:56:48+05:30
2025-11-12,SMD-0225,TATASTEEL,NSE:TATASTEEL-EQ,181.44,182.15,178.0,178.61,19037263,FYERS_HISTORY,2026-08-05T19:56:48+05:30
2025-11-13,SMD-0225,TATASTEEL,NSE:TATASTEEL-EQ,184.0,184.0,175.1,176.65,82083661,FYERS_HISTORY,2026-08-05T19:56:48+05:30
2025-11-14,SMD-0225,TATASTEEL,NSE:TATASTEEL-EQ,177.52,177.7,172.12,174.26,38345500,FYERS_HISTORY,2026-08-05T19:56:48+05:30
2025-11-17,SMD-0225,TATASTEEL,NSE:TATASTEEL-EQ,175.13,175.25,172.62,173.17,28204282,FYERS_HISTORY,2026-08-05T19:56:48+05:30
2025-11-18,SMD-0225,TATASTEEL,NSE:TATASTEEL-EQ,172.4,173.12,170.55,172.45,34278387,FYERS_HISTORY,2026-08-05T19:56:48+05:30
2025-11-19,SMD-0225,TATASTEEL,NSE:TATASTEEL-EQ,172.45,173.9,172.06,173.21,19621610,FYERS_HISTORY,2026-08-05T19:56:48+05:30
2025-11-20,SMD-0225,TATASTEEL,NSE:TATASTEEL-EQ,174.1,174.36,172.26,172.46,15968891,FYERS_HISTORY,2026-08-05T19:56:48+05:30
2025-11-21,SMD-0225,TATASTEEL,NSE:TATASTEEL-EQ,171.8,171.9,167.7,168.0,28412865,FYERS_HISTORY,2026-08-05T19:56:48+05:30
2025-11-24,SMD-0225,TATASTEEL,NSE:TATASTEEL-EQ,168.0,168.38,165.18,165.36,31202769,FYERS_HISTORY,2026-08-05T19:56:48+05:30
2025-11-25,SMD-0225,TATASTEEL,NSE:TATASTEEL-EQ,166.0,167.27,165.08,166.33,19983310,FYERS_HISTORY,2026-08-05T19:56:48+05:30
2025-11-26,SMD-0225,TATASTEEL,NSE:TATASTEEL-EQ,167.0,169.95,166.9,169.67,15044796,FYERS_HISTORY,2026-08-05T19:56:48+05:30
2025-11-27,SMD-0225,TATASTEEL,NSE:TATASTEEL-EQ,170.45,171.0,167.18,168.13,17546627,FYERS_HISTORY,2026-08-05T19:56:48+05:30
2025-11-28,SMD-0225,TATASTEEL,NSE:TATASTEEL-EQ,168.13,169.0,167.29,167.96,11975539,FYERS_HISTORY,2026-08-05T19:56:48+05:30
2025-12-01,SMD-0225,TATASTEEL,NSE:TATASTEEL-EQ,169.0,169.65,167.7,168.63,11758473,FYERS_HISTORY,2026-08-05T19:56:48+05:30
2025-12-02,SMD-0225,TATASTEEL,NSE:TATASTEEL-EQ,168.43,168.85,167.0,167.78,15355023,FYERS_HISTORY,2026-08-05T19:56:48+05:30
2025-12-03,SMD-0225,TATASTEEL,NSE:TATASTEEL-EQ,167.78,167.99,165.0,166.92,18873943,FYERS_HISTORY,2026-08-05T19:56:48+05:30
2025-12-04,SMD-0225,TATASTEEL,NSE:TATASTEEL-EQ,167.8,167.97,166.2,166.77,11419966,FYERS_HISTORY,2026-08-05T19:56:48+05:30
2025-12-05,SMD-0225,TATASTEEL,NSE:TATASTEEL-EQ,167.0,167.65,165.0,167.11,33500436,FYERS_HISTORY,2026-08-05T19:56:48+05:30
2025-12-08,SMD-0225,TATASTEEL,NSE:TATASTEEL-EQ,167.09,168.2,163.0,163.47,15772400,FYERS_HISTORY,2026-08-05T19:56:48+05:30
2025-12-09,SMD-0225,TATASTEEL,NSE:TATASTEEL-EQ,163.39,163.39,160.06,160.67,25766371,FYERS_HISTORY,2026-08-05T19:56:48+05:30
2025-12-10,SMD-0225,TATASTEEL,NSE:TATASTEEL-EQ,161.0,163.68,160.81,162.23,22537548,FYERS_HISTORY,2026-08-05T19:56:48+05:30
2025-12-11,SMD-0225,TATASTEEL,NSE:TATASTEEL-EQ,163.5,166.66,163.17,166.38,32603566,FYERS_HISTORY,2026-08-05T19:56:48+05:30
2025-12-12,SMD-0225,TATASTEEL,NSE:TATASTEEL-EQ,167.6,172.5,167.4,171.89,41130927,FYERS_HISTORY,2026-08-05T19:56:48+05:30
2025-12-15,SMD-0225,TATASTEEL,NSE:TATASTEEL-EQ,170.95,173.17,170.5,172.87,23254201,FYERS_HISTORY,2026-08-05T19:56:48+05:30
2025-12-16,SMD-0225,TATASTEEL,NSE:TATASTEEL-EQ,172.7,172.7,169.25,169.83,22981935,FYERS_HISTORY,2026-08-05T19:56:48+05:30
2025-12-17,SMD-0225,TATASTEEL,NSE:TATASTEEL-EQ,170.09,171.3,169.66,170.34,11624504,FYERS_HISTORY,2026-08-05T19:56:48+05:30
2025-12-18,SMD-0225,TATASTEEL,NSE:TATASTEEL-EQ,169.92,170.45,167.56,168.12,13152378,FYERS_HISTORY,2026-08-05T19:56:48+05:30
2025-12-19,SMD-0225,TATASTEEL,NSE:TATASTEEL-EQ,169.15,169.62,167.83,168.69,28448892,FYERS_HISTORY,2026-08-05T19:56:48+05:30
2025-12-22,SMD-0225,TATASTEEL,NSE:TATASTEEL-EQ,169.04,171.46,169.0,169.22,23729300,FYERS_HISTORY,2026-08-05T19:56:48+05:30
2025-12-23,SMD-0225,TATASTEEL,NSE:TATASTEEL-EQ,169.35,171.35,169.25,170.9,17348078,FYERS_HISTORY,2026-08-05T19:56:48+05:30
2025-12-24,SMD-0225,TATASTEEL,NSE:TATASTEEL-EQ,171.35,171.65,169.67,170.07,17430406,FYERS_HISTORY,2026-08-05T19:56:48+05:30
2025-12-26,SMD-0225,TATASTEEL,NSE:TATASTEEL-EQ,169.89,169.9,167.82,169.12,16904834,FYERS_HISTORY,2026-08-05T19:56:48+05:30
2025-12-29,SMD-0225,TATASTEEL,NSE:TATASTEEL-EQ,169.51,174.13,169.29,172.3,48001907,FYERS_HISTORY,2026-08-05T19:56:48+05:30
2025-12-30,SMD-0225,TATASTEEL,NSE:TATASTEEL-EQ,172.78,176.35,170.8,175.8,33741158,FYERS_HISTORY,2026-08-05T19:56:48+05:30
2025-12-31,SMD-0225,TATASTEEL,NSE:TATASTEEL-EQ,180.0,181.4,178.5,180.08,50897201,FYERS_HISTORY,2026-08-05T19:56:48+05:30
2026-01-01,SMD-0225,TATASTEEL,NSE:TATASTEEL-EQ,180.6,182.2,180.2,181.89,21507757,FYERS_HISTORY,2026-08-05T19:56:48+05:30
2026-01-02,SMD-0225,TATASTEEL,NSE:TATASTEEL-EQ,182.0,183.85,181.6,182.88,23006840,FYERS_HISTORY,2026-08-05T19:56:48+05:30
2026-01-05,SMD-0225,TATASTEEL,NSE:TATASTEEL-EQ,182.88,186.89,182.87,185.72,30646009,FYERS_HISTORY,2026-08-05T19:56:48+05:30
2026-01-06,SMD-0225,TATASTEEL,NSE:TATASTEEL-EQ,186.0,187.85,184.47,186.2,28514282,FYERS_HISTORY,2026-08-05T19:56:48+05:30
2026-01-07,SMD-0225,TATASTEEL,NSE:TATASTEEL-EQ,186.2,186.65,182.9,183.8,18231588,FYERS_HISTORY,2026-08-05T19:56:48+05:30
2026-01-08,SMD-0225,TATASTEEL,NSE:TATASTEEL-EQ,185.45,185.87,179.55,180.12,38454951,FYERS_HISTORY,2026-08-05T19:56:48+05:30
2026-01-09,SMD-0225,TATASTEEL,NSE:TATASTEEL-EQ,179.05,181.5,177.33,178.4,25318701,FYERS_HISTORY,2026-08-05T19:56:48+05:30
2026-01-12,SMD-0225,TATASTEEL,NSE:TATASTEEL-EQ,178.4,183.65,177.64,183.24,25782267,FYERS_HISTORY,2026-08-05T19:56:48+05:30
2026-01-13,SMD-0225,TATASTEEL,NSE:TATASTEEL-EQ,183.5,184.39,181.1,182.57,19155081,FYERS_HISTORY,2026-08-05T19:56:48+05:30
2026-01-14,SMD-0225,TATASTEEL,NSE:TATASTEEL-EQ,182.57,190.65,181.66,189.25,55907778,FYERS_HISTORY,2026-08-05T19:56:48+05:30
2026-01-16,SMD-0225,TATASTEEL,NSE:TATASTEEL-EQ,190.05,191.0,187.31,188.21,26028519,FYERS_HISTORY,2026-08-05T19:56:48+05:30
2026-01-19,SMD-0225,TATASTEEL,NSE:TATASTEEL-EQ,187.1,189.44,186.8,188.27,19709364,FYERS_HISTORY,2026-08-05T19:56:48+05:30
2026-01-20,SMD-0225,TATASTEEL,NSE:TATASTEEL-EQ,188.27,190.0,183.03,183.56,20094927,FYERS_HISTORY,2026-08-05T19:56:48+05:30
2026-01-21,SMD-0225,TATASTEEL,NSE:TATASTEEL-EQ,183.56,185.71,180.88,184.41,35037961,FYERS_HISTORY,2026-08-05T19:56:48+05:30
2026-01-22,SMD-0225,TATASTEEL,NSE:TATASTEEL-EQ,185.89,189.99,185.79,189.1,35681682,FYERS_HISTORY,2026-08-05T19:56:48+05:30
2026-01-23,SMD-0225,TATASTEEL,NSE:TATASTEEL-EQ,190.5,192.4,187.27,187.61,28492706,FYERS_HISTORY,2026-08-05T19:56:48+05:30
2026-01-27,SMD-0225,TATASTEEL,NSE:TATASTEEL-EQ,189.67,193.14,187.72,192.28,42314287,FYERS_HISTORY,2026-08-05T19:56:48+05:30
2026-01-28,SMD-0225,TATASTEEL,NSE:TATASTEEL-EQ,193.49,195.2,192.1,193.85,33310718,FYERS_HISTORY,2026-08-05T19:56:48+05:30
2026-01-29,SMD-0225,TATASTEEL,NSE:TATASTEEL-EQ,194.45,202.99,194.11,202.32,60610904,FYERS_HISTORY,2026-08-05T19:56:48+05:30
2026-01-30,SMD-0225,TATASTEEL,NSE:TATASTEEL-EQ,198.55,199.0,190.63,193.13,52262849,FYERS_HISTORY,2026-08-05T19:56:48+05:30
2026-02-01,SMD-0225,TATASTEEL,NSE:TATASTEEL-EQ,188.81,193.76,184.26,185.38,26527491,FYERS_HISTORY,2026-08-05T19:56:48+05:30
2026-02-02,SMD-0225,TATASTEEL,NSE:TATASTEEL-EQ,185.38,189.0,182.55,188.51,25601945,FYERS_HISTORY,2026-08-05T19:56:48+05:30
2026-02-03,SMD-0225,TATASTEEL,NSE:TATASTEEL-EQ,193.58,199.0,191.51,192.93,28467895,FYERS_HISTORY,2026-08-05T19:56:48+05:30
2026-02-04,SMD-0225,TATASTEEL,NSE:TATASTEEL-EQ,193.99,196.14,193.45,195.4,13859145,FYERS_HISTORY,2026-08-05T19:56:48+05:30
2026-02-05,SMD-0225,TATASTEEL,NSE:TATASTEEL-EQ,193.0,198.41,191.52,197.76,31293689,FYERS_HISTORY,2026-08-05T19:56:48+05:30
2026-02-06,SMD-0225,TATASTEEL,NSE:TATASTEEL-EQ,197.6,197.6,194.37,197.06,18446912,FYERS_HISTORY,2026-08-05T19:56:48+05:30
2026-02-09,SMD-0225,TATASTEEL,NSE:TATASTEEL-EQ,202.0,206.34,197.55,202.0,68967709,FYERS_HISTORY,2026-08-05T19:56:48+05:30
2026-02-10,SMD-0225,TATASTEEL,NSE:TATASTEEL-EQ,202.99,211.1,201.08,208.01,82443790,FYERS_HISTORY,2026-08-05T19:56:48+05:30
2026-02-11,SMD-0225,TATASTEEL,NSE:TATASTEEL-EQ,209.4,210.25,205.3,207.59,40897457,FYERS_HISTORY,2026-08-05T19:56:48+05:30
2026-02-12,SMD-0225,TATASTEEL,NSE:TATASTEEL-EQ,208.0,210.39,206.2,208.11,24109860,FYERS_HISTORY,2026-08-05T19:56:48+05:30
2026-02-13,SMD-0225,TATASTEEL,NSE:TATASTEEL-EQ,206.59,206.85,202.56,203.18,25870923,FYERS_HISTORY,2026-08-05T19:56:48+05:30
2026-02-16,SMD-0225,TATASTEEL,NSE:TATASTEEL-EQ,201.0,206.12,200.55,205.81,17932490,FYERS_HISTORY,2026-08-05T19:56:48+05:30
2026-02-17,SMD-0225,TATASTEEL,NSE:TATASTEEL-EQ,205.5,205.8,201.66,203.08,18506676,FYERS_HISTORY,2026-08-05T19:56:48+05:30
2026-02-18,SMD-0225,TATASTEEL,NSE:TATASTEEL-EQ,203.55,209.7,203.55,209.03,48357001,FYERS_HISTORY,2026-08-05T19:56:48+05:30
2026-02-19,SMD-0225,TATASTEEL,NSE:TATASTEEL-EQ,211.0,211.39,204.25,205.41,27749813,FYERS_HISTORY,2026-08-05T19:56:48+05:30
2026-02-20,SMD-0225,TATASTEEL,NSE:TATASTEEL-EQ,206.41,209.3,204.73,208.36,26605844,FYERS_HISTORY,2026-08-05T19:56:48+05:30
2026-02-23,SMD-0225,TATASTEEL,NSE:TATASTEEL-EQ,210.0,210.1,205.5,208.14,23377191,FYERS_HISTORY,2026-08-05T19:56:48+05:30
2026-02-24,SMD-0225,TATASTEEL,NSE:TATASTEEL-EQ,207.21,209.54,206.75,209.13,23413086,FYERS_HISTORY,2026-08-05T19:56:48+05:30
2026-02-25,SMD-0225,TATASTEEL,NSE:TATASTEEL-EQ,210.1,216.45,209.4,214.64,48873839,FYERS_HISTORY,2026-08-05T19:56:48+05:30
2026-02-26,SMD-0225,TATASTEEL,NSE:TATASTEEL-EQ,215.95,215.95,213.01,215.52,25522669,FYERS_HISTORY,2026-08-05T19:56:48+05:30
2026-02-27,SMD-0225,TATASTEEL,NSE:TATASTEEL-EQ,215.5,215.9,211.66,212.33,25598534,FYERS_HISTORY,2026-08-05T19:56:48+05:30
2026-03-02,SMD-0225,TATASTEEL,NSE:TATASTEEL-EQ,205.0,214.34,204.5,211.01,30523310,FYERS_HISTORY,2026-08-05T19:56:48+05:30
2026-03-04,SMD-0225,TATASTEEL,NSE:TATASTEEL-EQ,207.0,207.0,194.43,196.73,72096617,FYERS_HISTORY,2026-08-05T19:56:48+05:30
2026-03-05,SMD-0225,TATASTEEL,NSE:TATASTEEL-EQ,198.5,203.04,197.63,200.57,41033397,FYERS_HISTORY,2026-08-05T19:56:48+05:30
2026-03-06,SMD-0225,TATASTEEL,NSE:TATASTEEL-EQ,199.5,202.2,197.1,198.46,28551376,FYERS_HISTORY,2026-08-05T19:56:48+05:30
2026-03-09,SMD-0225,TATASTEEL,NSE:TATASTEEL-EQ,193.45,193.7,187.03,191.01,43019965,FYERS_HISTORY,2026-08-05T19:56:48+05:30
2026-03-10,SMD-0225,TATASTEEL,NSE:TATASTEEL-EQ,194.01,196.64,192.0,195.0,25783308,FYERS_HISTORY,2026-08-05T19:56:48+05:30
2026-03-11,SMD-0225,TATASTEEL,NSE:TATASTEEL-EQ,197.14,198.88,194.0,194.74,34207226,FYERS_HISTORY,2026-08-05T19:56:48+05:30
2026-03-12,SMD-0225,TATASTEEL,NSE:TATASTEEL-EQ,193.99,194.66,190.1,193.47,24413736,FYERS_HISTORY,2026-08-05T19:56:48+05:30
2026-03-13,SMD-0225,TATASTEEL,NSE:TATASTEEL-EQ,191.95,192.5,182.26,183.51,42683952,FYERS_HISTORY,2026-08-05T19:56:48+05:30
2026-03-16,SMD-0225,TATASTEEL,NSE:TATASTEEL-EQ,183.0,187.65,181.25,186.94,44789516,FYERS_HISTORY,2026-08-05T19:56:48+05:30
2026-03-17,SMD-0225,TATASTEEL,NSE:TATASTEEL-EQ,187.8,196.31,186.85,195.43,45672442,FYERS_HISTORY,2026-08-05T19:56:48+05:30
2026-03-18,SMD-0225,TATASTEEL,NSE:TATASTEEL-EQ,196.4,196.43,193.17,195.41,26353743,FYERS_HISTORY,2026-08-05T19:56:48+05:30
2026-03-19,SMD-0225,TATASTEEL,NSE:TATASTEEL-EQ,190.8,194.22,189.37,190.51,24146344,FYERS_HISTORY,2026-08-05T19:56:48+05:30
2026-03-20,SMD-0225,TATASTEEL,NSE:TATASTEEL-EQ,193.4,199.44,193.34,196.77,46881257,FYERS_HISTORY,2026-08-05T19:56:48+05:30
2026-03-23,SMD-0225,TATASTEEL,NSE:TATASTEEL-EQ,193.0,193.95,186.51,187.17,44393392,FYERS_HISTORY,2026-08-05T19:56:48+05:30
2026-03-24,SMD-0225,TATASTEEL,NSE:TATASTEEL-EQ,192.0,192.19,187.78,190.79,34321983,FYERS_HISTORY,2026-08-05T19:56:48+05:30
2026-03-25,SMD-0225,TATASTEEL,NSE:TATASTEEL-EQ,193.03,197.15,192.32,196.65,34767360,FYERS_HISTORY,2026-08-05T19:56:48+05:30
2026-03-27,SMD-0225,TATASTEEL,NSE:TATASTEEL-EQ,194.32,195.5,192.64,193.22,36938046,FYERS_HISTORY,2026-08-05T19:56:48+05:30
2026-03-30,SMD-0225,TATASTEEL,NSE:TATASTEEL-EQ,192.0,194.42,188.3,191.86,45914996,FYERS_HISTORY,2026-08-05T19:56:48+05:30
2026-04-01,SMD-0225,TATASTEEL,NSE:TATASTEEL-EQ,200.0,200.2,194.0,194.6,35813622,FYERS_HISTORY,2026-08-05T19:56:48+05:30
2026-04-02,SMD-0225,TATASTEEL,NSE:TATASTEEL-EQ,192.91,194.85,187.95,194.14,27633959,FYERS_HISTORY,2026-08-05T19:56:48+05:30
2026-04-06,SMD-0225,TATASTEEL,NSE:TATASTEEL-EQ,193.02,196.65,190.25,196.1,28115748,FYERS_HISTORY,2026-08-05T19:56:48+05:30
2026-04-07,SMD-0225,TATASTEEL,NSE:TATASTEEL-EQ,195.6,198.42,193.28,198.13,32090982,FYERS_HISTORY,2026-08-05T19:56:48+05:30
2026-04-08,SMD-0225,TATASTEEL,NSE:TATASTEEL-EQ,202.01,206.4,202.0,204.18,37018381,FYERS_HISTORY,2026-08-05T19:56:48+05:30
2026-04-09,SMD-0225,TATASTEEL,NSE:TATASTEEL-EQ,204.51,208.19,204.06,205.2,36853400,FYERS_HISTORY,2026-08-05T19:56:48+05:30
2026-04-10,SMD-0225,TATASTEEL,NSE:TATASTEEL-EQ,207.98,209.0,204.8,206.61,28385501,FYERS_HISTORY,2026-08-05T19:56:48+05:30
2026-04-13,SMD-0225,TATASTEEL,NSE:TATASTEEL-EQ,203.7,207.0,201.5,206.39,25848544,FYERS_HISTORY,2026-08-05T19:56:48+05:30
2026-04-15,SMD-0225,TATASTEEL,NSE:TATASTEEL-EQ,209.0,211.15,207.6,208.72,30858355,FYERS_HISTORY,2026-08-05T19:56:48+05:30
2026-04-16,SMD-0225,TATASTEEL,NSE:TATASTEEL-EQ,209.75,212.92,209.01,210.69,26751249,FYERS_HISTORY,2026-08-05T19:56:48+05:30
2026-04-17,SMD-0225,TATASTEEL,NSE:TATASTEEL-EQ,210.69,212.46,208.5,212.12,22837792,FYERS_HISTORY,2026-08-05T19:56:48+05:30
2026-04-20,SMD-0225,TATASTEEL,NSE:TATASTEEL-EQ,212.0,213.4,209.8,211.72,24992602,FYERS_HISTORY,2026-08-05T19:56:48+05:30
2026-04-21,SMD-0225,TATASTEEL,NSE:TATASTEEL-EQ,211.72,214.49,211.08,212.01,17427021,FYERS_HISTORY,2026-08-05T19:56:48+05:30
2026-04-22,SMD-0225,TATASTEEL,NSE:TATASTEEL-EQ,211.0,213.78,210.51,213.03,20795714,FYERS_HISTORY,2026-08-05T19:56:48+05:30
2026-04-23,SMD-0225,TATASTEEL,NSE:TATASTEEL-EQ,213.04,213.1,210.16,210.91,19304122,FYERS_HISTORY,2026-08-05T19:56:48+05:30
2026-04-24,SMD-0225,TATASTEEL,NSE:TATASTEEL-EQ,211.0,212.0,208.6,210.07,22379072,FYERS_HISTORY,2026-08-05T19:56:48+05:30
2026-04-27,SMD-0225,TATASTEEL,NSE:TATASTEEL-EQ,211.0,215.0,210.93,213.27,33068230,FYERS_HISTORY,2026-08-05T19:56:48+05:30
2026-04-28,SMD-0225,TATASTEEL,NSE:TATASTEEL-EQ,213.2,218.24,212.2,215.05,34950491,FYERS_HISTORY,2026-08-05T19:56:48+05:30
2026-04-29,SMD-0225,TATASTEEL,NSE:TATASTEEL-EQ,216.1,217.0,211.36,215.88,32800573,FYERS_HISTORY,2026-08-05T19:56:48+05:30
2026-04-30,SMD-0225,TATASTEEL,NSE:TATASTEEL-EQ,215.78,215.78,210.0,211.36,24894783,FYERS_HISTORY,2026-08-05T19:56:48+05:30
2026-05-04,SMD-0225,TATASTEEL,NSE:TATASTEEL-EQ,212.55,214.5,211.4,212.24,23140911,FYERS_HISTORY,2026-08-05T19:56:48+05:30
2026-05-05,SMD-0225,TATASTEEL,NSE:TATASTEEL-EQ,212.2,212.34,209.45,211.32,20733709,FYERS_HISTORY,2026-08-05T19:56:48+05:30
2026-05-06,SMD-0225,TATASTEEL,NSE:TATASTEEL-EQ,214.0,216.73,212.42,215.47,24082651,FYERS_HISTORY,2026-08-05T19:56:48+05:30
2026-05-07,SMD-0225,TATASTEEL,NSE:TATASTEEL-EQ,216.7,219.2,215.75,217.09,21243369,FYERS_HISTORY,2026-08-05T19:56:48+05:30
2026-05-08,SMD-0225,TATASTEEL,NSE:TATASTEEL-EQ,217.0,217.4,214.25,214.49,17760366,FYERS_HISTORY,2026-08-05T19:56:48+05:30
2026-05-11,SMD-0225,TATASTEEL,NSE:TATASTEEL-EQ,213.5,215.0,211.52,212.08,16301350,FYERS_HISTORY,2026-08-05T19:56:48+05:30
2026-05-12,SMD-0225,TATASTEEL,NSE:TATASTEEL-EQ,212.0,216.33,211.5,212.0,28371348,FYERS_HISTORY,2026-08-05T19:56:48+05:30
2026-05-13,SMD-0225,TATASTEEL,NSE:TATASTEEL-EQ,213.24,220.91,213.07,219.62,46231533,FYERS_HISTORY,2026-08-05T19:56:48+05:30
2026-05-14,SMD-0225,TATASTEEL,NSE:TATASTEEL-EQ,222.3,222.9,219.02,221.13,34985006,FYERS_HISTORY,2026-08-05T19:56:48+05:30
2026-05-15,SMD-0225,TATASTEEL,NSE:TATASTEEL-EQ,223.0,224.4,216.0,216.84,33231023,FYERS_HISTORY,2026-08-05T19:56:48+05:30
2026-05-18,SMD-0225,TATASTEEL,NSE:TATASTEEL-EQ,211.0,211.82,205.05,209.71,73796001,FYERS_HISTORY,2026-08-05T19:56:48+05:30
2026-05-19,SMD-0225,TATASTEEL,NSE:TATASTEEL-EQ,210.59,212.33,208.9,209.29,32573663,FYERS_HISTORY,2026-08-05T19:56:48+05:30
2026-05-20,SMD-0225,TATASTEEL,NSE:TATASTEEL-EQ,207.5,207.5,203.04,207.01,56670462,FYERS_HISTORY,2026-08-05T19:56:48+05:30
2026-05-21,SMD-0225,TATASTEEL,NSE:TATASTEEL-EQ,209.75,210.07,207.66,208.58,24385712,FYERS_HISTORY,2026-08-05T19:56:48+05:30
2026-05-22,SMD-0225,TATASTEEL,NSE:TATASTEEL-EQ,209.6,210.88,208.26,209.19,22023114,FYERS_HISTORY,2026-08-05T19:56:48+05:30
2026-05-25,SMD-0225,TATASTEEL,NSE:TATASTEEL-EQ,211.3,211.75,209.44,210.22,23090495,FYERS_HISTORY,2026-08-05T19:56:48+05:30
2026-05-26,SMD-0225,TATASTEEL,NSE:TATASTEEL-EQ,209.9,211.14,209.51,210.47,17801824,FYERS_HISTORY,2026-08-05T19:56:48+05:30
2026-05-27,SMD-0225,TATASTEEL,NSE:TATASTEEL-EQ,210.7,218.96,210.7,214.7,39110042,FYERS_HISTORY,2026-08-05T19:56:48+05:30
2026-05-29,SMD-0225,TATASTEEL,NSE:TATASTEEL-EQ,215.69,215.7,206.7,208.02,67467374,FYERS_HISTORY,2026-08-05T19:56:48+05:30
2026-06-01,SMD-0225,TATASTEEL,NSE:TATASTEEL-EQ,210.0,211.4,206.5,210.57,23733470,FYERS_HISTORY,2026-08-05T19:56:48+05:30
2026-06-02,SMD-0225,TATASTEEL,NSE:TATASTEEL-EQ,209.01,213.46,208.57,210.6,29358964,FYERS_HISTORY,2026-08-05T19:56:48+05:30
2026-06-03,SMD-0225,TATASTEEL,NSE:TATASTEEL-EQ,210.71,212.49,207.6,211.89,23198930,FYERS_HISTORY,2026-08-05T19:56:48+05:30
2026-06-04,SMD-0225,TATASTEEL,NSE:TATASTEEL-EQ,210.42,212.24,209.31,210.57,18939468,FYERS_HISTORY,2026-08-05T19:56:48+05:30
2026-06-05,SMD-0225,TATASTEEL,NSE:TATASTEEL-EQ,209.4,210.5,203.9,206.77,35802398,FYERS_HISTORY,2026-08-05T19:56:48+05:30
2026-06-08,SMD-0225,TATASTEEL,NSE:TATASTEEL-EQ,203.44,205.21,201.6,202.72,31036948,FYERS_HISTORY,2026-08-05T19:56:48+05:30
2026-06-09,SMD-0225,TATASTEEL,NSE:TATASTEEL-EQ,203.0,204.0,200.34,203.18,42111455,FYERS_HISTORY,2026-08-05T19:56:48+05:30
2026-06-10,SMD-0225,TATASTEEL,NSE:TATASTEEL-EQ,203.0,203.4,198.0,199.31,34008938,FYERS_HISTORY,2026-08-05T19:56:48+05:30
2026-06-11,SMD-0225,TATASTEEL,NSE:TATASTEEL-EQ,197.44,199.35,196.05,197.96,38292223,FYERS_HISTORY,2026-08-05T19:56:48+05:30
2026-06-12,SMD-0225,TATASTEEL,NSE:TATASTEEL-EQ,200.0,200.82,195.8,197.86,27622963,FYERS_HISTORY,2026-08-05T19:56:48+05:30
2026-06-15,SMD-0225,TATASTEEL,NSE:TATASTEEL-EQ,199.96,200.95,196.82,197.28,27071539,FYERS_HISTORY,2026-08-05T19:56:48+05:30
2026-06-16,SMD-0225,TATASTEEL,NSE:TATASTEEL-EQ,197.51,197.6,193.31,196.0,29255187,FYERS_HISTORY,2026-08-05T19:56:48+05:30
2026-06-17,SMD-0225,TATASTEEL,NSE:TATASTEEL-EQ,196.79,199.5,195.6,199.01,22491220,FYERS_HISTORY,2026-08-05T19:56:48+05:30
2026-06-18,SMD-0225,TATASTEEL,NSE:TATASTEEL-EQ,199.01,200.7,198.15,200.52,22111931,FYERS_HISTORY,2026-08-05T19:56:48+05:30
2026-06-19,SMD-0225,TATASTEEL,NSE:TATASTEEL-EQ,199.25,199.36,196.5,198.96,31571461,FYERS_HISTORY,2026-08-05T19:56:48+05:30
2026-06-22,SMD-0225,TATASTEEL,NSE:TATASTEEL-EQ,199.3,200.66,198.7,198.97,19238506,FYERS_HISTORY,2026-08-05T19:56:48+05:30
2026-06-23,SMD-0225,TATASTEEL,NSE:TATASTEEL-EQ,197.75,197.98,192.73,193.56,34634510,FYERS_HISTORY,2026-08-05T19:56:48+05:30
2026-06-24,SMD-0225,TATASTEEL,NSE:TATASTEEL-EQ,192.8,193.38,189.59,190.16,51305789,FYERS_HISTORY,2026-08-05T19:56:48+05:30
2026-06-25,SMD-0225,TATASTEEL,NSE:TATASTEEL-EQ,190.0,190.86,187.61,188.71,34151735,FYERS_HISTORY,2026-08-05T19:56:48+05:30
2026-06-29,SMD-0225,TATASTEEL,NSE:TATASTEEL-EQ,188.73,191.27,188.6,189.57,62549132,FYERS_HISTORY,2026-08-05T19:56:48+05:30
2026-06-30,SMD-0225,TATASTEEL,NSE:TATASTEEL-EQ,189.5,190.4,187.05,188.06,33686235,FYERS_HISTORY,2026-08-05T19:56:48+05:30
2026-07-01,SMD-0225,TATASTEEL,NSE:TATASTEEL-EQ,188.5,188.71,184.7,185.17,20614036,FYERS_HISTORY,2026-08-05T19:56:48+05:30
2026-07-02,SMD-0225,TATASTEEL,NSE:TATASTEEL-EQ,186.0,188.6,185.14,187.67,29139217,FYERS_HISTORY,2026-08-05T19:56:48+05:30
2026-07-03,SMD-0225,TATASTEEL,NSE:TATASTEEL-EQ,190.6,192.98,189.11,189.8,28474469,FYERS_HISTORY,2026-08-05T19:56:48+05:30
2026-07-06,SMD-0225,TATASTEEL,NSE:TATASTEEL-EQ,190.39,191.45,189.19,190.87,14466645,FYERS_HISTORY,2026-08-05T19:56:48+05:30
2026-07-07,SMD-0225,TATASTEEL,NSE:TATASTEEL-EQ,191.0,191.3,189.0,189.79,22805982,FYERS_HISTORY,2026-08-05T19:56:48+05:30
2026-07-08,SMD-0225,TATASTEEL,NSE:TATASTEEL-EQ,187.66,189.79,186.52,188.2,17816943,FYERS_HISTORY,2026-08-05T19:56:48+05:30
2026-07-09,SMD-0225,TATASTEEL,NSE:TATASTEEL-EQ,189.5,189.87,186.62,187.91,21203724,FYERS_HISTORY,2026-08-05T19:56:48+05:30
2026-07-10,SMD-0225,TATASTEEL,NSE:TATASTEEL-EQ,189.68,193.3,188.74,191.19,23145573,FYERS_HISTORY,2026-08-05T19:56:48+05:30
2026-07-13,SMD-0225,TATASTEEL,NSE:TATASTEEL-EQ,189.0,189.27,185.4,187.11,47597415,FYERS_HISTORY,2026-08-05T19:56:48+05:30
2026-07-14,SMD-0225,TATASTEEL,NSE:TATASTEEL-EQ,186.7,190.35,186.7,188.27,24096425,FYERS_HISTORY,2026-08-05T19:56:48+05:30
2026-07-15,SMD-0225,TATASTEEL,NSE:TATASTEEL-EQ,188.74,189.33,184.81,185.26,24924570,FYERS_HISTORY,2026-08-05T19:56:48+05:30
2026-07-16,SMD-0225,TATASTEEL,NSE:TATASTEEL-EQ,186.5,186.75,184.91,185.49,13166990,FYERS_HISTORY,2026-08-05T19:56:48+05:30
2026-07-17,SMD-0225,TATASTEEL,NSE:TATASTEEL-EQ,185.2,186.59,183.41,185.89,20132684,FYERS_HISTORY,2026-08-05T19:56:48+05:30
2026-07-20,SMD-0225,TATASTEEL,NSE:TATASTEEL-EQ,186.68,187.19,185.76,186.41,11188887,FYERS_HISTORY,2026-08-05T19:56:48+05:30
2026-07-21,SMD-0225,TATASTEEL,NSE:TATASTEEL-EQ,186.75,188.1,184.7,187.24,21618426,FYERS_HISTORY,2026-08-05T19:56:48+05:30
2026-07-22,SMD-0225,TATASTEEL,NSE:TATASTEEL-EQ,187.99,187.99,184.91,186.53,16643117,FYERS_HISTORY,2026-08-05T19:56:48+05:30
2026-07-23,SMD-0225,TATASTEEL,NSE:TATASTEEL-EQ,186.0,186.0,183.5,184.23,20581098,FYERS_HISTORY,2026-08-05T19:56:48+05:30
2026-07-24,SMD-0225,TATASTEEL,NSE:TATASTEEL-EQ,183.41,183.52,181.2,182.67,16117953,FYERS_HISTORY,2026-08-05T19:56:48+05:30
2026-07-27,SMD-0225,TATASTEEL,NSE:TATASTEEL-EQ,183.6,184.89,183.33,184.25,11857396,FYERS_HISTORY,2026-08-05T19:56:48+05:30
2026-07-28,SMD-0225,TATASTEEL,NSE:TATASTEEL-EQ,184.31,185.14,182.01,182.63,19135253,FYERS_HISTORY,2026-08-05T19:56:48+05:30
2026-07-29,SMD-0225,TATASTEEL,NSE:TATASTEEL-EQ,183.5,188.67,183.04,187.27,24872418,FYERS_HISTORY,2026-08-05T19:56:48+05:30
2026-07-30,SMD-0225,TATASTEEL,NSE:TATASTEEL-EQ,188.01,188.99,186.1,186.92,13769746,FYERS_HISTORY,2026-08-05T19:56:48+05:30
2026-07-31,SMD-0225,TATASTEEL,NSE:TATASTEEL-EQ,188.25,191.84,186.31,189.69,34249584,FYERS_HISTORY,2026-08-05T19:56:48+05:30
2026-08-03,SMD-0225,TATASTEEL,NSE:TATASTEEL-EQ,192.94,193.5,188.49,191.0,27563681,FYERS_HISTORY,2026-08-05T19:56:48+05:30
2026-08-04,SMD-0225,TATASTEEL,NSE:TATASTEEL-EQ,190.7,192.6,189.0,190.95,22165429,FYERS_HISTORY,2026-08-05T19:56:48+05:30
2026-08-05,SMD-0225,TATASTEEL,NSE:TATASTEEL-EQ,192.25,192.99,189.84,192.99,22780522,FYERS_HISTORY,2026-08-05T19:56:48+05:30
2026-08-06,SMD-0225,TATASTEEL,NSE:TATASTEEL-EQ,193.45,193.65,188.99,189.3,18802510,FYERS_HISTORY,2026-08-08T23:56:58+05:30
2026-08-07,SMD-0225,TATASTEEL,NSE:TATASTEEL-EQ,189.41,189.69,186.75,187.55,9924021,FYERS_HISTORY,2026-08-08T23:56:58+05:30
