trade_date,security_id,symbol,fyers_symbol,open,high,low,close,volume,source,downloaded_at
2017-02-03,SMD-0044,BSE,NSE:BSE-EQ,120.56,133.33,118.34,118.8,141945858,FYERS_HISTORY,2026-08-08T23:05:59+05:30
2017-02-06,SMD-0044,BSE,NSE:BSE-EQ,120.11,120.87,113.68,114.36,19796400,FYERS_HISTORY,2026-08-08T23:05:59+05:30
2017-02-07,SMD-0044,BSE,NSE:BSE-EQ,114.44,115.11,111.26,111.87,11647314,FYERS_HISTORY,2026-08-08T23:05:59+05:30
2017-02-08,SMD-0044,BSE,NSE:BSE-EQ,112.56,114.98,110.97,113.62,10684044,FYERS_HISTORY,2026-08-08T23:05:59+05:30
2017-02-09,SMD-0044,BSE,NSE:BSE-EQ,113.89,114.3,111.91,112.23,4200156,FYERS_HISTORY,2026-08-08T23:05:59+05:30
2017-02-10,SMD-0044,BSE,NSE:BSE-EQ,112.76,113.78,111.44,111.67,3787821,FYERS_HISTORY,2026-08-08T23:05:59+05:30
2017-02-13,SMD-0044,BSE,NSE:BSE-EQ,112.11,112.27,110.94,111.31,4534749,FYERS_HISTORY,2026-08-08T23:05:59+05:30
2017-02-14,SMD-0044,BSE,NSE:BSE-EQ,111.66,113.22,110.89,111.56,4616037,FYERS_HISTORY,2026-08-08T23:05:59+05:30
2017-02-15,SMD-0044,BSE,NSE:BSE-EQ,111.33,112.21,108.63,109.08,4000185,FYERS_HISTORY,2026-08-08T23:05:59+05:30
2017-02-16,SMD-0044,BSE,NSE:BSE-EQ,109.22,109.69,106.78,107.1,3511584,FYERS_HISTORY,2026-08-08T23:05:59+05:30
2017-02-17,SMD-0044,BSE,NSE:BSE-EQ,107.89,108.67,107.11,107.47,2282085,FYERS_HISTORY,2026-08-08T23:05:59+05:30
2017-02-20,SMD-0044,BSE,NSE:BSE-EQ,107.47,108.49,107.01,107.91,1796481,FYERS_HISTORY,2026-08-08T23:05:59+05:30
2017-02-21,SMD-0044,BSE,NSE:BSE-EQ,108.33,110.54,107.97,109.36,3005523,FYERS_HISTORY,2026-08-08T23:05:59+05:30
2017-02-22,SMD-0044,BSE,NSE:BSE-EQ,109.11,109.63,107.92,108.25,1224666,FYERS_HISTORY,2026-08-08T23:05:59+05:30
2017-02-23,SMD-0044,BSE,NSE:BSE-EQ,108.31,108.53,107.22,107.32,1080675,FYERS_HISTORY,2026-08-08T23:05:59+05:30
2017-02-27,SMD-0044,BSE,NSE:BSE-EQ,106.89,107.64,105.82,106.01,1862262,FYERS_HISTORY,2026-08-08T23:05:59+05:30
2017-02-28,SMD-0044,BSE,NSE:BSE-EQ,106.12,107.21,104.67,105.22,1903968,FYERS_HISTORY,2026-08-08T23:05:59+05:30
2017-03-01,SMD-0044,BSE,NSE:BSE-EQ,105.0,106.0,103.56,103.79,2185749,FYERS_HISTORY,2026-08-08T23:05:59+05:30
2017-03-02,SMD-0044,BSE,NSE:BSE-EQ,104.29,104.72,101.67,101.91,2698371,FYERS_HISTORY,2026-08-08T23:05:59+05:30
2017-03-03,SMD-0044,BSE,NSE:BSE-EQ,101.67,101.88,98.5,98.97,7549470,FYERS_HISTORY,2026-08-08T23:05:59+05:30
2017-03-06,SMD-0044,BSE,NSE:BSE-EQ,98.89,106.08,98.89,105.24,11163825,FYERS_HISTORY,2026-08-08T23:05:59+05:30
2017-03-07,SMD-0044,BSE,NSE:BSE-EQ,106.0,107.2,104.01,104.3,4231584,FYERS_HISTORY,2026-08-08T23:05:59+05:30
2017-03-08,SMD-0044,BSE,NSE:BSE-EQ,104.43,104.83,102.33,102.65,1737693,FYERS_HISTORY,2026-08-08T23:05:59+05:30
2017-03-09,SMD-0044,BSE,NSE:BSE-EQ,102.65,106.78,101.93,104.99,6647049,FYERS_HISTORY,2026-08-08T23:05:59+05:30
2017-03-10,SMD-0044,BSE,NSE:BSE-EQ,105.56,106.1,103.62,104.07,1745559,FYERS_HISTORY,2026-08-08T23:05:59+05:30
2017-03-14,SMD-0044,BSE,NSE:BSE-EQ,106.11,106.67,104.44,104.99,2045439,FYERS_HISTORY,2026-08-08T23:05:59+05:30
2017-03-15,SMD-0044,BSE,NSE:BSE-EQ,105.15,106.85,104.46,105.04,2616714,FYERS_HISTORY,2026-08-08T23:05:59+05:30
2017-03-16,SMD-0044,BSE,NSE:BSE-EQ,105.55,105.81,104.78,105.03,1147203,FYERS_HISTORY,2026-08-08T23:05:59+05:30
2017-03-17,SMD-0044,BSE,NSE:BSE-EQ,105.13,106.51,104.6,104.88,2831787,FYERS_HISTORY,2026-08-08T23:05:59+05:30
2017-03-20,SMD-0044,BSE,NSE:BSE-EQ,105.56,105.56,103.89,104.26,1044504,FYERS_HISTORY,2026-08-08T23:05:59+05:30
2017-03-21,SMD-0044,BSE,NSE:BSE-EQ,104.6,105.22,104.0,104.31,1899927,FYERS_HISTORY,2026-08-08T23:05:59+05:30
2017-03-22,SMD-0044,BSE,NSE:BSE-EQ,104.44,104.44,103.44,103.82,1141722,FYERS_HISTORY,2026-08-08T23:05:59+05:30
2017-03-23,SMD-0044,BSE,NSE:BSE-EQ,104.24,104.69,103.64,104.18,1176894,FYERS_HISTORY,2026-08-08T23:05:59+05:30
2017-03-24,SMD-0044,BSE,NSE:BSE-EQ,104.4,105.92,104.0,105.01,2735424,FYERS_HISTORY,2026-08-08T23:05:59+05:30
2017-03-27,SMD-0044,BSE,NSE:BSE-EQ,105.07,105.33,103.79,103.97,1183950,FYERS_HISTORY,2026-08-08T23:05:59+05:30
2017-03-28,SMD-0044,BSE,NSE:BSE-EQ,104.32,104.88,104.02,104.36,830043,FYERS_HISTORY,2026-08-08T23:05:59+05:30
2017-03-29,SMD-0044,BSE,NSE:BSE-EQ,104.41,108.0,104.11,105.71,4493691,FYERS_HISTORY,2026-08-08T23:05:59+05:30
2017-03-30,SMD-0044,BSE,NSE:BSE-EQ,106.45,107.89,106.12,107.41,2619000,FYERS_HISTORY,2026-08-08T23:05:59+05:30
2017-03-31,SMD-0044,BSE,NSE:BSE-EQ,107.53,109.0,107.23,108.63,2490912,FYERS_HISTORY,2026-08-08T23:05:59+05:30
2017-04-03,SMD-0044,BSE,NSE:BSE-EQ,109.33,109.74,108.34,108.61,1166247,FYERS_HISTORY,2026-08-08T23:05:59+05:30
2017-04-05,SMD-0044,BSE,NSE:BSE-EQ,109.53,110.11,108.67,108.82,1393713,FYERS_HISTORY,2026-08-08T23:05:59+05:30
2017-04-06,SMD-0044,BSE,NSE:BSE-EQ,108.89,108.99,107.57,107.87,644769,FYERS_HISTORY,2026-08-08T23:05:59+05:30
2017-04-07,SMD-0044,BSE,NSE:BSE-EQ,107.78,111.6,107.33,110.22,2326770,FYERS_HISTORY,2026-08-08T23:05:59+05:30
2017-04-10,SMD-0044,BSE,NSE:BSE-EQ,110.56,114.99,110.56,114.46,4795848,FYERS_HISTORY,2026-08-08T23:05:59+05:30
2017-04-11,SMD-0044,BSE,NSE:BSE-EQ,115.0,116.78,113.12,115.96,3087342,FYERS_HISTORY,2026-08-08T23:05:59+05:30
2017-04-12,SMD-0044,BSE,NSE:BSE-EQ,116.22,117.2,113.9,116.41,2521710,FYERS_HISTORY,2026-08-08T23:05:59+05:30
2017-04-13,SMD-0044,BSE,NSE:BSE-EQ,115.56,116.67,114.0,114.4,1269603,FYERS_HISTORY,2026-08-08T23:05:59+05:30
2017-04-17,SMD-0044,BSE,NSE:BSE-EQ,113.89,114.33,112.0,112.38,1314342,FYERS_HISTORY,2026-08-08T23:05:59+05:30
2017-04-18,SMD-0044,BSE,NSE:BSE-EQ,113.22,113.22,110.71,110.86,913113,FYERS_HISTORY,2026-08-08T23:05:59+05:30
2017-04-19,SMD-0044,BSE,NSE:BSE-EQ,111.56,112.67,109.78,111.14,1167201,FYERS_HISTORY,2026-08-08T23:05:59+05:30
2017-04-20,SMD-0044,BSE,NSE:BSE-EQ,111.74,113.07,111.12,112.32,800406,FYERS_HISTORY,2026-08-08T23:05:59+05:30
2017-04-21,SMD-0044,BSE,NSE:BSE-EQ,112.36,113.07,111.45,112.27,812799,FYERS_HISTORY,2026-08-08T23:05:59+05:30
2017-04-24,SMD-0044,BSE,NSE:BSE-EQ,112.33,112.78,111.74,112.19,1721961,FYERS_HISTORY,2026-08-08T23:05:59+05:30
2017-04-25,SMD-0044,BSE,NSE:BSE-EQ,112.44,112.7,111.12,111.69,820656,FYERS_HISTORY,2026-08-08T23:05:59+05:30
2017-04-26,SMD-0044,BSE,NSE:BSE-EQ,112.22,113.0,111.5,112.17,1144791,FYERS_HISTORY,2026-08-08T23:05:59+05:30
2017-04-27,SMD-0044,BSE,NSE:BSE-EQ,112.22,112.44,111.72,111.98,523593,FYERS_HISTORY,2026-08-08T23:05:59+05:30
2017-04-28,SMD-0044,BSE,NSE:BSE-EQ,112.33,112.78,110.76,111.61,542340,FYERS_HISTORY,2026-08-08T23:05:59+05:30
2017-05-02,SMD-0044,BSE,NSE:BSE-EQ,111.76,113.56,111.33,111.58,959058,FYERS_HISTORY,2026-08-08T23:05:59+05:30
2017-05-03,SMD-0044,BSE,NSE:BSE-EQ,111.79,112.17,110.89,111.42,770886,FYERS_HISTORY,2026-08-08T23:05:59+05:30
2017-05-04,SMD-0044,BSE,NSE:BSE-EQ,111.56,112.22,110.89,111.24,627615,FYERS_HISTORY,2026-08-08T23:05:59+05:30
2017-05-05,SMD-0044,BSE,NSE:BSE-EQ,111.78,112.25,110.0,110.57,2774322,FYERS_HISTORY,2026-08-08T23:05:59+05:30
2017-05-08,SMD-0044,BSE,NSE:BSE-EQ,111.33,112.66,111.33,111.81,1711656,FYERS_HISTORY,2026-08-08T23:05:59+05:30
2017-05-09,SMD-0044,BSE,NSE:BSE-EQ,112.11,112.11,110.14,110.52,488412,FYERS_HISTORY,2026-08-08T23:05:59+05:30
2017-05-10,SMD-0044,BSE,NSE:BSE-EQ,111.78,112.1,110.56,110.79,479277,FYERS_HISTORY,2026-08-08T23:05:59+05:30
2017-05-11,SMD-0044,BSE,NSE:BSE-EQ,111.44,111.53,110.78,111.11,1620549,FYERS_HISTORY,2026-08-08T23:05:59+05:30
2017-05-12,SMD-0044,BSE,NSE:BSE-EQ,111.17,111.64,108.67,109.09,1077390,FYERS_HISTORY,2026-08-08T23:05:59+05:30
2017-05-15,SMD-0044,BSE,NSE:BSE-EQ,109.47,111.3,109.47,110.89,580860,FYERS_HISTORY,2026-08-08T23:05:59+05:30
2017-05-16,SMD-0044,BSE,NSE:BSE-EQ,111.36,121.04,111.34,117.66,10434114,FYERS_HISTORY,2026-08-08T23:05:59+05:30
2017-05-17,SMD-0044,BSE,NSE:BSE-EQ,117.76,120.5,117.5,119.04,2846592,FYERS_HISTORY,2026-08-08T23:05:59+05:30
2017-05-18,SMD-0044,BSE,NSE:BSE-EQ,117.96,120.89,116.78,120.07,2775258,FYERS_HISTORY,2026-08-08T23:05:59+05:30
2017-05-19,SMD-0044,BSE,NSE:BSE-EQ,120.56,122.21,117.89,119.26,1652634,FYERS_HISTORY,2026-08-08T23:05:59+05:30
2017-05-22,SMD-0044,BSE,NSE:BSE-EQ,119.89,120.33,118.44,118.56,726624,FYERS_HISTORY,2026-08-08T23:05:59+05:30
2017-05-23,SMD-0044,BSE,NSE:BSE-EQ,118.33,119.33,114.57,117.23,1656720,FYERS_HISTORY,2026-08-08T23:05:59+05:30
2017-05-24,SMD-0044,BSE,NSE:BSE-EQ,117.52,118.3,116.19,117.31,2798109,FYERS_HISTORY,2026-08-08T23:05:59+05:30
2017-05-25,SMD-0044,BSE,NSE:BSE-EQ,117.31,117.89,115.22,115.85,1156914,FYERS_HISTORY,2026-08-08T23:05:59+05:30
2017-05-26,SMD-0044,BSE,NSE:BSE-EQ,115.28,117.89,115.28,117.14,1812942,FYERS_HISTORY,2026-08-08T23:05:59+05:30
2017-05-29,SMD-0044,BSE,NSE:BSE-EQ,116.78,120.22,116.67,118.63,1081134,FYERS_HISTORY,2026-08-08T23:05:59+05:30
2017-05-30,SMD-0044,BSE,NSE:BSE-EQ,118.28,119.44,117.11,118.33,538119,FYERS_HISTORY,2026-08-08T23:05:59+05:30
2017-05-31,SMD-0044,BSE,NSE:BSE-EQ,118.33,122.22,118.33,121.49,2820960,FYERS_HISTORY,2026-08-08T23:05:59+05:30
2017-06-01,SMD-0044,BSE,NSE:BSE-EQ,121.69,122.81,120.14,121.12,1038591,FYERS_HISTORY,2026-08-08T23:05:59+05:30
2017-06-02,SMD-0044,BSE,NSE:BSE-EQ,121.11,123.78,120.56,123.02,1898253,FYERS_HISTORY,2026-08-08T23:05:59+05:30
2017-06-05,SMD-0044,BSE,NSE:BSE-EQ,123.28,126.11,123.11,125.73,1719585,FYERS_HISTORY,2026-08-08T23:05:59+05:30
2017-06-06,SMD-0044,BSE,NSE:BSE-EQ,125.56,126.09,122.41,122.71,616122,FYERS_HISTORY,2026-08-08T23:05:59+05:30
2017-06-07,SMD-0044,BSE,NSE:BSE-EQ,123.0,123.89,121.67,122.38,483219,FYERS_HISTORY,2026-08-08T23:05:59+05:30
2017-06-08,SMD-0044,BSE,NSE:BSE-EQ,122.76,123.22,120.71,121.33,517608,FYERS_HISTORY,2026-08-08T23:05:59+05:30
2017-06-09,SMD-0044,BSE,NSE:BSE-EQ,121.33,125.78,120.22,124.3,2628153,FYERS_HISTORY,2026-08-08T23:05:59+05:30
2017-06-12,SMD-0044,BSE,NSE:BSE-EQ,124.22,126.03,122.33,123.38,935631,FYERS_HISTORY,2026-08-08T23:05:59+05:30
2017-06-13,SMD-0044,BSE,NSE:BSE-EQ,123.33,124.99,121.67,122.04,609759,FYERS_HISTORY,2026-08-08T23:05:59+05:30
2017-06-14,SMD-0044,BSE,NSE:BSE-EQ,123.16,123.89,121.17,121.59,531234,FYERS_HISTORY,2026-08-08T23:05:59+05:30
2017-06-15,SMD-0044,BSE,NSE:BSE-EQ,121.23,122.71,120.12,120.35,624132,FYERS_HISTORY,2026-08-08T23:05:59+05:30
2017-06-16,SMD-0044,BSE,NSE:BSE-EQ,120.89,121.28,119.0,119.49,664047,FYERS_HISTORY,2026-08-08T23:05:59+05:30
2017-06-19,SMD-0044,BSE,NSE:BSE-EQ,120.01,124.21,120.01,123.33,1574190,FYERS_HISTORY,2026-08-08T23:05:59+05:30
2017-06-20,SMD-0044,BSE,NSE:BSE-EQ,123.86,124.36,122.11,122.37,618597,FYERS_HISTORY,2026-08-08T23:05:59+05:30
2017-06-21,SMD-0044,BSE,NSE:BSE-EQ,122.81,123.66,122.33,122.68,466425,FYERS_HISTORY,2026-08-08T23:05:59+05:30
2017-06-22,SMD-0044,BSE,NSE:BSE-EQ,123.97,124.22,121.02,121.23,954900,FYERS_HISTORY,2026-08-08T23:05:59+05:30
2017-06-23,SMD-0044,BSE,NSE:BSE-EQ,121.7,121.87,117.89,118.33,682749,FYERS_HISTORY,2026-08-08T23:05:59+05:30
2017-06-27,SMD-0044,BSE,NSE:BSE-EQ,117.78,118.33,116.11,116.48,468990,FYERS_HISTORY,2026-08-08T23:05:59+05:30
2017-06-28,SMD-0044,BSE,NSE:BSE-EQ,116.44,120.06,115.56,119.34,664641,FYERS_HISTORY,2026-08-08T23:05:59+05:30
2017-06-29,SMD-0044,BSE,NSE:BSE-EQ,120.45,122.69,120.06,122.08,925146,FYERS_HISTORY,2026-08-08T23:05:59+05:30
2017-06-30,SMD-0044,BSE,NSE:BSE-EQ,122.67,123.33,119.0,119.28,2547126,FYERS_HISTORY,2026-08-08T23:05:59+05:30
2017-07-03,SMD-0044,BSE,NSE:BSE-EQ,119.43,119.98,118.23,119.22,516546,FYERS_HISTORY,2026-08-08T23:05:59+05:30
2017-07-04,SMD-0044,BSE,NSE:BSE-EQ,119.44,119.82,118.13,118.5,305514,FYERS_HISTORY,2026-08-08T23:05:59+05:30
2017-07-05,SMD-0044,BSE,NSE:BSE-EQ,118.67,118.88,117.17,118.18,513936,FYERS_HISTORY,2026-08-08T23:05:59+05:30
2017-07-06,SMD-0044,BSE,NSE:BSE-EQ,118.18,119.44,117.52,117.84,481806,FYERS_HISTORY,2026-08-08T23:05:59+05:30
2017-07-07,SMD-0044,BSE,NSE:BSE-EQ,117.67,125.33,116.89,118.54,5970249,FYERS_HISTORY,2026-08-08T23:05:59+05:30
2017-07-10,SMD-0044,BSE,NSE:BSE-EQ,129.01,129.01,118.21,120.57,924012,FYERS_HISTORY,2026-08-08T23:05:59+05:30
2017-07-11,SMD-0044,BSE,NSE:BSE-EQ,121.89,124.97,120.9,121.89,3466008,FYERS_HISTORY,2026-08-08T23:05:59+05:30
2017-07-12,SMD-0044,BSE,NSE:BSE-EQ,123.45,124.11,120.74,122.33,2091816,FYERS_HISTORY,2026-08-08T23:05:59+05:30
2017-07-13,SMD-0044,BSE,NSE:BSE-EQ,122.79,125.78,121.68,123.54,6286662,FYERS_HISTORY,2026-08-08T23:05:59+05:30
2017-07-14,SMD-0044,BSE,NSE:BSE-EQ,124.44,130.93,123.12,124.52,11518155,FYERS_HISTORY,2026-08-08T23:05:59+05:30
2017-07-17,SMD-0044,BSE,NSE:BSE-EQ,124.78,125.44,122.22,122.45,1391130,FYERS_HISTORY,2026-08-08T23:05:59+05:30
2017-07-18,SMD-0044,BSE,NSE:BSE-EQ,122.54,122.54,120.22,120.62,927369,FYERS_HISTORY,2026-08-08T23:05:59+05:30
2017-07-19,SMD-0044,BSE,NSE:BSE-EQ,121.37,124.44,120.56,122.06,1780938,FYERS_HISTORY,2026-08-08T23:05:59+05:30
2017-07-20,SMD-0044,BSE,NSE:BSE-EQ,121.24,122.89,120.61,121.02,523512,FYERS_HISTORY,2026-08-08T23:05:59+05:30
2017-07-21,SMD-0044,BSE,NSE:BSE-EQ,121.72,122.1,119.44,120.45,814248,FYERS_HISTORY,2026-08-08T23:05:59+05:30
2017-07-24,SMD-0044,BSE,NSE:BSE-EQ,120.86,121.95,120.26,120.63,442683,FYERS_HISTORY,2026-08-08T23:05:59+05:30
2017-07-25,SMD-0044,BSE,NSE:BSE-EQ,120.93,121.44,120.0,120.49,417186,FYERS_HISTORY,2026-08-08T23:05:59+05:30
2017-07-26,SMD-0044,BSE,NSE:BSE-EQ,120.56,122.56,120.01,121.83,602172,FYERS_HISTORY,2026-08-08T23:05:59+05:30
2017-07-27,SMD-0044,BSE,NSE:BSE-EQ,122.21,122.21,120.22,120.64,603765,FYERS_HISTORY,2026-08-08T23:05:59+05:30
2017-07-28,SMD-0044,BSE,NSE:BSE-EQ,120.25,123.0,119.57,120.44,839133,FYERS_HISTORY,2026-08-08T23:05:59+05:30
2017-07-31,SMD-0044,BSE,NSE:BSE-EQ,120.56,121.56,120.11,120.41,392625,FYERS_HISTORY,2026-08-08T23:05:59+05:30
2017-08-01,SMD-0044,BSE,NSE:BSE-EQ,120.43,121.78,120.01,120.39,331929,FYERS_HISTORY,2026-08-08T23:05:59+05:30
2017-08-02,SMD-0044,BSE,NSE:BSE-EQ,120.44,120.99,117.23,118.58,774288,FYERS_HISTORY,2026-08-08T23:05:59+05:30
2017-08-03,SMD-0044,BSE,NSE:BSE-EQ,118.89,122.22,118.0,118.84,2722455,FYERS_HISTORY,2026-08-08T23:05:59+05:30
2017-08-04,SMD-0044,BSE,NSE:BSE-EQ,119.89,121.0,118.44,119.04,746280,FYERS_HISTORY,2026-08-08T23:05:59+05:30
2017-08-07,SMD-0044,BSE,NSE:BSE-EQ,119.61,121.67,118.56,120.59,1181457,FYERS_HISTORY,2026-08-08T23:05:59+05:30
2017-08-08,SMD-0044,BSE,NSE:BSE-EQ,119.56,120.89,118.33,118.49,425565,FYERS_HISTORY,2026-08-08T23:05:59+05:30
2017-08-09,SMD-0044,BSE,NSE:BSE-EQ,118.44,118.44,116.11,116.58,470277,FYERS_HISTORY,2026-08-08T23:05:59+05:30
2017-08-10,SMD-0044,BSE,NSE:BSE-EQ,116.58,116.58,111.67,112.52,939762,FYERS_HISTORY,2026-08-08T23:05:59+05:30
2017-08-11,SMD-0044,BSE,NSE:BSE-EQ,110.56,112.78,110.11,110.79,1456938,FYERS_HISTORY,2026-08-08T23:05:59+05:30
2017-08-14,SMD-0044,BSE,NSE:BSE-EQ,111.33,113.1,110.64,110.84,600543,FYERS_HISTORY,2026-08-08T23:05:59+05:30
2017-08-16,SMD-0044,BSE,NSE:BSE-EQ,111.56,112.89,111.03,112.49,697545,FYERS_HISTORY,2026-08-08T23:05:59+05:30
2017-08-17,SMD-0044,BSE,NSE:BSE-EQ,112.77,114.22,111.89,112.41,668448,FYERS_HISTORY,2026-08-08T23:05:59+05:30
2017-08-18,SMD-0044,BSE,NSE:BSE-EQ,112.44,112.44,110.03,110.99,615141,FYERS_HISTORY,2026-08-08T23:05:59+05:30
2017-08-21,SMD-0044,BSE,NSE:BSE-EQ,111.67,114.82,111.23,111.88,707040,FYERS_HISTORY,2026-08-08T23:05:59+05:30
2017-08-22,SMD-0044,BSE,NSE:BSE-EQ,112.0,113.09,111.44,111.62,365733,FYERS_HISTORY,2026-08-08T23:05:59+05:30
2017-08-23,SMD-0044,BSE,NSE:BSE-EQ,111.78,112.11,111.22,111.64,404217,FYERS_HISTORY,2026-08-08T23:05:59+05:30
2017-08-24,SMD-0044,BSE,NSE:BSE-EQ,110.11,111.67,110.1,110.9,409437,FYERS_HISTORY,2026-08-08T23:05:59+05:30
2017-08-28,SMD-0044,BSE,NSE:BSE-EQ,111.22,111.54,109.33,109.45,549162,FYERS_HISTORY,2026-08-08T23:05:59+05:30
2017-08-29,SMD-0044,BSE,NSE:BSE-EQ,109.54,110.56,108.76,108.86,401382,FYERS_HISTORY,2026-08-08T23:05:59+05:30
2017-08-30,SMD-0044,BSE,NSE:BSE-EQ,109.57,110.11,108.59,108.89,450216,FYERS_HISTORY,2026-08-08T23:05:59+05:30
2017-08-31,SMD-0044,BSE,NSE:BSE-EQ,109.06,109.42,107.89,108.14,801558,FYERS_HISTORY,2026-08-08T23:05:59+05:30
2017-09-01,SMD-0044,BSE,NSE:BSE-EQ,108.41,109.86,108.0,108.54,635535,FYERS_HISTORY,2026-08-08T23:05:59+05:30
2017-09-04,SMD-0044,BSE,NSE:BSE-EQ,108.67,109.33,107.67,108.22,1246509,FYERS_HISTORY,2026-08-08T23:05:59+05:30
2017-09-05,SMD-0044,BSE,NSE:BSE-EQ,108.77,109.64,108.02,108.32,643734,FYERS_HISTORY,2026-08-08T23:05:59+05:30
2017-09-06,SMD-0044,BSE,NSE:BSE-EQ,107.78,109.31,107.67,107.83,797112,FYERS_HISTORY,2026-08-08T23:05:59+05:30
2017-09-07,SMD-0044,BSE,NSE:BSE-EQ,108.52,111.56,108.33,111.2,1818315,FYERS_HISTORY,2026-08-08T23:05:59+05:30
2017-09-08,SMD-0044,BSE,NSE:BSE-EQ,111.67,112.0,109.48,110.58,713862,FYERS_HISTORY,2026-08-08T23:05:59+05:30
2017-09-11,SMD-0044,BSE,NSE:BSE-EQ,111.56,114.41,111.0,113.63,1354014,FYERS_HISTORY,2026-08-08T23:05:59+05:30
2017-09-12,SMD-0044,BSE,NSE:BSE-EQ,113.77,114.87,112.78,113.74,663570,FYERS_HISTORY,2026-08-08T23:05:59+05:30
2017-09-13,SMD-0044,BSE,NSE:BSE-EQ,113.33,115.0,112.89,113.28,775296,FYERS_HISTORY,2026-08-08T23:05:59+05:30
2017-09-14,SMD-0044,BSE,NSE:BSE-EQ,113.34,114.66,112.22,114.48,620073,FYERS_HISTORY,2026-08-08T23:05:59+05:30
2017-09-15,SMD-0044,BSE,NSE:BSE-EQ,113.89,113.89,112.78,113.19,353583,FYERS_HISTORY,2026-08-08T23:05:59+05:30
2017-09-18,SMD-0044,BSE,NSE:BSE-EQ,113.89,114.44,112.8,113.12,384984,FYERS_HISTORY,2026-08-08T23:05:59+05:30
2017-09-19,SMD-0044,BSE,NSE:BSE-EQ,113.12,114.44,112.45,113.19,350109,FYERS_HISTORY,2026-08-08T23:05:59+05:30
2017-09-20,SMD-0044,BSE,NSE:BSE-EQ,113.19,115.44,112.78,113.06,702927,FYERS_HISTORY,2026-08-08T23:05:59+05:30
2017-09-21,SMD-0044,BSE,NSE:BSE-EQ,113.11,114.31,112.44,112.77,372933,FYERS_HISTORY,2026-08-08T23:05:59+05:30
2017-09-22,SMD-0044,BSE,NSE:BSE-EQ,111.78,112.56,111.0,111.13,411057,FYERS_HISTORY,2026-08-08T23:05:59+05:30
2017-09-25,SMD-0044,BSE,NSE:BSE-EQ,111.11,111.22,107.82,108.77,738504,FYERS_HISTORY,2026-08-08T23:05:59+05:30
2017-09-26,SMD-0044,BSE,NSE:BSE-EQ,109.11,109.8,108.43,108.68,406773,FYERS_HISTORY,2026-08-08T23:05:59+05:30
2017-09-27,SMD-0044,BSE,NSE:BSE-EQ,109.33,109.67,108.19,108.54,275220,FYERS_HISTORY,2026-08-08T23:05:59+05:30
2017-09-28,SMD-0044,BSE,NSE:BSE-EQ,108.89,109.67,108.0,109.26,257517,FYERS_HISTORY,2026-08-08T23:05:59+05:30
2017-09-29,SMD-0044,BSE,NSE:BSE-EQ,109.44,109.56,108.11,108.48,391437,FYERS_HISTORY,2026-08-08T23:05:59+05:30
2017-10-03,SMD-0044,BSE,NSE:BSE-EQ,109.16,109.89,108.89,109.57,224559,FYERS_HISTORY,2026-08-08T23:05:59+05:30
2017-10-04,SMD-0044,BSE,NSE:BSE-EQ,109.78,110.33,108.89,109.39,227007,FYERS_HISTORY,2026-08-08T23:05:59+05:30
2017-10-05,SMD-0044,BSE,NSE:BSE-EQ,109.4,110.0,108.62,109.48,308736,FYERS_HISTORY,2026-08-08T23:05:59+05:30
2017-10-06,SMD-0044,BSE,NSE:BSE-EQ,110.0,110.0,107.89,108.68,450153,FYERS_HISTORY,2026-08-08T23:05:59+05:30
2017-10-09,SMD-0044,BSE,NSE:BSE-EQ,108.88,109.71,108.88,109.38,230427,FYERS_HISTORY,2026-08-08T23:05:59+05:30
2017-10-10,SMD-0044,BSE,NSE:BSE-EQ,109.89,111.98,109.0,110.58,759753,FYERS_HISTORY,2026-08-08T23:05:59+05:30
2017-10-11,SMD-0044,BSE,NSE:BSE-EQ,111.11,111.44,108.77,109.53,439452,FYERS_HISTORY,2026-08-08T23:05:59+05:30
2017-10-12,SMD-0044,BSE,NSE:BSE-EQ,109.53,109.99,108.67,108.95,390159,FYERS_HISTORY,2026-08-08T23:05:59+05:30
2017-10-13,SMD-0044,BSE,NSE:BSE-EQ,109.11,109.66,108.44,108.6,409545,FYERS_HISTORY,2026-08-08T23:05:59+05:30
2017-10-16,SMD-0044,BSE,NSE:BSE-EQ,108.89,109.44,107.95,108.27,369054,FYERS_HISTORY,2026-08-08T23:05:59+05:30
2017-10-17,SMD-0044,BSE,NSE:BSE-EQ,108.33,108.82,107.67,108.07,3279051,FYERS_HISTORY,2026-08-08T23:05:59+05:30
2017-10-18,SMD-0044,BSE,NSE:BSE-EQ,108.07,108.39,107.11,107.23,616815,FYERS_HISTORY,2026-08-08T23:05:59+05:30
2017-10-19,SMD-0044,BSE,NSE:BSE-EQ,108.23,108.33,107.78,108.07,114300,FYERS_HISTORY,2026-08-08T23:05:59+05:30
2017-10-23,SMD-0044,BSE,NSE:BSE-EQ,108.33,108.33,107.5,107.66,236205,FYERS_HISTORY,2026-08-08T23:05:59+05:30
2017-10-24,SMD-0044,BSE,NSE:BSE-EQ,107.78,108.46,107.7,107.99,404856,FYERS_HISTORY,2026-08-08T23:05:59+05:30
2017-10-25,SMD-0044,BSE,NSE:BSE-EQ,108.33,109.44,108.11,108.51,478647,FYERS_HISTORY,2026-08-08T23:05:59+05:30
2017-10-26,SMD-0044,BSE,NSE:BSE-EQ,108.66,110.19,108.5,109.9,573192,FYERS_HISTORY,2026-08-08T23:05:59+05:30
2017-10-27,SMD-0044,BSE,NSE:BSE-EQ,110.11,110.89,109.48,109.99,423882,FYERS_HISTORY,2026-08-08T23:05:59+05:30
2017-10-30,SMD-0044,BSE,NSE:BSE-EQ,110.0,110.43,109.32,109.48,370251,FYERS_HISTORY,2026-08-08T23:05:59+05:30
2017-10-31,SMD-0044,BSE,NSE:BSE-EQ,109.67,111.0,109.18,110.05,443646,FYERS_HISTORY,2026-08-08T23:05:59+05:30
2017-11-01,SMD-0044,BSE,NSE:BSE-EQ,110.11,110.87,109.48,109.69,545247,FYERS_HISTORY,2026-08-08T23:05:59+05:30
2017-11-02,SMD-0044,BSE,NSE:BSE-EQ,109.67,110.22,109.0,109.38,396162,FYERS_HISTORY,2026-08-08T23:05:59+05:30
2017-11-03,SMD-0044,BSE,NSE:BSE-EQ,109.44,110.11,109.14,109.39,453699,FYERS_HISTORY,2026-08-08T23:05:59+05:30
2017-11-06,SMD-0044,BSE,NSE:BSE-EQ,110.89,111.11,108.91,109.91,545094,FYERS_HISTORY,2026-08-08T23:05:59+05:30
2017-11-07,SMD-0044,BSE,NSE:BSE-EQ,109.99,110.33,109.11,109.69,577782,FYERS_HISTORY,2026-08-08T23:05:59+05:30
2017-11-08,SMD-0044,BSE,NSE:BSE-EQ,109.78,110.56,108.68,108.83,509805,FYERS_HISTORY,2026-08-08T23:05:59+05:30
2017-11-09,SMD-0044,BSE,NSE:BSE-EQ,108.89,109.32,108.04,108.57,391194,FYERS_HISTORY,2026-08-08T23:05:59+05:30
2017-11-10,SMD-0044,BSE,NSE:BSE-EQ,107.94,108.56,107.93,108.12,280521,FYERS_HISTORY,2026-08-08T23:05:59+05:30
2017-11-13,SMD-0044,BSE,NSE:BSE-EQ,108.22,109.33,107.56,108.67,313254,FYERS_HISTORY,2026-08-08T23:05:59+05:30
2017-11-14,SMD-0044,BSE,NSE:BSE-EQ,108.7,109.68,107.78,108.06,318033,FYERS_HISTORY,2026-08-08T23:05:59+05:30
2017-11-15,SMD-0044,BSE,NSE:BSE-EQ,108.0,108.0,107.25,107.47,357345,FYERS_HISTORY,2026-08-08T23:05:59+05:30
2017-11-16,SMD-0044,BSE,NSE:BSE-EQ,107.78,108.54,107.38,107.52,304533,FYERS_HISTORY,2026-08-08T23:05:59+05:30
2017-11-17,SMD-0044,BSE,NSE:BSE-EQ,108.22,108.33,106.78,106.92,538839,FYERS_HISTORY,2026-08-08T23:05:59+05:30
2017-11-20,SMD-0044,BSE,NSE:BSE-EQ,107.55,107.55,106.72,106.85,370575,FYERS_HISTORY,2026-08-08T23:05:59+05:30
2017-11-21,SMD-0044,BSE,NSE:BSE-EQ,107.32,107.32,105.44,105.67,666540,FYERS_HISTORY,2026-08-08T23:05:59+05:30
2017-11-22,SMD-0044,BSE,NSE:BSE-EQ,105.67,106.67,105.29,105.47,509967,FYERS_HISTORY,2026-08-08T23:05:59+05:30
2017-11-23,SMD-0044,BSE,NSE:BSE-EQ,106.19,106.19,105.32,105.44,438642,FYERS_HISTORY,2026-08-08T23:05:59+05:30
2017-11-24,SMD-0044,BSE,NSE:BSE-EQ,105.56,106.11,104.56,104.82,679545,FYERS_HISTORY,2026-08-08T23:05:59+05:30
2017-11-27,SMD-0044,BSE,NSE:BSE-EQ,105.11,105.54,104.33,104.48,485406,FYERS_HISTORY,2026-08-08T23:05:59+05:30
2017-11-28,SMD-0044,BSE,NSE:BSE-EQ,104.45,105.11,104.11,104.2,588510,FYERS_HISTORY,2026-08-08T23:05:59+05:30
2017-11-29,SMD-0044,BSE,NSE:BSE-EQ,104.5,104.97,103.33,103.43,669915,FYERS_HISTORY,2026-08-08T23:05:59+05:30
2017-11-30,SMD-0044,BSE,NSE:BSE-EQ,103.33,103.93,102.91,103.12,701613,FYERS_HISTORY,2026-08-08T23:05:59+05:30
2017-12-01,SMD-0044,BSE,NSE:BSE-EQ,103.67,103.88,103.12,103.32,462582,FYERS_HISTORY,2026-08-08T23:05:59+05:30
2017-12-04,SMD-0044,BSE,NSE:BSE-EQ,103.44,104.0,103.0,103.33,367929,FYERS_HISTORY,2026-08-08T23:05:59+05:30
2017-12-05,SMD-0044,BSE,NSE:BSE-EQ,103.66,103.78,101.78,102.44,627021,FYERS_HISTORY,2026-08-08T23:05:59+05:30
2017-12-06,SMD-0044,BSE,NSE:BSE-EQ,102.22,102.33,101.33,101.54,294219,FYERS_HISTORY,2026-08-08T23:05:59+05:30
2017-12-07,SMD-0044,BSE,NSE:BSE-EQ,101.98,103.33,101.69,102.47,527868,FYERS_HISTORY,2026-08-08T23:05:59+05:30
2017-12-08,SMD-0044,BSE,NSE:BSE-EQ,103.0,103.0,101.73,101.84,544995,FYERS_HISTORY,2026-08-08T23:05:59+05:30
2017-12-11,SMD-0044,BSE,NSE:BSE-EQ,102.5,102.5,100.44,100.6,1034226,FYERS_HISTORY,2026-08-08T23:05:59+05:30
2017-12-12,SMD-0044,BSE,NSE:BSE-EQ,101.11,101.81,100.38,100.6,505683,FYERS_HISTORY,2026-08-08T23:05:59+05:30
2017-12-13,SMD-0044,BSE,NSE:BSE-EQ,100.22,101.33,100.22,100.41,315171,FYERS_HISTORY,2026-08-08T23:05:59+05:30
2017-12-14,SMD-0044,BSE,NSE:BSE-EQ,101.01,101.01,99.79,99.96,530694,FYERS_HISTORY,2026-08-08T23:05:59+05:30
2017-12-15,SMD-0044,BSE,NSE:BSE-EQ,100.01,100.2,99.89,99.97,836883,FYERS_HISTORY,2026-08-08T23:05:59+05:30
2017-12-18,SMD-0044,BSE,NSE:BSE-EQ,100.12,100.26,98.45,99.91,571941,FYERS_HISTORY,2026-08-08T23:05:59+05:30
2017-12-19,SMD-0044,BSE,NSE:BSE-EQ,100.22,100.31,99.28,99.36,627201,FYERS_HISTORY,2026-08-08T23:05:59+05:30
2017-12-20,SMD-0044,BSE,NSE:BSE-EQ,99.44,99.44,98.67,98.97,745263,FYERS_HISTORY,2026-08-08T23:05:59+05:30
2017-12-21,SMD-0044,BSE,NSE:BSE-EQ,99.0,101.72,98.97,100.39,1509750,FYERS_HISTORY,2026-08-08T23:05:59+05:30
2017-12-22,SMD-0044,BSE,NSE:BSE-EQ,101.11,101.44,100.33,100.47,1393668,FYERS_HISTORY,2026-08-08T23:05:59+05:30
2017-12-26,SMD-0044,BSE,NSE:BSE-EQ,100.67,101.26,100.13,100.83,924426,FYERS_HISTORY,2026-08-08T23:05:59+05:30
2017-12-27,SMD-0044,BSE,NSE:BSE-EQ,101.05,101.98,100.18,101.22,1269576,FYERS_HISTORY,2026-08-08T23:06:00+05:30
2017-12-28,SMD-0044,BSE,NSE:BSE-EQ,101.48,105.44,100.22,102.78,3618684,FYERS_HISTORY,2026-08-08T23:06:00+05:30
2017-12-29,SMD-0044,BSE,NSE:BSE-EQ,105.89,106.83,99.14,101.05,18574353,FYERS_HISTORY,2026-08-08T23:06:00+05:30
2018-01-01,SMD-0044,BSE,NSE:BSE-EQ,101.89,103.88,101.79,103.44,2307195,FYERS_HISTORY,2026-08-08T23:06:00+05:30
2018-01-02,SMD-0044,BSE,NSE:BSE-EQ,104.31,104.99,103.22,104.44,3176127,FYERS_HISTORY,2026-08-08T23:06:00+05:30
2018-01-03,SMD-0044,BSE,NSE:BSE-EQ,105.11,105.33,103.29,104.04,3899124,FYERS_HISTORY,2026-08-08T23:06:00+05:30
2018-01-04,SMD-0044,BSE,NSE:BSE-EQ,104.0,104.01,103.31,103.4,3567015,FYERS_HISTORY,2026-08-08T23:06:00+05:30
2018-01-05,SMD-0044,BSE,NSE:BSE-EQ,103.88,106.09,102.24,105.11,10548018,FYERS_HISTORY,2026-08-08T23:06:00+05:30
2018-01-08,SMD-0044,BSE,NSE:BSE-EQ,107.08,107.08,105.39,106.02,4403295,FYERS_HISTORY,2026-08-08T23:06:00+05:30
2018-01-09,SMD-0044,BSE,NSE:BSE-EQ,106.02,106.22,104.67,105.06,2736018,FYERS_HISTORY,2026-08-08T23:06:00+05:30
2018-01-10,SMD-0044,BSE,NSE:BSE-EQ,104.78,105.77,104.31,104.73,2054808,FYERS_HISTORY,2026-08-08T23:06:00+05:30
2018-01-11,SMD-0044,BSE,NSE:BSE-EQ,105.22,105.22,104.22,104.5,2209131,FYERS_HISTORY,2026-08-08T23:06:00+05:30
2018-01-12,SMD-0044,BSE,NSE:BSE-EQ,104.67,107.97,104.11,106.88,8267949,FYERS_HISTORY,2026-08-08T23:06:00+05:30
2018-01-15,SMD-0044,BSE,NSE:BSE-EQ,107.93,109.43,107.22,109.02,7416387,FYERS_HISTORY,2026-08-08T23:06:00+05:30
2018-01-16,SMD-0044,BSE,NSE:BSE-EQ,104.44,106.42,103.44,104.41,12564837,FYERS_HISTORY,2026-08-08T23:06:00+05:30
2018-01-17,SMD-0044,BSE,NSE:BSE-EQ,105.09,105.35,103.42,103.87,2662290,FYERS_HISTORY,2026-08-08T23:06:00+05:30
2018-01-18,SMD-0044,BSE,NSE:BSE-EQ,104.99,104.99,102.24,102.39,1834515,FYERS_HISTORY,2026-08-08T23:06:00+05:30
2018-01-19,SMD-0044,BSE,NSE:BSE-EQ,102.41,103.18,100.78,101.07,2205963,FYERS_HISTORY,2026-08-08T23:06:00+05:30
2018-01-22,SMD-0044,BSE,NSE:BSE-EQ,101.44,102.22,101.22,101.71,1023318,FYERS_HISTORY,2026-08-08T23:06:00+05:30
2018-01-23,SMD-0044,BSE,NSE:BSE-EQ,102.11,102.67,101.22,101.69,1394343,FYERS_HISTORY,2026-08-08T23:06:00+05:30
2018-01-24,SMD-0044,BSE,NSE:BSE-EQ,101.78,102.11,100.89,101.24,1033551,FYERS_HISTORY,2026-08-08T23:06:00+05:30
2018-01-25,SMD-0044,BSE,NSE:BSE-EQ,102.0,102.0,101.11,101.52,845163,FYERS_HISTORY,2026-08-08T23:06:00+05:30
2018-01-29,SMD-0044,BSE,NSE:BSE-EQ,101.61,102.0,99.89,100.34,1935972,FYERS_HISTORY,2026-08-08T23:06:00+05:30
2018-01-30,SMD-0044,BSE,NSE:BSE-EQ,99.99,100.33,98.84,99.8,1234818,FYERS_HISTORY,2026-08-08T23:06:00+05:30
2018-01-31,SMD-0044,BSE,NSE:BSE-EQ,99.56,100.29,98.5,99.17,1249155,FYERS_HISTORY,2026-08-08T23:06:00+05:30
2018-02-01,SMD-0044,BSE,NSE:BSE-EQ,99.44,99.44,94.56,96.76,5598576,FYERS_HISTORY,2026-08-08T23:06:00+05:30
2018-02-02,SMD-0044,BSE,NSE:BSE-EQ,96.67,96.67,93.56,94.37,4260942,FYERS_HISTORY,2026-08-08T23:06:00+05:30
2018-02-05,SMD-0044,BSE,NSE:BSE-EQ,92.78,92.78,91.33,91.78,2473668,FYERS_HISTORY,2026-08-08T23:06:00+05:30
2018-02-06,SMD-0044,BSE,NSE:BSE-EQ,90.0,92.22,88.67,91.59,3476268,FYERS_HISTORY,2026-08-08T23:06:00+05:30
2018-02-07,SMD-0044,BSE,NSE:BSE-EQ,94.44,94.44,92.01,94.01,2574108,FYERS_HISTORY,2026-08-08T23:06:00+05:30
2018-02-08,SMD-0044,BSE,NSE:BSE-EQ,94.0,94.33,92.33,92.58,2515401,FYERS_HISTORY,2026-08-08T23:06:00+05:30
2018-02-09,SMD-0044,BSE,NSE:BSE-EQ,92.44,92.44,91.22,91.65,1192959,FYERS_HISTORY,2026-08-08T23:06:00+05:30
2018-02-12,SMD-0044,BSE,NSE:BSE-EQ,92.22,93.44,92.09,92.43,1083780,FYERS_HISTORY,2026-08-08T23:06:00+05:30
2018-02-14,SMD-0044,BSE,NSE:BSE-EQ,92.47,92.57,91.12,91.48,1104282,FYERS_HISTORY,2026-08-08T23:06:00+05:30
2018-02-15,SMD-0044,BSE,NSE:BSE-EQ,92.67,92.67,89.89,90.38,1827765,FYERS_HISTORY,2026-08-08T23:06:00+05:30
2018-02-16,SMD-0044,BSE,NSE:BSE-EQ,92.0,92.0,89.89,90.19,1044108,FYERS_HISTORY,2026-08-08T23:06:00+05:30
2018-02-19,SMD-0044,BSE,NSE:BSE-EQ,91.0,91.11,89.44,89.71,1024722,FYERS_HISTORY,2026-08-08T23:06:00+05:30
2018-02-20,SMD-0044,BSE,NSE:BSE-EQ,90.51,90.51,89.67,89.74,1001259,FYERS_HISTORY,2026-08-08T23:06:00+05:30
2018-02-21,SMD-0044,BSE,NSE:BSE-EQ,91.16,91.56,89.46,89.59,1352934,FYERS_HISTORY,2026-08-08T23:06:00+05:30
2018-02-22,SMD-0044,BSE,NSE:BSE-EQ,89.89,89.89,88.79,88.99,1326888,FYERS_HISTORY,2026-08-08T23:06:00+05:30
2018-02-23,SMD-0044,BSE,NSE:BSE-EQ,89.89,89.89,88.71,88.98,1224765,FYERS_HISTORY,2026-08-08T23:06:00+05:30
2018-02-26,SMD-0044,BSE,NSE:BSE-EQ,88.89,89.93,88.89,89.58,1413063,FYERS_HISTORY,2026-08-08T23:06:00+05:30
2018-02-27,SMD-0044,BSE,NSE:BSE-EQ,89.98,89.98,88.89,89.21,950229,FYERS_HISTORY,2026-08-08T23:06:00+05:30
2018-02-28,SMD-0044,BSE,NSE:BSE-EQ,89.44,89.56,88.28,88.74,1411749,FYERS_HISTORY,2026-08-08T23:06:00+05:30
2018-03-01,SMD-0044,BSE,NSE:BSE-EQ,89.44,89.78,88.58,88.96,3142035,FYERS_HISTORY,2026-08-08T23:06:00+05:30
2018-03-05,SMD-0044,BSE,NSE:BSE-EQ,88.96,89.67,88.34,88.93,13735017,FYERS_HISTORY,2026-08-08T23:06:00+05:30
2018-03-06,SMD-0044,BSE,NSE:BSE-EQ,89.89,89.89,88.08,88.34,1309428,FYERS_HISTORY,2026-08-08T23:06:00+05:30
2018-03-07,SMD-0044,BSE,NSE:BSE-EQ,88.64,88.64,86.17,86.47,2641851,FYERS_HISTORY,2026-08-08T23:06:00+05:30
2018-03-08,SMD-0044,BSE,NSE:BSE-EQ,87.2,87.2,85.0,85.22,1522026,FYERS_HISTORY,2026-08-08T23:06:00+05:30
2018-03-09,SMD-0044,BSE,NSE:BSE-EQ,85.64,87.11,84.67,86.0,1385784,FYERS_HISTORY,2026-08-08T23:06:00+05:30
2018-03-12,SMD-0044,BSE,NSE:BSE-EQ,87.21,88.33,86.68,87.61,1361484,FYERS_HISTORY,2026-08-08T23:06:00+05:30
2018-03-13,SMD-0044,BSE,NSE:BSE-EQ,88.08,88.78,86.9,88.42,1074339,FYERS_HISTORY,2026-08-08T23:06:00+05:30
2018-03-14,SMD-0044,BSE,NSE:BSE-EQ,88.64,88.89,88.28,88.56,1851210,FYERS_HISTORY,2026-08-08T23:06:00+05:30
2018-03-15,SMD-0044,BSE,NSE:BSE-EQ,89.22,89.33,86.37,86.81,2069316,FYERS_HISTORY,2026-08-08T23:06:00+05:30
2018-03-16,SMD-0044,BSE,NSE:BSE-EQ,87.5,88.0,86.22,86.59,869679,FYERS_HISTORY,2026-08-08T23:06:00+05:30
2018-03-19,SMD-0044,BSE,NSE:BSE-EQ,87.17,87.17,85.32,85.49,845775,FYERS_HISTORY,2026-08-08T23:06:00+05:30
2018-03-20,SMD-0044,BSE,NSE:BSE-EQ,85.99,85.99,84.83,85.05,1113084,FYERS_HISTORY,2026-08-08T23:06:00+05:30
2018-03-21,SMD-0044,BSE,NSE:BSE-EQ,85.13,86.67,84.83,85.04,1329210,FYERS_HISTORY,2026-08-08T23:06:00+05:30
2018-03-22,SMD-0044,BSE,NSE:BSE-EQ,85.78,85.78,81.07,81.78,2659347,FYERS_HISTORY,2026-08-08T23:06:00+05:30
2018-03-23,SMD-0044,BSE,NSE:BSE-EQ,82.0,82.11,80.67,81.98,2122425,FYERS_HISTORY,2026-08-08T23:06:00+05:30
2018-03-26,SMD-0044,BSE,NSE:BSE-EQ,82.32,83.22,81.0,81.39,1784088,FYERS_HISTORY,2026-08-08T23:06:00+05:30
2018-03-27,SMD-0044,BSE,NSE:BSE-EQ,82.22,82.89,81.78,82.67,1069803,FYERS_HISTORY,2026-08-08T23:06:00+05:30
2018-03-28,SMD-0044,BSE,NSE:BSE-EQ,82.99,84.83,82.26,84.02,1310571,FYERS_HISTORY,2026-08-08T23:06:00+05:30
2018-04-02,SMD-0044,BSE,NSE:BSE-EQ,86.0,87.28,84.89,85.81,1178154,FYERS_HISTORY,2026-08-08T23:06:00+05:30
2018-04-03,SMD-0044,BSE,NSE:BSE-EQ,86.27,87.89,85.75,87.53,805077,FYERS_HISTORY,2026-08-08T23:06:00+05:30
2018-04-04,SMD-0044,BSE,NSE:BSE-EQ,89.66,90.44,88.11,88.97,2052999,FYERS_HISTORY,2026-08-08T23:06:00+05:30
2018-04-05,SMD-0044,BSE,NSE:BSE-EQ,90.56,90.56,89.46,89.88,1023624,FYERS_HISTORY,2026-08-08T23:06:00+05:30
2018-04-06,SMD-0044,BSE,NSE:BSE-EQ,90.18,90.44,89.79,90.03,627165,FYERS_HISTORY,2026-08-08T23:06:00+05:30
2018-04-09,SMD-0044,BSE,NSE:BSE-EQ,90.56,91.07,90.03,90.82,1255410,FYERS_HISTORY,2026-08-08T23:06:00+05:30
2018-04-10,SMD-0044,BSE,NSE:BSE-EQ,91.0,91.93,90.59,91.15,1592559,FYERS_HISTORY,2026-08-08T23:06:00+05:30
2018-04-11,SMD-0044,BSE,NSE:BSE-EQ,91.22,91.22,89.94,90.5,1412352,FYERS_HISTORY,2026-08-08T23:06:00+05:30
2018-04-12,SMD-0044,BSE,NSE:BSE-EQ,91.1,91.78,89.59,91.64,1144683,FYERS_HISTORY,2026-08-08T23:06:00+05:30
2018-04-13,SMD-0044,BSE,NSE:BSE-EQ,91.67,93.16,91.44,93.06,2521044,FYERS_HISTORY,2026-08-08T23:06:00+05:30
2018-04-16,SMD-0044,BSE,NSE:BSE-EQ,93.0,93.16,91.23,92.01,1660014,FYERS_HISTORY,2026-08-08T23:06:00+05:30
2018-04-17,SMD-0044,BSE,NSE:BSE-EQ,92.22,92.44,91.72,91.97,1005201,FYERS_HISTORY,2026-08-08T23:06:00+05:30
2018-04-18,SMD-0044,BSE,NSE:BSE-EQ,92.22,92.22,91.23,91.67,734355,FYERS_HISTORY,2026-08-08T23:06:00+05:30
2018-04-19,SMD-0044,BSE,NSE:BSE-EQ,92.22,92.22,89.89,90.4,518589,FYERS_HISTORY,2026-08-08T23:06:00+05:30
2018-04-20,SMD-0044,BSE,NSE:BSE-EQ,91.67,91.67,90.48,90.94,712548,FYERS_HISTORY,2026-08-08T23:06:00+05:30
2018-04-23,SMD-0044,BSE,NSE:BSE-EQ,91.53,91.53,89.77,90.34,538002,FYERS_HISTORY,2026-08-08T23:06:00+05:30
2018-04-24,SMD-0044,BSE,NSE:BSE-EQ,90.84,91.33,89.46,89.74,827037,FYERS_HISTORY,2026-08-08T23:06:00+05:30
2018-04-25,SMD-0044,BSE,NSE:BSE-EQ,90.72,90.89,90.08,90.2,618228,FYERS_HISTORY,2026-08-08T23:06:00+05:30
2018-04-26,SMD-0044,BSE,NSE:BSE-EQ,90.66,90.88,89.67,89.92,511812,FYERS_HISTORY,2026-08-08T23:06:00+05:30
2018-04-27,SMD-0044,BSE,NSE:BSE-EQ,90.22,90.8,89.78,90.23,671004,FYERS_HISTORY,2026-08-08T23:06:00+05:30
2018-04-30,SMD-0044,BSE,NSE:BSE-EQ,91.11,91.94,90.11,91.56,838917,FYERS_HISTORY,2026-08-08T23:06:00+05:30
2018-05-02,SMD-0044,BSE,NSE:BSE-EQ,92.33,92.33,89.78,90.53,628929,FYERS_HISTORY,2026-08-08T23:06:00+05:30
2018-05-03,SMD-0044,BSE,NSE:BSE-EQ,91.39,91.39,90.06,90.82,712314,FYERS_HISTORY,2026-08-08T23:06:00+05:30
2018-05-04,SMD-0044,BSE,NSE:BSE-EQ,91.11,91.19,89.56,90.92,1580031,FYERS_HISTORY,2026-08-08T23:06:00+05:30
2018-05-07,SMD-0044,BSE,NSE:BSE-EQ,91.67,92.67,90.82,91.01,1006308,FYERS_HISTORY,2026-08-08T23:06:00+05:30
2018-05-08,SMD-0044,BSE,NSE:BSE-EQ,91.97,91.97,91.03,91.46,1728099,FYERS_HISTORY,2026-08-08T23:06:00+05:30
2018-05-09,SMD-0044,BSE,NSE:BSE-EQ,91.82,91.82,91.12,91.37,1828440,FYERS_HISTORY,2026-08-08T23:06:00+05:30
2018-05-10,SMD-0044,BSE,NSE:BSE-EQ,91.67,91.67,90.89,91.03,842562,FYERS_HISTORY,2026-08-08T23:06:00+05:30
2018-05-11,SMD-0044,BSE,NSE:BSE-EQ,91.43,91.43,90.32,90.84,752598,FYERS_HISTORY,2026-08-08T23:06:00+05:30
2018-05-14,SMD-0044,BSE,NSE:BSE-EQ,91.79,91.85,90.37,90.76,1402929,FYERS_HISTORY,2026-08-08T23:06:00+05:30
2018-05-15,SMD-0044,BSE,NSE:BSE-EQ,91.11,91.11,90.22,90.62,1964439,FYERS_HISTORY,2026-08-08T23:06:00+05:30
2018-05-16,SMD-0044,BSE,NSE:BSE-EQ,90.82,90.88,90.33,90.57,1184463,FYERS_HISTORY,2026-08-08T23:06:00+05:30
2018-05-17,SMD-0044,BSE,NSE:BSE-EQ,91.11,91.11,90.17,90.53,883863,FYERS_HISTORY,2026-08-08T23:06:00+05:30
2018-05-18,SMD-0044,BSE,NSE:BSE-EQ,90.89,90.89,90.44,90.53,869652,FYERS_HISTORY,2026-08-08T23:06:00+05:30
2018-05-21,SMD-0044,BSE,NSE:BSE-EQ,91.0,91.0,89.34,89.6,733617,FYERS_HISTORY,2026-08-08T23:06:00+05:30
2018-05-22,SMD-0044,BSE,NSE:BSE-EQ,89.99,90.0,89.34,89.56,818757,FYERS_HISTORY,2026-08-08T23:06:00+05:30
2018-05-23,SMD-0044,BSE,NSE:BSE-EQ,89.65,90.0,89.48,89.59,740115,FYERS_HISTORY,2026-08-08T23:06:00+05:30
2018-05-24,SMD-0044,BSE,NSE:BSE-EQ,89.98,90.53,88.69,89.73,1230984,FYERS_HISTORY,2026-08-08T23:06:00+05:30
2018-05-25,SMD-0044,BSE,NSE:BSE-EQ,90.53,93.11,89.11,91.85,2479806,FYERS_HISTORY,2026-08-08T23:06:00+05:30
2018-05-28,SMD-0044,BSE,NSE:BSE-EQ,92.58,93.33,91.68,92.64,1188639,FYERS_HISTORY,2026-08-08T23:06:00+05:30
2018-05-29,SMD-0044,BSE,NSE:BSE-EQ,92.64,92.64,91.78,92.1,802125,FYERS_HISTORY,2026-08-08T23:06:00+05:30
2018-05-30,SMD-0044,BSE,NSE:BSE-EQ,91.88,93.33,91.67,92.24,2821140,FYERS_HISTORY,2026-08-08T23:06:00+05:30
2018-05-31,SMD-0044,BSE,NSE:BSE-EQ,93.11,93.33,91.89,92.13,1104741,FYERS_HISTORY,2026-08-08T23:06:00+05:30
2018-06-01,SMD-0044,BSE,NSE:BSE-EQ,92.11,93.11,92.01,92.76,1749546,FYERS_HISTORY,2026-08-08T23:06:00+05:30
2018-06-04,SMD-0044,BSE,NSE:BSE-EQ,93.67,93.88,92.02,92.32,1217943,FYERS_HISTORY,2026-08-08T23:06:00+05:30
2018-06-05,SMD-0044,BSE,NSE:BSE-EQ,93.14,93.14,91.89,92.23,1547883,FYERS_HISTORY,2026-08-08T23:06:00+05:30
2018-06-06,SMD-0044,BSE,NSE:BSE-EQ,92.61,92.62,91.56,91.99,1125990,FYERS_HISTORY,2026-08-08T23:06:00+05:30
2018-06-07,SMD-0044,BSE,NSE:BSE-EQ,92.72,92.72,92.0,92.13,1185651,FYERS_HISTORY,2026-08-08T23:06:00+05:30
2018-06-08,SMD-0044,BSE,NSE:BSE-EQ,92.39,93.19,92.03,92.47,1259037,FYERS_HISTORY,2026-08-08T23:06:00+05:30
2018-06-11,SMD-0044,BSE,NSE:BSE-EQ,93.19,93.22,92.37,92.68,1556424,FYERS_HISTORY,2026-08-08T23:06:00+05:30
2018-06-12,SMD-0044,BSE,NSE:BSE-EQ,93.75,97.0,93.17,95.0,3223251,FYERS_HISTORY,2026-08-08T23:06:00+05:30
2018-06-13,SMD-0044,BSE,NSE:BSE-EQ,95.93,96.34,94.0,94.4,1073052,FYERS_HISTORY,2026-08-08T23:06:00+05:30
2018-06-14,SMD-0044,BSE,NSE:BSE-EQ,95.22,97.08,94.79,95.39,2631852,FYERS_HISTORY,2026-08-08T23:06:00+05:30
2018-06-15,SMD-0044,BSE,NSE:BSE-EQ,96.33,96.44,95.16,95.49,1337634,FYERS_HISTORY,2026-08-08T23:06:00+05:30
2018-06-18,SMD-0044,BSE,NSE:BSE-EQ,96.32,96.32,95.41,95.88,1317321,FYERS_HISTORY,2026-08-08T23:06:00+05:30
2018-06-19,SMD-0044,BSE,NSE:BSE-EQ,96.3,96.3,95.18,95.46,1500228,FYERS_HISTORY,2026-08-08T23:06:00+05:30
2018-06-20,SMD-0044,BSE,NSE:BSE-EQ,96.0,96.0,95.22,95.44,1555389,FYERS_HISTORY,2026-08-08T23:06:00+05:30
2018-06-21,SMD-0044,BSE,NSE:BSE-EQ,95.83,95.88,94.74,94.99,1076094,FYERS_HISTORY,2026-08-08T23:06:00+05:30
2018-06-22,SMD-0044,BSE,NSE:BSE-EQ,95.54,95.54,93.33,94.43,933930,FYERS_HISTORY,2026-08-08T23:06:00+05:30
2018-06-25,SMD-0044,BSE,NSE:BSE-EQ,95.29,95.29,93.82,94.32,524466,FYERS_HISTORY,2026-08-08T23:06:00+05:30
2018-06-26,SMD-0044,BSE,NSE:BSE-EQ,94.49,94.89,93.56,93.71,837063,FYERS_HISTORY,2026-08-08T23:06:00+05:30
2018-06-27,SMD-0044,BSE,NSE:BSE-EQ,94.11,94.43,92.22,94.12,1169847,FYERS_HISTORY,2026-08-08T23:06:00+05:30
2018-06-28,SMD-0044,BSE,NSE:BSE-EQ,94.11,94.11,91.8,93.02,1495512,FYERS_HISTORY,2026-08-08T23:06:00+05:30
2018-06-29,SMD-0044,BSE,NSE:BSE-EQ,94.07,94.67,92.98,93.31,1125738,FYERS_HISTORY,2026-08-08T23:06:00+05:30
2018-07-02,SMD-0044,BSE,NSE:BSE-EQ,93.78,94.11,93.11,93.35,1011213,FYERS_HISTORY,2026-08-08T23:06:00+05:30
2018-07-03,SMD-0044,BSE,NSE:BSE-EQ,93.78,93.9,93.11,93.25,719154,FYERS_HISTORY,2026-08-08T23:06:00+05:30
2018-07-04,SMD-0044,BSE,NSE:BSE-EQ,93.64,95.54,93.44,94.99,1013589,FYERS_HISTORY,2026-08-08T23:06:00+05:30
2018-07-05,SMD-0044,BSE,NSE:BSE-EQ,95.33,96.44,95.03,95.66,834012,FYERS_HISTORY,2026-08-08T23:06:00+05:30
2018-07-06,SMD-0044,BSE,NSE:BSE-EQ,96.44,97.22,96.06,96.89,1117116,FYERS_HISTORY,2026-08-08T23:06:00+05:30
2018-07-09,SMD-0044,BSE,NSE:BSE-EQ,97.33,97.61,96.8,97.05,594972,FYERS_HISTORY,2026-08-08T23:06:00+05:30
2018-07-10,SMD-0044,BSE,NSE:BSE-EQ,96.89,97.89,96.33,97.62,1147698,FYERS_HISTORY,2026-08-08T23:06:00+05:30
2018-07-11,SMD-0044,BSE,NSE:BSE-EQ,97.22,97.44,96.45,96.72,967905,FYERS_HISTORY,2026-08-08T23:06:00+05:30
2018-07-12,SMD-0044,BSE,NSE:BSE-EQ,96.78,96.78,96.02,96.2,488088,FYERS_HISTORY,2026-08-08T23:06:00+05:30
2018-07-13,SMD-0044,BSE,NSE:BSE-EQ,95.67,96.19,91.86,92.56,1268244,FYERS_HISTORY,2026-08-08T23:06:00+05:30
2018-07-16,SMD-0044,BSE,NSE:BSE-EQ,92.23,93.89,90.46,91.26,798516,FYERS_HISTORY,2026-08-08T23:06:00+05:30
2018-07-17,SMD-0044,BSE,NSE:BSE-EQ,91.31,93.22,91.12,92.59,534339,FYERS_HISTORY,2026-08-08T23:06:00+05:30
2018-07-18,SMD-0044,BSE,NSE:BSE-EQ,92.75,93.33,91.89,92.59,611019,FYERS_HISTORY,2026-08-08T23:06:00+05:30
2018-07-19,SMD-0044,BSE,NSE:BSE-EQ,92.59,92.71,91.12,91.49,857097,FYERS_HISTORY,2026-08-08T23:06:00+05:30
2018-07-20,SMD-0044,BSE,NSE:BSE-EQ,91.44,92.36,91.11,92.06,429219,FYERS_HISTORY,2026-08-08T23:06:00+05:30
2018-07-23,SMD-0044,BSE,NSE:BSE-EQ,92.2,92.78,91.36,92.39,345663,FYERS_HISTORY,2026-08-08T23:06:00+05:30
2018-07-24,SMD-0044,BSE,NSE:BSE-EQ,91.96,93.07,91.94,92.74,582696,FYERS_HISTORY,2026-08-08T23:06:00+05:30
2018-07-25,SMD-0044,BSE,NSE:BSE-EQ,89.44,91.61,89.12,90.45,1163160,FYERS_HISTORY,2026-08-08T23:06:00+05:30
2018-07-26,SMD-0044,BSE,NSE:BSE-EQ,90.44,91.11,89.67,89.97,603333,FYERS_HISTORY,2026-08-08T23:06:00+05:30
2018-07-27,SMD-0044,BSE,NSE:BSE-EQ,90.55,90.78,89.11,89.31,1143378,FYERS_HISTORY,2026-08-08T23:06:00+05:30
2018-07-30,SMD-0044,BSE,NSE:BSE-EQ,89.22,89.88,87.56,88.68,781542,FYERS_HISTORY,2026-08-08T23:06:00+05:30
2018-07-31,SMD-0044,BSE,NSE:BSE-EQ,88.0,89.33,87.89,88.13,660024,FYERS_HISTORY,2026-08-08T23:06:00+05:30
2018-08-01,SMD-0044,BSE,NSE:BSE-EQ,88.64,89.32,87.66,88.77,841392,FYERS_HISTORY,2026-08-08T23:06:00+05:30
2018-08-02,SMD-0044,BSE,NSE:BSE-EQ,88.89,90.89,88.89,89.25,913923,FYERS_HISTORY,2026-08-08T23:06:00+05:30
2018-08-03,SMD-0044,BSE,NSE:BSE-EQ,89.33,91.78,89.33,91.48,1271214,FYERS_HISTORY,2026-08-08T23:06:00+05:30
2018-08-06,SMD-0044,BSE,NSE:BSE-EQ,89.97,90.22,89.22,90.01,2284470,FYERS_HISTORY,2026-08-08T23:06:00+05:30
2018-08-07,SMD-0044,BSE,NSE:BSE-EQ,90.01,90.45,88.33,88.71,913671,FYERS_HISTORY,2026-08-08T23:06:00+05:30
2018-08-08,SMD-0044,BSE,NSE:BSE-EQ,88.79,89.11,88.03,88.21,675333,FYERS_HISTORY,2026-08-08T23:06:00+05:30
2018-08-09,SMD-0044,BSE,NSE:BSE-EQ,88.0,88.88,88.0,88.38,519786,FYERS_HISTORY,2026-08-08T23:06:00+05:30
2018-08-10,SMD-0044,BSE,NSE:BSE-EQ,88.0,89.0,87.35,87.49,903168,FYERS_HISTORY,2026-08-08T23:06:00+05:30
2018-08-13,SMD-0044,BSE,NSE:BSE-EQ,86.89,87.11,86.11,86.39,742950,FYERS_HISTORY,2026-08-08T23:06:00+05:30
2018-08-14,SMD-0044,BSE,NSE:BSE-EQ,86.56,86.71,85.56,85.77,730323,FYERS_HISTORY,2026-08-08T23:06:00+05:30
2018-08-16,SMD-0044,BSE,NSE:BSE-EQ,85.72,85.72,84.0,84.27,1286577,FYERS_HISTORY,2026-08-08T23:06:00+05:30
2018-08-17,SMD-0044,BSE,NSE:BSE-EQ,84.89,84.89,83.61,84.33,834642,FYERS_HISTORY,2026-08-08T23:06:00+05:30
2018-08-20,SMD-0044,BSE,NSE:BSE-EQ,84.44,84.67,82.78,83.03,1393686,FYERS_HISTORY,2026-08-08T23:06:00+05:30
2018-08-21,SMD-0044,BSE,NSE:BSE-EQ,83.49,83.49,82.36,82.61,874098,FYERS_HISTORY,2026-08-08T23:06:00+05:30
2018-08-23,SMD-0044,BSE,NSE:BSE-EQ,83.57,83.57,81.92,82.1,1083312,FYERS_HISTORY,2026-08-08T23:06:00+05:30
2018-08-24,SMD-0044,BSE,NSE:BSE-EQ,82.3,83.88,81.8,83.06,972099,FYERS_HISTORY,2026-08-08T23:06:00+05:30
2018-08-27,SMD-0044,BSE,NSE:BSE-EQ,82.89,83.83,82.78,83.32,668637,FYERS_HISTORY,2026-08-08T23:06:00+05:30
2018-08-28,SMD-0044,BSE,NSE:BSE-EQ,83.68,84.44,82.34,82.86,902007,FYERS_HISTORY,2026-08-08T23:06:00+05:30
2018-08-29,SMD-0044,BSE,NSE:BSE-EQ,83.22,83.45,81.6,81.88,1233648,FYERS_HISTORY,2026-08-08T23:06:00+05:30
2018-08-30,SMD-0044,BSE,NSE:BSE-EQ,81.97,82.22,81.53,81.63,780453,FYERS_HISTORY,2026-08-08T23:06:00+05:30
2018-08-31,SMD-0044,BSE,NSE:BSE-EQ,81.67,82.78,81.45,82.2,889236,FYERS_HISTORY,2026-08-08T23:06:00+05:30
2018-09-03,SMD-0044,BSE,NSE:BSE-EQ,82.86,84.17,82.64,82.91,1049814,FYERS_HISTORY,2026-08-08T23:06:00+05:30
2018-09-04,SMD-0044,BSE,NSE:BSE-EQ,83.11,83.23,81.63,81.97,808758,FYERS_HISTORY,2026-08-08T23:06:00+05:30
2018-09-05,SMD-0044,BSE,NSE:BSE-EQ,81.67,81.74,80.87,81.12,815391,FYERS_HISTORY,2026-08-08T23:06:00+05:30
2018-09-06,SMD-0044,BSE,NSE:BSE-EQ,81.31,82.56,81.31,81.97,439182,FYERS_HISTORY,2026-08-08T23:06:00+05:30
2018-09-07,SMD-0044,BSE,NSE:BSE-EQ,81.89,82.22,81.25,81.76,563814,FYERS_HISTORY,2026-08-08T23:06:00+05:30
2018-09-10,SMD-0044,BSE,NSE:BSE-EQ,81.78,82.02,81.22,81.68,482823,FYERS_HISTORY,2026-08-08T23:06:00+05:30
2018-09-11,SMD-0044,BSE,NSE:BSE-EQ,81.84,82.33,81.3,81.48,516951,FYERS_HISTORY,2026-08-08T23:06:00+05:30
2018-09-12,SMD-0044,BSE,NSE:BSE-EQ,81.13,81.44,79.56,81.24,839790,FYERS_HISTORY,2026-08-08T23:06:00+05:30
2018-09-14,SMD-0044,BSE,NSE:BSE-EQ,81.24,82.34,80.92,81.19,902223,FYERS_HISTORY,2026-08-08T23:06:00+05:30
2018-09-17,SMD-0044,BSE,NSE:BSE-EQ,81.22,86.99,81.22,86.52,5117040,FYERS_HISTORY,2026-08-08T23:06:00+05:30
2018-09-18,SMD-0044,BSE,NSE:BSE-EQ,86.52,87.11,83.93,84.21,1574766,FYERS_HISTORY,2026-08-08T23:06:00+05:30
2018-09-19,SMD-0044,BSE,NSE:BSE-EQ,84.21,84.21,81.33,81.79,1497519,FYERS_HISTORY,2026-08-08T23:06:00+05:30
2018-09-21,SMD-0044,BSE,NSE:BSE-EQ,84.0,84.31,78.91,79.71,5167494,FYERS_HISTORY,2026-08-08T23:06:00+05:30
2018-09-24,SMD-0044,BSE,NSE:BSE-EQ,80.59,80.89,79.11,80.21,1137366,FYERS_HISTORY,2026-08-08T23:06:00+05:30
2018-09-25,SMD-0044,BSE,NSE:BSE-EQ,80.56,80.56,78.94,79.79,838629,FYERS_HISTORY,2026-08-08T23:06:00+05:30
2018-09-26,SMD-0044,BSE,NSE:BSE-EQ,80.0,80.49,78.78,79.07,646020,FYERS_HISTORY,2026-08-08T23:06:00+05:30
2018-09-27,SMD-0044,BSE,NSE:BSE-EQ,79.64,80.39,76.79,77.46,1405998,FYERS_HISTORY,2026-08-08T23:06:00+05:30
2018-09-28,SMD-0044,BSE,NSE:BSE-EQ,78.56,78.66,75.67,75.9,1185300,FYERS_HISTORY,2026-08-08T23:06:00+05:30
2018-10-01,SMD-0044,BSE,NSE:BSE-EQ,76.47,76.47,74.24,74.85,1364238,FYERS_HISTORY,2026-08-08T23:06:00+05:30
2018-10-03,SMD-0044,BSE,NSE:BSE-EQ,75.11,75.49,74.22,74.71,1257318,FYERS_HISTORY,2026-08-08T23:06:00+05:30
2018-10-04,SMD-0044,BSE,NSE:BSE-EQ,74.22,76.57,74.13,74.82,1466280,FYERS_HISTORY,2026-08-08T23:06:00+05:30
2018-10-05,SMD-0044,BSE,NSE:BSE-EQ,74.72,75.38,72.67,73.57,1186569,FYERS_HISTORY,2026-08-08T23:06:00+05:30
2018-10-08,SMD-0044,BSE,NSE:BSE-EQ,73.31,74.44,72.67,72.99,922149,FYERS_HISTORY,2026-08-08T23:06:00+05:30
2018-10-09,SMD-0044,BSE,NSE:BSE-EQ,73.02,73.32,70.11,70.39,1827261,FYERS_HISTORY,2026-08-08T23:06:00+05:30
2018-10-10,SMD-0044,BSE,NSE:BSE-EQ,70.72,72.0,70.56,70.99,1016559,FYERS_HISTORY,2026-08-08T23:06:00+05:30
2018-10-11,SMD-0044,BSE,NSE:BSE-EQ,70.44,71.56,69.33,70.01,1095993,FYERS_HISTORY,2026-08-08T23:06:00+05:30
2018-10-12,SMD-0044,BSE,NSE:BSE-EQ,70.63,71.57,70.22,70.52,794511,FYERS_HISTORY,2026-08-08T23:06:00+05:30
2018-10-15,SMD-0044,BSE,NSE:BSE-EQ,71.33,71.33,70.22,70.97,522594,FYERS_HISTORY,2026-08-08T23:06:00+05:30
2018-10-16,SMD-0044,BSE,NSE:BSE-EQ,71.0,72.64,70.78,71.15,831897,FYERS_HISTORY,2026-08-08T23:06:00+05:30
2018-10-17,SMD-0044,BSE,NSE:BSE-EQ,71.99,72.21,70.62,70.86,550395,FYERS_HISTORY,2026-08-08T23:06:00+05:30
2018-10-19,SMD-0044,BSE,NSE:BSE-EQ,70.67,71.04,69.68,69.87,1173834,FYERS_HISTORY,2026-08-08T23:06:00+05:30
2018-10-22,SMD-0044,BSE,NSE:BSE-EQ,70.11,70.63,69.04,69.23,667350,FYERS_HISTORY,2026-08-08T23:06:00+05:30
2018-10-23,SMD-0044,BSE,NSE:BSE-EQ,69.0,69.88,67.78,68.08,621711,FYERS_HISTORY,2026-08-08T23:06:00+05:30
2018-10-24,SMD-0044,BSE,NSE:BSE-EQ,68.28,68.67,67.23,67.61,972450,FYERS_HISTORY,2026-08-08T23:06:00+05:30
2018-10-25,SMD-0044,BSE,NSE:BSE-EQ,67.33,67.64,66.22,67.09,1274706,FYERS_HISTORY,2026-08-08T23:06:00+05:30
2018-10-26,SMD-0044,BSE,NSE:BSE-EQ,67.43,67.44,65.56,66.42,1611576,FYERS_HISTORY,2026-08-08T23:06:00+05:30
2018-10-29,SMD-0044,BSE,NSE:BSE-EQ,66.71,68.22,66.44,66.65,930618,FYERS_HISTORY,2026-08-08T23:06:00+05:30
2018-10-30,SMD-0044,BSE,NSE:BSE-EQ,66.72,67.78,66.56,66.72,949158,FYERS_HISTORY,2026-08-08T23:06:00+05:30
2018-10-31,SMD-0044,BSE,NSE:BSE-EQ,67.22,68.39,66.23,66.69,1155339,FYERS_HISTORY,2026-08-08T23:06:00+05:30
2018-11-01,SMD-0044,BSE,NSE:BSE-EQ,67.11,68.89,66.78,68.36,766404,FYERS_HISTORY,2026-08-08T23:06:00+05:30
2018-11-02,SMD-0044,BSE,NSE:BSE-EQ,68.89,70.1,68.44,69.43,900891,FYERS_HISTORY,2026-08-08T23:06:00+05:30
2018-11-05,SMD-0044,BSE,NSE:BSE-EQ,69.3,69.3,67.78,67.99,468765,FYERS_HISTORY,2026-08-08T23:06:00+05:30
2018-11-06,SMD-0044,BSE,NSE:BSE-EQ,68.29,68.47,67.24,67.47,443781,FYERS_HISTORY,2026-08-08T23:06:00+05:30
2018-11-07,SMD-0044,BSE,NSE:BSE-EQ,67.78,69.11,67.78,68.84,266940,FYERS_HISTORY,2026-08-08T23:06:00+05:30
2018-11-09,SMD-0044,BSE,NSE:BSE-EQ,68.89,69.72,68.46,69.52,471015,FYERS_HISTORY,2026-08-08T23:06:00+05:30
2018-11-12,SMD-0044,BSE,NSE:BSE-EQ,70.0,70.0,68.52,68.68,465237,FYERS_HISTORY,2026-08-08T23:06:00+05:30
2018-11-13,SMD-0044,BSE,NSE:BSE-EQ,68.56,69.23,68.45,68.98,353853,FYERS_HISTORY,2026-08-08T23:06:00+05:30
2018-11-14,SMD-0044,BSE,NSE:BSE-EQ,68.89,69.54,68.44,68.69,324252,FYERS_HISTORY,2026-08-08T23:06:00+05:30
2018-11-15,SMD-0044,BSE,NSE:BSE-EQ,68.78,69.32,68.12,68.44,326043,FYERS_HISTORY,2026-08-08T23:06:00+05:30
2018-11-16,SMD-0044,BSE,NSE:BSE-EQ,68.37,68.89,67.78,68.0,412560,FYERS_HISTORY,2026-08-08T23:06:00+05:30
2018-11-19,SMD-0044,BSE,NSE:BSE-EQ,67.89,68.73,67.24,67.71,454293,FYERS_HISTORY,2026-08-08T23:06:00+05:30
2018-11-20,SMD-0044,BSE,NSE:BSE-EQ,67.7,68.36,66.78,66.99,403407,FYERS_HISTORY,2026-08-08T23:06:00+05:30
2018-11-21,SMD-0044,BSE,NSE:BSE-EQ,67.04,67.44,66.25,66.96,452637,FYERS_HISTORY,2026-08-08T23:06:00+05:30
2018-11-22,SMD-0044,BSE,NSE:BSE-EQ,67.33,67.33,66.56,66.67,333018,FYERS_HISTORY,2026-08-08T23:06:00+05:30
2018-11-26,SMD-0044,BSE,NSE:BSE-EQ,67.02,67.22,66.42,66.52,283554,FYERS_HISTORY,2026-08-08T23:06:00+05:30
2018-11-27,SMD-0044,BSE,NSE:BSE-EQ,66.53,66.78,66.23,66.4,562374,FYERS_HISTORY,2026-08-08T23:06:00+05:30
2018-11-28,SMD-0044,BSE,NSE:BSE-EQ,67.67,68.44,66.41,66.59,1047753,FYERS_HISTORY,2026-08-08T23:06:00+05:30
2018-11-29,SMD-0044,BSE,NSE:BSE-EQ,66.93,67.33,66.39,66.65,441729,FYERS_HISTORY,2026-08-08T23:06:00+05:30
2018-11-30,SMD-0044,BSE,NSE:BSE-EQ,66.99,67.77,66.66,67.25,580149,FYERS_HISTORY,2026-08-08T23:06:00+05:30
2018-12-03,SMD-0044,BSE,NSE:BSE-EQ,67.54,67.54,66.68,66.81,375813,FYERS_HISTORY,2026-08-08T23:06:00+05:30
2018-12-04,SMD-0044,BSE,NSE:BSE-EQ,66.89,67.04,66.57,66.67,412569,FYERS_HISTORY,2026-08-08T23:06:00+05:30
2018-12-05,SMD-0044,BSE,NSE:BSE-EQ,66.44,66.64,66.22,66.28,398970,FYERS_HISTORY,2026-08-08T23:06:00+05:30
2018-12-06,SMD-0044,BSE,NSE:BSE-EQ,66.11,67.56,66.11,67.18,628308,FYERS_HISTORY,2026-08-08T23:06:00+05:30
2018-12-07,SMD-0044,BSE,NSE:BSE-EQ,67.22,67.78,66.78,67.34,427050,FYERS_HISTORY,2026-08-08T23:06:00+05:30
2018-12-10,SMD-0044,BSE,NSE:BSE-EQ,67.22,67.54,66.34,67.17,567747,FYERS_HISTORY,2026-08-08T23:06:00+05:30
2018-12-11,SMD-0044,BSE,NSE:BSE-EQ,66.11,67.34,66.11,67.24,393408,FYERS_HISTORY,2026-08-08T23:06:00+05:30
2018-12-12,SMD-0044,BSE,NSE:BSE-EQ,67.79,68.43,66.81,68.18,731007,FYERS_HISTORY,2026-08-08T23:06:00+05:30
2018-12-13,SMD-0044,BSE,NSE:BSE-EQ,68.78,68.89,66.8,67.03,803592,FYERS_HISTORY,2026-08-08T23:06:00+05:30
2018-12-14,SMD-0044,BSE,NSE:BSE-EQ,67.22,67.54,66.62,66.71,643563,FYERS_HISTORY,2026-08-08T23:06:00+05:30
2018-12-17,SMD-0044,BSE,NSE:BSE-EQ,67.1,67.29,66.56,66.79,570339,FYERS_HISTORY,2026-08-08T23:06:00+05:30
2018-12-18,SMD-0044,BSE,NSE:BSE-EQ,66.79,66.99,66.45,66.71,701739,FYERS_HISTORY,2026-08-08T23:06:00+05:30
2018-12-19,SMD-0044,BSE,NSE:BSE-EQ,66.78,67.43,66.78,67.07,1154412,FYERS_HISTORY,2026-08-08T23:06:00+05:30
2018-12-20,SMD-0044,BSE,NSE:BSE-EQ,67.12,67.22,66.36,66.42,807912,FYERS_HISTORY,2026-08-08T23:06:00+05:30
2018-12-21,SMD-0044,BSE,NSE:BSE-EQ,66.28,67.0,64.11,64.92,2871540,FYERS_HISTORY,2026-08-08T23:06:00+05:30
2018-12-24,SMD-0044,BSE,NSE:BSE-EQ,65.0,66.01,65.0,65.61,505818,FYERS_HISTORY,2026-08-08T23:06:00+05:30
2018-12-26,SMD-0044,BSE,NSE:BSE-EQ,65.01,65.56,63.73,65.18,1013751,FYERS_HISTORY,2026-08-08T23:06:00+05:30
2018-12-27,SMD-0044,BSE,NSE:BSE-EQ,65.12,65.56,65.12,65.43,345969,FYERS_HISTORY,2026-08-08T23:06:00+05:30
2018-12-28,SMD-0044,BSE,NSE:BSE-EQ,65.33,65.5,65.01,65.31,300627,FYERS_HISTORY,2026-08-08T23:06:00+05:30
2018-12-31,SMD-0044,BSE,NSE:BSE-EQ,65.56,67.16,65.56,66.49,792126,FYERS_HISTORY,2026-08-08T23:06:00+05:30
2019-01-01,SMD-0044,BSE,NSE:BSE-EQ,66.56,67.09,66.49,66.79,585810,FYERS_HISTORY,2026-08-08T23:06:00+05:30
2019-01-02,SMD-0044,BSE,NSE:BSE-EQ,66.79,66.94,66.36,66.51,478305,FYERS_HISTORY,2026-08-08T23:06:00+05:30
2019-01-03,SMD-0044,BSE,NSE:BSE-EQ,66.54,66.67,65.8,65.98,407511,FYERS_HISTORY,2026-08-08T23:06:00+05:30
2019-01-04,SMD-0044,BSE,NSE:BSE-EQ,66.0,66.72,65.77,66.49,346860,FYERS_HISTORY,2026-08-08T23:06:00+05:30
2019-01-07,SMD-0044,BSE,NSE:BSE-EQ,66.67,66.78,65.88,66.4,520641,FYERS_HISTORY,2026-08-08T23:06:00+05:30
2019-01-08,SMD-0044,BSE,NSE:BSE-EQ,66.67,66.67,66.14,66.32,287154,FYERS_HISTORY,2026-08-08T23:06:00+05:30
2019-01-09,SMD-0044,BSE,NSE:BSE-EQ,66.53,66.53,65.59,66.11,249210,FYERS_HISTORY,2026-08-08T23:06:00+05:30
2019-01-10,SMD-0044,BSE,NSE:BSE-EQ,66.12,67.3,66.02,66.41,1396701,FYERS_HISTORY,2026-08-08T23:06:00+05:30
2019-01-11,SMD-0044,BSE,NSE:BSE-EQ,66.48,66.67,66.01,66.27,950544,FYERS_HISTORY,2026-08-08T23:06:00+05:30
2019-01-14,SMD-0044,BSE,NSE:BSE-EQ,66.67,66.67,65.85,65.93,466011,FYERS_HISTORY,2026-08-08T23:06:00+05:30
2019-01-15,SMD-0044,BSE,NSE:BSE-EQ,66.0,66.4,65.89,65.95,311472,FYERS_HISTORY,2026-08-08T23:06:00+05:30
2019-01-16,SMD-0044,BSE,NSE:BSE-EQ,66.66,66.66,66.0,66.08,448020,FYERS_HISTORY,2026-08-08T23:06:00+05:30
2019-01-17,SMD-0044,BSE,NSE:BSE-EQ,66.12,66.42,65.78,65.96,335763,FYERS_HISTORY,2026-08-08T23:06:00+05:30
2019-01-18,SMD-0044,BSE,NSE:BSE-EQ,66.5,66.5,65.78,65.86,221040,FYERS_HISTORY,2026-08-08T23:06:00+05:30
2019-01-21,SMD-0044,BSE,NSE:BSE-EQ,66.33,66.33,65.71,65.74,428283,FYERS_HISTORY,2026-08-08T23:06:00+05:30
2019-01-22,SMD-0044,BSE,NSE:BSE-EQ,66.09,66.09,65.56,65.72,621234,FYERS_HISTORY,2026-08-08T23:06:00+05:30
2019-01-23,SMD-0044,BSE,NSE:BSE-EQ,65.72,65.97,65.64,65.69,1284867,FYERS_HISTORY,2026-08-08T23:06:00+05:30
2019-01-24,SMD-0044,BSE,NSE:BSE-EQ,65.78,65.89,65.44,65.72,286533,FYERS_HISTORY,2026-08-08T23:06:00+05:30
2019-01-25,SMD-0044,BSE,NSE:BSE-EQ,65.99,66.11,65.24,65.43,421812,FYERS_HISTORY,2026-08-08T23:06:00+05:30
2019-01-28,SMD-0044,BSE,NSE:BSE-EQ,65.44,65.81,64.89,65.39,535266,FYERS_HISTORY,2026-08-08T23:06:00+05:30
2019-01-29,SMD-0044,BSE,NSE:BSE-EQ,65.56,66.26,65.02,65.33,280719,FYERS_HISTORY,2026-08-08T23:06:00+05:30
2019-01-30,SMD-0044,BSE,NSE:BSE-EQ,65.59,66.44,65.41,65.44,278136,FYERS_HISTORY,2026-08-08T23:06:00+05:30
2019-01-31,SMD-0044,BSE,NSE:BSE-EQ,65.56,65.79,65.23,65.49,398016,FYERS_HISTORY,2026-08-08T23:06:00+05:30
2019-02-01,SMD-0044,BSE,NSE:BSE-EQ,65.74,66.0,65.11,65.36,362565,FYERS_HISTORY,2026-08-08T23:06:00+05:30
2019-02-04,SMD-0044,BSE,NSE:BSE-EQ,65.43,65.93,63.92,64.57,444825,FYERS_HISTORY,2026-08-08T23:06:00+05:30
2019-02-05,SMD-0044,BSE,NSE:BSE-EQ,64.6,64.61,63.46,63.64,344250,FYERS_HISTORY,2026-08-08T23:06:00+05:30
2019-02-06,SMD-0044,BSE,NSE:BSE-EQ,64.22,64.22,62.22,62.63,518166,FYERS_HISTORY,2026-08-08T23:06:00+05:30
2019-02-07,SMD-0044,BSE,NSE:BSE-EQ,63.0,63.17,59.41,62.83,907560,FYERS_HISTORY,2026-08-08T23:06:00+05:30
2019-02-08,SMD-0044,BSE,NSE:BSE-EQ,62.74,63.55,62.22,63.37,549486,FYERS_HISTORY,2026-08-08T23:06:00+05:30
2019-02-11,SMD-0044,BSE,NSE:BSE-EQ,63.33,65.28,61.99,62.42,976158,FYERS_HISTORY,2026-08-08T23:06:00+05:30
2019-02-12,SMD-0044,BSE,NSE:BSE-EQ,62.67,63.61,62.32,63.49,428634,FYERS_HISTORY,2026-08-08T23:06:00+05:30
2019-02-13,SMD-0044,BSE,NSE:BSE-EQ,63.56,63.89,63.23,63.33,438705,FYERS_HISTORY,2026-08-08T23:06:00+05:30
2019-02-14,SMD-0044,BSE,NSE:BSE-EQ,63.36,63.5,63.11,63.39,335088,FYERS_HISTORY,2026-08-08T23:06:00+05:30
2019-02-15,SMD-0044,BSE,NSE:BSE-EQ,63.44,63.44,62.22,62.4,389178,FYERS_HISTORY,2026-08-08T23:06:00+05:30
2019-02-18,SMD-0044,BSE,NSE:BSE-EQ,63.1,63.1,61.0,61.18,525969,FYERS_HISTORY,2026-08-08T23:06:00+05:30
2019-02-19,SMD-0044,BSE,NSE:BSE-EQ,61.24,62.28,60.56,60.71,469710,FYERS_HISTORY,2026-08-08T23:06:00+05:30
2019-02-20,SMD-0044,BSE,NSE:BSE-EQ,62.13,63.11,61.67,62.1,1446570,FYERS_HISTORY,2026-08-08T23:06:00+05:30
2019-02-21,SMD-0044,BSE,NSE:BSE-EQ,62.33,62.78,62.23,62.49,806868,FYERS_HISTORY,2026-08-08T23:06:00+05:30
2019-02-22,SMD-0044,BSE,NSE:BSE-EQ,62.67,63.42,62.22,63.11,812592,FYERS_HISTORY,2026-08-08T23:06:00+05:30
2019-02-25,SMD-0044,BSE,NSE:BSE-EQ,62.89,64.83,62.89,64.03,894618,FYERS_HISTORY,2026-08-08T23:06:00+05:30
2019-02-26,SMD-0044,BSE,NSE:BSE-EQ,63.78,63.78,62.85,63.05,601308,FYERS_HISTORY,2026-08-08T23:06:00+05:30
2019-02-27,SMD-0044,BSE,NSE:BSE-EQ,63.34,63.99,63.14,63.32,552501,FYERS_HISTORY,2026-08-08T23:06:00+05:30
2019-02-28,SMD-0044,BSE,NSE:BSE-EQ,63.33,63.66,63.07,63.21,415935,FYERS_HISTORY,2026-08-08T23:06:00+05:30
2019-03-01,SMD-0044,BSE,NSE:BSE-EQ,63.33,63.61,63.07,63.41,1030554,FYERS_HISTORY,2026-08-08T23:06:00+05:30
2019-03-05,SMD-0044,BSE,NSE:BSE-EQ,63.33,67.0,63.33,66.84,1708866,FYERS_HISTORY,2026-08-08T23:06:00+05:30
2019-03-06,SMD-0044,BSE,NSE:BSE-EQ,67.78,68.64,67.54,68.27,1160019,FYERS_HISTORY,2026-08-08T23:06:00+05:30
2019-03-07,SMD-0044,BSE,NSE:BSE-EQ,68.81,68.81,67.37,68.14,999279,FYERS_HISTORY,2026-08-08T23:06:00+05:30
2019-03-08,SMD-0044,BSE,NSE:BSE-EQ,68.14,69.11,67.57,68.48,1150056,FYERS_HISTORY,2026-08-08T23:06:00+05:30
2019-03-11,SMD-0044,BSE,NSE:BSE-EQ,69.21,69.44,68.54,68.67,783459,FYERS_HISTORY,2026-08-08T23:06:00+05:30
2019-03-12,SMD-0044,BSE,NSE:BSE-EQ,69.01,70.09,68.56,68.94,1690263,FYERS_HISTORY,2026-08-08T23:06:00+05:30
2019-03-13,SMD-0044,BSE,NSE:BSE-EQ,69.44,69.44,68.13,68.42,959787,FYERS_HISTORY,2026-08-08T23:06:00+05:30
2019-03-14,SMD-0044,BSE,NSE:BSE-EQ,68.33,71.44,68.0,68.53,4295772,FYERS_HISTORY,2026-08-08T23:06:00+05:30
2019-03-15,SMD-0044,BSE,NSE:BSE-EQ,68.88,69.63,68.33,68.43,1149876,FYERS_HISTORY,2026-08-08T23:06:00+05:30
2019-03-18,SMD-0044,BSE,NSE:BSE-EQ,68.89,68.89,67.87,68.01,929025,FYERS_HISTORY,2026-08-08T23:06:00+05:30
2019-03-19,SMD-0044,BSE,NSE:BSE-EQ,67.78,68.33,67.44,67.63,945630,FYERS_HISTORY,2026-08-08T23:06:00+05:30
2019-03-20,SMD-0044,BSE,NSE:BSE-EQ,67.67,68.17,67.46,67.79,2661435,FYERS_HISTORY,2026-08-08T23:06:00+05:30
2019-03-22,SMD-0044,BSE,NSE:BSE-EQ,68.11,68.11,67.1,67.34,2497464,FYERS_HISTORY,2026-08-08T23:06:00+05:30
2019-03-25,SMD-0044,BSE,NSE:BSE-EQ,67.68,67.68,65.47,65.64,1313712,FYERS_HISTORY,2026-08-08T23:06:00+05:30
2019-03-26,SMD-0044,BSE,NSE:BSE-EQ,65.67,66.08,65.23,65.68,1401120,FYERS_HISTORY,2026-08-08T23:06:00+05:30
2019-03-27,SMD-0044,BSE,NSE:BSE-EQ,65.68,68.58,65.67,68.04,4886145,FYERS_HISTORY,2026-08-08T23:06:00+05:30
2019-03-28,SMD-0044,BSE,NSE:BSE-EQ,68.44,68.87,67.44,67.84,1434339,FYERS_HISTORY,2026-08-08T23:06:00+05:30
2019-03-29,SMD-0044,BSE,NSE:BSE-EQ,67.97,68.33,66.67,67.91,1911465,FYERS_HISTORY,2026-08-08T23:06:00+05:30
2019-04-01,SMD-0044,BSE,NSE:BSE-EQ,68.12,69.38,68.12,68.44,1007469,FYERS_HISTORY,2026-08-08T23:06:00+05:30
2019-04-02,SMD-0044,BSE,NSE:BSE-EQ,68.77,68.77,68.0,68.15,683001,FYERS_HISTORY,2026-08-08T23:06:00+05:30
2019-04-03,SMD-0044,BSE,NSE:BSE-EQ,68.65,68.65,67.56,67.67,1282923,FYERS_HISTORY,2026-08-08T23:06:00+05:30
2019-04-04,SMD-0044,BSE,NSE:BSE-EQ,67.67,67.89,67.44,67.53,868680,FYERS_HISTORY,2026-08-08T23:06:00+05:30
2019-04-05,SMD-0044,BSE,NSE:BSE-EQ,67.78,68.58,67.39,67.9,1713600,FYERS_HISTORY,2026-08-08T23:06:00+05:30
2019-04-08,SMD-0044,BSE,NSE:BSE-EQ,68.78,70.09,68.01,68.79,2097108,FYERS_HISTORY,2026-08-08T23:06:00+05:30
2019-04-09,SMD-0044,BSE,NSE:BSE-EQ,68.79,69.26,67.9,69.11,1126620,FYERS_HISTORY,2026-08-08T23:06:00+05:30
2019-04-10,SMD-0044,BSE,NSE:BSE-EQ,69.44,69.76,69.03,69.25,947583,FYERS_HISTORY,2026-08-08T23:06:00+05:30
2019-04-11,SMD-0044,BSE,NSE:BSE-EQ,69.33,69.83,69.23,69.49,877239,FYERS_HISTORY,2026-08-08T23:06:00+05:30
2019-04-12,SMD-0044,BSE,NSE:BSE-EQ,69.74,69.79,69.11,69.36,1180035,FYERS_HISTORY,2026-08-08T23:06:00+05:30
2019-04-15,SMD-0044,BSE,NSE:BSE-EQ,69.48,69.67,68.89,69.11,494667,FYERS_HISTORY,2026-08-08T23:06:00+05:30
2019-04-16,SMD-0044,BSE,NSE:BSE-EQ,69.43,69.75,69.02,69.4,644238,FYERS_HISTORY,2026-08-08T23:06:00+05:30
2019-04-18,SMD-0044,BSE,NSE:BSE-EQ,69.49,69.61,68.92,69.28,1214055,FYERS_HISTORY,2026-08-08T23:06:00+05:30
2019-04-22,SMD-0044,BSE,NSE:BSE-EQ,69.5,69.5,68.33,68.6,792729,FYERS_HISTORY,2026-08-08T23:06:00+05:30
2019-04-23,SMD-0044,BSE,NSE:BSE-EQ,68.71,68.82,68.36,68.55,556443,FYERS_HISTORY,2026-08-08T23:06:00+05:30
2019-04-24,SMD-0044,BSE,NSE:BSE-EQ,68.67,68.77,68.31,68.64,940779,FYERS_HISTORY,2026-08-08T23:06:00+05:30
2019-04-25,SMD-0044,BSE,NSE:BSE-EQ,68.67,68.9,68.34,68.5,372726,FYERS_HISTORY,2026-08-08T23:06:00+05:30
2019-04-26,SMD-0044,BSE,NSE:BSE-EQ,68.61,68.89,68.49,68.72,649638,FYERS_HISTORY,2026-08-08T23:06:00+05:30
2019-04-30,SMD-0044,BSE,NSE:BSE-EQ,68.56,69.06,68.38,68.97,798462,FYERS_HISTORY,2026-08-08T23:06:00+05:30
2019-05-02,SMD-0044,BSE,NSE:BSE-EQ,69.18,71.64,68.94,69.97,2774376,FYERS_HISTORY,2026-08-08T23:06:00+05:30
2019-05-03,SMD-0044,BSE,NSE:BSE-EQ,70.49,70.71,69.82,70.43,2244051,FYERS_HISTORY,2026-08-08T23:06:00+05:30
2019-05-06,SMD-0044,BSE,NSE:BSE-EQ,70.56,71.35,70.22,70.63,914229,FYERS_HISTORY,2026-08-08T23:06:00+05:30
2019-05-07,SMD-0044,BSE,NSE:BSE-EQ,71.19,72.0,70.56,70.79,1238553,FYERS_HISTORY,2026-08-08T23:06:00+05:30
2019-05-08,SMD-0044,BSE,NSE:BSE-EQ,68.89,69.29,67.89,68.32,3166452,FYERS_HISTORY,2026-08-08T23:06:00+05:30
2019-05-09,SMD-0044,BSE,NSE:BSE-EQ,68.33,68.67,67.88,68.08,711621,FYERS_HISTORY,2026-08-08T23:06:00+05:30
2019-05-10,SMD-0044,BSE,NSE:BSE-EQ,68.33,68.77,67.46,67.76,670194,FYERS_HISTORY,2026-08-08T23:06:00+05:30
2019-05-13,SMD-0044,BSE,NSE:BSE-EQ,67.66,67.78,66.24,66.51,1115712,FYERS_HISTORY,2026-08-08T23:06:00+05:30
2019-05-14,SMD-0044,BSE,NSE:BSE-EQ,66.56,66.67,65.91,66.59,672084,FYERS_HISTORY,2026-08-08T23:06:00+05:30
2019-05-15,SMD-0044,BSE,NSE:BSE-EQ,66.78,67.28,66.23,66.34,766647,FYERS_HISTORY,2026-08-08T23:06:00+05:30
2019-05-16,SMD-0044,BSE,NSE:BSE-EQ,66.64,66.67,66.0,66.17,708975,FYERS_HISTORY,2026-08-08T23:06:00+05:30
2019-05-17,SMD-0044,BSE,NSE:BSE-EQ,66.22,66.48,65.44,65.66,1230471,FYERS_HISTORY,2026-08-08T23:06:00+05:30
2019-05-20,SMD-0044,BSE,NSE:BSE-EQ,67.33,68.13,65.83,66.24,1962144,FYERS_HISTORY,2026-08-08T23:06:00+05:30
2019-05-21,SMD-0044,BSE,NSE:BSE-EQ,66.24,67.28,66.07,66.9,1159983,FYERS_HISTORY,2026-08-08T23:06:00+05:30
2019-05-22,SMD-0044,BSE,NSE:BSE-EQ,67.22,67.22,66.67,67.14,512496,FYERS_HISTORY,2026-08-08T23:06:00+05:30
2019-05-23,SMD-0044,BSE,NSE:BSE-EQ,67.22,67.26,66.44,66.68,675099,FYERS_HISTORY,2026-08-08T23:06:00+05:30
2019-05-24,SMD-0044,BSE,NSE:BSE-EQ,66.78,67.13,66.11,66.84,649197,FYERS_HISTORY,2026-08-08T23:06:00+05:30
2019-05-27,SMD-0044,BSE,NSE:BSE-EQ,67.11,68.31,66.61,67.82,1042245,FYERS_HISTORY,2026-08-08T23:06:00+05:30
2019-05-28,SMD-0044,BSE,NSE:BSE-EQ,67.92,68.95,67.35,68.89,1271043,FYERS_HISTORY,2026-08-08T23:06:00+05:30
2019-05-29,SMD-0044,BSE,NSE:BSE-EQ,68.89,69.0,68.16,68.33,521055,FYERS_HISTORY,2026-08-08T23:06:00+05:30
2019-05-30,SMD-0044,BSE,NSE:BSE-EQ,68.88,68.88,68.28,68.67,421272,FYERS_HISTORY,2026-08-08T23:06:00+05:30
2019-05-31,SMD-0044,BSE,NSE:BSE-EQ,68.67,69.06,68.4,68.8,902259,FYERS_HISTORY,2026-08-08T23:06:00+05:30
2019-06-03,SMD-0044,BSE,NSE:BSE-EQ,68.89,69.0,68.2,68.74,520569,FYERS_HISTORY,2026-08-08T23:06:00+05:30
2019-06-04,SMD-0044,BSE,NSE:BSE-EQ,68.99,69.61,68.73,69.36,1247418,FYERS_HISTORY,2026-08-08T23:06:00+05:30
2019-06-06,SMD-0044,BSE,NSE:BSE-EQ,69.39,69.67,68.47,68.62,434520,FYERS_HISTORY,2026-08-08T23:06:00+05:30
2019-06-07,SMD-0044,BSE,NSE:BSE-EQ,68.84,69.0,68.38,68.48,406584,FYERS_HISTORY,2026-08-08T23:06:00+05:30
2019-06-10,SMD-0044,BSE,NSE:BSE-EQ,68.59,69.04,67.98,68.08,465498,FYERS_HISTORY,2026-08-08T23:06:00+05:30
2019-06-11,SMD-0044,BSE,NSE:BSE-EQ,68.17,68.76,67.95,68.02,451170,FYERS_HISTORY,2026-08-08T23:06:00+05:30
2019-06-12,SMD-0044,BSE,NSE:BSE-EQ,68.23,68.53,68.0,68.33,286416,FYERS_HISTORY,2026-08-08T23:06:00+05:30
2019-06-13,SMD-0044,BSE,NSE:BSE-EQ,68.31,68.41,68.01,68.14,407430,FYERS_HISTORY,2026-08-08T23:06:00+05:30
2019-06-14,SMD-0044,BSE,NSE:BSE-EQ,68.74,68.74,68.11,68.2,703440,FYERS_HISTORY,2026-08-08T23:06:00+05:30
2019-06-17,SMD-0044,BSE,NSE:BSE-EQ,68.45,68.69,68.11,68.32,456507,FYERS_HISTORY,2026-08-08T23:06:00+05:30
2019-06-18,SMD-0044,BSE,NSE:BSE-EQ,68.33,68.33,68.11,68.17,328383,FYERS_HISTORY,2026-08-08T23:06:00+05:30
2019-06-19,SMD-0044,BSE,NSE:BSE-EQ,68.56,68.77,67.52,67.67,700083,FYERS_HISTORY,2026-08-08T23:06:00+05:30
2019-06-20,SMD-0044,BSE,NSE:BSE-EQ,67.52,68.56,67.01,68.37,622197,FYERS_HISTORY,2026-08-08T23:06:00+05:30
2019-06-21,SMD-0044,BSE,NSE:BSE-EQ,68.37,68.55,67.79,68.41,734823,FYERS_HISTORY,2026-08-08T23:06:00+05:30
2019-06-24,SMD-0044,BSE,NSE:BSE-EQ,68.44,68.64,68.11,68.31,605682,FYERS_HISTORY,2026-08-08T23:06:00+05:30
2019-06-25,SMD-0044,BSE,NSE:BSE-EQ,68.31,69.18,68.01,68.88,1205577,FYERS_HISTORY,2026-08-08T23:06:00+05:30
2019-06-26,SMD-0044,BSE,NSE:BSE-EQ,68.78,68.99,68.26,68.81,1468287,FYERS_HISTORY,2026-08-08T23:06:00+05:30
2019-06-27,SMD-0044,BSE,NSE:BSE-EQ,68.33,68.33,66.67,67.77,2752686,FYERS_HISTORY,2026-08-08T23:06:00+05:30
2019-06-28,SMD-0044,BSE,NSE:BSE-EQ,67.22,68.5,66.64,68.12,1244970,FYERS_HISTORY,2026-08-08T23:06:00+05:30
2019-07-01,SMD-0044,BSE,NSE:BSE-EQ,67.89,67.96,66.88,67.23,513855,FYERS_HISTORY,2026-08-08T23:06:00+05:30
2019-07-02,SMD-0044,BSE,NSE:BSE-EQ,67.33,68.59,67.33,68.46,786411,FYERS_HISTORY,2026-08-08T23:06:00+05:30
2019-07-03,SMD-0044,BSE,NSE:BSE-EQ,68.46,68.67,68.11,68.42,609948,FYERS_HISTORY,2026-08-08T23:06:00+05:30
2019-07-04,SMD-0044,BSE,NSE:BSE-EQ,68.53,68.77,68.23,68.63,417285,FYERS_HISTORY,2026-08-08T23:06:00+05:30
2019-07-05,SMD-0044,BSE,NSE:BSE-EQ,68.33,68.77,67.23,67.39,952659,FYERS_HISTORY,2026-08-08T23:06:00+05:30
2019-07-08,SMD-0044,BSE,NSE:BSE-EQ,66.77,67.13,66.2,66.48,605286,FYERS_HISTORY,2026-08-08T23:06:00+05:30
2019-07-09,SMD-0044,BSE,NSE:BSE-EQ,66.33,66.33,65.67,65.78,355428,FYERS_HISTORY,2026-08-08T23:06:00+05:30
2019-07-10,SMD-0044,BSE,NSE:BSE-EQ,65.78,66.06,65.11,65.39,289539,FYERS_HISTORY,2026-08-08T23:06:00+05:30
2019-07-11,SMD-0044,BSE,NSE:BSE-EQ,65.42,66.22,63.36,63.93,606672,FYERS_HISTORY,2026-08-08T23:06:00+05:30
2019-07-12,SMD-0044,BSE,NSE:BSE-EQ,64.0,64.0,62.5,63.4,938790,FYERS_HISTORY,2026-08-08T23:06:00+05:30
2019-07-15,SMD-0044,BSE,NSE:BSE-EQ,63.8,65.3,63.8,64.68,580887,FYERS_HISTORY,2026-08-08T23:06:00+05:30
2019-07-16,SMD-0044,BSE,NSE:BSE-EQ,64.67,64.87,64.41,64.56,263574,FYERS_HISTORY,2026-08-08T23:06:00+05:30
2019-07-17,SMD-0044,BSE,NSE:BSE-EQ,65.56,66.41,64.36,64.59,1136358,FYERS_HISTORY,2026-08-08T23:06:00+05:30
2019-07-18,SMD-0044,BSE,NSE:BSE-EQ,64.61,64.84,63.9,63.98,775296,FYERS_HISTORY,2026-08-08T23:06:00+05:30
2019-07-19,SMD-0044,BSE,NSE:BSE-EQ,64.18,64.23,63.33,63.41,672921,FYERS_HISTORY,2026-08-08T23:06:00+05:30
2019-07-22,SMD-0044,BSE,NSE:BSE-EQ,63.61,63.61,61.68,61.87,1358226,FYERS_HISTORY,2026-08-08T23:06:00+05:30
2019-07-23,SMD-0044,BSE,NSE:BSE-EQ,61.89,62.01,61.67,61.73,877419,FYERS_HISTORY,2026-08-08T23:06:00+05:30
2019-07-24,SMD-0044,BSE,NSE:BSE-EQ,61.88,61.96,61.04,61.16,868158,FYERS_HISTORY,2026-08-08T23:06:00+05:30
2019-07-25,SMD-0044,BSE,NSE:BSE-EQ,61.56,62.48,61.12,62.2,3011985,FYERS_HISTORY,2026-08-08T23:06:00+05:30
2019-07-26,SMD-0044,BSE,NSE:BSE-EQ,60.56,60.81,58.71,59.18,1756071,FYERS_HISTORY,2026-08-08T23:06:00+05:30
2019-07-29,SMD-0044,BSE,NSE:BSE-EQ,58.88,59.31,58.24,58.36,469341,FYERS_HISTORY,2026-08-08T23:06:00+05:30
2019-07-30,SMD-0044,BSE,NSE:BSE-EQ,58.56,58.92,58.0,58.11,551493,FYERS_HISTORY,2026-08-08T23:06:00+05:30
2019-07-31,SMD-0044,BSE,NSE:BSE-EQ,57.9,57.9,55.67,56.47,1225143,FYERS_HISTORY,2026-08-08T23:06:00+05:30
2019-08-01,SMD-0044,BSE,NSE:BSE-EQ,56.47,57.95,55.47,55.62,1096407,FYERS_HISTORY,2026-08-08T23:06:00+05:30
2019-08-02,SMD-0044,BSE,NSE:BSE-EQ,55.78,55.95,52.78,53.44,2029842,FYERS_HISTORY,2026-08-08T23:06:00+05:30
2019-08-05,SMD-0044,BSE,NSE:BSE-EQ,53.33,53.33,51.33,52.01,1859778,FYERS_HISTORY,2026-08-08T23:06:00+05:30
2019-08-06,SMD-0044,BSE,NSE:BSE-EQ,52.0,52.96,51.77,51.98,820143,FYERS_HISTORY,2026-08-08T23:06:00+05:30
2019-08-07,SMD-0044,BSE,NSE:BSE-EQ,52.49,52.76,51.89,52.08,536850,FYERS_HISTORY,2026-08-08T23:06:00+05:30
2019-08-08,SMD-0044,BSE,NSE:BSE-EQ,52.22,52.28,51.44,52.19,698094,FYERS_HISTORY,2026-08-08T23:06:00+05:30
2019-08-09,SMD-0044,BSE,NSE:BSE-EQ,52.22,53.27,51.23,51.51,1492839,FYERS_HISTORY,2026-08-08T23:06:00+05:30
2019-08-13,SMD-0044,BSE,NSE:BSE-EQ,51.44,52.17,50.67,51.62,934443,FYERS_HISTORY,2026-08-08T23:06:00+05:30
2019-08-14,SMD-0044,BSE,NSE:BSE-EQ,51.62,51.96,50.33,50.77,1134000,FYERS_HISTORY,2026-08-08T23:06:00+05:30
2019-08-16,SMD-0044,BSE,NSE:BSE-EQ,50.67,50.99,49.58,49.99,1397754,FYERS_HISTORY,2026-08-08T23:06:00+05:30
2019-08-19,SMD-0044,BSE,NSE:BSE-EQ,50.37,52.04,49.79,50.1,1556217,FYERS_HISTORY,2026-08-08T23:06:00+05:30
2019-08-20,SMD-0044,BSE,NSE:BSE-EQ,50.44,54.44,50.21,52.72,2849130,FYERS_HISTORY,2026-08-08T23:06:00+05:30
2019-08-21,SMD-0044,BSE,NSE:BSE-EQ,53.22,55.31,52.98,54.56,2777328,FYERS_HISTORY,2026-08-08T23:06:00+05:30
2019-08-22,SMD-0044,BSE,NSE:BSE-EQ,54.44,55.22,53.46,53.96,1979172,FYERS_HISTORY,2026-08-08T23:06:00+05:30
2019-08-23,SMD-0044,BSE,NSE:BSE-EQ,53.89,54.89,53.83,54.76,847989,FYERS_HISTORY,2026-08-08T23:06:00+05:30
2019-08-26,SMD-0044,BSE,NSE:BSE-EQ,56.11,58.01,55.38,57.37,2055240,FYERS_HISTORY,2026-08-08T23:06:00+05:30
2019-08-27,SMD-0044,BSE,NSE:BSE-EQ,57.71,58.99,57.71,58.83,854289,FYERS_HISTORY,2026-08-08T23:06:00+05:30
2019-08-28,SMD-0044,BSE,NSE:BSE-EQ,58.78,59.93,57.56,58.33,950949,FYERS_HISTORY,2026-08-08T23:06:00+05:30
2019-08-29,SMD-0044,BSE,NSE:BSE-EQ,57.78,58.48,55.56,56.59,1103184,FYERS_HISTORY,2026-08-08T23:06:00+05:30
2019-08-30,SMD-0044,BSE,NSE:BSE-EQ,56.73,59.43,56.66,59.08,733149,FYERS_HISTORY,2026-08-08T23:06:00+05:30
2019-09-03,SMD-0044,BSE,NSE:BSE-EQ,59.22,59.96,58.46,58.98,653418,FYERS_HISTORY,2026-08-08T23:06:00+05:30
2019-09-04,SMD-0044,BSE,NSE:BSE-EQ,59.36,59.88,57.91,58.34,486873,FYERS_HISTORY,2026-08-08T23:06:00+05:30
2019-09-05,SMD-0044,BSE,NSE:BSE-EQ,58.44,59.5,58.34,59.29,458559,FYERS_HISTORY,2026-08-08T23:06:00+05:30
2019-09-06,SMD-0044,BSE,NSE:BSE-EQ,59.22,59.62,58.37,58.67,386991,FYERS_HISTORY,2026-08-08T23:06:00+05:30
2019-09-09,SMD-0044,BSE,NSE:BSE-EQ,58.72,60.41,58.72,60.09,861768,FYERS_HISTORY,2026-08-08T23:06:00+05:30
2019-09-11,SMD-0044,BSE,NSE:BSE-EQ,60.3,60.89,60.09,60.39,491211,FYERS_HISTORY,2026-08-08T23:06:00+05:30
2019-09-12,SMD-0044,BSE,NSE:BSE-EQ,60.56,60.67,59.78,59.87,376956,FYERS_HISTORY,2026-08-08T23:06:00+05:30
2019-09-13,SMD-0044,BSE,NSE:BSE-EQ,59.56,59.82,59.11,59.57,327330,FYERS_HISTORY,2026-08-08T23:06:00+05:30
2019-09-16,SMD-0044,BSE,NSE:BSE-EQ,59.0,60.0,59.0,59.32,352116,FYERS_HISTORY,2026-08-08T23:06:00+05:30
2019-09-17,SMD-0044,BSE,NSE:BSE-EQ,59.22,60.89,59.22,60.62,696933,FYERS_HISTORY,2026-08-08T23:06:00+05:30
2019-09-18,SMD-0044,BSE,NSE:BSE-EQ,60.56,61.47,60.36,60.99,297945,FYERS_HISTORY,2026-08-08T23:06:00+05:30
2019-09-19,SMD-0044,BSE,NSE:BSE-EQ,60.66,61.0,59.78,60.21,324774,FYERS_HISTORY,2026-08-08T23:06:00+05:30
2019-09-20,SMD-0044,BSE,NSE:BSE-EQ,60.01,61.11,59.47,60.24,895581,FYERS_HISTORY,2026-08-08T23:06:00+05:30
2019-09-23,SMD-0044,BSE,NSE:BSE-EQ,62.11,62.78,58.0,59.4,2263230,FYERS_HISTORY,2026-08-08T23:06:00+05:30
2019-09-24,SMD-0044,BSE,NSE:BSE-EQ,60.56,62.78,60.11,62.2,2670489,FYERS_HISTORY,2026-08-08T23:06:00+05:30
2019-09-25,SMD-0044,BSE,NSE:BSE-EQ,61.89,62.83,61.57,62.56,2954466,FYERS_HISTORY,2026-08-08T23:06:00+05:30
2019-09-26,SMD-0044,BSE,NSE:BSE-EQ,62.78,63.88,62.78,63.07,1911555,FYERS_HISTORY,2026-08-08T23:06:00+05:30
2019-09-27,SMD-0044,BSE,NSE:BSE-EQ,63.0,63.89,62.86,63.16,975573,FYERS_HISTORY,2026-08-08T23:06:00+05:30
2019-09-30,SMD-0044,BSE,NSE:BSE-EQ,63.0,63.51,62.22,62.69,926019,FYERS_HISTORY,2026-08-08T23:06:00+05:30
2019-10-01,SMD-0044,BSE,NSE:BSE-EQ,62.88,63.66,61.79,62.72,867663,FYERS_HISTORY,2026-08-08T23:06:00+05:30
2019-10-03,SMD-0044,BSE,NSE:BSE-EQ,62.78,63.06,61.94,62.75,810468,FYERS_HISTORY,2026-08-08T23:06:00+05:30
2019-10-04,SMD-0044,BSE,NSE:BSE-EQ,63.29,63.29,61.79,62.07,938637,FYERS_HISTORY,2026-08-08T23:06:00+05:30
2019-10-07,SMD-0044,BSE,NSE:BSE-EQ,61.79,62.78,61.11,61.41,566235,FYERS_HISTORY,2026-08-08T23:06:00+05:30
2019-10-09,SMD-0044,BSE,NSE:BSE-EQ,61.11,61.11,58.78,59.27,1192230,FYERS_HISTORY,2026-08-08T23:06:00+05:30
2019-10-10,SMD-0044,BSE,NSE:BSE-EQ,59.22,59.31,57.11,57.24,749970,FYERS_HISTORY,2026-08-08T23:06:00+05:30
2019-10-11,SMD-0044,BSE,NSE:BSE-EQ,57.28,58.31,56.9,57.28,480105,FYERS_HISTORY,2026-08-08T23:06:00+05:30
2019-10-14,SMD-0044,BSE,NSE:BSE-EQ,57.33,57.76,56.96,57.13,463095,FYERS_HISTORY,2026-08-08T23:06:00+05:30
2019-10-15,SMD-0044,BSE,NSE:BSE-EQ,57.0,57.83,56.36,56.79,935010,FYERS_HISTORY,2026-08-08T23:06:00+05:30
2019-10-16,SMD-0044,BSE,NSE:BSE-EQ,57.19,57.52,56.57,56.82,828828,FYERS_HISTORY,2026-08-08T23:06:00+05:30
2019-10-17,SMD-0044,BSE,NSE:BSE-EQ,56.89,59.33,56.67,58.33,713763,FYERS_HISTORY,2026-08-08T23:06:00+05:30
2019-10-18,SMD-0044,BSE,NSE:BSE-EQ,58.11,58.99,58.11,58.63,605475,FYERS_HISTORY,2026-08-08T23:06:00+05:30
2019-10-22,SMD-0044,BSE,NSE:BSE-EQ,59.33,61.11,58.67,60.46,754902,FYERS_HISTORY,2026-08-08T23:06:00+05:30
2019-10-23,SMD-0044,BSE,NSE:BSE-EQ,60.01,60.52,59.62,60.28,313326,FYERS_HISTORY,2026-08-08T23:06:00+05:30
2019-10-24,SMD-0044,BSE,NSE:BSE-EQ,60.44,61.98,60.08,61.59,665478,FYERS_HISTORY,2026-08-08T23:06:00+05:30
2019-10-25,SMD-0044,BSE,NSE:BSE-EQ,61.56,61.56,60.14,60.27,351054,FYERS_HISTORY,2026-08-08T23:06:00+05:30
2019-10-27,SMD-0044,BSE,NSE:BSE-EQ,60.28,61.56,60.28,61.18,122130,FYERS_HISTORY,2026-08-08T23:06:00+05:30
2019-10-29,SMD-0044,BSE,NSE:BSE-EQ,59.37,62.2,59.37,61.43,1357542,FYERS_HISTORY,2026-08-08T23:06:00+05:30
2019-10-30,SMD-0044,BSE,NSE:BSE-EQ,61.43,62.0,60.56,60.82,899055,FYERS_HISTORY,2026-08-08T23:06:00+05:30
2019-10-31,SMD-0044,BSE,NSE:BSE-EQ,60.56,63.11,60.56,61.63,1343835,FYERS_HISTORY,2026-08-08T23:06:00+05:30
2019-11-01,SMD-0044,BSE,NSE:BSE-EQ,61.93,62.08,60.72,60.98,460692,FYERS_HISTORY,2026-08-08T23:06:00+05:30
2019-11-04,SMD-0044,BSE,NSE:BSE-EQ,61.11,62.56,60.22,60.86,1194930,FYERS_HISTORY,2026-08-08T23:06:00+05:30
2019-11-05,SMD-0044,BSE,NSE:BSE-EQ,61.21,61.21,59.42,59.62,1166994,FYERS_HISTORY,2026-08-08T23:06:00+05:30
2019-11-06,SMD-0044,BSE,NSE:BSE-EQ,60.0,60.86,59.54,59.66,433881,FYERS_HISTORY,2026-08-08T23:06:00+05:30
2019-11-07,SMD-0044,BSE,NSE:BSE-EQ,59.33,61.22,58.46,60.14,1397808,FYERS_HISTORY,2026-08-08T23:06:00+05:30
2019-11-08,SMD-0044,BSE,NSE:BSE-EQ,59.44,59.99,58.33,58.43,698778,FYERS_HISTORY,2026-08-08T23:06:00+05:30
2019-11-11,SMD-0044,BSE,NSE:BSE-EQ,58.33,59.01,57.55,57.88,519219,FYERS_HISTORY,2026-08-08T23:06:00+05:30
2019-11-13,SMD-0044,BSE,NSE:BSE-EQ,57.89,58.19,56.78,57.06,650529,FYERS_HISTORY,2026-08-08T23:06:00+05:30
2019-11-14,SMD-0044,BSE,NSE:BSE-EQ,57.06,57.33,55.86,55.99,598572,FYERS_HISTORY,2026-08-08T23:06:00+05:30
2019-11-15,SMD-0044,BSE,NSE:BSE-EQ,56.11,56.55,55.07,55.29,821232,FYERS_HISTORY,2026-08-08T23:06:00+05:30
2019-11-18,SMD-0044,BSE,NSE:BSE-EQ,55.29,56.22,55.29,55.96,473382,FYERS_HISTORY,2026-08-08T23:06:00+05:30
2019-11-19,SMD-0044,BSE,NSE:BSE-EQ,56.22,56.33,55.11,55.26,544896,FYERS_HISTORY,2026-08-08T23:06:00+05:30
2019-11-20,SMD-0044,BSE,NSE:BSE-EQ,55.53,55.96,55.02,55.22,515907,FYERS_HISTORY,2026-08-08T23:06:00+05:30
2019-11-21,SMD-0044,BSE,NSE:BSE-EQ,55.48,56.53,55.22,55.88,464580,FYERS_HISTORY,2026-08-08T23:06:00+05:30
2019-11-22,SMD-0044,BSE,NSE:BSE-EQ,55.88,57.22,55.67,57.08,614754,FYERS_HISTORY,2026-08-08T23:06:00+05:30
2019-11-25,SMD-0044,BSE,NSE:BSE-EQ,57.53,57.58,56.45,56.58,455526,FYERS_HISTORY,2026-08-08T23:06:00+05:30
2019-11-26,SMD-0044,BSE,NSE:BSE-EQ,56.78,56.78,55.0,55.17,940113,FYERS_HISTORY,2026-08-08T23:06:00+05:30
2019-11-27,SMD-0044,BSE,NSE:BSE-EQ,55.53,56.11,55.09,55.24,550755,FYERS_HISTORY,2026-08-08T23:06:00+05:30
2019-11-28,SMD-0044,BSE,NSE:BSE-EQ,55.82,56.16,55.69,55.97,623547,FYERS_HISTORY,2026-08-08T23:06:00+05:30
2019-11-29,SMD-0044,BSE,NSE:BSE-EQ,55.57,56.33,55.57,56.13,432306,FYERS_HISTORY,2026-08-08T23:06:00+05:30
2019-12-02,SMD-0044,BSE,NSE:BSE-EQ,56.13,56.22,55.33,55.61,360648,FYERS_HISTORY,2026-08-08T23:06:00+05:30
2019-12-03,SMD-0044,BSE,NSE:BSE-EQ,55.56,56.22,55.33,55.59,264681,FYERS_HISTORY,2026-08-08T23:06:00+05:30
2019-12-04,SMD-0044,BSE,NSE:BSE-EQ,55.96,56.87,55.43,56.13,583533,FYERS_HISTORY,2026-08-08T23:06:00+05:30
2019-12-05,SMD-0044,BSE,NSE:BSE-EQ,56.34,56.62,55.67,55.77,338517,FYERS_HISTORY,2026-08-08T23:06:00+05:30
2019-12-06,SMD-0044,BSE,NSE:BSE-EQ,55.68,56.22,55.11,55.33,341001,FYERS_HISTORY,2026-08-08T23:06:00+05:30
2019-12-09,SMD-0044,BSE,NSE:BSE-EQ,55.76,55.76,54.56,54.71,511830,FYERS_HISTORY,2026-08-08T23:06:00+05:30
2019-12-10,SMD-0044,BSE,NSE:BSE-EQ,55.0,55.44,54.44,54.81,288783,FYERS_HISTORY,2026-08-08T23:06:00+05:30
2019-12-11,SMD-0044,BSE,NSE:BSE-EQ,54.58,54.96,53.33,54.22,478719,FYERS_HISTORY,2026-08-08T23:06:00+05:30
2019-12-12,SMD-0044,BSE,NSE:BSE-EQ,53.78,54.44,53.78,54.23,476307,FYERS_HISTORY,2026-08-08T23:06:00+05:30
2019-12-13,SMD-0044,BSE,NSE:BSE-EQ,54.44,55.44,54.44,55.14,328833,FYERS_HISTORY,2026-08-08T23:06:00+05:30
2019-12-16,SMD-0044,BSE,NSE:BSE-EQ,55.44,55.56,54.67,54.77,417276,FYERS_HISTORY,2026-08-08T23:06:00+05:30
2019-12-17,SMD-0044,BSE,NSE:BSE-EQ,55.11,55.14,54.46,54.57,513135,FYERS_HISTORY,2026-08-08T23:06:00+05:30
2019-12-18,SMD-0044,BSE,NSE:BSE-EQ,54.92,55.06,54.23,54.5,506736,FYERS_HISTORY,2026-08-08T23:06:00+05:30
2019-12-19,SMD-0044,BSE,NSE:BSE-EQ,54.79,55.11,54.22,54.37,506367,FYERS_HISTORY,2026-08-08T23:06:00+05:30
2019-12-20,SMD-0044,BSE,NSE:BSE-EQ,54.44,54.88,53.94,54.11,468738,FYERS_HISTORY,2026-08-08T23:06:00+05:30
2019-12-23,SMD-0044,BSE,NSE:BSE-EQ,54.11,54.43,53.48,53.55,680391,FYERS_HISTORY,2026-08-08T23:06:00+05:30
2019-12-24,SMD-0044,BSE,NSE:BSE-EQ,53.56,53.85,52.78,53.37,919890,FYERS_HISTORY,2026-08-08T23:06:00+05:30
2019-12-26,SMD-0044,BSE,NSE:BSE-EQ,53.39,54.47,53.01,53.64,835722,FYERS_HISTORY,2026-08-08T23:06:00+05:30
2019-12-27,SMD-0044,BSE,NSE:BSE-EQ,53.5,54.54,53.44,53.92,1091493,FYERS_HISTORY,2026-08-08T23:06:01+05:30
2019-12-30,SMD-0044,BSE,NSE:BSE-EQ,54.31,54.78,53.72,54.34,586170,FYERS_HISTORY,2026-08-08T23:06:01+05:30
2019-12-31,SMD-0044,BSE,NSE:BSE-EQ,54.43,55.82,54.18,55.72,982017,FYERS_HISTORY,2026-08-08T23:06:01+05:30
2020-01-01,SMD-0044,BSE,NSE:BSE-EQ,55.61,56.34,55.19,55.65,487449,FYERS_HISTORY,2026-08-08T23:06:01+05:30
2020-01-02,SMD-0044,BSE,NSE:BSE-EQ,55.98,59.17,55.56,58.06,2297421,FYERS_HISTORY,2026-08-08T23:06:01+05:30
2020-01-03,SMD-0044,BSE,NSE:BSE-EQ,58.1,58.22,56.68,57.11,859104,FYERS_HISTORY,2026-08-08T23:06:01+05:30
2020-01-06,SMD-0044,BSE,NSE:BSE-EQ,57.11,57.22,55.01,55.16,797076,FYERS_HISTORY,2026-08-08T23:06:01+05:30
2020-01-07,SMD-0044,BSE,NSE:BSE-EQ,56.0,56.61,54.68,54.98,803475,FYERS_HISTORY,2026-08-08T23:06:01+05:30
2020-01-08,SMD-0044,BSE,NSE:BSE-EQ,54.52,55.67,54.04,54.64,543357,FYERS_HISTORY,2026-08-08T23:06:01+05:30
2020-01-09,SMD-0044,BSE,NSE:BSE-EQ,55.11,56.11,55.11,55.68,571968,FYERS_HISTORY,2026-08-08T23:06:01+05:30
2020-01-10,SMD-0044,BSE,NSE:BSE-EQ,56.44,58.0,54.69,57.21,2785959,FYERS_HISTORY,2026-08-08T23:06:01+05:30
2020-01-13,SMD-0044,BSE,NSE:BSE-EQ,57.33,59.43,57.0,58.26,2630295,FYERS_HISTORY,2026-08-08T23:06:01+05:30
2020-01-14,SMD-0044,BSE,NSE:BSE-EQ,58.12,60.54,57.91,59.04,2681946,FYERS_HISTORY,2026-08-08T23:06:01+05:30
2020-01-15,SMD-0044,BSE,NSE:BSE-EQ,58.99,60.56,58.56,59.91,1807272,FYERS_HISTORY,2026-08-08T23:06:01+05:30
2020-01-16,SMD-0044,BSE,NSE:BSE-EQ,60.11,61.16,60.11,60.48,1327950,FYERS_HISTORY,2026-08-08T23:06:01+05:30
2020-01-17,SMD-0044,BSE,NSE:BSE-EQ,60.78,61.53,60.56,60.74,770517,FYERS_HISTORY,2026-08-08T23:06:01+05:30
2020-01-20,SMD-0044,BSE,NSE:BSE-EQ,61.11,61.56,60.67,60.88,1085787,FYERS_HISTORY,2026-08-08T23:06:01+05:30
2020-01-21,SMD-0044,BSE,NSE:BSE-EQ,60.78,60.88,60.0,60.32,963324,FYERS_HISTORY,2026-08-08T23:06:01+05:30
2020-01-22,SMD-0044,BSE,NSE:BSE-EQ,60.56,61.0,58.73,59.11,930861,FYERS_HISTORY,2026-08-08T23:06:01+05:30
2020-01-23,SMD-0044,BSE,NSE:BSE-EQ,59.44,59.98,58.78,59.43,561555,FYERS_HISTORY,2026-08-08T23:06:01+05:30
2020-01-24,SMD-0044,BSE,NSE:BSE-EQ,59.56,61.44,59.24,60.68,1961469,FYERS_HISTORY,2026-08-08T23:06:01+05:30
2020-01-27,SMD-0044,BSE,NSE:BSE-EQ,60.72,61.73,59.79,60.16,1749690,FYERS_HISTORY,2026-08-08T23:06:01+05:30
2020-01-28,SMD-0044,BSE,NSE:BSE-EQ,60.12,60.67,59.67,60.09,577458,FYERS_HISTORY,2026-08-08T23:06:01+05:30
2020-01-29,SMD-0044,BSE,NSE:BSE-EQ,60.23,60.66,59.69,60.18,587493,FYERS_HISTORY,2026-08-08T23:06:01+05:30
2020-01-30,SMD-0044,BSE,NSE:BSE-EQ,60.33,60.34,59.02,59.44,552060,FYERS_HISTORY,2026-08-08T23:06:01+05:30
2020-01-31,SMD-0044,BSE,NSE:BSE-EQ,60.0,60.0,59.07,59.27,381033,FYERS_HISTORY,2026-08-08T23:06:01+05:30
2020-02-01,SMD-0044,BSE,NSE:BSE-EQ,60.01,60.86,57.92,58.51,1199727,FYERS_HISTORY,2026-08-08T23:06:01+05:30
2020-02-03,SMD-0044,BSE,NSE:BSE-EQ,58.67,59.09,57.57,58.18,515826,FYERS_HISTORY,2026-08-08T23:06:01+05:30
2020-02-04,SMD-0044,BSE,NSE:BSE-EQ,58.22,59.29,58.22,58.81,379503,FYERS_HISTORY,2026-08-08T23:06:01+05:30
2020-02-05,SMD-0044,BSE,NSE:BSE-EQ,59.44,59.44,58.67,58.89,335313,FYERS_HISTORY,2026-08-08T23:06:01+05:30
2020-02-06,SMD-0044,BSE,NSE:BSE-EQ,58.86,62.0,58.86,60.78,3551310,FYERS_HISTORY,2026-08-08T23:06:01+05:30
2020-02-07,SMD-0044,BSE,NSE:BSE-EQ,61.33,65.56,61.11,63.74,7933689,FYERS_HISTORY,2026-08-08T23:06:01+05:30
2020-02-10,SMD-0044,BSE,NSE:BSE-EQ,64.17,64.72,62.78,63.39,2306610,FYERS_HISTORY,2026-08-08T23:06:01+05:30
2020-02-11,SMD-0044,BSE,NSE:BSE-EQ,63.89,64.48,63.0,63.27,1643184,FYERS_HISTORY,2026-08-08T23:06:01+05:30
2020-02-12,SMD-0044,BSE,NSE:BSE-EQ,62.78,62.78,59.39,59.91,2680209,FYERS_HISTORY,2026-08-08T23:06:01+05:30
2020-02-13,SMD-0044,BSE,NSE:BSE-EQ,59.9,59.9,57.46,57.71,1331469,FYERS_HISTORY,2026-08-08T23:06:01+05:30
2020-02-14,SMD-0044,BSE,NSE:BSE-EQ,57.99,59.33,57.8,58.16,1057599,FYERS_HISTORY,2026-08-08T23:06:01+05:30
2020-02-17,SMD-0044,BSE,NSE:BSE-EQ,58.11,58.53,55.83,56.29,952236,FYERS_HISTORY,2026-08-08T23:06:01+05:30
2020-02-18,SMD-0044,BSE,NSE:BSE-EQ,56.11,56.88,54.73,56.4,1299924,FYERS_HISTORY,2026-08-08T23:06:01+05:30
2020-02-19,SMD-0044,BSE,NSE:BSE-EQ,56.34,57.66,56.21,57.28,880857,FYERS_HISTORY,2026-08-08T23:06:01+05:30
2020-02-20,SMD-0044,BSE,NSE:BSE-EQ,57.28,57.78,56.67,57.25,785331,FYERS_HISTORY,2026-08-08T23:06:01+05:30
2020-02-24,SMD-0044,BSE,NSE:BSE-EQ,57.22,58.29,56.89,57.19,910350,FYERS_HISTORY,2026-08-08T23:06:01+05:30
2020-02-25,SMD-0044,BSE,NSE:BSE-EQ,57.34,57.37,55.79,56.34,611577,FYERS_HISTORY,2026-08-08T23:06:01+05:30
2020-02-26,SMD-0044,BSE,NSE:BSE-EQ,56.11,56.11,55.0,55.23,792324,FYERS_HISTORY,2026-08-08T23:06:01+05:30
2020-02-27,SMD-0044,BSE,NSE:BSE-EQ,55.5,55.76,51.82,52.14,2974041,FYERS_HISTORY,2026-08-08T23:06:01+05:30
2020-02-28,SMD-0044,BSE,NSE:BSE-EQ,51.11,51.67,50.01,50.33,2450925,FYERS_HISTORY,2026-08-08T23:06:01+05:30
2020-03-02,SMD-0044,BSE,NSE:BSE-EQ,50.78,51.66,50.44,50.82,1413531,FYERS_HISTORY,2026-08-08T23:06:01+05:30
2020-03-03,SMD-0044,BSE,NSE:BSE-EQ,50.99,51.24,50.25,50.62,1086561,FYERS_HISTORY,2026-08-08T23:06:01+05:30
2020-03-04,SMD-0044,BSE,NSE:BSE-EQ,50.57,50.91,47.37,48.76,2459295,FYERS_HISTORY,2026-08-08T23:06:01+05:30
2020-03-05,SMD-0044,BSE,NSE:BSE-EQ,48.45,49.33,47.91,48.08,1215351,FYERS_HISTORY,2026-08-08T23:06:01+05:30
2020-03-06,SMD-0044,BSE,NSE:BSE-EQ,47.22,47.22,45.57,46.14,1996920,FYERS_HISTORY,2026-08-08T23:06:01+05:30
2020-03-09,SMD-0044,BSE,NSE:BSE-EQ,45.54,45.54,43.67,44.43,2448783,FYERS_HISTORY,2026-08-08T23:06:01+05:30
2020-03-11,SMD-0044,BSE,NSE:BSE-EQ,44.33,45.24,43.33,43.46,1366821,FYERS_HISTORY,2026-08-08T23:06:01+05:30
2020-03-12,SMD-0044,BSE,NSE:BSE-EQ,42.73,42.73,39.56,40.18,2219751,FYERS_HISTORY,2026-08-08T23:06:01+05:30
2020-03-13,SMD-0044,BSE,NSE:BSE-EQ,39.0,43.8,36.11,40.92,2413215,FYERS_HISTORY,2026-08-08T23:06:01+05:30
2020-03-16,SMD-0044,BSE,NSE:BSE-EQ,40.56,40.56,38.34,39.11,1740015,FYERS_HISTORY,2026-08-08T23:06:01+05:30
2020-03-17,SMD-0044,BSE,NSE:BSE-EQ,38.11,39.11,37.56,37.84,1357389,FYERS_HISTORY,2026-08-08T23:06:01+05:30
2020-03-18,SMD-0044,BSE,NSE:BSE-EQ,38.21,39.28,35.13,35.69,1566801,FYERS_HISTORY,2026-08-08T23:06:01+05:30
2020-03-19,SMD-0044,BSE,NSE:BSE-EQ,35.56,35.56,33.33,34.0,2516346,FYERS_HISTORY,2026-08-08T23:06:01+05:30
2020-03-20,SMD-0044,BSE,NSE:BSE-EQ,34.44,35.82,33.58,34.81,2023182,FYERS_HISTORY,2026-08-08T23:06:01+05:30
2020-03-23,SMD-0044,BSE,NSE:BSE-EQ,33.33,33.56,31.11,31.48,2022174,FYERS_HISTORY,2026-08-08T23:06:01+05:30
2020-03-24,SMD-0044,BSE,NSE:BSE-EQ,31.65,32.99,30.56,31.52,1343898,FYERS_HISTORY,2026-08-08T23:06:01+05:30
2020-03-25,SMD-0044,BSE,NSE:BSE-EQ,30.56,33.82,30.56,33.32,2153421,FYERS_HISTORY,2026-08-08T23:06:01+05:30
2020-03-26,SMD-0044,BSE,NSE:BSE-EQ,33.67,34.44,30.89,33.38,2894913,FYERS_HISTORY,2026-08-08T23:06:01+05:30
2020-03-27,SMD-0044,BSE,NSE:BSE-EQ,34.33,35.33,33.26,33.39,2508030,FYERS_HISTORY,2026-08-08T23:06:01+05:30
2020-03-30,SMD-0044,BSE,NSE:BSE-EQ,33.33,33.33,32.02,32.27,1669572,FYERS_HISTORY,2026-08-08T23:06:01+05:30
2020-03-31,SMD-0044,BSE,NSE:BSE-EQ,33.0,33.51,32.58,32.98,2139795,FYERS_HISTORY,2026-08-08T23:06:01+05:30
2020-04-01,SMD-0044,BSE,NSE:BSE-EQ,32.93,33.32,32.46,32.88,1120851,FYERS_HISTORY,2026-08-08T23:06:01+05:30
2020-04-03,SMD-0044,BSE,NSE:BSE-EQ,33.11,33.22,32.1,33.0,874485,FYERS_HISTORY,2026-08-08T23:06:01+05:30
2020-04-07,SMD-0044,BSE,NSE:BSE-EQ,34.11,34.77,33.59,34.0,2448171,FYERS_HISTORY,2026-08-08T23:06:01+05:30
2020-04-08,SMD-0044,BSE,NSE:BSE-EQ,34.0,35.7,33.63,35.07,2472750,FYERS_HISTORY,2026-08-08T23:06:01+05:30
2020-04-09,SMD-0044,BSE,NSE:BSE-EQ,35.98,37.08,35.22,36.7,3160611,FYERS_HISTORY,2026-08-08T23:06:01+05:30
2020-04-13,SMD-0044,BSE,NSE:BSE-EQ,37.67,37.67,35.58,36.73,2005839,FYERS_HISTORY,2026-08-08T23:06:01+05:30
2020-04-15,SMD-0044,BSE,NSE:BSE-EQ,37.17,38.33,36.78,37.39,2428380,FYERS_HISTORY,2026-08-08T23:06:01+05:30
2020-04-16,SMD-0044,BSE,NSE:BSE-EQ,37.44,41.0,37.25,40.22,2431593,FYERS_HISTORY,2026-08-08T23:06:01+05:30
2020-04-17,SMD-0044,BSE,NSE:BSE-EQ,41.67,43.22,40.56,42.91,3225033,FYERS_HISTORY,2026-08-08T23:06:01+05:30
2020-04-20,SMD-0044,BSE,NSE:BSE-EQ,42.91,43.59,41.67,41.98,1696986,FYERS_HISTORY,2026-08-08T23:06:01+05:30
2020-04-21,SMD-0044,BSE,NSE:BSE-EQ,41.11,41.11,39.81,40.56,1142091,FYERS_HISTORY,2026-08-08T23:06:01+05:30
2020-04-22,SMD-0044,BSE,NSE:BSE-EQ,40.0,40.97,39.44,40.58,893070,FYERS_HISTORY,2026-08-08T23:06:01+05:30
2020-04-23,SMD-0044,BSE,NSE:BSE-EQ,40.8,41.74,40.62,41.07,939708,FYERS_HISTORY,2026-08-08T23:06:01+05:30
2020-04-24,SMD-0044,BSE,NSE:BSE-EQ,40.67,40.74,39.81,39.89,1126260,FYERS_HISTORY,2026-08-08T23:06:01+05:30
2020-04-27,SMD-0044,BSE,NSE:BSE-EQ,40.52,40.91,40.15,40.53,673389,FYERS_HISTORY,2026-08-08T23:06:01+05:30
2020-04-28,SMD-0044,BSE,NSE:BSE-EQ,40.79,41.88,40.06,41.13,2118933,FYERS_HISTORY,2026-08-08T23:06:01+05:30
2020-04-29,SMD-0044,BSE,NSE:BSE-EQ,41.44,42.48,41.22,41.95,1375506,FYERS_HISTORY,2026-08-08T23:06:01+05:30
2020-04-30,SMD-0044,BSE,NSE:BSE-EQ,42.53,45.33,42.41,43.42,6476274,FYERS_HISTORY,2026-08-08T23:06:01+05:30
2020-05-04,SMD-0044,BSE,NSE:BSE-EQ,42.78,42.89,41.44,42.07,1380267,FYERS_HISTORY,2026-08-08T23:06:01+05:30
2020-05-05,SMD-0044,BSE,NSE:BSE-EQ,42.67,43.33,41.67,41.82,1764342,FYERS_HISTORY,2026-08-08T23:06:01+05:30
2020-05-06,SMD-0044,BSE,NSE:BSE-EQ,42.0,42.67,41.29,42.35,857448,FYERS_HISTORY,2026-08-08T23:06:01+05:30
2020-05-07,SMD-0044,BSE,NSE:BSE-EQ,42.22,43.08,42.08,42.89,866583,FYERS_HISTORY,2026-08-08T23:06:01+05:30
2020-05-08,SMD-0044,BSE,NSE:BSE-EQ,43.11,43.78,42.34,42.64,820755,FYERS_HISTORY,2026-08-08T23:06:01+05:30
2020-05-11,SMD-0044,BSE,NSE:BSE-EQ,43.3,43.78,42.78,43.16,1244601,FYERS_HISTORY,2026-08-08T23:06:01+05:30
2020-05-12,SMD-0044,BSE,NSE:BSE-EQ,42.78,43.0,41.87,42.33,930780,FYERS_HISTORY,2026-08-08T23:06:01+05:30
2020-05-13,SMD-0044,BSE,NSE:BSE-EQ,44.0,46.56,42.58,45.78,3372417,FYERS_HISTORY,2026-08-08T23:06:01+05:30
2020-05-14,SMD-0044,BSE,NSE:BSE-EQ,44.53,47.24,44.24,46.32,2839923,FYERS_HISTORY,2026-08-08T23:06:01+05:30
2020-05-15,SMD-0044,BSE,NSE:BSE-EQ,46.32,48.87,45.67,47.46,4172400,FYERS_HISTORY,2026-08-08T23:06:01+05:30
2020-05-18,SMD-0044,BSE,NSE:BSE-EQ,47.23,48.71,45.57,47.78,3020760,FYERS_HISTORY,2026-08-08T23:06:01+05:30
2020-05-19,SMD-0044,BSE,NSE:BSE-EQ,47.78,51.43,47.78,49.87,5409513,FYERS_HISTORY,2026-08-08T23:06:01+05:30
2020-05-20,SMD-0044,BSE,NSE:BSE-EQ,50.17,51.1,49.25,49.66,1706472,FYERS_HISTORY,2026-08-08T23:06:01+05:30
2020-05-21,SMD-0044,BSE,NSE:BSE-EQ,48.94,50.22,47.67,48.14,1278288,FYERS_HISTORY,2026-08-08T23:06:01+05:30
2020-05-22,SMD-0044,BSE,NSE:BSE-EQ,46.11,46.67,43.72,44.07,4903443,FYERS_HISTORY,2026-08-08T23:06:01+05:30
2020-05-26,SMD-0044,BSE,NSE:BSE-EQ,43.88,44.28,42.78,43.06,1610586,FYERS_HISTORY,2026-08-08T23:06:01+05:30
2020-05-27,SMD-0044,BSE,NSE:BSE-EQ,42.78,43.94,42.22,43.33,1633212,FYERS_HISTORY,2026-08-08T23:06:01+05:30
2020-05-28,SMD-0044,BSE,NSE:BSE-EQ,43.48,44.67,43.48,43.97,1243872,FYERS_HISTORY,2026-08-08T23:06:01+05:30
2020-05-29,SMD-0044,BSE,NSE:BSE-EQ,43.57,44.99,41.46,41.99,2997684,FYERS_HISTORY,2026-08-08T23:06:01+05:30
2020-06-01,SMD-0044,BSE,NSE:BSE-EQ,42.44,43.38,42.24,42.87,1891089,FYERS_HISTORY,2026-08-08T23:06:01+05:30
2020-06-02,SMD-0044,BSE,NSE:BSE-EQ,43.11,43.89,42.89,43.42,1263474,FYERS_HISTORY,2026-08-08T23:06:01+05:30
2020-06-03,SMD-0044,BSE,NSE:BSE-EQ,44.06,44.63,43.42,43.68,1553553,FYERS_HISTORY,2026-08-08T23:06:01+05:30
2020-06-04,SMD-0044,BSE,NSE:BSE-EQ,43.83,44.05,42.79,43.42,1062387,FYERS_HISTORY,2026-08-08T23:06:01+05:30
2020-06-05,SMD-0044,BSE,NSE:BSE-EQ,43.46,45.94,43.46,45.39,2063763,FYERS_HISTORY,2026-08-08T23:06:01+05:30
2020-06-08,SMD-0044,BSE,NSE:BSE-EQ,45.47,46.29,43.8,44.21,1831707,FYERS_HISTORY,2026-08-08T23:06:01+05:30
2020-06-09,SMD-0044,BSE,NSE:BSE-EQ,44.22,45.56,43.6,44.02,1114182,FYERS_HISTORY,2026-08-08T23:06:01+05:30
2020-06-10,SMD-0044,BSE,NSE:BSE-EQ,44.12,44.67,43.67,44.2,637164,FYERS_HISTORY,2026-08-08T23:06:01+05:30
2020-06-11,SMD-0044,BSE,NSE:BSE-EQ,43.48,44.33,43.48,43.78,651375,FYERS_HISTORY,2026-08-08T23:06:01+05:30
2020-06-12,SMD-0044,BSE,NSE:BSE-EQ,42.78,43.78,42.39,43.35,964935,FYERS_HISTORY,2026-08-08T23:06:01+05:30
2020-06-15,SMD-0044,BSE,NSE:BSE-EQ,43.35,44.0,43.0,43.11,675549,FYERS_HISTORY,2026-08-08T23:06:01+05:30
2020-06-16,SMD-0044,BSE,NSE:BSE-EQ,43.89,44.23,42.67,43.41,826416,FYERS_HISTORY,2026-08-08T23:06:01+05:30
2020-06-17,SMD-0044,BSE,NSE:BSE-EQ,43.02,43.78,42.81,43.03,748854,FYERS_HISTORY,2026-08-08T23:06:01+05:30
2020-06-18,SMD-0044,BSE,NSE:BSE-EQ,43.11,45.56,42.99,45.07,1797921,FYERS_HISTORY,2026-08-08T23:06:01+05:30
2020-06-19,SMD-0044,BSE,NSE:BSE-EQ,45.44,46.94,45.22,45.88,2576682,FYERS_HISTORY,2026-08-08T23:06:01+05:30
2020-06-22,SMD-0044,BSE,NSE:BSE-EQ,46.33,47.11,46.0,46.75,1419192,FYERS_HISTORY,2026-08-08T23:06:01+05:30
2020-06-23,SMD-0044,BSE,NSE:BSE-EQ,56.09,56.09,50.67,51.16,16062084,FYERS_HISTORY,2026-08-08T23:06:01+05:30
2020-06-24,SMD-0044,BSE,NSE:BSE-EQ,51.54,52.07,50.01,50.37,3682377,FYERS_HISTORY,2026-08-08T23:06:01+05:30
2020-06-25,SMD-0044,BSE,NSE:BSE-EQ,49.0,51.43,49.0,51.09,2200959,FYERS_HISTORY,2026-08-08T23:06:01+05:30
2020-06-26,SMD-0044,BSE,NSE:BSE-EQ,51.33,51.56,50.06,50.36,1420353,FYERS_HISTORY,2026-08-08T23:06:01+05:30
2020-06-29,SMD-0044,BSE,NSE:BSE-EQ,50.36,51.36,48.5,50.33,1855728,FYERS_HISTORY,2026-08-08T23:06:01+05:30
2020-06-30,SMD-0044,BSE,NSE:BSE-EQ,51.1,51.11,49.12,49.31,1690659,FYERS_HISTORY,2026-08-08T23:06:01+05:30
2020-07-01,SMD-0044,BSE,NSE:BSE-EQ,48.94,53.11,48.94,52.43,4795668,FYERS_HISTORY,2026-08-08T23:06:01+05:30
2020-07-02,SMD-0044,BSE,NSE:BSE-EQ,52.89,53.21,51.71,52.62,2452869,FYERS_HISTORY,2026-08-08T23:06:01+05:30
2020-07-03,SMD-0044,BSE,NSE:BSE-EQ,52.56,53.33,51.81,52.21,1561851,FYERS_HISTORY,2026-08-08T23:06:01+05:30
2020-07-06,SMD-0044,BSE,NSE:BSE-EQ,52.78,54.27,52.46,53.49,2648232,FYERS_HISTORY,2026-08-08T23:06:01+05:30
2020-07-07,SMD-0044,BSE,NSE:BSE-EQ,53.56,56.0,52.94,55.6,7944408,FYERS_HISTORY,2026-08-08T23:06:01+05:30
2020-07-08,SMD-0044,BSE,NSE:BSE-EQ,56.11,56.66,55.27,55.54,3732732,FYERS_HISTORY,2026-08-08T23:06:01+05:30
2020-07-09,SMD-0044,BSE,NSE:BSE-EQ,55.56,58.88,55.11,58.18,7313535,FYERS_HISTORY,2026-08-08T23:06:01+05:30
2020-07-10,SMD-0044,BSE,NSE:BSE-EQ,57.78,57.78,55.67,55.88,2819268,FYERS_HISTORY,2026-08-08T23:06:01+05:30
2020-07-13,SMD-0044,BSE,NSE:BSE-EQ,56.13,57.16,55.89,56.08,1866015,FYERS_HISTORY,2026-08-08T23:06:01+05:30
2020-07-14,SMD-0044,BSE,NSE:BSE-EQ,55.57,56.0,54.11,54.63,1784133,FYERS_HISTORY,2026-08-08T23:06:01+05:30
2020-07-15,SMD-0044,BSE,NSE:BSE-EQ,55.0,56.75,55.0,55.49,1774881,FYERS_HISTORY,2026-08-08T23:06:01+05:30
2020-07-16,SMD-0044,BSE,NSE:BSE-EQ,55.92,55.92,54.67,54.77,1374021,FYERS_HISTORY,2026-08-08T23:06:01+05:30
2020-07-17,SMD-0044,BSE,NSE:BSE-EQ,54.84,56.63,54.84,56.31,1480815,FYERS_HISTORY,2026-08-08T23:06:01+05:30
2020-07-20,SMD-0044,BSE,NSE:BSE-EQ,56.67,58.11,56.47,57.74,3487878,FYERS_HISTORY,2026-08-08T23:06:01+05:30
2020-07-21,SMD-0044,BSE,NSE:BSE-EQ,57.79,59.08,57.0,57.67,2779632,FYERS_HISTORY,2026-08-08T23:06:01+05:30
2020-07-22,SMD-0044,BSE,NSE:BSE-EQ,55.14,57.99,55.14,56.31,2007369,FYERS_HISTORY,2026-08-08T23:06:01+05:30
2020-07-23,SMD-0044,BSE,NSE:BSE-EQ,56.11,56.49,55.67,55.94,1106622,FYERS_HISTORY,2026-08-08T23:06:01+05:30
2020-07-24,SMD-0044,BSE,NSE:BSE-EQ,56.23,56.56,54.22,54.81,2006577,FYERS_HISTORY,2026-08-08T23:06:01+05:30
2020-07-27,SMD-0044,BSE,NSE:BSE-EQ,55.0,62.08,53.56,56.89,21939615,FYERS_HISTORY,2026-08-08T23:06:01+05:30
2020-07-28,SMD-0044,BSE,NSE:BSE-EQ,56.88,57.71,55.11,56.32,5619780,FYERS_HISTORY,2026-08-08T23:06:01+05:30
2020-07-29,SMD-0044,BSE,NSE:BSE-EQ,56.23,57.38,56.0,56.47,2337723,FYERS_HISTORY,2026-08-08T23:06:01+05:30
2020-07-30,SMD-0044,BSE,NSE:BSE-EQ,56.5,57.11,55.67,55.91,2387394,FYERS_HISTORY,2026-08-08T23:06:01+05:30
2020-07-31,SMD-0044,BSE,NSE:BSE-EQ,56.11,58.0,55.44,57.22,3753729,FYERS_HISTORY,2026-08-08T23:06:01+05:30
2020-08-03,SMD-0044,BSE,NSE:BSE-EQ,57.55,57.99,56.42,56.82,2729367,FYERS_HISTORY,2026-08-08T23:06:01+05:30
2020-08-04,SMD-0044,BSE,NSE:BSE-EQ,57.11,57.23,54.74,55.8,3323583,FYERS_HISTORY,2026-08-08T23:06:01+05:30
2020-08-05,SMD-0044,BSE,NSE:BSE-EQ,55.8,56.55,55.22,55.43,1742607,FYERS_HISTORY,2026-08-08T23:06:01+05:30
2020-08-06,SMD-0044,BSE,NSE:BSE-EQ,55.57,56.0,55.0,55.25,1546983,FYERS_HISTORY,2026-08-08T23:06:01+05:30
2020-08-07,SMD-0044,BSE,NSE:BSE-EQ,55.56,55.67,54.67,54.82,1745289,FYERS_HISTORY,2026-08-08T23:06:01+05:30
2020-08-10,SMD-0044,BSE,NSE:BSE-EQ,54.83,55.89,54.83,55.21,1548135,FYERS_HISTORY,2026-08-08T23:06:01+05:30
2020-08-11,SMD-0044,BSE,NSE:BSE-EQ,55.63,56.76,55.22,56.0,2766564,FYERS_HISTORY,2026-08-08T23:06:01+05:30
2020-08-12,SMD-0044,BSE,NSE:BSE-EQ,55.97,56.38,55.34,55.74,855126,FYERS_HISTORY,2026-08-08T23:06:01+05:30
2020-08-13,SMD-0044,BSE,NSE:BSE-EQ,56.0,56.19,54.78,55.0,1761354,FYERS_HISTORY,2026-08-08T23:06:01+05:30
2020-08-14,SMD-0044,BSE,NSE:BSE-EQ,55.11,55.43,54.24,54.43,1518867,FYERS_HISTORY,2026-08-08T23:06:01+05:30
2020-08-17,SMD-0044,BSE,NSE:BSE-EQ,54.78,54.88,53.51,54.23,1628622,FYERS_HISTORY,2026-08-08T23:06:01+05:30
2020-08-18,SMD-0044,BSE,NSE:BSE-EQ,54.0,54.81,54.0,54.3,927900,FYERS_HISTORY,2026-08-08T23:06:01+05:30
2020-08-19,SMD-0044,BSE,NSE:BSE-EQ,54.45,54.72,54.27,54.42,921231,FYERS_HISTORY,2026-08-08T23:06:01+05:30
2020-08-20,SMD-0044,BSE,NSE:BSE-EQ,54.11,55.04,53.78,54.44,1062486,FYERS_HISTORY,2026-08-08T23:06:01+05:30
2020-08-21,SMD-0044,BSE,NSE:BSE-EQ,54.68,54.97,54.44,54.5,1258713,FYERS_HISTORY,2026-08-08T23:06:01+05:30
2020-08-24,SMD-0044,BSE,NSE:BSE-EQ,54.96,55.66,54.46,54.63,2238399,FYERS_HISTORY,2026-08-08T23:06:01+05:30
2020-08-25,SMD-0044,BSE,NSE:BSE-EQ,55.22,55.31,54.61,54.81,1311192,FYERS_HISTORY,2026-08-08T23:06:01+05:30
2020-08-26,SMD-0044,BSE,NSE:BSE-EQ,54.81,55.08,53.96,54.54,1754208,FYERS_HISTORY,2026-08-08T23:06:01+05:30
2020-08-27,SMD-0044,BSE,NSE:BSE-EQ,54.13,57.77,54.13,57.18,8978058,FYERS_HISTORY,2026-08-08T23:06:01+05:30
2020-08-28,SMD-0044,BSE,NSE:BSE-EQ,57.22,58.41,56.78,57.85,5155119,FYERS_HISTORY,2026-08-08T23:06:01+05:30
2020-08-31,SMD-0044,BSE,NSE:BSE-EQ,58.33,58.74,54.63,55.36,4108959,FYERS_HISTORY,2026-08-08T23:06:01+05:30
2020-09-01,SMD-0044,BSE,NSE:BSE-EQ,55.46,56.33,54.64,56.01,1086939,FYERS_HISTORY,2026-08-08T23:06:01+05:30
2020-09-02,SMD-0044,BSE,NSE:BSE-EQ,56.38,60.89,55.82,60.12,21586086,FYERS_HISTORY,2026-08-08T23:06:01+05:30
2020-09-03,SMD-0044,BSE,NSE:BSE-EQ,61.11,62.66,60.22,60.64,12896640,FYERS_HISTORY,2026-08-08T23:06:01+05:30
2020-09-04,SMD-0044,BSE,NSE:BSE-EQ,58.89,60.56,58.02,58.28,5230710,FYERS_HISTORY,2026-08-08T23:06:01+05:30
2020-09-07,SMD-0044,BSE,NSE:BSE-EQ,58.33,60.0,56.76,59.37,4192695,FYERS_HISTORY,2026-08-08T23:06:01+05:30
2020-09-08,SMD-0044,BSE,NSE:BSE-EQ,59.58,59.92,56.68,57.13,2238705,FYERS_HISTORY,2026-08-08T23:06:01+05:30
2020-09-09,SMD-0044,BSE,NSE:BSE-EQ,58.22,60.55,58.0,58.92,9369432,FYERS_HISTORY,2026-08-08T23:06:01+05:30
2020-09-10,SMD-0044,BSE,NSE:BSE-EQ,59.71,60.46,58.89,59.34,4315095,FYERS_HISTORY,2026-08-08T23:06:01+05:30
2020-09-11,SMD-0044,BSE,NSE:BSE-EQ,59.67,59.87,58.36,58.87,1462572,FYERS_HISTORY,2026-08-08T23:06:01+05:30
2020-09-14,SMD-0044,BSE,NSE:BSE-EQ,59.0,62.04,59.0,61.54,8736480,FYERS_HISTORY,2026-08-08T23:06:01+05:30
2020-09-15,SMD-0044,BSE,NSE:BSE-EQ,62.67,66.44,61.22,65.07,30238047,FYERS_HISTORY,2026-08-08T23:06:01+05:30
2020-09-16,SMD-0044,BSE,NSE:BSE-EQ,66.38,67.56,64.86,65.74,12815703,FYERS_HISTORY,2026-08-08T23:06:01+05:30
2020-09-17,SMD-0044,BSE,NSE:BSE-EQ,65.17,65.67,63.83,64.18,3667239,FYERS_HISTORY,2026-08-08T23:06:01+05:30
2020-09-18,SMD-0044,BSE,NSE:BSE-EQ,64.44,64.93,62.81,63.1,2834910,FYERS_HISTORY,2026-08-08T23:06:01+05:30
2020-09-21,SMD-0044,BSE,NSE:BSE-EQ,63.22,64.11,59.22,59.63,2941713,FYERS_HISTORY,2026-08-08T23:06:01+05:30
2020-09-22,SMD-0044,BSE,NSE:BSE-EQ,59.56,61.07,56.67,60.25,4888107,FYERS_HISTORY,2026-08-08T23:06:01+05:30
2020-09-23,SMD-0044,BSE,NSE:BSE-EQ,61.0,61.56,58.46,59.82,4459815,FYERS_HISTORY,2026-08-08T23:06:01+05:30
2020-09-24,SMD-0044,BSE,NSE:BSE-EQ,59.04,59.76,57.56,57.86,2945700,FYERS_HISTORY,2026-08-08T23:06:01+05:30
2020-09-25,SMD-0044,BSE,NSE:BSE-EQ,58.84,60.14,57.96,59.77,2211813,FYERS_HISTORY,2026-08-08T23:06:01+05:30
2020-09-28,SMD-0044,BSE,NSE:BSE-EQ,60.22,62.0,59.77,61.02,4507164,FYERS_HISTORY,2026-08-08T23:06:01+05:30
2020-09-29,SMD-0044,BSE,NSE:BSE-EQ,61.44,61.56,59.58,60.21,2367576,FYERS_HISTORY,2026-08-08T23:06:01+05:30
2020-09-30,SMD-0044,BSE,NSE:BSE-EQ,60.54,61.78,60.03,60.64,2382876,FYERS_HISTORY,2026-08-08T23:06:01+05:30
2020-10-01,SMD-0044,BSE,NSE:BSE-EQ,61.1,61.47,60.0,60.24,1634139,FYERS_HISTORY,2026-08-08T23:06:01+05:30
2020-10-05,SMD-0044,BSE,NSE:BSE-EQ,60.49,60.89,59.26,60.23,1263249,FYERS_HISTORY,2026-08-08T23:06:01+05:30
2020-10-06,SMD-0044,BSE,NSE:BSE-EQ,60.11,61.77,60.1,61.17,2085615,FYERS_HISTORY,2026-08-08T23:06:01+05:30
2020-10-07,SMD-0044,BSE,NSE:BSE-EQ,61.11,61.32,59.78,59.93,1179729,FYERS_HISTORY,2026-08-08T23:06:01+05:30
2020-10-08,SMD-0044,BSE,NSE:BSE-EQ,60.36,60.77,57.89,58.12,2030436,FYERS_HISTORY,2026-08-08T23:06:01+05:30
2020-10-09,SMD-0044,BSE,NSE:BSE-EQ,58.01,59.01,57.79,58.57,1279692,FYERS_HISTORY,2026-08-08T23:06:01+05:30
2020-10-12,SMD-0044,BSE,NSE:BSE-EQ,58.57,59.17,57.38,58.59,1477530,FYERS_HISTORY,2026-08-08T23:06:01+05:30
2020-10-13,SMD-0044,BSE,NSE:BSE-EQ,58.34,58.7,57.78,58.1,953478,FYERS_HISTORY,2026-08-08T23:06:01+05:30
2020-10-14,SMD-0044,BSE,NSE:BSE-EQ,58.1,58.84,57.55,58.27,1599093,FYERS_HISTORY,2026-08-08T23:06:01+05:30
2020-10-15,SMD-0044,BSE,NSE:BSE-EQ,58.24,58.67,57.65,57.91,1492056,FYERS_HISTORY,2026-08-08T23:06:01+05:30
2020-10-16,SMD-0044,BSE,NSE:BSE-EQ,58.0,58.66,57.78,58.33,1905570,FYERS_HISTORY,2026-08-08T23:06:01+05:30
2020-10-19,SMD-0044,BSE,NSE:BSE-EQ,58.89,59.17,56.44,57.58,2340333,FYERS_HISTORY,2026-08-08T23:06:01+05:30
2020-10-20,SMD-0044,BSE,NSE:BSE-EQ,57.67,58.06,57.06,57.44,807309,FYERS_HISTORY,2026-08-08T23:06:01+05:30
2020-10-21,SMD-0044,BSE,NSE:BSE-EQ,57.56,58.27,56.53,56.8,2429442,FYERS_HISTORY,2026-08-08T23:06:01+05:30
2020-10-22,SMD-0044,BSE,NSE:BSE-EQ,56.67,57.79,56.67,57.31,929925,FYERS_HISTORY,2026-08-08T23:06:01+05:30
2020-10-23,SMD-0044,BSE,NSE:BSE-EQ,57.56,58.35,57.33,58.21,1920177,FYERS_HISTORY,2026-08-08T23:06:01+05:30
2020-10-26,SMD-0044,BSE,NSE:BSE-EQ,58.44,58.73,56.61,56.78,1548099,FYERS_HISTORY,2026-08-08T23:06:01+05:30
2020-10-27,SMD-0044,BSE,NSE:BSE-EQ,56.89,57.22,56.11,56.37,1566558,FYERS_HISTORY,2026-08-08T23:06:01+05:30
2020-10-28,SMD-0044,BSE,NSE:BSE-EQ,56.78,56.78,56.02,56.31,1031616,FYERS_HISTORY,2026-08-08T23:06:01+05:30
2020-10-29,SMD-0044,BSE,NSE:BSE-EQ,56.11,56.36,55.28,55.71,1274607,FYERS_HISTORY,2026-08-08T23:06:01+05:30
2020-10-30,SMD-0044,BSE,NSE:BSE-EQ,55.89,56.48,54.56,54.82,1888236,FYERS_HISTORY,2026-08-08T23:06:01+05:30
2020-11-02,SMD-0044,BSE,NSE:BSE-EQ,55.0,55.56,52.78,53.47,2608380,FYERS_HISTORY,2026-08-08T23:06:01+05:30
2020-11-03,SMD-0044,BSE,NSE:BSE-EQ,53.89,55.3,52.56,53.13,3050397,FYERS_HISTORY,2026-08-08T23:06:01+05:30
2020-11-04,SMD-0044,BSE,NSE:BSE-EQ,53.11,54.67,51.78,52.52,5263128,FYERS_HISTORY,2026-08-08T23:06:01+05:30
2020-11-05,SMD-0044,BSE,NSE:BSE-EQ,53.11,55.11,52.81,54.72,2886057,FYERS_HISTORY,2026-08-08T23:06:01+05:30
2020-11-06,SMD-0044,BSE,NSE:BSE-EQ,55.0,56.11,54.78,55.73,1407105,FYERS_HISTORY,2026-08-08T23:06:01+05:30
2020-11-09,SMD-0044,BSE,NSE:BSE-EQ,56.21,56.21,55.22,55.45,1091304,FYERS_HISTORY,2026-08-08T23:06:01+05:30
2020-11-10,SMD-0044,BSE,NSE:BSE-EQ,56.11,56.11,54.63,55.24,1294182,FYERS_HISTORY,2026-08-08T23:06:01+05:30
2020-11-11,SMD-0044,BSE,NSE:BSE-EQ,55.24,55.56,54.33,54.78,1143027,FYERS_HISTORY,2026-08-08T23:06:01+05:30
2020-11-12,SMD-0044,BSE,NSE:BSE-EQ,54.94,55.77,54.51,55.13,1217466,FYERS_HISTORY,2026-08-08T23:06:01+05:30
2020-11-13,SMD-0044,BSE,NSE:BSE-EQ,55.24,56.64,54.85,56.34,1985058,FYERS_HISTORY,2026-08-08T23:06:01+05:30
2020-11-14,SMD-0044,BSE,NSE:BSE-EQ,56.67,60.67,56.14,58.18,4100940,FYERS_HISTORY,2026-08-08T23:06:01+05:30
2020-11-17,SMD-0044,BSE,NSE:BSE-EQ,58.67,59.72,57.22,59.19,4084452,FYERS_HISTORY,2026-08-08T23:06:01+05:30
2020-11-18,SMD-0044,BSE,NSE:BSE-EQ,59.33,59.33,57.84,58.02,1156005,FYERS_HISTORY,2026-08-08T23:06:01+05:30
2020-11-19,SMD-0044,BSE,NSE:BSE-EQ,58.09,60.22,57.79,58.01,4080402,FYERS_HISTORY,2026-08-08T23:06:01+05:30
2020-11-20,SMD-0044,BSE,NSE:BSE-EQ,57.78,62.22,57.78,61.64,13671675,FYERS_HISTORY,2026-08-08T23:06:01+05:30
2020-11-23,SMD-0044,BSE,NSE:BSE-EQ,62.78,65.33,62.78,63.54,11249352,FYERS_HISTORY,2026-08-08T23:06:01+05:30
2020-11-24,SMD-0044,BSE,NSE:BSE-EQ,63.78,63.78,61.78,62.18,2911788,FYERS_HISTORY,2026-08-08T23:06:01+05:30
2020-11-25,SMD-0044,BSE,NSE:BSE-EQ,62.78,63.29,61.23,61.59,2291913,FYERS_HISTORY,2026-08-08T23:06:01+05:30
2020-11-26,SMD-0044,BSE,NSE:BSE-EQ,61.11,62.0,61.02,61.18,1346094,FYERS_HISTORY,2026-08-08T23:06:01+05:30
2020-11-27,SMD-0044,BSE,NSE:BSE-EQ,61.67,62.77,61.17,61.49,1953207,FYERS_HISTORY,2026-08-08T23:06:01+05:30
2020-12-01,SMD-0044,BSE,NSE:BSE-EQ,61.56,62.44,60.51,60.94,2287332,FYERS_HISTORY,2026-08-08T23:06:01+05:30
2020-12-02,SMD-0044,BSE,NSE:BSE-EQ,61.11,61.92,60.79,61.1,1221030,FYERS_HISTORY,2026-08-08T23:06:01+05:30
2020-12-03,SMD-0044,BSE,NSE:BSE-EQ,61.54,62.44,61.14,61.92,4239639,FYERS_HISTORY,2026-08-08T23:06:01+05:30
2020-12-04,SMD-0044,BSE,NSE:BSE-EQ,62.22,63.56,61.67,63.23,7454196,FYERS_HISTORY,2026-08-08T23:06:01+05:30
2020-12-07,SMD-0044,BSE,NSE:BSE-EQ,63.42,64.43,62.21,62.9,3099555,FYERS_HISTORY,2026-08-08T23:06:01+05:30
2020-12-08,SMD-0044,BSE,NSE:BSE-EQ,63.33,63.33,62.06,62.44,1635615,FYERS_HISTORY,2026-08-08T23:06:01+05:30
2020-12-09,SMD-0044,BSE,NSE:BSE-EQ,62.64,70.4,62.13,69.05,32116023,FYERS_HISTORY,2026-08-08T23:06:01+05:30
2020-12-10,SMD-0044,BSE,NSE:BSE-EQ,70.0,72.16,67.56,70.14,31130199,FYERS_HISTORY,2026-08-08T23:06:01+05:30
2020-12-11,SMD-0044,BSE,NSE:BSE-EQ,70.44,70.99,66.67,67.66,10507770,FYERS_HISTORY,2026-08-08T23:06:01+05:30
2020-12-14,SMD-0044,BSE,NSE:BSE-EQ,68.46,69.78,67.89,69.32,7019163,FYERS_HISTORY,2026-08-08T23:06:01+05:30
2020-12-15,SMD-0044,BSE,NSE:BSE-EQ,69.2,70.5,68.02,69.69,6237648,FYERS_HISTORY,2026-08-08T23:06:01+05:30
2020-12-16,SMD-0044,BSE,NSE:BSE-EQ,69.99,70.55,68.78,69.35,3874671,FYERS_HISTORY,2026-08-08T23:06:01+05:30
2020-12-17,SMD-0044,BSE,NSE:BSE-EQ,69.28,69.63,67.28,67.88,4138101,FYERS_HISTORY,2026-08-08T23:06:01+05:30
2020-12-18,SMD-0044,BSE,NSE:BSE-EQ,68.17,69.43,67.33,68.13,4317327,FYERS_HISTORY,2026-08-08T23:06:01+05:30
2020-12-21,SMD-0044,BSE,NSE:BSE-EQ,67.9,71.53,63.44,65.84,18832707,FYERS_HISTORY,2026-08-08T23:06:01+05:30
2020-12-22,SMD-0044,BSE,NSE:BSE-EQ,66.22,67.66,64.1,67.15,6195492,FYERS_HISTORY,2026-08-08T23:06:01+05:30
2020-12-23,SMD-0044,BSE,NSE:BSE-EQ,67.49,68.81,67.2,68.43,3845529,FYERS_HISTORY,2026-08-08T23:06:01+05:30
2020-12-24,SMD-0044,BSE,NSE:BSE-EQ,68.89,69.65,68.14,68.46,3437757,FYERS_HISTORY,2026-08-08T23:06:01+05:30
2020-12-28,SMD-0044,BSE,NSE:BSE-EQ,68.72,69.76,68.48,68.63,2549574,FYERS_HISTORY,2026-08-08T23:06:01+05:30
2020-12-29,SMD-0044,BSE,NSE:BSE-EQ,68.68,69.37,68.01,68.28,2338677,FYERS_HISTORY,2026-08-08T23:06:01+05:30
2020-12-30,SMD-0044,BSE,NSE:BSE-EQ,68.56,68.66,67.39,67.69,1963548,FYERS_HISTORY,2026-08-08T23:06:01+05:30
2020-12-31,SMD-0044,BSE,NSE:BSE-EQ,67.84,69.17,67.41,68.8,4347333,FYERS_HISTORY,2026-08-08T23:06:01+05:30
2021-01-01,SMD-0044,BSE,NSE:BSE-EQ,68.99,71.44,68.99,70.42,11247849,FYERS_HISTORY,2026-08-08T23:06:01+05:30
2021-01-04,SMD-0044,BSE,NSE:BSE-EQ,72.22,73.11,71.33,71.91,8807985,FYERS_HISTORY,2026-08-08T23:06:01+05:30
2021-01-05,SMD-0044,BSE,NSE:BSE-EQ,71.67,71.97,70.57,71.16,3898737,FYERS_HISTORY,2026-08-08T23:06:01+05:30
2021-01-06,SMD-0044,BSE,NSE:BSE-EQ,71.22,72.22,70.13,71.1,4498911,FYERS_HISTORY,2026-08-08T23:06:01+05:30
2021-01-07,SMD-0044,BSE,NSE:BSE-EQ,71.67,72.55,71.0,71.41,7354188,FYERS_HISTORY,2026-08-08T23:06:01+05:30
2021-01-08,SMD-0044,BSE,NSE:BSE-EQ,71.78,72.56,71.13,71.54,5495409,FYERS_HISTORY,2026-08-08T23:06:01+05:30
2021-01-11,SMD-0044,BSE,NSE:BSE-EQ,71.89,72.04,69.61,70.28,3085830,FYERS_HISTORY,2026-08-08T23:06:01+05:30
2021-01-12,SMD-0044,BSE,NSE:BSE-EQ,70.44,71.55,69.99,70.67,2395053,FYERS_HISTORY,2026-08-08T23:06:01+05:30
2021-01-13,SMD-0044,BSE,NSE:BSE-EQ,70.8,71.11,69.33,69.9,2483775,FYERS_HISTORY,2026-08-08T23:06:01+05:30
2021-01-14,SMD-0044,BSE,NSE:BSE-EQ,70.0,70.33,69.33,69.97,1590291,FYERS_HISTORY,2026-08-08T23:06:01+05:30
2021-01-15,SMD-0044,BSE,NSE:BSE-EQ,70.01,70.33,68.65,69.13,1889532,FYERS_HISTORY,2026-08-08T23:06:01+05:30
2021-01-18,SMD-0044,BSE,NSE:BSE-EQ,69.07,69.22,67.59,68.11,1897173,FYERS_HISTORY,2026-08-08T23:06:01+05:30
2021-01-19,SMD-0044,BSE,NSE:BSE-EQ,68.44,69.06,68.18,68.72,1136592,FYERS_HISTORY,2026-08-08T23:06:01+05:30
2021-01-20,SMD-0044,BSE,NSE:BSE-EQ,68.89,68.89,68.32,68.43,1281150,FYERS_HISTORY,2026-08-08T23:06:01+05:30
2021-01-21,SMD-0044,BSE,NSE:BSE-EQ,69.0,69.56,67.17,67.71,3272472,FYERS_HISTORY,2026-08-08T23:06:01+05:30
2021-01-22,SMD-0044,BSE,NSE:BSE-EQ,67.71,68.47,66.33,66.78,2490939,FYERS_HISTORY,2026-08-08T23:06:01+05:30
2021-01-25,SMD-0044,BSE,NSE:BSE-EQ,67.22,67.71,65.15,66.23,1651212,FYERS_HISTORY,2026-08-08T23:06:01+05:30
2021-01-27,SMD-0044,BSE,NSE:BSE-EQ,66.29,66.29,64.44,64.76,2337678,FYERS_HISTORY,2026-08-08T23:06:01+05:30
2021-01-28,SMD-0044,BSE,NSE:BSE-EQ,64.44,66.72,64.02,66.15,2095929,FYERS_HISTORY,2026-08-08T23:06:01+05:30
2021-01-29,SMD-0044,BSE,NSE:BSE-EQ,65.84,66.76,64.73,65.35,1289709,FYERS_HISTORY,2026-08-08T23:06:01+05:30
2021-02-01,SMD-0044,BSE,NSE:BSE-EQ,66.55,67.33,65.0,66.67,2007180,FYERS_HISTORY,2026-08-08T23:06:01+05:30
2021-02-02,SMD-0044,BSE,NSE:BSE-EQ,67.72,69.29,66.81,67.58,3034593,FYERS_HISTORY,2026-08-08T23:06:01+05:30
2021-02-03,SMD-0044,BSE,NSE:BSE-EQ,67.58,69.16,67.01,68.85,4754160,FYERS_HISTORY,2026-08-08T23:06:01+05:30
2021-02-04,SMD-0044,BSE,NSE:BSE-EQ,70.0,70.11,67.91,68.24,5771925,FYERS_HISTORY,2026-08-08T23:06:01+05:30
2021-02-05,SMD-0044,BSE,NSE:BSE-EQ,68.67,68.78,67.46,67.79,2455434,FYERS_HISTORY,2026-08-08T23:06:01+05:30
2021-02-08,SMD-0044,BSE,NSE:BSE-EQ,67.89,68.88,67.22,67.58,2458593,FYERS_HISTORY,2026-08-08T23:06:01+05:30
2021-02-09,SMD-0044,BSE,NSE:BSE-EQ,67.87,69.11,67.0,67.22,3719907,FYERS_HISTORY,2026-08-08T23:06:01+05:30
2021-02-10,SMD-0044,BSE,NSE:BSE-EQ,67.58,67.63,66.28,66.65,2033550,FYERS_HISTORY,2026-08-08T23:06:01+05:30
2021-02-11,SMD-0044,BSE,NSE:BSE-EQ,66.56,67.29,66.44,66.96,2254401,FYERS_HISTORY,2026-08-08T23:06:01+05:30
2021-02-12,SMD-0044,BSE,NSE:BSE-EQ,67.07,67.99,66.0,66.19,3465729,FYERS_HISTORY,2026-08-08T23:06:01+05:30
2021-02-15,SMD-0044,BSE,NSE:BSE-EQ,66.44,69.39,66.44,67.59,9979272,FYERS_HISTORY,2026-08-08T23:06:01+05:30
2021-02-16,SMD-0044,BSE,NSE:BSE-EQ,67.99,68.49,63.51,66.27,5950080,FYERS_HISTORY,2026-08-08T23:06:01+05:30
2021-02-17,SMD-0044,BSE,NSE:BSE-EQ,66.33,67.0,65.0,65.45,3197232,FYERS_HISTORY,2026-08-08T23:06:01+05:30
2021-02-18,SMD-0044,BSE,NSE:BSE-EQ,66.0,66.0,64.92,65.12,2705580,FYERS_HISTORY,2026-08-08T23:06:01+05:30
2021-02-19,SMD-0044,BSE,NSE:BSE-EQ,65.11,66.78,64.68,65.33,3989340,FYERS_HISTORY,2026-08-08T23:06:01+05:30
2021-02-22,SMD-0044,BSE,NSE:BSE-EQ,65.11,65.99,63.67,63.92,3369510,FYERS_HISTORY,2026-08-08T23:06:01+05:30
2021-02-23,SMD-0044,BSE,NSE:BSE-EQ,64.44,64.81,63.44,63.57,3688056,FYERS_HISTORY,2026-08-08T23:06:01+05:30
2021-02-24,SMD-0044,BSE,NSE:BSE-EQ,63.89,66.56,63.89,64.45,2610927,FYERS_HISTORY,2026-08-08T23:06:01+05:30
2021-02-25,SMD-0044,BSE,NSE:BSE-EQ,65.56,65.78,64.46,64.61,2598417,FYERS_HISTORY,2026-08-08T23:06:01+05:30
2021-02-26,SMD-0044,BSE,NSE:BSE-EQ,63.67,65.56,63.59,64.61,4748220,FYERS_HISTORY,2026-08-08T23:06:01+05:30
2021-03-01,SMD-0044,BSE,NSE:BSE-EQ,65.0,65.28,64.01,64.13,2681703,FYERS_HISTORY,2026-08-08T23:06:01+05:30
2021-03-02,SMD-0044,BSE,NSE:BSE-EQ,64.71,65.89,64.71,65.22,3421143,FYERS_HISTORY,2026-08-08T23:06:01+05:30
2021-03-03,SMD-0044,BSE,NSE:BSE-EQ,65.67,66.22,65.1,65.94,3025485,FYERS_HISTORY,2026-08-08T23:06:01+05:30
2021-03-04,SMD-0044,BSE,NSE:BSE-EQ,65.56,67.64,64.97,66.57,4405806,FYERS_HISTORY,2026-08-08T23:06:01+05:30
2021-03-05,SMD-0044,BSE,NSE:BSE-EQ,66.23,66.79,64.78,65.0,3103182,FYERS_HISTORY,2026-08-08T23:06:01+05:30
2021-03-08,SMD-0044,BSE,NSE:BSE-EQ,65.44,65.58,64.22,64.56,2199123,FYERS_HISTORY,2026-08-08T23:06:01+05:30
2021-03-09,SMD-0044,BSE,NSE:BSE-EQ,65.0,65.74,64.78,65.2,2072412,FYERS_HISTORY,2026-08-08T23:06:01+05:30
2021-03-10,SMD-0044,BSE,NSE:BSE-EQ,65.56,65.89,65.0,65.17,1270998,FYERS_HISTORY,2026-08-08T23:06:01+05:30
2021-03-12,SMD-0044,BSE,NSE:BSE-EQ,65.44,65.74,64.66,64.99,2191581,FYERS_HISTORY,2026-08-08T23:06:01+05:30
2021-03-15,SMD-0044,BSE,NSE:BSE-EQ,65.17,65.32,63.44,63.82,2449170,FYERS_HISTORY,2026-08-08T23:06:01+05:30
2021-03-16,SMD-0044,BSE,NSE:BSE-EQ,64.31,64.33,63.33,63.46,3064050,FYERS_HISTORY,2026-08-08T23:06:01+05:30
2021-03-17,SMD-0044,BSE,NSE:BSE-EQ,63.82,64.05,63.06,63.56,2702394,FYERS_HISTORY,2026-08-08T23:06:01+05:30
2021-03-18,SMD-0044,BSE,NSE:BSE-EQ,64.11,64.22,62.91,63.44,2120733,FYERS_HISTORY,2026-08-08T23:06:01+05:30
2021-03-19,SMD-0044,BSE,NSE:BSE-EQ,63.44,63.86,61.44,62.96,2213361,FYERS_HISTORY,2026-08-08T23:06:01+05:30
2021-03-22,SMD-0044,BSE,NSE:BSE-EQ,63.52,63.56,62.49,63.17,1381779,FYERS_HISTORY,2026-08-08T23:06:01+05:30
2021-03-23,SMD-0044,BSE,NSE:BSE-EQ,63.33,63.56,62.61,62.84,1641591,FYERS_HISTORY,2026-08-08T23:06:01+05:30
2021-03-24,SMD-0044,BSE,NSE:BSE-EQ,62.62,62.81,62.0,62.14,2272986,FYERS_HISTORY,2026-08-08T23:06:01+05:30
2021-03-25,SMD-0044,BSE,NSE:BSE-EQ,62.14,62.46,59.5,60.0,3389157,FYERS_HISTORY,2026-08-08T23:06:01+05:30
2021-03-26,SMD-0044,BSE,NSE:BSE-EQ,60.22,61.64,60.22,61.43,2783457,FYERS_HISTORY,2026-08-08T23:06:01+05:30
2021-03-30,SMD-0044,BSE,NSE:BSE-EQ,61.56,63.97,61.37,62.91,3647655,FYERS_HISTORY,2026-08-08T23:06:01+05:30
2021-03-31,SMD-0044,BSE,NSE:BSE-EQ,63.11,64.02,62.47,63.46,2233278,FYERS_HISTORY,2026-08-08T23:06:01+05:30
2021-04-01,SMD-0044,BSE,NSE:BSE-EQ,63.56,65.33,63.11,64.84,1868265,FYERS_HISTORY,2026-08-08T23:06:01+05:30
2021-04-05,SMD-0044,BSE,NSE:BSE-EQ,64.78,64.78,62.14,62.67,2281572,FYERS_HISTORY,2026-08-08T23:06:01+05:30
2021-04-06,SMD-0044,BSE,NSE:BSE-EQ,62.7,66.33,62.34,65.12,7387119,FYERS_HISTORY,2026-08-08T23:06:01+05:30
2021-04-07,SMD-0044,BSE,NSE:BSE-EQ,65.12,69.11,64.78,67.38,13022739,FYERS_HISTORY,2026-08-08T23:06:01+05:30
2021-04-08,SMD-0044,BSE,NSE:BSE-EQ,67.44,68.22,66.84,67.14,4204521,FYERS_HISTORY,2026-08-08T23:06:01+05:30
2021-04-09,SMD-0044,BSE,NSE:BSE-EQ,67.14,68.28,66.33,67.74,2551086,FYERS_HISTORY,2026-08-08T23:06:01+05:30
2021-04-12,SMD-0044,BSE,NSE:BSE-EQ,66.18,66.18,63.39,63.92,3567960,FYERS_HISTORY,2026-08-08T23:06:01+05:30
2021-04-13,SMD-0044,BSE,NSE:BSE-EQ,64.43,64.63,62.59,63.58,2359341,FYERS_HISTORY,2026-08-08T23:06:01+05:30
2021-04-15,SMD-0044,BSE,NSE:BSE-EQ,63.11,67.0,63.11,65.72,2219157,FYERS_HISTORY,2026-08-08T23:06:01+05:30
2021-04-16,SMD-0044,BSE,NSE:BSE-EQ,65.7,66.97,65.25,65.64,2814399,FYERS_HISTORY,2026-08-08T23:06:01+05:30
2021-04-19,SMD-0044,BSE,NSE:BSE-EQ,63.33,64.26,62.78,63.63,2435319,FYERS_HISTORY,2026-08-08T23:06:01+05:30
2021-04-20,SMD-0044,BSE,NSE:BSE-EQ,64.22,66.54,64.11,65.74,3765483,FYERS_HISTORY,2026-08-08T23:06:01+05:30
2021-04-22,SMD-0044,BSE,NSE:BSE-EQ,65.62,67.76,64.86,66.76,4160763,FYERS_HISTORY,2026-08-08T23:06:01+05:30
2021-04-23,SMD-0044,BSE,NSE:BSE-EQ,66.67,67.5,66.11,66.49,1835370,FYERS_HISTORY,2026-08-08T23:06:01+05:30
2021-04-26,SMD-0044,BSE,NSE:BSE-EQ,66.68,67.43,66.12,66.68,1579140,FYERS_HISTORY,2026-08-08T23:06:01+05:30
2021-04-27,SMD-0044,BSE,NSE:BSE-EQ,66.67,69.11,66.47,68.66,6884910,FYERS_HISTORY,2026-08-08T23:06:01+05:30
2021-04-28,SMD-0044,BSE,NSE:BSE-EQ,68.78,69.36,68.22,68.73,4246722,FYERS_HISTORY,2026-08-08T23:06:01+05:30
2021-04-29,SMD-0044,BSE,NSE:BSE-EQ,68.78,69.43,66.92,67.27,1755639,FYERS_HISTORY,2026-08-08T23:06:01+05:30
2021-04-30,SMD-0044,BSE,NSE:BSE-EQ,66.89,68.17,66.11,66.74,1887606,FYERS_HISTORY,2026-08-08T23:06:01+05:30
2021-05-03,SMD-0044,BSE,NSE:BSE-EQ,66.22,69.11,66.0,68.63,3498480,FYERS_HISTORY,2026-08-08T23:06:01+05:30
2021-05-04,SMD-0044,BSE,NSE:BSE-EQ,69.46,71.31,68.39,68.99,10857852,FYERS_HISTORY,2026-08-08T23:06:01+05:30
2021-05-05,SMD-0044,BSE,NSE:BSE-EQ,69.98,70.0,68.78,69.54,2164518,FYERS_HISTORY,2026-08-08T23:06:01+05:30
2021-05-06,SMD-0044,BSE,NSE:BSE-EQ,69.56,77.0,69.23,75.89,32080509,FYERS_HISTORY,2026-08-08T23:06:01+05:30
2021-05-07,SMD-0044,BSE,NSE:BSE-EQ,76.72,80.44,76.67,77.99,23645601,FYERS_HISTORY,2026-08-08T23:06:01+05:30
2021-05-10,SMD-0044,BSE,NSE:BSE-EQ,78.91,79.62,77.22,77.62,4620717,FYERS_HISTORY,2026-08-08T23:06:01+05:30
2021-05-11,SMD-0044,BSE,NSE:BSE-EQ,76.11,79.56,75.79,78.52,6077151,FYERS_HISTORY,2026-08-08T23:06:01+05:30
2021-05-12,SMD-0044,BSE,NSE:BSE-EQ,78.89,83.27,78.78,81.76,17190216,FYERS_HISTORY,2026-08-08T23:06:01+05:30
2021-05-14,SMD-0044,BSE,NSE:BSE-EQ,82.63,85.56,80.34,83.58,16413273,FYERS_HISTORY,2026-08-08T23:06:01+05:30
2021-05-17,SMD-0044,BSE,NSE:BSE-EQ,84.14,85.41,82.36,83.28,7067718,FYERS_HISTORY,2026-08-08T23:06:01+05:30
2021-05-18,SMD-0044,BSE,NSE:BSE-EQ,83.56,86.39,82.91,84.08,8007984,FYERS_HISTORY,2026-08-08T23:06:01+05:30
2021-05-19,SMD-0044,BSE,NSE:BSE-EQ,84.0,85.11,82.92,84.18,4805406,FYERS_HISTORY,2026-08-08T23:06:01+05:30
2021-05-20,SMD-0044,BSE,NSE:BSE-EQ,84.26,84.81,83.01,83.49,3384918,FYERS_HISTORY,2026-08-08T23:06:01+05:30
2021-05-21,SMD-0044,BSE,NSE:BSE-EQ,84.08,85.88,82.67,83.01,4257585,FYERS_HISTORY,2026-08-08T23:06:01+05:30
2021-05-24,SMD-0044,BSE,NSE:BSE-EQ,83.68,88.22,82.94,87.53,13092219,FYERS_HISTORY,2026-08-08T23:06:01+05:30
2021-05-25,SMD-0044,BSE,NSE:BSE-EQ,88.33,89.28,87.19,88.78,12247011,FYERS_HISTORY,2026-08-08T23:06:01+05:30
2021-05-26,SMD-0044,BSE,NSE:BSE-EQ,91.22,104.7,91.11,101.26,77120802,FYERS_HISTORY,2026-08-08T23:06:01+05:30
2021-05-27,SMD-0044,BSE,NSE:BSE-EQ,103.37,105.33,99.22,101.18,37462716,FYERS_HISTORY,2026-08-08T23:06:01+05:30
2021-05-28,SMD-0044,BSE,NSE:BSE-EQ,102.33,105.44,101.11,104.08,21911571,FYERS_HISTORY,2026-08-08T23:06:01+05:30
2021-05-31,SMD-0044,BSE,NSE:BSE-EQ,104.11,108.64,102.81,106.91,24260481,FYERS_HISTORY,2026-08-08T23:06:01+05:30
2021-06-01,SMD-0044,BSE,NSE:BSE-EQ,107.32,107.66,101.95,103.63,11544030,FYERS_HISTORY,2026-08-08T23:06:01+05:30
2021-06-02,SMD-0044,BSE,NSE:BSE-EQ,103.49,104.39,101.78,102.24,6552828,FYERS_HISTORY,2026-08-08T23:06:01+05:30
2021-06-03,SMD-0044,BSE,NSE:BSE-EQ,102.67,105.11,102.31,103.41,5584149,FYERS_HISTORY,2026-08-08T23:06:01+05:30
2021-06-04,SMD-0044,BSE,NSE:BSE-EQ,103.44,105.27,102.37,103.22,5427801,FYERS_HISTORY,2026-08-08T23:06:01+05:30
2021-06-07,SMD-0044,BSE,NSE:BSE-EQ,103.56,104.89,102.33,103.5,4818006,FYERS_HISTORY,2026-08-08T23:06:01+05:30
2021-06-08,SMD-0044,BSE,NSE:BSE-EQ,103.12,104.22,102.01,102.78,3985560,FYERS_HISTORY,2026-08-08T23:06:01+05:30
2021-06-09,SMD-0044,BSE,NSE:BSE-EQ,103.32,103.32,99.46,101.29,5118309,FYERS_HISTORY,2026-08-08T23:06:01+05:30
2021-06-10,SMD-0044,BSE,NSE:BSE-EQ,101.89,105.97,101.33,103.68,11257785,FYERS_HISTORY,2026-08-08T23:06:01+05:30
2021-06-11,SMD-0044,BSE,NSE:BSE-EQ,104.44,105.31,102.44,102.69,4177017,FYERS_HISTORY,2026-08-08T23:06:01+05:30
2021-06-14,SMD-0044,BSE,NSE:BSE-EQ,103.21,104.56,99.57,103.4,5344884,FYERS_HISTORY,2026-08-08T23:06:01+05:30
2021-06-15,SMD-0044,BSE,NSE:BSE-EQ,103.88,106.49,102.82,105.02,14364027,FYERS_HISTORY,2026-08-08T23:06:01+05:30
2021-06-16,SMD-0044,BSE,NSE:BSE-EQ,105.02,105.52,102.91,103.21,4228830,FYERS_HISTORY,2026-08-08T23:06:01+05:30
2021-06-17,SMD-0044,BSE,NSE:BSE-EQ,102.78,103.44,100.47,100.87,4927761,FYERS_HISTORY,2026-08-08T23:06:01+05:30
2021-06-18,SMD-0044,BSE,NSE:BSE-EQ,101.78,102.78,95.21,99.52,6616791,FYERS_HISTORY,2026-08-08T23:06:01+05:30
2021-06-21,SMD-0044,BSE,NSE:BSE-EQ,97.78,101.1,97.04,99.92,4050531,FYERS_HISTORY,2026-08-08T23:06:01+05:30
2021-06-22,SMD-0044,BSE,NSE:BSE-EQ,100.99,101.88,98.33,99.24,3363210,FYERS_HISTORY,2026-08-08T23:06:01+05:30
2021-06-23,SMD-0044,BSE,NSE:BSE-EQ,99.89,100.46,98.27,98.82,1953918,FYERS_HISTORY,2026-08-08T23:06:01+05:30
2021-06-24,SMD-0044,BSE,NSE:BSE-EQ,99.61,99.67,97.53,97.86,1936224,FYERS_HISTORY,2026-08-08T23:06:01+05:30
2021-06-25,SMD-0044,BSE,NSE:BSE-EQ,98.54,102.0,97.78,100.86,4288941,FYERS_HISTORY,2026-08-08T23:06:01+05:30
2021-06-28,SMD-0044,BSE,NSE:BSE-EQ,101.56,103.27,100.37,102.64,7616979,FYERS_HISTORY,2026-08-08T23:06:01+05:30
2021-06-29,SMD-0044,BSE,NSE:BSE-EQ,103.1,103.78,101.11,101.62,3686625,FYERS_HISTORY,2026-08-08T23:06:01+05:30
2021-06-30,SMD-0044,BSE,NSE:BSE-EQ,101.89,102.16,99.67,100.06,2302857,FYERS_HISTORY,2026-08-08T23:06:01+05:30
2021-07-01,SMD-0044,BSE,NSE:BSE-EQ,100.61,100.77,98.78,99.26,2666538,FYERS_HISTORY,2026-08-08T23:06:01+05:30
2021-07-02,SMD-0044,BSE,NSE:BSE-EQ,99.33,107.56,99.33,106.46,26583822,FYERS_HISTORY,2026-08-08T23:06:01+05:30
2021-07-05,SMD-0044,BSE,NSE:BSE-EQ,107.77,111.77,107.22,108.36,22059540,FYERS_HISTORY,2026-08-08T23:06:01+05:30
2021-07-06,SMD-0044,BSE,NSE:BSE-EQ,108.66,109.56,105.48,106.76,6739497,FYERS_HISTORY,2026-08-08T23:06:01+05:30
2021-07-07,SMD-0044,BSE,NSE:BSE-EQ,107.17,107.59,105.57,106.51,4566960,FYERS_HISTORY,2026-08-08T23:06:01+05:30
2021-07-08,SMD-0044,BSE,NSE:BSE-EQ,106.67,112.0,106.51,108.13,14175990,FYERS_HISTORY,2026-08-08T23:06:01+05:30
2021-07-09,SMD-0044,BSE,NSE:BSE-EQ,108.76,109.89,107.96,108.65,5250924,FYERS_HISTORY,2026-08-08T23:06:01+05:30
2021-07-12,SMD-0044,BSE,NSE:BSE-EQ,109.5,112.53,108.24,110.69,15889455,FYERS_HISTORY,2026-08-08T23:06:01+05:30
2021-07-13,SMD-0044,BSE,NSE:BSE-EQ,111.54,123.89,110.33,122.56,79091919,FYERS_HISTORY,2026-08-08T23:06:01+05:30
2021-07-14,SMD-0044,BSE,NSE:BSE-EQ,121.01,125.22,119.56,121.25,38901987,FYERS_HISTORY,2026-08-08T23:06:01+05:30
2021-07-15,SMD-0044,BSE,NSE:BSE-EQ,121.5,130.0,121.37,128.07,47307375,FYERS_HISTORY,2026-08-08T23:06:01+05:30
2021-07-16,SMD-0044,BSE,NSE:BSE-EQ,128.99,134.44,128.67,132.41,41765841,FYERS_HISTORY,2026-08-08T23:06:01+05:30
2021-07-19,SMD-0044,BSE,NSE:BSE-EQ,131.64,156.22,130.36,147.61,109535976,FYERS_HISTORY,2026-08-08T23:06:01+05:30
2021-07-20,SMD-0044,BSE,NSE:BSE-EQ,150.56,156.67,145.18,148.09,59364855,FYERS_HISTORY,2026-08-08T23:06:01+05:30
2021-07-22,SMD-0044,BSE,NSE:BSE-EQ,148.88,150.4,137.28,138.39,17742690,FYERS_HISTORY,2026-08-08T23:06:01+05:30
2021-07-23,SMD-0044,BSE,NSE:BSE-EQ,138.36,139.5,128.78,129.43,15854463,FYERS_HISTORY,2026-08-08T23:06:01+05:30
2021-07-26,SMD-0044,BSE,NSE:BSE-EQ,129.57,141.89,125.56,139.91,23955102,FYERS_HISTORY,2026-08-08T23:06:01+05:30
2021-07-27,SMD-0044,BSE,NSE:BSE-EQ,140.11,143.09,134.44,138.12,11767698,FYERS_HISTORY,2026-08-08T23:06:01+05:30
2021-07-28,SMD-0044,BSE,NSE:BSE-EQ,138.57,138.57,132.79,135.99,5096664,FYERS_HISTORY,2026-08-08T23:06:01+05:30
2021-07-29,SMD-0044,BSE,NSE:BSE-EQ,136.67,140.89,134.56,137.79,6235110,FYERS_HISTORY,2026-08-08T23:06:01+05:30
2021-07-30,SMD-0044,BSE,NSE:BSE-EQ,138.09,141.22,137.62,138.76,5331591,FYERS_HISTORY,2026-08-08T23:06:01+05:30
2021-08-02,SMD-0044,BSE,NSE:BSE-EQ,140.66,142.89,139.76,141.93,6336738,FYERS_HISTORY,2026-08-08T23:06:01+05:30
2021-08-03,SMD-0044,BSE,NSE:BSE-EQ,142.61,143.71,140.11,140.48,3300381,FYERS_HISTORY,2026-08-08T23:06:01+05:30
2021-08-04,SMD-0044,BSE,NSE:BSE-EQ,142.04,142.04,137.59,138.27,3307446,FYERS_HISTORY,2026-08-08T23:06:01+05:30
2021-08-05,SMD-0044,BSE,NSE:BSE-EQ,138.67,139.93,133.33,136.65,4634163,FYERS_HISTORY,2026-08-08T23:06:01+05:30
2021-08-06,SMD-0044,BSE,NSE:BSE-EQ,137.17,137.95,134.94,135.28,2080584,FYERS_HISTORY,2026-08-08T23:06:01+05:30
2021-08-09,SMD-0044,BSE,NSE:BSE-EQ,136.44,136.44,132.34,132.69,3056121,FYERS_HISTORY,2026-08-08T23:06:01+05:30
2021-08-10,SMD-0044,BSE,NSE:BSE-EQ,132.78,133.74,123.33,126.7,5238837,FYERS_HISTORY,2026-08-08T23:06:01+05:30
2021-08-11,SMD-0044,BSE,NSE:BSE-EQ,126.67,127.1,119.01,124.39,7532532,FYERS_HISTORY,2026-08-08T23:06:01+05:30
2021-08-12,SMD-0044,BSE,NSE:BSE-EQ,125.17,129.86,124.61,127.96,4705164,FYERS_HISTORY,2026-08-08T23:06:01+05:30
2021-08-13,SMD-0044,BSE,NSE:BSE-EQ,125.56,128.33,125.56,126.63,2054637,FYERS_HISTORY,2026-08-08T23:06:01+05:30
2021-08-16,SMD-0044,BSE,NSE:BSE-EQ,126.88,126.88,123.46,124.12,1862145,FYERS_HISTORY,2026-08-08T23:06:01+05:30
2021-08-17,SMD-0044,BSE,NSE:BSE-EQ,124.1,124.12,121.07,121.55,2390094,FYERS_HISTORY,2026-08-08T23:06:01+05:30
2021-08-18,SMD-0044,BSE,NSE:BSE-EQ,120.44,130.56,120.44,125.98,6987546,FYERS_HISTORY,2026-08-08T23:06:01+05:30
2021-08-20,SMD-0044,BSE,NSE:BSE-EQ,124.89,127.67,122.79,123.38,3733551,FYERS_HISTORY,2026-08-08T23:06:01+05:30
2021-08-23,SMD-0044,BSE,NSE:BSE-EQ,124.51,125.84,114.79,115.52,4713624,FYERS_HISTORY,2026-08-08T23:06:01+05:30
2021-08-24,SMD-0044,BSE,NSE:BSE-EQ,116.11,119.93,113.69,118.92,5550030,FYERS_HISTORY,2026-08-08T23:06:01+05:30
2021-08-25,SMD-0044,BSE,NSE:BSE-EQ,119.09,121.33,118.33,119.74,3239460,FYERS_HISTORY,2026-08-08T23:06:01+05:30
2021-08-26,SMD-0044,BSE,NSE:BSE-EQ,120.22,123.76,118.56,122.4,4305618,FYERS_HISTORY,2026-08-08T23:06:01+05:30
2021-08-27,SMD-0044,BSE,NSE:BSE-EQ,123.1,125.0,121.27,122.1,2787795,FYERS_HISTORY,2026-08-08T23:06:01+05:30
2021-08-30,SMD-0044,BSE,NSE:BSE-EQ,122.22,134.44,122.11,133.03,13830570,FYERS_HISTORY,2026-08-08T23:06:01+05:30
2021-08-31,SMD-0044,BSE,NSE:BSE-EQ,133.76,135.39,131.37,133.16,6312555,FYERS_HISTORY,2026-08-08T23:06:01+05:30
2021-09-01,SMD-0044,BSE,NSE:BSE-EQ,133.44,134.44,130.66,132.52,4923117,FYERS_HISTORY,2026-08-08T23:06:01+05:30
2021-09-02,SMD-0044,BSE,NSE:BSE-EQ,132.44,134.11,131.11,131.46,2952909,FYERS_HISTORY,2026-08-08T23:06:01+05:30
2021-09-03,SMD-0044,BSE,NSE:BSE-EQ,131.89,137.19,131.11,131.58,8508429,FYERS_HISTORY,2026-08-08T23:06:01+05:30
2021-09-06,SMD-0044,BSE,NSE:BSE-EQ,132.43,132.67,129.44,129.77,3572892,FYERS_HISTORY,2026-08-08T23:06:01+05:30
2021-09-07,SMD-0044,BSE,NSE:BSE-EQ,130.11,130.53,126.18,127.83,2743488,FYERS_HISTORY,2026-08-08T23:06:01+05:30
2021-09-08,SMD-0044,BSE,NSE:BSE-EQ,128.89,133.14,128.89,132.13,6633045,FYERS_HISTORY,2026-08-08T23:06:01+05:30
2021-09-09,SMD-0044,BSE,NSE:BSE-EQ,132.22,141.67,131.91,137.96,22995036,FYERS_HISTORY,2026-08-08T23:06:01+05:30
2021-09-13,SMD-0044,BSE,NSE:BSE-EQ,138.22,139.78,135.57,136.45,7170264,FYERS_HISTORY,2026-08-08T23:06:01+05:30
2021-09-14,SMD-0044,BSE,NSE:BSE-EQ,137.28,139.44,135.69,136.63,5378841,FYERS_HISTORY,2026-08-08T23:06:01+05:30
2021-09-15,SMD-0044,BSE,NSE:BSE-EQ,136.67,138.58,134.56,136.39,4755303,FYERS_HISTORY,2026-08-08T23:06:01+05:30
2021-09-16,SMD-0044,BSE,NSE:BSE-EQ,136.56,138.56,134.89,136.78,5507982,FYERS_HISTORY,2026-08-08T23:06:01+05:30
2021-09-17,SMD-0044,BSE,NSE:BSE-EQ,137.44,137.67,131.42,132.14,5123979,FYERS_HISTORY,2026-08-08T23:06:01+05:30
2021-09-20,SMD-0044,BSE,NSE:BSE-EQ,129.78,133.78,128.33,128.65,3023424,FYERS_HISTORY,2026-08-08T23:06:01+05:30
2021-09-21,SMD-0044,BSE,NSE:BSE-EQ,128.0,130.56,125.81,129.63,3016143,FYERS_HISTORY,2026-08-08T23:06:01+05:30
2021-09-22,SMD-0044,BSE,NSE:BSE-EQ,131.33,132.33,129.18,130.02,2015154,FYERS_HISTORY,2026-08-08T23:06:01+05:30
2021-09-23,SMD-0044,BSE,NSE:BSE-EQ,130.56,133.33,130.22,131.43,2514429,FYERS_HISTORY,2026-08-08T23:06:01+05:30
2021-09-24,SMD-0044,BSE,NSE:BSE-EQ,132.33,132.52,129.22,130.16,2011437,FYERS_HISTORY,2026-08-08T23:06:01+05:30
2021-09-27,SMD-0044,BSE,NSE:BSE-EQ,131.33,141.39,131.33,139.76,22525848,FYERS_HISTORY,2026-08-08T23:06:01+05:30
2021-09-28,SMD-0044,BSE,NSE:BSE-EQ,141.11,143.88,137.95,141.31,12306789,FYERS_HISTORY,2026-08-08T23:06:01+05:30
2021-09-29,SMD-0044,BSE,NSE:BSE-EQ,139.44,139.56,136.69,137.92,4202271,FYERS_HISTORY,2026-08-08T23:06:01+05:30
2021-09-30,SMD-0044,BSE,NSE:BSE-EQ,138.62,139.11,136.11,136.81,2666295,FYERS_HISTORY,2026-08-08T23:06:01+05:30
2021-10-01,SMD-0044,BSE,NSE:BSE-EQ,136.0,136.56,134.22,135.44,2639547,FYERS_HISTORY,2026-08-08T23:06:01+05:30
2021-10-04,SMD-0044,BSE,NSE:BSE-EQ,135.56,139.29,135.56,137.49,2291364,FYERS_HISTORY,2026-08-08T23:06:01+05:30
2021-10-05,SMD-0044,BSE,NSE:BSE-EQ,137.2,142.4,136.12,140.38,6094863,FYERS_HISTORY,2026-08-08T23:06:01+05:30
2021-10-06,SMD-0044,BSE,NSE:BSE-EQ,142.33,144.27,137.46,138.77,7195266,FYERS_HISTORY,2026-08-08T23:06:01+05:30
2021-10-07,SMD-0044,BSE,NSE:BSE-EQ,140.27,140.51,137.22,139.16,2458512,FYERS_HISTORY,2026-08-08T23:06:01+05:30
2021-10-08,SMD-0044,BSE,NSE:BSE-EQ,140.11,151.67,139.1,148.72,28426158,FYERS_HISTORY,2026-08-08T23:06:01+05:30
2021-10-11,SMD-0044,BSE,NSE:BSE-EQ,150.14,161.11,150.0,159.41,26071776,FYERS_HISTORY,2026-08-08T23:06:01+05:30
2021-10-12,SMD-0044,BSE,NSE:BSE-EQ,158.22,163.27,156.92,161.98,14759802,FYERS_HISTORY,2026-08-08T23:06:01+05:30
2021-10-13,SMD-0044,BSE,NSE:BSE-EQ,163.33,164.22,157.13,157.93,6940944,FYERS_HISTORY,2026-08-08T23:06:01+05:30
2021-10-14,SMD-0044,BSE,NSE:BSE-EQ,158.89,160.22,152.36,155.18,6421581,FYERS_HISTORY,2026-08-08T23:06:01+05:30
2021-10-18,SMD-0044,BSE,NSE:BSE-EQ,156.67,159.56,154.14,156.7,4310739,FYERS_HISTORY,2026-08-08T23:06:01+05:30
2021-10-19,SMD-0044,BSE,NSE:BSE-EQ,157.93,157.93,150.03,152.33,5097654,FYERS_HISTORY,2026-08-08T23:06:01+05:30
2021-10-20,SMD-0044,BSE,NSE:BSE-EQ,152.33,154.33,145.68,149.25,5004108,FYERS_HISTORY,2026-08-08T23:06:01+05:30
2021-10-21,SMD-0044,BSE,NSE:BSE-EQ,150.42,151.99,147.83,149.72,2569968,FYERS_HISTORY,2026-08-08T23:06:01+05:30
2021-10-22,SMD-0044,BSE,NSE:BSE-EQ,150.56,154.97,140.71,146.54,4477590,FYERS_HISTORY,2026-08-08T23:06:01+05:30
2021-10-25,SMD-0044,BSE,NSE:BSE-EQ,147.78,148.13,140.18,142.05,4652730,FYERS_HISTORY,2026-08-08T23:06:01+05:30
2021-10-26,SMD-0044,BSE,NSE:BSE-EQ,143.33,153.33,143.33,151.55,6397272,FYERS_HISTORY,2026-08-08T23:06:01+05:30
2021-10-27,SMD-0044,BSE,NSE:BSE-EQ,152.56,153.34,147.83,151.48,4807377,FYERS_HISTORY,2026-08-08T23:06:01+05:30
2021-10-28,SMD-0044,BSE,NSE:BSE-EQ,151.47,151.47,145.0,146.54,3368277,FYERS_HISTORY,2026-08-08T23:06:01+05:30
2021-10-29,SMD-0044,BSE,NSE:BSE-EQ,145.56,152.22,141.25,147.13,5024880,FYERS_HISTORY,2026-08-08T23:06:01+05:30
2021-11-01,SMD-0044,BSE,NSE:BSE-EQ,148.6,151.97,147.34,150.26,3479022,FYERS_HISTORY,2026-08-08T23:06:01+05:30
2021-11-02,SMD-0044,BSE,NSE:BSE-EQ,151.0,151.88,149.07,149.82,2449575,FYERS_HISTORY,2026-08-08T23:06:01+05:30
2021-11-03,SMD-0044,BSE,NSE:BSE-EQ,150.53,152.98,148.44,150.24,4805235,FYERS_HISTORY,2026-08-08T23:06:01+05:30
2021-11-04,SMD-0044,BSE,NSE:BSE-EQ,151.56,156.11,151.33,153.59,3935475,FYERS_HISTORY,2026-08-08T23:06:01+05:30
2021-11-08,SMD-0044,BSE,NSE:BSE-EQ,154.85,156.11,153.56,155.53,3745593,FYERS_HISTORY,2026-08-08T23:06:01+05:30
2021-11-09,SMD-0044,BSE,NSE:BSE-EQ,156.31,157.67,154.89,155.26,3424509,FYERS_HISTORY,2026-08-08T23:06:01+05:30
2021-11-10,SMD-0044,BSE,NSE:BSE-EQ,154.44,160.37,153.44,158.36,7691949,FYERS_HISTORY,2026-08-08T23:06:01+05:30
2021-11-11,SMD-0044,BSE,NSE:BSE-EQ,159.11,159.11,155.89,158.03,3245247,FYERS_HISTORY,2026-08-08T23:06:01+05:30
2021-11-12,SMD-0044,BSE,NSE:BSE-EQ,158.89,159.44,156.67,157.48,4246452,FYERS_HISTORY,2026-08-08T23:06:01+05:30
2021-11-15,SMD-0044,BSE,NSE:BSE-EQ,159.33,169.44,159.33,165.64,22166001,FYERS_HISTORY,2026-08-08T23:06:01+05:30
2021-11-16,SMD-0044,BSE,NSE:BSE-EQ,166.88,174.22,166.88,173.12,17690328,FYERS_HISTORY,2026-08-08T23:06:01+05:30
2021-11-17,SMD-0044,BSE,NSE:BSE-EQ,173.58,176.39,171.24,173.34,10701756,FYERS_HISTORY,2026-08-08T23:06:01+05:30
2021-11-18,SMD-0044,BSE,NSE:BSE-EQ,174.11,180.54,168.29,178.16,16249761,FYERS_HISTORY,2026-08-08T23:06:01+05:30
2021-11-22,SMD-0044,BSE,NSE:BSE-EQ,181.33,182.22,165.01,170.47,15822225,FYERS_HISTORY,2026-08-08T23:06:01+05:30
2021-11-23,SMD-0044,BSE,NSE:BSE-EQ,168.89,179.44,167.21,177.79,12193830,FYERS_HISTORY,2026-08-08T23:06:01+05:30
2021-11-24,SMD-0044,BSE,NSE:BSE-EQ,179.8,182.22,173.99,175.04,9542934,FYERS_HISTORY,2026-08-08T23:06:01+05:30
2021-11-25,SMD-0044,BSE,NSE:BSE-EQ,175.33,179.44,174.44,177.68,5034213,FYERS_HISTORY,2026-08-08T23:06:01+05:30
2021-11-26,SMD-0044,BSE,NSE:BSE-EQ,174.44,175.98,167.22,168.71,7411725,FYERS_HISTORY,2026-08-08T23:06:01+05:30
2021-11-29,SMD-0044,BSE,NSE:BSE-EQ,169.33,175.33,158.39,169.82,9320067,FYERS_HISTORY,2026-08-08T23:06:01+05:30
2021-11-30,SMD-0044,BSE,NSE:BSE-EQ,171.53,177.44,170.71,173.32,11965131,FYERS_HISTORY,2026-08-08T23:06:01+05:30
2021-12-01,SMD-0044,BSE,NSE:BSE-EQ,174.67,186.11,172.4,183.54,22664061,FYERS_HISTORY,2026-08-08T23:06:01+05:30
2021-12-02,SMD-0044,BSE,NSE:BSE-EQ,186.0,215.44,183.56,211.0,62825058,FYERS_HISTORY,2026-08-08T23:06:01+05:30
2021-12-03,SMD-0044,BSE,NSE:BSE-EQ,212.89,216.41,204.44,208.62,40485087,FYERS_HISTORY,2026-08-08T23:06:01+05:30
2021-12-06,SMD-0044,BSE,NSE:BSE-EQ,209.99,218.22,202.78,205.37,30585879,FYERS_HISTORY,2026-08-08T23:06:01+05:30
2021-12-07,SMD-0044,BSE,NSE:BSE-EQ,209.18,218.89,206.56,216.12,17859528,FYERS_HISTORY,2026-08-08T23:06:01+05:30
2021-12-08,SMD-0044,BSE,NSE:BSE-EQ,219.89,234.33,218.11,228.55,40911408,FYERS_HISTORY,2026-08-08T23:06:01+05:30
2021-12-09,SMD-0044,BSE,NSE:BSE-EQ,229.77,232.1,224.0,227.41,12878955,FYERS_HISTORY,2026-08-08T23:06:01+05:30
2021-12-10,SMD-0044,BSE,NSE:BSE-EQ,225.43,240.0,225.23,233.54,25770123,FYERS_HISTORY,2026-08-08T23:06:01+05:30
2021-12-13,SMD-0044,BSE,NSE:BSE-EQ,235.44,243.17,230.0,234.64,20236716,FYERS_HISTORY,2026-08-08T23:06:01+05:30
2021-12-14,SMD-0044,BSE,NSE:BSE-EQ,232.22,258.11,231.67,254.59,38195784,FYERS_HISTORY,2026-08-08T23:06:01+05:30
2021-12-15,SMD-0044,BSE,NSE:BSE-EQ,257.62,263.74,242.9,246.97,49438809,FYERS_HISTORY,2026-08-08T23:06:01+05:30
2021-12-16,SMD-0044,BSE,NSE:BSE-EQ,246.89,248.88,232.09,234.28,16864524,FYERS_HISTORY,2026-08-08T23:06:01+05:30
2021-12-17,SMD-0044,BSE,NSE:BSE-EQ,233.33,234.85,215.83,217.58,14297877,FYERS_HISTORY,2026-08-08T23:06:01+05:30
2021-12-20,SMD-0044,BSE,NSE:BSE-EQ,211.11,216.08,200.56,212.3,14780682,FYERS_HISTORY,2026-08-08T23:06:01+05:30
2021-12-21,SMD-0044,BSE,NSE:BSE-EQ,216.3,218.67,205.56,206.63,7851897,FYERS_HISTORY,2026-08-08T23:06:01+05:30
2021-12-22,SMD-0044,BSE,NSE:BSE-EQ,208.33,214.44,206.78,209.55,5871564,FYERS_HISTORY,2026-08-08T23:06:01+05:30
2021-12-23,SMD-0044,BSE,NSE:BSE-EQ,212.34,213.89,206.32,207.04,4634910,FYERS_HISTORY,2026-08-08T23:06:01+05:30
2021-12-24,SMD-0044,BSE,NSE:BSE-EQ,207.93,212.11,203.67,206.68,5525442,FYERS_HISTORY,2026-08-08T23:06:01+05:30
2021-12-27,SMD-0044,BSE,NSE:BSE-EQ,205.56,208.76,202.22,203.91,4029192,FYERS_HISTORY,2026-08-08T23:06:02+05:30
2021-12-28,SMD-0044,BSE,NSE:BSE-EQ,222.22,225.33,213.03,214.89,18601326,FYERS_HISTORY,2026-08-08T23:06:02+05:30
2021-12-29,SMD-0044,BSE,NSE:BSE-EQ,216.0,218.33,215.78,217.07,4303980,FYERS_HISTORY,2026-08-08T23:06:02+05:30
2021-12-30,SMD-0044,BSE,NSE:BSE-EQ,216.07,217.01,211.11,212.32,6434955,FYERS_HISTORY,2026-08-08T23:06:02+05:30
2021-12-31,SMD-0044,BSE,NSE:BSE-EQ,213.32,215.33,212.44,213.17,3049884,FYERS_HISTORY,2026-08-08T23:06:02+05:30
2022-01-03,SMD-0044,BSE,NSE:BSE-EQ,213.33,213.99,211.29,211.78,3950694,FYERS_HISTORY,2026-08-08T23:06:02+05:30
2022-01-04,SMD-0044,BSE,NSE:BSE-EQ,212.88,214.22,209.78,212.24,3166245,FYERS_HISTORY,2026-08-08T23:06:02+05:30
2022-01-05,SMD-0044,BSE,NSE:BSE-EQ,212.76,214.08,210.22,211.84,3143358,FYERS_HISTORY,2026-08-08T23:06:02+05:30
2022-01-06,SMD-0044,BSE,NSE:BSE-EQ,210.73,216.33,209.08,213.92,5538114,FYERS_HISTORY,2026-08-08T23:06:02+05:30
2022-01-07,SMD-0044,BSE,NSE:BSE-EQ,216.56,220.56,214.67,216.57,9942858,FYERS_HISTORY,2026-08-08T23:06:02+05:30
2022-01-10,SMD-0044,BSE,NSE:BSE-EQ,218.89,219.38,214.39,215.91,4355451,FYERS_HISTORY,2026-08-08T23:06:02+05:30
2022-01-11,SMD-0044,BSE,NSE:BSE-EQ,216.99,222.0,216.06,217.26,6195654,FYERS_HISTORY,2026-08-08T23:06:02+05:30
2022-01-12,SMD-0044,BSE,NSE:BSE-EQ,219.11,219.89,214.84,216.24,3570975,FYERS_HISTORY,2026-08-08T23:06:02+05:30
2022-01-13,SMD-0044,BSE,NSE:BSE-EQ,217.22,232.57,214.72,222.96,37368864,FYERS_HISTORY,2026-08-08T23:06:02+05:30
2022-01-14,SMD-0044,BSE,NSE:BSE-EQ,222.96,230.78,220.97,229.51,12496032,FYERS_HISTORY,2026-08-08T23:06:02+05:30
2022-01-17,SMD-0044,BSE,NSE:BSE-EQ,230.22,231.32,226.81,227.6,5362749,FYERS_HISTORY,2026-08-08T23:06:02+05:30
2022-01-18,SMD-0044,BSE,NSE:BSE-EQ,228.66,232.0,221.26,224.48,8796375,FYERS_HISTORY,2026-08-08T23:06:02+05:30
2022-01-19,SMD-0044,BSE,NSE:BSE-EQ,224.56,238.33,221.78,236.1,17419707,FYERS_HISTORY,2026-08-08T23:06:02+05:30
2022-01-20,SMD-0044,BSE,NSE:BSE-EQ,237.33,242.76,235.33,240.64,13169817,FYERS_HISTORY,2026-08-08T23:06:02+05:30
2022-01-21,SMD-0044,BSE,NSE:BSE-EQ,237.54,243.87,226.42,228.88,16011225,FYERS_HISTORY,2026-08-08T23:06:02+05:30
2022-01-24,SMD-0044,BSE,NSE:BSE-EQ,228.67,230.18,213.89,217.4,11302407,FYERS_HISTORY,2026-08-08T23:06:02+05:30
2022-01-25,SMD-0044,BSE,NSE:BSE-EQ,215.0,223.94,207.3,220.3,10127430,FYERS_HISTORY,2026-08-08T23:06:02+05:30
2022-01-27,SMD-0044,BSE,NSE:BSE-EQ,219.89,224.99,217.33,220.83,9324216,FYERS_HISTORY,2026-08-08T23:06:02+05:30
2022-01-28,SMD-0044,BSE,NSE:BSE-EQ,222.78,228.21,217.33,219.01,6844770,FYERS_HISTORY,2026-08-08T23:06:02+05:30
2022-01-31,SMD-0044,BSE,NSE:BSE-EQ,221.84,223.82,216.22,217.02,5319927,FYERS_HISTORY,2026-08-08T23:06:02+05:30
2022-02-01,SMD-0044,BSE,NSE:BSE-EQ,218.67,223.78,214.67,221.33,4603707,FYERS_HISTORY,2026-08-08T23:06:02+05:30
2022-02-02,SMD-0044,BSE,NSE:BSE-EQ,222.33,231.91,222.23,230.89,9612252,FYERS_HISTORY,2026-08-08T23:06:02+05:30
2022-02-03,SMD-0044,BSE,NSE:BSE-EQ,231.11,246.56,230.89,243.55,22956201,FYERS_HISTORY,2026-08-08T23:06:02+05:30
2022-02-04,SMD-0044,BSE,NSE:BSE-EQ,247.22,249.93,241.89,246.67,14280255,FYERS_HISTORY,2026-08-08T23:06:02+05:30
2022-02-07,SMD-0044,BSE,NSE:BSE-EQ,247.22,247.22,234.32,237.36,10955826,FYERS_HISTORY,2026-08-08T23:06:02+05:30
2022-02-08,SMD-0044,BSE,NSE:BSE-EQ,239.33,242.57,227.79,230.83,10942398,FYERS_HISTORY,2026-08-08T23:06:02+05:30
2022-02-09,SMD-0044,BSE,NSE:BSE-EQ,232.22,254.43,223.89,248.33,47493864,FYERS_HISTORY,2026-08-08T23:06:02+05:30
2022-02-10,SMD-0044,BSE,NSE:BSE-EQ,250.43,258.33,250.01,253.23,22831092,FYERS_HISTORY,2026-08-08T23:06:02+05:30
2022-02-11,SMD-0044,BSE,NSE:BSE-EQ,250.0,257.56,246.96,252.38,12689658,FYERS_HISTORY,2026-08-08T23:06:02+05:30
2022-02-14,SMD-0044,BSE,NSE:BSE-EQ,248.89,249.51,235.57,238.29,11149164,FYERS_HISTORY,2026-08-08T23:06:02+05:30
2022-02-15,SMD-0044,BSE,NSE:BSE-EQ,241.0,245.78,233.59,243.49,12387987,FYERS_HISTORY,2026-08-08T23:06:02+05:30
2022-02-16,SMD-0044,BSE,NSE:BSE-EQ,243.33,254.21,243.12,248.69,13377393,FYERS_HISTORY,2026-08-08T23:06:02+05:30
2022-02-17,SMD-0044,BSE,NSE:BSE-EQ,251.89,260.44,248.56,253.63,21081060,FYERS_HISTORY,2026-08-08T23:06:02+05:30
2022-02-18,SMD-0044,BSE,NSE:BSE-EQ,254.91,258.33,250.01,251.42,11531475,FYERS_HISTORY,2026-08-08T23:06:02+05:30
2022-02-21,SMD-0044,BSE,NSE:BSE-EQ,250.89,250.89,239.0,240.41,11159685,FYERS_HISTORY,2026-08-08T23:06:02+05:30
2022-02-22,SMD-0044,BSE,NSE:BSE-EQ,227.39,234.44,225.56,229.36,10089477,FYERS_HISTORY,2026-08-08T23:06:02+05:30
2022-02-23,SMD-0044,BSE,NSE:BSE-EQ,232.77,238.69,230.22,230.87,7676118,FYERS_HISTORY,2026-08-08T23:06:02+05:30
2022-02-24,SMD-0044,BSE,NSE:BSE-EQ,221.0,223.33,206.54,208.32,18210141,FYERS_HISTORY,2026-08-08T23:06:02+05:30
2022-02-25,SMD-0044,BSE,NSE:BSE-EQ,210.79,219.56,210.79,216.96,10405917,FYERS_HISTORY,2026-08-08T23:06:02+05:30
2022-02-28,SMD-0044,BSE,NSE:BSE-EQ,213.11,219.82,210.21,218.16,8849700,FYERS_HISTORY,2026-08-08T23:06:02+05:30
2022-03-02,SMD-0044,BSE,NSE:BSE-EQ,213.89,225.38,213.45,223.25,9092043,FYERS_HISTORY,2026-08-08T23:06:02+05:30
2022-03-03,SMD-0044,BSE,NSE:BSE-EQ,228.33,234.44,226.67,232.49,8640846,FYERS_HISTORY,2026-08-08T23:06:02+05:30
2022-03-04,SMD-0044,BSE,NSE:BSE-EQ,229.67,237.33,229.46,231.71,9863271,FYERS_HISTORY,2026-08-08T23:06:02+05:30
2022-03-07,SMD-0044,BSE,NSE:BSE-EQ,228.89,230.44,223.44,228.66,7498773,FYERS_HISTORY,2026-08-08T23:06:02+05:30
2022-03-08,SMD-0044,BSE,NSE:BSE-EQ,232.0,237.56,230.12,235.56,6868080,FYERS_HISTORY,2026-08-08T23:06:02+05:30
2022-03-09,SMD-0044,BSE,NSE:BSE-EQ,238.89,246.61,237.67,245.41,8083413,FYERS_HISTORY,2026-08-08T23:06:02+05:30
2022-03-10,SMD-0044,BSE,NSE:BSE-EQ,253.11,294.49,251.67,291.05,65631258,FYERS_HISTORY,2026-08-08T23:06:02+05:30
2022-03-11,SMD-0044,BSE,NSE:BSE-EQ,297.22,318.67,295.41,299.03,87032268,FYERS_HISTORY,2026-08-08T23:06:02+05:30
2022-03-14,SMD-0044,BSE,NSE:BSE-EQ,300.67,346.0,299.46,336.72,68063517,FYERS_HISTORY,2026-08-08T23:06:02+05:30
2022-03-15,SMD-0044,BSE,NSE:BSE-EQ,346.11,348.89,312.63,326.5,33900858,FYERS_HISTORY,2026-08-08T23:06:02+05:30
2022-03-16,SMD-0044,BSE,NSE:BSE-EQ,331.28,338.33,325.0,329.39,14793219,FYERS_HISTORY,2026-08-08T23:06:02+05:30
2022-03-17,SMD-0044,BSE,NSE:BSE-EQ,331.11,334.01,308.95,314.07,22806297,FYERS_HISTORY,2026-08-08T23:06:02+05:30
2022-03-21,SMD-0044,BSE,NSE:BSE-EQ,300.0,328.75,300.0,312.68,15650502,FYERS_HISTORY,2026-08-08T23:06:02+05:30
2022-03-22,SMD-0044,BSE,NSE:BSE-EQ,317.4,322.52,313.0,318.62,6404940,FYERS_HISTORY,2026-08-08T23:06:02+05:30
2022-03-23,SMD-0044,BSE,NSE:BSE-EQ,322.0,324.67,314.62,315.87,3792807,FYERS_HISTORY,2026-08-08T23:06:02+05:30
2022-03-24,SMD-0044,BSE,NSE:BSE-EQ,313.57,315.6,310.0,310.85,2483190,FYERS_HISTORY,2026-08-08T23:06:02+05:30
2022-03-25,SMD-0044,BSE,NSE:BSE-EQ,312.43,313.33,293.93,295.32,4445568,FYERS_HISTORY,2026-08-08T23:06:02+05:30
2022-03-28,SMD-0044,BSE,NSE:BSE-EQ,295.33,308.27,289.75,294.37,5085117,FYERS_HISTORY,2026-08-08T23:06:02+05:30
2022-03-29,SMD-0044,BSE,NSE:BSE-EQ,296.15,303.33,295.33,299.28,2553717,FYERS_HISTORY,2026-08-08T23:06:02+05:30
2022-03-30,SMD-0044,BSE,NSE:BSE-EQ,302.9,319.67,300.0,314.65,4573713,FYERS_HISTORY,2026-08-08T23:06:02+05:30
2022-03-31,SMD-0044,BSE,NSE:BSE-EQ,316.0,320.0,306.67,314.67,4336740,FYERS_HISTORY,2026-08-08T23:06:02+05:30
2022-04-01,SMD-0044,BSE,NSE:BSE-EQ,313.33,313.55,308.0,311.75,3606015,FYERS_HISTORY,2026-08-08T23:06:02+05:30
2022-04-04,SMD-0044,BSE,NSE:BSE-EQ,313.32,314.9,304.0,307.03,3780225,FYERS_HISTORY,2026-08-08T23:06:02+05:30
2022-04-05,SMD-0044,BSE,NSE:BSE-EQ,308.13,309.65,301.8,302.45,2745333,FYERS_HISTORY,2026-08-08T23:06:02+05:30
2022-04-06,SMD-0044,BSE,NSE:BSE-EQ,302.0,305.33,300.0,302.38,2308857,FYERS_HISTORY,2026-08-08T23:06:02+05:30
2022-04-07,SMD-0044,BSE,NSE:BSE-EQ,300.02,303.0,295.0,296.92,2686338,FYERS_HISTORY,2026-08-08T23:06:02+05:30
2022-04-08,SMD-0044,BSE,NSE:BSE-EQ,298.33,305.0,295.68,300.62,2736294,FYERS_HISTORY,2026-08-08T23:06:02+05:30
2022-04-11,SMD-0044,BSE,NSE:BSE-EQ,300.0,301.33,296.33,299.22,1532448,FYERS_HISTORY,2026-08-08T23:06:02+05:30
2022-04-12,SMD-0044,BSE,NSE:BSE-EQ,299.0,307.13,294.67,300.3,3716601,FYERS_HISTORY,2026-08-08T23:06:02+05:30
2022-04-13,SMD-0044,BSE,NSE:BSE-EQ,302.0,302.92,298.33,300.82,1379502,FYERS_HISTORY,2026-08-08T23:06:02+05:30
2022-04-18,SMD-0044,BSE,NSE:BSE-EQ,299.0,299.0,293.33,293.45,1348863,FYERS_HISTORY,2026-08-08T23:06:02+05:30
2022-04-19,SMD-0044,BSE,NSE:BSE-EQ,295.97,296.57,280.32,285.92,1595313,FYERS_HISTORY,2026-08-08T23:06:02+05:30
2022-04-20,SMD-0044,BSE,NSE:BSE-EQ,286.33,297.25,278.33,281.03,2790102,FYERS_HISTORY,2026-08-08T23:06:02+05:30
2022-04-21,SMD-0044,BSE,NSE:BSE-EQ,283.67,286.47,280.0,280.43,1943097,FYERS_HISTORY,2026-08-08T23:06:02+05:30
2022-04-22,SMD-0044,BSE,NSE:BSE-EQ,281.0,289.67,279.0,280.28,2144571,FYERS_HISTORY,2026-08-08T23:06:02+05:30
2022-04-25,SMD-0044,BSE,NSE:BSE-EQ,279.98,279.98,270.67,271.88,2211912,FYERS_HISTORY,2026-08-08T23:06:02+05:30
2022-04-26,SMD-0044,BSE,NSE:BSE-EQ,274.0,280.0,274.0,277.62,1557903,FYERS_HISTORY,2026-08-08T23:06:02+05:30
2022-04-27,SMD-0044,BSE,NSE:BSE-EQ,275.0,277.2,272.0,275.0,1401450,FYERS_HISTORY,2026-08-08T23:06:02+05:30
2022-04-28,SMD-0044,BSE,NSE:BSE-EQ,277.9,290.0,274.47,286.35,4050606,FYERS_HISTORY,2026-08-08T23:06:02+05:30
2022-04-29,SMD-0044,BSE,NSE:BSE-EQ,292.4,308.0,290.67,299.85,15336075,FYERS_HISTORY,2026-08-08T23:06:02+05:30
2022-05-02,SMD-0044,BSE,NSE:BSE-EQ,296.7,309.67,292.0,296.85,6195165,FYERS_HISTORY,2026-08-08T23:06:02+05:30
2022-05-04,SMD-0044,BSE,NSE:BSE-EQ,299.1,301.33,280.0,282.73,3527298,FYERS_HISTORY,2026-08-08T23:06:02+05:30
2022-05-05,SMD-0044,BSE,NSE:BSE-EQ,287.33,290.98,276.83,279.2,2032455,FYERS_HISTORY,2026-08-08T23:06:02+05:30
2022-05-06,SMD-0044,BSE,NSE:BSE-EQ,272.0,277.67,268.52,274.45,2414850,FYERS_HISTORY,2026-08-08T23:06:02+05:30
2022-05-09,SMD-0044,BSE,NSE:BSE-EQ,273.95,274.47,257.03,259.25,3903120,FYERS_HISTORY,2026-08-08T23:06:02+05:30
2022-05-10,SMD-0044,BSE,NSE:BSE-EQ,259.33,268.0,250.03,251.28,3375420,FYERS_HISTORY,2026-08-08T23:06:02+05:30
2022-05-11,SMD-0044,BSE,NSE:BSE-EQ,252.53,256.1,232.85,239.1,4704357,FYERS_HISTORY,2026-08-08T23:06:02+05:30
2022-05-12,SMD-0044,BSE,NSE:BSE-EQ,241.67,246.33,235.52,240.47,5733786,FYERS_HISTORY,2026-08-08T23:06:02+05:30
2022-05-13,SMD-0044,BSE,NSE:BSE-EQ,244.0,248.67,233.7,235.73,3978462,FYERS_HISTORY,2026-08-08T23:06:02+05:30
2022-05-16,SMD-0044,BSE,NSE:BSE-EQ,233.7,243.33,230.0,240.92,3107517,FYERS_HISTORY,2026-08-08T23:06:02+05:30
2022-05-17,SMD-0044,BSE,NSE:BSE-EQ,240.0,249.33,239.68,247.62,3285996,FYERS_HISTORY,2026-08-08T23:06:02+05:30
2022-05-18,SMD-0044,BSE,NSE:BSE-EQ,249.33,256.63,248.0,252.83,3082602,FYERS_HISTORY,2026-08-08T23:06:02+05:30
2022-05-19,SMD-0044,BSE,NSE:BSE-EQ,243.33,246.48,239.93,241.1,2322345,FYERS_HISTORY,2026-08-08T23:06:02+05:30
2022-05-20,SMD-0044,BSE,NSE:BSE-EQ,247.3,247.88,240.82,243.9,1722558,FYERS_HISTORY,2026-08-08T23:06:02+05:30
2022-05-23,SMD-0044,BSE,NSE:BSE-EQ,246.27,247.55,240.55,241.92,1358994,FYERS_HISTORY,2026-08-08T23:06:02+05:30
2022-05-24,SMD-0044,BSE,NSE:BSE-EQ,242.82,243.33,235.88,237.0,1213320,FYERS_HISTORY,2026-08-08T23:06:02+05:30
2022-05-25,SMD-0044,BSE,NSE:BSE-EQ,239.22,239.22,227.67,229.08,2041305,FYERS_HISTORY,2026-08-08T23:06:02+05:30
2022-05-26,SMD-0044,BSE,NSE:BSE-EQ,228.23,230.0,216.67,221.1,4260207,FYERS_HISTORY,2026-08-08T23:06:02+05:30
2022-05-27,SMD-0044,BSE,NSE:BSE-EQ,223.9,228.33,221.72,223.17,2770863,FYERS_HISTORY,2026-08-08T23:06:02+05:30
2022-05-30,SMD-0044,BSE,NSE:BSE-EQ,226.67,232.28,225.33,229.67,2670654,FYERS_HISTORY,2026-08-08T23:06:02+05:30
2022-05-31,SMD-0044,BSE,NSE:BSE-EQ,231.33,252.63,229.62,251.95,9407385,FYERS_HISTORY,2026-08-08T23:06:02+05:30
2022-06-01,SMD-0044,BSE,NSE:BSE-EQ,263.0,265.92,245.67,248.88,8770374,FYERS_HISTORY,2026-08-08T23:06:02+05:30
2022-06-02,SMD-0044,BSE,NSE:BSE-EQ,249.0,252.33,243.43,249.18,4029660,FYERS_HISTORY,2026-08-08T23:06:02+05:30
2022-06-03,SMD-0044,BSE,NSE:BSE-EQ,253.3,257.67,247.33,251.23,5402556,FYERS_HISTORY,2026-08-08T23:06:02+05:30
2022-06-06,SMD-0044,BSE,NSE:BSE-EQ,253.0,253.97,245.0,245.92,2314728,FYERS_HISTORY,2026-08-08T23:06:02+05:30
2022-06-07,SMD-0044,BSE,NSE:BSE-EQ,243.32,244.2,240.13,241.38,1612470,FYERS_HISTORY,2026-08-08T23:06:02+05:30
2022-06-08,SMD-0044,BSE,NSE:BSE-EQ,243.5,243.63,236.33,237.28,2142483,FYERS_HISTORY,2026-08-08T23:06:02+05:30
2022-06-09,SMD-0044,BSE,NSE:BSE-EQ,234.97,246.25,234.35,242.87,3623439,FYERS_HISTORY,2026-08-08T23:06:02+05:30
2022-06-10,SMD-0044,BSE,NSE:BSE-EQ,239.33,240.87,237.17,238.02,1532889,FYERS_HISTORY,2026-08-08T23:06:02+05:30
2022-06-13,SMD-0044,BSE,NSE:BSE-EQ,233.28,235.58,221.33,227.5,2780718,FYERS_HISTORY,2026-08-08T23:06:02+05:30
2022-06-14,SMD-0044,BSE,NSE:BSE-EQ,227.5,235.9,223.48,224.23,2751492,FYERS_HISTORY,2026-08-08T23:06:02+05:30
2022-06-15,SMD-0044,BSE,NSE:BSE-EQ,226.33,228.0,223.33,224.17,1737165,FYERS_HISTORY,2026-08-08T23:06:02+05:30
2022-06-16,SMD-0044,BSE,NSE:BSE-EQ,227.9,229.2,206.67,208.68,5220966,FYERS_HISTORY,2026-08-08T23:06:02+05:30
2022-06-17,SMD-0044,BSE,NSE:BSE-EQ,208.0,208.82,190.8,194.73,7482222,FYERS_HISTORY,2026-08-08T23:06:02+05:30
2022-06-20,SMD-0044,BSE,NSE:BSE-EQ,194.67,196.55,183.0,184.6,5723601,FYERS_HISTORY,2026-08-08T23:06:02+05:30
2022-06-21,SMD-0044,BSE,NSE:BSE-EQ,186.67,208.33,186.67,205.52,13124043,FYERS_HISTORY,2026-08-08T23:06:02+05:30
2022-06-22,SMD-0044,BSE,NSE:BSE-EQ,204.93,204.93,195.4,198.98,5465634,FYERS_HISTORY,2026-08-08T23:06:02+05:30
2022-06-23,SMD-0044,BSE,NSE:BSE-EQ,198.33,204.4,193.33,195.95,6380049,FYERS_HISTORY,2026-08-08T23:06:02+05:30
2022-06-24,SMD-0044,BSE,NSE:BSE-EQ,197.67,201.33,194.85,198.18,4537494,FYERS_HISTORY,2026-08-08T23:06:02+05:30
2022-06-27,SMD-0044,BSE,NSE:BSE-EQ,201.8,205.85,200.03,202.4,4058037,FYERS_HISTORY,2026-08-08T23:06:02+05:30
2022-06-28,SMD-0044,BSE,NSE:BSE-EQ,200.67,202.17,197.63,199.88,3040662,FYERS_HISTORY,2026-08-08T23:06:02+05:30
2022-06-29,SMD-0044,BSE,NSE:BSE-EQ,196.67,200.48,195.6,198.85,2138217,FYERS_HISTORY,2026-08-08T23:06:02+05:30
2022-06-30,SMD-0044,BSE,NSE:BSE-EQ,200.33,207.93,197.95,198.97,6884964,FYERS_HISTORY,2026-08-08T23:06:02+05:30
2022-07-01,SMD-0044,BSE,NSE:BSE-EQ,198.32,201.65,195.48,200.02,2335920,FYERS_HISTORY,2026-08-08T23:06:02+05:30
2022-07-04,SMD-0044,BSE,NSE:BSE-EQ,199.0,202.32,197.67,198.97,1824312,FYERS_HISTORY,2026-08-08T23:06:02+05:30
2022-07-05,SMD-0044,BSE,NSE:BSE-EQ,199.75,203.2,198.0,199.05,2485326,FYERS_HISTORY,2026-08-08T23:06:02+05:30
2022-07-06,SMD-0044,BSE,NSE:BSE-EQ,199.53,204.6,198.53,203.63,3512970,FYERS_HISTORY,2026-08-08T23:06:02+05:30
2022-07-07,SMD-0044,BSE,NSE:BSE-EQ,205.67,216.6,203.7,214.92,8559465,FYERS_HISTORY,2026-08-08T23:06:02+05:30
2022-07-08,SMD-0044,BSE,NSE:BSE-EQ,216.67,218.0,207.88,209.43,4342779,FYERS_HISTORY,2026-08-08T23:06:02+05:30
2022-07-11,SMD-0044,BSE,NSE:BSE-EQ,208.33,213.3,205.03,211.05,3466968,FYERS_HISTORY,2026-08-08T23:06:02+05:30
2022-07-12,SMD-0044,BSE,NSE:BSE-EQ,209.33,221.65,208.0,219.23,6541191,FYERS_HISTORY,2026-08-08T23:06:02+05:30
2022-07-13,SMD-0044,BSE,NSE:BSE-EQ,221.6,227.87,221.6,224.12,10656852,FYERS_HISTORY,2026-08-08T23:06:02+05:30
2022-07-14,SMD-0044,BSE,NSE:BSE-EQ,224.12,225.23,216.83,219.57,3285972,FYERS_HISTORY,2026-08-08T23:06:02+05:30
2022-07-15,SMD-0044,BSE,NSE:BSE-EQ,220.0,221.35,214.07,216.37,2759799,FYERS_HISTORY,2026-08-08T23:06:02+05:30
2022-07-18,SMD-0044,BSE,NSE:BSE-EQ,217.0,220.53,216.67,218.73,2705295,FYERS_HISTORY,2026-08-08T23:06:02+05:30
2022-07-19,SMD-0044,BSE,NSE:BSE-EQ,217.93,225.33,217.0,224.23,4522455,FYERS_HISTORY,2026-08-08T23:06:02+05:30
2022-07-20,SMD-0044,BSE,NSE:BSE-EQ,226.67,228.98,223.5,224.6,3334050,FYERS_HISTORY,2026-08-08T23:06:02+05:30
2022-07-21,SMD-0044,BSE,NSE:BSE-EQ,223.0,226.33,222.37,225.12,2678541,FYERS_HISTORY,2026-08-08T23:06:02+05:30
2022-07-22,SMD-0044,BSE,NSE:BSE-EQ,226.33,228.98,223.82,225.2,2324967,FYERS_HISTORY,2026-08-08T23:06:02+05:30
2022-07-25,SMD-0044,BSE,NSE:BSE-EQ,225.0,226.98,220.23,221.95,1739499,FYERS_HISTORY,2026-08-08T23:06:02+05:30
2022-07-26,SMD-0044,BSE,NSE:BSE-EQ,222.23,224.33,219.0,220.03,1859919,FYERS_HISTORY,2026-08-08T23:06:02+05:30
2022-07-27,SMD-0044,BSE,NSE:BSE-EQ,219.67,220.63,216.8,218.35,1048635,FYERS_HISTORY,2026-08-08T23:06:02+05:30
2022-07-28,SMD-0044,BSE,NSE:BSE-EQ,219.67,224.0,219.35,221.25,1904946,FYERS_HISTORY,2026-08-08T23:06:02+05:30
2022-07-29,SMD-0044,BSE,NSE:BSE-EQ,223.02,227.73,222.12,226.17,4083717,FYERS_HISTORY,2026-08-08T23:06:02+05:30
2022-08-01,SMD-0044,BSE,NSE:BSE-EQ,227.0,232.65,225.33,227.33,4707636,FYERS_HISTORY,2026-08-08T23:06:02+05:30
2022-08-02,SMD-0044,BSE,NSE:BSE-EQ,226.97,237.63,225.33,234.75,9245460,FYERS_HISTORY,2026-08-08T23:06:02+05:30
2022-08-03,SMD-0044,BSE,NSE:BSE-EQ,236.0,236.25,226.73,229.02,5131149,FYERS_HISTORY,2026-08-08T23:06:02+05:30
2022-08-04,SMD-0044,BSE,NSE:BSE-EQ,228.33,231.3,221.0,222.6,3807321,FYERS_HISTORY,2026-08-08T23:06:02+05:30
2022-08-05,SMD-0044,BSE,NSE:BSE-EQ,223.73,225.87,221.27,222.15,1992042,FYERS_HISTORY,2026-08-08T23:06:02+05:30
2022-08-08,SMD-0044,BSE,NSE:BSE-EQ,222.15,222.83,214.67,215.32,3923946,FYERS_HISTORY,2026-08-08T23:06:02+05:30
2022-08-10,SMD-0044,BSE,NSE:BSE-EQ,216.33,217.93,214.02,214.9,2126940,FYERS_HISTORY,2026-08-08T23:06:02+05:30
2022-08-11,SMD-0044,BSE,NSE:BSE-EQ,218.0,218.0,214.7,216.28,1793781,FYERS_HISTORY,2026-08-08T23:06:02+05:30
2022-08-12,SMD-0044,BSE,NSE:BSE-EQ,217.2,220.57,215.9,218.48,3003864,FYERS_HISTORY,2026-08-08T23:06:02+05:30
2022-08-16,SMD-0044,BSE,NSE:BSE-EQ,219.37,221.67,219.0,220.33,2192937,FYERS_HISTORY,2026-08-08T23:06:02+05:30
2022-08-17,SMD-0044,BSE,NSE:BSE-EQ,221.43,223.3,220.08,220.67,2018217,FYERS_HISTORY,2026-08-08T23:06:02+05:30
2022-08-18,SMD-0044,BSE,NSE:BSE-EQ,221.23,221.67,218.35,220.13,1889079,FYERS_HISTORY,2026-08-08T23:06:02+05:30
2022-08-19,SMD-0044,BSE,NSE:BSE-EQ,220.67,222.28,217.03,217.88,2936130,FYERS_HISTORY,2026-08-08T23:06:02+05:30
2022-08-22,SMD-0044,BSE,NSE:BSE-EQ,216.67,217.33,210.17,210.55,2318586,FYERS_HISTORY,2026-08-08T23:06:02+05:30
2022-08-23,SMD-0044,BSE,NSE:BSE-EQ,208.98,216.23,208.88,214.42,1890213,FYERS_HISTORY,2026-08-08T23:06:02+05:30
2022-08-24,SMD-0044,BSE,NSE:BSE-EQ,214.33,215.53,211.87,214.38,1811355,FYERS_HISTORY,2026-08-08T23:06:02+05:30
2022-08-25,SMD-0044,BSE,NSE:BSE-EQ,215.08,219.63,214.05,215.07,1654767,FYERS_HISTORY,2026-08-08T23:06:02+05:30
2022-08-26,SMD-0044,BSE,NSE:BSE-EQ,216.67,218.22,214.0,214.63,1358340,FYERS_HISTORY,2026-08-08T23:06:02+05:30
2022-08-29,SMD-0044,BSE,NSE:BSE-EQ,208.67,211.2,208.08,210.1,1651173,FYERS_HISTORY,2026-08-08T23:06:02+05:30
2022-08-30,SMD-0044,BSE,NSE:BSE-EQ,211.42,222.67,210.42,217.1,5679516,FYERS_HISTORY,2026-08-08T23:06:02+05:30
2022-09-01,SMD-0044,BSE,NSE:BSE-EQ,215.83,219.95,215.03,217.48,1700469,FYERS_HISTORY,2026-08-08T23:06:02+05:30
2022-09-02,SMD-0044,BSE,NSE:BSE-EQ,218.57,219.0,215.0,215.6,1083099,FYERS_HISTORY,2026-08-08T23:06:02+05:30
2022-09-05,SMD-0044,BSE,NSE:BSE-EQ,216.57,220.53,213.78,219.32,2975931,FYERS_HISTORY,2026-08-08T23:06:02+05:30
2022-09-06,SMD-0044,BSE,NSE:BSE-EQ,221.0,227.93,219.35,225.42,8316771,FYERS_HISTORY,2026-08-08T23:06:02+05:30
2022-09-07,SMD-0044,BSE,NSE:BSE-EQ,224.33,234.6,223.38,230.4,10489083,FYERS_HISTORY,2026-08-08T23:06:02+05:30
2022-09-08,SMD-0044,BSE,NSE:BSE-EQ,233.0,236.67,230.37,231.27,6530451,FYERS_HISTORY,2026-08-08T23:06:02+05:30
2022-09-09,SMD-0044,BSE,NSE:BSE-EQ,232.72,233.33,227.0,228.18,2523720,FYERS_HISTORY,2026-08-08T23:06:02+05:30
2022-09-12,SMD-0044,BSE,NSE:BSE-EQ,229.33,231.75,227.35,227.97,2198448,FYERS_HISTORY,2026-08-08T23:06:02+05:30
2022-09-13,SMD-0044,BSE,NSE:BSE-EQ,229.12,229.38,225.2,226.05,1778799,FYERS_HISTORY,2026-08-08T23:06:02+05:30
2022-09-14,SMD-0044,BSE,NSE:BSE-EQ,222.65,225.03,221.42,222.82,2146875,FYERS_HISTORY,2026-08-08T23:06:02+05:30
2022-09-15,SMD-0044,BSE,NSE:BSE-EQ,223.75,225.0,221.83,222.68,1586958,FYERS_HISTORY,2026-08-08T23:06:02+05:30
2022-09-16,SMD-0044,BSE,NSE:BSE-EQ,222.62,223.65,215.0,220.97,2419053,FYERS_HISTORY,2026-08-08T23:06:02+05:30
2022-09-19,SMD-0044,BSE,NSE:BSE-EQ,221.0,221.93,215.33,215.88,1576776,FYERS_HISTORY,2026-08-08T23:06:02+05:30
2022-09-20,SMD-0044,BSE,NSE:BSE-EQ,218.0,221.6,217.33,217.7,1881756,FYERS_HISTORY,2026-08-08T23:06:02+05:30
2022-09-21,SMD-0044,BSE,NSE:BSE-EQ,218.12,219.27,213.9,214.68,1315293,FYERS_HISTORY,2026-08-08T23:06:02+05:30
2022-09-22,SMD-0044,BSE,NSE:BSE-EQ,213.67,216.67,213.33,214.65,1146903,FYERS_HISTORY,2026-08-08T23:06:02+05:30
2022-09-23,SMD-0044,BSE,NSE:BSE-EQ,214.67,215.95,210.0,210.67,1473030,FYERS_HISTORY,2026-08-08T23:06:02+05:30
2022-09-26,SMD-0044,BSE,NSE:BSE-EQ,208.33,209.6,201.12,202.27,2427681,FYERS_HISTORY,2026-08-08T23:06:02+05:30
2022-09-27,SMD-0044,BSE,NSE:BSE-EQ,205.47,207.67,201.18,203.28,1658916,FYERS_HISTORY,2026-08-08T23:06:02+05:30
2022-09-28,SMD-0044,BSE,NSE:BSE-EQ,200.0,203.73,200.0,201.22,1378680,FYERS_HISTORY,2026-08-08T23:06:02+05:30
2022-09-29,SMD-0044,BSE,NSE:BSE-EQ,204.33,204.67,198.33,200.3,1316520,FYERS_HISTORY,2026-08-08T23:06:02+05:30
2022-09-30,SMD-0044,BSE,NSE:BSE-EQ,200.3,205.78,200.3,201.97,1678500,FYERS_HISTORY,2026-08-08T23:06:02+05:30
2022-10-03,SMD-0044,BSE,NSE:BSE-EQ,202.43,205.0,198.87,200.68,1351149,FYERS_HISTORY,2026-08-08T23:06:02+05:30
2022-10-04,SMD-0044,BSE,NSE:BSE-EQ,204.15,205.0,202.67,203.85,1286379,FYERS_HISTORY,2026-08-08T23:06:02+05:30
2022-10-06,SMD-0044,BSE,NSE:BSE-EQ,205.3,207.57,203.33,203.63,1917828,FYERS_HISTORY,2026-08-08T23:06:02+05:30
2022-10-07,SMD-0044,BSE,NSE:BSE-EQ,203.63,206.3,202.95,205.75,1477206,FYERS_HISTORY,2026-08-08T23:06:02+05:30
2022-10-10,SMD-0044,BSE,NSE:BSE-EQ,202.67,203.78,201.48,202.85,1029738,FYERS_HISTORY,2026-08-08T23:06:02+05:30
2022-10-11,SMD-0044,BSE,NSE:BSE-EQ,203.17,205.12,196.38,198.08,1688532,FYERS_HISTORY,2026-08-08T23:06:02+05:30
2022-10-12,SMD-0044,BSE,NSE:BSE-EQ,198.33,199.48,195.27,197.63,1563078,FYERS_HISTORY,2026-08-08T23:06:02+05:30
2022-10-13,SMD-0044,BSE,NSE:BSE-EQ,196.98,198.3,195.73,197.05,737421,FYERS_HISTORY,2026-08-08T23:06:02+05:30
2022-10-14,SMD-0044,BSE,NSE:BSE-EQ,200.0,202.15,198.0,198.43,1133862,FYERS_HISTORY,2026-08-08T23:06:02+05:30
2022-10-17,SMD-0044,BSE,NSE:BSE-EQ,196.67,197.68,195.33,196.22,954720,FYERS_HISTORY,2026-08-08T23:06:02+05:30
2022-10-18,SMD-0044,BSE,NSE:BSE-EQ,197.2,199.55,195.4,196.67,1134411,FYERS_HISTORY,2026-08-08T23:06:02+05:30
2022-10-19,SMD-0044,BSE,NSE:BSE-EQ,198.02,199.03,195.87,196.27,1566417,FYERS_HISTORY,2026-08-08T23:06:02+05:30
2022-10-20,SMD-0044,BSE,NSE:BSE-EQ,195.3,195.67,193.72,194.25,1093221,FYERS_HISTORY,2026-08-08T23:06:02+05:30
2022-10-21,SMD-0044,BSE,NSE:BSE-EQ,195.23,197.0,193.7,194.4,1274844,FYERS_HISTORY,2026-08-08T23:06:02+05:30
2022-10-24,SMD-0044,BSE,NSE:BSE-EQ,196.67,196.67,195.35,196.55,542088,FYERS_HISTORY,2026-08-08T23:06:02+05:30
2022-10-25,SMD-0044,BSE,NSE:BSE-EQ,197.17,205.9,194.58,203.72,4389336,FYERS_HISTORY,2026-08-08T23:06:02+05:30
2022-10-27,SMD-0044,BSE,NSE:BSE-EQ,205.35,207.0,203.22,203.85,2214897,FYERS_HISTORY,2026-08-08T23:06:02+05:30
2022-10-28,SMD-0044,BSE,NSE:BSE-EQ,203.85,204.98,199.33,200.02,1279218,FYERS_HISTORY,2026-08-08T23:06:02+05:30
2022-10-31,SMD-0044,BSE,NSE:BSE-EQ,200.67,201.58,196.33,196.7,1881672,FYERS_HISTORY,2026-08-08T23:06:02+05:30
2022-11-01,SMD-0044,BSE,NSE:BSE-EQ,197.47,199.67,197.18,198.4,1067073,FYERS_HISTORY,2026-08-08T23:06:02+05:30
2022-11-02,SMD-0044,BSE,NSE:BSE-EQ,199.42,199.42,196.95,197.97,844140,FYERS_HISTORY,2026-08-08T23:06:02+05:30
2022-11-03,SMD-0044,BSE,NSE:BSE-EQ,197.83,198.88,196.33,197.62,1046259,FYERS_HISTORY,2026-08-08T23:06:02+05:30
2022-11-04,SMD-0044,BSE,NSE:BSE-EQ,198.0,202.43,197.75,200.82,1523991,FYERS_HISTORY,2026-08-08T23:06:02+05:30
2022-11-07,SMD-0044,BSE,NSE:BSE-EQ,203.0,204.63,199.0,200.33,3305793,FYERS_HISTORY,2026-08-08T23:06:02+05:30
2022-11-09,SMD-0044,BSE,NSE:BSE-EQ,196.67,198.33,195.05,195.75,2693694,FYERS_HISTORY,2026-08-08T23:06:02+05:30
2022-11-10,SMD-0044,BSE,NSE:BSE-EQ,194.5,195.58,191.67,192.32,1648866,FYERS_HISTORY,2026-08-08T23:06:02+05:30
2022-11-11,SMD-0044,BSE,NSE:BSE-EQ,194.0,194.92,190.0,190.8,2054628,FYERS_HISTORY,2026-08-08T23:06:02+05:30
2022-11-14,SMD-0044,BSE,NSE:BSE-EQ,191.67,199.92,190.43,197.03,4168845,FYERS_HISTORY,2026-08-08T23:06:02+05:30
2022-11-15,SMD-0044,BSE,NSE:BSE-EQ,196.63,198.13,193.35,194.33,1618374,FYERS_HISTORY,2026-08-08T23:06:02+05:30
2022-11-16,SMD-0044,BSE,NSE:BSE-EQ,194.65,195.0,192.03,192.98,940797,FYERS_HISTORY,2026-08-08T23:06:02+05:30
2022-11-17,SMD-0044,BSE,NSE:BSE-EQ,192.98,193.23,190.33,190.78,967311,FYERS_HISTORY,2026-08-08T23:06:02+05:30
2022-11-18,SMD-0044,BSE,NSE:BSE-EQ,191.67,191.67,188.5,189.05,1119456,FYERS_HISTORY,2026-08-08T23:06:02+05:30
2022-11-21,SMD-0044,BSE,NSE:BSE-EQ,189.0,191.5,186.68,187.27,1164210,FYERS_HISTORY,2026-08-08T23:06:02+05:30
2022-11-22,SMD-0044,BSE,NSE:BSE-EQ,188.13,188.4,185.08,185.53,1149801,FYERS_HISTORY,2026-08-08T23:06:02+05:30
2022-11-23,SMD-0044,BSE,NSE:BSE-EQ,186.63,188.08,184.68,186.05,1265598,FYERS_HISTORY,2026-08-08T23:06:02+05:30
2022-11-24,SMD-0044,BSE,NSE:BSE-EQ,186.17,191.67,186.17,189.65,1873725,FYERS_HISTORY,2026-08-08T23:06:02+05:30
2022-11-25,SMD-0044,BSE,NSE:BSE-EQ,190.17,191.95,189.03,190.65,955143,FYERS_HISTORY,2026-08-08T23:06:02+05:30
2022-11-28,SMD-0044,BSE,NSE:BSE-EQ,190.65,194.53,189.68,190.27,1589292,FYERS_HISTORY,2026-08-08T23:06:02+05:30
2022-11-29,SMD-0044,BSE,NSE:BSE-EQ,193.33,194.58,191.4,193.43,3334632,FYERS_HISTORY,2026-08-08T23:06:02+05:30
2022-11-30,SMD-0044,BSE,NSE:BSE-EQ,192.83,194.0,192.0,192.4,1204500,FYERS_HISTORY,2026-08-08T23:06:02+05:30
2022-12-01,SMD-0044,BSE,NSE:BSE-EQ,193.33,194.28,191.85,192.6,2170719,FYERS_HISTORY,2026-08-08T23:06:02+05:30
2022-12-02,SMD-0044,BSE,NSE:BSE-EQ,192.58,192.58,190.07,190.87,1296951,FYERS_HISTORY,2026-08-08T23:06:02+05:30
2022-12-05,SMD-0044,BSE,NSE:BSE-EQ,191.02,191.8,189.45,190.03,1017255,FYERS_HISTORY,2026-08-08T23:06:02+05:30
2022-12-06,SMD-0044,BSE,NSE:BSE-EQ,189.33,196.33,189.0,194.22,3085767,FYERS_HISTORY,2026-08-08T23:06:02+05:30
2022-12-07,SMD-0044,BSE,NSE:BSE-EQ,194.67,196.0,191.8,193.9,1894239,FYERS_HISTORY,2026-08-08T23:06:02+05:30
2022-12-08,SMD-0044,BSE,NSE:BSE-EQ,193.33,193.83,191.33,191.78,1140216,FYERS_HISTORY,2026-08-08T23:06:02+05:30
2022-12-09,SMD-0044,BSE,NSE:BSE-EQ,192.33,192.85,190.5,191.02,1378320,FYERS_HISTORY,2026-08-08T23:06:02+05:30
2022-12-12,SMD-0044,BSE,NSE:BSE-EQ,190.77,190.77,188.67,189.12,916182,FYERS_HISTORY,2026-08-08T23:06:02+05:30
2022-12-13,SMD-0044,BSE,NSE:BSE-EQ,189.82,198.78,189.33,195.35,6267741,FYERS_HISTORY,2026-08-08T23:06:02+05:30
2022-12-14,SMD-0044,BSE,NSE:BSE-EQ,196.55,198.9,194.62,195.17,3845319,FYERS_HISTORY,2026-08-08T23:06:02+05:30
2022-12-15,SMD-0044,BSE,NSE:BSE-EQ,194.93,198.22,192.93,193.55,1970775,FYERS_HISTORY,2026-08-08T23:06:02+05:30
2022-12-16,SMD-0044,BSE,NSE:BSE-EQ,193.0,198.33,192.07,197.05,3794634,FYERS_HISTORY,2026-08-08T23:06:02+05:30
2022-12-19,SMD-0044,BSE,NSE:BSE-EQ,197.05,197.4,193.2,193.58,1435287,FYERS_HISTORY,2026-08-08T23:06:02+05:30
2022-12-20,SMD-0044,BSE,NSE:BSE-EQ,192.67,195.58,192.28,193.27,1396383,FYERS_HISTORY,2026-08-08T23:06:02+05:30
2022-12-21,SMD-0044,BSE,NSE:BSE-EQ,194.67,194.8,186.08,187.25,1992303,FYERS_HISTORY,2026-08-08T23:06:02+05:30
2022-12-22,SMD-0044,BSE,NSE:BSE-EQ,188.32,189.32,180.88,183.13,2187798,FYERS_HISTORY,2026-08-08T23:06:02+05:30
2022-12-23,SMD-0044,BSE,NSE:BSE-EQ,181.67,182.53,175.0,175.42,2123238,FYERS_HISTORY,2026-08-08T23:06:02+05:30
2022-12-26,SMD-0044,BSE,NSE:BSE-EQ,175.42,180.55,173.83,178.02,1487547,FYERS_HISTORY,2026-08-08T23:06:02+05:30
2022-12-27,SMD-0044,BSE,NSE:BSE-EQ,179.67,181.93,178.5,179.3,1102413,FYERS_HISTORY,2026-08-08T23:06:02+05:30
2022-12-28,SMD-0044,BSE,NSE:BSE-EQ,180.1,182.9,178.35,179.33,1160250,FYERS_HISTORY,2026-08-08T23:06:02+05:30
2022-12-29,SMD-0044,BSE,NSE:BSE-EQ,179.17,179.97,177.05,178.65,758832,FYERS_HISTORY,2026-08-08T23:06:02+05:30
2022-12-30,SMD-0044,BSE,NSE:BSE-EQ,180.0,182.45,179.83,181.63,1193490,FYERS_HISTORY,2026-08-08T23:06:02+05:30
2023-01-02,SMD-0044,BSE,NSE:BSE-EQ,181.33,187.47,181.33,185.37,2003130,FYERS_HISTORY,2026-08-08T23:06:02+05:30
2023-01-03,SMD-0044,BSE,NSE:BSE-EQ,186.33,190.33,184.45,188.52,1265370,FYERS_HISTORY,2026-08-08T23:06:02+05:30
2023-01-04,SMD-0044,BSE,NSE:BSE-EQ,189.0,189.0,183.33,183.6,1244793,FYERS_HISTORY,2026-08-08T23:06:02+05:30
2023-01-05,SMD-0044,BSE,NSE:BSE-EQ,184.77,185.47,181.27,182.43,749841,FYERS_HISTORY,2026-08-08T23:06:02+05:30
2023-01-06,SMD-0044,BSE,NSE:BSE-EQ,182.67,182.95,180.07,180.67,791127,FYERS_HISTORY,2026-08-08T23:06:02+05:30
2023-01-09,SMD-0044,BSE,NSE:BSE-EQ,180.7,183.93,178.33,179.4,989868,FYERS_HISTORY,2026-08-08T23:06:02+05:30
2023-01-10,SMD-0044,BSE,NSE:BSE-EQ,178.67,180.67,178.38,179.18,808989,FYERS_HISTORY,2026-08-08T23:06:02+05:30
2023-01-11,SMD-0044,BSE,NSE:BSE-EQ,180.0,182.33,178.35,178.73,1256583,FYERS_HISTORY,2026-08-08T23:06:02+05:30
2023-01-12,SMD-0044,BSE,NSE:BSE-EQ,179.33,179.65,177.0,177.5,737949,FYERS_HISTORY,2026-08-08T23:06:02+05:30
2023-01-13,SMD-0044,BSE,NSE:BSE-EQ,178.1,179.87,177.33,178.13,835056,FYERS_HISTORY,2026-08-08T23:06:02+05:30
2023-01-16,SMD-0044,BSE,NSE:BSE-EQ,178.83,179.32,177.12,178.2,583518,FYERS_HISTORY,2026-08-08T23:06:02+05:30
2023-01-17,SMD-0044,BSE,NSE:BSE-EQ,178.33,179.1,175.92,176.97,709140,FYERS_HISTORY,2026-08-08T23:06:02+05:30
2023-01-18,SMD-0044,BSE,NSE:BSE-EQ,177.0,177.83,175.08,175.62,728841,FYERS_HISTORY,2026-08-08T23:06:02+05:30
2023-01-19,SMD-0044,BSE,NSE:BSE-EQ,175.62,176.0,172.7,173.27,1349487,FYERS_HISTORY,2026-08-08T23:06:02+05:30
2023-01-20,SMD-0044,BSE,NSE:BSE-EQ,173.67,175.93,173.33,173.8,796257,FYERS_HISTORY,2026-08-08T23:06:02+05:30
2023-01-23,SMD-0044,BSE,NSE:BSE-EQ,174.23,181.22,173.55,176.57,2005824,FYERS_HISTORY,2026-08-08T23:06:02+05:30
2023-01-24,SMD-0044,BSE,NSE:BSE-EQ,177.33,180.88,177.28,179.05,1730520,FYERS_HISTORY,2026-08-08T23:06:02+05:30
2023-01-25,SMD-0044,BSE,NSE:BSE-EQ,179.0,180.62,175.68,176.72,987354,FYERS_HISTORY,2026-08-08T23:06:02+05:30
2023-01-27,SMD-0044,BSE,NSE:BSE-EQ,176.83,177.43,170.0,170.95,1409913,FYERS_HISTORY,2026-08-08T23:06:02+05:30
2023-01-30,SMD-0044,BSE,NSE:BSE-EQ,170.95,173.83,167.68,168.32,1441590,FYERS_HISTORY,2026-08-08T23:06:02+05:30
2023-01-31,SMD-0044,BSE,NSE:BSE-EQ,169.32,171.97,168.57,171.15,1138629,FYERS_HISTORY,2026-08-08T23:06:02+05:30
2023-02-01,SMD-0044,BSE,NSE:BSE-EQ,172.0,174.8,166.42,167.9,1773357,FYERS_HISTORY,2026-08-08T23:06:02+05:30
2023-02-02,SMD-0044,BSE,NSE:BSE-EQ,167.0,170.83,166.02,167.85,1248690,FYERS_HISTORY,2026-08-08T23:06:02+05:30
2023-02-03,SMD-0044,BSE,NSE:BSE-EQ,168.33,170.03,165.0,166.7,1218381,FYERS_HISTORY,2026-08-08T23:06:02+05:30
2023-02-06,SMD-0044,BSE,NSE:BSE-EQ,166.7,168.25,165.35,166.13,1121250,FYERS_HISTORY,2026-08-08T23:06:02+05:30
2023-02-07,SMD-0044,BSE,NSE:BSE-EQ,166.67,167.33,164.0,164.53,1069662,FYERS_HISTORY,2026-08-08T23:06:02+05:30
2023-02-08,SMD-0044,BSE,NSE:BSE-EQ,165.33,166.0,161.95,162.23,1834623,FYERS_HISTORY,2026-08-08T23:06:02+05:30
2023-02-09,SMD-0044,BSE,NSE:BSE-EQ,162.32,169.83,160.37,168.57,2678538,FYERS_HISTORY,2026-08-08T23:06:02+05:30
2023-02-10,SMD-0044,BSE,NSE:BSE-EQ,167.67,171.35,165.33,167.0,1705965,FYERS_HISTORY,2026-08-08T23:06:02+05:30
2023-02-13,SMD-0044,BSE,NSE:BSE-EQ,165.0,166.63,162.67,163.02,1122912,FYERS_HISTORY,2026-08-08T23:06:02+05:30
2023-02-14,SMD-0044,BSE,NSE:BSE-EQ,163.33,163.82,160.33,160.5,1122726,FYERS_HISTORY,2026-08-08T23:06:02+05:30
2023-02-15,SMD-0044,BSE,NSE:BSE-EQ,160.53,163.32,160.1,160.92,1103898,FYERS_HISTORY,2026-08-08T23:06:02+05:30
2023-02-16,SMD-0044,BSE,NSE:BSE-EQ,160.98,163.97,160.7,161.03,1444284,FYERS_HISTORY,2026-08-08T23:06:02+05:30
2023-02-17,SMD-0044,BSE,NSE:BSE-EQ,161.0,161.22,158.0,158.33,1664403,FYERS_HISTORY,2026-08-08T23:06:02+05:30
2023-02-20,SMD-0044,BSE,NSE:BSE-EQ,158.95,159.28,155.8,156.15,1432410,FYERS_HISTORY,2026-08-08T23:06:02+05:30
2023-02-21,SMD-0044,BSE,NSE:BSE-EQ,155.67,158.67,155.48,156.05,1264761,FYERS_HISTORY,2026-08-08T23:06:02+05:30
2023-02-22,SMD-0044,BSE,NSE:BSE-EQ,156.17,156.45,150.53,150.87,1944399,FYERS_HISTORY,2026-08-08T23:06:02+05:30
2023-02-23,SMD-0044,BSE,NSE:BSE-EQ,150.97,152.0,148.37,148.83,1987401,FYERS_HISTORY,2026-08-08T23:06:02+05:30
2023-02-24,SMD-0044,BSE,NSE:BSE-EQ,149.63,150.2,146.0,146.43,2171706,FYERS_HISTORY,2026-08-08T23:06:02+05:30
2023-02-27,SMD-0044,BSE,NSE:BSE-EQ,146.67,147.58,142.35,145.25,2440869,FYERS_HISTORY,2026-08-08T23:06:02+05:30
2023-02-28,SMD-0044,BSE,NSE:BSE-EQ,146.0,148.98,145.18,146.92,2548479,FYERS_HISTORY,2026-08-08T23:06:02+05:30
2023-03-01,SMD-0044,BSE,NSE:BSE-EQ,147.67,151.13,147.03,148.2,2221452,FYERS_HISTORY,2026-08-08T23:06:02+05:30
2023-03-02,SMD-0044,BSE,NSE:BSE-EQ,148.2,151.92,147.4,147.8,1809480,FYERS_HISTORY,2026-08-08T23:06:02+05:30
2023-03-03,SMD-0044,BSE,NSE:BSE-EQ,149.28,151.42,148.15,149.45,2542551,FYERS_HISTORY,2026-08-08T23:06:02+05:30
2023-03-06,SMD-0044,BSE,NSE:BSE-EQ,151.45,162.88,150.82,160.3,8114991,FYERS_HISTORY,2026-08-08T23:06:02+05:30
2023-03-08,SMD-0044,BSE,NSE:BSE-EQ,159.47,159.6,154.5,155.3,3196656,FYERS_HISTORY,2026-08-08T23:06:02+05:30
2023-03-09,SMD-0044,BSE,NSE:BSE-EQ,155.55,156.97,151.5,152.55,2350647,FYERS_HISTORY,2026-08-08T23:06:02+05:30
2023-03-10,SMD-0044,BSE,NSE:BSE-EQ,150.33,151.88,149.13,149.9,1704243,FYERS_HISTORY,2026-08-08T23:06:02+05:30
2023-03-13,SMD-0044,BSE,NSE:BSE-EQ,149.9,151.23,145.8,146.55,1932126,FYERS_HISTORY,2026-08-08T23:06:02+05:30
2023-03-14,SMD-0044,BSE,NSE:BSE-EQ,147.28,150.33,146.18,148.23,1777416,FYERS_HISTORY,2026-08-08T23:06:02+05:30
2023-03-15,SMD-0044,BSE,NSE:BSE-EQ,149.33,157.4,148.73,150.45,5176902,FYERS_HISTORY,2026-08-08T23:06:02+05:30
2023-03-16,SMD-0044,BSE,NSE:BSE-EQ,149.33,150.63,146.67,146.8,2238537,FYERS_HISTORY,2026-08-08T23:06:02+05:30
2023-03-17,SMD-0044,BSE,NSE:BSE-EQ,148.67,150.0,146.0,146.4,1727793,FYERS_HISTORY,2026-08-08T23:06:02+05:30
2023-03-20,SMD-0044,BSE,NSE:BSE-EQ,146.4,146.67,142.72,143.65,1713306,FYERS_HISTORY,2026-08-08T23:06:02+05:30
2023-03-21,SMD-0044,BSE,NSE:BSE-EQ,145.0,146.5,144.68,145.12,982110,FYERS_HISTORY,2026-08-08T23:06:02+05:30
2023-03-22,SMD-0044,BSE,NSE:BSE-EQ,145.57,148.98,145.5,146.9,1237785,FYERS_HISTORY,2026-08-08T23:06:02+05:30
2023-03-23,SMD-0044,BSE,NSE:BSE-EQ,147.0,148.9,146.0,146.23,1153089,FYERS_HISTORY,2026-08-08T23:06:02+05:30
2023-03-24,SMD-0044,BSE,NSE:BSE-EQ,146.65,147.77,140.73,141.82,1904688,FYERS_HISTORY,2026-08-08T23:06:02+05:30
2023-03-27,SMD-0044,BSE,NSE:BSE-EQ,141.82,142.57,136.72,137.48,2194266,FYERS_HISTORY,2026-08-08T23:06:02+05:30
2023-03-28,SMD-0044,BSE,NSE:BSE-EQ,138.22,139.32,135.4,135.93,2037600,FYERS_HISTORY,2026-08-08T23:06:02+05:30
2023-03-29,SMD-0044,BSE,NSE:BSE-EQ,136.55,140.0,135.87,138.62,2919984,FYERS_HISTORY,2026-08-08T23:06:02+05:30
2023-03-31,SMD-0044,BSE,NSE:BSE-EQ,140.0,146.25,139.7,143.65,3773022,FYERS_HISTORY,2026-08-08T23:06:02+05:30
2023-04-03,SMD-0044,BSE,NSE:BSE-EQ,145.0,151.2,144.37,149.83,3367401,FYERS_HISTORY,2026-08-08T23:06:02+05:30
2023-04-05,SMD-0044,BSE,NSE:BSE-EQ,150.0,152.33,148.28,150.28,1526514,FYERS_HISTORY,2026-08-08T23:06:02+05:30
2023-04-06,SMD-0044,BSE,NSE:BSE-EQ,150.0,152.57,149.07,150.1,1708749,FYERS_HISTORY,2026-08-08T23:06:02+05:30
2023-04-10,SMD-0044,BSE,NSE:BSE-EQ,150.67,153.15,150.0,152.53,1398813,FYERS_HISTORY,2026-08-08T23:06:02+05:30
2023-04-11,SMD-0044,BSE,NSE:BSE-EQ,153.17,156.57,152.02,154.4,2031582,FYERS_HISTORY,2026-08-08T23:06:02+05:30
2023-04-12,SMD-0044,BSE,NSE:BSE-EQ,155.37,157.63,152.83,154.1,1824711,FYERS_HISTORY,2026-08-08T23:06:02+05:30
2023-04-13,SMD-0044,BSE,NSE:BSE-EQ,153.37,154.65,152.03,153.08,833097,FYERS_HISTORY,2026-08-08T23:06:02+05:30
2023-04-17,SMD-0044,BSE,NSE:BSE-EQ,152.67,154.98,150.68,153.63,1271643,FYERS_HISTORY,2026-08-08T23:06:02+05:30
2023-04-18,SMD-0044,BSE,NSE:BSE-EQ,153.67,158.17,153.65,155.73,2032449,FYERS_HISTORY,2026-08-08T23:06:02+05:30
2023-04-19,SMD-0044,BSE,NSE:BSE-EQ,155.73,156.28,151.0,151.47,1306887,FYERS_HISTORY,2026-08-08T23:06:02+05:30
2023-04-20,SMD-0044,BSE,NSE:BSE-EQ,152.17,152.48,149.07,149.95,1095297,FYERS_HISTORY,2026-08-08T23:06:02+05:30
2023-04-21,SMD-0044,BSE,NSE:BSE-EQ,150.33,151.73,149.67,150.47,938988,FYERS_HISTORY,2026-08-08T23:06:02+05:30
2023-04-24,SMD-0044,BSE,NSE:BSE-EQ,150.67,154.67,150.67,152.65,1674738,FYERS_HISTORY,2026-08-08T23:06:02+05:30
2023-04-25,SMD-0044,BSE,NSE:BSE-EQ,153.0,166.27,152.83,164.9,14896824,FYERS_HISTORY,2026-08-08T23:06:02+05:30
2023-04-26,SMD-0044,BSE,NSE:BSE-EQ,166.67,169.83,164.48,166.42,7822629,FYERS_HISTORY,2026-08-08T23:06:02+05:30
2023-04-27,SMD-0044,BSE,NSE:BSE-EQ,166.47,174.63,166.3,173.58,9996030,FYERS_HISTORY,2026-08-08T23:06:02+05:30
2023-04-28,SMD-0044,BSE,NSE:BSE-EQ,175.0,176.4,172.0,174.3,4733712,FYERS_HISTORY,2026-08-08T23:06:02+05:30
2023-05-02,SMD-0044,BSE,NSE:BSE-EQ,175.0,179.0,174.38,175.77,3300459,FYERS_HISTORY,2026-08-08T23:06:02+05:30
2023-05-03,SMD-0044,BSE,NSE:BSE-EQ,175.77,177.17,172.22,172.9,2532498,FYERS_HISTORY,2026-08-08T23:06:02+05:30
2023-05-04,SMD-0044,BSE,NSE:BSE-EQ,173.27,174.97,171.2,171.78,1658862,FYERS_HISTORY,2026-08-08T23:06:02+05:30
2023-05-05,SMD-0044,BSE,NSE:BSE-EQ,171.73,174.47,168.83,170.03,1856436,FYERS_HISTORY,2026-08-08T23:06:02+05:30
2023-05-08,SMD-0044,BSE,NSE:BSE-EQ,170.6,180.0,170.33,178.62,4579413,FYERS_HISTORY,2026-08-08T23:06:02+05:30
2023-05-09,SMD-0044,BSE,NSE:BSE-EQ,179.68,182.1,176.03,176.95,3903135,FYERS_HISTORY,2026-08-08T23:06:02+05:30
2023-05-10,SMD-0044,BSE,NSE:BSE-EQ,177.67,178.67,174.37,176.28,1699797,FYERS_HISTORY,2026-08-08T23:06:02+05:30
2023-05-11,SMD-0044,BSE,NSE:BSE-EQ,177.17,181.32,176.87,180.05,3310320,FYERS_HISTORY,2026-08-08T23:06:02+05:30
2023-05-12,SMD-0044,BSE,NSE:BSE-EQ,183.33,186.65,181.67,183.23,8278866,FYERS_HISTORY,2026-08-08T23:06:02+05:30
2023-05-15,SMD-0044,BSE,NSE:BSE-EQ,181.87,184.98,179.07,181.93,2809848,FYERS_HISTORY,2026-08-08T23:06:02+05:30
2023-05-16,SMD-0044,BSE,NSE:BSE-EQ,181.93,184.3,179.0,179.9,1736067,FYERS_HISTORY,2026-08-08T23:06:02+05:30
2023-05-17,SMD-0044,BSE,NSE:BSE-EQ,180.25,181.02,177.5,178.97,1372587,FYERS_HISTORY,2026-08-08T23:06:02+05:30
2023-05-18,SMD-0044,BSE,NSE:BSE-EQ,179.4,180.67,175.33,176.63,1524855,FYERS_HISTORY,2026-08-08T23:06:02+05:30
2023-05-19,SMD-0044,BSE,NSE:BSE-EQ,176.63,176.65,173.67,174.72,1359135,FYERS_HISTORY,2026-08-08T23:06:02+05:30
2023-05-22,SMD-0044,BSE,NSE:BSE-EQ,175.0,176.53,173.67,175.63,1042245,FYERS_HISTORY,2026-08-08T23:06:02+05:30
2023-05-23,SMD-0044,BSE,NSE:BSE-EQ,176.3,180.73,176.0,177.77,1772427,FYERS_HISTORY,2026-08-08T23:06:02+05:30
2023-05-24,SMD-0044,BSE,NSE:BSE-EQ,177.73,178.45,176.18,176.8,1129005,FYERS_HISTORY,2026-08-08T23:06:02+05:30
2023-05-25,SMD-0044,BSE,NSE:BSE-EQ,177.0,179.7,175.33,178.08,1314414,FYERS_HISTORY,2026-08-08T23:06:02+05:30
2023-05-26,SMD-0044,BSE,NSE:BSE-EQ,178.08,179.72,177.5,178.78,1038792,FYERS_HISTORY,2026-08-08T23:06:02+05:30
2023-05-29,SMD-0044,BSE,NSE:BSE-EQ,180.0,182.32,179.27,180.7,1569417,FYERS_HISTORY,2026-08-08T23:06:02+05:30
2023-05-30,SMD-0044,BSE,NSE:BSE-EQ,180.67,181.27,179.07,180.68,985068,FYERS_HISTORY,2026-08-08T23:06:02+05:30
2023-05-31,SMD-0044,BSE,NSE:BSE-EQ,180.53,188.1,179.4,185.9,6210870,FYERS_HISTORY,2026-08-08T23:06:02+05:30
2023-06-01,SMD-0044,BSE,NSE:BSE-EQ,186.53,192.0,186.02,190.23,5716917,FYERS_HISTORY,2026-08-08T23:06:02+05:30
2023-06-02,SMD-0044,BSE,NSE:BSE-EQ,191.33,194.0,189.37,190.67,2726436,FYERS_HISTORY,2026-08-08T23:06:02+05:30
2023-06-05,SMD-0044,BSE,NSE:BSE-EQ,192.15,194.17,191.02,192.23,2480844,FYERS_HISTORY,2026-08-08T23:06:02+05:30
2023-06-06,SMD-0044,BSE,NSE:BSE-EQ,191.92,192.98,186.73,188.6,2134377,FYERS_HISTORY,2026-08-08T23:06:02+05:30
2023-06-07,SMD-0044,BSE,NSE:BSE-EQ,189.55,191.63,188.15,188.52,1769874,FYERS_HISTORY,2026-08-08T23:06:02+05:30
2023-06-08,SMD-0044,BSE,NSE:BSE-EQ,189.13,190.12,185.5,186.27,1645557,FYERS_HISTORY,2026-08-08T23:06:02+05:30
2023-06-09,SMD-0044,BSE,NSE:BSE-EQ,187.0,187.65,184.0,184.82,954444,FYERS_HISTORY,2026-08-08T23:06:02+05:30
2023-06-12,SMD-0044,BSE,NSE:BSE-EQ,185.33,191.8,183.82,190.13,3261402,FYERS_HISTORY,2026-08-08T23:06:02+05:30
2023-06-13,SMD-0044,BSE,NSE:BSE-EQ,191.1,191.65,186.33,187.65,2609724,FYERS_HISTORY,2026-08-08T23:06:02+05:30
2023-06-14,SMD-0044,BSE,NSE:BSE-EQ,188.33,191.13,188.22,190.17,2563983,FYERS_HISTORY,2026-08-08T23:06:02+05:30
2023-06-15,SMD-0044,BSE,NSE:BSE-EQ,191.1,194.33,189.93,191.32,3936357,FYERS_HISTORY,2026-08-08T23:06:02+05:30
2023-06-16,SMD-0044,BSE,NSE:BSE-EQ,191.67,193.55,190.0,190.75,2631663,FYERS_HISTORY,2026-08-08T23:06:02+05:30
2023-06-19,SMD-0044,BSE,NSE:BSE-EQ,191.72,192.13,189.0,189.6,1394700,FYERS_HISTORY,2026-08-08T23:06:02+05:30
2023-06-20,SMD-0044,BSE,NSE:BSE-EQ,189.65,191.5,188.33,190.63,1498671,FYERS_HISTORY,2026-08-08T23:06:02+05:30
2023-06-21,SMD-0044,BSE,NSE:BSE-EQ,190.63,194.17,190.32,190.72,2182671,FYERS_HISTORY,2026-08-08T23:06:02+05:30
2023-06-22,SMD-0044,BSE,NSE:BSE-EQ,195.33,203.77,195.08,201.08,20677539,FYERS_HISTORY,2026-08-08T23:06:02+05:30
2023-06-23,SMD-0044,BSE,NSE:BSE-EQ,201.32,206.65,198.67,202.85,11739270,FYERS_HISTORY,2026-08-08T23:06:02+05:30
2023-06-26,SMD-0044,BSE,NSE:BSE-EQ,203.67,203.95,196.33,198.92,4022013,FYERS_HISTORY,2026-08-08T23:06:02+05:30
2023-06-27,SMD-0044,BSE,NSE:BSE-EQ,199.83,201.63,197.87,200.13,2688570,FYERS_HISTORY,2026-08-08T23:06:02+05:30
2023-06-28,SMD-0044,BSE,NSE:BSE-EQ,205.17,208.1,203.7,204.92,7538955,FYERS_HISTORY,2026-08-08T23:06:02+05:30
2023-06-30,SMD-0044,BSE,NSE:BSE-EQ,205.8,205.88,202.03,202.85,2471250,FYERS_HISTORY,2026-08-08T23:06:02+05:30
2023-07-03,SMD-0044,BSE,NSE:BSE-EQ,203.93,225.0,203.92,223.13,30464100,FYERS_HISTORY,2026-08-08T23:06:02+05:30
2023-07-04,SMD-0044,BSE,NSE:BSE-EQ,224.17,228.33,220.67,224.27,15451302,FYERS_HISTORY,2026-08-08T23:06:02+05:30
2023-07-05,SMD-0044,BSE,NSE:BSE-EQ,224.33,228.33,222.07,226.78,6968958,FYERS_HISTORY,2026-08-08T23:06:02+05:30
2023-07-06,SMD-0044,BSE,NSE:BSE-EQ,227.67,236.88,223.83,235.17,29480988,FYERS_HISTORY,2026-08-08T23:06:02+05:30
2023-07-07,SMD-0044,BSE,NSE:BSE-EQ,235.92,239.93,232.2,235.8,12789198,FYERS_HISTORY,2026-08-08T23:06:02+05:30
2023-07-10,SMD-0044,BSE,NSE:BSE-EQ,235.0,236.25,230.73,231.9,4254450,FYERS_HISTORY,2026-08-08T23:06:02+05:30
2023-07-11,SMD-0044,BSE,NSE:BSE-EQ,232.85,234.67,232.12,233.37,2659248,FYERS_HISTORY,2026-08-08T23:06:02+05:30
2023-07-12,SMD-0044,BSE,NSE:BSE-EQ,234.32,262.65,234.0,251.87,29897934,FYERS_HISTORY,2026-08-08T23:06:02+05:30
2023-07-13,SMD-0044,BSE,NSE:BSE-EQ,254.0,257.23,243.0,245.43,7909665,FYERS_HISTORY,2026-08-08T23:06:02+05:30
2023-07-14,SMD-0044,BSE,NSE:BSE-EQ,246.75,254.98,246.75,252.48,7113378,FYERS_HISTORY,2026-08-08T23:06:02+05:30
2023-07-17,SMD-0044,BSE,NSE:BSE-EQ,253.33,253.45,249.67,250.4,2712075,FYERS_HISTORY,2026-08-08T23:06:02+05:30
2023-07-18,SMD-0044,BSE,NSE:BSE-EQ,251.67,252.57,244.33,245.73,2662728,FYERS_HISTORY,2026-08-08T23:06:02+05:30
2023-07-19,SMD-0044,BSE,NSE:BSE-EQ,246.32,249.33,243.35,245.77,2828868,FYERS_HISTORY,2026-08-08T23:06:02+05:30
2023-07-20,SMD-0044,BSE,NSE:BSE-EQ,245.77,248.32,244.4,246.05,2229408,FYERS_HISTORY,2026-08-08T23:06:02+05:30
2023-07-21,SMD-0044,BSE,NSE:BSE-EQ,245.33,251.65,244.38,245.88,2570355,FYERS_HISTORY,2026-08-08T23:06:02+05:30
2023-07-24,SMD-0044,BSE,NSE:BSE-EQ,247.12,247.28,241.88,242.83,1930749,FYERS_HISTORY,2026-08-08T23:06:02+05:30
2023-07-25,SMD-0044,BSE,NSE:BSE-EQ,244.3,248.0,242.67,245.92,2498283,FYERS_HISTORY,2026-08-08T23:06:02+05:30
2023-07-26,SMD-0044,BSE,NSE:BSE-EQ,246.5,258.0,246.28,256.28,9594042,FYERS_HISTORY,2026-08-08T23:06:02+05:30
2023-07-27,SMD-0044,BSE,NSE:BSE-EQ,257.1,265.97,257.0,259.88,8423670,FYERS_HISTORY,2026-08-08T23:06:02+05:30
2023-07-28,SMD-0044,BSE,NSE:BSE-EQ,260.67,270.0,255.33,267.35,9297873,FYERS_HISTORY,2026-08-08T23:06:02+05:30
2023-07-31,SMD-0044,BSE,NSE:BSE-EQ,268.67,271.33,263.38,269.75,6441372,FYERS_HISTORY,2026-08-08T23:06:02+05:30
2023-08-01,SMD-0044,BSE,NSE:BSE-EQ,270.67,282.0,268.0,280.67,10141059,FYERS_HISTORY,2026-08-08T23:06:02+05:30
2023-08-02,SMD-0044,BSE,NSE:BSE-EQ,282.0,291.45,272.67,279.08,13045647,FYERS_HISTORY,2026-08-08T23:06:02+05:30
2023-08-03,SMD-0044,BSE,NSE:BSE-EQ,278.33,283.93,272.7,279.37,5342466,FYERS_HISTORY,2026-08-08T23:06:02+05:30
2023-08-04,SMD-0044,BSE,NSE:BSE-EQ,280.0,287.98,279.68,287.1,6172713,FYERS_HISTORY,2026-08-08T23:06:02+05:30
2023-08-07,SMD-0044,BSE,NSE:BSE-EQ,288.18,291.67,283.98,289.23,4162830,FYERS_HISTORY,2026-08-08T23:06:02+05:30
2023-08-08,SMD-0044,BSE,NSE:BSE-EQ,289.6,295.97,289.42,294.2,5779965,FYERS_HISTORY,2026-08-08T23:06:02+05:30
2023-08-09,SMD-0044,BSE,NSE:BSE-EQ,295.22,309.0,294.55,307.8,14201859,FYERS_HISTORY,2026-08-08T23:06:02+05:30
2023-08-10,SMD-0044,BSE,NSE:BSE-EQ,306.0,308.33,288.5,297.48,17525538,FYERS_HISTORY,2026-08-08T23:06:02+05:30
2023-08-11,SMD-0044,BSE,NSE:BSE-EQ,298.33,303.67,297.0,299.47,4929834,FYERS_HISTORY,2026-08-08T23:06:02+05:30
2023-08-14,SMD-0044,BSE,NSE:BSE-EQ,298.95,298.95,290.67,293.32,3003924,FYERS_HISTORY,2026-08-08T23:06:02+05:30
2023-08-16,SMD-0044,BSE,NSE:BSE-EQ,289.97,289.97,278.5,279.95,5116170,FYERS_HISTORY,2026-08-08T23:06:02+05:30
2023-08-17,SMD-0044,BSE,NSE:BSE-EQ,279.95,291.33,279.95,287.15,3999543,FYERS_HISTORY,2026-08-08T23:06:02+05:30
2023-08-18,SMD-0044,BSE,NSE:BSE-EQ,287.15,290.67,282.65,288.0,3305991,FYERS_HISTORY,2026-08-08T23:06:02+05:30
2023-08-21,SMD-0044,BSE,NSE:BSE-EQ,289.45,298.63,287.88,296.68,4207284,FYERS_HISTORY,2026-08-08T23:06:02+05:30
2023-08-22,SMD-0044,BSE,NSE:BSE-EQ,298.22,302.33,297.35,299.8,4629468,FYERS_HISTORY,2026-08-08T23:06:02+05:30
2023-08-23,SMD-0044,BSE,NSE:BSE-EQ,298.97,309.68,297.52,304.57,5987019,FYERS_HISTORY,2026-08-08T23:06:02+05:30
2023-08-24,SMD-0044,BSE,NSE:BSE-EQ,306.33,311.98,297.03,301.45,5156040,FYERS_HISTORY,2026-08-08T23:06:02+05:30
2023-08-25,SMD-0044,BSE,NSE:BSE-EQ,298.33,303.0,295.2,301.1,3101610,FYERS_HISTORY,2026-08-08T23:06:02+05:30
2023-08-28,SMD-0044,BSE,NSE:BSE-EQ,302.62,304.45,297.67,302.47,2716170,FYERS_HISTORY,2026-08-08T23:06:02+05:30
2023-08-29,SMD-0044,BSE,NSE:BSE-EQ,303.3,304.17,300.7,303.32,2047461,FYERS_HISTORY,2026-08-08T23:06:02+05:30
2023-08-30,SMD-0044,BSE,NSE:BSE-EQ,304.97,329.67,302.82,322.6,18709323,FYERS_HISTORY,2026-08-08T23:06:02+05:30
2023-08-31,SMD-0044,BSE,NSE:BSE-EQ,321.0,361.63,317.53,354.25,30959808,FYERS_HISTORY,2026-08-08T23:06:02+05:30
2023-09-01,SMD-0044,BSE,NSE:BSE-EQ,355.43,379.6,341.33,375.38,30099873,FYERS_HISTORY,2026-08-08T23:06:02+05:30
2023-09-04,SMD-0044,BSE,NSE:BSE-EQ,370.83,401.02,361.87,396.08,22214028,FYERS_HISTORY,2026-08-08T23:06:02+05:30
2023-09-05,SMD-0044,BSE,NSE:BSE-EQ,400.0,406.07,386.02,395.73,14846136,FYERS_HISTORY,2026-08-08T23:06:02+05:30
2023-09-06,SMD-0044,BSE,NSE:BSE-EQ,388.67,409.67,369.33,401.78,17623191,FYERS_HISTORY,2026-08-08T23:06:02+05:30
2023-09-07,SMD-0044,BSE,NSE:BSE-EQ,399.95,421.33,393.35,417.17,10932567,FYERS_HISTORY,2026-08-08T23:06:02+05:30
2023-09-08,SMD-0044,BSE,NSE:BSE-EQ,420.0,449.33,418.33,441.48,8503326,FYERS_HISTORY,2026-08-08T23:06:02+05:30
2023-09-11,SMD-0044,BSE,NSE:BSE-EQ,446.67,479.33,443.38,456.38,9808647,FYERS_HISTORY,2026-08-08T23:06:02+05:30
2023-09-12,SMD-0044,BSE,NSE:BSE-EQ,457.33,460.93,410.97,432.68,10707696,FYERS_HISTORY,2026-08-08T23:06:02+05:30
2023-09-13,SMD-0044,BSE,NSE:BSE-EQ,422.3,439.65,406.28,433.42,8075967,FYERS_HISTORY,2026-08-08T23:06:02+05:30
2023-09-14,SMD-0044,BSE,NSE:BSE-EQ,436.17,441.33,425.33,427.7,3310767,FYERS_HISTORY,2026-08-08T23:06:02+05:30
2023-09-15,SMD-0044,BSE,NSE:BSE-EQ,429.33,444.0,420.0,424.32,3069555,FYERS_HISTORY,2026-08-08T23:06:02+05:30
2023-09-18,SMD-0044,BSE,NSE:BSE-EQ,415.33,431.28,412.17,415.45,3195387,FYERS_HISTORY,2026-08-08T23:06:02+05:30
2023-09-20,SMD-0044,BSE,NSE:BSE-EQ,414.67,417.87,392.02,400.5,4585101,FYERS_HISTORY,2026-08-08T23:06:02+05:30
2023-09-21,SMD-0044,BSE,NSE:BSE-EQ,400.0,401.27,390.52,391.88,3764613,FYERS_HISTORY,2026-08-08T23:06:02+05:30
2023-09-22,SMD-0044,BSE,NSE:BSE-EQ,391.67,402.17,384.93,398.78,3305931,FYERS_HISTORY,2026-08-08T23:06:02+05:30
2023-09-25,SMD-0044,BSE,NSE:BSE-EQ,411.33,415.9,387.12,402.33,3373920,FYERS_HISTORY,2026-08-08T23:06:02+05:30
2023-09-26,SMD-0044,BSE,NSE:BSE-EQ,404.23,429.02,400.18,425.73,6658155,FYERS_HISTORY,2026-08-08T23:06:02+05:30
2023-09-27,SMD-0044,BSE,NSE:BSE-EQ,427.43,437.67,421.23,435.92,4799805,FYERS_HISTORY,2026-08-08T23:06:02+05:30
2023-09-28,SMD-0044,BSE,NSE:BSE-EQ,437.67,453.33,426.02,431.63,5188842,FYERS_HISTORY,2026-08-08T23:06:02+05:30
2023-09-29,SMD-0044,BSE,NSE:BSE-EQ,433.0,443.0,425.95,432.65,3320595,FYERS_HISTORY,2026-08-08T23:06:02+05:30
2023-10-03,SMD-0044,BSE,NSE:BSE-EQ,433.33,436.07,427.0,432.62,1564014,FYERS_HISTORY,2026-08-08T23:06:02+05:30
2023-10-04,SMD-0044,BSE,NSE:BSE-EQ,434.67,443.33,417.55,426.77,2845020,FYERS_HISTORY,2026-08-08T23:06:02+05:30
2023-10-05,SMD-0044,BSE,NSE:BSE-EQ,428.92,443.27,428.92,442.03,2469486,FYERS_HISTORY,2026-08-08T23:06:02+05:30
2023-10-06,SMD-0044,BSE,NSE:BSE-EQ,444.4,473.0,444.0,467.17,9082923,FYERS_HISTORY,2026-08-08T23:06:02+05:30
2023-10-09,SMD-0044,BSE,NSE:BSE-EQ,454.67,480.0,453.35,461.32,7542750,FYERS_HISTORY,2026-08-08T23:06:02+05:30
2023-10-10,SMD-0044,BSE,NSE:BSE-EQ,469.32,490.67,468.33,478.13,8047413,FYERS_HISTORY,2026-08-08T23:06:02+05:30
2023-10-11,SMD-0044,BSE,NSE:BSE-EQ,483.0,502.0,483.0,493.92,6738294,FYERS_HISTORY,2026-08-08T23:06:02+05:30
2023-10-12,SMD-0044,BSE,NSE:BSE-EQ,498.38,504.92,479.02,491.52,4084977,FYERS_HISTORY,2026-08-08T23:06:02+05:30
2023-10-13,SMD-0044,BSE,NSE:BSE-EQ,491.33,497.53,485.98,494.45,2059107,FYERS_HISTORY,2026-08-08T23:06:02+05:30
2023-10-16,SMD-0044,BSE,NSE:BSE-EQ,494.5,506.33,490.07,493.67,2871741,FYERS_HISTORY,2026-08-08T23:06:02+05:30
2023-10-17,SMD-0044,BSE,NSE:BSE-EQ,496.88,502.07,488.35,493.38,2544957,FYERS_HISTORY,2026-08-08T23:06:02+05:30
2023-10-18,SMD-0044,BSE,NSE:BSE-EQ,492.67,498.33,488.67,495.9,1873095,FYERS_HISTORY,2026-08-08T23:06:02+05:30
2023-10-19,SMD-0044,BSE,NSE:BSE-EQ,495.0,516.0,491.0,512.53,4268166,FYERS_HISTORY,2026-08-08T23:06:02+05:30
2023-10-20,SMD-0044,BSE,NSE:BSE-EQ,516.67,531.33,512.6,529.27,5452644,FYERS_HISTORY,2026-08-08T23:06:02+05:30
2023-10-23,SMD-0044,BSE,NSE:BSE-EQ,546.67,599.33,544.27,569.05,21342201,FYERS_HISTORY,2026-08-08T23:06:02+05:30
2023-10-25,SMD-0044,BSE,NSE:BSE-EQ,583.33,609.33,565.03,596.23,14478069,FYERS_HISTORY,2026-08-08T23:06:02+05:30
2023-10-26,SMD-0044,BSE,NSE:BSE-EQ,590.0,609.92,528.72,599.73,19530813,FYERS_HISTORY,2026-08-08T23:06:02+05:30
2023-10-27,SMD-0044,BSE,NSE:BSE-EQ,616.33,637.6,613.68,620.98,8973864,FYERS_HISTORY,2026-08-08T23:06:02+05:30
2023-10-30,SMD-0044,BSE,NSE:BSE-EQ,620.33,637.63,592.33,632.57,6514644,FYERS_HISTORY,2026-08-08T23:06:02+05:30
2023-10-31,SMD-0044,BSE,NSE:BSE-EQ,633.33,648.63,616.7,621.0,6278130,FYERS_HISTORY,2026-08-08T23:06:02+05:30
2023-11-01,SMD-0044,BSE,NSE:BSE-EQ,626.0,630.0,593.9,598.2,5317038,FYERS_HISTORY,2026-08-08T23:06:02+05:30
2023-11-02,SMD-0044,BSE,NSE:BSE-EQ,606.27,620.0,583.5,590.35,4678050,FYERS_HISTORY,2026-08-08T23:06:02+05:30
2023-11-03,SMD-0044,BSE,NSE:BSE-EQ,598.33,607.8,594.18,599.87,2812053,FYERS_HISTORY,2026-08-08T23:06:02+05:30
2023-11-06,SMD-0044,BSE,NSE:BSE-EQ,606.0,626.47,591.48,621.08,3649422,FYERS_HISTORY,2026-08-08T23:06:02+05:30
2023-11-07,SMD-0044,BSE,NSE:BSE-EQ,622.63,677.12,616.67,672.02,12124032,FYERS_HISTORY,2026-08-08T23:06:02+05:30
2023-11-08,SMD-0044,BSE,NSE:BSE-EQ,676.73,694.8,671.67,690.23,6931857,FYERS_HISTORY,2026-08-08T23:06:02+05:30
2023-11-09,SMD-0044,BSE,NSE:BSE-EQ,690.0,690.67,650.37,654.48,5069688,FYERS_HISTORY,2026-08-08T23:06:02+05:30
2023-11-10,SMD-0044,BSE,NSE:BSE-EQ,656.67,685.0,655.05,670.25,5080581,FYERS_HISTORY,2026-08-08T23:06:02+05:30
2023-11-12,SMD-0044,BSE,NSE:BSE-EQ,700.67,722.83,700.0,708.68,4702824,FYERS_HISTORY,2026-08-08T23:06:02+05:30
2023-11-13,SMD-0044,BSE,NSE:BSE-EQ,711.6,783.33,703.33,773.97,14338647,FYERS_HISTORY,2026-08-08T23:06:02+05:30
2023-11-15,SMD-0044,BSE,NSE:BSE-EQ,793.0,794.33,748.5,767.45,9579432,FYERS_HISTORY,2026-08-08T23:06:02+05:30
2023-11-16,SMD-0044,BSE,NSE:BSE-EQ,767.0,782.0,753.8,775.42,5648085,FYERS_HISTORY,2026-08-08T23:06:02+05:30
2023-11-17,SMD-0044,BSE,NSE:BSE-EQ,779.88,815.0,776.0,803.77,7361538,FYERS_HISTORY,2026-08-08T23:06:02+05:30
2023-11-20,SMD-0044,BSE,NSE:BSE-EQ,816.37,825.0,750.02,754.33,7385322,FYERS_HISTORY,2026-08-08T23:06:02+05:30
2023-11-21,SMD-0044,BSE,NSE:BSE-EQ,766.67,781.65,712.67,716.48,8604531,FYERS_HISTORY,2026-08-08T23:06:02+05:30
2023-11-22,SMD-0044,BSE,NSE:BSE-EQ,720.08,741.28,691.83,696.25,7981014,FYERS_HISTORY,2026-08-08T23:06:02+05:30
2023-11-23,SMD-0044,BSE,NSE:BSE-EQ,699.73,717.25,697.08,707.45,4707639,FYERS_HISTORY,2026-08-08T23:06:02+05:30
2023-11-24,SMD-0044,BSE,NSE:BSE-EQ,710.13,728.93,690.45,723.57,4394775,FYERS_HISTORY,2026-08-08T23:06:02+05:30
2023-11-28,SMD-0044,BSE,NSE:BSE-EQ,748.33,789.97,748.33,782.92,8860251,FYERS_HISTORY,2026-08-08T23:06:02+05:30
2023-11-29,SMD-0044,BSE,NSE:BSE-EQ,789.0,814.0,773.33,809.2,6087018,FYERS_HISTORY,2026-08-08T23:06:02+05:30
2023-11-30,SMD-0044,BSE,NSE:BSE-EQ,808.27,848.1,800.0,825.65,8609592,FYERS_HISTORY,2026-08-08T23:06:02+05:30
2023-12-01,SMD-0044,BSE,NSE:BSE-EQ,833.33,858.33,825.03,832.88,5609913,FYERS_HISTORY,2026-08-08T23:06:02+05:30
2023-12-04,SMD-0044,BSE,NSE:BSE-EQ,857.33,865.0,827.52,837.3,3940764,FYERS_HISTORY,2026-08-08T23:06:02+05:30
2023-12-05,SMD-0044,BSE,NSE:BSE-EQ,840.67,841.38,809.0,814.68,3617958,FYERS_HISTORY,2026-08-08T23:06:02+05:30
2023-12-06,SMD-0044,BSE,NSE:BSE-EQ,815.67,839.82,798.35,828.7,3824400,FYERS_HISTORY,2026-08-08T23:06:02+05:30
2023-12-07,SMD-0044,BSE,NSE:BSE-EQ,831.0,839.67,818.32,821.37,2448381,FYERS_HISTORY,2026-08-08T23:06:02+05:30
2023-12-08,SMD-0044,BSE,NSE:BSE-EQ,823.53,828.33,803.33,805.88,1871181,FYERS_HISTORY,2026-08-08T23:06:02+05:30
2023-12-11,SMD-0044,BSE,NSE:BSE-EQ,808.47,819.6,762.68,784.47,2780244,FYERS_HISTORY,2026-08-08T23:06:02+05:30
2023-12-12,SMD-0044,BSE,NSE:BSE-EQ,788.83,794.33,766.67,768.77,2444340,FYERS_HISTORY,2026-08-08T23:06:02+05:30
2023-12-13,SMD-0044,BSE,NSE:BSE-EQ,772.3,808.33,772.3,788.23,4251378,FYERS_HISTORY,2026-08-08T23:06:02+05:30
2023-12-14,SMD-0044,BSE,NSE:BSE-EQ,795.33,806.0,780.03,783.58,2034471,FYERS_HISTORY,2026-08-08T23:06:02+05:30
2023-12-15,SMD-0044,BSE,NSE:BSE-EQ,787.95,790.67,770.0,771.23,1786983,FYERS_HISTORY,2026-08-08T23:06:02+05:30
2023-12-18,SMD-0044,BSE,NSE:BSE-EQ,775.9,797.57,758.37,790.58,2943834,FYERS_HISTORY,2026-08-08T23:06:02+05:30
2023-12-19,SMD-0044,BSE,NSE:BSE-EQ,793.33,806.67,778.1,800.12,2421657,FYERS_HISTORY,2026-08-08T23:06:02+05:30
2023-12-20,SMD-0044,BSE,NSE:BSE-EQ,803.67,822.67,758.33,770.58,4709628,FYERS_HISTORY,2026-08-08T23:06:02+05:30
2023-12-21,SMD-0044,BSE,NSE:BSE-EQ,766.0,780.95,740.05,777.97,2792838,FYERS_HISTORY,2026-08-08T23:06:02+05:30
2023-12-22,SMD-0044,BSE,NSE:BSE-EQ,781.87,792.67,767.57,773.3,1609812,FYERS_HISTORY,2026-08-08T23:06:02+05:30
2023-12-26,SMD-0044,BSE,NSE:BSE-EQ,777.67,787.47,766.7,770.2,2052435,FYERS_HISTORY,2026-08-08T23:06:03+05:30
2023-12-27,SMD-0044,BSE,NSE:BSE-EQ,774.07,776.65,752.67,755.6,2217552,FYERS_HISTORY,2026-08-08T23:06:03+05:30
2023-12-28,SMD-0044,BSE,NSE:BSE-EQ,759.0,767.0,744.67,747.77,1605993,FYERS_HISTORY,2026-08-08T23:06:03+05:30
2023-12-29,SMD-0044,BSE,NSE:BSE-EQ,748.0,748.3,734.0,740.4,1941252,FYERS_HISTORY,2026-08-08T23:06:03+05:30
2024-01-01,SMD-0044,BSE,NSE:BSE-EQ,741.67,742.58,730.0,734.35,1464168,FYERS_HISTORY,2026-08-08T23:06:03+05:30
2024-01-02,SMD-0044,BSE,NSE:BSE-EQ,738.07,766.67,733.5,745.32,2802495,FYERS_HISTORY,2026-08-08T23:06:03+05:30
2024-01-03,SMD-0044,BSE,NSE:BSE-EQ,746.27,758.0,736.67,751.12,1572360,FYERS_HISTORY,2026-08-08T23:06:03+05:30
2024-01-04,SMD-0044,BSE,NSE:BSE-EQ,751.67,764.65,746.67,759.03,1470315,FYERS_HISTORY,2026-08-08T23:06:03+05:30
2024-01-05,SMD-0044,BSE,NSE:BSE-EQ,762.33,770.0,757.3,767.92,1595589,FYERS_HISTORY,2026-08-08T23:06:03+05:30
2024-01-08,SMD-0044,BSE,NSE:BSE-EQ,769.98,773.32,754.58,758.37,2507454,FYERS_HISTORY,2026-08-08T23:06:03+05:30
2024-01-09,SMD-0044,BSE,NSE:BSE-EQ,762.77,768.67,759.17,767.0,1248519,FYERS_HISTORY,2026-08-08T23:06:03+05:30
2024-01-10,SMD-0044,BSE,NSE:BSE-EQ,766.67,773.3,747.42,753.18,1391607,FYERS_HISTORY,2026-08-08T23:06:03+05:30
2024-01-11,SMD-0044,BSE,NSE:BSE-EQ,755.0,763.0,751.37,751.93,1130652,FYERS_HISTORY,2026-08-08T23:06:03+05:30
2024-01-12,SMD-0044,BSE,NSE:BSE-EQ,755.33,755.65,741.7,745.7,1586472,FYERS_HISTORY,2026-08-08T23:06:03+05:30
2024-01-15,SMD-0044,BSE,NSE:BSE-EQ,745.7,753.0,735.42,746.12,3952803,FYERS_HISTORY,2026-08-08T23:06:03+05:30
2024-01-16,SMD-0044,BSE,NSE:BSE-EQ,748.0,773.33,746.67,769.58,2865639,FYERS_HISTORY,2026-08-08T23:06:03+05:30
2024-01-17,SMD-0044,BSE,NSE:BSE-EQ,763.33,785.3,756.47,762.33,3393780,FYERS_HISTORY,2026-08-08T23:06:03+05:30
2024-01-18,SMD-0044,BSE,NSE:BSE-EQ,764.0,775.92,753.33,765.9,2128101,FYERS_HISTORY,2026-08-08T23:06:03+05:30
2024-01-19,SMD-0044,BSE,NSE:BSE-EQ,771.67,776.67,748.33,758.62,1545279,FYERS_HISTORY,2026-08-08T23:06:03+05:30
2024-01-20,SMD-0044,BSE,NSE:BSE-EQ,762.03,762.03,744.53,747.08,667365,FYERS_HISTORY,2026-08-08T23:06:03+05:30
2024-01-23,SMD-0044,BSE,NSE:BSE-EQ,748.0,751.33,700.0,703.75,2791503,FYERS_HISTORY,2026-08-08T23:06:03+05:30
2024-01-24,SMD-0044,BSE,NSE:BSE-EQ,700.0,716.55,660.2,704.05,4338156,FYERS_HISTORY,2026-08-08T23:06:03+05:30
2024-01-25,SMD-0044,BSE,NSE:BSE-EQ,704.05,718.47,703.02,707.32,2359242,FYERS_HISTORY,2026-08-08T23:06:03+05:30
2024-01-29,SMD-0044,BSE,NSE:BSE-EQ,710.87,723.33,706.7,709.63,1332561,FYERS_HISTORY,2026-08-08T23:06:03+05:30
2024-01-30,SMD-0044,BSE,NSE:BSE-EQ,713.28,740.0,712.33,729.27,2263062,FYERS_HISTORY,2026-08-08T23:06:03+05:30
2024-01-31,SMD-0044,BSE,NSE:BSE-EQ,736.4,780.95,728.33,774.53,3281166,FYERS_HISTORY,2026-08-08T23:06:03+05:30
2024-02-01,SMD-0044,BSE,NSE:BSE-EQ,780.9,836.0,780.0,831.15,7848948,FYERS_HISTORY,2026-08-08T23:06:03+05:30
2024-02-02,SMD-0044,BSE,NSE:BSE-EQ,836.67,839.47,812.35,821.67,3057792,FYERS_HISTORY,2026-08-08T23:06:03+05:30
2024-02-05,SMD-0044,BSE,NSE:BSE-EQ,826.67,866.32,826.67,853.68,4634430,FYERS_HISTORY,2026-08-08T23:06:03+05:30
2024-02-06,SMD-0044,BSE,NSE:BSE-EQ,853.0,853.0,793.47,823.12,4928013,FYERS_HISTORY,2026-08-08T23:06:03+05:30
2024-02-07,SMD-0044,BSE,NSE:BSE-EQ,830.0,846.65,810.92,833.93,2395305,FYERS_HISTORY,2026-08-08T23:06:03+05:30
2024-02-08,SMD-0044,BSE,NSE:BSE-EQ,843.33,844.0,816.67,837.25,1665039,FYERS_HISTORY,2026-08-08T23:06:03+05:30
2024-02-09,SMD-0044,BSE,NSE:BSE-EQ,840.9,857.0,802.33,829.87,2296917,FYERS_HISTORY,2026-08-08T23:06:03+05:30
2024-02-12,SMD-0044,BSE,NSE:BSE-EQ,833.33,835.1,775.07,787.42,1643832,FYERS_HISTORY,2026-08-08T23:06:03+05:30
2024-02-13,SMD-0044,BSE,NSE:BSE-EQ,798.33,799.33,764.02,780.63,1252179,FYERS_HISTORY,2026-08-08T23:06:03+05:30
2024-02-14,SMD-0044,BSE,NSE:BSE-EQ,760.0,794.43,758.33,782.4,912108,FYERS_HISTORY,2026-08-08T23:06:03+05:30
2024-02-15,SMD-0044,BSE,NSE:BSE-EQ,790.0,794.0,771.67,774.6,1167582,FYERS_HISTORY,2026-08-08T23:06:03+05:30
2024-02-16,SMD-0044,BSE,NSE:BSE-EQ,781.33,781.57,766.68,767.93,813639,FYERS_HISTORY,2026-08-08T23:06:03+05:30
2024-02-19,SMD-0044,BSE,NSE:BSE-EQ,773.37,784.03,764.0,768.22,1780167,FYERS_HISTORY,2026-08-08T23:06:03+05:30
2024-02-20,SMD-0044,BSE,NSE:BSE-EQ,771.67,779.0,764.8,765.65,723558,FYERS_HISTORY,2026-08-08T23:06:03+05:30
2024-02-21,SMD-0044,BSE,NSE:BSE-EQ,769.33,770.3,730.0,738.73,1678551,FYERS_HISTORY,2026-08-08T23:06:03+05:30
2024-02-22,SMD-0044,BSE,NSE:BSE-EQ,738.33,740.95,719.95,733.4,1406748,FYERS_HISTORY,2026-08-08T23:06:03+05:30
2024-02-23,SMD-0044,BSE,NSE:BSE-EQ,741.65,783.0,735.67,758.93,2705649,FYERS_HISTORY,2026-08-08T23:06:03+05:30
2024-02-26,SMD-0044,BSE,NSE:BSE-EQ,764.33,766.33,750.33,759.65,989763,FYERS_HISTORY,2026-08-08T23:06:03+05:30
2024-02-27,SMD-0044,BSE,NSE:BSE-EQ,763.55,803.03,760.0,798.7,3614343,FYERS_HISTORY,2026-08-08T23:06:03+05:30
2024-02-28,SMD-0044,BSE,NSE:BSE-EQ,803.33,806.67,760.88,779.1,3113067,FYERS_HISTORY,2026-08-08T23:06:03+05:30
2024-02-29,SMD-0044,BSE,NSE:BSE-EQ,773.32,793.33,762.45,788.95,1199655,FYERS_HISTORY,2026-08-08T23:06:03+05:30
2024-03-01,SMD-0044,BSE,NSE:BSE-EQ,790.0,795.3,775.0,778.82,1929378,FYERS_HISTORY,2026-08-08T23:06:03+05:30
2024-03-02,SMD-0044,BSE,NSE:BSE-EQ,780.2,787.0,774.87,784.15,150468,FYERS_HISTORY,2026-08-08T23:06:03+05:30
2024-03-04,SMD-0044,BSE,NSE:BSE-EQ,788.47,788.67,770.0,773.18,762198,FYERS_HISTORY,2026-08-08T23:06:03+05:30
2024-03-05,SMD-0044,BSE,NSE:BSE-EQ,774.77,774.77,758.0,762.33,956667,FYERS_HISTORY,2026-08-08T23:06:03+05:30
2024-03-06,SMD-0044,BSE,NSE:BSE-EQ,762.33,776.67,750.0,766.35,2189610,FYERS_HISTORY,2026-08-08T23:06:03+05:30
2024-03-07,SMD-0044,BSE,NSE:BSE-EQ,761.33,766.43,746.67,747.95,1550508,FYERS_HISTORY,2026-08-08T23:06:03+05:30
2024-03-11,SMD-0044,BSE,NSE:BSE-EQ,747.95,747.95,730.12,734.7,1684143,FYERS_HISTORY,2026-08-08T23:06:03+05:30
2024-03-12,SMD-0044,BSE,NSE:BSE-EQ,734.7,734.7,686.67,716.18,3540390,FYERS_HISTORY,2026-08-08T23:06:03+05:30
2024-03-13,SMD-0044,BSE,NSE:BSE-EQ,746.67,756.67,657.48,670.57,4970817,FYERS_HISTORY,2026-08-08T23:06:03+05:30
2024-03-14,SMD-0044,BSE,NSE:BSE-EQ,670.67,699.32,657.87,682.82,2402718,FYERS_HISTORY,2026-08-08T23:06:03+05:30
2024-03-15,SMD-0044,BSE,NSE:BSE-EQ,684.95,698.17,675.35,694.13,1434987,FYERS_HISTORY,2026-08-08T23:06:03+05:30
2024-03-18,SMD-0044,BSE,NSE:BSE-EQ,692.33,692.33,670.0,678.5,2174247,FYERS_HISTORY,2026-08-08T23:06:03+05:30
2024-03-19,SMD-0044,BSE,NSE:BSE-EQ,680.0,682.0,647.02,652.22,2106249,FYERS_HISTORY,2026-08-08T23:06:03+05:30
2024-03-20,SMD-0044,BSE,NSE:BSE-EQ,656.67,680.0,656.67,677.72,2790846,FYERS_HISTORY,2026-08-08T23:06:03+05:30
2024-03-21,SMD-0044,BSE,NSE:BSE-EQ,695.33,755.73,691.68,747.7,6039216,FYERS_HISTORY,2026-08-08T23:06:03+05:30
2024-03-22,SMD-0044,BSE,NSE:BSE-EQ,749.67,758.3,730.0,732.6,1888842,FYERS_HISTORY,2026-08-08T23:06:03+05:30
2024-03-26,SMD-0044,BSE,NSE:BSE-EQ,741.33,775.0,738.33,770.07,3695259,FYERS_HISTORY,2026-08-08T23:06:03+05:30
2024-03-27,SMD-0044,BSE,NSE:BSE-EQ,777.33,825.13,772.33,821.2,6939876,FYERS_HISTORY,2026-08-08T23:06:03+05:30
2024-03-28,SMD-0044,BSE,NSE:BSE-EQ,829.4,856.67,805.25,838.63,5044320,FYERS_HISTORY,2026-08-08T23:06:03+05:30
2024-04-01,SMD-0044,BSE,NSE:BSE-EQ,852.47,908.0,843.33,903.3,9280776,FYERS_HISTORY,2026-08-08T23:06:03+05:30
2024-04-02,SMD-0044,BSE,NSE:BSE-EQ,906.18,925.7,890.33,918.78,5563455,FYERS_HISTORY,2026-08-08T23:06:03+05:30
2024-04-03,SMD-0044,BSE,NSE:BSE-EQ,913.33,960.0,908.33,953.73,4646682,FYERS_HISTORY,2026-08-08T23:06:03+05:30
2024-04-04,SMD-0044,BSE,NSE:BSE-EQ,961.33,978.67,925.5,963.4,4809942,FYERS_HISTORY,2026-08-08T23:06:03+05:30
2024-04-05,SMD-0044,BSE,NSE:BSE-EQ,956.67,978.33,950.0,958.53,2663814,FYERS_HISTORY,2026-08-08T23:06:03+05:30
2024-04-08,SMD-0044,BSE,NSE:BSE-EQ,962.63,967.57,923.35,933.9,2370213,FYERS_HISTORY,2026-08-08T23:06:03+05:30
2024-04-09,SMD-0044,BSE,NSE:BSE-EQ,934.0,937.6,911.0,915.23,1593798,FYERS_HISTORY,2026-08-08T23:06:03+05:30
2024-04-10,SMD-0044,BSE,NSE:BSE-EQ,915.2,966.67,898.57,954.5,3871380,FYERS_HISTORY,2026-08-08T23:06:03+05:30
2024-04-12,SMD-0044,BSE,NSE:BSE-EQ,953.5,984.97,938.37,942.98,3536700,FYERS_HISTORY,2026-08-08T23:06:03+05:30
2024-04-15,SMD-0044,BSE,NSE:BSE-EQ,915.57,956.28,908.33,928.08,2969838,FYERS_HISTORY,2026-08-08T23:06:03+05:30
2024-04-16,SMD-0044,BSE,NSE:BSE-EQ,928.33,951.35,927.77,945.25,2031522,FYERS_HISTORY,2026-08-08T23:06:03+05:30
2024-04-18,SMD-0044,BSE,NSE:BSE-EQ,952.9,965.17,915.0,927.03,2191128,FYERS_HISTORY,2026-08-08T23:06:03+05:30
2024-04-19,SMD-0044,BSE,NSE:BSE-EQ,914.0,933.33,901.08,922.85,1840695,FYERS_HISTORY,2026-08-08T23:06:03+05:30
2024-04-22,SMD-0044,BSE,NSE:BSE-EQ,932.07,956.67,932.07,950.43,1670124,FYERS_HISTORY,2026-08-08T23:06:03+05:30
2024-04-23,SMD-0044,BSE,NSE:BSE-EQ,957.43,1082.47,956.67,1066.62,12193113,FYERS_HISTORY,2026-08-08T23:06:03+05:30
2024-04-24,SMD-0044,BSE,NSE:BSE-EQ,1080.28,1088.23,1023.33,1043.32,6382407,FYERS_HISTORY,2026-08-08T23:06:03+05:30
2024-04-25,SMD-0044,BSE,NSE:BSE-EQ,1045.33,1074.33,1043.32,1049.18,3704553,FYERS_HISTORY,2026-08-08T23:06:03+05:30
2024-04-26,SMD-0044,BSE,NSE:BSE-EQ,1037.0,1076.6,1037.0,1070.12,2631858,FYERS_HISTORY,2026-08-08T23:06:03+05:30
2024-04-29,SMD-0044,BSE,NSE:BSE-EQ,909.48,964.98,870.7,923.75,33735531,FYERS_HISTORY,2026-08-08T23:06:03+05:30
2024-04-30,SMD-0044,BSE,NSE:BSE-EQ,941.6,961.67,926.0,930.05,7261494,FYERS_HISTORY,2026-08-08T23:06:03+05:30
2024-05-02,SMD-0044,BSE,NSE:BSE-EQ,957.33,966.67,943.33,952.92,6126543,FYERS_HISTORY,2026-08-08T23:06:03+05:30
2024-05-03,SMD-0044,BSE,NSE:BSE-EQ,962.57,964.8,937.78,950.25,2830287,FYERS_HISTORY,2026-08-08T23:06:03+05:30
2024-05-06,SMD-0044,BSE,NSE:BSE-EQ,958.33,958.33,925.0,948.4,2318283,FYERS_HISTORY,2026-08-08T23:06:03+05:30
2024-05-07,SMD-0044,BSE,NSE:BSE-EQ,951.67,951.67,912.67,935.82,3082413,FYERS_HISTORY,2026-08-08T23:06:03+05:30
2024-05-08,SMD-0044,BSE,NSE:BSE-EQ,925.0,943.33,923.48,939.8,1663095,FYERS_HISTORY,2026-08-08T23:06:03+05:30
2024-05-09,SMD-0044,BSE,NSE:BSE-EQ,930.33,961.67,900.0,903.38,3470535,FYERS_HISTORY,2026-08-08T23:06:03+05:30
2024-05-10,SMD-0044,BSE,NSE:BSE-EQ,904.17,916.38,880.02,883.33,2548032,FYERS_HISTORY,2026-08-08T23:06:03+05:30
2024-05-13,SMD-0044,BSE,NSE:BSE-EQ,891.97,891.97,856.32,865.88,2186991,FYERS_HISTORY,2026-08-08T23:06:03+05:30
2024-05-14,SMD-0044,BSE,NSE:BSE-EQ,870.0,903.32,866.72,894.22,2209614,FYERS_HISTORY,2026-08-08T23:06:03+05:30
2024-05-15,SMD-0044,BSE,NSE:BSE-EQ,905.77,956.33,904.92,946.97,4480512,FYERS_HISTORY,2026-08-08T23:06:03+05:30
2024-05-16,SMD-0044,BSE,NSE:BSE-EQ,961.33,961.47,929.67,939.45,2026713,FYERS_HISTORY,2026-08-08T23:06:03+05:30
2024-05-17,SMD-0044,BSE,NSE:BSE-EQ,940.0,948.6,918.35,927.67,1699452,FYERS_HISTORY,2026-08-08T23:06:03+05:30
2024-05-18,SMD-0044,BSE,NSE:BSE-EQ,931.43,939.97,929.33,931.42,335157,FYERS_HISTORY,2026-08-08T23:06:03+05:30
2024-05-21,SMD-0044,BSE,NSE:BSE-EQ,931.33,931.33,906.67,908.77,2611626,FYERS_HISTORY,2026-08-08T23:06:03+05:30
2024-05-22,SMD-0044,BSE,NSE:BSE-EQ,911.67,918.33,883.98,885.28,3300306,FYERS_HISTORY,2026-08-08T23:06:03+05:30
2024-05-23,SMD-0044,BSE,NSE:BSE-EQ,885.5,894.65,869.0,871.32,2825529,FYERS_HISTORY,2026-08-08T23:06:03+05:30
2024-05-24,SMD-0044,BSE,NSE:BSE-EQ,876.67,920.0,872.32,910.03,4130778,FYERS_HISTORY,2026-08-08T23:06:03+05:30
2024-05-27,SMD-0044,BSE,NSE:BSE-EQ,912.32,914.6,884.0,901.17,2007516,FYERS_HISTORY,2026-08-08T23:06:03+05:30
2024-05-28,SMD-0044,BSE,NSE:BSE-EQ,903.33,908.67,894.02,900.85,1442682,FYERS_HISTORY,2026-08-08T23:06:03+05:30
2024-05-29,SMD-0044,BSE,NSE:BSE-EQ,896.67,899.32,875.78,879.07,1577238,FYERS_HISTORY,2026-08-08T23:06:03+05:30
2024-05-30,SMD-0044,BSE,NSE:BSE-EQ,880.0,888.67,845.43,851.6,2911680,FYERS_HISTORY,2026-08-08T23:06:03+05:30
2024-05-31,SMD-0044,BSE,NSE:BSE-EQ,857.48,901.67,836.47,897.95,3787668,FYERS_HISTORY,2026-08-08T23:06:03+05:30
2024-06-03,SMD-0044,BSE,NSE:BSE-EQ,933.0,940.0,900.0,902.63,3464808,FYERS_HISTORY,2026-08-08T23:06:03+05:30
2024-06-04,SMD-0044,BSE,NSE:BSE-EQ,900.0,900.33,808.33,852.33,5349744,FYERS_HISTORY,2026-08-08T23:06:03+05:30
2024-06-05,SMD-0044,BSE,NSE:BSE-EQ,855.0,892.5,817.43,887.55,3243504,FYERS_HISTORY,2026-08-08T23:06:03+05:30
2024-06-06,SMD-0044,BSE,NSE:BSE-EQ,900.33,912.33,894.33,900.38,2552427,FYERS_HISTORY,2026-08-08T23:06:03+05:30
2024-06-07,SMD-0044,BSE,NSE:BSE-EQ,900.38,902.68,884.17,893.93,1808727,FYERS_HISTORY,2026-08-08T23:06:03+05:30
2024-06-10,SMD-0044,BSE,NSE:BSE-EQ,893.93,906.0,884.72,886.9,1531260,FYERS_HISTORY,2026-08-08T23:06:03+05:30
2024-06-11,SMD-0044,BSE,NSE:BSE-EQ,891.67,896.58,888.67,890.8,2243352,FYERS_HISTORY,2026-08-08T23:06:03+05:30
2024-06-12,SMD-0044,BSE,NSE:BSE-EQ,895.0,906.33,890.0,900.95,2229621,FYERS_HISTORY,2026-08-08T23:06:03+05:30
2024-06-13,SMD-0044,BSE,NSE:BSE-EQ,903.0,916.2,901.62,912.07,1563909,FYERS_HISTORY,2026-08-08T23:06:03+05:30
2024-06-14,SMD-0044,BSE,NSE:BSE-EQ,913.33,925.92,900.58,919.63,1575462,FYERS_HISTORY,2026-08-08T23:06:03+05:30
2024-06-18,SMD-0044,BSE,NSE:BSE-EQ,920.0,921.53,908.33,912.78,1405050,FYERS_HISTORY,2026-08-08T23:06:03+05:30
2024-06-19,SMD-0044,BSE,NSE:BSE-EQ,912.67,912.67,900.0,903.08,1297749,FYERS_HISTORY,2026-08-08T23:06:03+05:30
2024-06-20,SMD-0044,BSE,NSE:BSE-EQ,906.67,906.67,864.0,879.82,2454516,FYERS_HISTORY,2026-08-08T23:06:03+05:30
2024-06-21,SMD-0044,BSE,NSE:BSE-EQ,880.33,890.0,849.0,853.4,2246088,FYERS_HISTORY,2026-08-08T23:06:03+05:30
2024-06-24,SMD-0044,BSE,NSE:BSE-EQ,850.0,850.0,830.67,832.65,2889819,FYERS_HISTORY,2026-08-08T23:06:03+05:30
2024-06-25,SMD-0044,BSE,NSE:BSE-EQ,838.33,848.33,833.33,840.18,1361511,FYERS_HISTORY,2026-08-08T23:06:03+05:30
2024-06-26,SMD-0044,BSE,NSE:BSE-EQ,844.0,852.02,833.67,847.03,1614534,FYERS_HISTORY,2026-08-08T23:06:03+05:30
2024-06-27,SMD-0044,BSE,NSE:BSE-EQ,850.0,855.0,841.67,851.27,1750407,FYERS_HISTORY,2026-08-08T23:06:03+05:30
2024-06-28,SMD-0044,BSE,NSE:BSE-EQ,860.33,880.9,853.35,860.85,3301551,FYERS_HISTORY,2026-08-08T23:06:03+05:30
2024-07-01,SMD-0044,BSE,NSE:BSE-EQ,866.67,873.25,856.68,858.03,1750326,FYERS_HISTORY,2026-08-08T23:06:03+05:30
2024-07-02,SMD-0044,BSE,NSE:BSE-EQ,853.33,853.33,827.67,829.03,3238503,FYERS_HISTORY,2026-08-08T23:06:03+05:30
2024-07-03,SMD-0044,BSE,NSE:BSE-EQ,831.67,836.5,815.67,819.25,2184840,FYERS_HISTORY,2026-08-08T23:06:03+05:30
2024-07-04,SMD-0044,BSE,NSE:BSE-EQ,819.33,833.0,818.0,819.12,1616826,FYERS_HISTORY,2026-08-08T23:06:03+05:30
2024-07-05,SMD-0044,BSE,NSE:BSE-EQ,822.67,822.87,798.33,801.78,2508012,FYERS_HISTORY,2026-08-08T23:06:03+05:30
2024-07-08,SMD-0044,BSE,NSE:BSE-EQ,803.33,806.67,785.33,793.45,1789026,FYERS_HISTORY,2026-08-08T23:06:03+05:30
2024-07-09,SMD-0044,BSE,NSE:BSE-EQ,796.67,817.98,776.0,778.87,3498687,FYERS_HISTORY,2026-08-08T23:06:03+05:30
2024-07-10,SMD-0044,BSE,NSE:BSE-EQ,777.0,794.67,748.33,751.42,6903681,FYERS_HISTORY,2026-08-08T23:06:03+05:30
2024-07-11,SMD-0044,BSE,NSE:BSE-EQ,757.33,796.0,757.33,777.52,7043004,FYERS_HISTORY,2026-08-08T23:06:03+05:30
2024-07-12,SMD-0044,BSE,NSE:BSE-EQ,787.42,795.0,779.43,787.93,1855986,FYERS_HISTORY,2026-08-08T23:06:03+05:30
2024-07-15,SMD-0044,BSE,NSE:BSE-EQ,793.33,796.33,776.67,790.42,1986903,FYERS_HISTORY,2026-08-08T23:06:03+05:30
2024-07-16,SMD-0044,BSE,NSE:BSE-EQ,790.0,801.52,788.33,790.47,1227282,FYERS_HISTORY,2026-08-08T23:06:03+05:30
2024-07-18,SMD-0044,BSE,NSE:BSE-EQ,788.33,788.97,761.33,766.8,2261184,FYERS_HISTORY,2026-08-08T23:06:03+05:30
2024-07-19,SMD-0044,BSE,NSE:BSE-EQ,762.0,763.47,748.6,750.92,1703772,FYERS_HISTORY,2026-08-08T23:06:03+05:30
2024-07-22,SMD-0044,BSE,NSE:BSE-EQ,740.0,766.0,726.67,736.12,1665978,FYERS_HISTORY,2026-08-08T23:06:03+05:30
2024-07-23,SMD-0044,BSE,NSE:BSE-EQ,735.6,765.0,705.0,742.1,4473195,FYERS_HISTORY,2026-08-08T23:06:03+05:30
2024-07-24,SMD-0044,BSE,NSE:BSE-EQ,748.33,811.67,747.87,804.5,6467664,FYERS_HISTORY,2026-08-08T23:06:03+05:30
2024-07-25,SMD-0044,BSE,NSE:BSE-EQ,800.0,830.17,787.02,822.77,4317369,FYERS_HISTORY,2026-08-08T23:06:03+05:30
2024-07-26,SMD-0044,BSE,NSE:BSE-EQ,824.48,825.93,807.23,815.83,1347549,FYERS_HISTORY,2026-08-08T23:06:03+05:30
2024-07-29,SMD-0044,BSE,NSE:BSE-EQ,822.1,824.32,808.0,813.42,1328373,FYERS_HISTORY,2026-08-08T23:06:03+05:30
2024-07-30,SMD-0044,BSE,NSE:BSE-EQ,813.33,819.98,802.58,804.1,953781,FYERS_HISTORY,2026-08-08T23:06:03+05:30
2024-07-31,SMD-0044,BSE,NSE:BSE-EQ,791.7,869.23,791.33,852.15,10280913,FYERS_HISTORY,2026-08-08T23:06:03+05:30
2024-08-01,SMD-0044,BSE,NSE:BSE-EQ,870.33,886.67,857.08,881.08,5425512,FYERS_HISTORY,2026-08-08T23:06:03+05:30
2024-08-02,SMD-0044,BSE,NSE:BSE-EQ,858.33,873.0,852.28,854.57,2209836,FYERS_HISTORY,2026-08-08T23:06:03+05:30
2024-08-05,SMD-0044,BSE,NSE:BSE-EQ,814.67,829.53,780.0,795.87,4511538,FYERS_HISTORY,2026-08-08T23:06:03+05:30
2024-08-06,SMD-0044,BSE,NSE:BSE-EQ,811.78,830.0,768.7,772.45,2738472,FYERS_HISTORY,2026-08-08T23:06:03+05:30
2024-08-07,SMD-0044,BSE,NSE:BSE-EQ,793.33,805.33,780.63,799.52,1844952,FYERS_HISTORY,2026-08-08T23:06:03+05:30
2024-08-08,SMD-0044,BSE,NSE:BSE-EQ,885.67,885.67,843.33,866.6,10929666,FYERS_HISTORY,2026-08-08T23:06:03+05:30
2024-08-09,SMD-0044,BSE,NSE:BSE-EQ,874.98,893.67,854.05,883.5,5319696,FYERS_HISTORY,2026-08-08T23:06:03+05:30
2024-08-12,SMD-0044,BSE,NSE:BSE-EQ,866.67,881.67,855.33,857.22,1954155,FYERS_HISTORY,2026-08-08T23:06:03+05:30
2024-08-13,SMD-0044,BSE,NSE:BSE-EQ,862.67,872.6,848.0,864.02,1869564,FYERS_HISTORY,2026-08-08T23:06:03+05:30
2024-08-14,SMD-0044,BSE,NSE:BSE-EQ,870.0,870.33,841.67,853.23,1248081,FYERS_HISTORY,2026-08-08T23:06:03+05:30
2024-08-16,SMD-0044,BSE,NSE:BSE-EQ,857.67,892.33,847.52,881.98,3863127,FYERS_HISTORY,2026-08-08T23:06:03+05:30
2024-08-19,SMD-0044,BSE,NSE:BSE-EQ,890.65,906.67,882.0,892.07,2372391,FYERS_HISTORY,2026-08-08T23:06:03+05:30
2024-08-20,SMD-0044,BSE,NSE:BSE-EQ,894.5,921.0,884.0,901.0,4047696,FYERS_HISTORY,2026-08-08T23:06:03+05:30
2024-08-21,SMD-0044,BSE,NSE:BSE-EQ,906.0,918.17,887.43,896.63,1629333,FYERS_HISTORY,2026-08-08T23:06:03+05:30
2024-08-22,SMD-0044,BSE,NSE:BSE-EQ,897.33,916.67,889.83,908.95,2293833,FYERS_HISTORY,2026-08-08T23:06:03+05:30
2024-08-23,SMD-0044,BSE,NSE:BSE-EQ,908.95,933.33,900.37,913.88,4193580,FYERS_HISTORY,2026-08-08T23:06:03+05:30
2024-08-26,SMD-0044,BSE,NSE:BSE-EQ,918.47,922.33,903.37,909.22,1152153,FYERS_HISTORY,2026-08-08T23:06:03+05:30
2024-08-27,SMD-0044,BSE,NSE:BSE-EQ,911.0,917.82,893.67,900.08,1470462,FYERS_HISTORY,2026-08-08T23:06:03+05:30
2024-08-28,SMD-0044,BSE,NSE:BSE-EQ,921.67,945.13,913.83,926.88,4713192,FYERS_HISTORY,2026-08-08T23:06:03+05:30
2024-08-29,SMD-0044,BSE,NSE:BSE-EQ,928.0,945.67,920.73,937.25,3240267,FYERS_HISTORY,2026-08-08T23:06:03+05:30
2024-08-30,SMD-0044,BSE,NSE:BSE-EQ,946.33,950.0,935.33,944.22,1986060,FYERS_HISTORY,2026-08-08T23:06:03+05:30
2024-09-02,SMD-0044,BSE,NSE:BSE-EQ,946.5,946.5,917.0,921.7,1693917,FYERS_HISTORY,2026-08-08T23:06:03+05:30
2024-09-03,SMD-0044,BSE,NSE:BSE-EQ,920.03,926.07,900.03,910.65,1309488,FYERS_HISTORY,2026-08-08T23:06:03+05:30
2024-09-04,SMD-0044,BSE,NSE:BSE-EQ,901.67,938.33,900.33,920.12,2265771,FYERS_HISTORY,2026-08-08T23:06:03+05:30
2024-09-05,SMD-0044,BSE,NSE:BSE-EQ,922.67,965.0,922.67,963.53,4593615,FYERS_HISTORY,2026-08-08T23:06:03+05:30
2024-09-06,SMD-0044,BSE,NSE:BSE-EQ,967.37,977.48,935.0,941.42,2168640,FYERS_HISTORY,2026-08-08T23:06:03+05:30
2024-09-09,SMD-0044,BSE,NSE:BSE-EQ,939.73,949.67,913.77,944.93,1666857,FYERS_HISTORY,2026-08-08T23:06:03+05:30
2024-09-10,SMD-0044,BSE,NSE:BSE-EQ,946.67,956.67,937.72,950.23,1333026,FYERS_HISTORY,2026-08-08T23:06:03+05:30
2024-09-11,SMD-0044,BSE,NSE:BSE-EQ,950.33,981.97,942.93,960.63,2190396,FYERS_HISTORY,2026-08-08T23:06:03+05:30
2024-09-12,SMD-0044,BSE,NSE:BSE-EQ,962.67,968.33,943.92,956.33,1153908,FYERS_HISTORY,2026-08-08T23:06:03+05:30
2024-09-13,SMD-0044,BSE,NSE:BSE-EQ,964.0,978.5,958.0,967.57,2262765,FYERS_HISTORY,2026-08-08T23:06:03+05:30
2024-09-16,SMD-0044,BSE,NSE:BSE-EQ,986.67,1153.0,985.0,1143.93,31976859,FYERS_HISTORY,2026-08-08T23:06:03+05:30
2024-09-17,SMD-0044,BSE,NSE:BSE-EQ,1140.0,1185.67,1105.0,1111.23,12246828,FYERS_HISTORY,2026-08-08T23:06:03+05:30
2024-09-18,SMD-0044,BSE,NSE:BSE-EQ,1116.0,1315.0,1115.0,1298.72,46895184,FYERS_HISTORY,2026-08-08T23:06:03+05:30
2024-09-19,SMD-0044,BSE,NSE:BSE-EQ,1298.67,1298.67,1191.98,1237.07,18736551,FYERS_HISTORY,2026-08-08T23:06:03+05:30
2024-09-20,SMD-0044,BSE,NSE:BSE-EQ,1245.0,1350.0,1226.35,1328.32,20518782,FYERS_HISTORY,2026-08-08T23:06:03+05:30
2024-09-23,SMD-0044,BSE,NSE:BSE-EQ,1333.67,1400.0,1298.68,1310.78,15611166,FYERS_HISTORY,2026-08-08T23:06:03+05:30
2024-09-24,SMD-0044,BSE,NSE:BSE-EQ,1317.33,1359.0,1303.73,1326.72,7338030,FYERS_HISTORY,2026-08-08T23:06:03+05:30
2024-09-25,SMD-0044,BSE,NSE:BSE-EQ,1331.0,1334.33,1275.37,1279.28,4750377,FYERS_HISTORY,2026-08-08T23:06:03+05:30
2024-09-26,SMD-0044,BSE,NSE:BSE-EQ,1311.67,1313.32,1245.0,1253.02,5730153,FYERS_HISTORY,2026-08-08T23:06:03+05:30
2024-09-27,SMD-0044,BSE,NSE:BSE-EQ,1253.33,1257.2,1208.33,1215.32,2925336,FYERS_HISTORY,2026-08-08T23:06:03+05:30
2024-09-30,SMD-0044,BSE,NSE:BSE-EQ,1193.33,1275.0,1193.32,1228.22,8310687,FYERS_HISTORY,2026-08-08T23:06:03+05:30
2024-10-01,SMD-0044,BSE,NSE:BSE-EQ,1248.33,1306.67,1230.03,1286.3,10898970,FYERS_HISTORY,2026-08-08T23:06:03+05:30
2024-10-03,SMD-0044,BSE,NSE:BSE-EQ,1266.67,1411.67,1248.35,1317.87,33666390,FYERS_HISTORY,2026-08-08T23:06:03+05:30
2024-10-04,SMD-0044,BSE,NSE:BSE-EQ,1326.67,1398.1,1283.67,1369.38,22813737,FYERS_HISTORY,2026-08-08T23:06:03+05:30
2024-10-07,SMD-0044,BSE,NSE:BSE-EQ,1396.67,1420.0,1260.35,1275.48,18471468,FYERS_HISTORY,2026-08-08T23:06:03+05:30
2024-10-08,SMD-0044,BSE,NSE:BSE-EQ,1287.95,1425.0,1277.05,1414.22,21072588,FYERS_HISTORY,2026-08-08T23:06:03+05:30
2024-10-09,SMD-0044,BSE,NSE:BSE-EQ,1435.67,1465.0,1386.67,1393.68,16570605,FYERS_HISTORY,2026-08-08T23:06:03+05:30
2024-10-10,SMD-0044,BSE,NSE:BSE-EQ,1406.33,1449.67,1388.55,1405.38,10436880,FYERS_HISTORY,2026-08-08T23:06:03+05:30
2024-10-11,SMD-0044,BSE,NSE:BSE-EQ,1421.67,1516.67,1416.23,1498.82,19460430,FYERS_HISTORY,2026-08-08T23:06:03+05:30
2024-10-14,SMD-0044,BSE,NSE:BSE-EQ,1512.0,1663.27,1511.98,1603.17,38131941,FYERS_HISTORY,2026-08-08T23:06:03+05:30
2024-10-15,SMD-0044,BSE,NSE:BSE-EQ,1620.0,1629.13,1556.67,1584.08,12606870,FYERS_HISTORY,2026-08-08T23:06:03+05:30
2024-10-16,SMD-0044,BSE,NSE:BSE-EQ,1525.0,1541.67,1473.3,1507.28,18922134,FYERS_HISTORY,2026-08-08T23:06:03+05:30
2024-10-17,SMD-0044,BSE,NSE:BSE-EQ,1509.52,1518.93,1400.0,1419.18,10883109,FYERS_HISTORY,2026-08-08T23:06:03+05:30
2024-10-18,SMD-0044,BSE,NSE:BSE-EQ,1412.33,1481.0,1367.0,1424.93,17133642,FYERS_HISTORY,2026-08-08T23:06:03+05:30
2024-10-21,SMD-0044,BSE,NSE:BSE-EQ,1440.33,1486.33,1437.03,1444.8,8399076,FYERS_HISTORY,2026-08-08T23:06:03+05:30
2024-10-22,SMD-0044,BSE,NSE:BSE-EQ,1453.33,1454.67,1350.37,1363.42,8449722,FYERS_HISTORY,2026-08-08T23:06:03+05:30
2024-10-23,SMD-0044,BSE,NSE:BSE-EQ,1370.0,1466.67,1337.0,1424.4,10116579,FYERS_HISTORY,2026-08-08T23:06:03+05:30
2024-10-24,SMD-0044,BSE,NSE:BSE-EQ,1431.67,1459.93,1425.18,1441.65,6044799,FYERS_HISTORY,2026-08-08T23:06:03+05:30
2024-10-25,SMD-0044,BSE,NSE:BSE-EQ,1441.63,1441.63,1331.22,1354.25,7136559,FYERS_HISTORY,2026-08-08T23:06:03+05:30
2024-10-28,SMD-0044,BSE,NSE:BSE-EQ,1373.33,1416.0,1362.37,1388.4,5329038,FYERS_HISTORY,2026-08-08T23:06:03+05:30
2024-10-29,SMD-0044,BSE,NSE:BSE-EQ,1395.33,1433.33,1379.03,1428.02,4742361,FYERS_HISTORY,2026-08-08T23:06:03+05:30
2024-10-30,SMD-0044,BSE,NSE:BSE-EQ,1431.0,1508.0,1419.53,1446.88,9406821,FYERS_HISTORY,2026-08-08T23:06:03+05:30
2024-10-31,SMD-0044,BSE,NSE:BSE-EQ,1455.0,1497.43,1438.37,1488.53,5852634,FYERS_HISTORY,2026-08-08T23:06:03+05:30
2024-11-01,SMD-0044,BSE,NSE:BSE-EQ,1494.1,1508.0,1471.52,1487.88,1532865,FYERS_HISTORY,2026-08-08T23:06:03+05:30
2024-11-04,SMD-0044,BSE,NSE:BSE-EQ,1481.33,1520.0,1457.33,1471.22,6472092,FYERS_HISTORY,2026-08-08T23:06:03+05:30
2024-11-05,SMD-0044,BSE,NSE:BSE-EQ,1481.67,1541.67,1467.43,1534.32,8041224,FYERS_HISTORY,2026-08-08T23:06:03+05:30
2024-11-06,SMD-0044,BSE,NSE:BSE-EQ,1549.33,1605.0,1539.48,1561.52,9576756,FYERS_HISTORY,2026-08-08T23:06:03+05:30
2024-11-07,SMD-0044,BSE,NSE:BSE-EQ,1571.85,1632.47,1566.67,1624.02,9629979,FYERS_HISTORY,2026-08-08T23:06:03+05:30
2024-11-08,SMD-0044,BSE,NSE:BSE-EQ,1634.67,1656.33,1550.1,1564.63,9576687,FYERS_HISTORY,2026-08-08T23:06:03+05:30
2024-11-11,SMD-0044,BSE,NSE:BSE-EQ,1558.33,1582.58,1520.0,1541.05,5962818,FYERS_HISTORY,2026-08-08T23:06:03+05:30
2024-11-12,SMD-0044,BSE,NSE:BSE-EQ,1558.33,1594.63,1540.35,1559.4,5430138,FYERS_HISTORY,2026-08-08T23:06:03+05:30
2024-11-13,SMD-0044,BSE,NSE:BSE-EQ,1579.18,1596.33,1483.9,1497.27,10943595,FYERS_HISTORY,2026-08-08T23:06:03+05:30
2024-11-14,SMD-0044,BSE,NSE:BSE-EQ,1499.67,1555.0,1498.33,1515.93,5635623,FYERS_HISTORY,2026-08-08T23:06:03+05:30
2024-11-18,SMD-0044,BSE,NSE:BSE-EQ,1521.33,1580.0,1490.62,1568.67,7523148,FYERS_HISTORY,2026-08-08T23:06:03+05:30
2024-11-19,SMD-0044,BSE,NSE:BSE-EQ,1582.67,1619.33,1564.53,1575.78,6986577,FYERS_HISTORY,2026-08-08T23:06:03+05:30
2024-11-21,SMD-0044,BSE,NSE:BSE-EQ,1580.0,1606.0,1523.33,1565.05,7241706,FYERS_HISTORY,2026-08-08T23:06:03+05:30
2024-11-22,SMD-0044,BSE,NSE:BSE-EQ,1575.0,1594.9,1553.7,1573.32,4594842,FYERS_HISTORY,2026-08-08T23:06:03+05:30
2024-11-25,SMD-0044,BSE,NSE:BSE-EQ,1613.33,1651.67,1529.05,1562.27,36848079,FYERS_HISTORY,2026-08-08T23:06:03+05:30
2024-11-26,SMD-0044,BSE,NSE:BSE-EQ,1532.67,1553.0,1464.0,1477.03,13147269,FYERS_HISTORY,2026-08-08T23:06:03+05:30
2024-11-27,SMD-0044,BSE,NSE:BSE-EQ,1486.0,1499.67,1426.67,1492.08,8957277,FYERS_HISTORY,2026-08-08T23:06:03+05:30
2024-11-28,SMD-0044,BSE,NSE:BSE-EQ,1509.33,1533.33,1490.08,1524.65,4793631,FYERS_HISTORY,2026-08-08T23:06:03+05:30
2024-11-29,SMD-0044,BSE,NSE:BSE-EQ,1537.67,1569.6,1528.83,1556.92,6712614,FYERS_HISTORY,2026-08-08T23:06:03+05:30
2024-12-02,SMD-0044,BSE,NSE:BSE-EQ,1553.33,1562.63,1510.53,1521.28,4738488,FYERS_HISTORY,2026-08-08T23:06:03+05:30
2024-12-03,SMD-0044,BSE,NSE:BSE-EQ,1524.0,1541.33,1497.5,1504.6,3827790,FYERS_HISTORY,2026-08-08T23:06:03+05:30
2024-12-04,SMD-0044,BSE,NSE:BSE-EQ,1512.1,1531.67,1495.2,1524.02,4303485,FYERS_HISTORY,2026-08-08T23:06:03+05:30
2024-12-05,SMD-0044,BSE,NSE:BSE-EQ,1533.0,1750.0,1530.5,1731.63,35839431,FYERS_HISTORY,2026-08-08T23:06:03+05:30
2024-12-06,SMD-0044,BSE,NSE:BSE-EQ,1760.48,1815.0,1748.87,1798.82,18892569,FYERS_HISTORY,2026-08-08T23:06:03+05:30
2024-12-09,SMD-0044,BSE,NSE:BSE-EQ,1792.33,1869.32,1769.97,1822.37,12259188,FYERS_HISTORY,2026-08-08T23:06:03+05:30
2024-12-10,SMD-0044,BSE,NSE:BSE-EQ,1829.0,1845.23,1784.02,1822.12,7254930,FYERS_HISTORY,2026-08-08T23:06:03+05:30
2024-12-11,SMD-0044,BSE,NSE:BSE-EQ,1819.67,1859.63,1809.02,1850.73,4759470,FYERS_HISTORY,2026-08-08T23:06:03+05:30
2024-12-12,SMD-0044,BSE,NSE:BSE-EQ,1863.22,1905.9,1857.35,1870.23,6046395,FYERS_HISTORY,2026-08-08T23:06:03+05:30
2024-12-13,SMD-0044,BSE,NSE:BSE-EQ,1868.33,1884.67,1827.0,1878.32,5323011,FYERS_HISTORY,2026-08-08T23:06:03+05:30
2024-12-16,SMD-0044,BSE,NSE:BSE-EQ,1885.0,1911.98,1873.33,1887.93,4867221,FYERS_HISTORY,2026-08-08T23:06:03+05:30
2024-12-17,SMD-0044,BSE,NSE:BSE-EQ,1890.73,1922.33,1884.68,1909.3,4324800,FYERS_HISTORY,2026-08-08T23:06:03+05:30
2024-12-18,SMD-0044,BSE,NSE:BSE-EQ,1915.67,1917.1,1854.0,1877.48,4058544,FYERS_HISTORY,2026-08-08T23:06:03+05:30
2024-12-19,SMD-0044,BSE,NSE:BSE-EQ,1833.33,1934.18,1818.33,1930.48,5990652,FYERS_HISTORY,2026-08-08T23:06:03+05:30
2024-12-20,SMD-0044,BSE,NSE:BSE-EQ,1940.33,1945.98,1837.42,1847.62,4851843,FYERS_HISTORY,2026-08-08T23:06:03+05:30
2024-12-23,SMD-0044,BSE,NSE:BSE-EQ,1866.67,1881.33,1808.33,1849.43,4435104,FYERS_HISTORY,2026-08-08T23:06:03+05:30
2024-12-24,SMD-0044,BSE,NSE:BSE-EQ,1852.65,1855.0,1807.3,1816.53,2915256,FYERS_HISTORY,2026-08-08T23:06:03+05:30
2024-12-26,SMD-0044,BSE,NSE:BSE-EQ,1816.33,1825.62,1785.77,1814.12,2569077,FYERS_HISTORY,2026-08-08T23:06:03+05:30
2024-12-27,SMD-0044,BSE,NSE:BSE-EQ,1824.5,1830.53,1752.38,1759.5,3015999,FYERS_HISTORY,2026-08-08T23:06:03+05:30
2024-12-30,SMD-0044,BSE,NSE:BSE-EQ,1750.0,1789.33,1740.52,1769.5,5874153,FYERS_HISTORY,2026-08-08T23:06:03+05:30
2024-12-31,SMD-0044,BSE,NSE:BSE-EQ,1769.33,1783.33,1738.47,1775.13,2706738,FYERS_HISTORY,2026-08-08T23:06:03+05:30
2025-01-01,SMD-0044,BSE,NSE:BSE-EQ,1776.0,1812.87,1765.33,1808.67,2473389,FYERS_HISTORY,2026-08-08T23:06:03+05:30
2025-01-02,SMD-0044,BSE,NSE:BSE-EQ,1815.48,1833.33,1786.63,1822.07,2476923,FYERS_HISTORY,2026-08-08T23:06:03+05:30
2025-01-03,SMD-0044,BSE,NSE:BSE-EQ,1831.18,1853.8,1771.03,1779.92,3176421,FYERS_HISTORY,2026-08-08T23:06:03+05:30
2025-01-06,SMD-0044,BSE,NSE:BSE-EQ,1783.33,1792.5,1684.98,1696.33,3817821,FYERS_HISTORY,2026-08-08T23:06:03+05:30
2025-01-07,SMD-0044,BSE,NSE:BSE-EQ,1696.67,1821.67,1696.67,1796.1,6021834,FYERS_HISTORY,2026-08-08T23:06:03+05:30
2025-01-08,SMD-0044,BSE,NSE:BSE-EQ,1797.33,1812.98,1752.33,1800.13,3800709,FYERS_HISTORY,2026-08-08T23:06:03+05:30
2025-01-09,SMD-0044,BSE,NSE:BSE-EQ,1800.13,1809.67,1730.35,1735.08,2893500,FYERS_HISTORY,2026-08-08T23:06:03+05:30
2025-01-10,SMD-0044,BSE,NSE:BSE-EQ,1728.15,1753.33,1688.83,1707.22,3925527,FYERS_HISTORY,2026-08-08T23:06:03+05:30
2025-01-13,SMD-0044,BSE,NSE:BSE-EQ,1690.17,1749.97,1674.37,1718.87,6251274,FYERS_HISTORY,2026-08-08T23:06:03+05:30
2025-01-14,SMD-0044,BSE,NSE:BSE-EQ,1758.33,1832.63,1734.02,1816.28,7227348,FYERS_HISTORY,2026-08-08T23:06:03+05:30
2025-01-15,SMD-0044,BSE,NSE:BSE-EQ,1850.0,1936.33,1850.0,1928.67,10900698,FYERS_HISTORY,2026-08-08T23:06:03+05:30
2025-01-16,SMD-0044,BSE,NSE:BSE-EQ,1943.33,2010.3,1938.02,1998.22,8259705,FYERS_HISTORY,2026-08-08T23:06:03+05:30
2025-01-17,SMD-0044,BSE,NSE:BSE-EQ,1992.33,2008.22,1958.33,1999.58,3597489,FYERS_HISTORY,2026-08-08T23:06:03+05:30
2025-01-20,SMD-0044,BSE,NSE:BSE-EQ,2023.33,2044.47,1971.65,1993.27,3832356,FYERS_HISTORY,2026-08-08T23:06:03+05:30
2025-01-21,SMD-0044,BSE,NSE:BSE-EQ,2000.32,2003.23,1913.88,1929.97,4172727,FYERS_HISTORY,2026-08-08T23:06:03+05:30
2025-01-22,SMD-0044,BSE,NSE:BSE-EQ,1933.33,1938.33,1867.0,1919.57,4651524,FYERS_HISTORY,2026-08-08T23:06:03+05:30
2025-01-23,SMD-0044,BSE,NSE:BSE-EQ,1921.63,1983.33,1905.42,1969.9,4069887,FYERS_HISTORY,2026-08-08T23:06:03+05:30
2025-01-24,SMD-0044,BSE,NSE:BSE-EQ,1970.0,2016.6,1937.42,1945.2,3725880,FYERS_HISTORY,2026-08-08T23:06:03+05:30
2025-01-27,SMD-0044,BSE,NSE:BSE-EQ,1903.0,1921.1,1790.33,1813.72,6137661,FYERS_HISTORY,2026-08-08T23:06:03+05:30
2025-01-28,SMD-0044,BSE,NSE:BSE-EQ,1813.72,1829.33,1710.55,1718.92,8450283,FYERS_HISTORY,2026-08-08T23:06:03+05:30
2025-01-29,SMD-0044,BSE,NSE:BSE-EQ,1716.67,1794.8,1712.02,1787.58,5106936,FYERS_HISTORY,2026-08-08T23:06:03+05:30
2025-01-30,SMD-0044,BSE,NSE:BSE-EQ,1807.52,1808.97,1730.68,1746.3,4410945,FYERS_HISTORY,2026-08-08T23:06:03+05:30
2025-01-31,SMD-0044,BSE,NSE:BSE-EQ,1751.67,1772.88,1739.35,1768.65,3307665,FYERS_HISTORY,2026-08-08T23:06:03+05:30
2025-02-01,SMD-0044,BSE,NSE:BSE-EQ,1774.5,1823.15,1750.33,1801.35,3763836,FYERS_HISTORY,2026-08-08T23:06:03+05:30
2025-02-03,SMD-0044,BSE,NSE:BSE-EQ,1777.0,1813.33,1756.67,1805.13,3367482,FYERS_HISTORY,2026-08-08T23:06:03+05:30
2025-02-04,SMD-0044,BSE,NSE:BSE-EQ,1822.67,1864.55,1817.32,1855.12,3765051,FYERS_HISTORY,2026-08-08T23:06:03+05:30
2025-02-05,SMD-0044,BSE,NSE:BSE-EQ,1872.82,1951.67,1856.67,1944.37,6223398,FYERS_HISTORY,2026-08-08T23:06:03+05:30
2025-02-06,SMD-0044,BSE,NSE:BSE-EQ,1952.67,1952.67,1840.0,1855.85,5869194,FYERS_HISTORY,2026-08-08T23:06:03+05:30
2025-02-07,SMD-0044,BSE,NSE:BSE-EQ,1833.33,1916.23,1821.03,1908.7,8037120,FYERS_HISTORY,2026-08-08T23:06:03+05:30
2025-02-10,SMD-0044,BSE,NSE:BSE-EQ,1910.0,1931.65,1866.67,1876.53,4127682,FYERS_HISTORY,2026-08-08T23:06:03+05:30
2025-02-11,SMD-0044,BSE,NSE:BSE-EQ,1883.33,1888.02,1717.0,1729.05,7226934,FYERS_HISTORY,2026-08-08T23:06:03+05:30
2025-02-12,SMD-0044,BSE,NSE:BSE-EQ,1731.33,1811.67,1681.37,1785.1,12795258,FYERS_HISTORY,2026-08-08T23:06:03+05:30
2025-02-13,SMD-0044,BSE,NSE:BSE-EQ,1788.0,1798.32,1735.33,1751.82,5861415,FYERS_HISTORY,2026-08-08T23:06:03+05:30
2025-02-14,SMD-0044,BSE,NSE:BSE-EQ,1778.33,1778.33,1688.67,1706.85,7142661,FYERS_HISTORY,2026-08-08T23:06:03+05:30
2025-02-17,SMD-0044,BSE,NSE:BSE-EQ,1699.83,1744.67,1657.0,1736.23,5759442,FYERS_HISTORY,2026-08-08T23:06:03+05:30
2025-02-18,SMD-0044,BSE,NSE:BSE-EQ,1736.33,1742.33,1696.67,1728.7,3758523,FYERS_HISTORY,2026-08-08T23:06:03+05:30
2025-02-19,SMD-0044,BSE,NSE:BSE-EQ,1718.33,1891.57,1716.65,1877.0,11830863,FYERS_HISTORY,2026-08-08T23:06:03+05:30
2025-02-20,SMD-0044,BSE,NSE:BSE-EQ,1895.67,1994.33,1868.17,1986.38,14665710,FYERS_HISTORY,2026-08-08T23:06:03+05:30
2025-02-21,SMD-0044,BSE,NSE:BSE-EQ,1979.97,2015.82,1904.15,1919.27,10079220,FYERS_HISTORY,2026-08-08T23:06:03+05:30
2025-02-24,SMD-0044,BSE,NSE:BSE-EQ,1883.33,1914.0,1862.0,1869.75,4462383,FYERS_HISTORY,2026-08-08T23:06:03+05:30
2025-02-25,SMD-0044,BSE,NSE:BSE-EQ,1883.33,1888.45,1830.0,1834.0,5196522,FYERS_HISTORY,2026-08-08T23:06:03+05:30
2025-02-27,SMD-0044,BSE,NSE:BSE-EQ,1838.32,1841.33,1706.67,1720.83,8244900,FYERS_HISTORY,2026-08-08T23:06:03+05:30
2025-02-28,SMD-0044,BSE,NSE:BSE-EQ,1706.67,1733.0,1517.07,1544.57,21537918,FYERS_HISTORY,2026-08-08T23:06:03+05:30
2025-03-03,SMD-0044,BSE,NSE:BSE-EQ,1538.33,1538.33,1447.88,1453.15,19020465,FYERS_HISTORY,2026-08-08T23:06:03+05:30
2025-03-04,SMD-0044,BSE,NSE:BSE-EQ,1427.37,1521.65,1395.67,1484.55,19251951,FYERS_HISTORY,2026-08-08T23:06:03+05:30
2025-03-05,SMD-0044,BSE,NSE:BSE-EQ,1433.33,1457.55,1345.03,1433.03,32713731,FYERS_HISTORY,2026-08-08T23:06:03+05:30
2025-03-06,SMD-0044,BSE,NSE:BSE-EQ,1460.0,1461.25,1405.0,1417.82,14681475,FYERS_HISTORY,2026-08-08T23:06:03+05:30
2025-03-07,SMD-0044,BSE,NSE:BSE-EQ,1409.97,1441.6,1387.35,1392.77,11041449,FYERS_HISTORY,2026-08-08T23:06:03+05:30
2025-03-10,SMD-0044,BSE,NSE:BSE-EQ,1390.0,1411.27,1325.35,1332.98,12517161,FYERS_HISTORY,2026-08-08T23:06:03+05:30
2025-03-11,SMD-0044,BSE,NSE:BSE-EQ,1306.67,1326.32,1227.33,1269.92,21787773,FYERS_HISTORY,2026-08-08T23:06:03+05:30
2025-03-12,SMD-0044,BSE,NSE:BSE-EQ,1288.33,1356.3,1288.33,1338.13,18983265,FYERS_HISTORY,2026-08-08T23:06:03+05:30
2025-03-13,SMD-0044,BSE,NSE:BSE-EQ,1338.13,1353.12,1300.0,1308.75,11311809,FYERS_HISTORY,2026-08-08T23:06:03+05:30
2025-03-17,SMD-0044,BSE,NSE:BSE-EQ,1323.2,1341.67,1300.33,1320.78,8727396,FYERS_HISTORY,2026-08-08T23:06:03+05:30
2025-03-18,SMD-0044,BSE,NSE:BSE-EQ,1336.0,1389.32,1326.67,1382.23,9960255,FYERS_HISTORY,2026-08-08T23:06:03+05:30
2025-03-19,SMD-0044,BSE,NSE:BSE-EQ,1388.0,1471.08,1385.17,1464.15,15512586,FYERS_HISTORY,2026-08-08T23:06:03+05:30
2025-03-20,SMD-0044,BSE,NSE:BSE-EQ,1478.0,1517.67,1451.67,1492.7,16108614,FYERS_HISTORY,2026-08-08T23:06:03+05:30
2025-03-21,SMD-0044,BSE,NSE:BSE-EQ,1496.33,1616.67,1485.03,1593.25,21103122,FYERS_HISTORY,2026-08-08T23:06:03+05:30
2025-03-24,SMD-0044,BSE,NSE:BSE-EQ,1613.33,1636.3,1540.57,1551.68,17437431,FYERS_HISTORY,2026-08-08T23:06:03+05:30
2025-03-25,SMD-0044,BSE,NSE:BSE-EQ,1561.33,1592.43,1538.6,1550.55,12418947,FYERS_HISTORY,2026-08-08T23:06:03+05:30
2025-03-26,SMD-0044,BSE,NSE:BSE-EQ,1556.67,1562.33,1484.33,1491.57,8879835,FYERS_HISTORY,2026-08-08T23:06:03+05:30
2025-03-27,SMD-0044,BSE,NSE:BSE-EQ,1550.0,1578.33,1526.07,1561.45,20801976,FYERS_HISTORY,2026-08-08T23:06:03+05:30
2025-03-28,SMD-0044,BSE,NSE:BSE-EQ,1666.67,1844.8,1666.67,1826.6,56319333,FYERS_HISTORY,2026-08-08T23:06:03+05:30
2025-04-01,SMD-0044,BSE,NSE:BSE-EQ,1848.0,1858.5,1810.0,1822.0,13947345,FYERS_HISTORY,2026-08-08T23:06:03+05:30
2025-04-02,SMD-0044,BSE,NSE:BSE-EQ,1823.0,1893.33,1810.0,1884.95,14559132,FYERS_HISTORY,2026-08-08T23:06:03+05:30
2025-04-03,SMD-0044,BSE,NSE:BSE-EQ,1858.67,1929.07,1853.83,1873.62,13500360,FYERS_HISTORY,2026-08-08T23:06:03+05:30
2025-04-04,SMD-0044,BSE,NSE:BSE-EQ,1874.48,1886.55,1820.93,1839.15,11404995,FYERS_HISTORY,2026-08-08T23:06:03+05:30
2025-04-07,SMD-0044,BSE,NSE:BSE-EQ,1666.68,1750.0,1659.45,1727.48,12643101,FYERS_HISTORY,2026-08-08T23:06:03+05:30
2025-04-08,SMD-0044,BSE,NSE:BSE-EQ,1800.0,1852.95,1784.18,1846.07,10422066,FYERS_HISTORY,2026-08-08T23:06:03+05:30
2025-04-09,SMD-0044,BSE,NSE:BSE-EQ,1833.4,1870.0,1802.53,1849.45,9485910,FYERS_HISTORY,2026-08-08T23:06:03+05:30
2025-04-11,SMD-0044,BSE,NSE:BSE-EQ,1899.13,1908.0,1860.67,1881.58,7930965,FYERS_HISTORY,2026-08-08T23:06:03+05:30
2025-04-15,SMD-0044,BSE,NSE:BSE-EQ,1917.0,1991.67,1907.0,1986.0,7914093,FYERS_HISTORY,2026-08-08T23:06:03+05:30
2025-04-16,SMD-0044,BSE,NSE:BSE-EQ,1995.67,1999.33,1953.33,1976.83,6664080,FYERS_HISTORY,2026-08-08T23:06:03+05:30
2025-04-17,SMD-0044,BSE,NSE:BSE-EQ,1969.67,2013.33,1955.17,1977.0,7753470,FYERS_HISTORY,2026-08-08T23:06:03+05:30
2025-04-21,SMD-0044,BSE,NSE:BSE-EQ,1993.67,2104.33,1990.0,2095.0,12255681,FYERS_HISTORY,2026-08-08T23:06:03+05:30
2025-04-22,SMD-0044,BSE,NSE:BSE-EQ,2116.0,2136.0,2075.0,2080.5,10094400,FYERS_HISTORY,2026-08-08T23:06:03+05:30
2025-04-23,SMD-0044,BSE,NSE:BSE-EQ,2099.67,2153.0,2075.0,2146.33,11014368,FYERS_HISTORY,2026-08-08T23:06:03+05:30
2025-04-24,SMD-0044,BSE,NSE:BSE-EQ,2150.0,2188.0,2140.0,2164.5,8304210,FYERS_HISTORY,2026-08-08T23:06:03+05:30
2025-04-25,SMD-0044,BSE,NSE:BSE-EQ,2175.0,2198.33,2057.5,2101.17,12844959,FYERS_HISTORY,2026-08-08T23:06:03+05:30
2025-04-28,SMD-0044,BSE,NSE:BSE-EQ,2100.0,2199.17,2090.67,2188.17,8723934,FYERS_HISTORY,2026-08-08T23:06:03+05:30
2025-04-29,SMD-0044,BSE,NSE:BSE-EQ,2200.33,2269.33,2187.17,2213.83,11040702,FYERS_HISTORY,2026-08-08T23:06:03+05:30
2025-04-30,SMD-0044,BSE,NSE:BSE-EQ,2223.33,2223.33,2107.5,2119.67,7386837,FYERS_HISTORY,2026-08-08T23:06:03+05:30
2025-05-02,SMD-0044,BSE,NSE:BSE-EQ,2120.33,2169.67,2095.33,2102.17,7703319,FYERS_HISTORY,2026-08-08T23:06:03+05:30
2025-05-05,SMD-0044,BSE,NSE:BSE-EQ,2116.67,2159.17,2090.0,2151.17,6594636,FYERS_HISTORY,2026-08-08T23:06:03+05:30
2025-05-06,SMD-0044,BSE,NSE:BSE-EQ,2158.33,2176.5,2073.33,2081.67,7534017,FYERS_HISTORY,2026-08-08T23:06:03+05:30
2025-05-07,SMD-0044,BSE,NSE:BSE-EQ,2123.33,2282.5,2117.5,2217.5,32617395,FYERS_HISTORY,2026-08-08T23:06:03+05:30
2025-05-08,SMD-0044,BSE,NSE:BSE-EQ,2243.0,2298.0,2210.33,2230.0,15815844,FYERS_HISTORY,2026-08-08T23:06:03+05:30
2025-05-09,SMD-0044,BSE,NSE:BSE-EQ,2166.67,2216.67,2160.67,2190.67,10559544,FYERS_HISTORY,2026-08-08T23:06:03+05:30
2025-05-12,SMD-0044,BSE,NSE:BSE-EQ,2300.0,2349.0,2288.33,2318.5,11883684,FYERS_HISTORY,2026-08-08T23:06:03+05:30
2025-05-13,SMD-0044,BSE,NSE:BSE-EQ,2333.33,2448.67,2327.17,2438.5,16155834,FYERS_HISTORY,2026-08-08T23:06:03+05:30
2025-05-14,SMD-0044,BSE,NSE:BSE-EQ,2450.67,2474.17,2417.17,2449.0,9444795,FYERS_HISTORY,2026-08-08T23:06:03+05:30
2025-05-15,SMD-0044,BSE,NSE:BSE-EQ,2450.67,2450.67,2370.5,2382.67,10080171,FYERS_HISTORY,2026-08-08T23:06:03+05:30
2025-05-16,SMD-0044,BSE,NSE:BSE-EQ,2400.0,2438.33,2397.17,2426.33,5439912,FYERS_HISTORY,2026-08-08T23:06:03+05:30
2025-05-19,SMD-0044,BSE,NSE:BSE-EQ,2438.33,2491.67,2427.33,2486.33,6779835,FYERS_HISTORY,2026-08-08T23:06:03+05:30
2025-05-20,SMD-0044,BSE,NSE:BSE-EQ,2511.0,2529.33,2454.0,2461.83,9830418,FYERS_HISTORY,2026-08-08T23:06:03+05:30
2025-05-21,SMD-0044,BSE,NSE:BSE-EQ,2466.67,2490.0,2400.17,2435.0,8333151,FYERS_HISTORY,2026-08-08T23:06:03+05:30
2025-05-22,SMD-0044,BSE,NSE:BSE-EQ,2435.0,2440.17,2298.33,2332.17,15080493,FYERS_HISTORY,2026-08-08T23:06:03+05:30
2025-05-23,SMD-0044,BSE,NSE:BSE-EQ,2358.0,2488.0,2335.0,2448.0,16556320,FYERS_HISTORY,2026-08-08T23:06:03+05:30
2025-05-26,SMD-0044,BSE,NSE:BSE-EQ,2480.0,2526.0,2435.0,2450.0,9288433,FYERS_HISTORY,2026-08-08T23:06:03+05:30
2025-05-27,SMD-0044,BSE,NSE:BSE-EQ,2450.0,2450.0,2395.5,2404.0,6553028,FYERS_HISTORY,2026-08-08T23:06:03+05:30
2025-05-28,SMD-0044,BSE,NSE:BSE-EQ,2425.0,2438.0,2385.0,2404.0,5094893,FYERS_HISTORY,2026-08-08T23:06:03+05:30
2025-05-29,SMD-0044,BSE,NSE:BSE-EQ,2429.0,2470.0,2391.0,2464.5,6162725,FYERS_HISTORY,2026-08-08T23:06:03+05:30
2025-05-30,SMD-0044,BSE,NSE:BSE-EQ,2472.5,2690.0,2469.0,2674.0,18465797,FYERS_HISTORY,2026-08-08T23:06:03+05:30
2025-06-02,SMD-0044,BSE,NSE:BSE-EQ,2690.0,2735.2,2647.0,2693.3,10992168,FYERS_HISTORY,2026-08-08T23:06:03+05:30
2025-06-03,SMD-0044,BSE,NSE:BSE-EQ,2720.0,2787.8,2692.0,2764.9,8663975,FYERS_HISTORY,2026-08-08T23:06:03+05:30
2025-06-04,SMD-0044,BSE,NSE:BSE-EQ,2779.9,2815.0,2711.0,2797.1,6827661,FYERS_HISTORY,2026-08-08T23:06:03+05:30
2025-06-05,SMD-0044,BSE,NSE:BSE-EQ,2821.1,2918.0,2815.0,2909.8,11094118,FYERS_HISTORY,2026-08-08T23:06:03+05:30
2025-06-06,SMD-0044,BSE,NSE:BSE-EQ,2939.8,2985.0,2920.0,2933.2,10365779,FYERS_HISTORY,2026-08-08T23:06:03+05:30
2025-06-09,SMD-0044,BSE,NSE:BSE-EQ,2970.0,3024.9,2935.3,2994.4,7298847,FYERS_HISTORY,2026-08-08T23:06:03+05:30
2025-06-10,SMD-0044,BSE,NSE:BSE-EQ,3009.3,3030.0,2975.2,3005.4,7137028,FYERS_HISTORY,2026-08-08T23:06:03+05:30
2025-06-11,SMD-0044,BSE,NSE:BSE-EQ,3015.0,3019.9,2823.1,2882.4,10665889,FYERS_HISTORY,2026-08-08T23:06:03+05:30
2025-06-12,SMD-0044,BSE,NSE:BSE-EQ,2860.0,2860.9,2748.4,2754.1,9601852,FYERS_HISTORY,2026-08-08T23:06:03+05:30
2025-06-13,SMD-0044,BSE,NSE:BSE-EQ,2653.0,2770.0,2653.0,2711.2,7506707,FYERS_HISTORY,2026-08-08T23:06:03+05:30
2025-06-16,SMD-0044,BSE,NSE:BSE-EQ,2725.0,2769.0,2675.0,2697.4,5760092,FYERS_HISTORY,2026-08-08T23:06:03+05:30
2025-06-17,SMD-0044,BSE,NSE:BSE-EQ,2719.0,2730.0,2622.3,2664.4,6162135,FYERS_HISTORY,2026-08-08T23:06:03+05:30
2025-06-18,SMD-0044,BSE,NSE:BSE-EQ,2525.0,2664.0,2500.0,2633.2,9963748,FYERS_HISTORY,2026-08-08T23:06:03+05:30
2025-06-19,SMD-0044,BSE,NSE:BSE-EQ,2645.0,2656.4,2584.0,2595.4,4153374,FYERS_HISTORY,2026-08-08T23:06:03+05:30
2025-06-20,SMD-0044,BSE,NSE:BSE-EQ,2600.0,2698.4,2571.0,2688.1,5802506,FYERS_HISTORY,2026-08-08T23:06:03+05:30
2025-06-23,SMD-0044,BSE,NSE:BSE-EQ,2670.0,2795.0,2648.0,2775.3,7002677,FYERS_HISTORY,2026-08-08T23:06:03+05:30
2025-06-24,SMD-0044,BSE,NSE:BSE-EQ,2850.0,2865.6,2777.0,2785.6,6052217,FYERS_HISTORY,2026-08-08T23:06:03+05:30
2025-06-25,SMD-0044,BSE,NSE:BSE-EQ,2800.2,2825.0,2772.1,2789.0,3725327,FYERS_HISTORY,2026-08-08T23:06:03+05:30
2025-06-26,SMD-0044,BSE,NSE:BSE-EQ,2789.0,2821.0,2748.0,2803.0,3864783,FYERS_HISTORY,2026-08-08T23:06:03+05:30
2025-06-27,SMD-0044,BSE,NSE:BSE-EQ,2816.5,2838.1,2760.0,2775.6,4146758,FYERS_HISTORY,2026-08-08T23:06:03+05:30
2025-06-30,SMD-0044,BSE,NSE:BSE-EQ,2788.9,2805.0,2753.4,2770.1,2973164,FYERS_HISTORY,2026-08-08T23:06:03+05:30
2025-07-01,SMD-0044,BSE,NSE:BSE-EQ,2778.0,2796.0,2738.2,2775.1,2799778,FYERS_HISTORY,2026-08-08T23:06:03+05:30
2025-07-02,SMD-0044,BSE,NSE:BSE-EQ,2770.0,2805.0,2745.0,2752.4,2342388,FYERS_HISTORY,2026-08-08T23:06:03+05:30
2025-07-03,SMD-0044,BSE,NSE:BSE-EQ,2759.9,2825.9,2742.5,2820.1,3789412,FYERS_HISTORY,2026-08-08T23:06:03+05:30
2025-07-04,SMD-0044,BSE,NSE:BSE-EQ,2778.0,2778.0,2613.1,2635.2,12917060,FYERS_HISTORY,2026-08-08T23:06:03+05:30
2025-07-07,SMD-0044,BSE,NSE:BSE-EQ,2635.2,2680.0,2590.7,2636.2,4315497,FYERS_HISTORY,2026-08-08T23:06:03+05:30
2025-07-08,SMD-0044,BSE,NSE:BSE-EQ,2640.0,2644.0,2395.0,2477.0,18415480,FYERS_HISTORY,2026-08-08T23:06:03+05:30
2025-07-09,SMD-0044,BSE,NSE:BSE-EQ,2500.0,2550.0,2485.5,2523.8,6824385,FYERS_HISTORY,2026-08-08T23:06:03+05:30
2025-07-10,SMD-0044,BSE,NSE:BSE-EQ,2534.6,2545.9,2460.0,2466.3,5061783,FYERS_HISTORY,2026-08-08T23:06:03+05:30
2025-07-11,SMD-0044,BSE,NSE:BSE-EQ,2466.4,2476.2,2365.3,2371.1,7117789,FYERS_HISTORY,2026-08-08T23:06:03+05:30
2025-07-14,SMD-0044,BSE,NSE:BSE-EQ,2425.0,2477.2,2390.8,2460.7,7628961,FYERS_HISTORY,2026-08-08T23:06:03+05:30
2025-07-15,SMD-0044,BSE,NSE:BSE-EQ,2479.0,2554.2,2444.8,2546.0,5731544,FYERS_HISTORY,2026-08-08T23:06:03+05:30
2025-07-16,SMD-0044,BSE,NSE:BSE-EQ,2550.0,2585.0,2523.1,2530.0,4360747,FYERS_HISTORY,2026-08-08T23:06:03+05:30
2025-07-17,SMD-0044,BSE,NSE:BSE-EQ,2540.0,2549.0,2446.6,2474.9,4380006,FYERS_HISTORY,2026-08-08T23:06:03+05:30
2025-07-18,SMD-0044,BSE,NSE:BSE-EQ,2480.0,2487.1,2435.0,2448.5,3278360,FYERS_HISTORY,2026-08-08T23:06:03+05:30
2025-07-21,SMD-0044,BSE,NSE:BSE-EQ,2450.0,2535.0,2433.1,2521.3,4732364,FYERS_HISTORY,2026-08-08T23:06:03+05:30
2025-07-22,SMD-0044,BSE,NSE:BSE-EQ,2570.0,2570.9,2540.0,2548.4,3215319,FYERS_HISTORY,2026-08-08T23:06:03+05:30
2025-07-23,SMD-0044,BSE,NSE:BSE-EQ,2554.0,2566.9,2510.0,2557.2,2693904,FYERS_HISTORY,2026-08-08T23:06:03+05:30
2025-07-24,SMD-0044,BSE,NSE:BSE-EQ,2558.9,2566.0,2521.0,2547.8,2630830,FYERS_HISTORY,2026-08-08T23:06:03+05:30
2025-07-25,SMD-0044,BSE,NSE:BSE-EQ,2538.9,2542.0,2444.2,2454.0,3588032,FYERS_HISTORY,2026-08-08T23:06:03+05:30
2025-07-28,SMD-0044,BSE,NSE:BSE-EQ,2460.0,2524.5,2427.0,2449.9,3468410,FYERS_HISTORY,2026-08-08T23:06:03+05:30
2025-07-29,SMD-0044,BSE,NSE:BSE-EQ,2450.0,2500.0,2438.0,2487.1,2601305,FYERS_HISTORY,2026-08-08T23:06:03+05:30
2025-07-30,SMD-0044,BSE,NSE:BSE-EQ,2495.0,2496.6,2447.0,2457.5,1846915,FYERS_HISTORY,2026-08-08T23:06:03+05:30
2025-07-31,SMD-0044,BSE,NSE:BSE-EQ,2427.5,2474.7,2416.0,2427.4,2933504,FYERS_HISTORY,2026-08-08T23:06:03+05:30
2025-08-01,SMD-0044,BSE,NSE:BSE-EQ,2429.3,2470.0,2383.5,2411.3,3124608,FYERS_HISTORY,2026-08-08T23:06:03+05:30
2025-08-04,SMD-0044,BSE,NSE:BSE-EQ,2420.0,2495.0,2381.2,2486.6,3342439,FYERS_HISTORY,2026-08-08T23:06:03+05:30
2025-08-05,SMD-0044,BSE,NSE:BSE-EQ,2492.0,2494.1,2346.1,2367.2,7032517,FYERS_HISTORY,2026-08-05T19:55:39+05:30
2025-08-06,SMD-0044,BSE,NSE:BSE-EQ,2370.4,2428.0,2282.0,2387.6,9401319,FYERS_HISTORY,2026-08-05T19:55:39+05:30
2025-08-07,SMD-0044,BSE,NSE:BSE-EQ,2370.0,2454.0,2359.3,2442.2,4564283,FYERS_HISTORY,2026-08-05T19:55:39+05:30
2025-08-08,SMD-0044,BSE,NSE:BSE-EQ,2500.0,2503.6,2382.3,2392.9,6685163,FYERS_HISTORY,2026-08-05T19:55:39+05:30
2025-08-11,SMD-0044,BSE,NSE:BSE-EQ,2400.0,2421.0,2370.0,2396.3,3272568,FYERS_HISTORY,2026-08-05T19:55:39+05:30
2025-08-12,SMD-0044,BSE,NSE:BSE-EQ,2400.0,2411.0,2346.5,2368.7,2571768,FYERS_HISTORY,2026-08-05T19:55:39+05:30
2025-08-13,SMD-0044,BSE,NSE:BSE-EQ,2385.0,2501.9,2381.9,2496.4,5393999,FYERS_HISTORY,2026-08-05T19:55:39+05:30
2025-08-14,SMD-0044,BSE,NSE:BSE-EQ,2500.0,2514.4,2456.0,2482.0,2747105,FYERS_HISTORY,2026-08-05T19:55:39+05:30
2025-08-18,SMD-0044,BSE,NSE:BSE-EQ,2520.0,2550.0,2487.0,2494.8,3167818,FYERS_HISTORY,2026-08-05T19:55:39+05:30
2025-08-19,SMD-0044,BSE,NSE:BSE-EQ,2505.0,2532.0,2470.0,2491.5,3159563,FYERS_HISTORY,2026-08-05T19:55:39+05:30
2025-08-20,SMD-0044,BSE,NSE:BSE-EQ,2505.0,2533.0,2485.1,2523.0,2674274,FYERS_HISTORY,2026-08-05T19:55:39+05:30
2025-08-21,SMD-0044,BSE,NSE:BSE-EQ,2524.0,2529.8,2325.0,2332.2,12151255,FYERS_HISTORY,2026-08-05T19:55:39+05:30
2025-08-22,SMD-0044,BSE,NSE:BSE-EQ,2331.3,2353.5,2292.2,2332.8,5910342,FYERS_HISTORY,2026-08-05T19:55:39+05:30
2025-08-25,SMD-0044,BSE,NSE:BSE-EQ,2335.0,2342.9,2286.1,2290.8,3982572,FYERS_HISTORY,2026-08-05T19:55:39+05:30
2025-08-26,SMD-0044,BSE,NSE:BSE-EQ,2282.0,2290.0,2212.0,2215.6,5678257,FYERS_HISTORY,2026-08-05T19:55:39+05:30
2025-08-28,SMD-0044,BSE,NSE:BSE-EQ,2218.0,2230.0,2170.0,2178.4,4301677,FYERS_HISTORY,2026-08-05T19:55:39+05:30
2025-08-29,SMD-0044,BSE,NSE:BSE-EQ,2180.0,2184.0,2090.0,2096.2,8153679,FYERS_HISTORY,2026-08-05T19:55:39+05:30
2025-09-01,SMD-0044,BSE,NSE:BSE-EQ,2130.0,2198.0,2107.6,2180.4,6021070,FYERS_HISTORY,2026-08-05T19:55:39+05:30
2025-09-02,SMD-0044,BSE,NSE:BSE-EQ,2190.0,2252.0,2163.0,2194.2,5015814,FYERS_HISTORY,2026-08-05T19:55:39+05:30
2025-09-03,SMD-0044,BSE,NSE:BSE-EQ,2210.0,2227.8,2165.4,2214.0,3276037,FYERS_HISTORY,2026-08-05T19:55:39+05:30
2025-09-04,SMD-0044,BSE,NSE:BSE-EQ,2239.0,2254.8,2205.0,2219.5,3864879,FYERS_HISTORY,2026-08-05T19:55:39+05:30
2025-09-05,SMD-0044,BSE,NSE:BSE-EQ,2229.0,2347.9,2227.0,2319.6,7981732,FYERS_HISTORY,2026-08-05T19:55:39+05:30
2025-09-08,SMD-0044,BSE,NSE:BSE-EQ,2329.0,2388.9,2323.2,2346.2,3680062,FYERS_HISTORY,2026-08-05T19:55:39+05:30
2025-09-09,SMD-0044,BSE,NSE:BSE-EQ,2358.6,2367.3,2315.9,2353.2,2162565,FYERS_HISTORY,2026-08-05T19:55:39+05:30
2025-09-10,SMD-0044,BSE,NSE:BSE-EQ,2365.0,2368.2,2242.4,2266.5,5226464,FYERS_HISTORY,2026-08-05T19:55:39+05:30
2025-09-11,SMD-0044,BSE,NSE:BSE-EQ,2272.0,2280.0,2145.2,2162.8,9464950,FYERS_HISTORY,2026-08-05T19:55:39+05:30
2025-09-12,SMD-0044,BSE,NSE:BSE-EQ,2185.0,2223.0,2179.3,2201.2,4700718,FYERS_HISTORY,2026-08-05T19:55:39+05:30
2025-09-15,SMD-0044,BSE,NSE:BSE-EQ,2218.0,2254.3,2216.2,2227.4,3362642,FYERS_HISTORY,2026-08-05T19:55:39+05:30
2025-09-16,SMD-0044,BSE,NSE:BSE-EQ,2235.0,2235.7,2180.4,2199.3,3431716,FYERS_HISTORY,2026-08-05T19:55:39+05:30
2025-09-17,SMD-0044,BSE,NSE:BSE-EQ,2209.3,2230.0,2201.0,2209.8,2575857,FYERS_HISTORY,2026-08-05T19:55:39+05:30
2025-09-18,SMD-0044,BSE,NSE:BSE-EQ,2222.7,2239.9,2186.4,2198.3,3048170,FYERS_HISTORY,2026-08-05T19:55:39+05:30
2025-09-19,SMD-0044,BSE,NSE:BSE-EQ,2200.0,2212.0,2180.0,2182.6,2777471,FYERS_HISTORY,2026-08-05T19:55:39+05:30
2025-09-22,SMD-0044,BSE,NSE:BSE-EQ,2175.0,2196.0,2150.0,2156.2,2789419,FYERS_HISTORY,2026-08-05T19:55:39+05:30
2025-09-23,SMD-0044,BSE,NSE:BSE-EQ,2157.0,2160.0,2086.4,2122.2,4932424,FYERS_HISTORY,2026-08-05T19:55:39+05:30
2025-09-24,SMD-0044,BSE,NSE:BSE-EQ,2122.2,2135.0,2060.0,2076.4,4081837,FYERS_HISTORY,2026-08-05T19:55:39+05:30
2025-09-25,SMD-0044,BSE,NSE:BSE-EQ,2070.0,2095.0,2040.0,2043.3,5087377,FYERS_HISTORY,2026-08-05T19:55:39+05:30
2025-09-26,SMD-0044,BSE,NSE:BSE-EQ,2042.9,2084.9,2021.5,2043.2,4532697,FYERS_HISTORY,2026-08-05T19:55:39+05:30
2025-09-29,SMD-0044,BSE,NSE:BSE-EQ,2055.0,2121.0,2047.9,2097.4,4448256,FYERS_HISTORY,2026-08-05T19:55:39+05:30
2025-09-30,SMD-0044,BSE,NSE:BSE-EQ,2105.0,2108.9,2035.1,2040.2,3613387,FYERS_HISTORY,2026-08-05T19:55:39+05:30
2025-10-01,SMD-0044,BSE,NSE:BSE-EQ,2048.0,2085.0,2038.0,2081.4,3715436,FYERS_HISTORY,2026-08-05T19:55:39+05:30
2025-10-03,SMD-0044,BSE,NSE:BSE-EQ,2080.9,2099.9,2050.0,2093.4,2827421,FYERS_HISTORY,2026-08-05T19:55:39+05:30
2025-10-06,SMD-0044,BSE,NSE:BSE-EQ,2103.7,2223.8,2102.0,2217.9,8546614,FYERS_HISTORY,2026-08-05T19:55:39+05:30
2025-10-07,SMD-0044,BSE,NSE:BSE-EQ,2237.0,2266.4,2180.0,2231.2,5976759,FYERS_HISTORY,2026-08-05T19:55:39+05:30
2025-10-08,SMD-0044,BSE,NSE:BSE-EQ,2227.0,2264.3,2210.0,2244.2,3860482,FYERS_HISTORY,2026-08-05T19:55:39+05:30
2025-10-09,SMD-0044,BSE,NSE:BSE-EQ,2244.2,2338.0,2230.0,2330.2,7865924,FYERS_HISTORY,2026-08-05T19:55:39+05:30
2025-10-10,SMD-0044,BSE,NSE:BSE-EQ,2335.0,2410.0,2332.6,2385.0,7275253,FYERS_HISTORY,2026-08-05T19:55:39+05:30
2025-10-13,SMD-0044,BSE,NSE:BSE-EQ,2375.0,2505.0,2355.0,2476.0,8770554,FYERS_HISTORY,2026-08-05T19:55:39+05:30
2025-10-14,SMD-0044,BSE,NSE:BSE-EQ,2501.0,2556.8,2428.5,2448.3,8984969,FYERS_HISTORY,2026-08-05T19:55:39+05:30
2025-10-15,SMD-0044,BSE,NSE:BSE-EQ,2460.0,2476.3,2435.6,2456.3,3210878,FYERS_HISTORY,2026-08-05T19:55:39+05:30
2025-10-16,SMD-0044,BSE,NSE:BSE-EQ,2468.8,2567.1,2462.0,2509.2,9183672,FYERS_HISTORY,2026-08-05T19:55:39+05:30
2025-10-17,SMD-0044,BSE,NSE:BSE-EQ,2512.0,2538.0,2461.8,2485.6,3965773,FYERS_HISTORY,2026-08-05T19:55:39+05:30
2025-10-20,SMD-0044,BSE,NSE:BSE-EQ,2503.2,2526.8,2490.0,2494.1,2528250,FYERS_HISTORY,2026-08-05T19:55:39+05:30
2025-10-21,SMD-0044,BSE,NSE:BSE-EQ,2506.5,2519.0,2477.0,2487.8,946624,FYERS_HISTORY,2026-08-05T19:55:39+05:30
2025-10-23,SMD-0044,BSE,NSE:BSE-EQ,2499.0,2533.7,2481.0,2487.5,3296837,FYERS_HISTORY,2026-08-05T19:55:39+05:30
2025-10-24,SMD-0044,BSE,NSE:BSE-EQ,2492.9,2506.7,2466.2,2475.0,2121602,FYERS_HISTORY,2026-08-05T19:55:39+05:30
2025-10-27,SMD-0044,BSE,NSE:BSE-EQ,2482.8,2515.0,2462.0,2510.2,2544807,FYERS_HISTORY,2026-08-05T19:55:39+05:30
2025-10-28,SMD-0044,BSE,NSE:BSE-EQ,2511.0,2513.2,2405.0,2419.7,5690046,FYERS_HISTORY,2026-08-05T19:55:39+05:30
2025-10-29,SMD-0044,BSE,NSE:BSE-EQ,2424.9,2454.0,2410.0,2447.3,2308131,FYERS_HISTORY,2026-08-05T19:55:39+05:30
2025-10-30,SMD-0044,BSE,NSE:BSE-EQ,2459.0,2471.2,2437.2,2442.8,1965445,FYERS_HISTORY,2026-08-05T19:55:39+05:30
2025-10-31,SMD-0044,BSE,NSE:BSE-EQ,2444.0,2493.9,2326.1,2479.0,7814555,FYERS_HISTORY,2026-08-05T19:55:39+05:30
2025-11-03,SMD-0044,BSE,NSE:BSE-EQ,2489.0,2577.0,2485.5,2548.3,8123038,FYERS_HISTORY,2026-08-05T19:55:39+05:30
2025-11-04,SMD-0044,BSE,NSE:BSE-EQ,2555.0,2555.0,2489.0,2496.6,3164089,FYERS_HISTORY,2026-08-05T19:55:39+05:30
2025-11-06,SMD-0044,BSE,NSE:BSE-EQ,2495.0,2495.7,2429.9,2455.5,2859627,FYERS_HISTORY,2026-08-05T19:55:39+05:30
2025-11-07,SMD-0044,BSE,NSE:BSE-EQ,2450.0,2718.7,2443.2,2678.3,20297200,FYERS_HISTORY,2026-08-05T19:55:39+05:30
2025-11-10,SMD-0044,BSE,NSE:BSE-EQ,2690.0,2705.0,2617.4,2625.3,6140807,FYERS_HISTORY,2026-08-05T19:55:39+05:30
2025-11-11,SMD-0044,BSE,NSE:BSE-EQ,2638.4,2664.8,2602.5,2644.2,4346693,FYERS_HISTORY,2026-08-05T19:55:39+05:30
2025-11-12,SMD-0044,BSE,NSE:BSE-EQ,2770.0,2818.0,2732.1,2775.4,15966772,FYERS_HISTORY,2026-08-05T19:55:39+05:30
2025-11-13,SMD-0044,BSE,NSE:BSE-EQ,2788.4,2833.0,2748.0,2760.2,5273807,FYERS_HISTORY,2026-08-05T19:55:39+05:30
2025-11-14,SMD-0044,BSE,NSE:BSE-EQ,2741.0,2834.0,2740.3,2827.6,5787981,FYERS_HISTORY,2026-08-05T19:55:39+05:30
2025-11-17,SMD-0044,BSE,NSE:BSE-EQ,2836.5,2836.5,2795.5,2811.9,3818270,FYERS_HISTORY,2026-08-05T19:55:39+05:30
2025-11-18,SMD-0044,BSE,NSE:BSE-EQ,2811.6,2872.5,2787.9,2834.1,5402562,FYERS_HISTORY,2026-08-05T19:55:39+05:30
2025-11-19,SMD-0044,BSE,NSE:BSE-EQ,2832.0,2914.6,2825.0,2898.3,6111316,FYERS_HISTORY,2026-08-05T19:55:39+05:30
2025-11-20,SMD-0044,BSE,NSE:BSE-EQ,2923.9,2960.0,2887.5,2895.5,6301559,FYERS_HISTORY,2026-08-05T19:55:39+05:30
2025-11-21,SMD-0044,BSE,NSE:BSE-EQ,2894.0,2915.0,2850.0,2858.3,3734399,FYERS_HISTORY,2026-08-05T19:55:39+05:30
2025-11-24,SMD-0044,BSE,NSE:BSE-EQ,2865.0,2879.0,2798.0,2802.2,3100243,FYERS_HISTORY,2026-08-05T19:55:39+05:30
2025-11-25,SMD-0044,BSE,NSE:BSE-EQ,2802.0,2854.8,2795.0,2840.6,2951872,FYERS_HISTORY,2026-08-05T19:55:39+05:30
2025-11-26,SMD-0044,BSE,NSE:BSE-EQ,2840.6,2906.8,2828.8,2886.7,3135392,FYERS_HISTORY,2026-08-05T19:55:39+05:30
2025-11-27,SMD-0044,BSE,NSE:BSE-EQ,2896.0,2936.7,2878.0,2929.1,3823914,FYERS_HISTORY,2026-08-05T19:55:39+05:30
2025-11-28,SMD-0044,BSE,NSE:BSE-EQ,2940.0,2942.3,2896.1,2902.4,2525089,FYERS_HISTORY,2026-08-05T19:55:39+05:30
2025-12-01,SMD-0044,BSE,NSE:BSE-EQ,2919.0,2951.0,2875.5,2886.6,3185450,FYERS_HISTORY,2026-08-05T19:55:39+05:30
2025-12-02,SMD-0044,BSE,NSE:BSE-EQ,2885.0,2892.0,2833.0,2843.2,2453858,FYERS_HISTORY,2026-08-05T19:55:39+05:30
2025-12-03,SMD-0044,BSE,NSE:BSE-EQ,2840.0,2849.0,2734.9,2751.1,3311445,FYERS_HISTORY,2026-08-05T19:55:39+05:30
2025-12-04,SMD-0044,BSE,NSE:BSE-EQ,2753.2,2798.0,2743.0,2765.0,2898317,FYERS_HISTORY,2026-08-05T19:55:39+05:30
2025-12-05,SMD-0044,BSE,NSE:BSE-EQ,2765.0,2822.9,2742.7,2815.9,3138758,FYERS_HISTORY,2026-08-05T19:55:39+05:30
2025-12-08,SMD-0044,BSE,NSE:BSE-EQ,2820.0,2915.0,2785.1,2798.8,5899411,FYERS_HISTORY,2026-08-05T19:55:39+05:30
2025-12-09,SMD-0044,BSE,NSE:BSE-EQ,2795.0,2795.0,2630.0,2715.8,7832840,FYERS_HISTORY,2026-08-05T19:55:39+05:30
2025-12-10,SMD-0044,BSE,NSE:BSE-EQ,2715.8,2718.5,2575.0,2581.7,4918417,FYERS_HISTORY,2026-08-05T19:55:39+05:30
2025-12-11,SMD-0044,BSE,NSE:BSE-EQ,2595.0,2706.7,2585.0,2698.8,5536101,FYERS_HISTORY,2026-08-05T19:55:39+05:30
2025-12-12,SMD-0044,BSE,NSE:BSE-EQ,2715.4,2743.7,2680.0,2735.0,3813800,FYERS_HISTORY,2026-08-05T19:55:39+05:30
2025-12-15,SMD-0044,BSE,NSE:BSE-EQ,2715.0,2733.0,2630.4,2648.9,3952118,FYERS_HISTORY,2026-08-05T19:55:39+05:30
2025-12-16,SMD-0044,BSE,NSE:BSE-EQ,2648.9,2648.9,2571.0,2605.9,5246754,FYERS_HISTORY,2026-08-05T19:55:39+05:30
2025-12-17,SMD-0044,BSE,NSE:BSE-EQ,2615.0,2673.0,2611.0,2630.5,4201851,FYERS_HISTORY,2026-08-05T19:55:39+05:30
2025-12-18,SMD-0044,BSE,NSE:BSE-EQ,2638.0,2702.0,2630.0,2682.9,4500860,FYERS_HISTORY,2026-08-05T19:55:39+05:30
2025-12-19,SMD-0044,BSE,NSE:BSE-EQ,2699.0,2737.0,2680.0,2684.8,3867770,FYERS_HISTORY,2026-08-05T19:55:39+05:30
2025-12-22,SMD-0044,BSE,NSE:BSE-EQ,2698.2,2784.2,2674.2,2775.5,4928746,FYERS_HISTORY,2026-08-05T19:55:39+05:30
2025-12-23,SMD-0044,BSE,NSE:BSE-EQ,2778.7,2800.0,2715.0,2737.5,3825412,FYERS_HISTORY,2026-08-05T19:55:39+05:30
2025-12-24,SMD-0044,BSE,NSE:BSE-EQ,2739.1,2749.0,2665.2,2670.9,3419371,FYERS_HISTORY,2026-08-05T19:55:39+05:30
2025-12-26,SMD-0044,BSE,NSE:BSE-EQ,2671.4,2689.3,2636.0,2649.0,2791648,FYERS_HISTORY,2026-08-05T19:55:39+05:30
2025-12-29,SMD-0044,BSE,NSE:BSE-EQ,2650.0,2668.6,2621.0,2628.3,2577976,FYERS_HISTORY,2026-08-05T19:55:39+05:30
2025-12-30,SMD-0044,BSE,NSE:BSE-EQ,2628.3,2629.7,2570.2,2581.0,3829439,FYERS_HISTORY,2026-08-05T19:55:39+05:30
2025-12-31,SMD-0044,BSE,NSE:BSE-EQ,2595.0,2651.9,2595.0,2632.2,2415713,FYERS_HISTORY,2026-08-05T19:55:39+05:30
2026-01-01,SMD-0044,BSE,NSE:BSE-EQ,2640.9,2650.5,2603.0,2628.0,1665389,FYERS_HISTORY,2026-08-05T19:55:39+05:30
2026-01-02,SMD-0044,BSE,NSE:BSE-EQ,2639.0,2672.0,2621.0,2666.5,2215206,FYERS_HISTORY,2026-08-05T19:55:39+05:30
2026-01-05,SMD-0044,BSE,NSE:BSE-EQ,2660.0,2702.4,2614.6,2673.9,3555815,FYERS_HISTORY,2026-08-05T19:55:39+05:30
2026-01-06,SMD-0044,BSE,NSE:BSE-EQ,2675.0,2723.9,2670.0,2706.3,3112131,FYERS_HISTORY,2026-08-05T19:55:39+05:30
2026-01-07,SMD-0044,BSE,NSE:BSE-EQ,2702.4,2757.9,2685.0,2744.9,2801518,FYERS_HISTORY,2026-08-05T19:55:39+05:30
2026-01-08,SMD-0044,BSE,NSE:BSE-EQ,2744.9,2787.0,2686.4,2694.0,3713035,FYERS_HISTORY,2026-08-05T19:55:39+05:30
2026-01-09,SMD-0044,BSE,NSE:BSE-EQ,2680.0,2735.0,2643.0,2669.5,3708787,FYERS_HISTORY,2026-08-05T19:55:39+05:30
2026-01-12,SMD-0044,BSE,NSE:BSE-EQ,2700.0,2800.0,2685.0,2790.6,7690160,FYERS_HISTORY,2026-08-05T19:55:39+05:30
2026-01-13,SMD-0044,BSE,NSE:BSE-EQ,2820.0,2873.7,2804.0,2832.0,6665428,FYERS_HISTORY,2026-08-05T19:55:39+05:30
2026-01-14,SMD-0044,BSE,NSE:BSE-EQ,2830.8,2865.0,2797.0,2836.8,3844640,FYERS_HISTORY,2026-08-05T19:55:39+05:30
2026-01-16,SMD-0044,BSE,NSE:BSE-EQ,2851.0,2900.0,2793.0,2808.7,4746376,FYERS_HISTORY,2026-08-05T19:55:39+05:30
2026-01-19,SMD-0044,BSE,NSE:BSE-EQ,2800.0,2800.0,2716.5,2726.7,3193820,FYERS_HISTORY,2026-08-05T19:55:39+05:30
2026-01-20,SMD-0044,BSE,NSE:BSE-EQ,2732.0,2732.0,2640.0,2653.4,3480325,FYERS_HISTORY,2026-08-05T19:55:39+05:30
2026-01-21,SMD-0044,BSE,NSE:BSE-EQ,2638.7,2679.0,2597.0,2628.8,3743082,FYERS_HISTORY,2026-08-05T19:55:39+05:30
2026-01-22,SMD-0044,BSE,NSE:BSE-EQ,2678.7,2726.1,2661.1,2708.6,3689628,FYERS_HISTORY,2026-08-05T19:55:39+05:30
2026-01-23,SMD-0044,BSE,NSE:BSE-EQ,2722.0,2742.0,2677.9,2685.4,2160443,FYERS_HISTORY,2026-08-05T19:55:39+05:30
2026-01-27,SMD-0044,BSE,NSE:BSE-EQ,2699.4,2774.6,2653.0,2761.2,4092141,FYERS_HISTORY,2026-08-05T19:55:39+05:30
2026-01-28,SMD-0044,BSE,NSE:BSE-EQ,2768.9,2830.0,2768.2,2821.5,3409615,FYERS_HISTORY,2026-08-05T19:55:39+05:30
2026-01-29,SMD-0044,BSE,NSE:BSE-EQ,2828.8,2875.0,2805.0,2861.6,3982291,FYERS_HISTORY,2026-08-05T19:55:39+05:30
2026-01-30,SMD-0044,BSE,NSE:BSE-EQ,2859.0,2887.0,2762.3,2797.0,3805677,FYERS_HISTORY,2026-08-05T19:55:39+05:30
2026-02-01,SMD-0044,BSE,NSE:BSE-EQ,2800.0,2800.0,2377.4,2578.1,16492708,FYERS_HISTORY,2026-08-05T19:55:39+05:30
2026-02-02,SMD-0044,BSE,NSE:BSE-EQ,2565.3,2711.0,2530.0,2701.6,7053162,FYERS_HISTORY,2026-08-05T19:55:39+05:30
2026-02-03,SMD-0044,BSE,NSE:BSE-EQ,2850.0,2929.2,2793.8,2860.8,6611608,FYERS_HISTORY,2026-08-05T19:55:39+05:30
2026-02-04,SMD-0044,BSE,NSE:BSE-EQ,2866.9,2909.9,2800.0,2896.3,5770268,FYERS_HISTORY,2026-08-05T19:55:39+05:30
2026-02-05,SMD-0044,BSE,NSE:BSE-EQ,2905.0,2914.9,2842.6,2892.2,2976213,FYERS_HISTORY,2026-08-05T19:55:39+05:30
2026-02-06,SMD-0044,BSE,NSE:BSE-EQ,2870.0,2911.5,2835.0,2897.0,3598727,FYERS_HISTORY,2026-08-05T19:55:39+05:30
2026-02-09,SMD-0044,BSE,NSE:BSE-EQ,2918.0,2997.7,2916.0,2985.1,5461587,FYERS_HISTORY,2026-08-05T19:55:39+05:30
2026-02-10,SMD-0044,BSE,NSE:BSE-EQ,3110.0,3188.4,3070.0,3174.2,17810099,FYERS_HISTORY,2026-08-05T19:55:39+05:30
2026-02-11,SMD-0044,BSE,NSE:BSE-EQ,3191.6,3227.0,3135.4,3177.1,6100540,FYERS_HISTORY,2026-08-05T19:55:39+05:30
2026-02-12,SMD-0044,BSE,NSE:BSE-EQ,3169.0,3179.0,3130.5,3143.2,2525871,FYERS_HISTORY,2026-08-05T19:55:39+05:30
2026-02-13,SMD-0044,BSE,NSE:BSE-EQ,3100.0,3127.0,3017.9,3025.3,3885000,FYERS_HISTORY,2026-08-05T19:55:39+05:30
2026-02-16,SMD-0044,BSE,NSE:BSE-EQ,2810.0,2835.9,2726.3,2804.6,12404624,FYERS_HISTORY,2026-08-05T19:55:39+05:30
2026-02-17,SMD-0044,BSE,NSE:BSE-EQ,2809.9,2812.0,2725.1,2742.3,6802538,FYERS_HISTORY,2026-08-05T19:55:39+05:30
2026-02-18,SMD-0044,BSE,NSE:BSE-EQ,2765.0,2828.8,2761.0,2824.0,5187180,FYERS_HISTORY,2026-08-05T19:55:39+05:30
2026-02-19,SMD-0044,BSE,NSE:BSE-EQ,2838.1,2838.8,2725.0,2741.4,4170153,FYERS_HISTORY,2026-08-05T19:55:39+05:30
2026-02-20,SMD-0044,BSE,NSE:BSE-EQ,2741.0,2781.8,2713.3,2739.5,3450720,FYERS_HISTORY,2026-08-05T19:55:39+05:30
2026-02-23,SMD-0044,BSE,NSE:BSE-EQ,2775.0,2792.7,2712.9,2725.3,3269483,FYERS_HISTORY,2026-08-05T19:55:39+05:30
2026-02-24,SMD-0044,BSE,NSE:BSE-EQ,2725.0,2765.0,2702.0,2751.1,3371818,FYERS_HISTORY,2026-08-05T19:55:39+05:30
2026-02-25,SMD-0044,BSE,NSE:BSE-EQ,2760.0,2789.2,2740.2,2772.7,2863159,FYERS_HISTORY,2026-08-05T19:55:39+05:30
2026-02-26,SMD-0044,BSE,NSE:BSE-EQ,2784.0,2832.0,2752.0,2800.9,4270945,FYERS_HISTORY,2026-08-05T19:55:39+05:30
2026-02-27,SMD-0044,BSE,NSE:BSE-EQ,2772.0,2781.0,2699.2,2707.1,4830334,FYERS_HISTORY,2026-08-05T19:55:39+05:30
2026-03-02,SMD-0044,BSE,NSE:BSE-EQ,2585.3,2707.0,2585.0,2643.6,4345346,FYERS_HISTORY,2026-08-05T19:55:39+05:30
2026-03-04,SMD-0044,BSE,NSE:BSE-EQ,2600.0,2641.7,2537.0,2626.9,4779189,FYERS_HISTORY,2026-08-05T19:55:39+05:30
2026-03-05,SMD-0044,BSE,NSE:BSE-EQ,2710.0,2782.0,2656.3,2761.4,7464269,FYERS_HISTORY,2026-08-05T19:55:39+05:30
2026-03-06,SMD-0044,BSE,NSE:BSE-EQ,2750.0,2789.0,2736.4,2751.6,3007569,FYERS_HISTORY,2026-08-05T19:55:39+05:30
2026-03-09,SMD-0044,BSE,NSE:BSE-EQ,2680.0,2778.0,2643.3,2768.9,4205385,FYERS_HISTORY,2026-08-05T19:55:39+05:30
2026-03-10,SMD-0044,BSE,NSE:BSE-EQ,2820.0,2883.4,2805.3,2860.6,5240537,FYERS_HISTORY,2026-08-05T19:55:39+05:30
2026-03-11,SMD-0044,BSE,NSE:BSE-EQ,2871.4,2897.3,2825.0,2837.4,2802847,FYERS_HISTORY,2026-08-05T19:55:39+05:30
2026-03-12,SMD-0044,BSE,NSE:BSE-EQ,2800.0,2877.9,2781.2,2850.6,2988021,FYERS_HISTORY,2026-08-05T19:55:39+05:30
2026-03-13,SMD-0044,BSE,NSE:BSE-EQ,2852.0,2878.5,2787.5,2797.0,3313604,FYERS_HISTORY,2026-08-05T19:55:39+05:30
2026-03-16,SMD-0044,BSE,NSE:BSE-EQ,2797.0,2888.0,2777.0,2862.6,4333977,FYERS_HISTORY,2026-08-05T19:55:39+05:30
2026-03-17,SMD-0044,BSE,NSE:BSE-EQ,2890.0,2980.0,2867.9,2973.6,5772951,FYERS_HISTORY,2026-08-05T19:55:39+05:30
2026-03-18,SMD-0044,BSE,NSE:BSE-EQ,2982.3,3009.0,2958.1,2995.6,4344998,FYERS_HISTORY,2026-08-05T19:55:39+05:30
2026-03-19,SMD-0044,BSE,NSE:BSE-EQ,2950.0,2995.0,2876.0,2895.0,3871447,FYERS_HISTORY,2026-08-05T19:55:39+05:30
2026-03-20,SMD-0044,BSE,NSE:BSE-EQ,2920.0,2939.0,2783.1,2806.1,5795250,FYERS_HISTORY,2026-08-05T19:55:39+05:30
2026-03-23,SMD-0044,BSE,NSE:BSE-EQ,2770.0,2776.8,2688.0,2714.4,4616085,FYERS_HISTORY,2026-08-05T19:55:39+05:30
2026-03-24,SMD-0044,BSE,NSE:BSE-EQ,2800.0,2812.9,2728.2,2805.9,4092016,FYERS_HISTORY,2026-08-05T19:55:39+05:30
2026-03-25,SMD-0044,BSE,NSE:BSE-EQ,2840.0,2899.4,2814.4,2890.2,4742623,FYERS_HISTORY,2026-08-05T19:55:39+05:30
2026-03-27,SMD-0044,BSE,NSE:BSE-EQ,2856.0,2878.7,2770.2,2779.8,3938937,FYERS_HISTORY,2026-08-05T19:55:39+05:30
2026-03-30,SMD-0044,BSE,NSE:BSE-EQ,2740.0,2750.0,2676.6,2683.5,3840678,FYERS_HISTORY,2026-08-05T19:55:39+05:30
2026-04-01,SMD-0044,BSE,NSE:BSE-EQ,2810.5,2899.9,2797.3,2867.6,5166997,FYERS_HISTORY,2026-08-05T19:55:39+05:30
2026-04-02,SMD-0044,BSE,NSE:BSE-EQ,2808.0,2865.0,2763.0,2851.4,3493966,FYERS_HISTORY,2026-08-05T19:55:39+05:30
2026-04-06,SMD-0044,BSE,NSE:BSE-EQ,2851.4,3000.0,2818.2,2982.3,5962836,FYERS_HISTORY,2026-08-05T19:55:39+05:30
2026-04-07,SMD-0044,BSE,NSE:BSE-EQ,2959.0,2977.5,2917.9,2950.8,3628119,FYERS_HISTORY,2026-08-05T19:55:39+05:30
2026-04-08,SMD-0044,BSE,NSE:BSE-EQ,3075.0,3208.6,3031.8,3163.6,10418736,FYERS_HISTORY,2026-08-05T19:55:39+05:30
2026-04-09,SMD-0044,BSE,NSE:BSE-EQ,3150.0,3285.7,3137.6,3257.4,7362810,FYERS_HISTORY,2026-08-05T19:55:39+05:30
2026-04-10,SMD-0044,BSE,NSE:BSE-EQ,3310.0,3330.0,3234.0,3281.2,6867670,FYERS_HISTORY,2026-08-05T19:55:39+05:30
2026-04-13,SMD-0044,BSE,NSE:BSE-EQ,3201.0,3341.3,3200.6,3303.6,5886170,FYERS_HISTORY,2026-08-05T19:55:39+05:30
2026-04-15,SMD-0044,BSE,NSE:BSE-EQ,3370.0,3422.0,3350.5,3390.7,4418141,FYERS_HISTORY,2026-08-05T19:55:39+05:30
2026-04-16,SMD-0044,BSE,NSE:BSE-EQ,3430.3,3459.9,3403.2,3446.7,4790050,FYERS_HISTORY,2026-08-05T19:55:39+05:30
2026-04-17,SMD-0044,BSE,NSE:BSE-EQ,3455.0,3550.0,3425.0,3531.5,6083283,FYERS_HISTORY,2026-08-05T19:55:39+05:30
2026-04-20,SMD-0044,BSE,NSE:BSE-EQ,3540.0,3570.0,3465.0,3470.7,3517096,FYERS_HISTORY,2026-08-05T19:55:39+05:30
2026-04-21,SMD-0044,BSE,NSE:BSE-EQ,3470.7,3527.9,3470.0,3515.8,2670233,FYERS_HISTORY,2026-08-05T19:55:39+05:30
2026-04-22,SMD-0044,BSE,NSE:BSE-EQ,3513.0,3529.9,3492.6,3499.2,1771183,FYERS_HISTORY,2026-08-05T19:55:39+05:30
2026-04-23,SMD-0044,BSE,NSE:BSE-EQ,3508.0,3508.0,3452.2,3463.0,2373666,FYERS_HISTORY,2026-08-05T19:55:39+05:30
2026-04-24,SMD-0044,BSE,NSE:BSE-EQ,3475.9,3482.0,3412.2,3446.0,2270468,FYERS_HISTORY,2026-08-05T19:55:39+05:30
2026-04-27,SMD-0044,BSE,NSE:BSE-EQ,3465.0,3546.9,3451.0,3534.6,2386493,FYERS_HISTORY,2026-08-05T19:55:39+05:30
2026-04-28,SMD-0044,BSE,NSE:BSE-EQ,3552.0,3639.6,3543.6,3626.1,3792795,FYERS_HISTORY,2026-08-05T19:55:39+05:30
2026-04-29,SMD-0044,BSE,NSE:BSE-EQ,3649.0,3675.5,3620.3,3635.7,2658476,FYERS_HISTORY,2026-08-05T19:55:39+05:30
2026-04-30,SMD-0044,BSE,NSE:BSE-EQ,3602.7,3663.0,3568.0,3640.5,2381291,FYERS_HISTORY,2026-08-05T19:55:39+05:30
2026-05-04,SMD-0044,BSE,NSE:BSE-EQ,3681.0,3755.0,3673.0,3711.3,3764178,FYERS_HISTORY,2026-08-05T19:55:39+05:30
2026-05-05,SMD-0044,BSE,NSE:BSE-EQ,3712.0,3790.0,3691.0,3726.2,3120952,FYERS_HISTORY,2026-08-05T19:55:39+05:30
2026-05-06,SMD-0044,BSE,NSE:BSE-EQ,3780.0,3872.0,3755.0,3852.1,3772261,FYERS_HISTORY,2026-08-05T19:55:39+05:30
2026-05-07,SMD-0044,BSE,NSE:BSE-EQ,3887.0,3985.0,3864.9,3963.6,4714160,FYERS_HISTORY,2026-08-05T19:55:39+05:30
2026-05-08,SMD-0044,BSE,NSE:BSE-EQ,3963.6,3994.0,3832.3,3907.4,9146079,FYERS_HISTORY,2026-08-05T19:55:39+05:30
2026-05-11,SMD-0044,BSE,NSE:BSE-EQ,3891.0,3945.0,3845.2,3918.0,4662297,FYERS_HISTORY,2026-08-05T19:55:39+05:30
2026-05-12,SMD-0044,BSE,NSE:BSE-EQ,3918.0,3958.9,3840.3,3851.9,4056561,FYERS_HISTORY,2026-08-05T19:55:39+05:30
2026-05-13,SMD-0044,BSE,NSE:BSE-EQ,3852.5,3918.0,3847.2,3888.8,3250454,FYERS_HISTORY,2026-08-05T19:55:39+05:30
2026-05-14,SMD-0044,BSE,NSE:BSE-EQ,3922.3,4065.0,3917.2,4037.6,6138554,FYERS_HISTORY,2026-08-05T19:55:39+05:30
2026-05-15,SMD-0044,BSE,NSE:BSE-EQ,4065.1,4084.0,3971.1,4000.6,4256007,FYERS_HISTORY,2026-08-05T19:55:39+05:30
2026-05-18,SMD-0044,BSE,NSE:BSE-EQ,3940.0,4134.0,3940.0,4120.7,5053942,FYERS_HISTORY,2026-08-05T19:55:39+05:30
2026-05-19,SMD-0044,BSE,NSE:BSE-EQ,4155.4,4298.9,4119.0,4190.8,7088657,FYERS_HISTORY,2026-08-05T19:55:39+05:30
2026-05-20,SMD-0044,BSE,NSE:BSE-EQ,4170.0,4232.0,4150.0,4218.6,4697677,FYERS_HISTORY,2026-08-05T19:55:39+05:30
2026-05-21,SMD-0044,BSE,NSE:BSE-EQ,4270.0,4293.8,4153.2,4186.9,3507063,FYERS_HISTORY,2026-08-05T19:55:39+05:30
2026-05-22,SMD-0044,BSE,NSE:BSE-EQ,4200.0,4232.0,4151.5,4193.8,2489857,FYERS_HISTORY,2026-08-05T19:55:39+05:30
2026-05-25,SMD-0044,BSE,NSE:BSE-EQ,4250.0,4303.0,4215.0,4291.2,2791628,FYERS_HISTORY,2026-08-05T19:55:39+05:30
2026-05-26,SMD-0044,BSE,NSE:BSE-EQ,4300.0,4425.0,4295.1,4403.3,3782550,FYERS_HISTORY,2026-08-05T19:55:39+05:30
2026-05-27,SMD-0044,BSE,NSE:BSE-EQ,4437.0,4446.8,4236.1,4248.4,4332377,FYERS_HISTORY,2026-08-05T19:55:39+05:30
2026-05-29,SMD-0044,BSE,NSE:BSE-EQ,4250.0,4256.0,4127.9,4146.1,4544243,FYERS_HISTORY,2026-08-05T19:55:39+05:30
2026-06-01,SMD-0044,BSE,NSE:BSE-EQ,4180.0,4198.0,4031.9,4066.6,3556913,FYERS_HISTORY,2026-08-05T19:55:39+05:30
2026-06-02,SMD-0044,BSE,NSE:BSE-EQ,4020.0,4045.0,3875.6,3931.9,5568609,FYERS_HISTORY,2026-08-05T19:55:39+05:30
2026-06-03,SMD-0044,BSE,NSE:BSE-EQ,3935.5,4018.0,3855.0,3966.1,5058668,FYERS_HISTORY,2026-08-05T19:55:39+05:30
2026-06-04,SMD-0044,BSE,NSE:BSE-EQ,3949.0,4104.9,3926.4,4033.4,4245472,FYERS_HISTORY,2026-08-05T19:55:39+05:30
2026-06-05,SMD-0044,BSE,NSE:BSE-EQ,4053.0,4121.0,3822.9,3880.0,6658969,FYERS_HISTORY,2026-08-05T19:55:39+05:30
2026-06-08,SMD-0044,BSE,NSE:BSE-EQ,3812.5,3957.0,3784.8,3916.8,3952740,FYERS_HISTORY,2026-08-05T19:55:39+05:30
2026-06-09,SMD-0044,BSE,NSE:BSE-EQ,3955.8,4032.9,3950.8,3996.3,3318707,FYERS_HISTORY,2026-08-05T19:55:39+05:30
2026-06-10,SMD-0044,BSE,NSE:BSE-EQ,4012.0,4029.0,3913.1,3929.5,3009982,FYERS_HISTORY,2026-08-05T19:55:39+05:30
2026-06-11,SMD-0044,BSE,NSE:BSE-EQ,3909.9,3954.1,3865.0,3888.3,2199536,FYERS_HISTORY,2026-08-05T19:55:39+05:30
2026-06-12,SMD-0044,BSE,NSE:BSE-EQ,3950.0,4055.5,3906.9,4041.1,2887848,FYERS_HISTORY,2026-08-05T19:55:39+05:30
2026-06-15,SMD-0044,BSE,NSE:BSE-EQ,4149.9,4192.3,4048.0,4126.0,4653050,FYERS_HISTORY,2026-08-05T19:55:39+05:30
2026-06-16,SMD-0044,BSE,NSE:BSE-EQ,4148.5,4175.0,4086.9,4162.4,2676483,FYERS_HISTORY,2026-08-05T19:55:39+05:30
2026-06-17,SMD-0044,BSE,NSE:BSE-EQ,4180.0,4219.9,3961.0,3999.2,6984638,FYERS_HISTORY,2026-08-05T19:55:39+05:30
2026-06-18,SMD-0044,BSE,NSE:BSE-EQ,4000.0,4091.0,3962.6,4014.5,4641806,FYERS_HISTORY,2026-08-05T19:55:39+05:30
2026-06-19,SMD-0044,BSE,NSE:BSE-EQ,3991.0,4079.0,3975.6,4020.2,2001904,FYERS_HISTORY,2026-08-05T19:55:39+05:30
2026-06-22,SMD-0044,BSE,NSE:BSE-EQ,4035.0,4055.0,3982.1,4032.7,2487812,FYERS_HISTORY,2026-08-05T19:55:39+05:30
2026-06-23,SMD-0044,BSE,NSE:BSE-EQ,4051.2,4062.0,3915.0,3941.8,3652187,FYERS_HISTORY,2026-08-05T19:55:39+05:30
2026-06-24,SMD-0044,BSE,NSE:BSE-EQ,3939.8,3966.5,3876.0,3886.6,2837953,FYERS_HISTORY,2026-08-05T19:55:39+05:30
2026-06-25,SMD-0044,BSE,NSE:BSE-EQ,3905.0,3933.0,3857.0,3872.1,2834114,FYERS_HISTORY,2026-08-05T19:55:39+05:30
2026-06-29,SMD-0044,BSE,NSE:BSE-EQ,3878.0,3971.6,3850.0,3859.9,4082559,FYERS_HISTORY,2026-08-05T19:55:39+05:30
2026-06-30,SMD-0044,BSE,NSE:BSE-EQ,3900.0,3924.1,3855.0,3865.6,2520360,FYERS_HISTORY,2026-08-05T19:55:39+05:30
2026-07-01,SMD-0044,BSE,NSE:BSE-EQ,3870.0,3954.0,3870.0,3944.1,2285604,FYERS_HISTORY,2026-08-05T19:55:39+05:30
2026-07-02,SMD-0044,BSE,NSE:BSE-EQ,3963.7,3970.2,3820.0,3834.7,3425707,FYERS_HISTORY,2026-08-05T19:55:39+05:30
2026-07-03,SMD-0044,BSE,NSE:BSE-EQ,3870.0,3874.0,3775.0,3816.6,3050309,FYERS_HISTORY,2026-08-05T19:55:39+05:30
2026-07-06,SMD-0044,BSE,NSE:BSE-EQ,3829.0,3829.0,3723.3,3802.7,3746496,FYERS_HISTORY,2026-08-05T19:55:39+05:30
2026-07-07,SMD-0044,BSE,NSE:BSE-EQ,3820.0,3820.6,3630.6,3683.4,5680882,FYERS_HISTORY,2026-08-05T19:55:39+05:30
2026-07-08,SMD-0044,BSE,NSE:BSE-EQ,3640.0,3768.8,3637.9,3739.1,4065697,FYERS_HISTORY,2026-08-05T19:55:39+05:30
2026-07-09,SMD-0044,BSE,NSE:BSE-EQ,3762.0,3852.0,3760.6,3805.7,2319842,FYERS_HISTORY,2026-08-05T19:55:39+05:30
2026-07-10,SMD-0044,BSE,NSE:BSE-EQ,3815.0,3849.0,3760.1,3811.6,2355651,FYERS_HISTORY,2026-08-05T19:55:39+05:30
2026-07-13,SMD-0044,BSE,NSE:BSE-EQ,3778.0,3834.4,3765.0,3804.2,2327631,FYERS_HISTORY,2026-08-05T19:55:39+05:30
2026-07-14,SMD-0044,BSE,NSE:BSE-EQ,3802.0,3867.5,3765.0,3792.7,2788229,FYERS_HISTORY,2026-08-05T19:55:39+05:30
2026-07-15,SMD-0044,BSE,NSE:BSE-EQ,3800.0,3830.4,3737.3,3754.4,2339145,FYERS_HISTORY,2026-08-05T19:55:39+05:30
2026-07-16,SMD-0044,BSE,NSE:BSE-EQ,3769.9,3775.0,3680.0,3685.0,2171296,FYERS_HISTORY,2026-08-05T19:55:39+05:30
2026-07-17,SMD-0044,BSE,NSE:BSE-EQ,3685.0,3688.0,3571.5,3581.8,3660561,FYERS_HISTORY,2026-08-05T19:55:39+05:30
2026-07-20,SMD-0044,BSE,NSE:BSE-EQ,3575.0,3665.0,3550.0,3647.9,2332733,FYERS_HISTORY,2026-08-05T19:55:39+05:30
2026-07-21,SMD-0044,BSE,NSE:BSE-EQ,3651.0,3705.3,3646.2,3664.0,1926607,FYERS_HISTORY,2026-08-05T19:55:39+05:30
2026-07-22,SMD-0044,BSE,NSE:BSE-EQ,3664.0,3683.1,3612.0,3632.2,1588231,FYERS_HISTORY,2026-08-05T19:55:39+05:30
2026-07-23,SMD-0044,BSE,NSE:BSE-EQ,3613.5,3648.0,3572.0,3579.0,1699600,FYERS_HISTORY,2026-08-05T19:55:39+05:30
2026-07-24,SMD-0044,BSE,NSE:BSE-EQ,3563.0,3571.6,3526.0,3549.7,1386676,FYERS_HISTORY,2026-08-05T19:55:39+05:30
2026-07-27,SMD-0044,BSE,NSE:BSE-EQ,3575.0,3586.6,3491.8,3536.8,2557303,FYERS_HISTORY,2026-08-05T19:55:39+05:30
2026-07-28,SMD-0044,BSE,NSE:BSE-EQ,3536.8,3561.8,3451.1,3457.8,2432122,FYERS_HISTORY,2026-08-05T19:55:39+05:30
2026-07-29,SMD-0044,BSE,NSE:BSE-EQ,3475.0,3555.0,3467.9,3541.4,2058479,FYERS_HISTORY,2026-08-05T19:55:39+05:30
2026-07-30,SMD-0044,BSE,NSE:BSE-EQ,3531.0,3545.1,3504.0,3530.3,1634439,FYERS_HISTORY,2026-08-05T19:55:39+05:30
2026-07-31,SMD-0044,BSE,NSE:BSE-EQ,3538.5,3652.5,3517.0,3646.2,2753390,FYERS_HISTORY,2026-08-05T19:55:39+05:30
2026-08-03,SMD-0044,BSE,NSE:BSE-EQ,3660.0,3671.4,3560.0,3575.0,3750195,FYERS_HISTORY,2026-08-05T19:55:39+05:30
2026-08-04,SMD-0044,BSE,NSE:BSE-EQ,3575.0,3637.8,3555.4,3618.0,2817947,FYERS_HISTORY,2026-08-05T19:55:39+05:30
2026-08-05,SMD-0044,BSE,NSE:BSE-EQ,3664.1,3664.1,3490.0,3534.6,6880162,FYERS_HISTORY,2026-08-05T19:55:39+05:30
2026-08-06,SMD-0044,BSE,NSE:BSE-EQ,3534.6,3536.8,3432.0,3435.0,3925729,FYERS_HISTORY,2026-08-08T23:06:04+05:30
2026-08-07,SMD-0044,BSE,NSE:BSE-EQ,3435.0,3529.0,3415.5,3457.1,3722055,FYERS_HISTORY,2026-08-08T23:06:04+05:30
