trade_date,security_id,symbol,fyers_symbol,open,high,low,close,volume,source,downloaded_at
2017-10-23,SMD-0106,IEX,NSE:IEX-EQ,50.0,55.33,50.0,54.31,1003740,FYERS_HISTORY,2026-08-08T23:19:25+05:30
2017-10-24,SMD-0106,IEX,NSE:IEX-EQ,53.83,54.5,53.18,53.45,64929,FYERS_HISTORY,2026-08-08T23:19:25+05:30
2017-10-25,SMD-0106,IEX,NSE:IEX-EQ,53.33,53.37,51.52,52.1,42225,FYERS_HISTORY,2026-08-08T23:19:25+05:30
2017-10-26,SMD-0106,IEX,NSE:IEX-EQ,51.75,53.0,51.04,52.09,26145,FYERS_HISTORY,2026-08-08T23:19:25+05:30
2017-10-27,SMD-0106,IEX,NSE:IEX-EQ,52.0,52.49,51.7,52.17,9345,FYERS_HISTORY,2026-08-08T23:19:25+05:30
2017-10-30,SMD-0106,IEX,NSE:IEX-EQ,52.17,52.71,51.95,52.24,14073,FYERS_HISTORY,2026-08-08T23:19:25+05:30
2017-10-31,SMD-0106,IEX,NSE:IEX-EQ,52.03,52.43,51.37,51.81,7077,FYERS_HISTORY,2026-08-08T23:19:25+05:30
2017-11-01,SMD-0106,IEX,NSE:IEX-EQ,51.68,52.33,51.29,51.98,27957,FYERS_HISTORY,2026-08-08T23:19:25+05:30
2017-11-02,SMD-0106,IEX,NSE:IEX-EQ,52.0,52.5,51.67,52.11,8664,FYERS_HISTORY,2026-08-08T23:19:25+05:30
2017-11-03,SMD-0106,IEX,NSE:IEX-EQ,51.77,54.0,51.77,53.08,28434,FYERS_HISTORY,2026-08-08T23:19:25+05:30
2017-11-06,SMD-0106,IEX,NSE:IEX-EQ,52.67,53.97,52.67,53.42,14412,FYERS_HISTORY,2026-08-08T23:19:25+05:30
2017-11-07,SMD-0106,IEX,NSE:IEX-EQ,53.67,53.95,53.0,53.57,15414,FYERS_HISTORY,2026-08-08T23:19:25+05:30
2017-11-08,SMD-0106,IEX,NSE:IEX-EQ,53.4,53.95,50.37,52.87,7431,FYERS_HISTORY,2026-08-08T23:19:25+05:30
2017-11-09,SMD-0106,IEX,NSE:IEX-EQ,52.87,53.73,51.93,53.34,7914,FYERS_HISTORY,2026-08-08T23:19:25+05:30
2017-11-10,SMD-0106,IEX,NSE:IEX-EQ,52.73,53.67,52.73,53.22,5112,FYERS_HISTORY,2026-08-08T23:19:25+05:30
2017-11-13,SMD-0106,IEX,NSE:IEX-EQ,52.95,53.37,52.3,52.43,3804,FYERS_HISTORY,2026-08-08T23:19:25+05:30
2017-11-14,SMD-0106,IEX,NSE:IEX-EQ,52.5,52.79,51.35,51.43,3276,FYERS_HISTORY,2026-08-08T23:19:25+05:30
2017-11-15,SMD-0106,IEX,NSE:IEX-EQ,51.83,51.83,50.3,50.38,3681,FYERS_HISTORY,2026-08-08T23:19:25+05:30
2017-11-16,SMD-0106,IEX,NSE:IEX-EQ,51.1,51.1,49.67,50.28,31545,FYERS_HISTORY,2026-08-08T23:19:25+05:30
2017-11-17,SMD-0106,IEX,NSE:IEX-EQ,50.5,50.83,50.17,50.46,3108,FYERS_HISTORY,2026-08-08T23:19:25+05:30
2017-11-20,SMD-0106,IEX,NSE:IEX-EQ,50.79,51.6,50.0,50.14,5157,FYERS_HISTORY,2026-08-08T23:19:25+05:30
2017-11-21,SMD-0106,IEX,NSE:IEX-EQ,50.17,50.73,50.17,50.52,2496,FYERS_HISTORY,2026-08-08T23:19:25+05:30
2017-11-22,SMD-0106,IEX,NSE:IEX-EQ,50.2,52.63,50.2,51.93,6459,FYERS_HISTORY,2026-08-08T23:19:25+05:30
2017-11-23,SMD-0106,IEX,NSE:IEX-EQ,52.22,52.43,51.24,51.89,11562,FYERS_HISTORY,2026-08-08T23:19:25+05:30
2017-11-24,SMD-0106,IEX,NSE:IEX-EQ,51.54,52.13,51.38,51.65,7161,FYERS_HISTORY,2026-08-08T23:19:25+05:30
2017-11-27,SMD-0106,IEX,NSE:IEX-EQ,51.34,52.33,51.25,51.77,2976,FYERS_HISTORY,2026-08-08T23:19:25+05:30
2017-11-28,SMD-0106,IEX,NSE:IEX-EQ,52.16,52.16,51.27,51.56,1848,FYERS_HISTORY,2026-08-08T23:19:25+05:30
2017-11-29,SMD-0106,IEX,NSE:IEX-EQ,51.57,51.77,50.39,50.9,2421,FYERS_HISTORY,2026-08-08T23:19:25+05:30
2017-11-30,SMD-0106,IEX,NSE:IEX-EQ,50.83,51.73,50.7,51.14,1986,FYERS_HISTORY,2026-08-08T23:19:25+05:30
2017-12-01,SMD-0106,IEX,NSE:IEX-EQ,51.17,51.83,50.83,51.01,3345,FYERS_HISTORY,2026-08-08T23:19:25+05:30
2017-12-04,SMD-0106,IEX,NSE:IEX-EQ,51.01,51.28,50.13,50.23,2739,FYERS_HISTORY,2026-08-08T23:19:25+05:30
2017-12-05,SMD-0106,IEX,NSE:IEX-EQ,50.17,50.88,49.8,50.19,1803,FYERS_HISTORY,2026-08-08T23:19:25+05:30
2017-12-06,SMD-0106,IEX,NSE:IEX-EQ,50.33,50.75,50.13,50.46,1566,FYERS_HISTORY,2026-08-08T23:19:25+05:30
2017-12-07,SMD-0106,IEX,NSE:IEX-EQ,50.11,51.5,50.11,50.93,1659,FYERS_HISTORY,2026-08-08T23:19:25+05:30
2017-12-08,SMD-0106,IEX,NSE:IEX-EQ,50.67,51.77,50.67,51.67,4488,FYERS_HISTORY,2026-08-08T23:19:25+05:30
2017-12-11,SMD-0106,IEX,NSE:IEX-EQ,51.2,52.12,51.0,51.86,8112,FYERS_HISTORY,2026-08-08T23:19:25+05:30
2017-12-12,SMD-0106,IEX,NSE:IEX-EQ,53.23,53.95,52.37,53.58,103437,FYERS_HISTORY,2026-08-08T23:19:25+05:30
2017-12-13,SMD-0106,IEX,NSE:IEX-EQ,54.5,55.0,53.17,53.45,15693,FYERS_HISTORY,2026-08-08T23:19:25+05:30
2017-12-14,SMD-0106,IEX,NSE:IEX-EQ,53.5,54.33,52.51,52.9,3873,FYERS_HISTORY,2026-08-08T23:19:25+05:30
2017-12-15,SMD-0106,IEX,NSE:IEX-EQ,53.3,53.77,51.87,52.51,3210,FYERS_HISTORY,2026-08-08T23:19:25+05:30
2017-12-18,SMD-0106,IEX,NSE:IEX-EQ,51.67,53.47,51.23,53.0,5364,FYERS_HISTORY,2026-08-08T23:19:25+05:30
2017-12-19,SMD-0106,IEX,NSE:IEX-EQ,53.03,53.07,52.37,52.68,2649,FYERS_HISTORY,2026-08-08T23:19:25+05:30
2017-12-20,SMD-0106,IEX,NSE:IEX-EQ,52.37,54.3,51.64,52.96,4875,FYERS_HISTORY,2026-08-08T23:19:25+05:30
2017-12-21,SMD-0106,IEX,NSE:IEX-EQ,53.33,53.97,52.73,52.93,5007,FYERS_HISTORY,2026-08-08T23:19:25+05:30
2017-12-22,SMD-0106,IEX,NSE:IEX-EQ,53.0,54.13,52.87,53.45,36651,FYERS_HISTORY,2026-08-08T23:19:25+05:30
2017-12-26,SMD-0106,IEX,NSE:IEX-EQ,53.2,54.16,52.87,53.38,5802,FYERS_HISTORY,2026-08-08T23:19:25+05:30
2017-12-27,SMD-0106,IEX,NSE:IEX-EQ,52.94,53.83,52.67,52.83,9351,FYERS_HISTORY,2026-08-08T23:19:26+05:30
2017-12-28,SMD-0106,IEX,NSE:IEX-EQ,52.67,54.67,52.67,54.0,51162,FYERS_HISTORY,2026-08-08T23:19:26+05:30
2017-12-29,SMD-0106,IEX,NSE:IEX-EQ,54.76,54.83,53.52,53.67,5889,FYERS_HISTORY,2026-08-08T23:19:26+05:30
2018-01-01,SMD-0106,IEX,NSE:IEX-EQ,53.33,53.93,53.33,53.61,2781,FYERS_HISTORY,2026-08-08T23:19:26+05:30
2018-01-02,SMD-0106,IEX,NSE:IEX-EQ,53.61,54.03,52.77,53.57,5232,FYERS_HISTORY,2026-08-08T23:19:26+05:30
2018-01-03,SMD-0106,IEX,NSE:IEX-EQ,53.57,54.0,52.87,53.28,3867,FYERS_HISTORY,2026-08-08T23:19:26+05:30
2018-01-04,SMD-0106,IEX,NSE:IEX-EQ,53.3,54.03,53.26,53.74,3513,FYERS_HISTORY,2026-08-08T23:19:26+05:30
2018-01-05,SMD-0106,IEX,NSE:IEX-EQ,54.03,54.03,52.67,53.48,3051,FYERS_HISTORY,2026-08-08T23:19:26+05:30
2018-01-08,SMD-0106,IEX,NSE:IEX-EQ,52.72,53.97,52.72,53.51,2373,FYERS_HISTORY,2026-08-08T23:19:26+05:30
2018-01-09,SMD-0106,IEX,NSE:IEX-EQ,53.67,54.68,53.17,53.9,6438,FYERS_HISTORY,2026-08-08T23:19:26+05:30
2018-01-10,SMD-0106,IEX,NSE:IEX-EQ,54.0,55.9,53.37,54.32,72132,FYERS_HISTORY,2026-08-08T23:19:26+05:30
2018-01-11,SMD-0106,IEX,NSE:IEX-EQ,55.0,55.0,53.33,53.52,6105,FYERS_HISTORY,2026-08-08T23:19:26+05:30
2018-01-12,SMD-0106,IEX,NSE:IEX-EQ,53.67,55.07,52.72,54.48,16083,FYERS_HISTORY,2026-08-08T23:19:26+05:30
2018-01-15,SMD-0106,IEX,NSE:IEX-EQ,54.0,55.67,53.67,53.81,17856,FYERS_HISTORY,2026-08-08T23:19:26+05:30
2018-01-16,SMD-0106,IEX,NSE:IEX-EQ,54.07,54.67,53.37,53.87,12897,FYERS_HISTORY,2026-08-08T23:19:26+05:30
2018-01-17,SMD-0106,IEX,NSE:IEX-EQ,53.7,54.0,53.33,53.53,2514,FYERS_HISTORY,2026-08-08T23:19:26+05:30
2018-01-18,SMD-0106,IEX,NSE:IEX-EQ,53.57,54.3,53.17,53.82,17061,FYERS_HISTORY,2026-08-08T23:19:26+05:30
2018-01-19,SMD-0106,IEX,NSE:IEX-EQ,53.67,54.17,53.6,54.03,8829,FYERS_HISTORY,2026-08-08T23:19:26+05:30
2018-01-22,SMD-0106,IEX,NSE:IEX-EQ,54.0,54.5,53.8,53.93,8937,FYERS_HISTORY,2026-08-08T23:19:26+05:30
2018-01-23,SMD-0106,IEX,NSE:IEX-EQ,54.0,54.33,52.5,53.38,7617,FYERS_HISTORY,2026-08-08T23:19:26+05:30
2018-01-24,SMD-0106,IEX,NSE:IEX-EQ,53.5,53.83,53.0,53.34,1932,FYERS_HISTORY,2026-08-08T23:19:26+05:30
2018-01-25,SMD-0106,IEX,NSE:IEX-EQ,52.83,53.72,52.83,53.49,2604,FYERS_HISTORY,2026-08-08T23:19:26+05:30
2018-01-29,SMD-0106,IEX,NSE:IEX-EQ,53.47,54.17,53.33,53.49,2376,FYERS_HISTORY,2026-08-08T23:19:26+05:30
2018-01-30,SMD-0106,IEX,NSE:IEX-EQ,53.44,53.53,53.0,53.21,4269,FYERS_HISTORY,2026-08-08T23:19:26+05:30
2018-01-31,SMD-0106,IEX,NSE:IEX-EQ,53.33,53.67,53.0,53.38,4047,FYERS_HISTORY,2026-08-08T23:19:26+05:30
2018-02-01,SMD-0106,IEX,NSE:IEX-EQ,53.0,54.0,53.0,53.56,2991,FYERS_HISTORY,2026-08-08T23:19:26+05:30
2018-02-02,SMD-0106,IEX,NSE:IEX-EQ,53.0,53.54,52.93,53.24,17085,FYERS_HISTORY,2026-08-08T23:19:26+05:30
2018-02-05,SMD-0106,IEX,NSE:IEX-EQ,52.0,52.92,51.7,52.65,7203,FYERS_HISTORY,2026-08-08T23:19:26+05:30
2018-02-06,SMD-0106,IEX,NSE:IEX-EQ,50.5,52.2,50.5,51.36,3270,FYERS_HISTORY,2026-08-08T23:19:26+05:30
2018-02-07,SMD-0106,IEX,NSE:IEX-EQ,51.5,52.16,51.04,51.22,2901,FYERS_HISTORY,2026-08-08T23:19:26+05:30
2018-02-08,SMD-0106,IEX,NSE:IEX-EQ,51.33,52.57,51.33,52.04,9438,FYERS_HISTORY,2026-08-08T23:19:26+05:30
2018-02-09,SMD-0106,IEX,NSE:IEX-EQ,51.52,52.08,51.29,51.57,2979,FYERS_HISTORY,2026-08-08T23:19:26+05:30
2018-02-12,SMD-0106,IEX,NSE:IEX-EQ,51.67,52.5,51.57,52.09,3093,FYERS_HISTORY,2026-08-08T23:19:26+05:30
2018-02-14,SMD-0106,IEX,NSE:IEX-EQ,52.21,52.21,51.67,51.85,3900,FYERS_HISTORY,2026-08-08T23:19:26+05:30
2018-02-15,SMD-0106,IEX,NSE:IEX-EQ,52.05,52.17,51.38,51.52,2937,FYERS_HISTORY,2026-08-08T23:19:26+05:30
2018-02-16,SMD-0106,IEX,NSE:IEX-EQ,52.16,52.16,51.0,51.19,1416,FYERS_HISTORY,2026-08-08T23:19:26+05:30
2018-02-19,SMD-0106,IEX,NSE:IEX-EQ,51.33,51.5,50.11,50.69,4611,FYERS_HISTORY,2026-08-08T23:19:26+05:30
2018-02-20,SMD-0106,IEX,NSE:IEX-EQ,51.38,51.38,50.34,50.51,5955,FYERS_HISTORY,2026-08-08T23:19:26+05:30
2018-02-21,SMD-0106,IEX,NSE:IEX-EQ,50.83,50.87,50.01,50.33,1923,FYERS_HISTORY,2026-08-08T23:19:26+05:30
2018-02-22,SMD-0106,IEX,NSE:IEX-EQ,50.0,50.33,49.57,49.66,2664,FYERS_HISTORY,2026-08-08T23:19:26+05:30
2018-02-23,SMD-0106,IEX,NSE:IEX-EQ,50.0,50.0,48.0,48.41,3555,FYERS_HISTORY,2026-08-08T23:19:26+05:30
2018-02-26,SMD-0106,IEX,NSE:IEX-EQ,48.67,49.5,48.47,48.64,2292,FYERS_HISTORY,2026-08-08T23:19:26+05:30
2018-02-27,SMD-0106,IEX,NSE:IEX-EQ,49.33,49.33,48.15,48.23,3048,FYERS_HISTORY,2026-08-08T23:19:26+05:30
2018-02-28,SMD-0106,IEX,NSE:IEX-EQ,49.0,49.0,48.03,48.64,2904,FYERS_HISTORY,2026-08-08T23:19:26+05:30
2018-03-01,SMD-0106,IEX,NSE:IEX-EQ,48.03,49.0,48.03,48.54,27033,FYERS_HISTORY,2026-08-08T23:19:26+05:30
2018-03-05,SMD-0106,IEX,NSE:IEX-EQ,48.67,48.89,48.23,48.41,1623,FYERS_HISTORY,2026-08-08T23:19:26+05:30
2018-03-06,SMD-0106,IEX,NSE:IEX-EQ,48.68,49.0,48.13,48.21,2433,FYERS_HISTORY,2026-08-08T23:19:26+05:30
2018-03-07,SMD-0106,IEX,NSE:IEX-EQ,48.17,48.45,46.73,46.94,2097,FYERS_HISTORY,2026-08-08T23:19:26+05:30
2018-03-08,SMD-0106,IEX,NSE:IEX-EQ,47.57,48.0,47.2,47.77,8892,FYERS_HISTORY,2026-08-08T23:19:26+05:30
2018-03-09,SMD-0106,IEX,NSE:IEX-EQ,48.33,48.33,47.5,48.01,1233,FYERS_HISTORY,2026-08-08T23:19:26+05:30
2018-03-12,SMD-0106,IEX,NSE:IEX-EQ,48.33,48.33,47.79,48.0,2292,FYERS_HISTORY,2026-08-08T23:19:26+05:30
2018-03-13,SMD-0106,IEX,NSE:IEX-EQ,47.7,49.38,47.7,48.95,7284,FYERS_HISTORY,2026-08-08T23:19:26+05:30
2018-03-14,SMD-0106,IEX,NSE:IEX-EQ,48.17,49.27,48.17,48.99,1053,FYERS_HISTORY,2026-08-08T23:19:26+05:30
2018-03-15,SMD-0106,IEX,NSE:IEX-EQ,49.61,49.8,48.58,49.27,4494,FYERS_HISTORY,2026-08-08T23:19:26+05:30
2018-03-16,SMD-0106,IEX,NSE:IEX-EQ,49.33,50.0,49.33,49.86,1974,FYERS_HISTORY,2026-08-08T23:19:26+05:30
2018-03-19,SMD-0106,IEX,NSE:IEX-EQ,50.17,50.34,48.04,48.81,2208,FYERS_HISTORY,2026-08-08T23:19:26+05:30
2018-03-20,SMD-0106,IEX,NSE:IEX-EQ,48.67,49.5,48.5,48.67,1539,FYERS_HISTORY,2026-08-08T23:19:26+05:30
2018-03-21,SMD-0106,IEX,NSE:IEX-EQ,48.49,49.46,48.49,48.82,1620,FYERS_HISTORY,2026-08-08T23:19:26+05:30
2018-03-22,SMD-0106,IEX,NSE:IEX-EQ,49.13,49.25,48.34,48.69,4506,FYERS_HISTORY,2026-08-08T23:19:26+05:30
2018-03-23,SMD-0106,IEX,NSE:IEX-EQ,48.33,48.8,48.17,48.5,2397,FYERS_HISTORY,2026-08-08T23:19:26+05:30
2018-03-26,SMD-0106,IEX,NSE:IEX-EQ,48.37,52.97,48.32,50.55,4743,FYERS_HISTORY,2026-08-08T23:19:26+05:30
2018-03-27,SMD-0106,IEX,NSE:IEX-EQ,51.23,52.0,50.0,51.46,3327,FYERS_HISTORY,2026-08-08T23:19:26+05:30
2018-03-28,SMD-0106,IEX,NSE:IEX-EQ,51.05,54.84,50.21,53.43,10590,FYERS_HISTORY,2026-08-08T23:19:26+05:30
2018-04-02,SMD-0106,IEX,NSE:IEX-EQ,52.6,53.5,52.5,52.96,5142,FYERS_HISTORY,2026-08-08T23:19:26+05:30
2018-04-03,SMD-0106,IEX,NSE:IEX-EQ,53.3,53.51,52.67,52.89,3756,FYERS_HISTORY,2026-08-08T23:19:26+05:30
2018-04-04,SMD-0106,IEX,NSE:IEX-EQ,52.52,53.4,51.17,51.35,2373,FYERS_HISTORY,2026-08-08T23:19:26+05:30
2018-04-05,SMD-0106,IEX,NSE:IEX-EQ,52.12,53.17,51.5,52.92,3195,FYERS_HISTORY,2026-08-08T23:19:26+05:30
2018-04-06,SMD-0106,IEX,NSE:IEX-EQ,52.9,53.59,52.0,53.4,4026,FYERS_HISTORY,2026-08-08T23:19:26+05:30
2018-04-09,SMD-0106,IEX,NSE:IEX-EQ,53.4,54.7,53.0,54.4,9846,FYERS_HISTORY,2026-08-08T23:19:26+05:30
2018-04-10,SMD-0106,IEX,NSE:IEX-EQ,54.5,55.0,53.87,54.18,5394,FYERS_HISTORY,2026-08-08T23:19:26+05:30
2018-04-11,SMD-0106,IEX,NSE:IEX-EQ,54.01,54.27,53.0,53.26,4566,FYERS_HISTORY,2026-08-08T23:19:26+05:30
2018-04-12,SMD-0106,IEX,NSE:IEX-EQ,53.33,53.67,52.73,53.38,3543,FYERS_HISTORY,2026-08-08T23:19:26+05:30
2018-04-13,SMD-0106,IEX,NSE:IEX-EQ,53.5,53.7,53.17,53.57,5061,FYERS_HISTORY,2026-08-08T23:19:26+05:30
2018-04-16,SMD-0106,IEX,NSE:IEX-EQ,53.5,54.5,53.0,54.31,2925,FYERS_HISTORY,2026-08-08T23:19:26+05:30
2018-04-17,SMD-0106,IEX,NSE:IEX-EQ,54.59,54.93,53.74,54.35,7830,FYERS_HISTORY,2026-08-08T23:19:26+05:30
2018-04-18,SMD-0106,IEX,NSE:IEX-EQ,54.5,54.84,54.27,54.67,3936,FYERS_HISTORY,2026-08-08T23:19:26+05:30
2018-04-19,SMD-0106,IEX,NSE:IEX-EQ,54.22,55.13,54.22,54.94,16170,FYERS_HISTORY,2026-08-08T23:19:26+05:30
2018-04-20,SMD-0106,IEX,NSE:IEX-EQ,54.89,55.14,54.33,54.61,2094,FYERS_HISTORY,2026-08-08T23:19:26+05:30
2018-04-23,SMD-0106,IEX,NSE:IEX-EQ,54.4,55.2,54.17,54.45,2718,FYERS_HISTORY,2026-08-08T23:19:26+05:30
2018-04-24,SMD-0106,IEX,NSE:IEX-EQ,54.67,55.58,54.53,54.98,8565,FYERS_HISTORY,2026-08-08T23:19:26+05:30
2018-04-25,SMD-0106,IEX,NSE:IEX-EQ,55.47,55.96,54.8,55.7,8853,FYERS_HISTORY,2026-08-08T23:19:26+05:30
2018-04-26,SMD-0106,IEX,NSE:IEX-EQ,55.53,55.9,55.08,55.41,4545,FYERS_HISTORY,2026-08-08T23:19:26+05:30
2018-04-27,SMD-0106,IEX,NSE:IEX-EQ,55.02,55.44,53.77,54.4,22593,FYERS_HISTORY,2026-08-08T23:19:26+05:30
2018-04-30,SMD-0106,IEX,NSE:IEX-EQ,54.0,54.98,53.5,53.79,1686,FYERS_HISTORY,2026-08-08T23:19:26+05:30
2018-05-02,SMD-0106,IEX,NSE:IEX-EQ,53.85,54.17,52.17,52.41,1860,FYERS_HISTORY,2026-08-08T23:19:26+05:30
2018-05-03,SMD-0106,IEX,NSE:IEX-EQ,52.49,53.27,52.17,52.56,1659,FYERS_HISTORY,2026-08-08T23:19:26+05:30
2018-05-04,SMD-0106,IEX,NSE:IEX-EQ,52.46,53.27,52.0,52.63,987,FYERS_HISTORY,2026-08-08T23:19:26+05:30
2018-05-07,SMD-0106,IEX,NSE:IEX-EQ,52.7,53.2,52.1,53.13,1419,FYERS_HISTORY,2026-08-08T23:19:26+05:30
2018-05-08,SMD-0106,IEX,NSE:IEX-EQ,53.33,54.17,53.33,53.89,1899,FYERS_HISTORY,2026-08-08T23:19:26+05:30
2018-05-09,SMD-0106,IEX,NSE:IEX-EQ,53.9,54.57,53.41,54.4,3564,FYERS_HISTORY,2026-08-08T23:19:26+05:30
2018-05-10,SMD-0106,IEX,NSE:IEX-EQ,53.4,54.83,53.4,54.74,3741,FYERS_HISTORY,2026-08-08T23:19:26+05:30
2018-05-11,SMD-0106,IEX,NSE:IEX-EQ,54.34,54.5,53.83,53.91,1563,FYERS_HISTORY,2026-08-08T23:19:26+05:30
2018-05-14,SMD-0106,IEX,NSE:IEX-EQ,53.84,54.34,53.22,53.86,1908,FYERS_HISTORY,2026-08-08T23:19:26+05:30
2018-05-15,SMD-0106,IEX,NSE:IEX-EQ,54.13,54.8,53.69,54.21,4335,FYERS_HISTORY,2026-08-08T23:19:26+05:30
2018-05-16,SMD-0106,IEX,NSE:IEX-EQ,54.0,54.83,54.0,54.4,4371,FYERS_HISTORY,2026-08-08T23:19:26+05:30
2018-05-17,SMD-0106,IEX,NSE:IEX-EQ,54.37,54.83,54.1,54.75,2115,FYERS_HISTORY,2026-08-08T23:19:26+05:30
2018-05-18,SMD-0106,IEX,NSE:IEX-EQ,54.69,55.0,53.33,54.1,5331,FYERS_HISTORY,2026-08-08T23:19:26+05:30
2018-05-21,SMD-0106,IEX,NSE:IEX-EQ,53.3,54.45,53.3,53.9,2517,FYERS_HISTORY,2026-08-08T23:19:26+05:30
2018-05-22,SMD-0106,IEX,NSE:IEX-EQ,53.78,54.65,53.44,54.55,4368,FYERS_HISTORY,2026-08-08T23:19:26+05:30
2018-05-23,SMD-0106,IEX,NSE:IEX-EQ,54.35,54.6,52.84,53.09,2508,FYERS_HISTORY,2026-08-08T23:19:26+05:30
2018-05-24,SMD-0106,IEX,NSE:IEX-EQ,53.36,53.5,52.67,53.23,1818,FYERS_HISTORY,2026-08-08T23:19:26+05:30
2018-05-25,SMD-0106,IEX,NSE:IEX-EQ,53.33,54.33,53.26,54.31,4131,FYERS_HISTORY,2026-08-08T23:19:26+05:30
2018-05-28,SMD-0106,IEX,NSE:IEX-EQ,54.67,54.67,53.52,54.33,6303,FYERS_HISTORY,2026-08-08T23:19:26+05:30
2018-05-29,SMD-0106,IEX,NSE:IEX-EQ,54.17,54.5,53.01,53.23,2709,FYERS_HISTORY,2026-08-08T23:19:26+05:30
2018-05-30,SMD-0106,IEX,NSE:IEX-EQ,53.23,53.65,52.85,53.02,4545,FYERS_HISTORY,2026-08-08T23:19:26+05:30
2018-05-31,SMD-0106,IEX,NSE:IEX-EQ,53.0,53.7,51.37,52.61,21756,FYERS_HISTORY,2026-08-08T23:19:26+05:30
2018-06-01,SMD-0106,IEX,NSE:IEX-EQ,52.08,53.59,52.03,52.45,13863,FYERS_HISTORY,2026-08-08T23:19:26+05:30
2018-06-04,SMD-0106,IEX,NSE:IEX-EQ,52.47,53.73,52.4,52.76,1569,FYERS_HISTORY,2026-08-08T23:19:26+05:30
2018-06-05,SMD-0106,IEX,NSE:IEX-EQ,53.33,53.33,51.63,51.66,2475,FYERS_HISTORY,2026-08-08T23:19:26+05:30
2018-06-06,SMD-0106,IEX,NSE:IEX-EQ,52.13,53.67,51.64,53.19,1959,FYERS_HISTORY,2026-08-08T23:19:26+05:30
2018-06-07,SMD-0106,IEX,NSE:IEX-EQ,53.21,53.8,53.0,53.12,912,FYERS_HISTORY,2026-08-08T23:19:26+05:30
2018-06-08,SMD-0106,IEX,NSE:IEX-EQ,53.19,54.1,53.07,53.52,34419,FYERS_HISTORY,2026-08-08T23:19:26+05:30
2018-06-11,SMD-0106,IEX,NSE:IEX-EQ,53.5,54.67,53.5,54.47,41358,FYERS_HISTORY,2026-08-08T23:19:26+05:30
2018-06-12,SMD-0106,IEX,NSE:IEX-EQ,54.33,54.83,53.87,54.02,65076,FYERS_HISTORY,2026-08-08T23:19:26+05:30
2018-06-13,SMD-0106,IEX,NSE:IEX-EQ,54.03,55.7,54.03,54.37,115134,FYERS_HISTORY,2026-08-08T23:19:26+05:30
2018-06-14,SMD-0106,IEX,NSE:IEX-EQ,54.07,54.75,53.73,54.31,1899,FYERS_HISTORY,2026-08-08T23:19:26+05:30
2018-06-15,SMD-0106,IEX,NSE:IEX-EQ,54.3,54.6,53.71,53.93,1548,FYERS_HISTORY,2026-08-08T23:19:26+05:30
2018-06-18,SMD-0106,IEX,NSE:IEX-EQ,53.67,54.24,52.84,53.27,2802,FYERS_HISTORY,2026-08-08T23:19:26+05:30
2018-06-19,SMD-0106,IEX,NSE:IEX-EQ,53.33,53.88,52.7,53.19,3279,FYERS_HISTORY,2026-08-08T23:19:26+05:30
2018-06-20,SMD-0106,IEX,NSE:IEX-EQ,53.0,53.8,53.0,53.37,1776,FYERS_HISTORY,2026-08-08T23:19:26+05:30
2018-06-21,SMD-0106,IEX,NSE:IEX-EQ,52.85,53.9,52.26,53.38,4689,FYERS_HISTORY,2026-08-08T23:19:26+05:30
2018-06-22,SMD-0106,IEX,NSE:IEX-EQ,53.33,53.53,53.2,53.36,2406,FYERS_HISTORY,2026-08-08T23:19:26+05:30
2018-06-25,SMD-0106,IEX,NSE:IEX-EQ,52.84,54.17,52.84,53.83,28227,FYERS_HISTORY,2026-08-08T23:19:26+05:30
2018-06-26,SMD-0106,IEX,NSE:IEX-EQ,53.81,54.17,53.34,53.76,1437,FYERS_HISTORY,2026-08-08T23:19:26+05:30
2018-06-27,SMD-0106,IEX,NSE:IEX-EQ,53.71,54.19,53.28,53.5,3348,FYERS_HISTORY,2026-08-08T23:19:26+05:30
2018-06-28,SMD-0106,IEX,NSE:IEX-EQ,53.55,53.75,52.74,52.9,62397,FYERS_HISTORY,2026-08-08T23:19:26+05:30
2018-06-29,SMD-0106,IEX,NSE:IEX-EQ,53.04,56.5,52.72,55.33,3999,FYERS_HISTORY,2026-08-08T23:19:26+05:30
2018-07-02,SMD-0106,IEX,NSE:IEX-EQ,56.67,56.67,54.83,55.51,4254,FYERS_HISTORY,2026-08-08T23:19:26+05:30
2018-07-03,SMD-0106,IEX,NSE:IEX-EQ,55.47,55.47,54.0,54.51,3288,FYERS_HISTORY,2026-08-08T23:19:26+05:30
2018-07-04,SMD-0106,IEX,NSE:IEX-EQ,54.43,54.63,53.83,54.15,822,FYERS_HISTORY,2026-08-08T23:19:26+05:30
2018-07-05,SMD-0106,IEX,NSE:IEX-EQ,54.07,54.79,53.76,54.14,636,FYERS_HISTORY,2026-08-08T23:19:26+05:30
2018-07-06,SMD-0106,IEX,NSE:IEX-EQ,54.11,54.83,54.08,54.36,813,FYERS_HISTORY,2026-08-08T23:19:26+05:30
2018-07-09,SMD-0106,IEX,NSE:IEX-EQ,53.7,54.47,53.7,54.32,630,FYERS_HISTORY,2026-08-08T23:19:26+05:30
2018-07-10,SMD-0106,IEX,NSE:IEX-EQ,54.83,55.27,54.17,54.74,2175,FYERS_HISTORY,2026-08-08T23:19:26+05:30
2018-07-11,SMD-0106,IEX,NSE:IEX-EQ,54.58,55.0,54.27,54.64,870,FYERS_HISTORY,2026-08-08T23:19:26+05:30
2018-07-12,SMD-0106,IEX,NSE:IEX-EQ,55.0,55.0,54.17,54.21,804,FYERS_HISTORY,2026-08-08T23:19:26+05:30
2018-07-13,SMD-0106,IEX,NSE:IEX-EQ,54.66,54.66,53.77,53.95,987,FYERS_HISTORY,2026-08-08T23:19:26+05:30
2018-07-16,SMD-0106,IEX,NSE:IEX-EQ,54.0,54.03,53.1,53.7,20403,FYERS_HISTORY,2026-08-08T23:19:26+05:30
2018-07-17,SMD-0106,IEX,NSE:IEX-EQ,53.66,54.07,53.17,53.4,3159,FYERS_HISTORY,2026-08-08T23:19:26+05:30
2018-07-18,SMD-0106,IEX,NSE:IEX-EQ,54.46,54.47,53.17,53.33,6279,FYERS_HISTORY,2026-08-08T23:19:26+05:30
2018-07-19,SMD-0106,IEX,NSE:IEX-EQ,53.01,53.58,52.7,52.96,1683,FYERS_HISTORY,2026-08-08T23:19:26+05:30
2018-07-20,SMD-0106,IEX,NSE:IEX-EQ,52.33,53.69,52.33,53.11,675,FYERS_HISTORY,2026-08-08T23:19:26+05:30
2018-07-23,SMD-0106,IEX,NSE:IEX-EQ,53.11,53.65,52.46,52.7,2211,FYERS_HISTORY,2026-08-08T23:19:26+05:30
2018-07-24,SMD-0106,IEX,NSE:IEX-EQ,52.87,53.77,52.84,53.28,2484,FYERS_HISTORY,2026-08-08T23:19:26+05:30
2018-07-25,SMD-0106,IEX,NSE:IEX-EQ,53.24,53.35,52.86,52.99,654,FYERS_HISTORY,2026-08-08T23:19:26+05:30
2018-07-26,SMD-0106,IEX,NSE:IEX-EQ,53.23,53.47,52.87,53.29,429,FYERS_HISTORY,2026-08-08T23:19:26+05:30
2018-07-27,SMD-0106,IEX,NSE:IEX-EQ,52.87,53.73,52.84,52.99,879,FYERS_HISTORY,2026-08-08T23:19:26+05:30
2018-07-30,SMD-0106,IEX,NSE:IEX-EQ,52.7,53.33,52.27,52.88,1278,FYERS_HISTORY,2026-08-08T23:19:26+05:30
2018-07-31,SMD-0106,IEX,NSE:IEX-EQ,52.67,53.4,52.67,53.32,792,FYERS_HISTORY,2026-08-08T23:19:26+05:30
2018-08-01,SMD-0106,IEX,NSE:IEX-EQ,53.63,53.63,53.04,53.34,366,FYERS_HISTORY,2026-08-08T23:19:26+05:30
2018-08-02,SMD-0106,IEX,NSE:IEX-EQ,53.1,53.77,53.03,53.5,483,FYERS_HISTORY,2026-08-08T23:19:26+05:30
2018-08-03,SMD-0106,IEX,NSE:IEX-EQ,53.33,53.67,53.03,53.38,546,FYERS_HISTORY,2026-08-08T23:19:26+05:30
2018-08-06,SMD-0106,IEX,NSE:IEX-EQ,54.67,54.67,52.3,53.38,46197,FYERS_HISTORY,2026-08-08T23:19:26+05:30
2018-08-07,SMD-0106,IEX,NSE:IEX-EQ,53.66,53.66,53.1,53.41,447,FYERS_HISTORY,2026-08-08T23:19:26+05:30
2018-08-08,SMD-0106,IEX,NSE:IEX-EQ,53.33,53.59,53.05,53.13,30675,FYERS_HISTORY,2026-08-08T23:19:26+05:30
2018-08-09,SMD-0106,IEX,NSE:IEX-EQ,53.33,54.33,53.07,53.52,1800,FYERS_HISTORY,2026-08-08T23:19:26+05:30
2018-08-10,SMD-0106,IEX,NSE:IEX-EQ,54.33,54.97,53.43,54.16,5337,FYERS_HISTORY,2026-08-08T23:19:26+05:30
2018-08-13,SMD-0106,IEX,NSE:IEX-EQ,54.17,55.07,53.72,54.71,1971,FYERS_HISTORY,2026-08-08T23:19:26+05:30
2018-08-14,SMD-0106,IEX,NSE:IEX-EQ,54.96,55.26,53.33,53.98,4626,FYERS_HISTORY,2026-08-08T23:19:26+05:30
2018-08-16,SMD-0106,IEX,NSE:IEX-EQ,54.41,55.5,54.09,54.58,3141,FYERS_HISTORY,2026-08-08T23:19:26+05:30
2018-08-17,SMD-0106,IEX,NSE:IEX-EQ,54.5,55.37,54.5,55.26,2763,FYERS_HISTORY,2026-08-08T23:19:26+05:30
2018-08-20,SMD-0106,IEX,NSE:IEX-EQ,54.37,55.67,54.37,55.52,3015,FYERS_HISTORY,2026-08-08T23:19:26+05:30
2018-08-21,SMD-0106,IEX,NSE:IEX-EQ,55.01,55.83,55.0,55.32,2730,FYERS_HISTORY,2026-08-08T23:19:26+05:30
2018-08-23,SMD-0106,IEX,NSE:IEX-EQ,55.0,55.67,55.0,55.42,2511,FYERS_HISTORY,2026-08-08T23:19:26+05:30
2018-08-24,SMD-0106,IEX,NSE:IEX-EQ,55.33,55.46,54.74,55.02,1281,FYERS_HISTORY,2026-08-08T23:19:26+05:30
2018-08-27,SMD-0106,IEX,NSE:IEX-EQ,55.04,58.47,55.04,57.03,16095,FYERS_HISTORY,2026-08-08T23:19:26+05:30
2018-08-28,SMD-0106,IEX,NSE:IEX-EQ,57.47,58.6,55.53,56.3,10056,FYERS_HISTORY,2026-08-08T23:19:26+05:30
2018-08-29,SMD-0106,IEX,NSE:IEX-EQ,56.75,57.33,55.54,55.71,4761,FYERS_HISTORY,2026-08-08T23:19:26+05:30
2018-08-30,SMD-0106,IEX,NSE:IEX-EQ,55.34,56.0,55.09,55.65,2070,FYERS_HISTORY,2026-08-08T23:19:26+05:30
2018-08-31,SMD-0106,IEX,NSE:IEX-EQ,55.33,58.87,55.33,58.07,7401,FYERS_HISTORY,2026-08-08T23:19:26+05:30
2018-09-03,SMD-0106,IEX,NSE:IEX-EQ,59.0,59.07,57.68,57.95,4551,FYERS_HISTORY,2026-08-08T23:19:26+05:30
2018-09-04,SMD-0106,IEX,NSE:IEX-EQ,58.0,58.22,56.93,57.38,3375,FYERS_HISTORY,2026-08-08T23:19:26+05:30
2018-09-05,SMD-0106,IEX,NSE:IEX-EQ,56.67,59.33,56.59,58.33,27942,FYERS_HISTORY,2026-08-08T23:19:26+05:30
2018-09-06,SMD-0106,IEX,NSE:IEX-EQ,58.7,58.77,57.67,57.95,2292,FYERS_HISTORY,2026-08-08T23:19:26+05:30
2018-09-07,SMD-0106,IEX,NSE:IEX-EQ,58.45,58.45,56.85,57.21,1557,FYERS_HISTORY,2026-08-08T23:19:26+05:30
2018-09-10,SMD-0106,IEX,NSE:IEX-EQ,57.17,58.33,56.84,58.16,3141,FYERS_HISTORY,2026-08-08T23:19:26+05:30
2018-09-11,SMD-0106,IEX,NSE:IEX-EQ,58.04,58.07,56.67,57.29,3330,FYERS_HISTORY,2026-08-08T23:19:26+05:30
2018-09-12,SMD-0106,IEX,NSE:IEX-EQ,56.67,57.4,56.24,56.57,2067,FYERS_HISTORY,2026-08-08T23:19:26+05:30
2018-09-14,SMD-0106,IEX,NSE:IEX-EQ,56.7,57.97,56.49,57.04,47397,FYERS_HISTORY,2026-08-08T23:19:26+05:30
2018-09-17,SMD-0106,IEX,NSE:IEX-EQ,57.27,57.73,56.5,56.7,2193,FYERS_HISTORY,2026-08-08T23:19:26+05:30
2018-09-18,SMD-0106,IEX,NSE:IEX-EQ,56.33,57.4,56.33,56.63,1107,FYERS_HISTORY,2026-08-08T23:19:26+05:30
2018-09-19,SMD-0106,IEX,NSE:IEX-EQ,56.49,58.47,56.34,57.73,4701,FYERS_HISTORY,2026-08-08T23:19:26+05:30
2018-09-21,SMD-0106,IEX,NSE:IEX-EQ,58.33,58.83,56.19,56.56,5502,FYERS_HISTORY,2026-08-08T23:19:26+05:30
2018-09-24,SMD-0106,IEX,NSE:IEX-EQ,57.01,57.3,55.98,56.64,2919,FYERS_HISTORY,2026-08-08T23:19:26+05:30
2018-09-25,SMD-0106,IEX,NSE:IEX-EQ,56.13,58.07,56.13,57.71,5919,FYERS_HISTORY,2026-08-08T23:19:26+05:30
2018-09-26,SMD-0106,IEX,NSE:IEX-EQ,57.5,58.5,57.5,58.18,2919,FYERS_HISTORY,2026-08-08T23:19:26+05:30
2018-09-27,SMD-0106,IEX,NSE:IEX-EQ,57.41,59.17,56.64,56.69,38709,FYERS_HISTORY,2026-08-08T23:19:26+05:30
2018-09-28,SMD-0106,IEX,NSE:IEX-EQ,57.14,57.14,52.0,53.56,4758,FYERS_HISTORY,2026-08-08T23:19:26+05:30
2018-10-01,SMD-0106,IEX,NSE:IEX-EQ,53.56,55.33,53.24,53.64,40152,FYERS_HISTORY,2026-08-08T23:19:26+05:30
2018-10-03,SMD-0106,IEX,NSE:IEX-EQ,53.67,53.99,53.3,53.39,1323,FYERS_HISTORY,2026-08-08T23:19:26+05:30
2018-10-04,SMD-0106,IEX,NSE:IEX-EQ,53.39,54.96,52.93,54.73,4146,FYERS_HISTORY,2026-08-08T23:19:26+05:30
2018-10-05,SMD-0106,IEX,NSE:IEX-EQ,53.67,55.33,53.67,54.61,1407,FYERS_HISTORY,2026-08-08T23:19:26+05:30
2018-10-08,SMD-0106,IEX,NSE:IEX-EQ,55.23,55.23,54.0,54.46,1872,FYERS_HISTORY,2026-08-08T23:19:26+05:30
2018-10-09,SMD-0106,IEX,NSE:IEX-EQ,54.7,54.9,53.95,54.17,3030,FYERS_HISTORY,2026-08-08T23:19:26+05:30
2018-10-10,SMD-0106,IEX,NSE:IEX-EQ,55.5,55.5,54.17,54.49,3837,FYERS_HISTORY,2026-08-08T23:19:26+05:30
2018-10-11,SMD-0106,IEX,NSE:IEX-EQ,54.17,54.83,53.33,54.25,2961,FYERS_HISTORY,2026-08-08T23:19:26+05:30
2018-10-12,SMD-0106,IEX,NSE:IEX-EQ,55.03,55.03,54.15,54.77,1971,FYERS_HISTORY,2026-08-08T23:19:26+05:30
2018-10-15,SMD-0106,IEX,NSE:IEX-EQ,55.33,55.53,54.73,54.88,2301,FYERS_HISTORY,2026-08-08T23:19:26+05:30
2018-10-16,SMD-0106,IEX,NSE:IEX-EQ,55.5,55.5,54.87,55.07,3063,FYERS_HISTORY,2026-08-08T23:19:26+05:30
2018-10-17,SMD-0106,IEX,NSE:IEX-EQ,55.43,55.67,54.67,55.16,2685,FYERS_HISTORY,2026-08-08T23:19:26+05:30
2018-10-19,SMD-0106,IEX,NSE:IEX-EQ,53.9,56.27,53.7,54.65,153153,FYERS_HISTORY,2026-08-08T23:19:26+05:30
2018-10-22,SMD-0106,IEX,NSE:IEX-EQ,54.85,55.97,53.67,53.9,83151,FYERS_HISTORY,2026-08-08T23:19:26+05:30
2018-10-23,SMD-0106,IEX,NSE:IEX-EQ,53.5,54.33,49.68,51.33,137532,FYERS_HISTORY,2026-08-08T23:19:26+05:30
2018-10-24,SMD-0106,IEX,NSE:IEX-EQ,51.5,55.62,51.4,53.67,2318040,FYERS_HISTORY,2026-08-08T23:19:26+05:30
2018-10-25,SMD-0106,IEX,NSE:IEX-EQ,52.67,53.98,52.67,53.37,90726,FYERS_HISTORY,2026-08-08T23:19:26+05:30
2018-10-26,SMD-0106,IEX,NSE:IEX-EQ,54.15,54.65,52.5,53.35,4714479,FYERS_HISTORY,2026-08-08T23:19:26+05:30
2018-10-29,SMD-0106,IEX,NSE:IEX-EQ,53.97,54.0,50.13,51.2,4666485,FYERS_HISTORY,2026-08-08T23:19:26+05:30
2018-10-30,SMD-0106,IEX,NSE:IEX-EQ,51.13,58.6,50.5,56.45,1131450,FYERS_HISTORY,2026-08-08T23:19:26+05:30
2018-10-31,SMD-0106,IEX,NSE:IEX-EQ,56.0,56.33,52.33,52.97,307563,FYERS_HISTORY,2026-08-08T23:19:26+05:30
2018-11-01,SMD-0106,IEX,NSE:IEX-EQ,53.27,55.0,51.67,51.97,206295,FYERS_HISTORY,2026-08-08T23:19:26+05:30
2018-11-02,SMD-0106,IEX,NSE:IEX-EQ,52.4,53.3,51.93,52.22,104358,FYERS_HISTORY,2026-08-08T23:19:26+05:30
2018-11-05,SMD-0106,IEX,NSE:IEX-EQ,51.5,53.3,51.5,51.87,122616,FYERS_HISTORY,2026-08-08T23:19:26+05:30
2018-11-06,SMD-0106,IEX,NSE:IEX-EQ,52.0,53.27,51.72,52.0,65688,FYERS_HISTORY,2026-08-08T23:19:26+05:30
2018-11-07,SMD-0106,IEX,NSE:IEX-EQ,52.93,53.0,52.42,52.8,34128,FYERS_HISTORY,2026-08-08T23:19:26+05:30
2018-11-09,SMD-0106,IEX,NSE:IEX-EQ,53.32,53.97,53.0,53.45,91968,FYERS_HISTORY,2026-08-08T23:19:26+05:30
2018-11-12,SMD-0106,IEX,NSE:IEX-EQ,54.0,56.5,51.93,52.75,1175460,FYERS_HISTORY,2026-08-08T23:19:26+05:30
2018-11-13,SMD-0106,IEX,NSE:IEX-EQ,52.98,53.97,51.7,53.7,129390,FYERS_HISTORY,2026-08-08T23:19:26+05:30
2018-11-14,SMD-0106,IEX,NSE:IEX-EQ,54.88,54.88,52.5,53.12,73881,FYERS_HISTORY,2026-08-08T23:19:26+05:30
2018-11-15,SMD-0106,IEX,NSE:IEX-EQ,53.33,53.33,52.0,52.33,88701,FYERS_HISTORY,2026-08-08T23:19:26+05:30
2018-11-16,SMD-0106,IEX,NSE:IEX-EQ,52.55,52.57,51.67,51.98,162408,FYERS_HISTORY,2026-08-08T23:19:26+05:30
2018-11-19,SMD-0106,IEX,NSE:IEX-EQ,53.27,53.27,51.7,52.12,45225,FYERS_HISTORY,2026-08-08T23:19:26+05:30
2018-11-20,SMD-0106,IEX,NSE:IEX-EQ,52.37,52.92,51.67,51.77,50640,FYERS_HISTORY,2026-08-08T23:19:26+05:30
2018-11-21,SMD-0106,IEX,NSE:IEX-EQ,51.8,54.33,51.67,53.82,4305321,FYERS_HISTORY,2026-08-08T23:19:26+05:30
2018-11-22,SMD-0106,IEX,NSE:IEX-EQ,54.97,54.97,51.65,51.85,157764,FYERS_HISTORY,2026-08-08T23:19:26+05:30
2018-11-26,SMD-0106,IEX,NSE:IEX-EQ,52.9,53.27,51.83,52.53,97836,FYERS_HISTORY,2026-08-08T23:19:26+05:30
2018-11-27,SMD-0106,IEX,NSE:IEX-EQ,52.5,52.93,51.85,52.68,68850,FYERS_HISTORY,2026-08-08T23:19:26+05:30
2018-11-28,SMD-0106,IEX,NSE:IEX-EQ,52.37,53.18,52.02,53.02,75078,FYERS_HISTORY,2026-08-08T23:19:26+05:30
2018-11-29,SMD-0106,IEX,NSE:IEX-EQ,52.98,53.57,52.45,52.98,64059,FYERS_HISTORY,2026-08-08T23:19:26+05:30
2018-11-30,SMD-0106,IEX,NSE:IEX-EQ,53.0,54.83,52.43,54.23,103086,FYERS_HISTORY,2026-08-08T23:19:26+05:30
2018-12-03,SMD-0106,IEX,NSE:IEX-EQ,54.3,54.67,53.17,53.88,91098,FYERS_HISTORY,2026-08-08T23:19:26+05:30
2018-12-04,SMD-0106,IEX,NSE:IEX-EQ,54.33,54.33,52.6,52.72,83511,FYERS_HISTORY,2026-08-08T23:19:26+05:30
2018-12-05,SMD-0106,IEX,NSE:IEX-EQ,53.43,53.43,52.27,52.55,77229,FYERS_HISTORY,2026-08-08T23:19:26+05:30
2018-12-06,SMD-0106,IEX,NSE:IEX-EQ,52.33,52.75,51.0,51.42,86988,FYERS_HISTORY,2026-08-08T23:19:26+05:30
2018-12-07,SMD-0106,IEX,NSE:IEX-EQ,51.78,52.75,51.65,51.77,408132,FYERS_HISTORY,2026-08-08T23:19:26+05:30
2018-12-10,SMD-0106,IEX,NSE:IEX-EQ,52.0,52.23,51.32,51.68,75717,FYERS_HISTORY,2026-08-08T23:19:26+05:30
2018-12-11,SMD-0106,IEX,NSE:IEX-EQ,50.17,52.67,50.17,51.97,41604,FYERS_HISTORY,2026-08-08T23:19:26+05:30
2018-12-12,SMD-0106,IEX,NSE:IEX-EQ,52.97,52.97,51.73,52.52,23607,FYERS_HISTORY,2026-08-08T23:19:26+05:30
2018-12-13,SMD-0106,IEX,NSE:IEX-EQ,52.1,53.23,52.1,52.3,41589,FYERS_HISTORY,2026-08-08T23:19:26+05:30
2018-12-14,SMD-0106,IEX,NSE:IEX-EQ,53.97,54.93,53.67,54.55,272805,FYERS_HISTORY,2026-08-08T23:19:26+05:30
2018-12-17,SMD-0106,IEX,NSE:IEX-EQ,54.67,55.33,54.58,54.83,155829,FYERS_HISTORY,2026-08-08T23:19:26+05:30
2018-12-18,SMD-0106,IEX,NSE:IEX-EQ,54.95,55.0,54.6,54.75,133101,FYERS_HISTORY,2026-08-08T23:19:26+05:30
2018-12-19,SMD-0106,IEX,NSE:IEX-EQ,55.3,55.5,54.67,55.43,287391,FYERS_HISTORY,2026-08-08T23:19:26+05:30
2018-12-20,SMD-0106,IEX,NSE:IEX-EQ,55.3,57.08,54.7,55.83,1977999,FYERS_HISTORY,2026-08-08T23:19:26+05:30
2018-12-21,SMD-0106,IEX,NSE:IEX-EQ,55.83,57.08,55.17,56.57,645621,FYERS_HISTORY,2026-08-08T23:19:26+05:30
2018-12-24,SMD-0106,IEX,NSE:IEX-EQ,56.67,57.0,55.97,56.35,186213,FYERS_HISTORY,2026-08-08T23:19:26+05:30
2018-12-26,SMD-0106,IEX,NSE:IEX-EQ,56.0,56.35,55.18,55.55,106350,FYERS_HISTORY,2026-08-08T23:19:26+05:30
2018-12-27,SMD-0106,IEX,NSE:IEX-EQ,55.55,55.83,55.02,55.13,93366,FYERS_HISTORY,2026-08-08T23:19:26+05:30
2018-12-28,SMD-0106,IEX,NSE:IEX-EQ,55.95,55.95,54.5,54.72,98457,FYERS_HISTORY,2026-08-08T23:19:26+05:30
2018-12-31,SMD-0106,IEX,NSE:IEX-EQ,54.53,56.67,54.05,55.27,240789,FYERS_HISTORY,2026-08-08T23:19:26+05:30
2019-01-01,SMD-0106,IEX,NSE:IEX-EQ,55.43,56.17,55.0,55.38,66333,FYERS_HISTORY,2026-08-08T23:19:26+05:30
2019-01-02,SMD-0106,IEX,NSE:IEX-EQ,55.27,56.17,54.68,54.88,87921,FYERS_HISTORY,2026-08-08T23:19:26+05:30
2019-01-03,SMD-0106,IEX,NSE:IEX-EQ,55.0,55.53,54.2,54.27,111558,FYERS_HISTORY,2026-08-08T23:19:26+05:30
2019-01-04,SMD-0106,IEX,NSE:IEX-EQ,54.63,54.98,53.68,53.83,67854,FYERS_HISTORY,2026-08-08T23:19:26+05:30
2019-01-07,SMD-0106,IEX,NSE:IEX-EQ,54.3,54.3,52.37,52.67,195459,FYERS_HISTORY,2026-08-08T23:19:26+05:30
2019-01-08,SMD-0106,IEX,NSE:IEX-EQ,52.23,55.48,52.03,55.08,196803,FYERS_HISTORY,2026-08-08T23:19:26+05:30
2019-01-09,SMD-0106,IEX,NSE:IEX-EQ,54.67,55.5,53.88,55.0,161148,FYERS_HISTORY,2026-08-08T23:19:26+05:30
2019-01-10,SMD-0106,IEX,NSE:IEX-EQ,54.33,55.47,53.0,53.43,2808336,FYERS_HISTORY,2026-08-08T23:19:26+05:30
2019-01-11,SMD-0106,IEX,NSE:IEX-EQ,53.63,54.32,53.17,53.72,160452,FYERS_HISTORY,2026-08-08T23:19:26+05:30
2019-01-14,SMD-0106,IEX,NSE:IEX-EQ,54.33,55.0,53.72,53.97,218196,FYERS_HISTORY,2026-08-08T23:19:26+05:30
2019-01-15,SMD-0106,IEX,NSE:IEX-EQ,54.25,55.57,53.88,55.22,2669523,FYERS_HISTORY,2026-08-08T23:19:26+05:30
2019-01-16,SMD-0106,IEX,NSE:IEX-EQ,55.42,55.83,53.9,54.35,108870,FYERS_HISTORY,2026-08-08T23:19:26+05:30
2019-01-17,SMD-0106,IEX,NSE:IEX-EQ,54.28,55.45,54.28,54.75,61866,FYERS_HISTORY,2026-08-08T23:19:26+05:30
2019-01-18,SMD-0106,IEX,NSE:IEX-EQ,54.33,54.83,53.9,54.0,51072,FYERS_HISTORY,2026-08-08T23:19:26+05:30
2019-01-21,SMD-0106,IEX,NSE:IEX-EQ,53.73,54.22,53.5,53.65,51927,FYERS_HISTORY,2026-08-08T23:19:26+05:30
2019-01-22,SMD-0106,IEX,NSE:IEX-EQ,53.67,54.28,52.68,53.37,126177,FYERS_HISTORY,2026-08-08T23:19:26+05:30
2019-01-23,SMD-0106,IEX,NSE:IEX-EQ,53.6,53.77,52.87,53.07,114489,FYERS_HISTORY,2026-08-08T23:19:26+05:30
2019-01-24,SMD-0106,IEX,NSE:IEX-EQ,53.0,53.77,53.0,53.33,336465,FYERS_HISTORY,2026-08-08T23:19:26+05:30
2019-01-25,SMD-0106,IEX,NSE:IEX-EQ,52.87,54.17,52.87,53.28,59232,FYERS_HISTORY,2026-08-08T23:19:26+05:30
2019-01-28,SMD-0106,IEX,NSE:IEX-EQ,53.03,53.55,52.83,53.18,46608,FYERS_HISTORY,2026-08-08T23:19:26+05:30
2019-01-29,SMD-0106,IEX,NSE:IEX-EQ,53.03,53.47,52.7,52.78,29688,FYERS_HISTORY,2026-08-08T23:19:26+05:30
2019-01-30,SMD-0106,IEX,NSE:IEX-EQ,52.78,54.0,52.7,53.55,99690,FYERS_HISTORY,2026-08-08T23:19:26+05:30
2019-01-31,SMD-0106,IEX,NSE:IEX-EQ,53.33,53.35,52.7,52.9,41988,FYERS_HISTORY,2026-08-08T23:19:26+05:30
2019-02-01,SMD-0106,IEX,NSE:IEX-EQ,52.68,53.93,52.68,53.52,75453,FYERS_HISTORY,2026-08-08T23:19:26+05:30
2019-02-04,SMD-0106,IEX,NSE:IEX-EQ,53.17,54.35,53.1,53.75,87447,FYERS_HISTORY,2026-08-08T23:19:26+05:30
2019-02-05,SMD-0106,IEX,NSE:IEX-EQ,54.27,55.15,53.72,53.95,140166,FYERS_HISTORY,2026-08-08T23:19:26+05:30
2019-02-06,SMD-0106,IEX,NSE:IEX-EQ,53.85,54.68,53.85,54.52,464016,FYERS_HISTORY,2026-08-08T23:19:26+05:30
2019-02-07,SMD-0106,IEX,NSE:IEX-EQ,54.0,56.65,54.0,55.02,142065,FYERS_HISTORY,2026-08-08T23:19:26+05:30
2019-02-08,SMD-0106,IEX,NSE:IEX-EQ,55.03,55.75,54.38,55.33,175356,FYERS_HISTORY,2026-08-08T23:19:26+05:30
2019-02-11,SMD-0106,IEX,NSE:IEX-EQ,55.65,56.32,54.67,54.98,1965042,FYERS_HISTORY,2026-08-08T23:19:26+05:30
2019-02-12,SMD-0106,IEX,NSE:IEX-EQ,54.37,56.15,54.28,55.95,378759,FYERS_HISTORY,2026-08-08T23:19:26+05:30
2019-02-13,SMD-0106,IEX,NSE:IEX-EQ,55.67,56.0,54.5,54.98,652128,FYERS_HISTORY,2026-08-08T23:19:26+05:30
2019-02-14,SMD-0106,IEX,NSE:IEX-EQ,53.33,54.0,52.03,53.87,259302,FYERS_HISTORY,2026-08-08T23:19:26+05:30
2019-02-15,SMD-0106,IEX,NSE:IEX-EQ,53.07,54.0,52.12,53.92,147042,FYERS_HISTORY,2026-08-08T23:19:26+05:30
2019-02-18,SMD-0106,IEX,NSE:IEX-EQ,54.17,54.17,52.63,53.53,143169,FYERS_HISTORY,2026-08-08T23:19:26+05:30
2019-02-19,SMD-0106,IEX,NSE:IEX-EQ,52.85,55.03,52.85,54.95,3158457,FYERS_HISTORY,2026-08-08T23:19:26+05:30
2019-02-20,SMD-0106,IEX,NSE:IEX-EQ,54.67,55.63,53.62,54.42,271800,FYERS_HISTORY,2026-08-08T23:19:26+05:30
2019-02-21,SMD-0106,IEX,NSE:IEX-EQ,54.0,54.28,53.0,53.38,356679,FYERS_HISTORY,2026-08-08T23:19:26+05:30
2019-02-22,SMD-0106,IEX,NSE:IEX-EQ,53.45,53.63,52.75,52.93,188475,FYERS_HISTORY,2026-08-08T23:19:26+05:30
2019-02-25,SMD-0106,IEX,NSE:IEX-EQ,53.3,53.3,52.25,52.43,338721,FYERS_HISTORY,2026-08-08T23:19:26+05:30
2019-02-26,SMD-0106,IEX,NSE:IEX-EQ,52.33,52.57,52.05,52.13,56040,FYERS_HISTORY,2026-08-08T23:19:26+05:30
2019-02-27,SMD-0106,IEX,NSE:IEX-EQ,52.33,52.6,50.12,50.95,168558,FYERS_HISTORY,2026-08-08T23:19:26+05:30
2019-02-28,SMD-0106,IEX,NSE:IEX-EQ,51.5,52.83,50.0,51.07,1269777,FYERS_HISTORY,2026-08-08T23:19:26+05:30
2019-03-01,SMD-0106,IEX,NSE:IEX-EQ,51.67,52.98,51.48,52.67,287358,FYERS_HISTORY,2026-08-08T23:19:26+05:30
2019-03-05,SMD-0106,IEX,NSE:IEX-EQ,52.2,53.32,52.2,53.08,179925,FYERS_HISTORY,2026-08-08T23:19:26+05:30
2019-03-06,SMD-0106,IEX,NSE:IEX-EQ,54.2,54.2,52.33,52.58,75642,FYERS_HISTORY,2026-08-08T23:19:26+05:30
2019-03-07,SMD-0106,IEX,NSE:IEX-EQ,53.37,53.78,52.6,53.57,247857,FYERS_HISTORY,2026-08-08T23:19:26+05:30
2019-03-08,SMD-0106,IEX,NSE:IEX-EQ,53.35,53.35,52.37,52.55,50091,FYERS_HISTORY,2026-08-08T23:19:26+05:30
2019-03-11,SMD-0106,IEX,NSE:IEX-EQ,53.17,53.67,52.53,53.6,105168,FYERS_HISTORY,2026-08-08T23:19:26+05:30
2019-03-12,SMD-0106,IEX,NSE:IEX-EQ,54.0,54.67,53.35,53.8,4422813,FYERS_HISTORY,2026-08-08T23:19:26+05:30
2019-03-13,SMD-0106,IEX,NSE:IEX-EQ,54.0,56.6,54.0,54.95,5028969,FYERS_HISTORY,2026-08-08T23:19:26+05:30
2019-03-14,SMD-0106,IEX,NSE:IEX-EQ,54.95,55.33,54.5,55.02,3995697,FYERS_HISTORY,2026-08-08T23:19:26+05:30
2019-03-15,SMD-0106,IEX,NSE:IEX-EQ,54.28,55.33,54.0,54.42,416745,FYERS_HISTORY,2026-08-08T23:19:26+05:30
2019-03-18,SMD-0106,IEX,NSE:IEX-EQ,53.7,55.0,52.8,54.02,2074518,FYERS_HISTORY,2026-08-08T23:19:26+05:30
2019-03-19,SMD-0106,IEX,NSE:IEX-EQ,53.88,54.32,53.47,53.9,337158,FYERS_HISTORY,2026-08-08T23:19:26+05:30
2019-03-20,SMD-0106,IEX,NSE:IEX-EQ,53.67,55.7,53.53,53.93,505059,FYERS_HISTORY,2026-08-08T23:19:26+05:30
2019-03-22,SMD-0106,IEX,NSE:IEX-EQ,53.73,54.45,53.17,53.58,1385700,FYERS_HISTORY,2026-08-08T23:19:26+05:30
2019-03-25,SMD-0106,IEX,NSE:IEX-EQ,53.72,54.02,53.03,53.32,1548828,FYERS_HISTORY,2026-08-08T23:19:26+05:30
2019-03-26,SMD-0106,IEX,NSE:IEX-EQ,53.6,53.77,53.2,53.33,559614,FYERS_HISTORY,2026-08-08T23:19:26+05:30
2019-03-27,SMD-0106,IEX,NSE:IEX-EQ,53.78,53.83,52.67,52.93,627903,FYERS_HISTORY,2026-08-08T23:19:26+05:30
2019-03-28,SMD-0106,IEX,NSE:IEX-EQ,53.6,55.17,53.1,54.37,924252,FYERS_HISTORY,2026-08-08T23:19:26+05:30
2019-03-29,SMD-0106,IEX,NSE:IEX-EQ,55.22,55.45,53.5,55.0,438384,FYERS_HISTORY,2026-08-08T23:19:26+05:30
2019-04-01,SMD-0106,IEX,NSE:IEX-EQ,55.0,55.6,53.73,53.9,290388,FYERS_HISTORY,2026-08-08T23:19:26+05:30
2019-04-02,SMD-0106,IEX,NSE:IEX-EQ,54.63,55.78,53.7,53.92,1310118,FYERS_HISTORY,2026-08-08T23:19:26+05:30
2019-04-03,SMD-0106,IEX,NSE:IEX-EQ,54.15,55.97,53.48,53.97,10451655,FYERS_HISTORY,2026-08-08T23:19:26+05:30
2019-04-04,SMD-0106,IEX,NSE:IEX-EQ,53.6,55.42,53.6,54.22,10589673,FYERS_HISTORY,2026-08-08T23:19:26+05:30
2019-04-05,SMD-0106,IEX,NSE:IEX-EQ,54.48,54.8,54.27,54.42,289776,FYERS_HISTORY,2026-08-08T23:19:26+05:30
2019-04-08,SMD-0106,IEX,NSE:IEX-EQ,54.43,55.08,53.83,54.18,2681916,FYERS_HISTORY,2026-08-08T23:19:26+05:30
2019-04-09,SMD-0106,IEX,NSE:IEX-EQ,53.93,54.33,52.53,52.83,1350444,FYERS_HISTORY,2026-08-08T23:19:26+05:30
2019-04-10,SMD-0106,IEX,NSE:IEX-EQ,52.58,52.8,51.7,52.37,1041936,FYERS_HISTORY,2026-08-08T23:19:26+05:30
2019-04-11,SMD-0106,IEX,NSE:IEX-EQ,52.1,52.67,51.67,51.95,443133,FYERS_HISTORY,2026-08-08T23:19:26+05:30
2019-04-12,SMD-0106,IEX,NSE:IEX-EQ,52.5,52.5,51.67,51.75,304548,FYERS_HISTORY,2026-08-08T23:19:26+05:30
2019-04-15,SMD-0106,IEX,NSE:IEX-EQ,52.33,52.33,51.67,51.87,1155144,FYERS_HISTORY,2026-08-08T23:19:26+05:30
2019-04-16,SMD-0106,IEX,NSE:IEX-EQ,51.87,53.22,51.83,52.48,246480,FYERS_HISTORY,2026-08-08T23:19:26+05:30
2019-04-18,SMD-0106,IEX,NSE:IEX-EQ,52.67,53.82,52.35,53.03,219591,FYERS_HISTORY,2026-08-08T23:19:26+05:30
2019-04-22,SMD-0106,IEX,NSE:IEX-EQ,53.32,53.98,52.5,52.62,112089,FYERS_HISTORY,2026-08-08T23:19:26+05:30
2019-04-23,SMD-0106,IEX,NSE:IEX-EQ,52.53,53.33,52.53,53.25,82458,FYERS_HISTORY,2026-08-08T23:19:26+05:30
2019-04-24,SMD-0106,IEX,NSE:IEX-EQ,53.17,53.33,52.65,53.1,211995,FYERS_HISTORY,2026-08-08T23:19:26+05:30
2019-04-25,SMD-0106,IEX,NSE:IEX-EQ,52.98,53.28,52.67,52.7,595854,FYERS_HISTORY,2026-08-08T23:19:26+05:30
2019-04-26,SMD-0106,IEX,NSE:IEX-EQ,52.68,53.78,52.68,53.22,320244,FYERS_HISTORY,2026-08-08T23:19:26+05:30
2019-04-30,SMD-0106,IEX,NSE:IEX-EQ,53.33,53.92,52.67,53.03,740718,FYERS_HISTORY,2026-08-08T23:19:26+05:30
2019-05-02,SMD-0106,IEX,NSE:IEX-EQ,53.67,53.67,53.0,53.15,190509,FYERS_HISTORY,2026-08-08T23:19:26+05:30
2019-05-03,SMD-0106,IEX,NSE:IEX-EQ,53.15,53.63,52.75,53.28,658011,FYERS_HISTORY,2026-08-08T23:19:26+05:30
2019-05-06,SMD-0106,IEX,NSE:IEX-EQ,53.95,53.95,52.68,52.82,176838,FYERS_HISTORY,2026-08-08T23:19:26+05:30
2019-05-07,SMD-0106,IEX,NSE:IEX-EQ,53.15,53.33,51.8,52.2,1349490,FYERS_HISTORY,2026-08-08T23:19:26+05:30
2019-05-08,SMD-0106,IEX,NSE:IEX-EQ,51.68,52.48,51.38,51.75,249627,FYERS_HISTORY,2026-08-08T23:19:26+05:30
2019-05-09,SMD-0106,IEX,NSE:IEX-EQ,51.5,51.88,51.17,51.35,150669,FYERS_HISTORY,2026-08-08T23:19:26+05:30
2019-05-10,SMD-0106,IEX,NSE:IEX-EQ,51.35,52.37,51.08,51.8,523410,FYERS_HISTORY,2026-08-08T23:19:26+05:30
2019-05-13,SMD-0106,IEX,NSE:IEX-EQ,51.6,51.92,51.03,51.7,88737,FYERS_HISTORY,2026-08-08T23:19:26+05:30
2019-05-14,SMD-0106,IEX,NSE:IEX-EQ,51.02,52.28,51.02,52.0,990606,FYERS_HISTORY,2026-08-08T23:19:26+05:30
2019-05-15,SMD-0106,IEX,NSE:IEX-EQ,51.67,52.25,51.55,51.85,379506,FYERS_HISTORY,2026-08-08T23:19:26+05:30
2019-05-16,SMD-0106,IEX,NSE:IEX-EQ,52.33,52.33,51.35,51.55,64701,FYERS_HISTORY,2026-08-08T23:19:26+05:30
2019-05-17,SMD-0106,IEX,NSE:IEX-EQ,52.33,52.33,47.03,48.57,673506,FYERS_HISTORY,2026-08-08T23:19:26+05:30
2019-05-20,SMD-0106,IEX,NSE:IEX-EQ,50.33,51.52,49.0,49.25,229944,FYERS_HISTORY,2026-08-08T23:19:26+05:30
2019-05-21,SMD-0106,IEX,NSE:IEX-EQ,49.67,50.0,48.57,49.05,86253,FYERS_HISTORY,2026-08-08T23:19:26+05:30
2019-05-22,SMD-0106,IEX,NSE:IEX-EQ,49.7,49.7,47.07,48.07,279180,FYERS_HISTORY,2026-08-08T23:19:26+05:30
2019-05-23,SMD-0106,IEX,NSE:IEX-EQ,50.0,50.0,47.88,48.65,3833754,FYERS_HISTORY,2026-08-08T23:19:26+05:30
2019-05-24,SMD-0106,IEX,NSE:IEX-EQ,48.8,50.32,48.8,49.83,261621,FYERS_HISTORY,2026-08-08T23:19:26+05:30
2019-05-27,SMD-0106,IEX,NSE:IEX-EQ,50.0,51.33,50.0,51.0,369024,FYERS_HISTORY,2026-08-08T23:19:26+05:30
2019-05-28,SMD-0106,IEX,NSE:IEX-EQ,51.65,53.65,50.82,52.87,748164,FYERS_HISTORY,2026-08-08T23:19:26+05:30
2019-05-29,SMD-0106,IEX,NSE:IEX-EQ,53.33,53.33,50.83,51.12,509673,FYERS_HISTORY,2026-08-08T23:19:26+05:30
2019-05-30,SMD-0106,IEX,NSE:IEX-EQ,51.02,51.73,51.0,51.58,40164,FYERS_HISTORY,2026-08-08T23:19:26+05:30
2019-05-31,SMD-0106,IEX,NSE:IEX-EQ,51.35,52.38,51.32,52.1,230397,FYERS_HISTORY,2026-08-08T23:19:26+05:30
2019-06-03,SMD-0106,IEX,NSE:IEX-EQ,50.75,52.3,50.75,51.65,1266462,FYERS_HISTORY,2026-08-08T23:19:26+05:30
2019-06-04,SMD-0106,IEX,NSE:IEX-EQ,51.33,51.78,50.93,51.58,80625,FYERS_HISTORY,2026-08-08T23:19:26+05:30
2019-06-06,SMD-0106,IEX,NSE:IEX-EQ,51.22,52.25,50.38,50.6,135336,FYERS_HISTORY,2026-08-08T23:19:26+05:30
2019-06-07,SMD-0106,IEX,NSE:IEX-EQ,50.35,50.97,49.67,49.88,65940,FYERS_HISTORY,2026-08-08T23:19:26+05:30
2019-06-10,SMD-0106,IEX,NSE:IEX-EQ,50.33,50.45,49.03,49.2,70086,FYERS_HISTORY,2026-08-08T23:19:26+05:30
2019-06-11,SMD-0106,IEX,NSE:IEX-EQ,49.0,50.7,49.0,49.37,431586,FYERS_HISTORY,2026-08-08T23:19:26+05:30
2019-06-12,SMD-0106,IEX,NSE:IEX-EQ,50.27,50.27,49.2,49.82,50952,FYERS_HISTORY,2026-08-08T23:19:26+05:30
2019-06-13,SMD-0106,IEX,NSE:IEX-EQ,49.37,50.0,48.95,49.83,59592,FYERS_HISTORY,2026-08-08T23:19:26+05:30
2019-06-14,SMD-0106,IEX,NSE:IEX-EQ,49.67,49.85,49.18,49.55,16191,FYERS_HISTORY,2026-08-08T23:19:26+05:30
2019-06-17,SMD-0106,IEX,NSE:IEX-EQ,49.33,51.0,48.03,49.45,525879,FYERS_HISTORY,2026-08-08T23:19:26+05:30
2019-06-18,SMD-0106,IEX,NSE:IEX-EQ,49.33,49.65,48.28,48.4,63897,FYERS_HISTORY,2026-08-08T23:19:26+05:30
2019-06-19,SMD-0106,IEX,NSE:IEX-EQ,48.05,48.9,46.97,47.05,100329,FYERS_HISTORY,2026-08-08T23:19:26+05:30
2019-06-20,SMD-0106,IEX,NSE:IEX-EQ,47.0,48.28,47.0,47.78,30339,FYERS_HISTORY,2026-08-08T23:19:26+05:30
2019-06-21,SMD-0106,IEX,NSE:IEX-EQ,47.07,48.33,46.82,47.07,296217,FYERS_HISTORY,2026-08-08T23:19:26+05:30
2019-06-24,SMD-0106,IEX,NSE:IEX-EQ,48.15,48.15,47.08,47.68,28017,FYERS_HISTORY,2026-08-08T23:19:26+05:30
2019-06-25,SMD-0106,IEX,NSE:IEX-EQ,47.5,48.67,47.5,47.97,33099,FYERS_HISTORY,2026-08-08T23:19:26+05:30
2019-06-26,SMD-0106,IEX,NSE:IEX-EQ,47.97,48.33,47.0,48.15,91287,FYERS_HISTORY,2026-08-08T23:19:26+05:30
2019-06-27,SMD-0106,IEX,NSE:IEX-EQ,48.15,48.67,47.5,48.05,56037,FYERS_HISTORY,2026-08-08T23:19:26+05:30
2019-06-28,SMD-0106,IEX,NSE:IEX-EQ,48.65,48.65,47.67,48.03,47553,FYERS_HISTORY,2026-08-08T23:19:26+05:30
2019-07-01,SMD-0106,IEX,NSE:IEX-EQ,47.83,48.2,47.33,47.4,58599,FYERS_HISTORY,2026-08-08T23:19:26+05:30
2019-07-02,SMD-0106,IEX,NSE:IEX-EQ,47.17,48.0,47.0,47.8,57441,FYERS_HISTORY,2026-08-08T23:19:26+05:30
2019-07-03,SMD-0106,IEX,NSE:IEX-EQ,47.33,48.65,46.23,46.35,225870,FYERS_HISTORY,2026-08-08T23:19:26+05:30
2019-07-04,SMD-0106,IEX,NSE:IEX-EQ,46.42,47.65,46.28,46.6,200040,FYERS_HISTORY,2026-08-08T23:19:26+05:30
2019-07-05,SMD-0106,IEX,NSE:IEX-EQ,47.32,47.67,46.42,46.78,1381608,FYERS_HISTORY,2026-08-08T23:19:26+05:30
2019-07-08,SMD-0106,IEX,NSE:IEX-EQ,47.33,47.33,46.52,46.87,722904,FYERS_HISTORY,2026-08-08T23:19:26+05:30
2019-07-09,SMD-0106,IEX,NSE:IEX-EQ,46.77,47.25,46.33,46.48,69777,FYERS_HISTORY,2026-08-08T23:19:26+05:30
2019-07-10,SMD-0106,IEX,NSE:IEX-EQ,46.17,47.7,46.03,47.5,395742,FYERS_HISTORY,2026-08-08T23:19:26+05:30
2019-07-11,SMD-0106,IEX,NSE:IEX-EQ,47.5,48.33,47.17,48.0,202800,FYERS_HISTORY,2026-08-08T23:19:26+05:30
2019-07-12,SMD-0106,IEX,NSE:IEX-EQ,47.35,48.67,47.35,48.37,4107255,FYERS_HISTORY,2026-08-08T23:19:26+05:30
2019-07-15,SMD-0106,IEX,NSE:IEX-EQ,47.45,48.67,47.45,48.37,87072,FYERS_HISTORY,2026-08-08T23:19:26+05:30
2019-07-16,SMD-0106,IEX,NSE:IEX-EQ,48.33,48.95,48.27,48.33,75849,FYERS_HISTORY,2026-08-08T23:19:26+05:30
2019-07-17,SMD-0106,IEX,NSE:IEX-EQ,47.68,48.63,47.68,48.35,451758,FYERS_HISTORY,2026-08-08T23:19:26+05:30
2019-07-18,SMD-0106,IEX,NSE:IEX-EQ,48.33,48.62,48.1,48.33,87306,FYERS_HISTORY,2026-08-08T23:19:26+05:30
2019-07-19,SMD-0106,IEX,NSE:IEX-EQ,48.07,48.45,47.5,47.62,58995,FYERS_HISTORY,2026-08-08T23:19:26+05:30
2019-07-22,SMD-0106,IEX,NSE:IEX-EQ,47.63,48.45,47.0,47.73,47784,FYERS_HISTORY,2026-08-08T23:19:26+05:30
2019-07-23,SMD-0106,IEX,NSE:IEX-EQ,47.12,47.98,47.02,47.52,124941,FYERS_HISTORY,2026-08-08T23:19:26+05:30
2019-07-24,SMD-0106,IEX,NSE:IEX-EQ,47.38,48.25,47.38,48.0,679953,FYERS_HISTORY,2026-08-08T23:19:26+05:30
2019-07-25,SMD-0106,IEX,NSE:IEX-EQ,47.5,48.58,47.5,47.95,72024,FYERS_HISTORY,2026-08-08T23:19:26+05:30
2019-07-26,SMD-0106,IEX,NSE:IEX-EQ,47.4,48.33,47.4,47.62,20832,FYERS_HISTORY,2026-08-08T23:19:26+05:30
2019-07-29,SMD-0106,IEX,NSE:IEX-EQ,47.77,48.1,46.45,46.85,247575,FYERS_HISTORY,2026-08-08T23:19:26+05:30
2019-07-30,SMD-0106,IEX,NSE:IEX-EQ,46.85,47.55,46.35,47.1,51789,FYERS_HISTORY,2026-08-08T23:19:26+05:30
2019-07-31,SMD-0106,IEX,NSE:IEX-EQ,46.23,47.67,45.22,47.17,116598,FYERS_HISTORY,2026-08-08T23:19:26+05:30
2019-08-01,SMD-0106,IEX,NSE:IEX-EQ,47.17,48.0,46.48,47.83,103368,FYERS_HISTORY,2026-08-08T23:19:26+05:30
2019-08-02,SMD-0106,IEX,NSE:IEX-EQ,46.85,47.98,46.85,47.73,118023,FYERS_HISTORY,2026-08-08T23:19:26+05:30
2019-08-05,SMD-0106,IEX,NSE:IEX-EQ,47.67,48.32,46.37,47.9,996486,FYERS_HISTORY,2026-08-08T23:19:26+05:30
2019-08-06,SMD-0106,IEX,NSE:IEX-EQ,47.02,48.18,47.02,48.0,234384,FYERS_HISTORY,2026-08-08T23:19:26+05:30
2019-08-07,SMD-0106,IEX,NSE:IEX-EQ,48.0,48.58,48.0,48.33,239637,FYERS_HISTORY,2026-08-08T23:19:26+05:30
2019-08-08,SMD-0106,IEX,NSE:IEX-EQ,47.0,48.42,47.0,48.38,47391,FYERS_HISTORY,2026-08-08T23:19:26+05:30
2019-08-09,SMD-0106,IEX,NSE:IEX-EQ,48.03,50.0,46.88,49.8,195258,FYERS_HISTORY,2026-08-08T23:19:26+05:30
2019-08-13,SMD-0106,IEX,NSE:IEX-EQ,47.42,50.0,46.67,47.58,7576872,FYERS_HISTORY,2026-08-08T23:19:26+05:30
2019-08-14,SMD-0106,IEX,NSE:IEX-EQ,47.43,49.88,47.43,48.87,89082,FYERS_HISTORY,2026-08-08T23:19:26+05:30
2019-08-16,SMD-0106,IEX,NSE:IEX-EQ,48.87,49.98,47.52,47.78,2944512,FYERS_HISTORY,2026-08-08T23:19:26+05:30
2019-08-19,SMD-0106,IEX,NSE:IEX-EQ,47.67,49.32,46.87,48.0,1883484,FYERS_HISTORY,2026-08-08T23:19:26+05:30
2019-08-20,SMD-0106,IEX,NSE:IEX-EQ,47.77,49.23,46.33,47.17,193812,FYERS_HISTORY,2026-08-08T23:19:26+05:30
2019-08-21,SMD-0106,IEX,NSE:IEX-EQ,47.07,47.4,42.42,43.8,437421,FYERS_HISTORY,2026-08-08T23:19:26+05:30
2019-08-22,SMD-0106,IEX,NSE:IEX-EQ,43.2,45.58,43.2,44.8,535536,FYERS_HISTORY,2026-08-08T23:19:26+05:30
2019-08-23,SMD-0106,IEX,NSE:IEX-EQ,44.8,45.0,43.55,44.77,714825,FYERS_HISTORY,2026-08-08T23:19:26+05:30
2019-08-26,SMD-0106,IEX,NSE:IEX-EQ,46.63,46.63,44.08,45.0,60306,FYERS_HISTORY,2026-08-08T23:19:26+05:30
2019-08-27,SMD-0106,IEX,NSE:IEX-EQ,46.33,46.33,44.75,45.0,4713645,FYERS_HISTORY,2026-08-08T23:19:26+05:30
2019-08-28,SMD-0106,IEX,NSE:IEX-EQ,45.0,45.0,43.47,43.88,356298,FYERS_HISTORY,2026-08-08T23:19:26+05:30
2019-08-29,SMD-0106,IEX,NSE:IEX-EQ,43.97,44.58,42.7,43.97,55059,FYERS_HISTORY,2026-08-08T23:19:26+05:30
2019-08-30,SMD-0106,IEX,NSE:IEX-EQ,44.33,45.33,44.0,44.87,131700,FYERS_HISTORY,2026-08-08T23:19:26+05:30
2019-09-03,SMD-0106,IEX,NSE:IEX-EQ,44.0,44.98,44.0,44.75,31149,FYERS_HISTORY,2026-08-08T23:19:26+05:30
2019-09-04,SMD-0106,IEX,NSE:IEX-EQ,44.95,44.95,43.48,44.87,53475,FYERS_HISTORY,2026-08-08T23:19:26+05:30
2019-09-05,SMD-0106,IEX,NSE:IEX-EQ,44.87,45.15,43.75,45.0,202002,FYERS_HISTORY,2026-08-08T23:19:26+05:30
2019-09-06,SMD-0106,IEX,NSE:IEX-EQ,44.67,45.38,44.13,44.72,3042966,FYERS_HISTORY,2026-08-08T23:19:26+05:30
2019-09-09,SMD-0106,IEX,NSE:IEX-EQ,44.18,45.03,44.1,44.72,1663944,FYERS_HISTORY,2026-08-08T23:19:26+05:30
2019-09-11,SMD-0106,IEX,NSE:IEX-EQ,44.67,45.33,43.25,43.33,1547223,FYERS_HISTORY,2026-08-08T23:19:26+05:30
2019-09-12,SMD-0106,IEX,NSE:IEX-EQ,43.5,44.02,43.48,43.6,167292,FYERS_HISTORY,2026-08-08T23:19:26+05:30
2019-09-13,SMD-0106,IEX,NSE:IEX-EQ,43.53,44.0,37.35,39.38,25524321,FYERS_HISTORY,2026-08-08T23:19:26+05:30
2019-09-16,SMD-0106,IEX,NSE:IEX-EQ,38.98,40.8,38.78,40.05,3633927,FYERS_HISTORY,2026-08-08T23:19:26+05:30
2019-09-17,SMD-0106,IEX,NSE:IEX-EQ,40.43,41.1,39.37,39.43,1883331,FYERS_HISTORY,2026-08-08T23:19:26+05:30
2019-09-18,SMD-0106,IEX,NSE:IEX-EQ,39.95,40.93,38.95,40.3,1134480,FYERS_HISTORY,2026-08-08T23:19:26+05:30
2019-09-19,SMD-0106,IEX,NSE:IEX-EQ,40.63,40.82,39.87,40.18,478524,FYERS_HISTORY,2026-08-08T23:19:26+05:30
2019-09-20,SMD-0106,IEX,NSE:IEX-EQ,40.65,43.2,40.15,42.35,21948678,FYERS_HISTORY,2026-08-08T23:19:26+05:30
2019-09-23,SMD-0106,IEX,NSE:IEX-EQ,42.77,45.67,41.82,44.98,1893909,FYERS_HISTORY,2026-08-08T23:19:26+05:30
2019-09-24,SMD-0106,IEX,NSE:IEX-EQ,45.0,45.27,43.57,43.72,413136,FYERS_HISTORY,2026-08-08T23:19:26+05:30
2019-09-25,SMD-0106,IEX,NSE:IEX-EQ,44.23,44.23,41.87,42.42,714012,FYERS_HISTORY,2026-08-08T23:19:26+05:30
2019-09-26,SMD-0106,IEX,NSE:IEX-EQ,42.43,43.47,39.7,40.28,1682280,FYERS_HISTORY,2026-08-08T23:19:26+05:30
2019-09-27,SMD-0106,IEX,NSE:IEX-EQ,40.45,41.63,40.18,40.57,978432,FYERS_HISTORY,2026-08-08T23:19:26+05:30
2019-09-30,SMD-0106,IEX,NSE:IEX-EQ,40.33,41.4,39.67,40.22,434718,FYERS_HISTORY,2026-08-08T23:19:26+05:30
2019-10-01,SMD-0106,IEX,NSE:IEX-EQ,40.5,40.65,39.63,40.28,356616,FYERS_HISTORY,2026-08-08T23:19:26+05:30
2019-10-03,SMD-0106,IEX,NSE:IEX-EQ,40.0,41.33,39.83,41.0,295917,FYERS_HISTORY,2026-08-08T23:19:26+05:30
2019-10-04,SMD-0106,IEX,NSE:IEX-EQ,41.07,41.47,40.02,40.43,749466,FYERS_HISTORY,2026-08-08T23:19:26+05:30
2019-10-07,SMD-0106,IEX,NSE:IEX-EQ,40.88,41.0,39.95,40.57,219198,FYERS_HISTORY,2026-08-08T23:19:26+05:30
2019-10-09,SMD-0106,IEX,NSE:IEX-EQ,40.07,41.65,40.07,41.45,155733,FYERS_HISTORY,2026-08-08T23:19:26+05:30
2019-10-10,SMD-0106,IEX,NSE:IEX-EQ,41.07,42.27,40.75,41.5,202482,FYERS_HISTORY,2026-08-08T23:19:26+05:30
2019-10-11,SMD-0106,IEX,NSE:IEX-EQ,41.38,42.83,41.05,41.65,217230,FYERS_HISTORY,2026-08-08T23:19:26+05:30
2019-10-14,SMD-0106,IEX,NSE:IEX-EQ,41.4,42.3,40.1,40.43,481590,FYERS_HISTORY,2026-08-08T23:19:26+05:30
2019-10-15,SMD-0106,IEX,NSE:IEX-EQ,40.85,41.05,40.18,40.63,189414,FYERS_HISTORY,2026-08-08T23:19:26+05:30
2019-10-16,SMD-0106,IEX,NSE:IEX-EQ,40.98,42.5,40.22,41.55,621804,FYERS_HISTORY,2026-08-08T23:19:26+05:30
2019-10-17,SMD-0106,IEX,NSE:IEX-EQ,40.9,48.33,39.42,45.15,3467844,FYERS_HISTORY,2026-08-08T23:19:26+05:30
2019-10-18,SMD-0106,IEX,NSE:IEX-EQ,44.33,49.8,43.57,48.88,3233178,FYERS_HISTORY,2026-08-08T23:19:26+05:30
2019-10-22,SMD-0106,IEX,NSE:IEX-EQ,48.67,50.73,46.98,48.82,1086306,FYERS_HISTORY,2026-08-08T23:19:26+05:30
2019-10-23,SMD-0106,IEX,NSE:IEX-EQ,48.65,49.55,47.62,48.27,251472,FYERS_HISTORY,2026-08-08T23:19:26+05:30
2019-10-24,SMD-0106,IEX,NSE:IEX-EQ,48.77,49.0,45.6,46.75,427749,FYERS_HISTORY,2026-08-08T23:19:26+05:30
2019-10-25,SMD-0106,IEX,NSE:IEX-EQ,47.0,48.67,45.6,46.12,948456,FYERS_HISTORY,2026-08-08T23:19:26+05:30
2019-10-27,SMD-0106,IEX,NSE:IEX-EQ,46.33,47.22,45.68,46.05,89856,FYERS_HISTORY,2026-08-08T23:19:26+05:30
2019-10-29,SMD-0106,IEX,NSE:IEX-EQ,46.58,48.17,46.17,47.3,540957,FYERS_HISTORY,2026-08-08T23:19:26+05:30
2019-10-30,SMD-0106,IEX,NSE:IEX-EQ,47.57,47.97,46.98,47.45,263748,FYERS_HISTORY,2026-08-08T23:19:26+05:30
2019-10-31,SMD-0106,IEX,NSE:IEX-EQ,47.35,48.65,47.33,48.32,2547534,FYERS_HISTORY,2026-08-08T23:19:26+05:30
2019-11-01,SMD-0106,IEX,NSE:IEX-EQ,48.02,49.67,46.68,48.27,2578929,FYERS_HISTORY,2026-08-08T23:19:26+05:30
2019-11-04,SMD-0106,IEX,NSE:IEX-EQ,48.02,48.6,46.1,47.75,1246308,FYERS_HISTORY,2026-08-08T23:19:26+05:30
2019-11-05,SMD-0106,IEX,NSE:IEX-EQ,47.27,48.67,46.68,48.33,1727376,FYERS_HISTORY,2026-08-08T23:19:26+05:30
2019-11-06,SMD-0106,IEX,NSE:IEX-EQ,48.23,49.93,46.3,48.23,3907284,FYERS_HISTORY,2026-08-08T23:19:26+05:30
2019-11-07,SMD-0106,IEX,NSE:IEX-EQ,47.72,48.42,47.72,48.32,3081123,FYERS_HISTORY,2026-08-08T23:19:26+05:30
2019-11-08,SMD-0106,IEX,NSE:IEX-EQ,48.32,48.33,46.88,47.8,1518858,FYERS_HISTORY,2026-08-08T23:19:26+05:30
2019-11-11,SMD-0106,IEX,NSE:IEX-EQ,48.32,48.32,46.72,47.95,349992,FYERS_HISTORY,2026-08-08T23:19:26+05:30
2019-11-13,SMD-0106,IEX,NSE:IEX-EQ,46.67,48.0,46.37,47.35,391809,FYERS_HISTORY,2026-08-08T23:19:26+05:30
2019-11-14,SMD-0106,IEX,NSE:IEX-EQ,47.28,48.0,46.98,47.87,303987,FYERS_HISTORY,2026-08-08T23:19:26+05:30
2019-11-15,SMD-0106,IEX,NSE:IEX-EQ,47.5,47.83,47.2,47.67,1375605,FYERS_HISTORY,2026-08-08T23:19:26+05:30
2019-11-18,SMD-0106,IEX,NSE:IEX-EQ,47.67,48.28,47.08,47.7,1484070,FYERS_HISTORY,2026-08-08T23:19:26+05:30
2019-11-19,SMD-0106,IEX,NSE:IEX-EQ,47.77,48.03,47.55,47.78,1743717,FYERS_HISTORY,2026-08-08T23:19:26+05:30
2019-11-20,SMD-0106,IEX,NSE:IEX-EQ,47.78,48.05,47.3,47.72,245433,FYERS_HISTORY,2026-08-08T23:19:26+05:30
2019-11-21,SMD-0106,IEX,NSE:IEX-EQ,47.9,48.33,47.55,48.27,459003,FYERS_HISTORY,2026-08-08T23:19:26+05:30
2019-11-22,SMD-0106,IEX,NSE:IEX-EQ,48.07,49.93,47.33,48.5,817215,FYERS_HISTORY,2026-08-08T23:19:26+05:30
2019-11-25,SMD-0106,IEX,NSE:IEX-EQ,48.0,48.42,47.5,48.15,2850543,FYERS_HISTORY,2026-08-08T23:19:26+05:30
2019-11-26,SMD-0106,IEX,NSE:IEX-EQ,47.7,48.42,45.37,47.0,3316023,FYERS_HISTORY,2026-08-08T23:19:26+05:30
2019-11-27,SMD-0106,IEX,NSE:IEX-EQ,45.65,47.63,45.37,47.28,388674,FYERS_HISTORY,2026-08-08T23:19:26+05:30
2019-11-28,SMD-0106,IEX,NSE:IEX-EQ,47.25,48.93,46.85,48.32,9407148,FYERS_HISTORY,2026-08-08T23:19:26+05:30
2019-11-29,SMD-0106,IEX,NSE:IEX-EQ,48.5,48.5,46.33,46.62,1123704,FYERS_HISTORY,2026-08-08T23:19:26+05:30
2019-12-02,SMD-0106,IEX,NSE:IEX-EQ,46.33,47.17,45.68,46.37,536334,FYERS_HISTORY,2026-08-08T23:19:26+05:30
2019-12-03,SMD-0106,IEX,NSE:IEX-EQ,46.13,48.33,46.13,47.33,791838,FYERS_HISTORY,2026-08-08T23:19:26+05:30
2019-12-04,SMD-0106,IEX,NSE:IEX-EQ,46.67,48.0,46.67,47.67,2820444,FYERS_HISTORY,2026-08-08T23:19:26+05:30
2019-12-05,SMD-0106,IEX,NSE:IEX-EQ,47.97,47.97,46.67,46.77,133803,FYERS_HISTORY,2026-08-08T23:19:26+05:30
2019-12-06,SMD-0106,IEX,NSE:IEX-EQ,46.67,47.13,46.45,46.77,178488,FYERS_HISTORY,2026-08-08T23:19:26+05:30
2019-12-09,SMD-0106,IEX,NSE:IEX-EQ,46.57,47.42,46.22,46.72,591402,FYERS_HISTORY,2026-08-08T23:19:26+05:30
2019-12-10,SMD-0106,IEX,NSE:IEX-EQ,46.8,47.0,46.5,46.67,104466,FYERS_HISTORY,2026-08-08T23:19:26+05:30
2019-12-11,SMD-0106,IEX,NSE:IEX-EQ,46.42,47.0,45.8,46.35,225156,FYERS_HISTORY,2026-08-08T23:19:26+05:30
2019-12-12,SMD-0106,IEX,NSE:IEX-EQ,46.43,47.0,45.85,46.87,890073,FYERS_HISTORY,2026-08-08T23:19:26+05:30
2019-12-13,SMD-0106,IEX,NSE:IEX-EQ,46.83,47.3,46.22,46.68,344409,FYERS_HISTORY,2026-08-08T23:19:26+05:30
2019-12-16,SMD-0106,IEX,NSE:IEX-EQ,46.68,47.0,46.4,46.83,152007,FYERS_HISTORY,2026-08-08T23:19:26+05:30
2019-12-17,SMD-0106,IEX,NSE:IEX-EQ,47.3,47.53,46.65,47.33,169620,FYERS_HISTORY,2026-08-08T23:19:26+05:30
2019-12-18,SMD-0106,IEX,NSE:IEX-EQ,47.95,47.95,46.33,46.67,3953088,FYERS_HISTORY,2026-08-08T23:19:26+05:30
2019-12-19,SMD-0106,IEX,NSE:IEX-EQ,47.1,47.9,46.75,47.08,666249,FYERS_HISTORY,2026-08-08T23:19:26+05:30
2019-12-20,SMD-0106,IEX,NSE:IEX-EQ,47.17,47.55,46.6,47.3,166764,FYERS_HISTORY,2026-08-08T23:19:26+05:30
2019-12-23,SMD-0106,IEX,NSE:IEX-EQ,47.17,47.83,46.8,47.65,195987,FYERS_HISTORY,2026-08-08T23:19:26+05:30
2019-12-24,SMD-0106,IEX,NSE:IEX-EQ,47.63,48.17,46.85,47.45,479907,FYERS_HISTORY,2026-08-08T23:19:26+05:30
2019-12-26,SMD-0106,IEX,NSE:IEX-EQ,47.37,47.78,46.77,47.3,890154,FYERS_HISTORY,2026-08-08T23:19:26+05:30
2019-12-27,SMD-0106,IEX,NSE:IEX-EQ,46.83,47.57,46.83,47.48,205128,FYERS_HISTORY,2026-08-08T23:19:27+05:30
2019-12-30,SMD-0106,IEX,NSE:IEX-EQ,48.0,48.0,47.03,47.4,411645,FYERS_HISTORY,2026-08-08T23:19:27+05:30
2019-12-31,SMD-0106,IEX,NSE:IEX-EQ,47.43,47.78,47.02,47.6,451089,FYERS_HISTORY,2026-08-08T23:19:27+05:30
2020-01-01,SMD-0106,IEX,NSE:IEX-EQ,47.58,47.83,47.18,47.7,366237,FYERS_HISTORY,2026-08-08T23:19:27+05:30
2020-01-02,SMD-0106,IEX,NSE:IEX-EQ,48.33,51.33,47.22,50.22,3836169,FYERS_HISTORY,2026-08-08T23:19:27+05:30
2020-01-03,SMD-0106,IEX,NSE:IEX-EQ,50.95,54.13,50.73,53.3,3165942,FYERS_HISTORY,2026-08-08T23:19:27+05:30
2020-01-06,SMD-0106,IEX,NSE:IEX-EQ,54.0,57.97,51.97,56.05,5180730,FYERS_HISTORY,2026-08-08T23:19:27+05:30
2020-01-07,SMD-0106,IEX,NSE:IEX-EQ,56.67,57.93,53.7,55.18,1134051,FYERS_HISTORY,2026-08-08T23:19:27+05:30
2020-01-08,SMD-0106,IEX,NSE:IEX-EQ,52.67,57.4,52.42,55.42,920655,FYERS_HISTORY,2026-08-08T23:19:27+05:30
2020-01-09,SMD-0106,IEX,NSE:IEX-EQ,56.33,57.27,55.68,56.53,591552,FYERS_HISTORY,2026-08-08T23:19:27+05:30
2020-01-10,SMD-0106,IEX,NSE:IEX-EQ,56.67,63.17,56.28,59.27,3475305,FYERS_HISTORY,2026-08-08T23:19:27+05:30
2020-01-13,SMD-0106,IEX,NSE:IEX-EQ,59.67,60.42,57.47,58.9,840057,FYERS_HISTORY,2026-08-08T23:19:27+05:30
2020-01-14,SMD-0106,IEX,NSE:IEX-EQ,59.5,61.25,58.33,59.83,584232,FYERS_HISTORY,2026-08-08T23:19:27+05:30
2020-01-15,SMD-0106,IEX,NSE:IEX-EQ,60.47,62.67,58.67,61.82,816258,FYERS_HISTORY,2026-08-08T23:19:27+05:30
2020-01-16,SMD-0106,IEX,NSE:IEX-EQ,61.0,66.6,61.0,65.48,2004237,FYERS_HISTORY,2026-08-08T23:19:27+05:30
2020-01-17,SMD-0106,IEX,NSE:IEX-EQ,65.87,66.67,61.0,61.6,1237806,FYERS_HISTORY,2026-08-08T23:19:27+05:30
2020-01-20,SMD-0106,IEX,NSE:IEX-EQ,62.17,62.88,60.27,61.05,825588,FYERS_HISTORY,2026-08-08T23:19:27+05:30
2020-01-21,SMD-0106,IEX,NSE:IEX-EQ,60.67,63.12,60.28,61.58,602514,FYERS_HISTORY,2026-08-08T23:19:27+05:30
2020-01-22,SMD-0106,IEX,NSE:IEX-EQ,61.83,62.22,59.35,60.1,1867692,FYERS_HISTORY,2026-08-08T23:19:27+05:30
2020-01-23,SMD-0106,IEX,NSE:IEX-EQ,60.0,60.58,58.53,59.07,332871,FYERS_HISTORY,2026-08-08T23:19:27+05:30
2020-01-24,SMD-0106,IEX,NSE:IEX-EQ,59.28,60.17,58.2,59.05,558219,FYERS_HISTORY,2026-08-08T23:19:27+05:30
2020-01-27,SMD-0106,IEX,NSE:IEX-EQ,59.23,59.23,57.05,57.4,489999,FYERS_HISTORY,2026-08-08T23:19:27+05:30
2020-01-28,SMD-0106,IEX,NSE:IEX-EQ,57.98,57.98,55.83,56.63,1178142,FYERS_HISTORY,2026-08-08T23:19:27+05:30
2020-01-29,SMD-0106,IEX,NSE:IEX-EQ,56.92,57.28,55.33,55.57,639492,FYERS_HISTORY,2026-08-08T23:19:27+05:30
2020-01-30,SMD-0106,IEX,NSE:IEX-EQ,55.17,56.1,53.38,53.72,548850,FYERS_HISTORY,2026-08-08T23:19:27+05:30
2020-01-31,SMD-0106,IEX,NSE:IEX-EQ,53.17,56.67,51.72,54.92,876780,FYERS_HISTORY,2026-08-08T23:19:27+05:30
2020-02-01,SMD-0106,IEX,NSE:IEX-EQ,55.33,57.6,52.72,53.37,691200,FYERS_HISTORY,2026-08-08T23:19:27+05:30
2020-02-03,SMD-0106,IEX,NSE:IEX-EQ,53.37,53.37,50.82,51.6,590658,FYERS_HISTORY,2026-08-08T23:19:27+05:30
2020-02-04,SMD-0106,IEX,NSE:IEX-EQ,51.03,56.93,50.9,56.13,31095636,FYERS_HISTORY,2026-08-08T23:19:27+05:30
2020-02-05,SMD-0106,IEX,NSE:IEX-EQ,56.98,60.0,56.67,59.9,5093832,FYERS_HISTORY,2026-08-08T23:19:27+05:30
2020-02-06,SMD-0106,IEX,NSE:IEX-EQ,60.33,60.75,58.82,59.63,1532685,FYERS_HISTORY,2026-08-08T23:19:27+05:30
2020-02-07,SMD-0106,IEX,NSE:IEX-EQ,59.62,60.07,59.08,59.87,1570377,FYERS_HISTORY,2026-08-08T23:19:27+05:30
2020-02-10,SMD-0106,IEX,NSE:IEX-EQ,59.62,61.67,59.58,60.97,2397048,FYERS_HISTORY,2026-08-08T23:19:27+05:30
2020-02-11,SMD-0106,IEX,NSE:IEX-EQ,61.03,63.5,60.33,62.97,7848087,FYERS_HISTORY,2026-08-08T23:19:27+05:30
2020-02-12,SMD-0106,IEX,NSE:IEX-EQ,62.03,64.0,61.67,63.42,5746527,FYERS_HISTORY,2026-08-08T23:19:27+05:30
2020-02-13,SMD-0106,IEX,NSE:IEX-EQ,63.87,63.87,62.22,63.07,559587,FYERS_HISTORY,2026-08-08T23:19:27+05:30
2020-02-14,SMD-0106,IEX,NSE:IEX-EQ,63.0,63.33,61.8,63.28,929838,FYERS_HISTORY,2026-08-08T23:19:27+05:30
2020-02-17,SMD-0106,IEX,NSE:IEX-EQ,63.0,63.33,62.03,63.32,1298472,FYERS_HISTORY,2026-08-08T23:19:27+05:30
2020-02-18,SMD-0106,IEX,NSE:IEX-EQ,62.68,63.12,60.37,61.92,413196,FYERS_HISTORY,2026-08-08T23:19:27+05:30
2020-02-19,SMD-0106,IEX,NSE:IEX-EQ,61.82,62.62,59.67,62.03,680733,FYERS_HISTORY,2026-08-08T23:19:27+05:30
2020-02-20,SMD-0106,IEX,NSE:IEX-EQ,62.03,63.77,60.37,61.73,5283075,FYERS_HISTORY,2026-08-08T23:19:27+05:30
2020-02-24,SMD-0106,IEX,NSE:IEX-EQ,60.33,65.43,59.02,64.52,3001956,FYERS_HISTORY,2026-08-08T23:19:27+05:30
2020-02-25,SMD-0106,IEX,NSE:IEX-EQ,64.67,67.97,62.67,63.23,7108086,FYERS_HISTORY,2026-08-08T23:19:27+05:30
2020-02-26,SMD-0106,IEX,NSE:IEX-EQ,62.77,63.38,61.03,61.67,1318887,FYERS_HISTORY,2026-08-08T23:19:27+05:30
2020-02-27,SMD-0106,IEX,NSE:IEX-EQ,61.18,65.05,61.18,63.18,1046427,FYERS_HISTORY,2026-08-08T23:19:27+05:30
2020-02-28,SMD-0106,IEX,NSE:IEX-EQ,62.2,64.63,56.27,58.73,3184566,FYERS_HISTORY,2026-08-08T23:19:27+05:30
2020-03-02,SMD-0106,IEX,NSE:IEX-EQ,60.53,62.87,59.5,61.67,1780560,FYERS_HISTORY,2026-08-08T23:19:27+05:30
2020-03-03,SMD-0106,IEX,NSE:IEX-EQ,61.75,62.83,60.87,61.72,699225,FYERS_HISTORY,2026-08-08T23:19:27+05:30
2020-03-04,SMD-0106,IEX,NSE:IEX-EQ,61.83,64.28,61.02,62.13,1007250,FYERS_HISTORY,2026-08-08T23:19:27+05:30
2020-03-05,SMD-0106,IEX,NSE:IEX-EQ,62.68,63.23,60.88,62.12,619311,FYERS_HISTORY,2026-08-08T23:19:27+05:30
2020-03-06,SMD-0106,IEX,NSE:IEX-EQ,60.87,61.38,58.15,59.7,548058,FYERS_HISTORY,2026-08-08T23:19:27+05:30
2020-03-09,SMD-0106,IEX,NSE:IEX-EQ,58.0,58.93,56.42,56.98,3966255,FYERS_HISTORY,2026-08-08T23:19:27+05:30
2020-03-11,SMD-0106,IEX,NSE:IEX-EQ,56.98,60.0,54.4,56.67,844785,FYERS_HISTORY,2026-08-08T23:19:27+05:30
2020-03-12,SMD-0106,IEX,NSE:IEX-EQ,51.32,54.55,48.53,49.93,4493409,FYERS_HISTORY,2026-08-08T23:19:27+05:30
2020-03-13,SMD-0106,IEX,NSE:IEX-EQ,46.35,50.7,40.0,48.13,17710290,FYERS_HISTORY,2026-08-08T23:19:27+05:30
2020-03-16,SMD-0106,IEX,NSE:IEX-EQ,46.7,49.98,45.7,48.72,2188098,FYERS_HISTORY,2026-08-08T23:19:27+05:30
2020-03-17,SMD-0106,IEX,NSE:IEX-EQ,49.92,50.03,46.77,48.32,1115106,FYERS_HISTORY,2026-08-08T23:19:27+05:30
2020-03-18,SMD-0106,IEX,NSE:IEX-EQ,49.8,49.8,45.12,46.37,936918,FYERS_HISTORY,2026-08-08T23:19:27+05:30
2020-03-19,SMD-0106,IEX,NSE:IEX-EQ,45.0,46.2,40.67,44.95,3523977,FYERS_HISTORY,2026-08-08T23:19:27+05:30
2020-03-20,SMD-0106,IEX,NSE:IEX-EQ,46.5,47.8,43.72,45.45,4026750,FYERS_HISTORY,2026-08-08T23:19:27+05:30
2020-03-23,SMD-0106,IEX,NSE:IEX-EQ,43.33,46.18,40.0,43.3,578871,FYERS_HISTORY,2026-08-08T23:19:27+05:30
2020-03-24,SMD-0106,IEX,NSE:IEX-EQ,45.9,47.45,41.1,43.4,465261,FYERS_HISTORY,2026-08-08T23:19:27+05:30
2020-03-25,SMD-0106,IEX,NSE:IEX-EQ,43.4,43.4,38.67,40.2,2006550,FYERS_HISTORY,2026-08-08T23:19:27+05:30
2020-03-26,SMD-0106,IEX,NSE:IEX-EQ,40.0,42.67,40.0,40.68,4933668,FYERS_HISTORY,2026-08-08T23:19:27+05:30
2020-03-27,SMD-0106,IEX,NSE:IEX-EQ,42.33,44.73,41.05,43.62,5794185,FYERS_HISTORY,2026-08-08T23:19:27+05:30
2020-03-30,SMD-0106,IEX,NSE:IEX-EQ,44.0,44.33,41.02,43.18,774129,FYERS_HISTORY,2026-08-08T23:19:27+05:30
2020-03-31,SMD-0106,IEX,NSE:IEX-EQ,44.98,44.98,42.33,42.65,688350,FYERS_HISTORY,2026-08-08T23:19:27+05:30
2020-04-01,SMD-0106,IEX,NSE:IEX-EQ,43.3,43.73,41.37,43.2,469677,FYERS_HISTORY,2026-08-08T23:19:27+05:30
2020-04-03,SMD-0106,IEX,NSE:IEX-EQ,43.2,45.67,42.33,45.02,399525,FYERS_HISTORY,2026-08-08T23:19:27+05:30
2020-04-07,SMD-0106,IEX,NSE:IEX-EQ,45.67,49.9,45.67,48.32,2311803,FYERS_HISTORY,2026-08-08T23:19:27+05:30
2020-04-08,SMD-0106,IEX,NSE:IEX-EQ,47.33,49.52,45.0,45.75,3225909,FYERS_HISTORY,2026-08-08T23:19:27+05:30
2020-04-09,SMD-0106,IEX,NSE:IEX-EQ,46.65,49.0,46.3,48.33,774165,FYERS_HISTORY,2026-08-08T23:19:27+05:30
2020-04-13,SMD-0106,IEX,NSE:IEX-EQ,49.15,49.3,46.0,47.75,726432,FYERS_HISTORY,2026-08-08T23:19:27+05:30
2020-04-15,SMD-0106,IEX,NSE:IEX-EQ,49.28,52.58,47.9,49.25,2071446,FYERS_HISTORY,2026-08-08T23:19:27+05:30
2020-04-16,SMD-0106,IEX,NSE:IEX-EQ,49.67,52.48,48.75,50.93,1075293,FYERS_HISTORY,2026-08-08T23:19:27+05:30
2020-04-17,SMD-0106,IEX,NSE:IEX-EQ,52.0,53.0,50.82,51.75,474144,FYERS_HISTORY,2026-08-08T23:19:27+05:30
2020-04-20,SMD-0106,IEX,NSE:IEX-EQ,51.87,59.0,51.67,54.25,7216431,FYERS_HISTORY,2026-08-08T23:19:27+05:30
2020-04-21,SMD-0106,IEX,NSE:IEX-EQ,54.67,57.32,51.67,51.82,2231961,FYERS_HISTORY,2026-08-08T23:19:27+05:30
2020-04-22,SMD-0106,IEX,NSE:IEX-EQ,52.0,53.22,50.33,52.03,863502,FYERS_HISTORY,2026-08-08T23:19:27+05:30
2020-04-23,SMD-0106,IEX,NSE:IEX-EQ,52.45,52.82,51.17,52.32,1169556,FYERS_HISTORY,2026-08-08T23:19:27+05:30
2020-04-24,SMD-0106,IEX,NSE:IEX-EQ,52.32,54.13,50.85,52.1,1484172,FYERS_HISTORY,2026-08-08T23:19:27+05:30
2020-04-27,SMD-0106,IEX,NSE:IEX-EQ,53.33,53.65,51.38,51.93,1983846,FYERS_HISTORY,2026-08-08T23:19:27+05:30
2020-04-28,SMD-0106,IEX,NSE:IEX-EQ,52.6,53.33,51.1,52.07,656250,FYERS_HISTORY,2026-08-08T23:19:27+05:30
2020-04-29,SMD-0106,IEX,NSE:IEX-EQ,52.5,53.02,51.67,51.93,375864,FYERS_HISTORY,2026-08-08T23:19:27+05:30
2020-04-30,SMD-0106,IEX,NSE:IEX-EQ,52.0,52.52,49.37,49.97,1102935,FYERS_HISTORY,2026-08-08T23:19:27+05:30
2020-05-04,SMD-0106,IEX,NSE:IEX-EQ,49.67,49.93,47.15,48.18,2886297,FYERS_HISTORY,2026-08-08T23:19:27+05:30
2020-05-05,SMD-0106,IEX,NSE:IEX-EQ,48.67,49.4,46.67,47.25,1022034,FYERS_HISTORY,2026-08-08T23:19:27+05:30
2020-05-06,SMD-0106,IEX,NSE:IEX-EQ,47.82,49.0,47.62,48.65,2444940,FYERS_HISTORY,2026-08-08T23:19:27+05:30
2020-05-07,SMD-0106,IEX,NSE:IEX-EQ,48.97,48.97,47.52,48.23,1033197,FYERS_HISTORY,2026-08-08T23:19:27+05:30
2020-05-08,SMD-0106,IEX,NSE:IEX-EQ,48.65,48.88,47.55,48.0,406836,FYERS_HISTORY,2026-08-08T23:19:27+05:30
2020-05-11,SMD-0106,IEX,NSE:IEX-EQ,49.0,49.35,47.68,48.35,585774,FYERS_HISTORY,2026-08-08T23:19:27+05:30
2020-05-12,SMD-0106,IEX,NSE:IEX-EQ,48.67,49.33,47.2,48.17,711060,FYERS_HISTORY,2026-08-08T23:19:27+05:30
2020-05-13,SMD-0106,IEX,NSE:IEX-EQ,50.67,52.0,48.1,51.6,4341459,FYERS_HISTORY,2026-08-08T23:19:27+05:30
2020-05-14,SMD-0106,IEX,NSE:IEX-EQ,51.87,53.0,50.67,51.72,1644396,FYERS_HISTORY,2026-08-08T23:19:27+05:30
2020-05-15,SMD-0106,IEX,NSE:IEX-EQ,53.33,55.0,53.0,53.37,10324800,FYERS_HISTORY,2026-08-08T23:19:27+05:30
2020-05-18,SMD-0106,IEX,NSE:IEX-EQ,54.0,56.22,51.77,53.02,1543086,FYERS_HISTORY,2026-08-08T23:19:27+05:30
2020-05-19,SMD-0106,IEX,NSE:IEX-EQ,54.5,55.0,53.73,54.47,2900760,FYERS_HISTORY,2026-08-08T23:19:27+05:30
2020-05-20,SMD-0106,IEX,NSE:IEX-EQ,54.93,55.17,54.33,54.68,749262,FYERS_HISTORY,2026-08-08T23:19:27+05:30
2020-05-21,SMD-0106,IEX,NSE:IEX-EQ,55.47,55.47,54.35,54.67,4885434,FYERS_HISTORY,2026-08-08T23:19:27+05:30
2020-05-22,SMD-0106,IEX,NSE:IEX-EQ,54.18,55.17,53.02,54.92,530790,FYERS_HISTORY,2026-08-08T23:19:27+05:30
2020-05-26,SMD-0106,IEX,NSE:IEX-EQ,55.58,55.82,54.03,54.83,9865638,FYERS_HISTORY,2026-08-08T23:19:27+05:30
2020-05-27,SMD-0106,IEX,NSE:IEX-EQ,55.0,55.73,54.18,54.73,1079217,FYERS_HISTORY,2026-08-08T23:19:27+05:30
2020-05-28,SMD-0106,IEX,NSE:IEX-EQ,54.98,55.08,54.43,54.87,3793803,FYERS_HISTORY,2026-08-08T23:19:27+05:30
2020-05-29,SMD-0106,IEX,NSE:IEX-EQ,55.67,57.57,53.67,54.6,2366124,FYERS_HISTORY,2026-08-08T23:19:27+05:30
2020-06-01,SMD-0106,IEX,NSE:IEX-EQ,54.97,59.15,54.77,57.7,9112122,FYERS_HISTORY,2026-08-08T23:19:27+05:30
2020-06-02,SMD-0106,IEX,NSE:IEX-EQ,58.15,58.25,55.37,56.48,1392267,FYERS_HISTORY,2026-08-08T23:19:27+05:30
2020-06-03,SMD-0106,IEX,NSE:IEX-EQ,56.68,60.67,56.68,58.0,2244765,FYERS_HISTORY,2026-08-08T23:19:27+05:30
2020-06-04,SMD-0106,IEX,NSE:IEX-EQ,58.52,60.65,58.42,59.87,1709592,FYERS_HISTORY,2026-08-08T23:19:27+05:30
2020-06-05,SMD-0106,IEX,NSE:IEX-EQ,60.33,60.35,57.52,58.38,1037415,FYERS_HISTORY,2026-08-08T23:19:27+05:30
2020-06-08,SMD-0106,IEX,NSE:IEX-EQ,59.0,60.08,55.22,55.85,1628646,FYERS_HISTORY,2026-08-08T23:19:27+05:30
2020-06-09,SMD-0106,IEX,NSE:IEX-EQ,56.67,57.33,54.08,54.8,1236630,FYERS_HISTORY,2026-08-08T23:19:27+05:30
2020-06-10,SMD-0106,IEX,NSE:IEX-EQ,55.18,61.63,55.18,57.75,4447461,FYERS_HISTORY,2026-08-08T23:19:27+05:30
2020-06-11,SMD-0106,IEX,NSE:IEX-EQ,57.82,58.67,56.8,57.95,933720,FYERS_HISTORY,2026-08-08T23:19:27+05:30
2020-06-12,SMD-0106,IEX,NSE:IEX-EQ,56.93,58.15,55.95,57.22,1697019,FYERS_HISTORY,2026-08-08T23:19:27+05:30
2020-06-15,SMD-0106,IEX,NSE:IEX-EQ,57.67,60.8,57.52,59.62,1804065,FYERS_HISTORY,2026-08-08T23:19:27+05:30
2020-06-16,SMD-0106,IEX,NSE:IEX-EQ,60.7,62.47,59.1,61.75,2836185,FYERS_HISTORY,2026-08-08T23:19:27+05:30
2020-06-17,SMD-0106,IEX,NSE:IEX-EQ,61.77,62.33,60.18,60.92,1126383,FYERS_HISTORY,2026-08-08T23:19:27+05:30
2020-06-18,SMD-0106,IEX,NSE:IEX-EQ,60.82,62.85,59.7,60.08,1622436,FYERS_HISTORY,2026-08-08T23:19:27+05:30
2020-06-19,SMD-0106,IEX,NSE:IEX-EQ,60.25,64.67,60.25,63.1,2373456,FYERS_HISTORY,2026-08-08T23:19:27+05:30
2020-06-22,SMD-0106,IEX,NSE:IEX-EQ,65.33,67.3,63.0,63.25,3013113,FYERS_HISTORY,2026-08-08T23:19:27+05:30
2020-06-23,SMD-0106,IEX,NSE:IEX-EQ,64.0,64.12,62.07,62.27,1209405,FYERS_HISTORY,2026-08-08T23:19:27+05:30
2020-06-24,SMD-0106,IEX,NSE:IEX-EQ,63.33,63.67,61.0,61.65,1910202,FYERS_HISTORY,2026-08-08T23:19:27+05:30
2020-06-25,SMD-0106,IEX,NSE:IEX-EQ,61.32,62.32,61.0,61.58,697176,FYERS_HISTORY,2026-08-08T23:19:27+05:30
2020-06-26,SMD-0106,IEX,NSE:IEX-EQ,62.08,62.5,61.4,62.03,1193268,FYERS_HISTORY,2026-08-08T23:19:27+05:30
2020-06-29,SMD-0106,IEX,NSE:IEX-EQ,63.0,63.0,60.58,61.03,1498755,FYERS_HISTORY,2026-08-08T23:19:27+05:30
2020-06-30,SMD-0106,IEX,NSE:IEX-EQ,61.7,61.88,59.0,59.92,1306545,FYERS_HISTORY,2026-08-08T23:19:27+05:30
2020-07-01,SMD-0106,IEX,NSE:IEX-EQ,60.25,63.33,59.4,59.95,3442824,FYERS_HISTORY,2026-08-08T23:19:27+05:30
2020-07-02,SMD-0106,IEX,NSE:IEX-EQ,60.62,61.83,60.58,61.28,738081,FYERS_HISTORY,2026-08-08T23:19:27+05:30
2020-07-03,SMD-0106,IEX,NSE:IEX-EQ,61.3,63.33,61.28,62.62,1549200,FYERS_HISTORY,2026-08-08T23:19:27+05:30
2020-07-06,SMD-0106,IEX,NSE:IEX-EQ,63.33,65.2,63.3,63.65,1980327,FYERS_HISTORY,2026-08-08T23:19:27+05:30
2020-07-07,SMD-0106,IEX,NSE:IEX-EQ,63.93,64.17,61.5,62.87,1579509,FYERS_HISTORY,2026-08-08T23:19:27+05:30
2020-07-08,SMD-0106,IEX,NSE:IEX-EQ,63.3,63.97,62.03,62.48,1247550,FYERS_HISTORY,2026-08-08T23:19:27+05:30
2020-07-09,SMD-0106,IEX,NSE:IEX-EQ,62.98,63.67,61.43,62.08,1073301,FYERS_HISTORY,2026-08-08T23:19:27+05:30
2020-07-10,SMD-0106,IEX,NSE:IEX-EQ,61.9,62.7,61.52,61.77,1000995,FYERS_HISTORY,2026-08-08T23:19:27+05:30
2020-07-13,SMD-0106,IEX,NSE:IEX-EQ,61.67,62.67,60.97,61.95,1210476,FYERS_HISTORY,2026-08-08T23:19:27+05:30
2020-07-14,SMD-0106,IEX,NSE:IEX-EQ,62.1,65.9,61.8,62.65,2648598,FYERS_HISTORY,2026-08-08T23:19:27+05:30
2020-07-15,SMD-0106,IEX,NSE:IEX-EQ,63.3,64.42,61.83,62.53,2736561,FYERS_HISTORY,2026-08-08T23:19:27+05:30
2020-07-16,SMD-0106,IEX,NSE:IEX-EQ,62.82,63.33,61.43,61.83,1432638,FYERS_HISTORY,2026-08-08T23:19:27+05:30
2020-07-17,SMD-0106,IEX,NSE:IEX-EQ,62.13,62.9,61.43,62.15,1303137,FYERS_HISTORY,2026-08-08T23:19:27+05:30
2020-07-20,SMD-0106,IEX,NSE:IEX-EQ,62.48,62.58,58.38,58.6,4261449,FYERS_HISTORY,2026-08-08T23:19:27+05:30
2020-07-21,SMD-0106,IEX,NSE:IEX-EQ,58.43,59.4,57.02,57.63,3252447,FYERS_HISTORY,2026-08-08T23:19:27+05:30
2020-07-22,SMD-0106,IEX,NSE:IEX-EQ,57.33,58.67,56.75,58.17,1969167,FYERS_HISTORY,2026-08-08T23:19:27+05:30
2020-07-23,SMD-0106,IEX,NSE:IEX-EQ,58.58,58.8,57.12,57.68,1403784,FYERS_HISTORY,2026-08-08T23:19:27+05:30
2020-07-24,SMD-0106,IEX,NSE:IEX-EQ,57.67,59.32,57.35,58.3,2669142,FYERS_HISTORY,2026-08-08T23:19:27+05:30
2020-07-27,SMD-0106,IEX,NSE:IEX-EQ,58.58,58.58,57.23,57.75,973707,FYERS_HISTORY,2026-08-08T23:19:27+05:30
2020-07-28,SMD-0106,IEX,NSE:IEX-EQ,57.83,58.92,57.78,58.45,1008936,FYERS_HISTORY,2026-08-08T23:19:27+05:30
2020-07-29,SMD-0106,IEX,NSE:IEX-EQ,59.23,61.63,59.0,60.4,6759054,FYERS_HISTORY,2026-08-08T23:19:27+05:30
2020-07-30,SMD-0106,IEX,NSE:IEX-EQ,61.0,61.92,59.17,60.03,2746368,FYERS_HISTORY,2026-08-08T23:19:27+05:30
2020-07-31,SMD-0106,IEX,NSE:IEX-EQ,59.97,60.5,58.75,59.73,3522882,FYERS_HISTORY,2026-08-08T23:19:27+05:30
2020-08-03,SMD-0106,IEX,NSE:IEX-EQ,60.0,60.08,58.22,58.52,3484575,FYERS_HISTORY,2026-08-08T23:19:27+05:30
2020-08-04,SMD-0106,IEX,NSE:IEX-EQ,58.83,60.45,58.63,59.68,1198728,FYERS_HISTORY,2026-08-08T23:19:27+05:30
2020-08-05,SMD-0106,IEX,NSE:IEX-EQ,60.0,62.67,59.25,60.87,2989524,FYERS_HISTORY,2026-08-08T23:19:27+05:30
2020-08-06,SMD-0106,IEX,NSE:IEX-EQ,61.33,62.8,60.62,62.35,4413552,FYERS_HISTORY,2026-08-08T23:19:27+05:30
2020-08-07,SMD-0106,IEX,NSE:IEX-EQ,62.92,64.0,60.78,61.18,3062379,FYERS_HISTORY,2026-08-08T23:19:27+05:30
2020-08-10,SMD-0106,IEX,NSE:IEX-EQ,61.9,66.33,61.75,64.82,6950331,FYERS_HISTORY,2026-08-08T23:19:27+05:30
2020-08-11,SMD-0106,IEX,NSE:IEX-EQ,65.38,66.97,62.83,63.78,4091793,FYERS_HISTORY,2026-08-08T23:19:27+05:30
2020-08-12,SMD-0106,IEX,NSE:IEX-EQ,63.85,65.27,63.1,64.08,1868400,FYERS_HISTORY,2026-08-08T23:19:27+05:30
2020-08-13,SMD-0106,IEX,NSE:IEX-EQ,64.57,65.05,63.18,63.33,1459197,FYERS_HISTORY,2026-08-08T23:19:27+05:30
2020-08-14,SMD-0106,IEX,NSE:IEX-EQ,63.72,63.83,61.02,61.8,1570983,FYERS_HISTORY,2026-08-08T23:19:27+05:30
2020-08-17,SMD-0106,IEX,NSE:IEX-EQ,62.27,62.85,61.33,61.87,1008243,FYERS_HISTORY,2026-08-08T23:19:27+05:30
2020-08-18,SMD-0106,IEX,NSE:IEX-EQ,62.53,62.53,61.5,61.73,1482153,FYERS_HISTORY,2026-08-08T23:19:27+05:30
2020-08-19,SMD-0106,IEX,NSE:IEX-EQ,62.02,64.2,61.85,63.37,5737188,FYERS_HISTORY,2026-08-08T23:19:27+05:30
2020-08-20,SMD-0106,IEX,NSE:IEX-EQ,63.67,64.8,62.73,63.15,2031936,FYERS_HISTORY,2026-08-08T23:19:27+05:30
2020-08-21,SMD-0106,IEX,NSE:IEX-EQ,63.63,64.18,62.68,62.9,1683705,FYERS_HISTORY,2026-08-08T23:19:27+05:30
2020-08-24,SMD-0106,IEX,NSE:IEX-EQ,62.8,64.33,62.67,63.77,3324900,FYERS_HISTORY,2026-08-08T23:19:27+05:30
2020-08-25,SMD-0106,IEX,NSE:IEX-EQ,65.08,65.5,63.67,64.1,4422279,FYERS_HISTORY,2026-08-08T23:19:27+05:30
2020-08-26,SMD-0106,IEX,NSE:IEX-EQ,64.5,64.67,63.5,63.68,1582299,FYERS_HISTORY,2026-08-08T23:19:27+05:30
2020-08-27,SMD-0106,IEX,NSE:IEX-EQ,63.98,64.33,62.75,63.8,2541135,FYERS_HISTORY,2026-08-08T23:19:27+05:30
2020-08-28,SMD-0106,IEX,NSE:IEX-EQ,64.55,64.55,62.88,64.27,11047323,FYERS_HISTORY,2026-08-08T23:19:27+05:30
2020-08-31,SMD-0106,IEX,NSE:IEX-EQ,66.17,66.33,60.75,64.28,5483751,FYERS_HISTORY,2026-08-08T23:19:27+05:30
2020-09-01,SMD-0106,IEX,NSE:IEX-EQ,64.17,64.33,62.67,64.02,1542018,FYERS_HISTORY,2026-08-08T23:19:27+05:30
2020-09-02,SMD-0106,IEX,NSE:IEX-EQ,64.0,64.55,63.67,64.33,3829764,FYERS_HISTORY,2026-08-08T23:19:27+05:30
2020-09-03,SMD-0106,IEX,NSE:IEX-EQ,64.5,65.95,64.5,65.02,3128247,FYERS_HISTORY,2026-08-08T23:19:27+05:30
2020-09-04,SMD-0106,IEX,NSE:IEX-EQ,64.5,64.88,63.23,63.68,2454198,FYERS_HISTORY,2026-08-08T23:19:27+05:30
2020-09-07,SMD-0106,IEX,NSE:IEX-EQ,64.02,64.35,63.0,63.33,987051,FYERS_HISTORY,2026-08-08T23:19:27+05:30
2020-09-08,SMD-0106,IEX,NSE:IEX-EQ,63.42,64.08,62.33,63.95,3124569,FYERS_HISTORY,2026-08-08T23:19:27+05:30
2020-09-09,SMD-0106,IEX,NSE:IEX-EQ,63.9,63.9,62.6,62.9,1307577,FYERS_HISTORY,2026-08-08T23:19:27+05:30
2020-09-10,SMD-0106,IEX,NSE:IEX-EQ,63.07,65.15,62.5,64.17,5443992,FYERS_HISTORY,2026-08-08T23:19:27+05:30
2020-09-11,SMD-0106,IEX,NSE:IEX-EQ,64.15,64.65,63.05,63.43,2017032,FYERS_HISTORY,2026-08-08T23:19:27+05:30
2020-09-14,SMD-0106,IEX,NSE:IEX-EQ,64.08,70.58,64.08,68.75,23828691,FYERS_HISTORY,2026-08-08T23:19:27+05:30
2020-09-15,SMD-0106,IEX,NSE:IEX-EQ,70.67,71.6,67.02,68.27,12239613,FYERS_HISTORY,2026-08-08T23:19:27+05:30
2020-09-16,SMD-0106,IEX,NSE:IEX-EQ,68.9,73.1,68.08,70.33,13717572,FYERS_HISTORY,2026-08-08T23:19:27+05:30
2020-09-17,SMD-0106,IEX,NSE:IEX-EQ,70.27,71.0,68.53,69.18,5906250,FYERS_HISTORY,2026-08-08T23:19:27+05:30
2020-09-18,SMD-0106,IEX,NSE:IEX-EQ,69.28,70.1,67.47,68.97,6924051,FYERS_HISTORY,2026-08-08T23:19:27+05:30
2020-09-21,SMD-0106,IEX,NSE:IEX-EQ,69.43,70.07,64.0,65.15,6928230,FYERS_HISTORY,2026-08-08T23:19:27+05:30
2020-09-22,SMD-0106,IEX,NSE:IEX-EQ,65.03,65.87,61.07,63.98,9356244,FYERS_HISTORY,2026-08-08T23:19:27+05:30
2020-09-23,SMD-0106,IEX,NSE:IEX-EQ,64.93,65.85,61.4,63.28,6802833,FYERS_HISTORY,2026-08-08T23:19:27+05:30
2020-09-24,SMD-0106,IEX,NSE:IEX-EQ,62.67,64.93,61.68,63.58,6094416,FYERS_HISTORY,2026-08-08T23:19:27+05:30
2020-09-25,SMD-0106,IEX,NSE:IEX-EQ,64.58,64.78,62.85,63.4,3134709,FYERS_HISTORY,2026-08-08T23:19:27+05:30
2020-09-28,SMD-0106,IEX,NSE:IEX-EQ,63.87,68.3,63.52,66.6,5536347,FYERS_HISTORY,2026-08-08T23:19:27+05:30
2020-09-29,SMD-0106,IEX,NSE:IEX-EQ,67.83,70.63,66.32,69.8,7302258,FYERS_HISTORY,2026-08-08T23:19:27+05:30
2020-09-30,SMD-0106,IEX,NSE:IEX-EQ,70.28,70.55,68.03,69.28,2955297,FYERS_HISTORY,2026-08-08T23:19:27+05:30
2020-10-01,SMD-0106,IEX,NSE:IEX-EQ,69.95,71.93,68.33,68.67,4873926,FYERS_HISTORY,2026-08-08T23:19:27+05:30
2020-10-05,SMD-0106,IEX,NSE:IEX-EQ,69.1,72.27,69.0,71.92,6586911,FYERS_HISTORY,2026-08-08T23:19:27+05:30
2020-10-06,SMD-0106,IEX,NSE:IEX-EQ,72.38,72.6,70.5,71.27,2007330,FYERS_HISTORY,2026-08-08T23:19:27+05:30
2020-10-07,SMD-0106,IEX,NSE:IEX-EQ,71.63,71.63,67.67,68.15,2370984,FYERS_HISTORY,2026-08-08T23:19:27+05:30
2020-10-08,SMD-0106,IEX,NSE:IEX-EQ,68.33,69.18,65.03,65.43,3214812,FYERS_HISTORY,2026-08-08T23:19:27+05:30
2020-10-09,SMD-0106,IEX,NSE:IEX-EQ,65.8,66.52,64.13,64.62,4103256,FYERS_HISTORY,2026-08-08T23:19:27+05:30
2020-10-12,SMD-0106,IEX,NSE:IEX-EQ,64.9,65.33,63.0,63.33,2112312,FYERS_HISTORY,2026-08-08T23:19:27+05:30
2020-10-13,SMD-0106,IEX,NSE:IEX-EQ,63.6,65.95,62.78,65.22,3396288,FYERS_HISTORY,2026-08-08T23:19:27+05:30
2020-10-14,SMD-0106,IEX,NSE:IEX-EQ,64.67,65.85,63.33,65.65,4200195,FYERS_HISTORY,2026-08-08T23:19:27+05:30
2020-10-15,SMD-0106,IEX,NSE:IEX-EQ,66.07,66.07,64.22,64.53,1673439,FYERS_HISTORY,2026-08-08T23:19:27+05:30
2020-10-16,SMD-0106,IEX,NSE:IEX-EQ,65.0,65.25,64.12,65.0,1203186,FYERS_HISTORY,2026-08-08T23:19:27+05:30
2020-10-19,SMD-0106,IEX,NSE:IEX-EQ,65.53,67.77,64.52,66.92,2610588,FYERS_HISTORY,2026-08-08T23:19:27+05:30
2020-10-20,SMD-0106,IEX,NSE:IEX-EQ,67.1,67.45,65.52,66.27,1822752,FYERS_HISTORY,2026-08-08T23:19:27+05:30
2020-10-21,SMD-0106,IEX,NSE:IEX-EQ,66.9,66.9,64.1,64.77,3345642,FYERS_HISTORY,2026-08-08T23:19:27+05:30
2020-10-22,SMD-0106,IEX,NSE:IEX-EQ,65.13,65.85,64.38,65.35,1596501,FYERS_HISTORY,2026-08-08T23:19:27+05:30
2020-10-23,SMD-0106,IEX,NSE:IEX-EQ,65.68,66.08,64.03,64.95,2477049,FYERS_HISTORY,2026-08-08T23:19:27+05:30
2020-10-26,SMD-0106,IEX,NSE:IEX-EQ,65.42,65.42,64.07,64.27,4315281,FYERS_HISTORY,2026-08-08T23:19:27+05:30
2020-10-27,SMD-0106,IEX,NSE:IEX-EQ,64.6,65.8,64.08,64.65,2192094,FYERS_HISTORY,2026-08-08T23:19:27+05:30
2020-10-28,SMD-0106,IEX,NSE:IEX-EQ,64.67,65.2,64.27,64.48,2925009,FYERS_HISTORY,2026-08-08T23:19:27+05:30
2020-10-29,SMD-0106,IEX,NSE:IEX-EQ,64.0,65.3,63.83,64.45,4358622,FYERS_HISTORY,2026-08-08T23:19:27+05:30
2020-10-30,SMD-0106,IEX,NSE:IEX-EQ,65.03,65.55,63.67,63.77,3007629,FYERS_HISTORY,2026-08-08T23:19:27+05:30
2020-11-02,SMD-0106,IEX,NSE:IEX-EQ,64.0,64.5,61.57,61.88,3067641,FYERS_HISTORY,2026-08-08T23:19:27+05:30
2020-11-03,SMD-0106,IEX,NSE:IEX-EQ,62.33,63.42,61.67,61.98,1404681,FYERS_HISTORY,2026-08-08T23:19:27+05:30
2020-11-04,SMD-0106,IEX,NSE:IEX-EQ,62.1,62.55,60.33,60.42,2470596,FYERS_HISTORY,2026-08-08T23:19:27+05:30
2020-11-05,SMD-0106,IEX,NSE:IEX-EQ,61.18,62.5,61.0,62.27,1275318,FYERS_HISTORY,2026-08-08T23:19:27+05:30
2020-11-06,SMD-0106,IEX,NSE:IEX-EQ,62.33,65.17,62.33,64.8,2277402,FYERS_HISTORY,2026-08-08T23:19:27+05:30
2020-11-09,SMD-0106,IEX,NSE:IEX-EQ,65.17,67.15,64.85,65.57,3298758,FYERS_HISTORY,2026-08-08T23:19:27+05:30
2020-11-10,SMD-0106,IEX,NSE:IEX-EQ,65.67,68.25,65.6,67.22,4079040,FYERS_HISTORY,2026-08-08T23:19:27+05:30
2020-11-11,SMD-0106,IEX,NSE:IEX-EQ,67.33,69.12,66.67,68.08,2254440,FYERS_HISTORY,2026-08-08T23:19:27+05:30
2020-11-12,SMD-0106,IEX,NSE:IEX-EQ,68.23,70.0,67.4,69.57,2807421,FYERS_HISTORY,2026-08-08T23:19:27+05:30
2020-11-13,SMD-0106,IEX,NSE:IEX-EQ,69.57,71.15,68.63,68.98,1996302,FYERS_HISTORY,2026-08-08T23:19:27+05:30
2020-11-14,SMD-0106,IEX,NSE:IEX-EQ,69.93,70.0,68.47,68.92,528198,FYERS_HISTORY,2026-08-08T23:19:27+05:30
2020-11-17,SMD-0106,IEX,NSE:IEX-EQ,68.92,71.15,68.87,69.42,2315913,FYERS_HISTORY,2026-08-08T23:19:27+05:30
2020-11-18,SMD-0106,IEX,NSE:IEX-EQ,69.5,70.23,69.0,69.45,1362843,FYERS_HISTORY,2026-08-08T23:19:27+05:30
2020-11-19,SMD-0106,IEX,NSE:IEX-EQ,69.43,70.07,68.13,68.48,1243350,FYERS_HISTORY,2026-08-08T23:19:27+05:30
2020-11-20,SMD-0106,IEX,NSE:IEX-EQ,68.48,69.4,67.9,68.38,1495272,FYERS_HISTORY,2026-08-08T23:19:27+05:30
2020-11-23,SMD-0106,IEX,NSE:IEX-EQ,68.68,69.28,67.8,68.87,1204479,FYERS_HISTORY,2026-08-08T23:19:27+05:30
2020-11-24,SMD-0106,IEX,NSE:IEX-EQ,69.2,71.4,68.77,70.75,2339997,FYERS_HISTORY,2026-08-08T23:19:27+05:30
2020-11-25,SMD-0106,IEX,NSE:IEX-EQ,71.3,72.3,69.17,70.58,2299002,FYERS_HISTORY,2026-08-08T23:19:27+05:30
2020-11-26,SMD-0106,IEX,NSE:IEX-EQ,70.58,71.62,70.35,70.87,1833171,FYERS_HISTORY,2026-08-08T23:19:27+05:30
2020-11-27,SMD-0106,IEX,NSE:IEX-EQ,71.0,73.0,70.58,72.57,5136309,FYERS_HISTORY,2026-08-08T23:19:27+05:30
2020-12-01,SMD-0106,IEX,NSE:IEX-EQ,73.17,74.5,71.38,72.67,5363349,FYERS_HISTORY,2026-08-08T23:19:27+05:30
2020-12-02,SMD-0106,IEX,NSE:IEX-EQ,73.33,74.27,71.38,72.27,2502759,FYERS_HISTORY,2026-08-08T23:19:27+05:30
2020-12-03,SMD-0106,IEX,NSE:IEX-EQ,73.37,73.67,71.35,71.67,2021112,FYERS_HISTORY,2026-08-08T23:19:27+05:30
2020-12-04,SMD-0106,IEX,NSE:IEX-EQ,72.1,72.67,70.72,71.83,1477872,FYERS_HISTORY,2026-08-08T23:19:27+05:30
2020-12-07,SMD-0106,IEX,NSE:IEX-EQ,72.13,72.68,71.3,71.42,1495551,FYERS_HISTORY,2026-08-08T23:19:27+05:30
2020-12-08,SMD-0106,IEX,NSE:IEX-EQ,72.3,73.02,70.93,71.4,3616782,FYERS_HISTORY,2026-08-08T23:19:27+05:30
2020-12-09,SMD-0106,IEX,NSE:IEX-EQ,72.13,74.17,71.45,72.85,4817547,FYERS_HISTORY,2026-08-08T23:19:27+05:30
2020-12-10,SMD-0106,IEX,NSE:IEX-EQ,72.83,74.55,71.57,73.68,3628137,FYERS_HISTORY,2026-08-08T23:19:27+05:30
2020-12-11,SMD-0106,IEX,NSE:IEX-EQ,74.42,75.0,72.18,72.45,2272821,FYERS_HISTORY,2026-08-08T23:19:27+05:30
2020-12-14,SMD-0106,IEX,NSE:IEX-EQ,72.78,73.43,70.52,71.07,3064284,FYERS_HISTORY,2026-08-08T23:19:27+05:30
2020-12-15,SMD-0106,IEX,NSE:IEX-EQ,71.13,73.5,69.45,73.0,2364009,FYERS_HISTORY,2026-08-08T23:19:27+05:30
2020-12-16,SMD-0106,IEX,NSE:IEX-EQ,73.33,73.97,72.43,73.22,2771346,FYERS_HISTORY,2026-08-08T23:19:27+05:30
2020-12-17,SMD-0106,IEX,NSE:IEX-EQ,72.68,74.85,72.68,73.1,1750011,FYERS_HISTORY,2026-08-08T23:19:27+05:30
2020-12-18,SMD-0106,IEX,NSE:IEX-EQ,73.1,73.33,71.43,72.47,1901643,FYERS_HISTORY,2026-08-08T23:19:27+05:30
2020-12-21,SMD-0106,IEX,NSE:IEX-EQ,72.67,73.3,66.57,68.58,1978230,FYERS_HISTORY,2026-08-08T23:19:27+05:30
2020-12-22,SMD-0106,IEX,NSE:IEX-EQ,68.67,71.33,67.53,71.07,2799189,FYERS_HISTORY,2026-08-08T23:19:27+05:30
2020-12-23,SMD-0106,IEX,NSE:IEX-EQ,71.73,72.1,70.97,71.35,564582,FYERS_HISTORY,2026-08-08T23:19:27+05:30
2020-12-24,SMD-0106,IEX,NSE:IEX-EQ,71.45,72.63,70.83,71.03,1506075,FYERS_HISTORY,2026-08-08T23:19:27+05:30
2020-12-28,SMD-0106,IEX,NSE:IEX-EQ,71.57,71.98,71.25,71.6,1502901,FYERS_HISTORY,2026-08-08T23:19:27+05:30
2020-12-29,SMD-0106,IEX,NSE:IEX-EQ,71.93,72.83,71.4,72.52,1204266,FYERS_HISTORY,2026-08-08T23:19:27+05:30
2020-12-30,SMD-0106,IEX,NSE:IEX-EQ,72.98,75.65,71.85,74.3,2960940,FYERS_HISTORY,2026-08-08T23:19:27+05:30
2020-12-31,SMD-0106,IEX,NSE:IEX-EQ,75.8,77.55,75.02,75.97,6497118,FYERS_HISTORY,2026-08-08T23:19:27+05:30
2021-01-01,SMD-0106,IEX,NSE:IEX-EQ,76.32,76.47,68.1,73.4,1999962,FYERS_HISTORY,2026-08-08T23:19:27+05:30
2021-01-04,SMD-0106,IEX,NSE:IEX-EQ,73.92,76.7,72.75,76.3,5528469,FYERS_HISTORY,2026-08-08T23:19:27+05:30
2021-01-05,SMD-0106,IEX,NSE:IEX-EQ,76.3,76.3,73.23,73.4,4155864,FYERS_HISTORY,2026-08-08T23:19:27+05:30
2021-01-06,SMD-0106,IEX,NSE:IEX-EQ,73.33,74.83,73.33,74.0,1948929,FYERS_HISTORY,2026-08-08T23:19:27+05:30
2021-01-07,SMD-0106,IEX,NSE:IEX-EQ,75.0,75.23,73.5,74.07,1745529,FYERS_HISTORY,2026-08-08T23:19:27+05:30
2021-01-08,SMD-0106,IEX,NSE:IEX-EQ,74.53,75.07,73.95,74.4,4860501,FYERS_HISTORY,2026-08-08T23:19:27+05:30
2021-01-11,SMD-0106,IEX,NSE:IEX-EQ,74.97,75.78,74.42,75.08,3577884,FYERS_HISTORY,2026-08-08T23:19:27+05:30
2021-01-12,SMD-0106,IEX,NSE:IEX-EQ,75.33,75.9,74.1,75.25,3004782,FYERS_HISTORY,2026-08-08T23:19:27+05:30
2021-01-13,SMD-0106,IEX,NSE:IEX-EQ,75.63,75.63,74.0,74.45,2578002,FYERS_HISTORY,2026-08-08T23:19:27+05:30
2021-01-14,SMD-0106,IEX,NSE:IEX-EQ,74.95,77.18,74.45,76.68,3139047,FYERS_HISTORY,2026-08-08T23:19:27+05:30
2021-01-15,SMD-0106,IEX,NSE:IEX-EQ,76.67,79.57,75.2,78.22,3244422,FYERS_HISTORY,2026-08-08T23:19:27+05:30
2021-01-18,SMD-0106,IEX,NSE:IEX-EQ,79.33,84.42,77.17,80.03,10284327,FYERS_HISTORY,2026-08-08T23:19:27+05:30
2021-01-19,SMD-0106,IEX,NSE:IEX-EQ,79.5,81.5,78.37,81.08,3075261,FYERS_HISTORY,2026-08-08T23:19:27+05:30
2021-01-20,SMD-0106,IEX,NSE:IEX-EQ,81.57,82.83,80.52,81.85,9970632,FYERS_HISTORY,2026-08-08T23:19:27+05:30
2021-01-21,SMD-0106,IEX,NSE:IEX-EQ,82.97,82.97,79.33,80.2,2037117,FYERS_HISTORY,2026-08-08T23:19:27+05:30
2021-01-22,SMD-0106,IEX,NSE:IEX-EQ,83.33,83.58,76.88,77.65,7502043,FYERS_HISTORY,2026-08-08T23:19:27+05:30
2021-01-25,SMD-0106,IEX,NSE:IEX-EQ,78.82,79.95,75.08,77.35,3099132,FYERS_HISTORY,2026-08-08T23:19:27+05:30
2021-01-27,SMD-0106,IEX,NSE:IEX-EQ,77.53,81.93,75.67,80.98,3376314,FYERS_HISTORY,2026-08-08T23:19:27+05:30
2021-01-28,SMD-0106,IEX,NSE:IEX-EQ,79.67,83.13,79.17,82.78,6715377,FYERS_HISTORY,2026-08-08T23:19:27+05:30
2021-01-29,SMD-0106,IEX,NSE:IEX-EQ,83.4,83.67,80.67,82.08,3371028,FYERS_HISTORY,2026-08-08T23:19:27+05:30
2021-02-01,SMD-0106,IEX,NSE:IEX-EQ,83.0,83.13,81.48,82.48,2930385,FYERS_HISTORY,2026-08-08T23:19:27+05:30
2021-02-02,SMD-0106,IEX,NSE:IEX-EQ,82.97,85.17,81.38,83.72,8631972,FYERS_HISTORY,2026-08-08T23:19:27+05:30
2021-02-03,SMD-0106,IEX,NSE:IEX-EQ,85.3,85.3,83.07,84.08,2866215,FYERS_HISTORY,2026-08-08T23:19:27+05:30
2021-02-04,SMD-0106,IEX,NSE:IEX-EQ,84.33,86.18,83.9,85.82,2098749,FYERS_HISTORY,2026-08-08T23:19:27+05:30
2021-02-05,SMD-0106,IEX,NSE:IEX-EQ,86.5,88.23,84.73,86.65,8266449,FYERS_HISTORY,2026-08-08T23:19:27+05:30
2021-02-08,SMD-0106,IEX,NSE:IEX-EQ,87.67,88.23,84.87,85.48,4400991,FYERS_HISTORY,2026-08-08T23:19:27+05:30
2021-02-09,SMD-0106,IEX,NSE:IEX-EQ,85.75,94.13,85.55,90.8,18067365,FYERS_HISTORY,2026-08-08T23:19:27+05:30
2021-02-10,SMD-0106,IEX,NSE:IEX-EQ,90.67,95.33,89.52,90.22,11603235,FYERS_HISTORY,2026-08-08T23:19:27+05:30
2021-02-11,SMD-0106,IEX,NSE:IEX-EQ,90.67,107.67,90.48,100.18,37252692,FYERS_HISTORY,2026-08-08T23:19:27+05:30
2021-02-12,SMD-0106,IEX,NSE:IEX-EQ,101.0,104.0,98.0,99.43,15189690,FYERS_HISTORY,2026-08-08T23:19:27+05:30
2021-02-15,SMD-0106,IEX,NSE:IEX-EQ,100.17,100.82,96.0,97.17,5682333,FYERS_HISTORY,2026-08-08T23:19:27+05:30
2021-02-16,SMD-0106,IEX,NSE:IEX-EQ,97.17,98.0,92.2,92.4,4647600,FYERS_HISTORY,2026-08-08T23:19:27+05:30
2021-02-17,SMD-0106,IEX,NSE:IEX-EQ,92.33,98.0,92.33,94.63,9104211,FYERS_HISTORY,2026-08-08T23:19:27+05:30
2021-02-18,SMD-0106,IEX,NSE:IEX-EQ,95.47,100.75,94.9,99.28,7945053,FYERS_HISTORY,2026-08-08T23:19:27+05:30
2021-02-19,SMD-0106,IEX,NSE:IEX-EQ,98.93,100.3,96.67,98.4,3049287,FYERS_HISTORY,2026-08-08T23:19:27+05:30
2021-02-22,SMD-0106,IEX,NSE:IEX-EQ,97.93,101.67,96.7,98.42,11059719,FYERS_HISTORY,2026-08-08T23:19:27+05:30
2021-02-23,SMD-0106,IEX,NSE:IEX-EQ,99.9,101.33,98.33,99.28,6408933,FYERS_HISTORY,2026-08-08T23:19:27+05:30
2021-02-24,SMD-0106,IEX,NSE:IEX-EQ,99.4,103.93,98.67,102.78,3950505,FYERS_HISTORY,2026-08-08T23:19:27+05:30
2021-02-25,SMD-0106,IEX,NSE:IEX-EQ,103.33,103.33,99.77,100.55,7800996,FYERS_HISTORY,2026-08-08T23:19:27+05:30
2021-02-26,SMD-0106,IEX,NSE:IEX-EQ,98.35,100.33,95.62,97.78,9169794,FYERS_HISTORY,2026-08-08T23:19:27+05:30
2021-03-01,SMD-0106,IEX,NSE:IEX-EQ,97.95,101.47,97.5,100.35,4367076,FYERS_HISTORY,2026-08-08T23:19:27+05:30
2021-03-02,SMD-0106,IEX,NSE:IEX-EQ,101.2,103.0,99.4,100.92,5095302,FYERS_HISTORY,2026-08-08T23:19:27+05:30
2021-03-03,SMD-0106,IEX,NSE:IEX-EQ,101.12,102.0,98.67,99.15,3449631,FYERS_HISTORY,2026-08-08T23:19:27+05:30
2021-03-04,SMD-0106,IEX,NSE:IEX-EQ,98.27,106.27,98.02,103.52,13099770,FYERS_HISTORY,2026-08-08T23:19:27+05:30
2021-03-05,SMD-0106,IEX,NSE:IEX-EQ,103.33,106.62,101.23,102.13,8196546,FYERS_HISTORY,2026-08-08T23:19:27+05:30
2021-03-08,SMD-0106,IEX,NSE:IEX-EQ,102.83,104.6,101.67,102.35,3781776,FYERS_HISTORY,2026-08-08T23:19:27+05:30
2021-03-09,SMD-0106,IEX,NSE:IEX-EQ,103.13,103.97,99.68,100.48,2839575,FYERS_HISTORY,2026-08-08T23:19:27+05:30
2021-03-10,SMD-0106,IEX,NSE:IEX-EQ,101.27,105.88,100.6,102.65,7903077,FYERS_HISTORY,2026-08-08T23:19:27+05:30
2021-03-12,SMD-0106,IEX,NSE:IEX-EQ,103.57,116.33,103.42,109.42,32211015,FYERS_HISTORY,2026-08-08T23:19:27+05:30
2021-03-15,SMD-0106,IEX,NSE:IEX-EQ,110.63,120.33,110.52,114.73,23603073,FYERS_HISTORY,2026-08-08T23:19:27+05:30
2021-03-16,SMD-0106,IEX,NSE:IEX-EQ,116.28,116.28,112.52,113.23,6812145,FYERS_HISTORY,2026-08-08T23:19:27+05:30
2021-03-17,SMD-0106,IEX,NSE:IEX-EQ,113.97,118.93,113.38,114.62,11746461,FYERS_HISTORY,2026-08-08T23:19:27+05:30
2021-03-18,SMD-0106,IEX,NSE:IEX-EQ,116.9,120.75,114.22,119.13,11624190,FYERS_HISTORY,2026-08-08T23:19:27+05:30
2021-03-19,SMD-0106,IEX,NSE:IEX-EQ,119.13,130.87,118.53,123.63,38038671,FYERS_HISTORY,2026-08-08T23:19:27+05:30
2021-03-22,SMD-0106,IEX,NSE:IEX-EQ,126.1,129.67,117.67,118.75,12440823,FYERS_HISTORY,2026-08-08T23:19:27+05:30
2021-03-23,SMD-0106,IEX,NSE:IEX-EQ,119.65,122.87,119.42,120.1,6148821,FYERS_HISTORY,2026-08-08T23:19:27+05:30
2021-03-24,SMD-0106,IEX,NSE:IEX-EQ,119.33,119.35,114.42,116.62,8869833,FYERS_HISTORY,2026-08-08T23:19:27+05:30
2021-03-25,SMD-0106,IEX,NSE:IEX-EQ,117.5,117.67,109.42,110.95,12975378,FYERS_HISTORY,2026-08-08T23:19:27+05:30
2021-03-26,SMD-0106,IEX,NSE:IEX-EQ,114.67,115.9,111.73,113.08,4385166,FYERS_HISTORY,2026-08-08T23:19:27+05:30
2021-03-30,SMD-0106,IEX,NSE:IEX-EQ,115.67,115.92,112.83,113.77,3768276,FYERS_HISTORY,2026-08-08T23:19:27+05:30
2021-03-31,SMD-0106,IEX,NSE:IEX-EQ,115.63,116.85,109.85,110.93,7632498,FYERS_HISTORY,2026-08-08T23:19:27+05:30
2021-04-01,SMD-0106,IEX,NSE:IEX-EQ,111.67,116.18,111.67,115.68,5751972,FYERS_HISTORY,2026-08-08T23:19:27+05:30
2021-04-05,SMD-0106,IEX,NSE:IEX-EQ,116.15,116.15,112.0,113.87,5789052,FYERS_HISTORY,2026-08-08T23:19:27+05:30
2021-04-06,SMD-0106,IEX,NSE:IEX-EQ,114.33,122.55,111.4,117.77,16255251,FYERS_HISTORY,2026-08-08T23:19:27+05:30
2021-04-07,SMD-0106,IEX,NSE:IEX-EQ,118.8,120.67,116.35,118.25,7362486,FYERS_HISTORY,2026-08-08T23:19:27+05:30
2021-04-08,SMD-0106,IEX,NSE:IEX-EQ,118.92,119.95,116.85,117.18,5809788,FYERS_HISTORY,2026-08-08T23:19:27+05:30
2021-04-09,SMD-0106,IEX,NSE:IEX-EQ,117.0,117.53,115.17,116.7,3511377,FYERS_HISTORY,2026-08-08T23:19:27+05:30
2021-04-12,SMD-0106,IEX,NSE:IEX-EQ,114.67,115.0,107.52,112.62,6750486,FYERS_HISTORY,2026-08-08T23:19:27+05:30
2021-04-13,SMD-0106,IEX,NSE:IEX-EQ,112.67,116.0,111.52,112.35,4257198,FYERS_HISTORY,2026-08-08T23:19:27+05:30
2021-04-15,SMD-0106,IEX,NSE:IEX-EQ,111.7,113.45,110.87,112.02,2656506,FYERS_HISTORY,2026-08-08T23:19:27+05:30
2021-04-16,SMD-0106,IEX,NSE:IEX-EQ,112.57,117.98,111.15,115.13,8613714,FYERS_HISTORY,2026-08-08T23:19:27+05:30
2021-04-19,SMD-0106,IEX,NSE:IEX-EQ,112.08,118.78,110.68,117.45,9764052,FYERS_HISTORY,2026-08-08T23:19:27+05:30
2021-04-20,SMD-0106,IEX,NSE:IEX-EQ,119.0,120.65,116.37,117.6,6602379,FYERS_HISTORY,2026-08-08T23:19:27+05:30
2021-04-22,SMD-0106,IEX,NSE:IEX-EQ,117.32,121.47,116.88,119.98,6380754,FYERS_HISTORY,2026-08-08T23:19:27+05:30
2021-04-23,SMD-0106,IEX,NSE:IEX-EQ,119.83,121.82,117.85,119.23,3986466,FYERS_HISTORY,2026-08-08T23:19:27+05:30
2021-04-26,SMD-0106,IEX,NSE:IEX-EQ,120.57,126.6,119.93,125.33,11081964,FYERS_HISTORY,2026-08-08T23:19:27+05:30
2021-04-27,SMD-0106,IEX,NSE:IEX-EQ,126.25,129.5,124.02,125.47,15278544,FYERS_HISTORY,2026-08-08T23:19:27+05:30
2021-04-28,SMD-0106,IEX,NSE:IEX-EQ,126.0,127.93,122.95,123.37,7689603,FYERS_HISTORY,2026-08-08T23:19:27+05:30
2021-04-29,SMD-0106,IEX,NSE:IEX-EQ,124.65,126.65,121.67,125.18,5110422,FYERS_HISTORY,2026-08-08T23:19:27+05:30
2021-04-30,SMD-0106,IEX,NSE:IEX-EQ,123.7,126.33,122.68,123.45,3234873,FYERS_HISTORY,2026-08-08T23:19:27+05:30
2021-05-03,SMD-0106,IEX,NSE:IEX-EQ,122.67,127.95,121.87,126.35,5099262,FYERS_HISTORY,2026-08-08T23:19:27+05:30
2021-05-04,SMD-0106,IEX,NSE:IEX-EQ,127.97,132.5,126.27,127.35,11190810,FYERS_HISTORY,2026-08-08T23:19:27+05:30
2021-05-05,SMD-0106,IEX,NSE:IEX-EQ,128.9,132.33,127.67,128.8,7203231,FYERS_HISTORY,2026-08-08T23:19:27+05:30
2021-05-06,SMD-0106,IEX,NSE:IEX-EQ,129.67,135.3,128.33,131.67,12360279,FYERS_HISTORY,2026-08-08T23:19:27+05:30
2021-05-07,SMD-0106,IEX,NSE:IEX-EQ,132.97,134.0,129.33,129.87,6399045,FYERS_HISTORY,2026-08-08T23:19:27+05:30
2021-05-10,SMD-0106,IEX,NSE:IEX-EQ,130.67,133.13,129.33,129.8,5825679,FYERS_HISTORY,2026-08-08T23:19:27+05:30
2021-05-11,SMD-0106,IEX,NSE:IEX-EQ,129.67,135.0,129.1,133.85,6692484,FYERS_HISTORY,2026-08-08T23:19:27+05:30
2021-05-12,SMD-0106,IEX,NSE:IEX-EQ,134.8,137.88,131.87,132.63,9522549,FYERS_HISTORY,2026-08-08T23:19:27+05:30
2021-05-14,SMD-0106,IEX,NSE:IEX-EQ,133.67,133.93,123.67,124.45,14225781,FYERS_HISTORY,2026-08-08T23:19:27+05:30
2021-05-17,SMD-0106,IEX,NSE:IEX-EQ,126.0,128.33,123.35,123.77,6416538,FYERS_HISTORY,2026-08-08T23:19:27+05:30
2021-05-18,SMD-0106,IEX,NSE:IEX-EQ,124.92,126.45,124.33,125.62,3973110,FYERS_HISTORY,2026-08-08T23:19:27+05:30
2021-05-19,SMD-0106,IEX,NSE:IEX-EQ,125.97,127.98,125.42,127.27,3913587,FYERS_HISTORY,2026-08-08T23:19:27+05:30
2021-05-20,SMD-0106,IEX,NSE:IEX-EQ,122.88,122.9,118.67,120.38,56132370,FYERS_HISTORY,2026-08-08T23:19:27+05:30
2021-05-21,SMD-0106,IEX,NSE:IEX-EQ,122.3,124.75,121.78,124.07,9877578,FYERS_HISTORY,2026-08-08T23:19:27+05:30
2021-05-24,SMD-0106,IEX,NSE:IEX-EQ,123.38,124.97,122.12,122.4,5858832,FYERS_HISTORY,2026-08-08T23:19:27+05:30
2021-05-25,SMD-0106,IEX,NSE:IEX-EQ,122.93,123.22,119.5,120.02,6767067,FYERS_HISTORY,2026-08-08T23:19:27+05:30
2021-05-26,SMD-0106,IEX,NSE:IEX-EQ,121.13,121.52,118.47,118.82,5580819,FYERS_HISTORY,2026-08-08T23:19:27+05:30
2021-05-27,SMD-0106,IEX,NSE:IEX-EQ,119.0,119.0,114.35,117.55,14112849,FYERS_HISTORY,2026-08-08T23:19:27+05:30
2021-05-28,SMD-0106,IEX,NSE:IEX-EQ,118.83,121.23,118.12,120.42,10027626,FYERS_HISTORY,2026-08-08T23:19:27+05:30
2021-05-31,SMD-0106,IEX,NSE:IEX-EQ,121.3,121.93,117.68,119.15,5811852,FYERS_HISTORY,2026-08-08T23:19:27+05:30
2021-06-01,SMD-0106,IEX,NSE:IEX-EQ,119.73,119.97,116.9,117.27,5495877,FYERS_HISTORY,2026-08-08T23:19:27+05:30
2021-06-02,SMD-0106,IEX,NSE:IEX-EQ,117.97,119.15,116.5,118.23,8126556,FYERS_HISTORY,2026-08-08T23:19:27+05:30
2021-06-03,SMD-0106,IEX,NSE:IEX-EQ,119.0,121.13,118.0,119.0,11198820,FYERS_HISTORY,2026-08-08T23:19:27+05:30
2021-06-04,SMD-0106,IEX,NSE:IEX-EQ,119.67,119.9,118.02,118.33,5147451,FYERS_HISTORY,2026-08-08T23:19:27+05:30
2021-06-07,SMD-0106,IEX,NSE:IEX-EQ,118.97,122.52,118.37,121.73,12124878,FYERS_HISTORY,2026-08-08T23:19:27+05:30
2021-06-08,SMD-0106,IEX,NSE:IEX-EQ,122.67,123.98,119.72,123.62,9870135,FYERS_HISTORY,2026-08-08T23:19:27+05:30
2021-06-09,SMD-0106,IEX,NSE:IEX-EQ,125.0,125.32,119.42,119.82,10102362,FYERS_HISTORY,2026-08-08T23:19:27+05:30
2021-06-10,SMD-0106,IEX,NSE:IEX-EQ,120.67,122.33,119.75,121.05,5363835,FYERS_HISTORY,2026-08-08T23:19:27+05:30
2021-06-11,SMD-0106,IEX,NSE:IEX-EQ,122.0,123.32,121.0,121.58,5632467,FYERS_HISTORY,2026-08-08T23:19:27+05:30
2021-06-14,SMD-0106,IEX,NSE:IEX-EQ,122.27,123.08,119.0,122.0,4038828,FYERS_HISTORY,2026-08-08T23:19:27+05:30
2021-06-15,SMD-0106,IEX,NSE:IEX-EQ,122.57,126.3,121.93,125.12,14352024,FYERS_HISTORY,2026-08-08T23:19:27+05:30
2021-06-16,SMD-0106,IEX,NSE:IEX-EQ,125.8,126.87,124.1,124.88,7585296,FYERS_HISTORY,2026-08-08T23:19:27+05:30
2021-06-17,SMD-0106,IEX,NSE:IEX-EQ,123.33,125.67,122.68,124.37,5079798,FYERS_HISTORY,2026-08-08T23:19:27+05:30
2021-06-18,SMD-0106,IEX,NSE:IEX-EQ,125.0,126.5,118.4,126.08,9527976,FYERS_HISTORY,2026-08-08T23:19:27+05:30
2021-06-21,SMD-0106,IEX,NSE:IEX-EQ,124.33,126.0,122.97,125.17,3374439,FYERS_HISTORY,2026-08-08T23:19:27+05:30
2021-06-22,SMD-0106,IEX,NSE:IEX-EQ,126.0,126.3,122.68,123.12,5983503,FYERS_HISTORY,2026-08-08T23:19:27+05:30
2021-06-23,SMD-0106,IEX,NSE:IEX-EQ,124.23,125.17,122.4,123.73,4553568,FYERS_HISTORY,2026-08-08T23:19:27+05:30
2021-06-24,SMD-0106,IEX,NSE:IEX-EQ,123.73,125.73,123.13,124.83,4319547,FYERS_HISTORY,2026-08-08T23:19:27+05:30
2021-06-25,SMD-0106,IEX,NSE:IEX-EQ,125.6,126.23,124.63,125.27,2983440,FYERS_HISTORY,2026-08-08T23:19:27+05:30
2021-06-28,SMD-0106,IEX,NSE:IEX-EQ,126.27,129.9,125.45,128.1,11686104,FYERS_HISTORY,2026-08-08T23:19:27+05:30
2021-06-29,SMD-0106,IEX,NSE:IEX-EQ,128.97,129.17,125.4,126.35,3330567,FYERS_HISTORY,2026-08-08T23:19:27+05:30
2021-06-30,SMD-0106,IEX,NSE:IEX-EQ,127.3,127.83,124.45,125.05,5494083,FYERS_HISTORY,2026-08-08T23:19:27+05:30
2021-07-01,SMD-0106,IEX,NSE:IEX-EQ,125.97,128.2,124.67,126.8,3371715,FYERS_HISTORY,2026-08-08T23:19:27+05:30
2021-07-02,SMD-0106,IEX,NSE:IEX-EQ,127.63,128.23,126.33,127.33,3312783,FYERS_HISTORY,2026-08-08T23:19:27+05:30
2021-07-05,SMD-0106,IEX,NSE:IEX-EQ,128.47,132.07,127.72,130.18,9829404,FYERS_HISTORY,2026-08-08T23:19:27+05:30
2021-07-06,SMD-0106,IEX,NSE:IEX-EQ,131.22,134.07,130.33,130.97,8250501,FYERS_HISTORY,2026-08-08T23:19:27+05:30
2021-07-07,SMD-0106,IEX,NSE:IEX-EQ,131.3,133.57,129.07,132.02,5826330,FYERS_HISTORY,2026-08-08T23:19:27+05:30
2021-07-08,SMD-0106,IEX,NSE:IEX-EQ,133.22,133.98,130.47,131.78,3963861,FYERS_HISTORY,2026-08-08T23:19:27+05:30
2021-07-09,SMD-0106,IEX,NSE:IEX-EQ,132.33,133.67,130.72,132.3,3021906,FYERS_HISTORY,2026-08-08T23:19:27+05:30
2021-07-12,SMD-0106,IEX,NSE:IEX-EQ,133.33,133.5,131.13,131.6,3338442,FYERS_HISTORY,2026-08-08T23:19:27+05:30
2021-07-13,SMD-0106,IEX,NSE:IEX-EQ,132.63,137.93,131.07,136.37,13966398,FYERS_HISTORY,2026-08-08T23:19:27+05:30
2021-07-14,SMD-0106,IEX,NSE:IEX-EQ,138.33,141.63,136.5,138.02,24811380,FYERS_HISTORY,2026-08-08T23:19:27+05:30
2021-07-15,SMD-0106,IEX,NSE:IEX-EQ,139.13,140.63,135.42,136.47,12643767,FYERS_HISTORY,2026-08-08T23:19:27+05:30
2021-07-16,SMD-0106,IEX,NSE:IEX-EQ,137.6,139.63,135.43,137.45,7707045,FYERS_HISTORY,2026-08-08T23:19:27+05:30
2021-07-19,SMD-0106,IEX,NSE:IEX-EQ,136.6,148.23,136.18,145.32,31969179,FYERS_HISTORY,2026-08-08T23:19:27+05:30
2021-07-20,SMD-0106,IEX,NSE:IEX-EQ,146.33,150.17,140.37,142.37,25707594,FYERS_HISTORY,2026-08-08T23:19:27+05:30
2021-07-22,SMD-0106,IEX,NSE:IEX-EQ,143.95,149.67,143.7,148.57,13963971,FYERS_HISTORY,2026-08-08T23:19:27+05:30
2021-07-23,SMD-0106,IEX,NSE:IEX-EQ,150.0,151.53,145.32,147.87,13969377,FYERS_HISTORY,2026-08-08T23:19:27+05:30
2021-07-26,SMD-0106,IEX,NSE:IEX-EQ,148.28,150.3,146.0,146.58,7005198,FYERS_HISTORY,2026-08-08T23:19:27+05:30
2021-07-27,SMD-0106,IEX,NSE:IEX-EQ,147.47,149.9,140.02,143.05,8563329,FYERS_HISTORY,2026-08-08T23:19:27+05:30
2021-07-28,SMD-0106,IEX,NSE:IEX-EQ,142.5,143.87,138.02,139.63,6279666,FYERS_HISTORY,2026-08-08T23:19:27+05:30
2021-07-29,SMD-0106,IEX,NSE:IEX-EQ,140.97,145.5,139.37,144.62,6044667,FYERS_HISTORY,2026-08-08T23:19:27+05:30
2021-07-30,SMD-0106,IEX,NSE:IEX-EQ,145.33,146.27,142.22,143.67,3424437,FYERS_HISTORY,2026-08-08T23:19:27+05:30
2021-08-02,SMD-0106,IEX,NSE:IEX-EQ,144.93,146.95,143.33,144.2,4349940,FYERS_HISTORY,2026-08-08T23:19:27+05:30
2021-08-03,SMD-0106,IEX,NSE:IEX-EQ,145.7,145.7,141.27,142.98,3674622,FYERS_HISTORY,2026-08-08T23:19:27+05:30
2021-08-04,SMD-0106,IEX,NSE:IEX-EQ,143.8,143.8,140.1,140.62,4087224,FYERS_HISTORY,2026-08-08T23:19:27+05:30
2021-08-05,SMD-0106,IEX,NSE:IEX-EQ,140.93,141.33,136.37,139.6,4348086,FYERS_HISTORY,2026-08-08T23:19:27+05:30
2021-08-06,SMD-0106,IEX,NSE:IEX-EQ,140.0,143.15,139.17,139.87,5315367,FYERS_HISTORY,2026-08-08T23:19:27+05:30
2021-08-09,SMD-0106,IEX,NSE:IEX-EQ,140.55,140.57,138.08,138.68,3835779,FYERS_HISTORY,2026-08-08T23:19:27+05:30
2021-08-10,SMD-0106,IEX,NSE:IEX-EQ,139.83,141.43,133.27,136.1,8743527,FYERS_HISTORY,2026-08-08T23:19:27+05:30
2021-08-11,SMD-0106,IEX,NSE:IEX-EQ,136.27,136.57,128.37,132.82,10935381,FYERS_HISTORY,2026-08-08T23:19:27+05:30
2021-08-12,SMD-0106,IEX,NSE:IEX-EQ,133.47,137.23,133.33,135.18,9766005,FYERS_HISTORY,2026-08-08T23:19:27+05:30
2021-08-13,SMD-0106,IEX,NSE:IEX-EQ,135.93,137.83,135.45,136.48,5320410,FYERS_HISTORY,2026-08-08T23:19:27+05:30
2021-08-16,SMD-0106,IEX,NSE:IEX-EQ,136.67,139.0,133.38,135.62,5402370,FYERS_HISTORY,2026-08-08T23:19:27+05:30
2021-08-17,SMD-0106,IEX,NSE:IEX-EQ,135.53,137.47,133.88,135.52,5233590,FYERS_HISTORY,2026-08-08T23:19:27+05:30
2021-08-18,SMD-0106,IEX,NSE:IEX-EQ,136.17,137.67,134.0,134.67,6194307,FYERS_HISTORY,2026-08-08T23:19:27+05:30
2021-08-20,SMD-0106,IEX,NSE:IEX-EQ,133.6,136.22,133.08,133.82,7097133,FYERS_HISTORY,2026-08-08T23:19:27+05:30
2021-08-23,SMD-0106,IEX,NSE:IEX-EQ,135.38,141.23,130.43,138.83,12691293,FYERS_HISTORY,2026-08-08T23:19:27+05:30
2021-08-24,SMD-0106,IEX,NSE:IEX-EQ,140.0,144.27,138.53,143.57,12835326,FYERS_HISTORY,2026-08-08T23:19:27+05:30
2021-08-25,SMD-0106,IEX,NSE:IEX-EQ,144.2,145.27,140.67,143.05,6606132,FYERS_HISTORY,2026-08-08T23:19:27+05:30
2021-08-26,SMD-0106,IEX,NSE:IEX-EQ,143.78,147.9,143.68,146.92,17427579,FYERS_HISTORY,2026-08-08T23:19:27+05:30
2021-08-27,SMD-0106,IEX,NSE:IEX-EQ,147.33,147.67,143.77,144.62,9440382,FYERS_HISTORY,2026-08-08T23:19:27+05:30
2021-08-30,SMD-0106,IEX,NSE:IEX-EQ,145.27,162.3,145.07,160.02,43708764,FYERS_HISTORY,2026-08-08T23:19:27+05:30
2021-08-31,SMD-0106,IEX,NSE:IEX-EQ,162.67,173.9,162.33,168.28,69757089,FYERS_HISTORY,2026-08-08T23:19:27+05:30
2021-09-01,SMD-0106,IEX,NSE:IEX-EQ,169.0,191.23,165.58,186.77,100957857,FYERS_HISTORY,2026-08-08T23:19:27+05:30
2021-09-02,SMD-0106,IEX,NSE:IEX-EQ,187.75,195.77,184.25,188.87,76084026,FYERS_HISTORY,2026-08-08T23:19:27+05:30
2021-09-03,SMD-0106,IEX,NSE:IEX-EQ,188.0,188.0,178.95,179.75,32952378,FYERS_HISTORY,2026-08-08T23:19:27+05:30
2021-09-06,SMD-0106,IEX,NSE:IEX-EQ,180.58,190.2,180.33,187.05,38561073,FYERS_HISTORY,2026-08-08T23:19:27+05:30
2021-09-07,SMD-0106,IEX,NSE:IEX-EQ,188.03,194.87,185.02,190.33,43902405,FYERS_HISTORY,2026-08-08T23:19:27+05:30
2021-09-08,SMD-0106,IEX,NSE:IEX-EQ,190.17,198.5,188.37,197.0,38036514,FYERS_HISTORY,2026-08-08T23:19:27+05:30
2021-09-09,SMD-0106,IEX,NSE:IEX-EQ,197.6,204.6,197.33,199.62,55950489,FYERS_HISTORY,2026-08-08T23:19:27+05:30
2021-09-13,SMD-0106,IEX,NSE:IEX-EQ,201.0,201.67,197.05,197.58,20719359,FYERS_HISTORY,2026-08-08T23:19:27+05:30
2021-09-14,SMD-0106,IEX,NSE:IEX-EQ,198.97,199.0,194.5,195.43,13761252,FYERS_HISTORY,2026-08-08T23:19:27+05:30
2021-09-15,SMD-0106,IEX,NSE:IEX-EQ,196.45,204.0,196.33,199.73,33229572,FYERS_HISTORY,2026-08-08T23:19:27+05:30
2021-09-16,SMD-0106,IEX,NSE:IEX-EQ,200.67,206.4,199.73,203.05,25458294,FYERS_HISTORY,2026-08-08T23:19:27+05:30
2021-09-17,SMD-0106,IEX,NSE:IEX-EQ,204.65,204.65,195.67,199.58,14220171,FYERS_HISTORY,2026-08-08T23:19:27+05:30
2021-09-20,SMD-0106,IEX,NSE:IEX-EQ,195.95,202.2,191.9,194.17,14682888,FYERS_HISTORY,2026-08-08T23:19:27+05:30
2021-09-21,SMD-0106,IEX,NSE:IEX-EQ,194.47,197.78,188.95,194.58,14560110,FYERS_HISTORY,2026-08-08T23:19:27+05:30
2021-09-22,SMD-0106,IEX,NSE:IEX-EQ,195.63,201.6,195.33,200.22,12156864,FYERS_HISTORY,2026-08-08T23:19:27+05:30
2021-09-23,SMD-0106,IEX,NSE:IEX-EQ,201.97,203.63,199.47,200.4,7892022,FYERS_HISTORY,2026-08-08T23:19:27+05:30
2021-09-24,SMD-0106,IEX,NSE:IEX-EQ,201.0,205.0,196.23,197.12,12432618,FYERS_HISTORY,2026-08-08T23:19:27+05:30
2021-09-27,SMD-0106,IEX,NSE:IEX-EQ,198.33,199.13,193.73,196.33,8689134,FYERS_HISTORY,2026-08-08T23:19:27+05:30
2021-09-28,SMD-0106,IEX,NSE:IEX-EQ,197.27,201.67,195.42,198.78,13158930,FYERS_HISTORY,2026-08-08T23:19:27+05:30
2021-09-29,SMD-0106,IEX,NSE:IEX-EQ,197.83,214.6,196.67,212.42,65574966,FYERS_HISTORY,2026-08-08T23:19:27+05:30
2021-09-30,SMD-0106,IEX,NSE:IEX-EQ,215.0,222.32,213.33,215.32,57420351,FYERS_HISTORY,2026-08-08T23:19:27+05:30
2021-10-01,SMD-0106,IEX,NSE:IEX-EQ,214.67,216.92,206.0,206.78,24948906,FYERS_HISTORY,2026-08-08T23:19:27+05:30
2021-10-04,SMD-0106,IEX,NSE:IEX-EQ,208.4,212.67,207.0,210.82,14264052,FYERS_HISTORY,2026-08-08T23:19:27+05:30
2021-10-05,SMD-0106,IEX,NSE:IEX-EQ,210.43,215.0,210.0,210.85,13982991,FYERS_HISTORY,2026-08-08T23:19:27+05:30
2021-10-06,SMD-0106,IEX,NSE:IEX-EQ,211.92,214.0,208.0,209.18,10574964,FYERS_HISTORY,2026-08-08T23:19:27+05:30
2021-10-07,SMD-0106,IEX,NSE:IEX-EQ,211.0,216.83,208.67,213.43,17383530,FYERS_HISTORY,2026-08-08T23:19:27+05:30
2021-10-08,SMD-0106,IEX,NSE:IEX-EQ,215.05,234.77,212.4,231.97,72231231,FYERS_HISTORY,2026-08-08T23:19:27+05:30
2021-10-11,SMD-0106,IEX,NSE:IEX-EQ,240.0,266.23,237.33,260.3,122555385,FYERS_HISTORY,2026-08-08T23:19:27+05:30
2021-10-12,SMD-0106,IEX,NSE:IEX-EQ,262.13,269.77,254.05,263.52,74880363,FYERS_HISTORY,2026-08-08T23:19:27+05:30
2021-10-13,SMD-0106,IEX,NSE:IEX-EQ,262.85,273.0,261.0,264.57,41488440,FYERS_HISTORY,2026-08-08T23:19:27+05:30
2021-10-14,SMD-0106,IEX,NSE:IEX-EQ,266.67,267.33,261.38,264.37,20013033,FYERS_HISTORY,2026-08-08T23:19:27+05:30
2021-10-18,SMD-0106,IEX,NSE:IEX-EQ,265.93,269.4,263.73,265.63,22744977,FYERS_HISTORY,2026-08-08T23:19:27+05:30
2021-10-19,SMD-0106,IEX,NSE:IEX-EQ,292.18,318.67,262.27,281.78,196093809,FYERS_HISTORY,2026-08-08T23:19:27+05:30
2021-10-20,SMD-0106,IEX,NSE:IEX-EQ,281.33,281.33,252.18,263.15,108893931,FYERS_HISTORY,2026-08-08T23:19:27+05:30
2021-10-21,SMD-0106,IEX,NSE:IEX-EQ,266.13,270.73,247.52,252.65,55139037,FYERS_HISTORY,2026-08-08T23:19:27+05:30
2021-10-22,SMD-0106,IEX,NSE:IEX-EQ,277.9,277.9,253.33,254.87,99174180,FYERS_HISTORY,2026-08-08T23:19:27+05:30
2021-10-25,SMD-0106,IEX,NSE:IEX-EQ,258.0,258.0,230.18,233.0,50047248,FYERS_HISTORY,2026-08-08T23:19:27+05:30
2021-10-26,SMD-0106,IEX,NSE:IEX-EQ,233.33,250.15,233.33,244.0,45663633,FYERS_HISTORY,2026-08-08T23:19:27+05:30
2021-10-27,SMD-0106,IEX,NSE:IEX-EQ,246.67,249.0,243.33,245.67,18668898,FYERS_HISTORY,2026-08-08T23:19:27+05:30
2021-10-28,SMD-0106,IEX,NSE:IEX-EQ,245.0,249.9,235.2,236.8,34789440,FYERS_HISTORY,2026-08-08T23:19:27+05:30
2021-10-29,SMD-0106,IEX,NSE:IEX-EQ,224.95,241.67,213.73,236.1,37097502,FYERS_HISTORY,2026-08-08T23:19:27+05:30
2021-11-01,SMD-0106,IEX,NSE:IEX-EQ,236.83,245.98,235.0,244.68,23851365,FYERS_HISTORY,2026-08-08T23:19:27+05:30
2021-11-02,SMD-0106,IEX,NSE:IEX-EQ,245.67,252.93,243.33,248.32,26335668,FYERS_HISTORY,2026-08-08T23:19:27+05:30
2021-11-03,SMD-0106,IEX,NSE:IEX-EQ,247.17,250.87,241.4,242.7,14569044,FYERS_HISTORY,2026-08-08T23:19:27+05:30
2021-11-04,SMD-0106,IEX,NSE:IEX-EQ,245.88,246.73,244.72,245.73,3384018,FYERS_HISTORY,2026-08-08T23:19:27+05:30
2021-11-08,SMD-0106,IEX,NSE:IEX-EQ,246.67,261.93,243.53,260.12,32354301,FYERS_HISTORY,2026-08-08T23:19:27+05:30
2021-11-09,SMD-0106,IEX,NSE:IEX-EQ,260.12,264.97,257.38,260.7,25505739,FYERS_HISTORY,2026-08-08T23:19:27+05:30
2021-11-10,SMD-0106,IEX,NSE:IEX-EQ,259.65,266.07,256.02,259.93,19969848,FYERS_HISTORY,2026-08-08T23:19:27+05:30
2021-11-11,SMD-0106,IEX,NSE:IEX-EQ,259.8,264.67,256.97,262.93,15093882,FYERS_HISTORY,2026-08-08T23:19:27+05:30
2021-11-12,SMD-0106,IEX,NSE:IEX-EQ,264.1,269.0,262.03,264.37,21474030,FYERS_HISTORY,2026-08-08T23:19:27+05:30
2021-11-15,SMD-0106,IEX,NSE:IEX-EQ,265.2,274.28,264.5,270.9,29928279,FYERS_HISTORY,2026-08-08T23:19:27+05:30
2021-11-16,SMD-0106,IEX,NSE:IEX-EQ,272.55,274.1,268.33,269.8,13575546,FYERS_HISTORY,2026-08-08T23:19:27+05:30
2021-11-17,SMD-0106,IEX,NSE:IEX-EQ,273.3,275.67,270.77,272.18,20679987,FYERS_HISTORY,2026-08-08T23:19:27+05:30
2021-11-18,SMD-0106,IEX,NSE:IEX-EQ,273.33,273.67,260.55,261.92,18467433,FYERS_HISTORY,2026-08-08T23:19:27+05:30
2021-11-22,SMD-0106,IEX,NSE:IEX-EQ,263.23,264.4,251.38,256.48,15531753,FYERS_HISTORY,2026-08-08T23:19:27+05:30
2021-11-23,SMD-0106,IEX,NSE:IEX-EQ,256.52,265.4,256.52,263.75,21351849,FYERS_HISTORY,2026-08-08T23:19:27+05:30
2021-11-24,SMD-0106,IEX,NSE:IEX-EQ,266.0,267.0,259.0,260.48,14255856,FYERS_HISTORY,2026-08-08T23:19:27+05:30
2021-11-25,SMD-0106,IEX,NSE:IEX-EQ,260.48,260.97,255.0,258.83,13875525,FYERS_HISTORY,2026-08-08T23:19:27+05:30
2021-11-26,SMD-0106,IEX,NSE:IEX-EQ,256.63,258.33,250.0,250.97,16051776,FYERS_HISTORY,2026-08-08T23:19:27+05:30
2021-11-29,SMD-0106,IEX,NSE:IEX-EQ,250.0,250.0,233.95,243.67,19186005,FYERS_HISTORY,2026-08-08T23:19:27+05:30
2021-11-30,SMD-0106,IEX,NSE:IEX-EQ,245.93,258.08,244.67,248.17,24445347,FYERS_HISTORY,2026-08-08T23:19:27+05:30
2021-12-01,SMD-0106,IEX,NSE:IEX-EQ,252.33,252.33,235.0,243.32,37656840,FYERS_HISTORY,2026-08-08T23:19:27+05:30
2021-12-02,SMD-0106,IEX,NSE:IEX-EQ,239.33,244.72,234.35,243.18,30066357,FYERS_HISTORY,2026-08-08T23:19:27+05:30
2021-12-03,SMD-0106,IEX,NSE:IEX-EQ,247.55,279.65,246.25,255.75,59275167,FYERS_HISTORY,2026-08-08T23:19:27+05:30
2021-12-06,SMD-0106,IEX,NSE:IEX-EQ,258.0,259.75,250.1,251.4,15383551,FYERS_HISTORY,2026-08-08T23:19:27+05:30
2021-12-07,SMD-0106,IEX,NSE:IEX-EQ,255.0,257.75,252.4,254.95,6856764,FYERS_HISTORY,2026-08-08T23:19:27+05:30
2021-12-08,SMD-0106,IEX,NSE:IEX-EQ,256.7,264.5,256.0,262.1,12149458,FYERS_HISTORY,2026-08-08T23:19:27+05:30
2021-12-09,SMD-0106,IEX,NSE:IEX-EQ,264.0,271.15,261.7,269.85,11462907,FYERS_HISTORY,2026-08-08T23:19:27+05:30
2021-12-10,SMD-0106,IEX,NSE:IEX-EQ,271.0,303.8,269.85,295.25,67352246,FYERS_HISTORY,2026-08-08T23:19:27+05:30
2021-12-13,SMD-0106,IEX,NSE:IEX-EQ,298.4,301.25,280.0,284.95,34983110,FYERS_HISTORY,2026-08-08T23:19:27+05:30
2021-12-14,SMD-0106,IEX,NSE:IEX-EQ,281.0,285.0,276.6,278.95,21638654,FYERS_HISTORY,2026-08-08T23:19:27+05:30
2021-12-15,SMD-0106,IEX,NSE:IEX-EQ,280.1,281.0,260.5,261.6,40586645,FYERS_HISTORY,2026-08-08T23:19:27+05:30
2021-12-16,SMD-0106,IEX,NSE:IEX-EQ,265.55,267.55,256.1,265.9,26864347,FYERS_HISTORY,2026-08-08T23:19:27+05:30
2021-12-17,SMD-0106,IEX,NSE:IEX-EQ,264.0,264.0,255.0,256.1,19362333,FYERS_HISTORY,2026-08-08T23:19:27+05:30
2021-12-20,SMD-0106,IEX,NSE:IEX-EQ,250.0,251.0,235.4,238.6,23427782,FYERS_HISTORY,2026-08-08T23:19:27+05:30
2021-12-21,SMD-0106,IEX,NSE:IEX-EQ,242.95,249.25,242.1,244.55,17647123,FYERS_HISTORY,2026-08-08T23:19:27+05:30
2021-12-22,SMD-0106,IEX,NSE:IEX-EQ,248.0,255.0,245.5,254.05,16551555,FYERS_HISTORY,2026-08-08T23:19:27+05:30
2021-12-23,SMD-0106,IEX,NSE:IEX-EQ,257.0,259.0,254.1,255.5,8686908,FYERS_HISTORY,2026-08-08T23:19:27+05:30
2021-12-24,SMD-0106,IEX,NSE:IEX-EQ,256.8,258.5,250.0,250.75,10588760,FYERS_HISTORY,2026-08-08T23:19:27+05:30
2021-12-27,SMD-0106,IEX,NSE:IEX-EQ,250.75,254.25,246.3,252.7,9533641,FYERS_HISTORY,2026-08-08T23:19:28+05:30
2021-12-28,SMD-0106,IEX,NSE:IEX-EQ,254.55,257.55,253.8,255.2,9774111,FYERS_HISTORY,2026-08-08T23:19:28+05:30
2021-12-29,SMD-0106,IEX,NSE:IEX-EQ,255.5,255.7,250.6,252.75,7429245,FYERS_HISTORY,2026-08-08T23:19:28+05:30
2021-12-30,SMD-0106,IEX,NSE:IEX-EQ,252.0,252.25,247.0,247.7,8818959,FYERS_HISTORY,2026-08-08T23:19:28+05:30
2021-12-31,SMD-0106,IEX,NSE:IEX-EQ,248.9,254.1,248.3,252.8,6021378,FYERS_HISTORY,2026-08-08T23:19:28+05:30
2022-01-03,SMD-0106,IEX,NSE:IEX-EQ,253.5,259.7,253.0,258.2,7876078,FYERS_HISTORY,2026-08-08T23:19:28+05:30
2022-01-04,SMD-0106,IEX,NSE:IEX-EQ,259.15,264.9,258.0,261.65,14969304,FYERS_HISTORY,2026-08-08T23:19:28+05:30
2022-01-05,SMD-0106,IEX,NSE:IEX-EQ,261.45,263.5,258.85,260.65,6858801,FYERS_HISTORY,2026-08-08T23:19:28+05:30
2022-01-06,SMD-0106,IEX,NSE:IEX-EQ,258.0,262.6,255.0,261.1,7141553,FYERS_HISTORY,2026-08-08T23:19:28+05:30
2022-01-07,SMD-0106,IEX,NSE:IEX-EQ,265.0,265.0,258.15,260.85,6837243,FYERS_HISTORY,2026-08-08T23:19:28+05:30
2022-01-10,SMD-0106,IEX,NSE:IEX-EQ,261.5,263.8,259.25,260.8,6268163,FYERS_HISTORY,2026-08-08T23:19:28+05:30
2022-01-11,SMD-0106,IEX,NSE:IEX-EQ,260.0,262.8,258.75,259.3,4576771,FYERS_HISTORY,2026-08-08T23:19:28+05:30
2022-01-12,SMD-0106,IEX,NSE:IEX-EQ,261.0,261.75,258.2,259.75,4221764,FYERS_HISTORY,2026-08-08T23:19:28+05:30
2022-01-13,SMD-0106,IEX,NSE:IEX-EQ,260.7,272.0,259.75,265.95,23726527,FYERS_HISTORY,2026-08-08T23:19:28+05:30
2022-01-14,SMD-0106,IEX,NSE:IEX-EQ,264.8,269.8,260.75,266.85,10756906,FYERS_HISTORY,2026-08-08T23:19:28+05:30
2022-01-17,SMD-0106,IEX,NSE:IEX-EQ,268.0,269.45,264.15,266.05,6261775,FYERS_HISTORY,2026-08-08T23:19:28+05:30
2022-01-18,SMD-0106,IEX,NSE:IEX-EQ,267.4,267.5,252.0,253.1,11993518,FYERS_HISTORY,2026-08-08T23:19:28+05:30
2022-01-19,SMD-0106,IEX,NSE:IEX-EQ,254.0,262.0,251.0,260.05,11484514,FYERS_HISTORY,2026-08-08T23:19:28+05:30
2022-01-20,SMD-0106,IEX,NSE:IEX-EQ,261.0,261.8,256.15,259.75,6529908,FYERS_HISTORY,2026-08-08T23:19:28+05:30
2022-01-21,SMD-0106,IEX,NSE:IEX-EQ,257.0,258.0,250.0,251.7,10066661,FYERS_HISTORY,2026-08-08T23:19:28+05:30
2022-01-24,SMD-0106,IEX,NSE:IEX-EQ,251.0,252.4,236.2,240.05,17907289,FYERS_HISTORY,2026-08-08T23:19:28+05:30
2022-01-25,SMD-0106,IEX,NSE:IEX-EQ,238.0,245.55,232.0,238.7,16751275,FYERS_HISTORY,2026-08-08T23:19:28+05:30
2022-01-27,SMD-0106,IEX,NSE:IEX-EQ,237.9,237.9,225.5,230.4,18001875,FYERS_HISTORY,2026-08-08T23:19:28+05:30
2022-01-28,SMD-0106,IEX,NSE:IEX-EQ,232.0,238.0,232.0,232.9,12734661,FYERS_HISTORY,2026-08-08T23:19:28+05:30
2022-01-31,SMD-0106,IEX,NSE:IEX-EQ,236.75,238.75,234.1,235.45,6087229,FYERS_HISTORY,2026-08-08T23:19:28+05:30
2022-02-01,SMD-0106,IEX,NSE:IEX-EQ,238.0,238.6,229.5,233.75,13524070,FYERS_HISTORY,2026-08-08T23:19:28+05:30
2022-02-02,SMD-0106,IEX,NSE:IEX-EQ,234.55,243.25,234.5,239.75,10421249,FYERS_HISTORY,2026-08-08T23:19:28+05:30
2022-02-03,SMD-0106,IEX,NSE:IEX-EQ,239.75,240.95,235.15,235.6,5123711,FYERS_HISTORY,2026-08-08T23:19:28+05:30
2022-02-04,SMD-0106,IEX,NSE:IEX-EQ,236.8,236.85,232.1,232.85,5622404,FYERS_HISTORY,2026-08-08T23:19:28+05:30
2022-02-07,SMD-0106,IEX,NSE:IEX-EQ,232.0,233.4,224.0,225.65,9931957,FYERS_HISTORY,2026-08-08T23:19:28+05:30
2022-02-08,SMD-0106,IEX,NSE:IEX-EQ,226.5,227.5,215.6,222.85,16038816,FYERS_HISTORY,2026-08-08T23:19:28+05:30
2022-02-09,SMD-0106,IEX,NSE:IEX-EQ,223.95,224.9,217.55,222.05,15125046,FYERS_HISTORY,2026-08-08T23:19:28+05:30
2022-02-10,SMD-0106,IEX,NSE:IEX-EQ,223.45,227.45,221.5,225.3,8898041,FYERS_HISTORY,2026-08-08T23:19:28+05:30
2022-02-11,SMD-0106,IEX,NSE:IEX-EQ,223.5,224.8,218.5,219.45,8199030,FYERS_HISTORY,2026-08-08T23:19:28+05:30
2022-02-14,SMD-0106,IEX,NSE:IEX-EQ,210.2,217.45,210.0,210.65,9900470,FYERS_HISTORY,2026-08-08T23:19:28+05:30
2022-02-15,SMD-0106,IEX,NSE:IEX-EQ,213.55,222.2,208.85,221.0,12256445,FYERS_HISTORY,2026-08-08T23:19:28+05:30
2022-02-16,SMD-0106,IEX,NSE:IEX-EQ,223.4,224.0,217.75,219.35,7433009,FYERS_HISTORY,2026-08-08T23:19:28+05:30
2022-02-17,SMD-0106,IEX,NSE:IEX-EQ,220.4,222.0,216.05,216.9,5891723,FYERS_HISTORY,2026-08-08T23:19:28+05:30
2022-02-18,SMD-0106,IEX,NSE:IEX-EQ,216.7,221.3,216.1,217.55,8950184,FYERS_HISTORY,2026-08-08T23:19:28+05:30
2022-02-21,SMD-0106,IEX,NSE:IEX-EQ,215.55,217.0,209.1,210.2,11205929,FYERS_HISTORY,2026-08-08T23:19:28+05:30
2022-02-22,SMD-0106,IEX,NSE:IEX-EQ,202.0,207.25,201.05,205.25,9435390,FYERS_HISTORY,2026-08-08T23:19:28+05:30
2022-02-23,SMD-0106,IEX,NSE:IEX-EQ,208.0,211.0,206.55,208.8,7501776,FYERS_HISTORY,2026-08-08T23:19:28+05:30
2022-02-24,SMD-0106,IEX,NSE:IEX-EQ,200.0,203.9,192.0,193.45,18074029,FYERS_HISTORY,2026-08-08T23:19:28+05:30
2022-02-25,SMD-0106,IEX,NSE:IEX-EQ,199.0,207.95,199.0,204.2,9721308,FYERS_HISTORY,2026-08-08T23:19:28+05:30
2022-02-28,SMD-0106,IEX,NSE:IEX-EQ,201.95,207.45,198.9,205.85,8312164,FYERS_HISTORY,2026-08-08T23:19:28+05:30
2022-03-02,SMD-0106,IEX,NSE:IEX-EQ,204.0,215.25,202.5,214.05,16240103,FYERS_HISTORY,2026-08-08T23:19:28+05:30
2022-03-03,SMD-0106,IEX,NSE:IEX-EQ,219.0,219.0,212.1,213.75,8735508,FYERS_HISTORY,2026-08-08T23:19:28+05:30
2022-03-04,SMD-0106,IEX,NSE:IEX-EQ,214.0,215.55,209.1,211.1,7525040,FYERS_HISTORY,2026-08-08T23:19:28+05:30
2022-03-07,SMD-0106,IEX,NSE:IEX-EQ,206.5,210.2,201.5,207.9,9280816,FYERS_HISTORY,2026-08-08T23:19:28+05:30
2022-03-08,SMD-0106,IEX,NSE:IEX-EQ,207.15,217.3,207.0,214.2,9864026,FYERS_HISTORY,2026-08-08T23:19:28+05:30
2022-03-09,SMD-0106,IEX,NSE:IEX-EQ,217.8,224.0,216.1,222.8,11567495,FYERS_HISTORY,2026-08-08T23:19:28+05:30
2022-03-10,SMD-0106,IEX,NSE:IEX-EQ,231.0,231.6,223.1,224.55,9723445,FYERS_HISTORY,2026-08-08T23:19:28+05:30
2022-03-11,SMD-0106,IEX,NSE:IEX-EQ,221.5,229.15,221.1,225.15,8768732,FYERS_HISTORY,2026-08-08T23:19:28+05:30
2022-03-14,SMD-0106,IEX,NSE:IEX-EQ,225.0,225.0,217.2,219.5,7825793,FYERS_HISTORY,2026-08-08T23:19:28+05:30
2022-03-15,SMD-0106,IEX,NSE:IEX-EQ,221.15,222.5,216.6,218.6,5881918,FYERS_HISTORY,2026-08-08T23:19:28+05:30
2022-03-16,SMD-0106,IEX,NSE:IEX-EQ,220.05,225.45,220.05,222.75,6028962,FYERS_HISTORY,2026-08-08T23:19:28+05:30
2022-03-17,SMD-0106,IEX,NSE:IEX-EQ,226.0,226.2,222.45,223.15,5324817,FYERS_HISTORY,2026-08-08T23:19:28+05:30
2022-03-21,SMD-0106,IEX,NSE:IEX-EQ,224.05,224.6,220.2,220.95,3442367,FYERS_HISTORY,2026-08-08T23:19:28+05:30
2022-03-22,SMD-0106,IEX,NSE:IEX-EQ,221.0,222.7,218.45,221.95,4360080,FYERS_HISTORY,2026-08-08T23:19:28+05:30
2022-03-23,SMD-0106,IEX,NSE:IEX-EQ,223.4,232.45,223.2,228.8,13956017,FYERS_HISTORY,2026-08-08T23:19:28+05:30
2022-03-24,SMD-0106,IEX,NSE:IEX-EQ,229.25,234.5,227.1,233.7,9267860,FYERS_HISTORY,2026-08-08T23:19:28+05:30
2022-03-25,SMD-0106,IEX,NSE:IEX-EQ,234.9,235.5,228.0,228.9,6843275,FYERS_HISTORY,2026-08-08T23:19:28+05:30
2022-03-28,SMD-0106,IEX,NSE:IEX-EQ,229.45,232.3,224.05,230.4,6684906,FYERS_HISTORY,2026-08-08T23:19:28+05:30
2022-03-29,SMD-0106,IEX,NSE:IEX-EQ,231.6,232.4,224.5,225.35,5376248,FYERS_HISTORY,2026-08-08T23:19:28+05:30
2022-03-30,SMD-0106,IEX,NSE:IEX-EQ,227.1,228.7,223.0,224.6,5360269,FYERS_HISTORY,2026-08-08T23:19:28+05:30
2022-03-31,SMD-0106,IEX,NSE:IEX-EQ,224.9,226.5,223.5,224.7,5123460,FYERS_HISTORY,2026-08-08T23:19:28+05:30
2022-04-01,SMD-0106,IEX,NSE:IEX-EQ,224.5,231.75,222.1,230.95,6136753,FYERS_HISTORY,2026-08-08T23:19:28+05:30
2022-04-04,SMD-0106,IEX,NSE:IEX-EQ,230.95,241.55,230.1,238.95,12985586,FYERS_HISTORY,2026-08-08T23:19:28+05:30
2022-04-05,SMD-0106,IEX,NSE:IEX-EQ,242.0,247.75,240.8,245.5,12897354,FYERS_HISTORY,2026-08-08T23:19:28+05:30
2022-04-06,SMD-0106,IEX,NSE:IEX-EQ,245.45,250.0,243.15,246.35,13290505,FYERS_HISTORY,2026-08-08T23:19:28+05:30
2022-04-07,SMD-0106,IEX,NSE:IEX-EQ,247.5,251.5,236.65,238.75,11276981,FYERS_HISTORY,2026-08-08T23:19:28+05:30
2022-04-08,SMD-0106,IEX,NSE:IEX-EQ,240.25,243.45,239.3,241.05,5355404,FYERS_HISTORY,2026-08-08T23:19:28+05:30
2022-04-11,SMD-0106,IEX,NSE:IEX-EQ,242.0,245.45,235.2,235.9,5999419,FYERS_HISTORY,2026-08-08T23:19:28+05:30
2022-04-12,SMD-0106,IEX,NSE:IEX-EQ,237.0,237.8,231.1,234.7,6808065,FYERS_HISTORY,2026-08-08T23:19:28+05:30
2022-04-13,SMD-0106,IEX,NSE:IEX-EQ,235.8,238.8,235.05,235.45,4073466,FYERS_HISTORY,2026-08-08T23:19:28+05:30
2022-04-18,SMD-0106,IEX,NSE:IEX-EQ,234.55,234.55,226.65,231.0,4702035,FYERS_HISTORY,2026-08-08T23:19:28+05:30
2022-04-19,SMD-0106,IEX,NSE:IEX-EQ,232.75,236.15,225.0,228.25,6001691,FYERS_HISTORY,2026-08-08T23:19:28+05:30
2022-04-20,SMD-0106,IEX,NSE:IEX-EQ,230.0,234.4,228.15,232.05,6374137,FYERS_HISTORY,2026-08-08T23:19:28+05:30
2022-04-21,SMD-0106,IEX,NSE:IEX-EQ,233.65,237.35,233.1,234.2,5583598,FYERS_HISTORY,2026-08-08T23:19:28+05:30
2022-04-22,SMD-0106,IEX,NSE:IEX-EQ,232.6,235.15,229.05,230.2,4386634,FYERS_HISTORY,2026-08-08T23:19:28+05:30
2022-04-25,SMD-0106,IEX,NSE:IEX-EQ,224.5,227.7,217.3,218.5,13868657,FYERS_HISTORY,2026-08-08T23:19:28+05:30
2022-04-26,SMD-0106,IEX,NSE:IEX-EQ,221.9,227.8,221.7,226.1,9841957,FYERS_HISTORY,2026-08-08T23:19:28+05:30
2022-04-27,SMD-0106,IEX,NSE:IEX-EQ,226.0,230.0,218.15,218.8,16359597,FYERS_HISTORY,2026-08-08T23:19:28+05:30
2022-04-28,SMD-0106,IEX,NSE:IEX-EQ,224.0,224.0,211.35,214.55,22005669,FYERS_HISTORY,2026-08-08T23:19:28+05:30
2022-04-29,SMD-0106,IEX,NSE:IEX-EQ,215.9,217.45,211.0,214.55,19805665,FYERS_HISTORY,2026-08-08T23:19:28+05:30
2022-05-02,SMD-0106,IEX,NSE:IEX-EQ,214.0,214.0,208.2,210.4,8394905,FYERS_HISTORY,2026-08-08T23:19:28+05:30
2022-05-04,SMD-0106,IEX,NSE:IEX-EQ,212.2,212.2,202.05,203.1,14197624,FYERS_HISTORY,2026-08-08T23:19:28+05:30
2022-05-05,SMD-0106,IEX,NSE:IEX-EQ,206.4,207.1,198.05,199.95,8705844,FYERS_HISTORY,2026-08-08T23:19:28+05:30
2022-05-06,SMD-0106,IEX,NSE:IEX-EQ,197.0,203.45,194.0,200.65,12678408,FYERS_HISTORY,2026-08-08T23:19:28+05:30
2022-05-09,SMD-0106,IEX,NSE:IEX-EQ,200.65,206.6,195.3,204.4,10529145,FYERS_HISTORY,2026-08-08T23:19:28+05:30
2022-05-10,SMD-0106,IEX,NSE:IEX-EQ,203.85,206.0,195.65,197.15,6971616,FYERS_HISTORY,2026-08-08T23:19:28+05:30
2022-05-11,SMD-0106,IEX,NSE:IEX-EQ,197.45,199.1,186.0,191.65,15688613,FYERS_HISTORY,2026-08-08T23:19:28+05:30
2022-05-12,SMD-0106,IEX,NSE:IEX-EQ,190.0,190.2,181.8,183.45,13248306,FYERS_HISTORY,2026-08-08T23:19:28+05:30
2022-05-13,SMD-0106,IEX,NSE:IEX-EQ,187.0,193.1,186.1,186.9,8457087,FYERS_HISTORY,2026-08-08T23:19:28+05:30
2022-05-16,SMD-0106,IEX,NSE:IEX-EQ,188.85,190.45,185.25,187.6,4872499,FYERS_HISTORY,2026-08-08T23:19:28+05:30
2022-05-17,SMD-0106,IEX,NSE:IEX-EQ,189.5,196.25,188.8,195.3,8879828,FYERS_HISTORY,2026-08-08T23:19:28+05:30
2022-05-18,SMD-0106,IEX,NSE:IEX-EQ,196.8,198.6,193.65,195.0,5690307,FYERS_HISTORY,2026-08-08T23:19:28+05:30
2022-05-19,SMD-0106,IEX,NSE:IEX-EQ,189.45,195.3,187.5,194.3,9356654,FYERS_HISTORY,2026-08-08T23:19:28+05:30
2022-05-20,SMD-0106,IEX,NSE:IEX-EQ,197.5,197.8,193.0,194.1,4038516,FYERS_HISTORY,2026-08-08T23:19:28+05:30
2022-05-23,SMD-0106,IEX,NSE:IEX-EQ,195.1,198.2,192.3,193.8,5585151,FYERS_HISTORY,2026-08-08T23:19:28+05:30
2022-05-24,SMD-0106,IEX,NSE:IEX-EQ,194.8,196.25,191.45,191.9,2956568,FYERS_HISTORY,2026-08-08T23:19:28+05:30
2022-05-25,SMD-0106,IEX,NSE:IEX-EQ,192.1,193.5,182.8,185.3,5968401,FYERS_HISTORY,2026-08-08T23:19:28+05:30
2022-05-26,SMD-0106,IEX,NSE:IEX-EQ,185.2,186.55,177.25,180.25,8300816,FYERS_HISTORY,2026-08-08T23:19:28+05:30
2022-05-27,SMD-0106,IEX,NSE:IEX-EQ,183.0,186.9,182.55,184.05,4601145,FYERS_HISTORY,2026-08-08T23:19:28+05:30
2022-05-30,SMD-0106,IEX,NSE:IEX-EQ,186.8,193.75,185.2,192.35,5961167,FYERS_HISTORY,2026-08-08T23:19:28+05:30
2022-05-31,SMD-0106,IEX,NSE:IEX-EQ,192.35,197.6,190.45,194.65,7587990,FYERS_HISTORY,2026-08-08T23:19:28+05:30
2022-06-01,SMD-0106,IEX,NSE:IEX-EQ,193.95,195.9,189.1,190.6,6914602,FYERS_HISTORY,2026-08-08T23:19:28+05:30
2022-06-02,SMD-0106,IEX,NSE:IEX-EQ,190.6,190.8,187.05,188.1,4661398,FYERS_HISTORY,2026-08-08T23:19:28+05:30
2022-06-03,SMD-0106,IEX,NSE:IEX-EQ,190.2,190.4,181.65,182.3,7921891,FYERS_HISTORY,2026-08-08T23:19:28+05:30
2022-06-06,SMD-0106,IEX,NSE:IEX-EQ,182.5,182.85,172.15,175.25,14209881,FYERS_HISTORY,2026-08-08T23:19:28+05:30
2022-06-07,SMD-0106,IEX,NSE:IEX-EQ,175.75,181.25,175.0,178.0,9200333,FYERS_HISTORY,2026-08-08T23:19:28+05:30
2022-06-08,SMD-0106,IEX,NSE:IEX-EQ,178.95,179.3,175.35,175.85,5502081,FYERS_HISTORY,2026-08-08T23:19:28+05:30
2022-06-09,SMD-0106,IEX,NSE:IEX-EQ,175.5,185.6,174.95,184.8,18550810,FYERS_HISTORY,2026-08-08T23:19:28+05:30
2022-06-10,SMD-0106,IEX,NSE:IEX-EQ,182.0,184.25,180.45,182.2,6124855,FYERS_HISTORY,2026-08-08T23:19:28+05:30
2022-06-13,SMD-0106,IEX,NSE:IEX-EQ,178.0,180.4,175.2,177.35,6166576,FYERS_HISTORY,2026-08-08T23:19:28+05:30
2022-06-14,SMD-0106,IEX,NSE:IEX-EQ,177.0,179.95,175.25,175.7,3930001,FYERS_HISTORY,2026-08-08T23:19:28+05:30
2022-06-15,SMD-0106,IEX,NSE:IEX-EQ,176.6,177.9,174.0,174.85,4833111,FYERS_HISTORY,2026-08-08T23:19:28+05:30
2022-06-16,SMD-0106,IEX,NSE:IEX-EQ,177.8,178.55,167.5,168.7,8688903,FYERS_HISTORY,2026-08-08T23:19:28+05:30
2022-06-17,SMD-0106,IEX,NSE:IEX-EQ,168.7,174.3,166.5,172.75,9076336,FYERS_HISTORY,2026-08-08T23:19:28+05:30
2022-06-20,SMD-0106,IEX,NSE:IEX-EQ,172.9,174.55,165.05,168.9,7184721,FYERS_HISTORY,2026-08-08T23:19:28+05:30
2022-06-21,SMD-0106,IEX,NSE:IEX-EQ,170.0,175.15,169.7,174.05,5190642,FYERS_HISTORY,2026-08-08T23:19:28+05:30
2022-06-22,SMD-0106,IEX,NSE:IEX-EQ,173.5,173.9,168.15,169.75,4684258,FYERS_HISTORY,2026-08-08T23:19:28+05:30
2022-06-23,SMD-0106,IEX,NSE:IEX-EQ,170.9,172.3,168.3,171.0,3551193,FYERS_HISTORY,2026-08-08T23:19:28+05:30
2022-06-24,SMD-0106,IEX,NSE:IEX-EQ,172.0,174.8,170.7,174.1,4073476,FYERS_HISTORY,2026-08-08T23:19:28+05:30
2022-06-27,SMD-0106,IEX,NSE:IEX-EQ,176.0,177.35,174.65,174.9,3096200,FYERS_HISTORY,2026-08-08T23:19:28+05:30
2022-06-28,SMD-0106,IEX,NSE:IEX-EQ,174.0,174.0,166.0,167.15,16152902,FYERS_HISTORY,2026-08-08T23:19:28+05:30
2022-06-29,SMD-0106,IEX,NSE:IEX-EQ,165.0,165.3,159.75,161.3,19550863,FYERS_HISTORY,2026-08-08T23:19:28+05:30
2022-06-30,SMD-0106,IEX,NSE:IEX-EQ,161.0,162.5,158.0,158.75,11285030,FYERS_HISTORY,2026-08-08T23:19:28+05:30
2022-07-01,SMD-0106,IEX,NSE:IEX-EQ,158.0,161.15,157.0,159.75,9279366,FYERS_HISTORY,2026-08-08T23:19:28+05:30
2022-07-04,SMD-0106,IEX,NSE:IEX-EQ,160.0,161.55,158.0,158.75,4189338,FYERS_HISTORY,2026-08-08T23:19:28+05:30
2022-07-05,SMD-0106,IEX,NSE:IEX-EQ,159.75,162.35,152.9,154.5,13418439,FYERS_HISTORY,2026-08-08T23:19:28+05:30
2022-07-06,SMD-0106,IEX,NSE:IEX-EQ,154.5,160.3,152.5,159.7,9574439,FYERS_HISTORY,2026-08-08T23:19:28+05:30
2022-07-07,SMD-0106,IEX,NSE:IEX-EQ,161.85,164.25,160.25,163.7,12228193,FYERS_HISTORY,2026-08-08T23:19:28+05:30
2022-07-08,SMD-0106,IEX,NSE:IEX-EQ,164.9,165.0,160.3,163.85,6806856,FYERS_HISTORY,2026-08-08T23:19:28+05:30
2022-07-11,SMD-0106,IEX,NSE:IEX-EQ,163.85,164.5,161.6,163.45,4977081,FYERS_HISTORY,2026-08-08T23:19:28+05:30
2022-07-12,SMD-0106,IEX,NSE:IEX-EQ,163.0,167.2,162.0,163.0,8403593,FYERS_HISTORY,2026-08-08T23:19:28+05:30
2022-07-13,SMD-0106,IEX,NSE:IEX-EQ,163.95,165.35,162.9,163.55,3380353,FYERS_HISTORY,2026-08-08T23:19:28+05:30
2022-07-14,SMD-0106,IEX,NSE:IEX-EQ,163.2,164.9,160.8,162.15,2820869,FYERS_HISTORY,2026-08-08T23:19:28+05:30
2022-07-15,SMD-0106,IEX,NSE:IEX-EQ,162.15,163.6,161.25,163.1,2815733,FYERS_HISTORY,2026-08-08T23:19:28+05:30
2022-07-18,SMD-0106,IEX,NSE:IEX-EQ,164.9,167.95,163.4,166.55,6054856,FYERS_HISTORY,2026-08-08T23:19:28+05:30
2022-07-19,SMD-0106,IEX,NSE:IEX-EQ,165.9,166.2,163.4,165.25,6698940,FYERS_HISTORY,2026-08-08T23:19:28+05:30
2022-07-20,SMD-0106,IEX,NSE:IEX-EQ,167.0,167.6,164.0,164.55,4349631,FYERS_HISTORY,2026-08-08T23:19:28+05:30
2022-07-21,SMD-0106,IEX,NSE:IEX-EQ,165.0,166.15,162.85,163.45,5083570,FYERS_HISTORY,2026-08-08T23:19:28+05:30
2022-07-22,SMD-0106,IEX,NSE:IEX-EQ,164.35,164.55,160.4,160.95,5348507,FYERS_HISTORY,2026-08-08T23:19:28+05:30
2022-07-25,SMD-0106,IEX,NSE:IEX-EQ,161.85,161.85,157.0,158.5,6642806,FYERS_HISTORY,2026-08-08T23:19:28+05:30
2022-07-26,SMD-0106,IEX,NSE:IEX-EQ,156.0,160.4,152.85,154.15,13473184,FYERS_HISTORY,2026-08-08T23:19:28+05:30
2022-07-27,SMD-0106,IEX,NSE:IEX-EQ,154.0,155.4,150.7,154.8,9224615,FYERS_HISTORY,2026-08-08T23:19:28+05:30
2022-07-28,SMD-0106,IEX,NSE:IEX-EQ,156.2,156.45,153.8,154.95,5745807,FYERS_HISTORY,2026-08-08T23:19:28+05:30
2022-07-29,SMD-0106,IEX,NSE:IEX-EQ,156.5,160.7,156.0,159.6,10631433,FYERS_HISTORY,2026-08-08T23:19:28+05:30
2022-08-01,SMD-0106,IEX,NSE:IEX-EQ,160.75,167.2,158.85,166.8,16404449,FYERS_HISTORY,2026-08-08T23:19:28+05:30
2022-08-02,SMD-0106,IEX,NSE:IEX-EQ,167.15,171.35,164.9,166.2,15666848,FYERS_HISTORY,2026-08-08T23:19:28+05:30
2022-08-03,SMD-0106,IEX,NSE:IEX-EQ,166.85,168.55,164.4,166.35,6992077,FYERS_HISTORY,2026-08-08T23:19:28+05:30
2022-08-04,SMD-0106,IEX,NSE:IEX-EQ,166.9,167.85,161.2,163.3,7291349,FYERS_HISTORY,2026-08-08T23:19:28+05:30
2022-08-05,SMD-0106,IEX,NSE:IEX-EQ,163.3,168.5,163.3,165.5,7822836,FYERS_HISTORY,2026-08-08T23:19:28+05:30
2022-08-08,SMD-0106,IEX,NSE:IEX-EQ,166.0,166.5,165.0,165.9,3696675,FYERS_HISTORY,2026-08-08T23:19:28+05:30
2022-08-10,SMD-0106,IEX,NSE:IEX-EQ,166.5,166.7,163.5,165.0,3302759,FYERS_HISTORY,2026-08-08T23:19:28+05:30
2022-08-11,SMD-0106,IEX,NSE:IEX-EQ,166.4,166.8,163.4,163.8,4227611,FYERS_HISTORY,2026-08-08T23:19:28+05:30
2022-08-12,SMD-0106,IEX,NSE:IEX-EQ,163.8,167.5,163.6,165.15,5930363,FYERS_HISTORY,2026-08-08T23:19:28+05:30
2022-08-16,SMD-0106,IEX,NSE:IEX-EQ,165.9,173.3,164.5,171.85,17784588,FYERS_HISTORY,2026-08-08T23:19:28+05:30
2022-08-17,SMD-0106,IEX,NSE:IEX-EQ,173.5,175.85,172.15,172.6,13052241,FYERS_HISTORY,2026-08-08T23:19:28+05:30
2022-08-18,SMD-0106,IEX,NSE:IEX-EQ,173.0,174.55,162.5,166.35,28979753,FYERS_HISTORY,2026-08-08T23:19:28+05:30
2022-08-19,SMD-0106,IEX,NSE:IEX-EQ,165.0,169.8,163.1,163.75,32057669,FYERS_HISTORY,2026-08-08T23:19:28+05:30
2022-08-22,SMD-0106,IEX,NSE:IEX-EQ,163.0,163.0,156.5,157.1,14559028,FYERS_HISTORY,2026-08-08T23:19:28+05:30
2022-08-23,SMD-0106,IEX,NSE:IEX-EQ,156.05,159.25,155.0,157.9,7108128,FYERS_HISTORY,2026-08-08T23:19:28+05:30
2022-08-24,SMD-0106,IEX,NSE:IEX-EQ,158.0,161.4,157.5,159.85,5591988,FYERS_HISTORY,2026-08-08T23:19:28+05:30
2022-08-25,SMD-0106,IEX,NSE:IEX-EQ,162.35,162.6,158.55,159.1,7203084,FYERS_HISTORY,2026-08-08T23:19:28+05:30
2022-08-26,SMD-0106,IEX,NSE:IEX-EQ,161.7,162.3,158.95,159.45,6065973,FYERS_HISTORY,2026-08-08T23:19:28+05:30
2022-08-29,SMD-0106,IEX,NSE:IEX-EQ,155.0,159.3,154.5,158.05,5039685,FYERS_HISTORY,2026-08-08T23:19:28+05:30
2022-08-30,SMD-0106,IEX,NSE:IEX-EQ,159.35,161.7,159.0,161.0,5900860,FYERS_HISTORY,2026-08-08T23:19:28+05:30
2022-09-01,SMD-0106,IEX,NSE:IEX-EQ,161.0,161.45,159.0,160.2,4330501,FYERS_HISTORY,2026-08-08T23:19:28+05:30
2022-09-02,SMD-0106,IEX,NSE:IEX-EQ,161.0,161.2,157.75,158.0,4791595,FYERS_HISTORY,2026-08-08T23:19:28+05:30
2022-09-05,SMD-0106,IEX,NSE:IEX-EQ,158.5,161.3,158.25,160.65,5441549,FYERS_HISTORY,2026-08-08T23:19:28+05:30
2022-09-06,SMD-0106,IEX,NSE:IEX-EQ,160.85,163.0,159.2,159.4,8115544,FYERS_HISTORY,2026-08-08T23:19:28+05:30
2022-09-07,SMD-0106,IEX,NSE:IEX-EQ,158.9,160.0,157.5,158.7,11105086,FYERS_HISTORY,2026-08-08T23:19:28+05:30
2022-09-08,SMD-0106,IEX,NSE:IEX-EQ,160.0,162.95,159.6,160.0,10595905,FYERS_HISTORY,2026-08-08T23:19:28+05:30
2022-09-09,SMD-0106,IEX,NSE:IEX-EQ,161.95,161.95,159.1,159.4,6251018,FYERS_HISTORY,2026-08-08T23:19:28+05:30
2022-09-12,SMD-0106,IEX,NSE:IEX-EQ,160.45,163.75,160.0,163.1,9565914,FYERS_HISTORY,2026-08-08T23:19:28+05:30
2022-09-13,SMD-0106,IEX,NSE:IEX-EQ,164.0,165.45,162.4,163.05,7112481,FYERS_HISTORY,2026-08-08T23:19:28+05:30
2022-09-14,SMD-0106,IEX,NSE:IEX-EQ,160.5,164.35,159.8,163.2,7111503,FYERS_HISTORY,2026-08-08T23:19:28+05:30
2022-09-15,SMD-0106,IEX,NSE:IEX-EQ,164.0,164.45,161.8,162.6,3436251,FYERS_HISTORY,2026-08-08T23:19:28+05:30
2022-09-16,SMD-0106,IEX,NSE:IEX-EQ,163.45,163.95,155.6,156.85,7733860,FYERS_HISTORY,2026-08-08T23:19:28+05:30
2022-09-19,SMD-0106,IEX,NSE:IEX-EQ,157.5,158.2,152.55,152.95,7406954,FYERS_HISTORY,2026-08-08T23:19:28+05:30
2022-09-20,SMD-0106,IEX,NSE:IEX-EQ,153.8,155.4,152.95,153.25,5305163,FYERS_HISTORY,2026-08-08T23:19:28+05:30
2022-09-21,SMD-0106,IEX,NSE:IEX-EQ,153.3,154.55,150.0,151.1,7288988,FYERS_HISTORY,2026-08-08T23:19:28+05:30
2022-09-22,SMD-0106,IEX,NSE:IEX-EQ,150.5,153.2,150.0,151.95,5550059,FYERS_HISTORY,2026-08-08T23:19:28+05:30
2022-09-23,SMD-0106,IEX,NSE:IEX-EQ,152.5,152.95,145.7,147.1,8521927,FYERS_HISTORY,2026-08-08T23:19:28+05:30
2022-09-26,SMD-0106,IEX,NSE:IEX-EQ,146.0,146.75,141.0,142.75,8634065,FYERS_HISTORY,2026-08-08T23:19:28+05:30
2022-09-27,SMD-0106,IEX,NSE:IEX-EQ,144.0,145.5,140.7,141.7,6006530,FYERS_HISTORY,2026-08-08T23:19:28+05:30
2022-09-28,SMD-0106,IEX,NSE:IEX-EQ,141.0,142.9,139.65,140.55,4648911,FYERS_HISTORY,2026-08-08T23:19:28+05:30
2022-09-29,SMD-0106,IEX,NSE:IEX-EQ,142.0,142.8,139.2,139.75,4830070,FYERS_HISTORY,2026-08-08T23:19:28+05:30
2022-09-30,SMD-0106,IEX,NSE:IEX-EQ,139.75,142.65,138.65,142.05,4456696,FYERS_HISTORY,2026-08-08T23:19:28+05:30
2022-10-03,SMD-0106,IEX,NSE:IEX-EQ,142.9,143.9,139.4,139.9,4560848,FYERS_HISTORY,2026-08-08T23:19:28+05:30
2022-10-04,SMD-0106,IEX,NSE:IEX-EQ,143.0,143.8,141.45,143.5,3700387,FYERS_HISTORY,2026-08-08T23:19:28+05:30
2022-10-06,SMD-0106,IEX,NSE:IEX-EQ,144.5,146.7,143.65,145.8,5636347,FYERS_HISTORY,2026-08-08T23:19:28+05:30
2022-10-07,SMD-0106,IEX,NSE:IEX-EQ,145.8,146.95,145.0,146.05,3090370,FYERS_HISTORY,2026-08-08T23:19:28+05:30
2022-10-10,SMD-0106,IEX,NSE:IEX-EQ,145.0,145.0,141.9,143.1,4116049,FYERS_HISTORY,2026-08-08T23:19:28+05:30
2022-10-11,SMD-0106,IEX,NSE:IEX-EQ,143.85,144.4,140.1,141.0,3914733,FYERS_HISTORY,2026-08-08T23:19:28+05:30
2022-10-12,SMD-0106,IEX,NSE:IEX-EQ,141.4,142.45,139.25,142.0,3144139,FYERS_HISTORY,2026-08-08T23:19:28+05:30
2022-10-13,SMD-0106,IEX,NSE:IEX-EQ,142.25,143.05,139.55,140.25,2823101,FYERS_HISTORY,2026-08-08T23:19:28+05:30
2022-10-14,SMD-0106,IEX,NSE:IEX-EQ,141.9,143.05,139.7,139.95,2143082,FYERS_HISTORY,2026-08-08T23:19:28+05:30
2022-10-17,SMD-0106,IEX,NSE:IEX-EQ,139.9,140.6,136.8,139.05,4033592,FYERS_HISTORY,2026-08-08T23:19:28+05:30
2022-10-18,SMD-0106,IEX,NSE:IEX-EQ,140.0,140.3,138.0,139.7,4931209,FYERS_HISTORY,2026-08-08T23:19:28+05:30
2022-10-19,SMD-0106,IEX,NSE:IEX-EQ,140.0,143.4,139.65,140.95,3865501,FYERS_HISTORY,2026-08-08T23:19:28+05:30
2022-10-20,SMD-0106,IEX,NSE:IEX-EQ,140.8,141.5,138.6,140.7,2914481,FYERS_HISTORY,2026-08-08T23:19:28+05:30
2022-10-21,SMD-0106,IEX,NSE:IEX-EQ,138.1,140.5,134.0,134.5,12292569,FYERS_HISTORY,2026-08-08T23:19:28+05:30
2022-10-24,SMD-0106,IEX,NSE:IEX-EQ,136.0,136.95,135.0,136.45,1552966,FYERS_HISTORY,2026-08-08T23:19:28+05:30
2022-10-25,SMD-0106,IEX,NSE:IEX-EQ,136.2,139.9,133.85,139.2,6925845,FYERS_HISTORY,2026-08-08T23:19:28+05:30
2022-10-27,SMD-0106,IEX,NSE:IEX-EQ,140.0,140.6,137.45,139.3,4131765,FYERS_HISTORY,2026-08-08T23:19:28+05:30
2022-10-28,SMD-0106,IEX,NSE:IEX-EQ,139.3,139.9,137.85,138.35,2869456,FYERS_HISTORY,2026-08-08T23:19:28+05:30
2022-10-31,SMD-0106,IEX,NSE:IEX-EQ,138.8,140.3,137.7,139.9,3990118,FYERS_HISTORY,2026-08-08T23:19:28+05:30
2022-11-01,SMD-0106,IEX,NSE:IEX-EQ,140.0,141.85,139.2,140.55,3623371,FYERS_HISTORY,2026-08-08T23:19:28+05:30
2022-11-02,SMD-0106,IEX,NSE:IEX-EQ,141.0,144.2,140.65,143.25,5845477,FYERS_HISTORY,2026-08-08T23:19:28+05:30
2022-11-03,SMD-0106,IEX,NSE:IEX-EQ,142.95,144.85,142.15,143.95,3819226,FYERS_HISTORY,2026-08-08T23:19:28+05:30
2022-11-04,SMD-0106,IEX,NSE:IEX-EQ,142.45,143.4,140.5,141.85,4282449,FYERS_HISTORY,2026-08-08T23:19:28+05:30
2022-11-07,SMD-0106,IEX,NSE:IEX-EQ,142.05,144.5,141.5,144.05,3841417,FYERS_HISTORY,2026-08-08T23:19:28+05:30
2022-11-09,SMD-0106,IEX,NSE:IEX-EQ,145.5,145.5,142.0,142.6,3104143,FYERS_HISTORY,2026-08-08T23:19:28+05:30
2022-11-10,SMD-0106,IEX,NSE:IEX-EQ,142.6,142.6,138.85,140.2,3163837,FYERS_HISTORY,2026-08-08T23:19:28+05:30
2022-11-11,SMD-0106,IEX,NSE:IEX-EQ,141.9,145.8,141.5,144.7,6747484,FYERS_HISTORY,2026-08-08T23:19:28+05:30
2022-11-14,SMD-0106,IEX,NSE:IEX-EQ,145.45,147.35,143.6,145.85,4744610,FYERS_HISTORY,2026-08-08T23:19:28+05:30
2022-11-15,SMD-0106,IEX,NSE:IEX-EQ,146.5,146.5,144.2,145.35,2737765,FYERS_HISTORY,2026-08-08T23:19:28+05:30
2022-11-16,SMD-0106,IEX,NSE:IEX-EQ,145.35,145.85,140.95,141.55,3913104,FYERS_HISTORY,2026-08-08T23:19:28+05:30
2022-11-17,SMD-0106,IEX,NSE:IEX-EQ,140.8,141.2,138.3,139.0,4535918,FYERS_HISTORY,2026-08-08T23:19:28+05:30
2022-11-18,SMD-0106,IEX,NSE:IEX-EQ,139.55,139.95,137.5,138.45,2551403,FYERS_HISTORY,2026-08-08T23:19:28+05:30
2022-11-21,SMD-0106,IEX,NSE:IEX-EQ,142.95,146.35,141.2,145.25,17982197,FYERS_HISTORY,2026-08-08T23:19:28+05:30
2022-11-22,SMD-0106,IEX,NSE:IEX-EQ,146.2,146.2,140.95,141.65,7227652,FYERS_HISTORY,2026-08-08T23:19:28+05:30
2022-11-23,SMD-0106,IEX,NSE:IEX-EQ,142.5,143.0,141.45,141.9,2879306,FYERS_HISTORY,2026-08-08T23:19:28+05:30
2022-11-24,SMD-0106,IEX,NSE:IEX-EQ,142.35,147.95,140.8,146.95,12795404,FYERS_HISTORY,2026-08-08T23:19:28+05:30
2022-11-25,SMD-0106,IEX,NSE:IEX-EQ,147.6,151.8,145.55,150.35,15386976,FYERS_HISTORY,2026-08-08T23:19:28+05:30
2022-11-28,SMD-0106,IEX,NSE:IEX-EQ,150.9,150.9,146.35,148.05,14305841,FYERS_HISTORY,2026-08-08T23:19:28+05:30
2022-11-29,SMD-0106,IEX,NSE:IEX-EQ,148.05,150.85,147.05,148.4,8487402,FYERS_HISTORY,2026-08-08T23:19:28+05:30
2022-11-30,SMD-0106,IEX,NSE:IEX-EQ,148.7,148.75,147.3,147.85,3117002,FYERS_HISTORY,2026-08-08T23:19:28+05:30
2022-12-01,SMD-0106,IEX,NSE:IEX-EQ,148.0,149.0,147.1,148.0,4982670,FYERS_HISTORY,2026-08-08T23:19:28+05:30
2022-12-02,SMD-0106,IEX,NSE:IEX-EQ,148.85,151.0,148.5,150.2,9043113,FYERS_HISTORY,2026-08-08T23:19:28+05:30
2022-12-05,SMD-0106,IEX,NSE:IEX-EQ,150.9,152.4,150.0,151.0,5017611,FYERS_HISTORY,2026-08-08T23:19:28+05:30
2022-12-06,SMD-0106,IEX,NSE:IEX-EQ,150.85,150.85,147.85,148.35,4435986,FYERS_HISTORY,2026-08-08T23:19:28+05:30
2022-12-07,SMD-0106,IEX,NSE:IEX-EQ,148.1,148.7,145.0,146.2,4189529,FYERS_HISTORY,2026-08-08T23:19:28+05:30
2022-12-08,SMD-0106,IEX,NSE:IEX-EQ,146.3,148.5,146.0,148.25,2609362,FYERS_HISTORY,2026-08-08T23:19:28+05:30
2022-12-09,SMD-0106,IEX,NSE:IEX-EQ,148.95,149.0,144.4,145.1,3346784,FYERS_HISTORY,2026-08-08T23:19:28+05:30
2022-12-12,SMD-0106,IEX,NSE:IEX-EQ,145.1,145.45,142.8,144.3,2952093,FYERS_HISTORY,2026-08-08T23:19:28+05:30
2022-12-13,SMD-0106,IEX,NSE:IEX-EQ,145.8,148.2,145.4,146.9,4391799,FYERS_HISTORY,2026-08-08T23:19:28+05:30
2022-12-14,SMD-0106,IEX,NSE:IEX-EQ,147.9,150.6,147.45,148.2,5533638,FYERS_HISTORY,2026-08-08T23:19:28+05:30
2022-12-15,SMD-0106,IEX,NSE:IEX-EQ,148.2,148.95,147.15,147.95,2588538,FYERS_HISTORY,2026-08-08T23:19:28+05:30
2022-12-16,SMD-0106,IEX,NSE:IEX-EQ,147.55,147.7,144.3,144.85,3590491,FYERS_HISTORY,2026-08-08T23:19:28+05:30
2022-12-19,SMD-0106,IEX,NSE:IEX-EQ,144.85,145.5,143.0,144.8,2711447,FYERS_HISTORY,2026-08-08T23:19:28+05:30
2022-12-20,SMD-0106,IEX,NSE:IEX-EQ,144.25,145.4,142.65,143.9,2613685,FYERS_HISTORY,2026-08-08T23:19:28+05:30
2022-12-21,SMD-0106,IEX,NSE:IEX-EQ,144.25,145.7,140.4,141.1,3186119,FYERS_HISTORY,2026-08-08T23:19:28+05:30
2022-12-22,SMD-0106,IEX,NSE:IEX-EQ,141.2,142.1,137.6,138.4,4826324,FYERS_HISTORY,2026-08-08T23:19:28+05:30
2022-12-23,SMD-0106,IEX,NSE:IEX-EQ,137.0,137.9,129.5,130.2,7382430,FYERS_HISTORY,2026-08-08T23:19:28+05:30
2022-12-26,SMD-0106,IEX,NSE:IEX-EQ,131.0,136.95,129.25,136.6,5396248,FYERS_HISTORY,2026-08-08T23:19:28+05:30
2022-12-27,SMD-0106,IEX,NSE:IEX-EQ,137.85,139.3,136.7,138.5,3848284,FYERS_HISTORY,2026-08-08T23:19:28+05:30
2022-12-28,SMD-0106,IEX,NSE:IEX-EQ,138.5,140.3,137.35,139.6,3673580,FYERS_HISTORY,2026-08-08T23:19:28+05:30
2022-12-29,SMD-0106,IEX,NSE:IEX-EQ,138.5,140.3,137.3,139.6,3306486,FYERS_HISTORY,2026-08-08T23:19:28+05:30
2022-12-30,SMD-0106,IEX,NSE:IEX-EQ,140.2,142.2,139.65,140.0,3993145,FYERS_HISTORY,2026-08-08T23:19:28+05:30
2023-01-02,SMD-0106,IEX,NSE:IEX-EQ,140.45,142.65,140.45,142.25,2871484,FYERS_HISTORY,2026-08-08T23:19:28+05:30
2023-01-03,SMD-0106,IEX,NSE:IEX-EQ,142.5,143.8,141.6,142.65,3722704,FYERS_HISTORY,2026-08-08T23:19:28+05:30
2023-01-04,SMD-0106,IEX,NSE:IEX-EQ,142.0,142.35,140.05,140.5,2811241,FYERS_HISTORY,2026-08-08T23:19:28+05:30
2023-01-05,SMD-0106,IEX,NSE:IEX-EQ,141.0,141.2,138.8,140.45,2394369,FYERS_HISTORY,2026-08-08T23:19:28+05:30
2023-01-06,SMD-0106,IEX,NSE:IEX-EQ,140.65,141.6,138.6,139.15,2059984,FYERS_HISTORY,2026-08-08T23:19:28+05:30
2023-01-09,SMD-0106,IEX,NSE:IEX-EQ,140.8,142.45,140.2,141.4,2987464,FYERS_HISTORY,2026-08-08T23:19:28+05:30
2023-01-10,SMD-0106,IEX,NSE:IEX-EQ,141.4,143.2,140.65,141.7,3360177,FYERS_HISTORY,2026-08-08T23:19:28+05:30
2023-01-11,SMD-0106,IEX,NSE:IEX-EQ,142.65,143.0,140.6,141.85,2683025,FYERS_HISTORY,2026-08-08T23:19:28+05:30
2023-01-12,SMD-0106,IEX,NSE:IEX-EQ,142.5,142.6,140.55,141.4,2209469,FYERS_HISTORY,2026-08-08T23:19:28+05:30
2023-01-13,SMD-0106,IEX,NSE:IEX-EQ,142.0,142.25,140.6,141.65,2106087,FYERS_HISTORY,2026-08-08T23:19:28+05:30
2023-01-16,SMD-0106,IEX,NSE:IEX-EQ,142.0,142.9,140.3,140.75,2848783,FYERS_HISTORY,2026-08-08T23:19:28+05:30
2023-01-17,SMD-0106,IEX,NSE:IEX-EQ,141.2,141.3,138.6,139.9,2612368,FYERS_HISTORY,2026-08-08T23:19:28+05:30
2023-01-18,SMD-0106,IEX,NSE:IEX-EQ,140.0,140.35,139.2,139.5,1483758,FYERS_HISTORY,2026-08-08T23:19:28+05:30
2023-01-19,SMD-0106,IEX,NSE:IEX-EQ,138.95,139.2,137.55,138.5,2235539,FYERS_HISTORY,2026-08-08T23:19:28+05:30
2023-01-20,SMD-0106,IEX,NSE:IEX-EQ,138.5,138.8,134.8,135.7,2769418,FYERS_HISTORY,2026-08-08T23:19:28+05:30
2023-01-23,SMD-0106,IEX,NSE:IEX-EQ,134.8,139.4,134.15,138.7,4204797,FYERS_HISTORY,2026-08-08T23:19:28+05:30
2023-01-24,SMD-0106,IEX,NSE:IEX-EQ,138.15,140.25,137.85,138.75,3381979,FYERS_HISTORY,2026-08-08T23:19:28+05:30
2023-01-25,SMD-0106,IEX,NSE:IEX-EQ,138.7,139.95,136.6,136.9,3331778,FYERS_HISTORY,2026-08-08T23:19:28+05:30
2023-01-27,SMD-0106,IEX,NSE:IEX-EQ,137.6,138.15,132.0,134.25,3722486,FYERS_HISTORY,2026-08-08T23:19:28+05:30
2023-01-30,SMD-0106,IEX,NSE:IEX-EQ,134.25,136.45,133.7,135.35,2520568,FYERS_HISTORY,2026-08-08T23:19:28+05:30
2023-01-31,SMD-0106,IEX,NSE:IEX-EQ,135.85,138.9,134.95,138.6,2391135,FYERS_HISTORY,2026-08-08T23:19:28+05:30
2023-02-01,SMD-0106,IEX,NSE:IEX-EQ,139.3,140.15,134.35,136.75,3455126,FYERS_HISTORY,2026-08-08T23:19:28+05:30
2023-02-02,SMD-0106,IEX,NSE:IEX-EQ,136.75,139.55,135.4,138.75,3212837,FYERS_HISTORY,2026-08-08T23:19:28+05:30
2023-02-03,SMD-0106,IEX,NSE:IEX-EQ,139.4,139.4,136.4,138.25,2476250,FYERS_HISTORY,2026-08-08T23:19:28+05:30
2023-02-06,SMD-0106,IEX,NSE:IEX-EQ,137.95,140.0,137.0,139.55,3305043,FYERS_HISTORY,2026-08-08T23:19:28+05:30
2023-02-07,SMD-0106,IEX,NSE:IEX-EQ,139.7,139.8,137.3,138.05,2194132,FYERS_HISTORY,2026-08-08T23:19:28+05:30
2023-02-08,SMD-0106,IEX,NSE:IEX-EQ,138.1,138.6,137.0,138.1,2301525,FYERS_HISTORY,2026-08-08T23:19:28+05:30
2023-02-09,SMD-0106,IEX,NSE:IEX-EQ,138.2,138.7,135.4,135.65,3533577,FYERS_HISTORY,2026-08-08T23:19:28+05:30
2023-02-10,SMD-0106,IEX,NSE:IEX-EQ,135.7,136.85,134.5,134.95,2721918,FYERS_HISTORY,2026-08-08T23:19:28+05:30
2023-02-13,SMD-0106,IEX,NSE:IEX-EQ,138.0,138.0,133.45,133.85,3323982,FYERS_HISTORY,2026-08-08T23:19:28+05:30
2023-02-14,SMD-0106,IEX,NSE:IEX-EQ,134.25,134.5,132.5,133.4,2056516,FYERS_HISTORY,2026-08-08T23:19:28+05:30
2023-02-15,SMD-0106,IEX,NSE:IEX-EQ,133.4,135.8,133.2,134.35,4614181,FYERS_HISTORY,2026-08-08T23:19:28+05:30
2023-02-16,SMD-0106,IEX,NSE:IEX-EQ,134.75,136.4,134.55,136.15,1879323,FYERS_HISTORY,2026-08-08T23:19:28+05:30
2023-02-17,SMD-0106,IEX,NSE:IEX-EQ,135.45,136.5,134.6,135.45,3464017,FYERS_HISTORY,2026-08-08T23:19:28+05:30
2023-02-20,SMD-0106,IEX,NSE:IEX-EQ,135.6,139.3,135.05,138.25,4709889,FYERS_HISTORY,2026-08-08T23:19:28+05:30
2023-02-21,SMD-0106,IEX,NSE:IEX-EQ,139.0,145.65,138.2,144.05,16677715,FYERS_HISTORY,2026-08-08T23:19:28+05:30
2023-02-22,SMD-0106,IEX,NSE:IEX-EQ,144.05,146.4,142.65,145.5,12020712,FYERS_HISTORY,2026-08-08T23:19:28+05:30
2023-02-23,SMD-0106,IEX,NSE:IEX-EQ,145.6,145.85,141.35,142.05,5625794,FYERS_HISTORY,2026-08-08T23:19:28+05:30
2023-02-24,SMD-0106,IEX,NSE:IEX-EQ,142.8,145.75,142.15,143.85,4607346,FYERS_HISTORY,2026-08-08T23:19:28+05:30
2023-02-27,SMD-0106,IEX,NSE:IEX-EQ,144.1,144.35,141.0,143.0,3757200,FYERS_HISTORY,2026-08-08T23:19:28+05:30
2023-02-28,SMD-0106,IEX,NSE:IEX-EQ,143.0,145.0,142.0,144.55,3126399,FYERS_HISTORY,2026-08-08T23:19:28+05:30
2023-03-01,SMD-0106,IEX,NSE:IEX-EQ,144.9,148.25,143.9,147.5,6600929,FYERS_HISTORY,2026-08-08T23:19:28+05:30
2023-03-02,SMD-0106,IEX,NSE:IEX-EQ,147.8,148.8,147.0,147.8,4292476,FYERS_HISTORY,2026-08-08T23:19:28+05:30
2023-03-03,SMD-0106,IEX,NSE:IEX-EQ,148.4,149.2,145.0,145.3,4988573,FYERS_HISTORY,2026-08-08T23:19:28+05:30
2023-03-06,SMD-0106,IEX,NSE:IEX-EQ,145.45,147.8,143.6,146.7,5965477,FYERS_HISTORY,2026-08-08T23:19:28+05:30
2023-03-08,SMD-0106,IEX,NSE:IEX-EQ,146.4,149.0,145.35,148.75,4133152,FYERS_HISTORY,2026-08-08T23:19:28+05:30
2023-03-09,SMD-0106,IEX,NSE:IEX-EQ,149.55,152.2,147.4,148.15,8075892,FYERS_HISTORY,2026-08-08T23:19:28+05:30
2023-03-10,SMD-0106,IEX,NSE:IEX-EQ,145.5,150.2,145.5,148.9,5092312,FYERS_HISTORY,2026-08-08T23:19:28+05:30
2023-03-13,SMD-0106,IEX,NSE:IEX-EQ,149.35,149.65,142.65,143.2,6926584,FYERS_HISTORY,2026-08-08T23:19:28+05:30
2023-03-14,SMD-0106,IEX,NSE:IEX-EQ,143.0,146.15,142.05,145.3,4928772,FYERS_HISTORY,2026-08-08T23:19:28+05:30
2023-03-15,SMD-0106,IEX,NSE:IEX-EQ,147.2,153.8,147.2,151.45,24728907,FYERS_HISTORY,2026-08-08T23:19:28+05:30
2023-03-16,SMD-0106,IEX,NSE:IEX-EQ,151.3,152.8,148.5,152.2,7008028,FYERS_HISTORY,2026-08-08T23:19:28+05:30
2023-03-17,SMD-0106,IEX,NSE:IEX-EQ,152.85,154.6,150.6,151.4,5966519,FYERS_HISTORY,2026-08-08T23:19:28+05:30
2023-03-20,SMD-0106,IEX,NSE:IEX-EQ,150.5,151.25,147.2,150.45,4965610,FYERS_HISTORY,2026-08-08T23:19:28+05:30
2023-03-21,SMD-0106,IEX,NSE:IEX-EQ,150.5,151.95,149.45,150.15,3161625,FYERS_HISTORY,2026-08-08T23:19:28+05:30
2023-03-22,SMD-0106,IEX,NSE:IEX-EQ,150.15,151.2,149.1,149.85,2056547,FYERS_HISTORY,2026-08-08T23:19:28+05:30
2023-03-23,SMD-0106,IEX,NSE:IEX-EQ,149.45,150.4,147.15,147.95,2342064,FYERS_HISTORY,2026-08-08T23:19:28+05:30
2023-03-24,SMD-0106,IEX,NSE:IEX-EQ,147.9,147.9,142.2,142.95,3671465,FYERS_HISTORY,2026-08-08T23:19:28+05:30
2023-03-27,SMD-0106,IEX,NSE:IEX-EQ,142.95,143.0,133.5,134.15,7585816,FYERS_HISTORY,2026-08-08T23:19:28+05:30
2023-03-28,SMD-0106,IEX,NSE:IEX-EQ,133.9,134.3,127.4,127.95,11174628,FYERS_HISTORY,2026-08-08T23:19:28+05:30
2023-03-29,SMD-0106,IEX,NSE:IEX-EQ,127.3,130.5,125.8,128.6,10720997,FYERS_HISTORY,2026-08-08T23:19:28+05:30
2023-03-31,SMD-0106,IEX,NSE:IEX-EQ,129.2,131.75,127.45,127.95,10429836,FYERS_HISTORY,2026-08-08T23:19:28+05:30
2023-04-03,SMD-0106,IEX,NSE:IEX-EQ,129.65,134.45,128.9,133.85,8599988,FYERS_HISTORY,2026-08-08T23:19:28+05:30
2023-04-05,SMD-0106,IEX,NSE:IEX-EQ,134.5,136.85,132.7,136.5,8358474,FYERS_HISTORY,2026-08-08T23:19:28+05:30
2023-04-06,SMD-0106,IEX,NSE:IEX-EQ,137.5,151.9,136.75,150.85,44174907,FYERS_HISTORY,2026-08-08T23:19:28+05:30
2023-04-10,SMD-0106,IEX,NSE:IEX-EQ,150.85,153.2,148.5,152.5,17163043,FYERS_HISTORY,2026-08-08T23:19:28+05:30
2023-04-11,SMD-0106,IEX,NSE:IEX-EQ,152.5,157.0,151.2,155.95,11607279,FYERS_HISTORY,2026-08-08T23:19:28+05:30
2023-04-12,SMD-0106,IEX,NSE:IEX-EQ,156.4,157.25,153.85,155.7,10608363,FYERS_HISTORY,2026-08-08T23:19:28+05:30
2023-04-13,SMD-0106,IEX,NSE:IEX-EQ,156.0,157.1,154.25,154.8,5215575,FYERS_HISTORY,2026-08-08T23:19:28+05:30
2023-04-17,SMD-0106,IEX,NSE:IEX-EQ,154.15,154.85,152.7,154.1,3442134,FYERS_HISTORY,2026-08-08T23:19:28+05:30
2023-04-18,SMD-0106,IEX,NSE:IEX-EQ,154.5,156.85,153.0,153.85,5174823,FYERS_HISTORY,2026-08-08T23:19:28+05:30
2023-04-19,SMD-0106,IEX,NSE:IEX-EQ,153.5,154.35,152.45,152.85,3136352,FYERS_HISTORY,2026-08-08T23:19:28+05:30
2023-04-20,SMD-0106,IEX,NSE:IEX-EQ,153.1,155.15,151.6,153.85,3611626,FYERS_HISTORY,2026-08-08T23:19:28+05:30
2023-04-21,SMD-0106,IEX,NSE:IEX-EQ,153.4,154.9,152.45,153.7,4465533,FYERS_HISTORY,2026-08-08T23:19:28+05:30
2023-04-24,SMD-0106,IEX,NSE:IEX-EQ,154.0,155.1,152.6,152.85,4238634,FYERS_HISTORY,2026-08-08T23:19:28+05:30
2023-04-25,SMD-0106,IEX,NSE:IEX-EQ,153.65,153.75,151.8,152.2,2947498,FYERS_HISTORY,2026-08-08T23:19:28+05:30
2023-04-26,SMD-0106,IEX,NSE:IEX-EQ,152.2,152.85,151.4,152.2,4237477,FYERS_HISTORY,2026-08-08T23:19:28+05:30
2023-04-27,SMD-0106,IEX,NSE:IEX-EQ,152.2,152.9,151.0,152.2,3492068,FYERS_HISTORY,2026-08-08T23:19:28+05:30
2023-04-28,SMD-0106,IEX,NSE:IEX-EQ,152.45,156.9,152.0,156.55,7276330,FYERS_HISTORY,2026-08-08T23:19:28+05:30
2023-05-02,SMD-0106,IEX,NSE:IEX-EQ,157.5,157.7,154.55,155.2,7246709,FYERS_HISTORY,2026-08-08T23:19:28+05:30
2023-05-03,SMD-0106,IEX,NSE:IEX-EQ,154.9,157.5,154.5,155.5,4398958,FYERS_HISTORY,2026-08-08T23:19:28+05:30
2023-05-04,SMD-0106,IEX,NSE:IEX-EQ,155.5,157.1,154.2,155.85,4137122,FYERS_HISTORY,2026-08-08T23:19:28+05:30
2023-05-05,SMD-0106,IEX,NSE:IEX-EQ,155.85,162.15,155.85,158.25,17620263,FYERS_HISTORY,2026-08-08T23:19:28+05:30
2023-05-08,SMD-0106,IEX,NSE:IEX-EQ,159.0,160.95,158.0,160.05,5352643,FYERS_HISTORY,2026-08-08T23:19:28+05:30
2023-05-09,SMD-0106,IEX,NSE:IEX-EQ,160.4,162.15,159.4,160.4,6360124,FYERS_HISTORY,2026-08-08T23:19:28+05:30
2023-05-10,SMD-0106,IEX,NSE:IEX-EQ,161.6,162.8,160.45,161.8,5782885,FYERS_HISTORY,2026-08-08T23:19:28+05:30
2023-05-11,SMD-0106,IEX,NSE:IEX-EQ,162.35,163.75,160.15,162.55,4817736,FYERS_HISTORY,2026-08-08T23:19:28+05:30
2023-05-12,SMD-0106,IEX,NSE:IEX-EQ,162.15,163.5,157.05,158.2,7588446,FYERS_HISTORY,2026-08-08T23:19:28+05:30
2023-05-15,SMD-0106,IEX,NSE:IEX-EQ,158.2,158.5,152.5,155.8,8214051,FYERS_HISTORY,2026-08-08T23:19:28+05:30
2023-05-16,SMD-0106,IEX,NSE:IEX-EQ,155.45,162.0,155.0,159.2,8224221,FYERS_HISTORY,2026-08-08T23:19:28+05:30
2023-05-17,SMD-0106,IEX,NSE:IEX-EQ,160.05,160.75,157.5,159.35,6772095,FYERS_HISTORY,2026-08-08T23:19:28+05:30
2023-05-18,SMD-0106,IEX,NSE:IEX-EQ,159.35,162.9,158.45,159.1,6144795,FYERS_HISTORY,2026-08-08T23:19:28+05:30
2023-05-19,SMD-0106,IEX,NSE:IEX-EQ,160.1,160.1,157.6,158.95,4427580,FYERS_HISTORY,2026-08-08T23:19:28+05:30
2023-05-22,SMD-0106,IEX,NSE:IEX-EQ,158.95,158.95,154.25,155.65,5899869,FYERS_HISTORY,2026-08-08T23:19:28+05:30
2023-05-23,SMD-0106,IEX,NSE:IEX-EQ,156.0,157.8,155.75,156.65,3068702,FYERS_HISTORY,2026-08-08T23:19:28+05:30
2023-05-24,SMD-0106,IEX,NSE:IEX-EQ,156.4,157.45,155.1,155.75,2869512,FYERS_HISTORY,2026-08-08T23:19:28+05:30
2023-05-25,SMD-0106,IEX,NSE:IEX-EQ,155.75,156.65,154.3,155.5,3768295,FYERS_HISTORY,2026-08-08T23:19:28+05:30
2023-05-26,SMD-0106,IEX,NSE:IEX-EQ,156.05,159.4,154.35,155.8,6172298,FYERS_HISTORY,2026-08-08T23:19:28+05:30
2023-05-29,SMD-0106,IEX,NSE:IEX-EQ,156.15,157.9,154.8,155.1,3914243,FYERS_HISTORY,2026-08-08T23:19:28+05:30
2023-05-30,SMD-0106,IEX,NSE:IEX-EQ,155.3,155.45,152.5,153.7,3549026,FYERS_HISTORY,2026-08-08T23:19:28+05:30
2023-05-31,SMD-0106,IEX,NSE:IEX-EQ,153.7,155.05,152.7,153.0,1993319,FYERS_HISTORY,2026-08-08T23:19:28+05:30
2023-06-01,SMD-0106,IEX,NSE:IEX-EQ,153.85,155.0,153.0,153.45,2216723,FYERS_HISTORY,2026-08-08T23:19:28+05:30
2023-06-02,SMD-0106,IEX,NSE:IEX-EQ,154.1,154.35,152.55,152.75,1674551,FYERS_HISTORY,2026-08-08T23:19:28+05:30
2023-06-05,SMD-0106,IEX,NSE:IEX-EQ,153.2,153.95,152.5,153.2,2919012,FYERS_HISTORY,2026-08-08T23:19:28+05:30
2023-06-06,SMD-0106,IEX,NSE:IEX-EQ,153.75,153.75,146.6,147.2,11143867,FYERS_HISTORY,2026-08-08T23:19:28+05:30
2023-06-07,SMD-0106,IEX,NSE:IEX-EQ,147.3,149.55,145.45,148.7,6665847,FYERS_HISTORY,2026-08-08T23:19:28+05:30
2023-06-08,SMD-0106,IEX,NSE:IEX-EQ,149.65,150.95,135.35,136.45,24010073,FYERS_HISTORY,2026-08-08T23:19:28+05:30
2023-06-09,SMD-0106,IEX,NSE:IEX-EQ,128.0,130.0,116.0,122.6,146159814,FYERS_HISTORY,2026-08-08T23:19:28+05:30
2023-06-12,SMD-0106,IEX,NSE:IEX-EQ,126.0,127.0,123.05,123.6,36392534,FYERS_HISTORY,2026-08-08T23:19:28+05:30
2023-06-13,SMD-0106,IEX,NSE:IEX-EQ,123.8,125.45,123.8,125.15,13246858,FYERS_HISTORY,2026-08-08T23:19:28+05:30
2023-06-14,SMD-0106,IEX,NSE:IEX-EQ,125.5,125.75,123.1,123.35,11355031,FYERS_HISTORY,2026-08-08T23:19:28+05:30
2023-06-15,SMD-0106,IEX,NSE:IEX-EQ,123.5,125.9,123.5,124.85,9763522,FYERS_HISTORY,2026-08-08T23:19:28+05:30
2023-06-16,SMD-0106,IEX,NSE:IEX-EQ,125.45,126.4,124.2,125.8,9508717,FYERS_HISTORY,2026-08-08T23:19:28+05:30
2023-06-19,SMD-0106,IEX,NSE:IEX-EQ,126.0,129.3,126.0,128.75,13447079,FYERS_HISTORY,2026-08-08T23:19:28+05:30
2023-06-20,SMD-0106,IEX,NSE:IEX-EQ,129.9,132.5,128.8,130.7,19846063,FYERS_HISTORY,2026-08-08T23:19:28+05:30
2023-06-21,SMD-0106,IEX,NSE:IEX-EQ,131.25,131.55,128.0,128.35,8866011,FYERS_HISTORY,2026-08-08T23:19:28+05:30
2023-06-22,SMD-0106,IEX,NSE:IEX-EQ,129.0,129.25,126.35,126.7,6706174,FYERS_HISTORY,2026-08-08T23:19:28+05:30
2023-06-23,SMD-0106,IEX,NSE:IEX-EQ,127.0,128.9,124.75,127.2,7786678,FYERS_HISTORY,2026-08-08T23:19:28+05:30
2023-06-26,SMD-0106,IEX,NSE:IEX-EQ,127.6,129.65,126.25,129.45,6021252,FYERS_HISTORY,2026-08-08T23:19:28+05:30
2023-06-27,SMD-0106,IEX,NSE:IEX-EQ,129.9,130.2,127.6,128.1,5773768,FYERS_HISTORY,2026-08-08T23:19:28+05:30
2023-06-28,SMD-0106,IEX,NSE:IEX-EQ,129.3,129.3,126.2,126.5,7218458,FYERS_HISTORY,2026-08-08T23:19:28+05:30
2023-06-30,SMD-0106,IEX,NSE:IEX-EQ,127.0,128.4,126.75,127.1,4393190,FYERS_HISTORY,2026-08-08T23:19:28+05:30
2023-07-03,SMD-0106,IEX,NSE:IEX-EQ,127.6,128.2,126.6,126.8,3201986,FYERS_HISTORY,2026-08-08T23:19:28+05:30
2023-07-04,SMD-0106,IEX,NSE:IEX-EQ,127.5,128.0,124.2,124.65,8303656,FYERS_HISTORY,2026-08-08T23:19:28+05:30
2023-07-05,SMD-0106,IEX,NSE:IEX-EQ,124.65,128.0,124.5,126.0,8286761,FYERS_HISTORY,2026-08-08T23:19:28+05:30
2023-07-06,SMD-0106,IEX,NSE:IEX-EQ,126.35,127.45,125.8,126.7,5863594,FYERS_HISTORY,2026-08-08T23:19:28+05:30
2023-07-07,SMD-0106,IEX,NSE:IEX-EQ,127.0,127.5,124.8,125.4,7122820,FYERS_HISTORY,2026-08-08T23:19:28+05:30
2023-07-10,SMD-0106,IEX,NSE:IEX-EQ,125.75,125.9,123.05,123.7,7069687,FYERS_HISTORY,2026-08-08T23:19:28+05:30
2023-07-11,SMD-0106,IEX,NSE:IEX-EQ,124.15,125.35,123.7,123.9,5114917,FYERS_HISTORY,2026-08-08T23:19:28+05:30
2023-07-12,SMD-0106,IEX,NSE:IEX-EQ,124.0,124.6,123.0,123.55,4440548,FYERS_HISTORY,2026-08-08T23:19:28+05:30
2023-07-13,SMD-0106,IEX,NSE:IEX-EQ,123.8,124.3,120.5,121.6,6395490,FYERS_HISTORY,2026-08-08T23:19:28+05:30
2023-07-14,SMD-0106,IEX,NSE:IEX-EQ,122.0,124.0,120.7,123.75,6508426,FYERS_HISTORY,2026-08-08T23:19:28+05:30
2023-07-17,SMD-0106,IEX,NSE:IEX-EQ,124.1,124.8,123.75,124.55,4861204,FYERS_HISTORY,2026-08-08T23:19:28+05:30
2023-07-18,SMD-0106,IEX,NSE:IEX-EQ,124.55,124.85,122.55,123.1,5189883,FYERS_HISTORY,2026-08-08T23:19:28+05:30
2023-07-19,SMD-0106,IEX,NSE:IEX-EQ,123.1,125.55,122.55,124.85,6931772,FYERS_HISTORY,2026-08-08T23:19:28+05:30
2023-07-20,SMD-0106,IEX,NSE:IEX-EQ,124.8,126.05,123.9,124.1,4685402,FYERS_HISTORY,2026-08-08T23:19:28+05:30
2023-07-21,SMD-0106,IEX,NSE:IEX-EQ,124.0,124.65,123.35,123.6,3548501,FYERS_HISTORY,2026-08-08T23:19:28+05:30
2023-07-24,SMD-0106,IEX,NSE:IEX-EQ,124.0,124.75,122.7,123.45,5683016,FYERS_HISTORY,2026-08-08T23:19:28+05:30
2023-07-25,SMD-0106,IEX,NSE:IEX-EQ,123.7,124.0,122.8,123.4,4530828,FYERS_HISTORY,2026-08-08T23:19:28+05:30
2023-07-26,SMD-0106,IEX,NSE:IEX-EQ,123.5,125.2,123.5,124.4,4553503,FYERS_HISTORY,2026-08-08T23:19:28+05:30
2023-07-27,SMD-0106,IEX,NSE:IEX-EQ,125.4,125.5,119.0,119.95,16559787,FYERS_HISTORY,2026-08-08T23:19:28+05:30
2023-07-28,SMD-0106,IEX,NSE:IEX-EQ,119.9,124.5,119.8,122.6,14041684,FYERS_HISTORY,2026-08-08T23:19:28+05:30
2023-07-31,SMD-0106,IEX,NSE:IEX-EQ,122.6,124.0,122.4,122.65,5110124,FYERS_HISTORY,2026-08-08T23:19:28+05:30
2023-08-01,SMD-0106,IEX,NSE:IEX-EQ,123.75,129.15,122.8,127.4,25952769,FYERS_HISTORY,2026-08-08T23:19:28+05:30
2023-08-02,SMD-0106,IEX,NSE:IEX-EQ,128.1,130.25,125.3,126.9,16320596,FYERS_HISTORY,2026-08-08T23:19:28+05:30
2023-08-03,SMD-0106,IEX,NSE:IEX-EQ,127.0,128.1,125.0,126.1,6271426,FYERS_HISTORY,2026-08-08T23:19:28+05:30
2023-08-04,SMD-0106,IEX,NSE:IEX-EQ,126.5,128.45,126.3,127.05,5931555,FYERS_HISTORY,2026-08-08T23:19:28+05:30
2023-08-07,SMD-0106,IEX,NSE:IEX-EQ,128.3,129.55,126.35,126.9,7795096,FYERS_HISTORY,2026-08-08T23:19:28+05:30
2023-08-08,SMD-0106,IEX,NSE:IEX-EQ,127.8,130.2,127.0,129.05,10649648,FYERS_HISTORY,2026-08-08T23:19:28+05:30
2023-08-09,SMD-0106,IEX,NSE:IEX-EQ,129.8,131.9,127.8,130.6,8299335,FYERS_HISTORY,2026-08-08T23:19:28+05:30
2023-08-10,SMD-0106,IEX,NSE:IEX-EQ,131.2,132.0,128.7,129.1,6042570,FYERS_HISTORY,2026-08-08T23:19:28+05:30
2023-08-11,SMD-0106,IEX,NSE:IEX-EQ,129.4,130.6,128.1,128.5,3337141,FYERS_HISTORY,2026-08-08T23:19:28+05:30
2023-08-14,SMD-0106,IEX,NSE:IEX-EQ,128.7,128.95,125.05,126.2,4792415,FYERS_HISTORY,2026-08-08T23:19:28+05:30
2023-08-16,SMD-0106,IEX,NSE:IEX-EQ,126.2,126.9,124.7,125.2,3313400,FYERS_HISTORY,2026-08-08T23:19:28+05:30
2023-08-17,SMD-0106,IEX,NSE:IEX-EQ,125.45,128.75,125.25,126.35,8678589,FYERS_HISTORY,2026-08-08T23:19:28+05:30
2023-08-18,SMD-0106,IEX,NSE:IEX-EQ,126.3,126.3,123.3,123.9,5678845,FYERS_HISTORY,2026-08-08T23:19:28+05:30
2023-08-21,SMD-0106,IEX,NSE:IEX-EQ,124.5,125.2,123.75,124.35,5900772,FYERS_HISTORY,2026-08-08T23:19:28+05:30
2023-08-22,SMD-0106,IEX,NSE:IEX-EQ,123.45,125.55,121.85,124.5,9110965,FYERS_HISTORY,2026-08-08T23:19:28+05:30
2023-08-23,SMD-0106,IEX,NSE:IEX-EQ,124.5,125.9,123.0,125.05,6299011,FYERS_HISTORY,2026-08-08T23:19:28+05:30
2023-08-24,SMD-0106,IEX,NSE:IEX-EQ,125.85,126.95,124.6,124.9,5513509,FYERS_HISTORY,2026-08-08T23:19:28+05:30
2023-08-25,SMD-0106,IEX,NSE:IEX-EQ,124.8,125.7,123.75,124.15,3636352,FYERS_HISTORY,2026-08-08T23:19:28+05:30
2023-08-28,SMD-0106,IEX,NSE:IEX-EQ,124.3,125.3,124.1,124.9,4194834,FYERS_HISTORY,2026-08-08T23:19:28+05:30
2023-08-29,SMD-0106,IEX,NSE:IEX-EQ,125.0,126.1,124.6,125.55,4244434,FYERS_HISTORY,2026-08-08T23:19:28+05:30
2023-08-30,SMD-0106,IEX,NSE:IEX-EQ,125.6,126.9,125.6,126.15,4477959,FYERS_HISTORY,2026-08-08T23:19:28+05:30
2023-08-31,SMD-0106,IEX,NSE:IEX-EQ,126.55,127.35,125.5,126.2,4504456,FYERS_HISTORY,2026-08-08T23:19:28+05:30
2023-09-01,SMD-0106,IEX,NSE:IEX-EQ,126.5,132.4,126.45,131.75,24975343,FYERS_HISTORY,2026-08-08T23:19:28+05:30
2023-09-04,SMD-0106,IEX,NSE:IEX-EQ,133.55,137.9,131.6,137.1,23462325,FYERS_HISTORY,2026-08-08T23:19:28+05:30
2023-09-05,SMD-0106,IEX,NSE:IEX-EQ,141.1,141.9,136.65,138.1,30369092,FYERS_HISTORY,2026-08-08T23:19:28+05:30
2023-09-06,SMD-0106,IEX,NSE:IEX-EQ,138.8,139.35,135.3,137.0,10441454,FYERS_HISTORY,2026-08-08T23:19:28+05:30
2023-09-07,SMD-0106,IEX,NSE:IEX-EQ,138.05,139.3,135.7,138.0,9580120,FYERS_HISTORY,2026-08-08T23:19:28+05:30
2023-09-08,SMD-0106,IEX,NSE:IEX-EQ,138.8,143.4,138.1,142.0,32912701,FYERS_HISTORY,2026-08-08T23:19:28+05:30
2023-09-11,SMD-0106,IEX,NSE:IEX-EQ,143.05,143.45,138.5,140.2,13732090,FYERS_HISTORY,2026-08-08T23:19:28+05:30
2023-09-12,SMD-0106,IEX,NSE:IEX-EQ,140.5,140.7,132.1,132.6,18265094,FYERS_HISTORY,2026-08-08T23:19:28+05:30
2023-09-13,SMD-0106,IEX,NSE:IEX-EQ,132.65,134.75,131.45,134.35,7407709,FYERS_HISTORY,2026-08-08T23:19:28+05:30
2023-09-14,SMD-0106,IEX,NSE:IEX-EQ,134.75,135.85,134.05,134.85,5626314,FYERS_HISTORY,2026-08-08T23:19:28+05:30
2023-09-15,SMD-0106,IEX,NSE:IEX-EQ,135.15,136.8,133.25,134.35,5623303,FYERS_HISTORY,2026-08-08T23:19:28+05:30
2023-09-18,SMD-0106,IEX,NSE:IEX-EQ,134.95,135.25,132.5,133.0,5671439,FYERS_HISTORY,2026-08-08T23:19:28+05:30
2023-09-20,SMD-0106,IEX,NSE:IEX-EQ,133.0,133.85,130.7,133.0,5144120,FYERS_HISTORY,2026-08-08T23:19:28+05:30
2023-09-21,SMD-0106,IEX,NSE:IEX-EQ,132.35,135.8,131.0,131.6,8349230,FYERS_HISTORY,2026-08-08T23:19:28+05:30
2023-09-22,SMD-0106,IEX,NSE:IEX-EQ,131.8,133.0,130.3,130.75,4063159,FYERS_HISTORY,2026-08-08T23:19:28+05:30
2023-09-25,SMD-0106,IEX,NSE:IEX-EQ,131.0,131.55,129.75,131.15,3784939,FYERS_HISTORY,2026-08-08T23:19:28+05:30
2023-09-26,SMD-0106,IEX,NSE:IEX-EQ,131.2,133.4,130.75,131.75,5458834,FYERS_HISTORY,2026-08-08T23:19:28+05:30
2023-09-27,SMD-0106,IEX,NSE:IEX-EQ,131.75,132.35,130.15,132.1,3605330,FYERS_HISTORY,2026-08-08T23:19:28+05:30
2023-09-28,SMD-0106,IEX,NSE:IEX-EQ,132.6,134.85,130.65,131.05,8359304,FYERS_HISTORY,2026-08-08T23:19:28+05:30
2023-09-29,SMD-0106,IEX,NSE:IEX-EQ,131.75,133.0,131.3,132.2,3741421,FYERS_HISTORY,2026-08-08T23:19:28+05:30
2023-10-03,SMD-0106,IEX,NSE:IEX-EQ,132.1,133.45,130.75,133.0,6952556,FYERS_HISTORY,2026-08-08T23:19:28+05:30
2023-10-04,SMD-0106,IEX,NSE:IEX-EQ,133.0,133.05,128.1,129.65,6162256,FYERS_HISTORY,2026-08-08T23:19:28+05:30
2023-10-05,SMD-0106,IEX,NSE:IEX-EQ,132.25,135.25,131.2,133.2,14465801,FYERS_HISTORY,2026-08-08T23:19:28+05:30
2023-10-06,SMD-0106,IEX,NSE:IEX-EQ,133.95,134.45,132.3,133.8,5965536,FYERS_HISTORY,2026-08-08T23:19:28+05:30
2023-10-09,SMD-0106,IEX,NSE:IEX-EQ,132.0,132.9,129.55,131.5,6882229,FYERS_HISTORY,2026-08-08T23:19:28+05:30
2023-10-10,SMD-0106,IEX,NSE:IEX-EQ,131.85,134.7,131.7,134.0,6092059,FYERS_HISTORY,2026-08-08T23:19:28+05:30
2023-10-11,SMD-0106,IEX,NSE:IEX-EQ,134.4,134.85,133.0,133.2,3121635,FYERS_HISTORY,2026-08-08T23:19:28+05:30
2023-10-12,SMD-0106,IEX,NSE:IEX-EQ,133.3,135.8,133.05,134.9,6422651,FYERS_HISTORY,2026-08-08T23:19:28+05:30
2023-10-13,SMD-0106,IEX,NSE:IEX-EQ,134.1,136.7,134.1,134.5,5102465,FYERS_HISTORY,2026-08-08T23:19:28+05:30
2023-10-16,SMD-0106,IEX,NSE:IEX-EQ,134.5,136.15,133.35,135.1,4368903,FYERS_HISTORY,2026-08-08T23:19:28+05:30
2023-10-17,SMD-0106,IEX,NSE:IEX-EQ,135.25,137.1,135.25,136.0,5814184,FYERS_HISTORY,2026-08-08T23:19:28+05:30
2023-10-18,SMD-0106,IEX,NSE:IEX-EQ,136.0,136.75,133.1,133.6,4565702,FYERS_HISTORY,2026-08-08T23:19:28+05:30
2023-10-19,SMD-0106,IEX,NSE:IEX-EQ,133.1,135.0,132.1,133.7,3708535,FYERS_HISTORY,2026-08-08T23:19:28+05:30
2023-10-20,SMD-0106,IEX,NSE:IEX-EQ,133.5,134.1,130.7,131.15,3731323,FYERS_HISTORY,2026-08-08T23:19:28+05:30
2023-10-23,SMD-0106,IEX,NSE:IEX-EQ,131.2,132.1,125.5,126.3,5140453,FYERS_HISTORY,2026-08-08T23:19:28+05:30
2023-10-25,SMD-0106,IEX,NSE:IEX-EQ,127.0,128.0,123.65,124.45,4250719,FYERS_HISTORY,2026-08-08T23:19:28+05:30
2023-10-26,SMD-0106,IEX,NSE:IEX-EQ,124.4,124.4,121.35,123.45,4744258,FYERS_HISTORY,2026-08-08T23:19:28+05:30
2023-10-27,SMD-0106,IEX,NSE:IEX-EQ,124.65,125.5,123.95,124.95,4382722,FYERS_HISTORY,2026-08-08T23:19:28+05:30
2023-10-30,SMD-0106,IEX,NSE:IEX-EQ,125.5,125.9,124.35,125.3,2876345,FYERS_HISTORY,2026-08-08T23:19:28+05:30
2023-10-31,SMD-0106,IEX,NSE:IEX-EQ,126.0,126.45,124.6,125.85,4357528,FYERS_HISTORY,2026-08-08T23:19:28+05:30
2023-11-01,SMD-0106,IEX,NSE:IEX-EQ,126.2,126.35,124.6,124.85,2391121,FYERS_HISTORY,2026-08-08T23:19:28+05:30
2023-11-02,SMD-0106,IEX,NSE:IEX-EQ,125.5,126.85,125.2,126.65,3115957,FYERS_HISTORY,2026-08-08T23:19:28+05:30
2023-11-03,SMD-0106,IEX,NSE:IEX-EQ,129.0,129.9,127.4,127.6,6888797,FYERS_HISTORY,2026-08-08T23:19:28+05:30
2023-11-06,SMD-0106,IEX,NSE:IEX-EQ,127.9,134.85,127.8,133.45,14494493,FYERS_HISTORY,2026-08-08T23:19:28+05:30
2023-11-07,SMD-0106,IEX,NSE:IEX-EQ,132.1,134.4,131.65,133.0,5857185,FYERS_HISTORY,2026-08-08T23:19:28+05:30
2023-11-08,SMD-0106,IEX,NSE:IEX-EQ,133.5,134.0,132.15,132.4,2617325,FYERS_HISTORY,2026-08-08T23:19:28+05:30
2023-11-09,SMD-0106,IEX,NSE:IEX-EQ,133.1,133.1,131.0,131.15,2288878,FYERS_HISTORY,2026-08-08T23:19:28+05:30
2023-11-10,SMD-0106,IEX,NSE:IEX-EQ,131.2,131.75,129.85,131.45,2133417,FYERS_HISTORY,2026-08-08T23:19:28+05:30
2023-11-12,SMD-0106,IEX,NSE:IEX-EQ,132.7,132.9,131.6,132.05,918858,FYERS_HISTORY,2026-08-08T23:19:28+05:30
2023-11-13,SMD-0106,IEX,NSE:IEX-EQ,132.15,134.15,131.0,132.5,4358362,FYERS_HISTORY,2026-08-08T23:19:28+05:30
2023-11-15,SMD-0106,IEX,NSE:IEX-EQ,133.7,136.75,132.9,135.5,8080904,FYERS_HISTORY,2026-08-08T23:19:28+05:30
2023-11-16,SMD-0106,IEX,NSE:IEX-EQ,136.0,138.7,135.6,136.1,9696133,FYERS_HISTORY,2026-08-08T23:19:28+05:30
2023-11-17,SMD-0106,IEX,NSE:IEX-EQ,136.8,138.95,135.85,138.05,8591473,FYERS_HISTORY,2026-08-08T23:19:28+05:30
2023-11-20,SMD-0106,IEX,NSE:IEX-EQ,138.65,140.0,137.0,138.0,9003780,FYERS_HISTORY,2026-08-08T23:19:28+05:30
2023-11-21,SMD-0106,IEX,NSE:IEX-EQ,138.9,143.0,136.55,141.85,18045021,FYERS_HISTORY,2026-08-08T23:19:28+05:30
2023-11-22,SMD-0106,IEX,NSE:IEX-EQ,142.4,144.2,140.1,143.6,18931728,FYERS_HISTORY,2026-08-08T23:19:28+05:30
2023-11-23,SMD-0106,IEX,NSE:IEX-EQ,150.0,150.4,144.7,145.1,31367331,FYERS_HISTORY,2026-08-08T23:19:28+05:30
2023-11-24,SMD-0106,IEX,NSE:IEX-EQ,145.7,145.7,141.2,142.05,10550802,FYERS_HISTORY,2026-08-08T23:19:28+05:30
2023-11-28,SMD-0106,IEX,NSE:IEX-EQ,142.8,145.5,141.6,144.45,9583712,FYERS_HISTORY,2026-08-08T23:19:28+05:30
2023-11-29,SMD-0106,IEX,NSE:IEX-EQ,145.75,146.25,143.1,143.75,5937995,FYERS_HISTORY,2026-08-08T23:19:28+05:30
2023-11-30,SMD-0106,IEX,NSE:IEX-EQ,144.0,144.85,141.6,143.85,6712211,FYERS_HISTORY,2026-08-08T23:19:28+05:30
2023-12-01,SMD-0106,IEX,NSE:IEX-EQ,144.6,145.25,142.25,142.7,5105259,FYERS_HISTORY,2026-08-08T23:19:28+05:30
2023-12-04,SMD-0106,IEX,NSE:IEX-EQ,145.0,147.4,143.45,144.95,10257368,FYERS_HISTORY,2026-08-08T23:19:28+05:30
2023-12-05,SMD-0106,IEX,NSE:IEX-EQ,147.0,148.8,143.3,143.85,20091497,FYERS_HISTORY,2026-08-08T23:19:28+05:30
2023-12-06,SMD-0106,IEX,NSE:IEX-EQ,144.7,149.3,144.2,147.75,16256391,FYERS_HISTORY,2026-08-08T23:19:28+05:30
2023-12-07,SMD-0106,IEX,NSE:IEX-EQ,148.4,159.9,146.8,157.75,56706512,FYERS_HISTORY,2026-08-08T23:19:28+05:30
2023-12-08,SMD-0106,IEX,NSE:IEX-EQ,158.0,160.0,150.45,152.7,22244444,FYERS_HISTORY,2026-08-08T23:19:28+05:30
2023-12-11,SMD-0106,IEX,NSE:IEX-EQ,153.4,156.15,152.7,153.6,9152525,FYERS_HISTORY,2026-08-08T23:19:28+05:30
2023-12-12,SMD-0106,IEX,NSE:IEX-EQ,154.45,154.45,150.3,151.3,7491560,FYERS_HISTORY,2026-08-08T23:19:28+05:30
2023-12-13,SMD-0106,IEX,NSE:IEX-EQ,151.6,154.0,151.5,153.1,6661884,FYERS_HISTORY,2026-08-08T23:19:28+05:30
2023-12-14,SMD-0106,IEX,NSE:IEX-EQ,154.0,154.95,152.0,152.55,6055516,FYERS_HISTORY,2026-08-08T23:19:28+05:30
2023-12-15,SMD-0106,IEX,NSE:IEX-EQ,153.4,153.75,150.6,151.0,6120176,FYERS_HISTORY,2026-08-08T23:19:28+05:30
2023-12-18,SMD-0106,IEX,NSE:IEX-EQ,151.0,155.95,150.0,153.1,10954977,FYERS_HISTORY,2026-08-08T23:19:28+05:30
2023-12-19,SMD-0106,IEX,NSE:IEX-EQ,153.55,155.8,151.6,154.2,8137617,FYERS_HISTORY,2026-08-08T23:19:28+05:30
2023-12-20,SMD-0106,IEX,NSE:IEX-EQ,155.0,157.05,142.3,143.95,16286010,FYERS_HISTORY,2026-08-08T23:19:28+05:30
2023-12-21,SMD-0106,IEX,NSE:IEX-EQ,142.15,147.9,140.65,147.1,9483028,FYERS_HISTORY,2026-08-08T23:19:28+05:30
2023-12-22,SMD-0106,IEX,NSE:IEX-EQ,148.1,154.5,146.9,152.55,15814245,FYERS_HISTORY,2026-08-08T23:19:28+05:30
2023-12-26,SMD-0106,IEX,NSE:IEX-EQ,152.5,157.3,151.55,156.4,21794223,FYERS_HISTORY,2026-08-08T23:19:29+05:30
2023-12-27,SMD-0106,IEX,NSE:IEX-EQ,157.1,159.5,153.35,154.75,11706004,FYERS_HISTORY,2026-08-08T23:19:29+05:30
2023-12-28,SMD-0106,IEX,NSE:IEX-EQ,155.55,162.75,154.15,161.5,36602674,FYERS_HISTORY,2026-08-08T23:19:29+05:30
2023-12-29,SMD-0106,IEX,NSE:IEX-EQ,162.5,172.3,162.0,168.0,78634602,FYERS_HISTORY,2026-08-08T23:19:29+05:30
2024-01-01,SMD-0106,IEX,NSE:IEX-EQ,169.1,173.35,166.45,168.0,29812120,FYERS_HISTORY,2026-08-08T23:19:29+05:30
2024-01-02,SMD-0106,IEX,NSE:IEX-EQ,168.5,168.7,162.05,165.95,22328576,FYERS_HISTORY,2026-08-08T23:19:29+05:30
2024-01-03,SMD-0106,IEX,NSE:IEX-EQ,164.1,165.45,162.5,163.15,9076268,FYERS_HISTORY,2026-08-08T23:19:29+05:30
2024-01-04,SMD-0106,IEX,NSE:IEX-EQ,166.0,167.9,164.4,165.95,17806032,FYERS_HISTORY,2026-08-08T23:19:29+05:30
2024-01-05,SMD-0106,IEX,NSE:IEX-EQ,166.85,167.35,163.0,164.2,10729223,FYERS_HISTORY,2026-08-08T23:19:29+05:30
2024-01-08,SMD-0106,IEX,NSE:IEX-EQ,164.2,164.6,159.55,160.9,10622236,FYERS_HISTORY,2026-08-08T23:19:29+05:30
2024-01-09,SMD-0106,IEX,NSE:IEX-EQ,161.85,165.9,161.25,162.85,11833007,FYERS_HISTORY,2026-08-08T23:19:29+05:30
2024-01-10,SMD-0106,IEX,NSE:IEX-EQ,163.2,166.5,160.55,164.05,7634305,FYERS_HISTORY,2026-08-08T23:19:29+05:30
2024-01-11,SMD-0106,IEX,NSE:IEX-EQ,165.7,167.9,165.0,166.9,12550623,FYERS_HISTORY,2026-08-08T23:19:29+05:30
2024-01-12,SMD-0106,IEX,NSE:IEX-EQ,167.5,169.2,163.9,164.4,13109691,FYERS_HISTORY,2026-08-08T23:19:29+05:30
2024-01-15,SMD-0106,IEX,NSE:IEX-EQ,165.15,165.5,161.55,163.65,9204845,FYERS_HISTORY,2026-08-08T23:19:29+05:30
2024-01-16,SMD-0106,IEX,NSE:IEX-EQ,163.75,167.15,162.4,164.1,13973367,FYERS_HISTORY,2026-08-08T23:19:29+05:30
2024-01-17,SMD-0106,IEX,NSE:IEX-EQ,155.2,159.25,145.4,147.25,69324261,FYERS_HISTORY,2026-08-08T23:19:29+05:30
2024-01-18,SMD-0106,IEX,NSE:IEX-EQ,145.1,145.8,134.3,137.2,52733975,FYERS_HISTORY,2026-08-08T23:19:29+05:30
2024-01-19,SMD-0106,IEX,NSE:IEX-EQ,138.25,141.9,138.2,140.05,23184366,FYERS_HISTORY,2026-08-08T23:19:29+05:30
2024-01-20,SMD-0106,IEX,NSE:IEX-EQ,141.85,143.5,140.4,142.25,9769668,FYERS_HISTORY,2026-08-08T23:19:29+05:30
2024-01-23,SMD-0106,IEX,NSE:IEX-EQ,143.3,143.8,135.7,136.45,15901514,FYERS_HISTORY,2026-08-08T23:19:29+05:30
2024-01-24,SMD-0106,IEX,NSE:IEX-EQ,137.95,139.4,134.6,136.8,15785141,FYERS_HISTORY,2026-08-08T23:19:29+05:30
2024-01-25,SMD-0106,IEX,NSE:IEX-EQ,137.5,137.8,134.2,135.7,12951767,FYERS_HISTORY,2026-08-08T23:19:29+05:30
2024-01-29,SMD-0106,IEX,NSE:IEX-EQ,138.55,141.7,137.3,140.45,17020958,FYERS_HISTORY,2026-08-08T23:19:29+05:30
2024-01-30,SMD-0106,IEX,NSE:IEX-EQ,141.7,147.0,141.2,145.1,24150039,FYERS_HISTORY,2026-08-08T23:19:29+05:30
2024-01-31,SMD-0106,IEX,NSE:IEX-EQ,146.0,148.2,144.85,147.6,13784111,FYERS_HISTORY,2026-08-08T23:19:29+05:30
2024-02-01,SMD-0106,IEX,NSE:IEX-EQ,148.4,148.85,145.0,146.3,7936428,FYERS_HISTORY,2026-08-08T23:19:29+05:30
2024-02-02,SMD-0106,IEX,NSE:IEX-EQ,147.0,148.2,145.55,146.05,7694451,FYERS_HISTORY,2026-08-08T23:19:29+05:30
2024-02-05,SMD-0106,IEX,NSE:IEX-EQ,146.85,150.15,145.65,146.55,10164252,FYERS_HISTORY,2026-08-08T23:19:29+05:30
2024-02-06,SMD-0106,IEX,NSE:IEX-EQ,149.4,153.8,148.2,152.85,26776884,FYERS_HISTORY,2026-08-08T23:19:29+05:30
2024-02-07,SMD-0106,IEX,NSE:IEX-EQ,154.4,154.4,143.15,145.1,43105050,FYERS_HISTORY,2026-08-08T23:19:29+05:30
2024-02-08,SMD-0106,IEX,NSE:IEX-EQ,145.1,148.25,144.05,144.45,12819592,FYERS_HISTORY,2026-08-08T23:19:29+05:30
2024-02-09,SMD-0106,IEX,NSE:IEX-EQ,145.45,145.9,140.0,143.75,11404781,FYERS_HISTORY,2026-08-08T23:19:29+05:30
2024-02-12,SMD-0106,IEX,NSE:IEX-EQ,144.05,144.6,139.5,140.0,7949500,FYERS_HISTORY,2026-08-08T23:19:29+05:30
2024-02-13,SMD-0106,IEX,NSE:IEX-EQ,140.05,145.1,138.15,144.5,10942718,FYERS_HISTORY,2026-08-08T23:19:29+05:30
2024-02-14,SMD-0106,IEX,NSE:IEX-EQ,142.4,144.45,140.85,143.95,4561800,FYERS_HISTORY,2026-08-08T23:19:29+05:30
2024-02-15,SMD-0106,IEX,NSE:IEX-EQ,144.5,146.15,143.8,144.6,5353137,FYERS_HISTORY,2026-08-08T23:19:29+05:30
2024-02-16,SMD-0106,IEX,NSE:IEX-EQ,145.0,147.4,144.4,145.65,5812909,FYERS_HISTORY,2026-08-08T23:19:29+05:30
2024-02-19,SMD-0106,IEX,NSE:IEX-EQ,145.95,146.85,145.35,145.75,4277667,FYERS_HISTORY,2026-08-08T23:19:29+05:30
2024-02-20,SMD-0106,IEX,NSE:IEX-EQ,145.1,147.55,145.05,146.45,6276461,FYERS_HISTORY,2026-08-08T23:19:29+05:30
2024-02-21,SMD-0106,IEX,NSE:IEX-EQ,146.45,147.4,142.45,144.3,7038214,FYERS_HISTORY,2026-08-08T23:19:29+05:30
2024-02-22,SMD-0106,IEX,NSE:IEX-EQ,144.3,145.65,143.1,144.85,3496690,FYERS_HISTORY,2026-08-08T23:19:29+05:30
2024-02-23,SMD-0106,IEX,NSE:IEX-EQ,145.1,148.2,145.1,147.0,7968482,FYERS_HISTORY,2026-08-08T23:19:29+05:30
2024-02-26,SMD-0106,IEX,NSE:IEX-EQ,147.0,148.0,146.0,147.05,6168601,FYERS_HISTORY,2026-08-08T23:19:29+05:30
2024-02-27,SMD-0106,IEX,NSE:IEX-EQ,148.1,149.7,144.7,145.2,9776911,FYERS_HISTORY,2026-08-08T23:19:29+05:30
2024-02-28,SMD-0106,IEX,NSE:IEX-EQ,145.9,145.9,140.0,140.9,8428285,FYERS_HISTORY,2026-08-08T23:19:29+05:30
2024-02-29,SMD-0106,IEX,NSE:IEX-EQ,141.25,142.9,139.0,142.15,4964250,FYERS_HISTORY,2026-08-08T23:19:29+05:30
2024-03-01,SMD-0106,IEX,NSE:IEX-EQ,143.15,145.35,142.55,144.35,4504563,FYERS_HISTORY,2026-08-08T23:19:29+05:30
2024-03-02,SMD-0106,IEX,NSE:IEX-EQ,145.95,151.55,145.65,151.55,9541174,FYERS_HISTORY,2026-08-08T23:19:29+05:30
2024-03-04,SMD-0106,IEX,NSE:IEX-EQ,153.85,158.4,152.75,153.55,35459341,FYERS_HISTORY,2026-08-08T23:19:29+05:30
2024-03-05,SMD-0106,IEX,NSE:IEX-EQ,155.0,155.0,149.1,149.75,12167686,FYERS_HISTORY,2026-08-08T23:19:29+05:30
2024-03-06,SMD-0106,IEX,NSE:IEX-EQ,154.4,154.4,145.45,147.6,10674957,FYERS_HISTORY,2026-08-08T23:19:29+05:30
2024-03-07,SMD-0106,IEX,NSE:IEX-EQ,147.6,150.25,147.15,147.85,6250481,FYERS_HISTORY,2026-08-08T23:19:29+05:30
2024-03-11,SMD-0106,IEX,NSE:IEX-EQ,148.2,148.45,142.95,143.6,8683757,FYERS_HISTORY,2026-08-08T23:19:29+05:30
2024-03-12,SMD-0106,IEX,NSE:IEX-EQ,143.6,143.8,140.1,141.0,9100792,FYERS_HISTORY,2026-08-08T23:19:29+05:30
2024-03-13,SMD-0106,IEX,NSE:IEX-EQ,141.0,141.5,131.6,133.1,11182822,FYERS_HISTORY,2026-08-08T23:19:29+05:30
2024-03-14,SMD-0106,IEX,NSE:IEX-EQ,132.0,137.6,130.2,137.2,7822805,FYERS_HISTORY,2026-08-08T23:19:29+05:30
2024-03-15,SMD-0106,IEX,NSE:IEX-EQ,137.65,138.25,133.4,136.85,6291607,FYERS_HISTORY,2026-08-08T23:19:29+05:30
2024-03-18,SMD-0106,IEX,NSE:IEX-EQ,136.95,137.65,135.25,136.45,5440299,FYERS_HISTORY,2026-08-08T23:19:29+05:30
2024-03-19,SMD-0106,IEX,NSE:IEX-EQ,136.55,137.1,133.85,134.5,5216404,FYERS_HISTORY,2026-08-08T23:19:29+05:30
2024-03-20,SMD-0106,IEX,NSE:IEX-EQ,134.0,135.65,131.8,133.75,5374377,FYERS_HISTORY,2026-08-08T23:19:29+05:30
2024-03-21,SMD-0106,IEX,NSE:IEX-EQ,135.25,136.35,134.8,135.95,5608993,FYERS_HISTORY,2026-08-08T23:19:29+05:30
2024-03-22,SMD-0106,IEX,NSE:IEX-EQ,135.4,137.35,134.55,135.85,5944397,FYERS_HISTORY,2026-08-08T23:19:29+05:30
2024-03-26,SMD-0106,IEX,NSE:IEX-EQ,135.8,136.65,133.5,134.05,8512425,FYERS_HISTORY,2026-08-08T23:19:29+05:30
2024-03-27,SMD-0106,IEX,NSE:IEX-EQ,134.9,135.6,133.15,133.55,8884368,FYERS_HISTORY,2026-08-08T23:19:29+05:30
2024-03-28,SMD-0106,IEX,NSE:IEX-EQ,134.0,135.55,134.0,134.35,7320353,FYERS_HISTORY,2026-08-08T23:19:29+05:30
2024-04-01,SMD-0106,IEX,NSE:IEX-EQ,135.2,140.85,135.15,140.3,7437392,FYERS_HISTORY,2026-08-08T23:19:29+05:30
2024-04-02,SMD-0106,IEX,NSE:IEX-EQ,140.65,143.0,139.85,142.4,6313419,FYERS_HISTORY,2026-08-08T23:19:29+05:30
2024-04-03,SMD-0106,IEX,NSE:IEX-EQ,144.0,144.7,142.6,143.85,8179541,FYERS_HISTORY,2026-08-08T23:19:29+05:30
2024-04-04,SMD-0106,IEX,NSE:IEX-EQ,145.85,147.8,144.55,144.8,10581111,FYERS_HISTORY,2026-08-08T23:19:29+05:30
2024-04-05,SMD-0106,IEX,NSE:IEX-EQ,144.45,146.5,142.1,145.45,9754641,FYERS_HISTORY,2026-08-08T23:19:29+05:30
2024-04-08,SMD-0106,IEX,NSE:IEX-EQ,146.0,147.4,144.65,145.5,5519683,FYERS_HISTORY,2026-08-08T23:19:29+05:30
2024-04-09,SMD-0106,IEX,NSE:IEX-EQ,146.7,149.4,146.05,147.95,11157683,FYERS_HISTORY,2026-08-08T23:19:29+05:30
2024-04-10,SMD-0106,IEX,NSE:IEX-EQ,146.35,152.0,146.35,150.45,14450765,FYERS_HISTORY,2026-08-08T23:19:29+05:30
2024-04-12,SMD-0106,IEX,NSE:IEX-EQ,149.8,154.6,149.05,151.85,14590281,FYERS_HISTORY,2026-08-08T23:19:29+05:30
2024-04-15,SMD-0106,IEX,NSE:IEX-EQ,149.05,150.0,145.3,146.5,10539167,FYERS_HISTORY,2026-08-08T23:19:29+05:30
2024-04-16,SMD-0106,IEX,NSE:IEX-EQ,146.0,149.4,144.95,148.2,7918449,FYERS_HISTORY,2026-08-08T23:19:29+05:30
2024-04-18,SMD-0106,IEX,NSE:IEX-EQ,148.2,150.0,144.4,144.95,7490930,FYERS_HISTORY,2026-08-08T23:19:29+05:30
2024-04-19,SMD-0106,IEX,NSE:IEX-EQ,143.0,148.8,142.5,147.65,9692709,FYERS_HISTORY,2026-08-08T23:19:29+05:30
2024-04-22,SMD-0106,IEX,NSE:IEX-EQ,147.65,149.8,147.25,148.9,5002481,FYERS_HISTORY,2026-08-08T23:19:29+05:30
2024-04-23,SMD-0106,IEX,NSE:IEX-EQ,150.0,154.05,149.7,153.1,14225923,FYERS_HISTORY,2026-08-08T23:19:29+05:30
2024-04-24,SMD-0106,IEX,NSE:IEX-EQ,154.0,155.5,152.4,153.85,8587421,FYERS_HISTORY,2026-08-08T23:19:29+05:30
2024-04-25,SMD-0106,IEX,NSE:IEX-EQ,153.0,159.75,152.65,159.35,22174713,FYERS_HISTORY,2026-08-08T23:19:29+05:30
2024-04-26,SMD-0106,IEX,NSE:IEX-EQ,160.2,160.5,156.4,158.85,12153652,FYERS_HISTORY,2026-08-08T23:19:29+05:30
2024-04-29,SMD-0106,IEX,NSE:IEX-EQ,160.0,161.35,154.75,155.3,17265414,FYERS_HISTORY,2026-08-08T23:19:29+05:30
2024-04-30,SMD-0106,IEX,NSE:IEX-EQ,156.1,157.1,155.7,156.3,5676131,FYERS_HISTORY,2026-08-08T23:19:29+05:30
2024-05-02,SMD-0106,IEX,NSE:IEX-EQ,157.15,159.8,155.25,156.2,12625295,FYERS_HISTORY,2026-08-08T23:19:29+05:30
2024-05-03,SMD-0106,IEX,NSE:IEX-EQ,158.15,160.4,154.7,157.55,16483488,FYERS_HISTORY,2026-08-08T23:19:29+05:30
2024-05-06,SMD-0106,IEX,NSE:IEX-EQ,159.4,159.75,150.45,152.95,10326368,FYERS_HISTORY,2026-08-08T23:19:29+05:30
2024-05-07,SMD-0106,IEX,NSE:IEX-EQ,152.3,153.75,147.3,148.7,8024021,FYERS_HISTORY,2026-08-08T23:19:29+05:30
2024-05-08,SMD-0106,IEX,NSE:IEX-EQ,148.75,151.0,147.2,147.5,6327855,FYERS_HISTORY,2026-08-08T23:19:29+05:30
2024-05-09,SMD-0106,IEX,NSE:IEX-EQ,148.25,149.3,142.1,142.8,8013843,FYERS_HISTORY,2026-08-08T23:19:29+05:30
2024-05-10,SMD-0106,IEX,NSE:IEX-EQ,143.1,146.0,140.75,145.05,8379083,FYERS_HISTORY,2026-08-08T23:19:29+05:30
2024-05-13,SMD-0106,IEX,NSE:IEX-EQ,145.05,145.7,142.5,145.1,4407501,FYERS_HISTORY,2026-08-08T23:19:29+05:30
2024-05-14,SMD-0106,IEX,NSE:IEX-EQ,145.85,146.3,143.9,144.85,4465125,FYERS_HISTORY,2026-08-08T23:19:29+05:30
2024-05-15,SMD-0106,IEX,NSE:IEX-EQ,146.0,147.85,144.6,145.55,12640662,FYERS_HISTORY,2026-08-08T23:19:29+05:30
2024-05-16,SMD-0106,IEX,NSE:IEX-EQ,147.55,151.3,147.0,148.0,14910087,FYERS_HISTORY,2026-08-08T23:19:29+05:30
2024-05-17,SMD-0106,IEX,NSE:IEX-EQ,148.4,151.85,146.5,151.4,8896137,FYERS_HISTORY,2026-08-08T23:19:29+05:30
2024-05-18,SMD-0106,IEX,NSE:IEX-EQ,152.25,158.95,151.0,158.35,6788411,FYERS_HISTORY,2026-08-08T23:19:29+05:30
2024-05-21,SMD-0106,IEX,NSE:IEX-EQ,158.35,166.4,158.35,160.45,44874163,FYERS_HISTORY,2026-08-08T23:19:29+05:30
2024-05-22,SMD-0106,IEX,NSE:IEX-EQ,161.55,161.9,152.4,154.5,19979093,FYERS_HISTORY,2026-08-08T23:19:29+05:30
2024-05-23,SMD-0106,IEX,NSE:IEX-EQ,155.7,156.6,152.35,155.75,8716554,FYERS_HISTORY,2026-08-08T23:19:29+05:30
2024-05-24,SMD-0106,IEX,NSE:IEX-EQ,155.75,159.15,154.4,157.75,12481445,FYERS_HISTORY,2026-08-08T23:19:29+05:30
2024-05-27,SMD-0106,IEX,NSE:IEX-EQ,158.4,163.95,158.2,160.8,23829842,FYERS_HISTORY,2026-08-08T23:19:29+05:30
2024-05-28,SMD-0106,IEX,NSE:IEX-EQ,161.5,162.0,156.75,157.15,9300395,FYERS_HISTORY,2026-08-08T23:19:29+05:30
2024-05-29,SMD-0106,IEX,NSE:IEX-EQ,157.0,158.3,154.65,156.8,5583572,FYERS_HISTORY,2026-08-08T23:19:29+05:30
2024-05-30,SMD-0106,IEX,NSE:IEX-EQ,156.3,157.5,153.55,154.3,6451946,FYERS_HISTORY,2026-08-08T23:19:29+05:30
2024-05-31,SMD-0106,IEX,NSE:IEX-EQ,155.0,155.65,152.5,153.15,5722784,FYERS_HISTORY,2026-08-08T23:19:29+05:30
2024-06-03,SMD-0106,IEX,NSE:IEX-EQ,159.75,160.4,154.85,157.8,12225688,FYERS_HISTORY,2026-08-08T23:19:29+05:30
2024-06-04,SMD-0106,IEX,NSE:IEX-EQ,157.8,157.8,134.15,145.15,21683927,FYERS_HISTORY,2026-08-08T23:19:29+05:30
2024-06-05,SMD-0106,IEX,NSE:IEX-EQ,145.15,158.8,145.15,156.95,16873385,FYERS_HISTORY,2026-08-08T23:19:29+05:30
2024-06-06,SMD-0106,IEX,NSE:IEX-EQ,161.8,167.5,160.6,162.55,33813919,FYERS_HISTORY,2026-08-08T23:19:29+05:30
2024-06-07,SMD-0106,IEX,NSE:IEX-EQ,163.8,165.1,161.7,163.5,14464021,FYERS_HISTORY,2026-08-08T23:19:29+05:30
2024-06-10,SMD-0106,IEX,NSE:IEX-EQ,164.45,167.5,163.2,165.43,13700748,FYERS_HISTORY,2026-08-08T23:19:29+05:30
2024-06-11,SMD-0106,IEX,NSE:IEX-EQ,165.9,171.8,164.8,168.68,31422594,FYERS_HISTORY,2026-08-08T23:19:29+05:30
2024-06-12,SMD-0106,IEX,NSE:IEX-EQ,169.7,174.6,168.2,173.61,25586903,FYERS_HISTORY,2026-08-08T23:19:29+05:30
2024-06-13,SMD-0106,IEX,NSE:IEX-EQ,175.7,181.75,174.66,178.25,58082920,FYERS_HISTORY,2026-08-08T23:19:29+05:30
2024-06-14,SMD-0106,IEX,NSE:IEX-EQ,179.15,182.55,176.0,179.67,20595360,FYERS_HISTORY,2026-08-08T23:19:29+05:30
2024-06-18,SMD-0106,IEX,NSE:IEX-EQ,181.3,187.4,180.46,185.87,37756106,FYERS_HISTORY,2026-08-08T23:19:29+05:30
2024-06-19,SMD-0106,IEX,NSE:IEX-EQ,186.65,187.14,180.8,181.25,17822528,FYERS_HISTORY,2026-08-08T23:19:29+05:30
2024-06-20,SMD-0106,IEX,NSE:IEX-EQ,182.3,183.4,180.24,180.99,9283078,FYERS_HISTORY,2026-08-08T23:19:29+05:30
2024-06-21,SMD-0106,IEX,NSE:IEX-EQ,180.99,184.3,178.7,181.76,15300459,FYERS_HISTORY,2026-08-08T23:19:29+05:30
2024-06-24,SMD-0106,IEX,NSE:IEX-EQ,181.3,184.7,179.2,182.69,11413171,FYERS_HISTORY,2026-08-08T23:19:29+05:30
2024-06-25,SMD-0106,IEX,NSE:IEX-EQ,182.99,184.95,177.91,179.47,10883214,FYERS_HISTORY,2026-08-08T23:19:29+05:30
2024-06-26,SMD-0106,IEX,NSE:IEX-EQ,180.0,180.78,176.8,178.68,11367721,FYERS_HISTORY,2026-08-08T23:19:29+05:30
2024-06-27,SMD-0106,IEX,NSE:IEX-EQ,178.4,182.73,177.55,179.83,13412203,FYERS_HISTORY,2026-08-08T23:19:29+05:30
2024-06-28,SMD-0106,IEX,NSE:IEX-EQ,180.4,183.5,179.64,180.54,11880778,FYERS_HISTORY,2026-08-08T23:19:29+05:30
2024-07-01,SMD-0106,IEX,NSE:IEX-EQ,181.99,190.0,181.0,189.34,35117376,FYERS_HISTORY,2026-08-08T23:19:29+05:30
2024-07-02,SMD-0106,IEX,NSE:IEX-EQ,191.0,191.2,182.0,185.05,20172441,FYERS_HISTORY,2026-08-08T23:19:29+05:30
2024-07-03,SMD-0106,IEX,NSE:IEX-EQ,189.0,189.7,184.5,185.29,15575143,FYERS_HISTORY,2026-08-08T23:19:29+05:30
2024-07-04,SMD-0106,IEX,NSE:IEX-EQ,186.19,186.6,182.8,183.64,9952987,FYERS_HISTORY,2026-08-08T23:19:29+05:30
2024-07-05,SMD-0106,IEX,NSE:IEX-EQ,183.0,186.18,182.0,184.35,7403916,FYERS_HISTORY,2026-08-08T23:19:29+05:30
2024-07-08,SMD-0106,IEX,NSE:IEX-EQ,185.0,185.49,180.36,181.65,8737011,FYERS_HISTORY,2026-08-08T23:19:29+05:30
2024-07-09,SMD-0106,IEX,NSE:IEX-EQ,182.0,185.4,181.65,183.38,10668839,FYERS_HISTORY,2026-08-08T23:19:29+05:30
2024-07-10,SMD-0106,IEX,NSE:IEX-EQ,182.95,182.95,170.47,176.12,31541545,FYERS_HISTORY,2026-08-08T23:19:29+05:30
2024-07-11,SMD-0106,IEX,NSE:IEX-EQ,178.2,178.87,176.01,177.07,6941666,FYERS_HISTORY,2026-08-08T23:19:29+05:30
2024-07-12,SMD-0106,IEX,NSE:IEX-EQ,178.0,180.0,176.66,177.13,7366030,FYERS_HISTORY,2026-08-08T23:19:29+05:30
2024-07-15,SMD-0106,IEX,NSE:IEX-EQ,178.25,179.15,174.16,178.22,7613554,FYERS_HISTORY,2026-08-08T23:19:29+05:30
2024-07-16,SMD-0106,IEX,NSE:IEX-EQ,178.95,182.37,177.0,177.34,11969269,FYERS_HISTORY,2026-08-08T23:19:29+05:30
2024-07-18,SMD-0106,IEX,NSE:IEX-EQ,177.01,177.09,172.5,173.56,7781301,FYERS_HISTORY,2026-08-08T23:19:29+05:30
2024-07-19,SMD-0106,IEX,NSE:IEX-EQ,172.95,173.39,168.5,169.07,10733712,FYERS_HISTORY,2026-08-08T23:19:29+05:30
2024-07-22,SMD-0106,IEX,NSE:IEX-EQ,168.0,172.86,166.4,171.54,10982909,FYERS_HISTORY,2026-08-08T23:19:29+05:30
2024-07-23,SMD-0106,IEX,NSE:IEX-EQ,172.0,172.35,159.35,168.24,13090043,FYERS_HISTORY,2026-08-08T23:19:29+05:30
2024-07-24,SMD-0106,IEX,NSE:IEX-EQ,169.1,175.14,168.21,174.43,11178623,FYERS_HISTORY,2026-08-08T23:19:29+05:30
2024-07-25,SMD-0106,IEX,NSE:IEX-EQ,174.5,178.64,171.77,176.1,14791706,FYERS_HISTORY,2026-08-08T23:19:29+05:30
2024-07-26,SMD-0106,IEX,NSE:IEX-EQ,177.8,177.95,175.61,176.66,4893874,FYERS_HISTORY,2026-08-08T23:19:29+05:30
2024-07-29,SMD-0106,IEX,NSE:IEX-EQ,178.5,190.39,178.05,187.04,40759273,FYERS_HISTORY,2026-08-08T23:19:29+05:30
2024-07-30,SMD-0106,IEX,NSE:IEX-EQ,187.95,192.15,187.05,188.86,17126857,FYERS_HISTORY,2026-08-08T23:19:29+05:30
2024-07-31,SMD-0106,IEX,NSE:IEX-EQ,188.91,194.3,188.91,192.11,16154061,FYERS_HISTORY,2026-08-08T23:19:29+05:30
2024-08-01,SMD-0106,IEX,NSE:IEX-EQ,192.9,193.5,187.55,190.43,13153852,FYERS_HISTORY,2026-08-08T23:19:29+05:30
2024-08-02,SMD-0106,IEX,NSE:IEX-EQ,186.0,197.8,184.3,195.32,33779275,FYERS_HISTORY,2026-08-08T23:19:29+05:30
2024-08-05,SMD-0106,IEX,NSE:IEX-EQ,192.89,197.29,185.32,188.31,33410920,FYERS_HISTORY,2026-08-08T23:19:29+05:30
2024-08-06,SMD-0106,IEX,NSE:IEX-EQ,190.1,196.64,189.27,189.91,18912678,FYERS_HISTORY,2026-08-08T23:19:29+05:30
2024-08-07,SMD-0106,IEX,NSE:IEX-EQ,193.51,199.75,191.05,197.87,16334341,FYERS_HISTORY,2026-08-08T23:19:29+05:30
2024-08-08,SMD-0106,IEX,NSE:IEX-EQ,200.25,200.9,193.08,193.62,16338322,FYERS_HISTORY,2026-08-08T23:19:29+05:30
2024-08-09,SMD-0106,IEX,NSE:IEX-EQ,196.25,197.7,192.39,192.67,7520604,FYERS_HISTORY,2026-08-08T23:19:29+05:30
2024-08-12,SMD-0106,IEX,NSE:IEX-EQ,190.0,195.62,189.01,194.44,9168119,FYERS_HISTORY,2026-08-08T23:19:29+05:30
2024-08-13,SMD-0106,IEX,NSE:IEX-EQ,195.0,195.0,187.05,187.96,8495576,FYERS_HISTORY,2026-08-08T23:19:29+05:30
2024-08-14,SMD-0106,IEX,NSE:IEX-EQ,188.6,188.6,184.41,185.81,6590045,FYERS_HISTORY,2026-08-08T23:19:29+05:30
2024-08-16,SMD-0106,IEX,NSE:IEX-EQ,187.0,195.5,187.0,194.82,14692697,FYERS_HISTORY,2026-08-08T23:19:29+05:30
2024-08-19,SMD-0106,IEX,NSE:IEX-EQ,196.4,198.17,195.01,196.32,6305026,FYERS_HISTORY,2026-08-08T23:19:29+05:30
2024-08-20,SMD-0106,IEX,NSE:IEX-EQ,196.89,197.25,193.42,195.32,3969340,FYERS_HISTORY,2026-08-08T23:19:29+05:30
2024-08-21,SMD-0106,IEX,NSE:IEX-EQ,195.25,197.6,194.1,196.25,5334593,FYERS_HISTORY,2026-08-08T23:19:29+05:30
2024-08-22,SMD-0106,IEX,NSE:IEX-EQ,196.75,200.69,195.02,195.55,18387252,FYERS_HISTORY,2026-08-08T23:19:29+05:30
2024-08-23,SMD-0106,IEX,NSE:IEX-EQ,195.2,196.0,188.25,188.97,13452198,FYERS_HISTORY,2026-08-08T23:19:29+05:30
2024-08-26,SMD-0106,IEX,NSE:IEX-EQ,190.76,190.96,186.3,188.95,9531606,FYERS_HISTORY,2026-08-08T23:19:29+05:30
2024-08-27,SMD-0106,IEX,NSE:IEX-EQ,190.28,195.99,189.45,195.56,19944502,FYERS_HISTORY,2026-08-08T23:19:29+05:30
2024-08-28,SMD-0106,IEX,NSE:IEX-EQ,196.4,205.44,194.75,203.51,53994365,FYERS_HISTORY,2026-08-08T23:19:29+05:30
2024-08-29,SMD-0106,IEX,NSE:IEX-EQ,203.48,206.35,199.29,205.71,27970653,FYERS_HISTORY,2026-08-08T23:19:29+05:30
2024-08-30,SMD-0106,IEX,NSE:IEX-EQ,206.35,208.76,202.9,203.63,15630541,FYERS_HISTORY,2026-08-08T23:19:29+05:30
2024-09-02,SMD-0106,IEX,NSE:IEX-EQ,206.0,206.0,201.75,203.41,7970314,FYERS_HISTORY,2026-08-08T23:19:29+05:30
2024-09-03,SMD-0106,IEX,NSE:IEX-EQ,204.05,207.8,203.42,205.86,10928702,FYERS_HISTORY,2026-08-08T23:19:29+05:30
2024-09-04,SMD-0106,IEX,NSE:IEX-EQ,205.82,208.6,203.55,206.85,18267154,FYERS_HISTORY,2026-08-08T23:19:29+05:30
2024-09-05,SMD-0106,IEX,NSE:IEX-EQ,207.2,211.25,206.6,209.34,18412659,FYERS_HISTORY,2026-08-08T23:19:29+05:30
2024-09-06,SMD-0106,IEX,NSE:IEX-EQ,209.32,212.5,206.2,207.96,16850599,FYERS_HISTORY,2026-08-08T23:19:29+05:30
2024-09-09,SMD-0106,IEX,NSE:IEX-EQ,207.99,213.94,207.85,213.52,18544014,FYERS_HISTORY,2026-08-08T23:19:29+05:30
2024-09-10,SMD-0106,IEX,NSE:IEX-EQ,214.1,217.3,212.6,214.61,14229854,FYERS_HISTORY,2026-08-08T23:19:29+05:30
2024-09-11,SMD-0106,IEX,NSE:IEX-EQ,214.75,216.6,210.88,211.85,8310394,FYERS_HISTORY,2026-08-08T23:19:29+05:30
2024-09-12,SMD-0106,IEX,NSE:IEX-EQ,215.05,219.6,214.25,216.52,17156414,FYERS_HISTORY,2026-08-08T23:19:29+05:30
2024-09-13,SMD-0106,IEX,NSE:IEX-EQ,216.75,220.7,216.06,219.07,9475492,FYERS_HISTORY,2026-08-08T23:19:29+05:30
2024-09-16,SMD-0106,IEX,NSE:IEX-EQ,219.51,222.27,216.44,220.93,9019252,FYERS_HISTORY,2026-08-08T23:19:29+05:30
2024-09-17,SMD-0106,IEX,NSE:IEX-EQ,222.05,226.28,219.6,221.9,16758314,FYERS_HISTORY,2026-08-08T23:19:29+05:30
2024-09-18,SMD-0106,IEX,NSE:IEX-EQ,221.99,229.1,220.76,228.07,24545474,FYERS_HISTORY,2026-08-08T23:19:29+05:30
2024-09-19,SMD-0106,IEX,NSE:IEX-EQ,228.25,230.29,221.57,225.41,13100758,FYERS_HISTORY,2026-08-08T23:19:29+05:30
2024-09-20,SMD-0106,IEX,NSE:IEX-EQ,226.45,233.27,226.01,231.35,21702823,FYERS_HISTORY,2026-08-08T23:19:29+05:30
2024-09-23,SMD-0106,IEX,NSE:IEX-EQ,231.85,240.25,231.2,239.37,17229006,FYERS_HISTORY,2026-08-08T23:19:29+05:30
2024-09-24,SMD-0106,IEX,NSE:IEX-EQ,240.5,244.4,209.05,211.61,121892360,FYERS_HISTORY,2026-08-08T23:19:29+05:30
2024-09-25,SMD-0106,IEX,NSE:IEX-EQ,209.0,210.28,199.5,202.52,71971589,FYERS_HISTORY,2026-08-08T23:19:29+05:30
2024-09-26,SMD-0106,IEX,NSE:IEX-EQ,202.7,210.75,202.69,208.66,61377352,FYERS_HISTORY,2026-08-08T23:19:29+05:30
2024-09-27,SMD-0106,IEX,NSE:IEX-EQ,209.77,213.6,203.65,206.25,37092117,FYERS_HISTORY,2026-08-08T23:19:29+05:30
2024-09-30,SMD-0106,IEX,NSE:IEX-EQ,206.0,207.38,202.66,204.28,21703577,FYERS_HISTORY,2026-08-08T23:19:29+05:30
2024-10-01,SMD-0106,IEX,NSE:IEX-EQ,204.28,209.6,202.85,208.34,12907273,FYERS_HISTORY,2026-08-08T23:19:29+05:30
2024-10-03,SMD-0106,IEX,NSE:IEX-EQ,205.0,211.7,204.19,208.99,18521611,FYERS_HISTORY,2026-08-08T23:19:29+05:30
2024-10-04,SMD-0106,IEX,NSE:IEX-EQ,207.5,211.0,205.6,207.95,14318574,FYERS_HISTORY,2026-08-08T23:19:29+05:30
2024-10-07,SMD-0106,IEX,NSE:IEX-EQ,208.8,212.39,197.2,198.97,18012330,FYERS_HISTORY,2026-08-08T23:19:29+05:30
2024-10-08,SMD-0106,IEX,NSE:IEX-EQ,198.0,205.4,197.5,204.59,9840977,FYERS_HISTORY,2026-08-08T23:19:29+05:30
2024-10-09,SMD-0106,IEX,NSE:IEX-EQ,206.0,209.0,202.92,203.47,10228772,FYERS_HISTORY,2026-08-08T23:19:29+05:30
2024-10-10,SMD-0106,IEX,NSE:IEX-EQ,205.8,205.9,200.98,202.37,6936763,FYERS_HISTORY,2026-08-08T23:19:29+05:30
2024-10-11,SMD-0106,IEX,NSE:IEX-EQ,203.5,205.25,202.19,204.59,5203315,FYERS_HISTORY,2026-08-08T23:19:29+05:30
2024-10-14,SMD-0106,IEX,NSE:IEX-EQ,203.99,204.16,192.06,196.18,24232368,FYERS_HISTORY,2026-08-08T23:19:29+05:30
2024-10-15,SMD-0106,IEX,NSE:IEX-EQ,196.18,196.18,189.3,191.6,16202650,FYERS_HISTORY,2026-08-08T23:19:29+05:30
2024-10-16,SMD-0106,IEX,NSE:IEX-EQ,191.0,195.49,190.0,194.65,9816205,FYERS_HISTORY,2026-08-08T23:19:29+05:30
2024-10-17,SMD-0106,IEX,NSE:IEX-EQ,194.65,194.8,188.01,191.16,8275172,FYERS_HISTORY,2026-08-08T23:19:29+05:30
2024-10-18,SMD-0106,IEX,NSE:IEX-EQ,188.5,192.5,186.71,190.96,5227032,FYERS_HISTORY,2026-08-08T23:19:29+05:30
2024-10-21,SMD-0106,IEX,NSE:IEX-EQ,190.96,191.75,186.51,187.11,4088919,FYERS_HISTORY,2026-08-08T23:19:29+05:30
2024-10-22,SMD-0106,IEX,NSE:IEX-EQ,187.1,187.82,178.27,179.16,8543480,FYERS_HISTORY,2026-08-08T23:19:29+05:30
2024-10-23,SMD-0106,IEX,NSE:IEX-EQ,179.16,184.0,176.83,182.82,7669712,FYERS_HISTORY,2026-08-08T23:19:29+05:30
2024-10-24,SMD-0106,IEX,NSE:IEX-EQ,183.1,186.1,181.64,184.42,5256532,FYERS_HISTORY,2026-08-08T23:19:29+05:30
2024-10-25,SMD-0106,IEX,NSE:IEX-EQ,189.95,189.95,176.1,180.76,14268725,FYERS_HISTORY,2026-08-08T23:19:29+05:30
2024-10-28,SMD-0106,IEX,NSE:IEX-EQ,180.75,183.9,178.37,182.44,10510684,FYERS_HISTORY,2026-08-08T23:19:29+05:30
2024-10-29,SMD-0106,IEX,NSE:IEX-EQ,182.44,183.12,177.36,179.89,4995779,FYERS_HISTORY,2026-08-08T23:19:29+05:30
2024-10-30,SMD-0106,IEX,NSE:IEX-EQ,179.89,180.82,175.79,176.28,7662753,FYERS_HISTORY,2026-08-08T23:19:29+05:30
2024-10-31,SMD-0106,IEX,NSE:IEX-EQ,177.0,179.5,174.82,177.76,8074955,FYERS_HISTORY,2026-08-08T23:19:29+05:30
2024-11-01,SMD-0106,IEX,NSE:IEX-EQ,179.13,180.0,178.0,179.35,1352003,FYERS_HISTORY,2026-08-08T23:19:29+05:30
2024-11-04,SMD-0106,IEX,NSE:IEX-EQ,179.3,179.3,171.66,173.04,7269202,FYERS_HISTORY,2026-08-08T23:19:29+05:30
2024-11-05,SMD-0106,IEX,NSE:IEX-EQ,173.8,173.99,169.69,173.15,6910677,FYERS_HISTORY,2026-08-08T23:19:29+05:30
2024-11-06,SMD-0106,IEX,NSE:IEX-EQ,175.47,177.95,173.86,177.37,6112577,FYERS_HISTORY,2026-08-08T23:19:29+05:30
2024-11-07,SMD-0106,IEX,NSE:IEX-EQ,177.37,178.9,173.57,174.01,4871088,FYERS_HISTORY,2026-08-08T23:19:29+05:30
2024-11-08,SMD-0106,IEX,NSE:IEX-EQ,173.95,174.48,170.53,171.07,4425844,FYERS_HISTORY,2026-08-08T23:19:29+05:30
2024-11-11,SMD-0106,IEX,NSE:IEX-EQ,170.24,172.8,168.64,169.38,3778397,FYERS_HISTORY,2026-08-08T23:19:29+05:30
2024-11-12,SMD-0106,IEX,NSE:IEX-EQ,170.99,171.3,165.5,166.23,5484152,FYERS_HISTORY,2026-08-08T23:19:29+05:30
2024-11-13,SMD-0106,IEX,NSE:IEX-EQ,166.0,166.27,162.0,162.72,4718700,FYERS_HISTORY,2026-08-08T23:19:29+05:30
2024-11-14,SMD-0106,IEX,NSE:IEX-EQ,162.0,164.2,161.1,161.51,3791381,FYERS_HISTORY,2026-08-08T23:19:29+05:30
2024-11-18,SMD-0106,IEX,NSE:IEX-EQ,162.5,163.23,159.4,161.32,3637405,FYERS_HISTORY,2026-08-08T23:19:29+05:30
2024-11-19,SMD-0106,IEX,NSE:IEX-EQ,162.0,165.76,161.5,162.49,4422526,FYERS_HISTORY,2026-08-08T23:19:29+05:30
2024-11-21,SMD-0106,IEX,NSE:IEX-EQ,162.49,162.5,159.11,161.33,3609853,FYERS_HISTORY,2026-08-08T23:19:29+05:30
2024-11-22,SMD-0106,IEX,NSE:IEX-EQ,161.5,163.51,160.53,163.11,3107987,FYERS_HISTORY,2026-08-08T23:19:29+05:30
2024-11-25,SMD-0106,IEX,NSE:IEX-EQ,165.9,167.09,165.2,166.46,3632299,FYERS_HISTORY,2026-08-08T23:19:29+05:30
2024-11-26,SMD-0106,IEX,NSE:IEX-EQ,166.0,168.19,165.69,166.13,2920537,FYERS_HISTORY,2026-08-08T23:19:29+05:30
2024-11-27,SMD-0106,IEX,NSE:IEX-EQ,167.0,172.89,166.33,171.71,6853687,FYERS_HISTORY,2026-08-08T23:19:29+05:30
2024-11-28,SMD-0106,IEX,NSE:IEX-EQ,173.05,176.5,171.7,174.9,7619020,FYERS_HISTORY,2026-08-08T23:19:29+05:30
2024-11-29,SMD-0106,IEX,NSE:IEX-EQ,176.0,177.91,173.29,176.19,4495599,FYERS_HISTORY,2026-08-08T23:19:29+05:30
2024-12-02,SMD-0106,IEX,NSE:IEX-EQ,175.5,179.07,173.68,178.19,6077950,FYERS_HISTORY,2026-08-08T23:19:29+05:30
2024-12-03,SMD-0106,IEX,NSE:IEX-EQ,179.0,180.48,177.74,178.1,4605350,FYERS_HISTORY,2026-08-08T23:19:29+05:30
2024-12-04,SMD-0106,IEX,NSE:IEX-EQ,181.52,183.35,176.6,178.17,13542803,FYERS_HISTORY,2026-08-08T23:19:29+05:30
2024-12-05,SMD-0106,IEX,NSE:IEX-EQ,178.5,180.2,176.32,178.15,3986795,FYERS_HISTORY,2026-08-08T23:19:29+05:30
2024-12-06,SMD-0106,IEX,NSE:IEX-EQ,178.15,185.79,177.7,184.96,10846115,FYERS_HISTORY,2026-08-08T23:19:29+05:30
2024-12-09,SMD-0106,IEX,NSE:IEX-EQ,184.96,187.0,183.52,184.13,7095677,FYERS_HISTORY,2026-08-08T23:19:29+05:30
2024-12-10,SMD-0106,IEX,NSE:IEX-EQ,185.15,187.98,184.16,186.13,8010978,FYERS_HISTORY,2026-08-08T23:19:29+05:30
2024-12-11,SMD-0106,IEX,NSE:IEX-EQ,186.42,192.6,185.86,190.28,10775090,FYERS_HISTORY,2026-08-08T23:19:29+05:30
2024-12-12,SMD-0106,IEX,NSE:IEX-EQ,190.9,191.94,187.5,188.61,5391760,FYERS_HISTORY,2026-08-08T23:19:29+05:30
2024-12-13,SMD-0106,IEX,NSE:IEX-EQ,188.0,190.29,185.83,189.43,5140628,FYERS_HISTORY,2026-08-08T23:19:29+05:30
2024-12-16,SMD-0106,IEX,NSE:IEX-EQ,188.7,191.38,187.2,189.71,3001411,FYERS_HISTORY,2026-08-08T23:19:29+05:30
2024-12-17,SMD-0106,IEX,NSE:IEX-EQ,189.65,189.65,185.48,185.78,3347746,FYERS_HISTORY,2026-08-08T23:19:29+05:30
2024-12-18,SMD-0106,IEX,NSE:IEX-EQ,185.01,185.39,182.73,183.15,3205376,FYERS_HISTORY,2026-08-08T23:19:29+05:30
2024-12-19,SMD-0106,IEX,NSE:IEX-EQ,178.0,185.3,178.0,184.93,3096075,FYERS_HISTORY,2026-08-08T23:19:29+05:30
2024-12-20,SMD-0106,IEX,NSE:IEX-EQ,185.01,187.27,175.55,177.45,4996095,FYERS_HISTORY,2026-08-08T23:19:29+05:30
2024-12-23,SMD-0106,IEX,NSE:IEX-EQ,179.0,179.5,176.05,177.13,2893710,FYERS_HISTORY,2026-08-08T23:19:29+05:30
2024-12-24,SMD-0106,IEX,NSE:IEX-EQ,176.11,181.61,175.29,177.15,3291216,FYERS_HISTORY,2026-08-08T23:19:29+05:30
2024-12-26,SMD-0106,IEX,NSE:IEX-EQ,177.2,180.8,176.25,180.17,3991756,FYERS_HISTORY,2026-08-08T23:19:29+05:30
2024-12-27,SMD-0106,IEX,NSE:IEX-EQ,179.01,182.43,179.0,180.62,2376338,FYERS_HISTORY,2026-08-08T23:19:29+05:30
2024-12-30,SMD-0106,IEX,NSE:IEX-EQ,180.63,183.93,178.2,178.84,4605770,FYERS_HISTORY,2026-08-08T23:19:29+05:30
2024-12-31,SMD-0106,IEX,NSE:IEX-EQ,178.82,182.74,177.78,181.78,3167459,FYERS_HISTORY,2026-08-08T23:19:29+05:30
2025-01-01,SMD-0106,IEX,NSE:IEX-EQ,182.5,182.5,179.69,180.22,2520879,FYERS_HISTORY,2026-08-08T23:19:29+05:30
2025-01-02,SMD-0106,IEX,NSE:IEX-EQ,180.54,181.55,177.06,181.19,2814817,FYERS_HISTORY,2026-08-08T23:19:29+05:30
2025-01-03,SMD-0106,IEX,NSE:IEX-EQ,181.35,182.63,175.9,177.02,2591349,FYERS_HISTORY,2026-08-08T23:19:29+05:30
2025-01-06,SMD-0106,IEX,NSE:IEX-EQ,179.5,179.82,173.0,173.63,7309023,FYERS_HISTORY,2026-08-08T23:19:29+05:30
2025-01-07,SMD-0106,IEX,NSE:IEX-EQ,173.98,175.2,169.06,173.73,6044285,FYERS_HISTORY,2026-08-08T23:19:29+05:30
2025-01-08,SMD-0106,IEX,NSE:IEX-EQ,173.05,174.3,170.11,173.88,4180288,FYERS_HISTORY,2026-08-08T23:19:29+05:30
2025-01-09,SMD-0106,IEX,NSE:IEX-EQ,174.3,178.95,172.5,173.04,5301026,FYERS_HISTORY,2026-08-08T23:19:29+05:30
2025-01-10,SMD-0106,IEX,NSE:IEX-EQ,172.5,173.43,167.9,168.19,3624984,FYERS_HISTORY,2026-08-08T23:19:29+05:30
2025-01-13,SMD-0106,IEX,NSE:IEX-EQ,165.0,167.6,159.81,160.87,4566001,FYERS_HISTORY,2026-08-08T23:19:29+05:30
2025-01-14,SMD-0106,IEX,NSE:IEX-EQ,163.24,167.68,163.24,166.83,3706333,FYERS_HISTORY,2026-08-08T23:19:29+05:30
2025-01-15,SMD-0106,IEX,NSE:IEX-EQ,167.93,169.65,164.89,167.77,2994810,FYERS_HISTORY,2026-08-08T23:19:29+05:30
2025-01-16,SMD-0106,IEX,NSE:IEX-EQ,169.0,172.1,168.2,171.01,2620632,FYERS_HISTORY,2026-08-08T23:19:29+05:30
2025-01-17,SMD-0106,IEX,NSE:IEX-EQ,171.0,173.72,170.0,172.7,2523552,FYERS_HISTORY,2026-08-08T23:19:29+05:30
2025-01-20,SMD-0106,IEX,NSE:IEX-EQ,174.35,174.35,170.45,172.98,2373321,FYERS_HISTORY,2026-08-08T23:19:29+05:30
2025-01-21,SMD-0106,IEX,NSE:IEX-EQ,172.98,174.25,169.09,170.19,3252863,FYERS_HISTORY,2026-08-08T23:19:29+05:30
2025-01-22,SMD-0106,IEX,NSE:IEX-EQ,170.01,170.1,164.5,168.18,3562943,FYERS_HISTORY,2026-08-08T23:19:29+05:30
2025-01-23,SMD-0106,IEX,NSE:IEX-EQ,167.81,168.47,166.54,167.45,2492263,FYERS_HISTORY,2026-08-08T23:19:29+05:30
2025-01-24,SMD-0106,IEX,NSE:IEX-EQ,171.99,174.72,168.59,169.33,21794352,FYERS_HISTORY,2026-08-08T23:19:29+05:30
2025-01-27,SMD-0106,IEX,NSE:IEX-EQ,168.5,168.5,162.12,163.49,4840856,FYERS_HISTORY,2026-08-08T23:19:29+05:30
2025-01-28,SMD-0106,IEX,NSE:IEX-EQ,164.69,169.49,160.21,167.21,4533409,FYERS_HISTORY,2026-08-08T23:19:29+05:30
2025-01-29,SMD-0106,IEX,NSE:IEX-EQ,167.3,179.89,167.3,179.07,12670335,FYERS_HISTORY,2026-08-08T23:19:29+05:30
2025-01-30,SMD-0106,IEX,NSE:IEX-EQ,179.0,179.44,173.05,175.29,5780293,FYERS_HISTORY,2026-08-08T23:19:29+05:30
2025-01-31,SMD-0106,IEX,NSE:IEX-EQ,174.55,177.4,173.2,174.6,4274131,FYERS_HISTORY,2026-08-08T23:19:29+05:30
2025-02-01,SMD-0106,IEX,NSE:IEX-EQ,175.0,175.55,166.28,168.36,4720491,FYERS_HISTORY,2026-08-08T23:19:29+05:30
2025-02-03,SMD-0106,IEX,NSE:IEX-EQ,167.2,172.8,166.02,169.68,6074009,FYERS_HISTORY,2026-08-08T23:19:29+05:30
2025-02-04,SMD-0106,IEX,NSE:IEX-EQ,171.0,174.9,169.66,173.44,3247453,FYERS_HISTORY,2026-08-08T23:19:29+05:30
2025-02-05,SMD-0106,IEX,NSE:IEX-EQ,177.25,181.54,176.4,179.67,8492785,FYERS_HISTORY,2026-08-08T23:19:29+05:30
2025-02-06,SMD-0106,IEX,NSE:IEX-EQ,180.65,183.75,179.95,182.83,6134942,FYERS_HISTORY,2026-08-08T23:19:29+05:30
2025-02-07,SMD-0106,IEX,NSE:IEX-EQ,183.09,185.15,180.11,182.24,4238355,FYERS_HISTORY,2026-08-08T23:19:29+05:30
2025-02-10,SMD-0106,IEX,NSE:IEX-EQ,183.0,183.15,176.21,176.79,3518273,FYERS_HISTORY,2026-08-08T23:19:29+05:30
2025-02-11,SMD-0106,IEX,NSE:IEX-EQ,177.66,177.9,169.87,171.38,4954937,FYERS_HISTORY,2026-08-08T23:19:29+05:30
2025-02-12,SMD-0106,IEX,NSE:IEX-EQ,170.0,173.42,166.21,171.81,3679502,FYERS_HISTORY,2026-08-08T23:19:29+05:30
2025-02-13,SMD-0106,IEX,NSE:IEX-EQ,172.15,173.6,169.05,169.6,2939542,FYERS_HISTORY,2026-08-08T23:19:29+05:30
2025-02-14,SMD-0106,IEX,NSE:IEX-EQ,170.15,170.97,161.94,163.93,3587242,FYERS_HISTORY,2026-08-08T23:19:29+05:30
2025-02-17,SMD-0106,IEX,NSE:IEX-EQ,161.5,167.5,159.76,167.21,4352960,FYERS_HISTORY,2026-08-08T23:19:29+05:30
2025-02-18,SMD-0106,IEX,NSE:IEX-EQ,167.0,167.42,161.51,164.63,4345661,FYERS_HISTORY,2026-08-08T23:19:29+05:30
2025-02-19,SMD-0106,IEX,NSE:IEX-EQ,164.0,170.33,163.18,169.45,4175975,FYERS_HISTORY,2026-08-08T23:19:29+05:30
2025-02-20,SMD-0106,IEX,NSE:IEX-EQ,170.08,170.47,165.37,169.73,4748425,FYERS_HISTORY,2026-08-08T23:19:29+05:30
2025-02-21,SMD-0106,IEX,NSE:IEX-EQ,169.0,172.19,166.34,168.92,4103115,FYERS_HISTORY,2026-08-08T23:19:29+05:30
2025-02-24,SMD-0106,IEX,NSE:IEX-EQ,166.5,167.82,163.5,164.23,3427628,FYERS_HISTORY,2026-08-08T23:19:29+05:30
2025-02-25,SMD-0106,IEX,NSE:IEX-EQ,164.0,167.6,161.7,166.24,4040595,FYERS_HISTORY,2026-08-08T23:19:29+05:30
2025-02-27,SMD-0106,IEX,NSE:IEX-EQ,165.51,165.9,153.46,156.94,9872288,FYERS_HISTORY,2026-08-08T23:19:29+05:30
2025-02-28,SMD-0106,IEX,NSE:IEX-EQ,156.17,162.49,154.5,155.93,17438779,FYERS_HISTORY,2026-08-08T23:19:29+05:30
2025-03-03,SMD-0106,IEX,NSE:IEX-EQ,156.28,157.82,152.0,154.69,4800862,FYERS_HISTORY,2026-08-08T23:19:29+05:30
2025-03-04,SMD-0106,IEX,NSE:IEX-EQ,154.69,155.79,151.0,152.82,6105064,FYERS_HISTORY,2026-08-08T23:19:29+05:30
2025-03-05,SMD-0106,IEX,NSE:IEX-EQ,153.05,159.0,152.25,158.25,5232895,FYERS_HISTORY,2026-08-08T23:19:29+05:30
2025-03-06,SMD-0106,IEX,NSE:IEX-EQ,162.0,165.5,160.74,163.3,5308139,FYERS_HISTORY,2026-08-08T23:19:29+05:30
2025-03-07,SMD-0106,IEX,NSE:IEX-EQ,163.26,164.75,162.0,163.93,3941272,FYERS_HISTORY,2026-08-08T23:19:29+05:30
2025-03-10,SMD-0106,IEX,NSE:IEX-EQ,164.0,164.99,158.0,159.06,4310024,FYERS_HISTORY,2026-08-08T23:19:29+05:30
2025-03-11,SMD-0106,IEX,NSE:IEX-EQ,157.1,159.4,155.15,157.99,2734358,FYERS_HISTORY,2026-08-08T23:19:29+05:30
2025-03-12,SMD-0106,IEX,NSE:IEX-EQ,158.24,159.74,154.61,156.49,3303576,FYERS_HISTORY,2026-08-08T23:19:29+05:30
2025-03-13,SMD-0106,IEX,NSE:IEX-EQ,157.1,157.4,153.23,153.56,2171253,FYERS_HISTORY,2026-08-08T23:19:29+05:30
2025-03-17,SMD-0106,IEX,NSE:IEX-EQ,153.7,163.22,153.36,162.67,16419062,FYERS_HISTORY,2026-08-08T23:19:29+05:30
2025-03-18,SMD-0106,IEX,NSE:IEX-EQ,162.5,163.79,160.66,163.33,5005866,FYERS_HISTORY,2026-08-08T23:19:29+05:30
2025-03-19,SMD-0106,IEX,NSE:IEX-EQ,163.33,169.0,162.33,167.96,4509322,FYERS_HISTORY,2026-08-08T23:19:29+05:30
2025-03-20,SMD-0106,IEX,NSE:IEX-EQ,168.0,169.1,165.7,167.58,3327739,FYERS_HISTORY,2026-08-08T23:19:29+05:30
2025-03-21,SMD-0106,IEX,NSE:IEX-EQ,167.85,172.97,167.55,172.67,6138007,FYERS_HISTORY,2026-08-08T23:19:29+05:30
2025-03-24,SMD-0106,IEX,NSE:IEX-EQ,174.0,178.5,173.15,178.07,4988273,FYERS_HISTORY,2026-08-08T23:19:29+05:30
2025-03-25,SMD-0106,IEX,NSE:IEX-EQ,178.75,180.0,175.27,175.99,5209870,FYERS_HISTORY,2026-08-08T23:19:29+05:30
2025-03-26,SMD-0106,IEX,NSE:IEX-EQ,175.0,179.0,173.89,177.16,5398342,FYERS_HISTORY,2026-08-08T23:19:29+05:30
2025-03-27,SMD-0106,IEX,NSE:IEX-EQ,177.0,180.5,175.21,178.44,5754346,FYERS_HISTORY,2026-08-08T23:19:29+05:30
2025-03-28,SMD-0106,IEX,NSE:IEX-EQ,179.3,180.5,174.5,175.77,4414614,FYERS_HISTORY,2026-08-08T23:19:29+05:30
2025-04-01,SMD-0106,IEX,NSE:IEX-EQ,175.15,178.94,174.15,176.73,4161026,FYERS_HISTORY,2026-08-08T23:19:29+05:30
2025-04-02,SMD-0106,IEX,NSE:IEX-EQ,176.35,178.3,174.67,177.99,3095795,FYERS_HISTORY,2026-08-08T23:19:29+05:30
2025-04-03,SMD-0106,IEX,NSE:IEX-EQ,175.5,182.89,175.5,182.05,4238026,FYERS_HISTORY,2026-08-08T23:19:29+05:30
2025-04-04,SMD-0106,IEX,NSE:IEX-EQ,182.9,183.44,175.1,178.52,7089543,FYERS_HISTORY,2026-08-08T23:19:29+05:30
2025-04-07,SMD-0106,IEX,NSE:IEX-EQ,160.66,176.0,160.66,173.8,6931298,FYERS_HISTORY,2026-08-08T23:19:29+05:30
2025-04-08,SMD-0106,IEX,NSE:IEX-EQ,175.2,179.5,174.2,176.9,3039914,FYERS_HISTORY,2026-08-08T23:19:29+05:30
2025-04-09,SMD-0106,IEX,NSE:IEX-EQ,176.8,179.51,173.45,177.4,3130795,FYERS_HISTORY,2026-08-08T23:19:29+05:30
2025-04-11,SMD-0106,IEX,NSE:IEX-EQ,180.0,181.24,177.08,179.03,2959611,FYERS_HISTORY,2026-08-08T23:19:29+05:30
2025-04-15,SMD-0106,IEX,NSE:IEX-EQ,181.0,184.49,180.26,184.01,4531924,FYERS_HISTORY,2026-08-08T23:19:29+05:30
2025-04-16,SMD-0106,IEX,NSE:IEX-EQ,184.3,186.99,183.5,186.61,3694080,FYERS_HISTORY,2026-08-08T23:19:29+05:30
2025-04-17,SMD-0106,IEX,NSE:IEX-EQ,186.61,189.53,185.61,187.62,4374184,FYERS_HISTORY,2026-08-08T23:19:29+05:30
2025-04-21,SMD-0106,IEX,NSE:IEX-EQ,187.62,190.71,187.26,189.97,2993780,FYERS_HISTORY,2026-08-08T23:19:29+05:30
2025-04-22,SMD-0106,IEX,NSE:IEX-EQ,190.15,192.8,188.34,189.7,3570060,FYERS_HISTORY,2026-08-08T23:19:29+05:30
2025-04-23,SMD-0106,IEX,NSE:IEX-EQ,191.0,191.9,187.06,191.33,3918207,FYERS_HISTORY,2026-08-08T23:19:29+05:30
2025-04-24,SMD-0106,IEX,NSE:IEX-EQ,191.33,192.92,189.23,190.84,4623926,FYERS_HISTORY,2026-08-08T23:19:29+05:30
2025-04-25,SMD-0106,IEX,NSE:IEX-EQ,194.79,201.35,189.46,190.5,63450190,FYERS_HISTORY,2026-08-08T23:19:29+05:30
2025-04-28,SMD-0106,IEX,NSE:IEX-EQ,190.0,196.9,190.0,195.21,11359210,FYERS_HISTORY,2026-08-08T23:19:29+05:30
2025-04-29,SMD-0106,IEX,NSE:IEX-EQ,195.47,196.5,192.03,192.82,5621470,FYERS_HISTORY,2026-08-08T23:19:29+05:30
2025-04-30,SMD-0106,IEX,NSE:IEX-EQ,193.5,194.65,188.52,190.35,5244268,FYERS_HISTORY,2026-08-08T23:19:29+05:30
2025-05-02,SMD-0106,IEX,NSE:IEX-EQ,190.35,193.99,189.13,190.69,4236466,FYERS_HISTORY,2026-08-08T23:19:29+05:30
2025-05-05,SMD-0106,IEX,NSE:IEX-EQ,191.5,196.49,190.25,195.14,6172085,FYERS_HISTORY,2026-08-08T23:19:29+05:30
2025-05-06,SMD-0106,IEX,NSE:IEX-EQ,199.0,200.0,190.24,190.99,8886830,FYERS_HISTORY,2026-08-08T23:19:29+05:30
2025-05-07,SMD-0106,IEX,NSE:IEX-EQ,187.0,197.8,186.63,196.46,9443756,FYERS_HISTORY,2026-08-08T23:19:29+05:30
2025-05-08,SMD-0106,IEX,NSE:IEX-EQ,196.47,197.86,187.2,189.9,3495893,FYERS_HISTORY,2026-08-08T23:19:29+05:30
2025-05-09,SMD-0106,IEX,NSE:IEX-EQ,182.0,190.05,182.0,189.38,4682343,FYERS_HISTORY,2026-08-08T23:19:29+05:30
2025-05-12,SMD-0106,IEX,NSE:IEX-EQ,196.0,196.5,192.6,194.95,5491611,FYERS_HISTORY,2026-08-08T23:19:29+05:30
2025-05-13,SMD-0106,IEX,NSE:IEX-EQ,195.0,195.7,193.4,194.8,3698819,FYERS_HISTORY,2026-08-08T23:19:29+05:30
2025-05-14,SMD-0106,IEX,NSE:IEX-EQ,194.99,197.69,193.25,197.25,7080077,FYERS_HISTORY,2026-08-08T23:19:29+05:30
2025-05-15,SMD-0106,IEX,NSE:IEX-EQ,199.0,200.89,196.26,197.48,4898463,FYERS_HISTORY,2026-08-08T23:19:29+05:30
2025-05-16,SMD-0106,IEX,NSE:IEX-EQ,196.79,201.0,194.76,199.86,7133581,FYERS_HISTORY,2026-08-08T23:19:29+05:30
2025-05-19,SMD-0106,IEX,NSE:IEX-EQ,200.9,202.39,197.0,197.63,5216563,FYERS_HISTORY,2026-08-08T23:19:29+05:30
2025-05-20,SMD-0106,IEX,NSE:IEX-EQ,198.1,200.43,197.11,197.45,4117067,FYERS_HISTORY,2026-08-08T23:19:29+05:30
2025-05-21,SMD-0106,IEX,NSE:IEX-EQ,197.45,200.77,195.33,199.18,3691869,FYERS_HISTORY,2026-08-08T23:19:29+05:30
2025-05-22,SMD-0106,IEX,NSE:IEX-EQ,199.0,199.23,192.72,194.83,3789004,FYERS_HISTORY,2026-08-08T23:19:29+05:30
2025-05-23,SMD-0106,IEX,NSE:IEX-EQ,195.5,195.95,193.25,195.03,2027729,FYERS_HISTORY,2026-08-08T23:19:29+05:30
2025-05-26,SMD-0106,IEX,NSE:IEX-EQ,195.98,197.77,193.59,194.5,2182375,FYERS_HISTORY,2026-08-08T23:19:29+05:30
2025-05-27,SMD-0106,IEX,NSE:IEX-EQ,194.5,199.99,194.42,199.45,5954518,FYERS_HISTORY,2026-08-08T23:19:29+05:30
2025-05-28,SMD-0106,IEX,NSE:IEX-EQ,199.45,201.33,197.34,197.81,4606287,FYERS_HISTORY,2026-08-08T23:19:29+05:30
2025-05-29,SMD-0106,IEX,NSE:IEX-EQ,197.81,200.5,197.21,199.81,5167254,FYERS_HISTORY,2026-08-08T23:19:29+05:30
2025-05-30,SMD-0106,IEX,NSE:IEX-EQ,199.81,203.19,197.52,200.55,10105269,FYERS_HISTORY,2026-08-08T23:19:29+05:30
2025-06-02,SMD-0106,IEX,NSE:IEX-EQ,200.5,203.35,198.67,200.63,7869316,FYERS_HISTORY,2026-08-08T23:19:29+05:30
2025-06-03,SMD-0106,IEX,NSE:IEX-EQ,201.0,203.0,199.1,201.17,4776429,FYERS_HISTORY,2026-08-08T23:19:29+05:30
2025-06-04,SMD-0106,IEX,NSE:IEX-EQ,202.0,204.5,197.0,202.01,17829093,FYERS_HISTORY,2026-08-08T23:19:29+05:30
2025-06-05,SMD-0106,IEX,NSE:IEX-EQ,203.0,203.59,195.62,199.33,10137602,FYERS_HISTORY,2026-08-08T23:19:29+05:30
2025-06-06,SMD-0106,IEX,NSE:IEX-EQ,200.19,204.35,198.57,202.13,12286701,FYERS_HISTORY,2026-08-08T23:19:29+05:30
2025-06-09,SMD-0106,IEX,NSE:IEX-EQ,203.65,215.4,203.5,209.31,35814295,FYERS_HISTORY,2026-08-08T23:19:29+05:30
2025-06-10,SMD-0106,IEX,NSE:IEX-EQ,210.9,212.0,207.7,210.01,12648712,FYERS_HISTORY,2026-08-08T23:19:29+05:30
2025-06-11,SMD-0106,IEX,NSE:IEX-EQ,211.6,214.2,188.59,193.68,71166193,FYERS_HISTORY,2026-08-08T23:19:29+05:30
2025-06-12,SMD-0106,IEX,NSE:IEX-EQ,195.0,196.33,188.93,190.21,22026039,FYERS_HISTORY,2026-08-08T23:19:29+05:30
2025-06-13,SMD-0106,IEX,NSE:IEX-EQ,187.01,189.0,186.0,187.22,7101481,FYERS_HISTORY,2026-08-08T23:19:29+05:30
2025-06-16,SMD-0106,IEX,NSE:IEX-EQ,187.22,191.08,183.7,190.1,7804072,FYERS_HISTORY,2026-08-08T23:19:29+05:30
2025-06-17,SMD-0106,IEX,NSE:IEX-EQ,190.19,190.9,185.58,186.76,7294833,FYERS_HISTORY,2026-08-08T23:19:29+05:30
2025-06-18,SMD-0106,IEX,NSE:IEX-EQ,186.76,188.0,182.78,183.31,5428591,FYERS_HISTORY,2026-08-08T23:19:29+05:30
2025-06-19,SMD-0106,IEX,NSE:IEX-EQ,183.4,185.9,178.5,178.85,5713629,FYERS_HISTORY,2026-08-08T23:19:29+05:30
2025-06-20,SMD-0106,IEX,NSE:IEX-EQ,179.0,183.0,178.86,182.51,4394466,FYERS_HISTORY,2026-08-08T23:19:29+05:30
2025-06-23,SMD-0106,IEX,NSE:IEX-EQ,181.1,183.38,180.0,182.58,2886661,FYERS_HISTORY,2026-08-08T23:19:29+05:30
2025-06-24,SMD-0106,IEX,NSE:IEX-EQ,184.5,189.52,184.15,187.77,9357972,FYERS_HISTORY,2026-08-08T23:19:29+05:30
2025-06-25,SMD-0106,IEX,NSE:IEX-EQ,189.0,194.34,188.15,189.01,8160730,FYERS_HISTORY,2026-08-08T23:19:29+05:30
2025-06-26,SMD-0106,IEX,NSE:IEX-EQ,188.0,191.0,186.06,190.14,7789161,FYERS_HISTORY,2026-08-08T23:19:29+05:30
2025-06-27,SMD-0106,IEX,NSE:IEX-EQ,190.2,192.1,187.6,189.28,7150860,FYERS_HISTORY,2026-08-08T23:19:29+05:30
2025-06-30,SMD-0106,IEX,NSE:IEX-EQ,190.01,193.5,189.75,193.11,5838078,FYERS_HISTORY,2026-08-08T23:19:29+05:30
2025-07-01,SMD-0106,IEX,NSE:IEX-EQ,194.0,194.11,191.61,193.09,5051293,FYERS_HISTORY,2026-08-08T23:19:29+05:30
2025-07-02,SMD-0106,IEX,NSE:IEX-EQ,193.09,196.8,192.96,195.24,7017146,FYERS_HISTORY,2026-08-08T23:19:29+05:30
2025-07-03,SMD-0106,IEX,NSE:IEX-EQ,195.9,199.0,194.2,197.75,5983801,FYERS_HISTORY,2026-08-08T23:19:29+05:30
2025-07-04,SMD-0106,IEX,NSE:IEX-EQ,198.8,200.69,196.01,197.63,5507326,FYERS_HISTORY,2026-08-08T23:19:29+05:30
2025-07-07,SMD-0106,IEX,NSE:IEX-EQ,197.5,199.6,196.22,199.33,3414788,FYERS_HISTORY,2026-08-08T23:19:29+05:30
2025-07-08,SMD-0106,IEX,NSE:IEX-EQ,198.92,202.5,198.0,200.99,8012831,FYERS_HISTORY,2026-08-08T23:19:29+05:30
2025-07-09,SMD-0106,IEX,NSE:IEX-EQ,201.0,211.75,199.05,207.96,23167001,FYERS_HISTORY,2026-08-08T23:19:29+05:30
2025-07-10,SMD-0106,IEX,NSE:IEX-EQ,208.0,209.7,205.51,206.38,5122463,FYERS_HISTORY,2026-08-08T23:19:29+05:30
2025-07-11,SMD-0106,IEX,NSE:IEX-EQ,205.5,208.0,203.2,206.43,3543960,FYERS_HISTORY,2026-08-08T23:19:29+05:30
2025-07-14,SMD-0106,IEX,NSE:IEX-EQ,205.7,208.6,205.1,207.13,4396685,FYERS_HISTORY,2026-08-08T23:19:29+05:30
2025-07-15,SMD-0106,IEX,NSE:IEX-EQ,207.06,209.4,206.3,208.98,3061720,FYERS_HISTORY,2026-08-08T23:19:29+05:30
2025-07-16,SMD-0106,IEX,NSE:IEX-EQ,208.5,209.99,207.32,208.31,3661850,FYERS_HISTORY,2026-08-08T23:19:29+05:30
2025-07-17,SMD-0106,IEX,NSE:IEX-EQ,208.01,208.99,204.6,205.75,4645862,FYERS_HISTORY,2026-08-08T23:19:29+05:30
2025-07-18,SMD-0106,IEX,NSE:IEX-EQ,205.6,206.47,202.66,203.14,1939814,FYERS_HISTORY,2026-08-08T23:19:29+05:30
2025-07-21,SMD-0106,IEX,NSE:IEX-EQ,202.01,205.0,195.18,195.99,7836870,FYERS_HISTORY,2026-08-08T23:19:29+05:30
2025-07-22,SMD-0106,IEX,NSE:IEX-EQ,196.94,200.0,191.54,192.56,9707232,FYERS_HISTORY,2026-08-08T23:19:29+05:30
2025-07-23,SMD-0106,IEX,NSE:IEX-EQ,192.7,193.41,186.61,187.89,9214590,FYERS_HISTORY,2026-08-08T23:19:29+05:30
2025-07-24,SMD-0106,IEX,NSE:IEX-EQ,169.1,169.1,131.5,132.32,127736986,FYERS_HISTORY,2026-08-08T23:19:29+05:30
2025-07-25,SMD-0106,IEX,NSE:IEX-EQ,137.8,149.4,136.41,145.02,298471535,FYERS_HISTORY,2026-08-08T23:19:29+05:30
2025-07-28,SMD-0106,IEX,NSE:IEX-EQ,146.4,146.4,132.16,139.12,84489906,FYERS_HISTORY,2026-08-08T23:19:29+05:30
2025-07-29,SMD-0106,IEX,NSE:IEX-EQ,137.3,138.54,132.0,134.65,46588839,FYERS_HISTORY,2026-08-08T23:19:29+05:30
2025-07-30,SMD-0106,IEX,NSE:IEX-EQ,135.89,138.4,133.05,136.05,38434079,FYERS_HISTORY,2026-08-08T23:19:29+05:30
2025-07-31,SMD-0106,IEX,NSE:IEX-EQ,135.0,141.5,133.75,135.3,28369765,FYERS_HISTORY,2026-08-08T23:19:29+05:30
2025-08-01,SMD-0106,IEX,NSE:IEX-EQ,135.44,136.47,131.72,132.09,13337730,FYERS_HISTORY,2026-08-08T23:19:29+05:30
2025-08-04,SMD-0106,IEX,NSE:IEX-EQ,133.3,134.45,130.65,133.98,12654592,FYERS_HISTORY,2026-08-08T23:19:29+05:30
2025-08-05,SMD-0106,IEX,NSE:IEX-EQ,135.0,135.3,131.71,133.49,18708771,FYERS_HISTORY,2026-08-05T19:56:03+05:30
2025-08-06,SMD-0106,IEX,NSE:IEX-EQ,133.49,133.53,131.1,132.18,11870382,FYERS_HISTORY,2026-08-05T19:56:03+05:30
2025-08-07,SMD-0106,IEX,NSE:IEX-EQ,131.8,134.05,130.26,133.46,14214767,FYERS_HISTORY,2026-08-05T19:56:03+05:30
2025-08-08,SMD-0106,IEX,NSE:IEX-EQ,133.46,139.8,132.64,138.04,29027613,FYERS_HISTORY,2026-08-05T19:56:03+05:30
2025-08-11,SMD-0106,IEX,NSE:IEX-EQ,138.45,139.04,135.2,137.9,11473028,FYERS_HISTORY,2026-08-05T19:56:03+05:30
2025-08-12,SMD-0106,IEX,NSE:IEX-EQ,137.37,139.13,135.9,138.08,10917993,FYERS_HISTORY,2026-08-05T19:56:03+05:30
2025-08-13,SMD-0106,IEX,NSE:IEX-EQ,138.0,142.29,137.81,141.17,16615911,FYERS_HISTORY,2026-08-05T19:56:03+05:30
2025-08-14,SMD-0106,IEX,NSE:IEX-EQ,141.0,141.63,139.03,140.27,5839144,FYERS_HISTORY,2026-08-05T19:56:03+05:30
2025-08-18,SMD-0106,IEX,NSE:IEX-EQ,140.25,141.5,138.66,141.01,8400424,FYERS_HISTORY,2026-08-05T19:56:03+05:30
2025-08-19,SMD-0106,IEX,NSE:IEX-EQ,140.77,141.99,138.66,141.59,7788677,FYERS_HISTORY,2026-08-05T19:56:03+05:30
2025-08-20,SMD-0106,IEX,NSE:IEX-EQ,141.99,144.15,140.73,143.15,7543910,FYERS_HISTORY,2026-08-05T19:56:03+05:30
2025-08-21,SMD-0106,IEX,NSE:IEX-EQ,143.15,146.1,142.8,144.62,8787145,FYERS_HISTORY,2026-08-05T19:56:03+05:30
2025-08-22,SMD-0106,IEX,NSE:IEX-EQ,144.0,146.07,143.43,143.92,6706865,FYERS_HISTORY,2026-08-05T19:56:03+05:30
2025-08-25,SMD-0106,IEX,NSE:IEX-EQ,143.86,148.8,142.64,143.87,10187666,FYERS_HISTORY,2026-08-05T19:56:03+05:30
2025-08-26,SMD-0106,IEX,NSE:IEX-EQ,144.3,144.45,140.86,141.26,6441292,FYERS_HISTORY,2026-08-05T19:56:03+05:30
2025-08-28,SMD-0106,IEX,NSE:IEX-EQ,141.26,141.85,139.09,139.76,5592044,FYERS_HISTORY,2026-08-05T19:56:03+05:30
2025-08-29,SMD-0106,IEX,NSE:IEX-EQ,140.0,141.29,139.26,139.8,3949076,FYERS_HISTORY,2026-08-05T19:56:03+05:30
2025-09-01,SMD-0106,IEX,NSE:IEX-EQ,139.8,143.1,139.52,142.21,4039519,FYERS_HISTORY,2026-08-05T19:56:03+05:30
2025-09-02,SMD-0106,IEX,NSE:IEX-EQ,143.0,143.75,140.85,141.19,3872440,FYERS_HISTORY,2026-08-05T19:56:03+05:30
2025-09-03,SMD-0106,IEX,NSE:IEX-EQ,141.19,142.3,140.48,142.07,3303329,FYERS_HISTORY,2026-08-05T19:56:03+05:30
2025-09-04,SMD-0106,IEX,NSE:IEX-EQ,144.0,144.25,141.92,142.65,4500009,FYERS_HISTORY,2026-08-05T19:56:03+05:30
2025-09-05,SMD-0106,IEX,NSE:IEX-EQ,142.65,144.09,140.0,141.95,4808605,FYERS_HISTORY,2026-08-05T19:56:03+05:30
2025-09-08,SMD-0106,IEX,NSE:IEX-EQ,143.9,144.0,141.55,142.3,2833263,FYERS_HISTORY,2026-08-05T19:56:03+05:30
2025-09-09,SMD-0106,IEX,NSE:IEX-EQ,142.55,143.7,141.75,142.86,2870738,FYERS_HISTORY,2026-08-05T19:56:03+05:30
2025-09-10,SMD-0106,IEX,NSE:IEX-EQ,143.59,145.69,143.41,144.74,6265716,FYERS_HISTORY,2026-08-05T19:56:03+05:30
2025-09-11,SMD-0106,IEX,NSE:IEX-EQ,145.0,145.0,142.5,143.42,3436932,FYERS_HISTORY,2026-08-05T19:56:03+05:30
2025-09-12,SMD-0106,IEX,NSE:IEX-EQ,143.6,145.9,143.26,144.84,3634402,FYERS_HISTORY,2026-08-05T19:56:03+05:30
2025-09-15,SMD-0106,IEX,NSE:IEX-EQ,145.79,147.9,145.0,147.21,5369108,FYERS_HISTORY,2026-08-05T19:56:03+05:30
2025-09-16,SMD-0106,IEX,NSE:IEX-EQ,148.08,148.89,146.57,147.38,5543060,FYERS_HISTORY,2026-08-05T19:56:03+05:30
2025-09-17,SMD-0106,IEX,NSE:IEX-EQ,148.0,152.44,148.0,148.44,17256455,FYERS_HISTORY,2026-08-05T19:56:03+05:30
2025-09-18,SMD-0106,IEX,NSE:IEX-EQ,149.61,149.76,146.81,148.61,6998033,FYERS_HISTORY,2026-08-05T19:56:03+05:30
2025-09-19,SMD-0106,IEX,NSE:IEX-EQ,149.0,149.85,148.22,149.03,3282240,FYERS_HISTORY,2026-08-05T19:56:03+05:30
2025-09-22,SMD-0106,IEX,NSE:IEX-EQ,149.0,149.73,145.85,146.09,4666556,FYERS_HISTORY,2026-08-05T19:56:03+05:30
2025-09-23,SMD-0106,IEX,NSE:IEX-EQ,146.12,146.31,142.87,143.91,4643971,FYERS_HISTORY,2026-08-05T19:56:03+05:30
2025-09-24,SMD-0106,IEX,NSE:IEX-EQ,143.5,144.0,140.0,140.41,4001048,FYERS_HISTORY,2026-08-05T19:56:03+05:30
2025-09-25,SMD-0106,IEX,NSE:IEX-EQ,140.4,142.11,139.36,139.82,3714601,FYERS_HISTORY,2026-08-05T19:56:03+05:30
2025-09-26,SMD-0106,IEX,NSE:IEX-EQ,139.09,140.35,136.75,137.76,3531957,FYERS_HISTORY,2026-08-05T19:56:03+05:30
2025-09-29,SMD-0106,IEX,NSE:IEX-EQ,138.0,140.99,137.59,139.72,5753855,FYERS_HISTORY,2026-08-05T19:56:03+05:30
2025-09-30,SMD-0106,IEX,NSE:IEX-EQ,140.0,140.24,137.62,139.19,3599755,FYERS_HISTORY,2026-08-05T19:56:03+05:30
2025-10-01,SMD-0106,IEX,NSE:IEX-EQ,139.8,142.0,138.32,141.18,9457649,FYERS_HISTORY,2026-08-05T19:56:03+05:30
2025-10-03,SMD-0106,IEX,NSE:IEX-EQ,141.77,143.89,141.6,143.59,6885047,FYERS_HISTORY,2026-08-05T19:56:03+05:30
2025-10-06,SMD-0106,IEX,NSE:IEX-EQ,144.31,144.8,141.87,142.55,2830105,FYERS_HISTORY,2026-08-05T19:56:03+05:30
2025-10-07,SMD-0106,IEX,NSE:IEX-EQ,142.96,143.6,141.09,141.58,2142047,FYERS_HISTORY,2026-08-05T19:56:03+05:30
2025-10-08,SMD-0106,IEX,NSE:IEX-EQ,141.7,142.08,138.85,139.22,2671977,FYERS_HISTORY,2026-08-05T19:56:03+05:30
2025-10-09,SMD-0106,IEX,NSE:IEX-EQ,139.0,140.69,138.86,140.42,2093488,FYERS_HISTORY,2026-08-05T19:56:03+05:30
2025-10-10,SMD-0106,IEX,NSE:IEX-EQ,140.42,141.0,139.57,139.87,2161199,FYERS_HISTORY,2026-08-05T19:56:03+05:30
2025-10-13,SMD-0106,IEX,NSE:IEX-EQ,139.0,140.0,136.1,137.03,6393814,FYERS_HISTORY,2026-08-05T19:56:03+05:30
2025-10-14,SMD-0106,IEX,NSE:IEX-EQ,137.03,138.56,134.02,136.09,7214347,FYERS_HISTORY,2026-08-05T19:56:03+05:30
2025-10-15,SMD-0106,IEX,NSE:IEX-EQ,136.09,136.8,134.65,135.36,4802387,FYERS_HISTORY,2026-08-05T19:56:03+05:30
2025-10-16,SMD-0106,IEX,NSE:IEX-EQ,135.0,136.39,133.5,134.79,6846625,FYERS_HISTORY,2026-08-05T19:56:03+05:30
2025-10-17,SMD-0106,IEX,NSE:IEX-EQ,134.79,135.03,133.5,134.18,4675489,FYERS_HISTORY,2026-08-05T19:56:03+05:30
2025-10-20,SMD-0106,IEX,NSE:IEX-EQ,134.18,139.16,133.85,138.29,7367382,FYERS_HISTORY,2026-08-05T19:56:03+05:30
2025-10-21,SMD-0106,IEX,NSE:IEX-EQ,140.0,140.46,138.61,139.14,1759872,FYERS_HISTORY,2026-08-05T19:56:03+05:30
2025-10-23,SMD-0106,IEX,NSE:IEX-EQ,140.0,145.0,137.94,144.52,9280059,FYERS_HISTORY,2026-08-05T19:56:03+05:30
2025-10-24,SMD-0106,IEX,NSE:IEX-EQ,144.97,148.49,144.06,147.05,12465685,FYERS_HISTORY,2026-08-05T19:56:03+05:30
2025-10-27,SMD-0106,IEX,NSE:IEX-EQ,148.0,149.39,145.95,147.14,7557240,FYERS_HISTORY,2026-08-05T19:56:03+05:30
2025-10-28,SMD-0106,IEX,NSE:IEX-EQ,147.0,149.27,144.87,147.52,8935101,FYERS_HISTORY,2026-08-05T19:56:03+05:30
2025-10-29,SMD-0106,IEX,NSE:IEX-EQ,147.0,149.49,146.85,148.66,6025893,FYERS_HISTORY,2026-08-05T19:56:03+05:30
2025-10-30,SMD-0106,IEX,NSE:IEX-EQ,149.0,149.32,140.0,143.55,18304555,FYERS_HISTORY,2026-08-05T19:56:03+05:30
2025-10-31,SMD-0106,IEX,NSE:IEX-EQ,145.99,145.99,138.8,139.06,14549711,FYERS_HISTORY,2026-08-05T19:56:03+05:30
2025-11-03,SMD-0106,IEX,NSE:IEX-EQ,140.09,140.5,138.0,140.01,4720034,FYERS_HISTORY,2026-08-05T19:56:03+05:30
2025-11-04,SMD-0106,IEX,NSE:IEX-EQ,141.0,142.33,137.26,137.66,5938097,FYERS_HISTORY,2026-08-05T19:56:03+05:30
2025-11-06,SMD-0106,IEX,NSE:IEX-EQ,138.15,140.0,135.64,138.14,6201879,FYERS_HISTORY,2026-08-05T19:56:03+05:30
2025-11-07,SMD-0106,IEX,NSE:IEX-EQ,137.5,140.57,136.17,138.96,8004546,FYERS_HISTORY,2026-08-05T19:56:03+05:30
2025-11-10,SMD-0106,IEX,NSE:IEX-EQ,139.65,140.8,138.85,139.58,3498788,FYERS_HISTORY,2026-08-05T19:56:03+05:30
2025-11-11,SMD-0106,IEX,NSE:IEX-EQ,140.0,140.04,137.56,139.34,3851447,FYERS_HISTORY,2026-08-05T19:56:03+05:30
2025-11-12,SMD-0106,IEX,NSE:IEX-EQ,139.46,139.98,138.75,139.43,2775641,FYERS_HISTORY,2026-08-05T19:56:03+05:30
2025-11-13,SMD-0106,IEX,NSE:IEX-EQ,139.6,140.3,138.25,138.45,3261261,FYERS_HISTORY,2026-08-05T19:56:03+05:30
2025-11-14,SMD-0106,IEX,NSE:IEX-EQ,138.45,138.8,136.57,137.55,2461071,FYERS_HISTORY,2026-08-05T19:56:03+05:30
2025-11-17,SMD-0106,IEX,NSE:IEX-EQ,137.7,139.44,137.42,137.55,3264778,FYERS_HISTORY,2026-08-05T19:56:03+05:30
2025-11-18,SMD-0106,IEX,NSE:IEX-EQ,137.61,138.26,136.4,136.65,1926629,FYERS_HISTORY,2026-08-05T19:56:03+05:30
2025-11-19,SMD-0106,IEX,NSE:IEX-EQ,136.73,137.25,135.01,137.11,3528588,FYERS_HISTORY,2026-08-05T19:56:03+05:30
2025-11-20,SMD-0106,IEX,NSE:IEX-EQ,137.5,143.73,137.3,143.13,24915170,FYERS_HISTORY,2026-08-05T19:56:03+05:30
2025-11-21,SMD-0106,IEX,NSE:IEX-EQ,143.0,145.19,140.48,141.12,9713151,FYERS_HISTORY,2026-08-05T19:56:03+05:30
2025-11-24,SMD-0106,IEX,NSE:IEX-EQ,141.79,142.05,140.0,140.29,4973886,FYERS_HISTORY,2026-08-05T19:56:03+05:30
2025-11-25,SMD-0106,IEX,NSE:IEX-EQ,140.29,142.3,139.8,140.24,4477483,FYERS_HISTORY,2026-08-05T19:56:03+05:30
2025-11-26,SMD-0106,IEX,NSE:IEX-EQ,140.4,142.94,140.0,141.76,3500889,FYERS_HISTORY,2026-08-05T19:56:03+05:30
2025-11-27,SMD-0106,IEX,NSE:IEX-EQ,141.77,142.0,140.0,140.9,4094515,FYERS_HISTORY,2026-08-05T19:56:03+05:30
2025-11-28,SMD-0106,IEX,NSE:IEX-EQ,141.0,143.0,137.77,139.29,11180306,FYERS_HISTORY,2026-08-05T19:56:03+05:30
2025-12-01,SMD-0106,IEX,NSE:IEX-EQ,140.0,147.75,139.92,146.7,32323758,FYERS_HISTORY,2026-08-05T19:56:03+05:30
2025-12-02,SMD-0106,IEX,NSE:IEX-EQ,146.46,150.53,145.09,148.54,16665166,FYERS_HISTORY,2026-08-05T19:56:03+05:30
2025-12-03,SMD-0106,IEX,NSE:IEX-EQ,148.8,149.38,145.7,148.89,9229144,FYERS_HISTORY,2026-08-05T19:56:03+05:30
2025-12-04,SMD-0106,IEX,NSE:IEX-EQ,151.0,151.76,147.14,147.93,12842838,FYERS_HISTORY,2026-08-05T19:56:03+05:30
2025-12-05,SMD-0106,IEX,NSE:IEX-EQ,147.1,148.47,144.41,145.31,3946371,FYERS_HISTORY,2026-08-05T19:56:03+05:30
2025-12-08,SMD-0106,IEX,NSE:IEX-EQ,145.0,145.83,140.82,141.91,4376767,FYERS_HISTORY,2026-08-05T19:56:03+05:30
2025-12-09,SMD-0106,IEX,NSE:IEX-EQ,141.0,142.4,140.11,141.19,4741807,FYERS_HISTORY,2026-08-05T19:56:03+05:30
2025-12-10,SMD-0106,IEX,NSE:IEX-EQ,141.19,143.25,138.91,139.47,5525570,FYERS_HISTORY,2026-08-05T19:56:03+05:30
2025-12-11,SMD-0106,IEX,NSE:IEX-EQ,140.0,142.85,137.65,142.45,5319103,FYERS_HISTORY,2026-08-05T19:56:03+05:30
2025-12-12,SMD-0106,IEX,NSE:IEX-EQ,143.03,143.95,141.66,143.2,3301998,FYERS_HISTORY,2026-08-05T19:56:03+05:30
2025-12-15,SMD-0106,IEX,NSE:IEX-EQ,143.15,144.15,142.01,142.32,2866964,FYERS_HISTORY,2026-08-05T19:56:03+05:30
2025-12-16,SMD-0106,IEX,NSE:IEX-EQ,141.5,143.19,140.0,140.4,3165431,FYERS_HISTORY,2026-08-05T19:56:03+05:30
2025-12-17,SMD-0106,IEX,NSE:IEX-EQ,140.0,141.49,139.88,140.22,1928963,FYERS_HISTORY,2026-08-05T19:56:03+05:30
2025-12-18,SMD-0106,IEX,NSE:IEX-EQ,139.8,141.82,138.5,139.76,3284400,FYERS_HISTORY,2026-08-05T19:56:03+05:30
2025-12-19,SMD-0106,IEX,NSE:IEX-EQ,140.0,141.75,138.72,141.4,4243823,FYERS_HISTORY,2026-08-05T19:56:03+05:30
2025-12-22,SMD-0106,IEX,NSE:IEX-EQ,141.48,142.58,140.61,140.95,2431892,FYERS_HISTORY,2026-08-05T19:56:03+05:30
2025-12-23,SMD-0106,IEX,NSE:IEX-EQ,141.0,143.25,140.81,142.05,2545162,FYERS_HISTORY,2026-08-05T19:56:03+05:30
2025-12-24,SMD-0106,IEX,NSE:IEX-EQ,142.94,143.4,138.8,139.14,3752961,FYERS_HISTORY,2026-08-05T19:56:03+05:30
2025-12-26,SMD-0106,IEX,NSE:IEX-EQ,137.5,137.5,133.29,135.36,14251319,FYERS_HISTORY,2026-08-05T19:56:03+05:30
2025-12-29,SMD-0106,IEX,NSE:IEX-EQ,135.4,135.66,133.0,133.77,6263750,FYERS_HISTORY,2026-08-05T19:56:03+05:30
2025-12-30,SMD-0106,IEX,NSE:IEX-EQ,133.56,133.7,131.27,132.01,8487616,FYERS_HISTORY,2026-08-05T19:56:03+05:30
2025-12-31,SMD-0106,IEX,NSE:IEX-EQ,132.2,135.49,132.2,134.22,4234487,FYERS_HISTORY,2026-08-05T19:56:03+05:30
2026-01-01,SMD-0106,IEX,NSE:IEX-EQ,134.5,134.7,132.84,133.39,2725291,FYERS_HISTORY,2026-08-05T19:56:03+05:30
2026-01-02,SMD-0106,IEX,NSE:IEX-EQ,133.4,134.72,132.85,134.36,4422757,FYERS_HISTORY,2026-08-05T19:56:03+05:30
2026-01-05,SMD-0106,IEX,NSE:IEX-EQ,135.02,135.24,133.15,134.38,4345865,FYERS_HISTORY,2026-08-05T19:56:03+05:30
2026-01-06,SMD-0106,IEX,NSE:IEX-EQ,135.5,153.43,133.25,148.67,80273941,FYERS_HISTORY,2026-08-05T19:56:03+05:30
2026-01-07,SMD-0106,IEX,NSE:IEX-EQ,146.44,156.25,144.04,154.78,110509071,FYERS_HISTORY,2026-08-05T19:56:03+05:30
2026-01-08,SMD-0106,IEX,NSE:IEX-EQ,151.96,154.47,149.0,150.09,24169978,FYERS_HISTORY,2026-08-05T19:56:03+05:30
2026-01-09,SMD-0106,IEX,NSE:IEX-EQ,150.09,160.27,137.7,138.36,221886899,FYERS_HISTORY,2026-08-05T19:56:03+05:30
2026-01-12,SMD-0106,IEX,NSE:IEX-EQ,139.69,144.5,138.4,142.02,60452419,FYERS_HISTORY,2026-08-05T19:56:03+05:30
2026-01-13,SMD-0106,IEX,NSE:IEX-EQ,142.99,143.14,139.62,141.31,14795538,FYERS_HISTORY,2026-08-05T19:56:03+05:30
2026-01-14,SMD-0106,IEX,NSE:IEX-EQ,141.73,142.6,138.76,139.37,9549194,FYERS_HISTORY,2026-08-05T19:56:03+05:30
2026-01-16,SMD-0106,IEX,NSE:IEX-EQ,140.0,140.95,138.24,139.29,10228954,FYERS_HISTORY,2026-08-05T19:56:03+05:30
2026-01-19,SMD-0106,IEX,NSE:IEX-EQ,139.0,141.9,133.41,137.0,30192612,FYERS_HISTORY,2026-08-05T19:56:03+05:30
2026-01-20,SMD-0106,IEX,NSE:IEX-EQ,136.5,136.99,129.73,130.29,18921695,FYERS_HISTORY,2026-08-05T19:56:03+05:30
2026-01-21,SMD-0106,IEX,NSE:IEX-EQ,130.3,132.44,128.0,128.42,15213155,FYERS_HISTORY,2026-08-05T19:56:03+05:30
2026-01-22,SMD-0106,IEX,NSE:IEX-EQ,130.0,132.99,128.84,131.06,8399163,FYERS_HISTORY,2026-08-05T19:56:03+05:30
2026-01-23,SMD-0106,IEX,NSE:IEX-EQ,131.4,132.45,127.06,127.53,9239745,FYERS_HISTORY,2026-08-05T19:56:03+05:30
2026-01-27,SMD-0106,IEX,NSE:IEX-EQ,128.16,128.6,125.28,127.55,14328607,FYERS_HISTORY,2026-08-05T19:56:03+05:30
2026-01-28,SMD-0106,IEX,NSE:IEX-EQ,127.55,128.89,126.57,128.71,6873060,FYERS_HISTORY,2026-08-05T19:56:03+05:30
2026-01-29,SMD-0106,IEX,NSE:IEX-EQ,129.0,129.47,125.94,127.58,11054197,FYERS_HISTORY,2026-08-05T19:56:03+05:30
2026-01-30,SMD-0106,IEX,NSE:IEX-EQ,127.42,127.8,125.8,126.79,6667712,FYERS_HISTORY,2026-08-05T19:56:03+05:30
2026-02-01,SMD-0106,IEX,NSE:IEX-EQ,127.0,128.36,122.06,124.87,6836901,FYERS_HISTORY,2026-08-05T19:56:03+05:30
2026-02-02,SMD-0106,IEX,NSE:IEX-EQ,125.0,125.59,119.0,122.62,14961487,FYERS_HISTORY,2026-08-05T19:56:03+05:30
2026-02-03,SMD-0106,IEX,NSE:IEX-EQ,126.51,128.17,124.26,126.26,7786225,FYERS_HISTORY,2026-08-05T19:56:03+05:30
2026-02-04,SMD-0106,IEX,NSE:IEX-EQ,126.0,128.09,124.89,127.69,6394701,FYERS_HISTORY,2026-08-05T19:56:03+05:30
2026-02-05,SMD-0106,IEX,NSE:IEX-EQ,127.7,127.75,124.45,124.85,5486599,FYERS_HISTORY,2026-08-05T19:56:03+05:30
2026-02-06,SMD-0106,IEX,NSE:IEX-EQ,124.85,125.0,119.85,120.94,11969646,FYERS_HISTORY,2026-08-05T19:56:03+05:30
2026-02-09,SMD-0106,IEX,NSE:IEX-EQ,121.5,126.21,120.43,125.34,11646073,FYERS_HISTORY,2026-08-05T19:56:03+05:30
2026-02-10,SMD-0106,IEX,NSE:IEX-EQ,125.99,127.65,125.04,126.14,9592050,FYERS_HISTORY,2026-08-05T19:56:03+05:30
2026-02-11,SMD-0106,IEX,NSE:IEX-EQ,126.93,127.65,125.03,127.16,6289575,FYERS_HISTORY,2026-08-05T19:56:03+05:30
2026-02-12,SMD-0106,IEX,NSE:IEX-EQ,127.16,127.16,125.6,125.91,4363115,FYERS_HISTORY,2026-08-05T19:56:03+05:30
2026-02-13,SMD-0106,IEX,NSE:IEX-EQ,125.01,125.29,119.38,123.95,19551693,FYERS_HISTORY,2026-08-05T19:56:03+05:30
2026-02-16,SMD-0106,IEX,NSE:IEX-EQ,123.5,125.16,122.28,124.97,5033142,FYERS_HISTORY,2026-08-05T19:56:03+05:30
2026-02-17,SMD-0106,IEX,NSE:IEX-EQ,124.7,126.45,124.26,126.25,4016445,FYERS_HISTORY,2026-08-05T19:56:03+05:30
2026-02-18,SMD-0106,IEX,NSE:IEX-EQ,126.22,127.08,125.0,126.13,4736952,FYERS_HISTORY,2026-08-05T19:56:03+05:30
2026-02-19,SMD-0106,IEX,NSE:IEX-EQ,126.01,126.49,123.36,123.87,2945718,FYERS_HISTORY,2026-08-05T19:56:03+05:30
2026-02-20,SMD-0106,IEX,NSE:IEX-EQ,123.87,125.89,123.22,125.42,3070434,FYERS_HISTORY,2026-08-05T19:56:03+05:30
2026-02-23,SMD-0106,IEX,NSE:IEX-EQ,125.75,126.52,124.7,125.72,4319720,FYERS_HISTORY,2026-08-05T19:56:03+05:30
2026-02-24,SMD-0106,IEX,NSE:IEX-EQ,125.5,126.5,124.5,125.63,6405727,FYERS_HISTORY,2026-08-05T19:56:03+05:30
2026-02-25,SMD-0106,IEX,NSE:IEX-EQ,125.63,129.0,125.63,127.72,5525290,FYERS_HISTORY,2026-08-05T19:56:03+05:30
2026-02-26,SMD-0106,IEX,NSE:IEX-EQ,128.7,130.7,126.81,127.51,5828741,FYERS_HISTORY,2026-08-05T19:56:03+05:30
2026-02-27,SMD-0106,IEX,NSE:IEX-EQ,127.5,128.2,125.07,125.64,5072021,FYERS_HISTORY,2026-08-05T19:56:03+05:30
2026-03-02,SMD-0106,IEX,NSE:IEX-EQ,122.14,124.27,120.52,121.52,6617593,FYERS_HISTORY,2026-08-05T19:56:03+05:30
2026-03-04,SMD-0106,IEX,NSE:IEX-EQ,120.27,120.91,117.84,118.59,5236510,FYERS_HISTORY,2026-08-05T19:56:03+05:30
2026-03-05,SMD-0106,IEX,NSE:IEX-EQ,120.4,121.95,119.1,121.63,5657344,FYERS_HISTORY,2026-08-05T19:56:03+05:30
2026-03-06,SMD-0106,IEX,NSE:IEX-EQ,121.01,123.5,121.01,121.76,4351385,FYERS_HISTORY,2026-08-05T19:56:03+05:30
2026-03-09,SMD-0106,IEX,NSE:IEX-EQ,119.01,120.75,117.5,120.26,7843517,FYERS_HISTORY,2026-08-05T19:56:03+05:30
2026-03-10,SMD-0106,IEX,NSE:IEX-EQ,121.41,122.13,119.6,121.13,7651092,FYERS_HISTORY,2026-08-05T19:56:03+05:30
2026-03-11,SMD-0106,IEX,NSE:IEX-EQ,122.0,126.19,122.0,122.85,8946792,FYERS_HISTORY,2026-08-05T19:56:03+05:30
2026-03-12,SMD-0106,IEX,NSE:IEX-EQ,122.5,124.48,119.87,122.76,5791203,FYERS_HISTORY,2026-08-05T19:56:03+05:30
2026-03-13,SMD-0106,IEX,NSE:IEX-EQ,122.5,124.19,119.98,120.25,5204393,FYERS_HISTORY,2026-08-05T19:56:03+05:30
2026-03-16,SMD-0106,IEX,NSE:IEX-EQ,120.28,120.89,117.19,118.8,6559285,FYERS_HISTORY,2026-08-05T19:56:03+05:30
2026-03-17,SMD-0106,IEX,NSE:IEX-EQ,119.35,120.8,118.76,119.88,4736128,FYERS_HISTORY,2026-08-05T19:56:03+05:30
2026-03-18,SMD-0106,IEX,NSE:IEX-EQ,120.23,124.1,120.02,123.06,4931026,FYERS_HISTORY,2026-08-05T19:56:03+05:30
2026-03-19,SMD-0106,IEX,NSE:IEX-EQ,120.5,121.79,117.69,118.25,4867877,FYERS_HISTORY,2026-08-05T19:56:03+05:30
2026-03-20,SMD-0106,IEX,NSE:IEX-EQ,119.7,121.8,119.01,120.53,5086862,FYERS_HISTORY,2026-08-05T19:56:03+05:30
2026-03-23,SMD-0106,IEX,NSE:IEX-EQ,118.71,119.42,114.72,115.38,7773470,FYERS_HISTORY,2026-08-05T19:56:03+05:30
2026-03-24,SMD-0106,IEX,NSE:IEX-EQ,117.8,120.0,115.5,119.62,5996523,FYERS_HISTORY,2026-08-05T19:56:03+05:30
2026-03-25,SMD-0106,IEX,NSE:IEX-EQ,120.5,124.0,120.12,121.68,7993787,FYERS_HISTORY,2026-08-05T19:56:03+05:30
2026-03-27,SMD-0106,IEX,NSE:IEX-EQ,121.0,122.76,118.31,118.84,11710831,FYERS_HISTORY,2026-08-05T19:56:03+05:30
2026-03-30,SMD-0106,IEX,NSE:IEX-EQ,117.9,118.56,114.6,114.75,10966801,FYERS_HISTORY,2026-08-05T19:56:03+05:30
2026-04-01,SMD-0106,IEX,NSE:IEX-EQ,117.0,121.0,117.0,119.95,4171559,FYERS_HISTORY,2026-08-05T19:56:03+05:30
2026-04-02,SMD-0106,IEX,NSE:IEX-EQ,118.45,119.91,116.0,119.42,3916113,FYERS_HISTORY,2026-08-05T19:56:03+05:30
2026-04-06,SMD-0106,IEX,NSE:IEX-EQ,120.6,126.48,118.51,126.16,10112144,FYERS_HISTORY,2026-08-05T19:56:03+05:30
2026-04-07,SMD-0106,IEX,NSE:IEX-EQ,125.95,127.7,125.15,126.97,7149911,FYERS_HISTORY,2026-08-05T19:56:03+05:30
2026-04-08,SMD-0106,IEX,NSE:IEX-EQ,129.1,130.65,128.01,129.44,5615281,FYERS_HISTORY,2026-08-05T19:56:03+05:30
2026-04-09,SMD-0106,IEX,NSE:IEX-EQ,129.0,130.0,126.84,129.69,4860944,FYERS_HISTORY,2026-08-05T19:56:03+05:30
2026-04-10,SMD-0106,IEX,NSE:IEX-EQ,130.0,131.4,129.0,129.99,3717367,FYERS_HISTORY,2026-08-05T19:56:03+05:30
2026-04-13,SMD-0106,IEX,NSE:IEX-EQ,127.5,131.22,126.52,129.14,5914574,FYERS_HISTORY,2026-08-05T19:56:03+05:30
2026-04-15,SMD-0106,IEX,NSE:IEX-EQ,131.0,133.15,130.45,132.81,5378307,FYERS_HISTORY,2026-08-05T19:56:03+05:30
2026-04-16,SMD-0106,IEX,NSE:IEX-EQ,134.38,135.0,132.3,134.41,6084951,FYERS_HISTORY,2026-08-05T19:56:03+05:30
2026-04-17,SMD-0106,IEX,NSE:IEX-EQ,134.76,136.8,134.41,135.81,5236151,FYERS_HISTORY,2026-08-05T19:56:03+05:30
2026-04-20,SMD-0106,IEX,NSE:IEX-EQ,132.89,132.89,124.2,124.99,37712304,FYERS_HISTORY,2026-08-05T19:56:03+05:30
2026-04-21,SMD-0106,IEX,NSE:IEX-EQ,124.2,127.24,124.2,126.06,8595940,FYERS_HISTORY,2026-08-05T19:56:03+05:30
2026-04-22,SMD-0106,IEX,NSE:IEX-EQ,126.47,126.85,125.36,125.78,5313933,FYERS_HISTORY,2026-08-05T19:56:03+05:30
2026-04-23,SMD-0106,IEX,NSE:IEX-EQ,125.8,128.05,125.05,126.92,12806668,FYERS_HISTORY,2026-08-05T19:56:03+05:30
2026-04-24,SMD-0106,IEX,NSE:IEX-EQ,128.4,129.7,122.34,123.23,18209699,FYERS_HISTORY,2026-08-05T19:56:03+05:30
2026-04-27,SMD-0106,IEX,NSE:IEX-EQ,123.19,127.3,122.38,126.45,13224493,FYERS_HISTORY,2026-08-05T19:56:03+05:30
2026-04-28,SMD-0106,IEX,NSE:IEX-EQ,126.41,127.64,125.0,125.94,11429852,FYERS_HISTORY,2026-08-05T19:56:03+05:30
2026-04-29,SMD-0106,IEX,NSE:IEX-EQ,126.6,127.48,125.65,126.05,6578749,FYERS_HISTORY,2026-08-05T19:56:03+05:30
2026-04-30,SMD-0106,IEX,NSE:IEX-EQ,125.7,125.92,123.8,125.19,5162770,FYERS_HISTORY,2026-08-05T19:56:03+05:30
2026-05-04,SMD-0106,IEX,NSE:IEX-EQ,125.5,127.38,125.34,126.97,6353864,FYERS_HISTORY,2026-08-05T19:56:03+05:30
2026-05-05,SMD-0106,IEX,NSE:IEX-EQ,126.55,128.78,125.79,127.62,5955524,FYERS_HISTORY,2026-08-05T19:56:03+05:30
2026-05-06,SMD-0106,IEX,NSE:IEX-EQ,129.07,129.98,128.34,129.8,6374150,FYERS_HISTORY,2026-08-05T19:56:03+05:30
2026-05-07,SMD-0106,IEX,NSE:IEX-EQ,130.0,134.15,129.51,133.81,8110310,FYERS_HISTORY,2026-08-05T19:56:03+05:30
2026-05-08,SMD-0106,IEX,NSE:IEX-EQ,134.15,134.82,132.6,134.12,5502299,FYERS_HISTORY,2026-08-05T19:56:03+05:30
2026-05-11,SMD-0106,IEX,NSE:IEX-EQ,133.76,137.34,130.17,130.71,12600107,FYERS_HISTORY,2026-08-05T19:56:03+05:30
2026-05-12,SMD-0106,IEX,NSE:IEX-EQ,130.0,131.25,127.0,127.21,4089154,FYERS_HISTORY,2026-08-05T19:56:03+05:30
2026-05-13,SMD-0106,IEX,NSE:IEX-EQ,127.2,128.81,125.69,127.53,9296236,FYERS_HISTORY,2026-08-05T19:56:03+05:30
2026-05-14,SMD-0106,IEX,NSE:IEX-EQ,128.01,129.55,126.0,128.44,4182230,FYERS_HISTORY,2026-08-05T19:56:03+05:30
2026-05-15,SMD-0106,IEX,NSE:IEX-EQ,127.02,127.5,125.0,125.27,3538830,FYERS_HISTORY,2026-08-05T19:56:03+05:30
2026-05-18,SMD-0106,IEX,NSE:IEX-EQ,124.0,124.39,121.47,123.5,3713342,FYERS_HISTORY,2026-08-05T19:56:03+05:30
2026-05-19,SMD-0106,IEX,NSE:IEX-EQ,123.5,126.22,123.4,125.48,2265620,FYERS_HISTORY,2026-08-05T19:56:03+05:30
2026-05-20,SMD-0106,IEX,NSE:IEX-EQ,124.5,125.91,123.93,125.62,2355166,FYERS_HISTORY,2026-08-05T19:56:03+05:30
2026-05-21,SMD-0106,IEX,NSE:IEX-EQ,126.21,127.25,125.78,127.05,2692159,FYERS_HISTORY,2026-08-05T19:56:03+05:30
2026-05-22,SMD-0106,IEX,NSE:IEX-EQ,127.05,128.69,125.53,127.07,3601437,FYERS_HISTORY,2026-08-05T19:56:03+05:30
2026-05-25,SMD-0106,IEX,NSE:IEX-EQ,127.7,129.69,127.25,127.58,2818769,FYERS_HISTORY,2026-08-05T19:56:03+05:30
2026-05-26,SMD-0106,IEX,NSE:IEX-EQ,127.37,127.99,126.69,127.47,3655073,FYERS_HISTORY,2026-08-05T19:56:03+05:30
2026-05-27,SMD-0106,IEX,NSE:IEX-EQ,127.3,128.77,125.71,126.59,3879387,FYERS_HISTORY,2026-08-05T19:56:03+05:30
2026-05-29,SMD-0106,IEX,NSE:IEX-EQ,126.48,129.8,126.43,128.31,7112020,FYERS_HISTORY,2026-08-05T19:56:03+05:30
2026-06-01,SMD-0106,IEX,NSE:IEX-EQ,128.9,129.22,125.0,125.39,4525379,FYERS_HISTORY,2026-08-05T19:56:03+05:30
2026-06-02,SMD-0106,IEX,NSE:IEX-EQ,125.0,125.49,122.65,125.25,4653647,FYERS_HISTORY,2026-08-05T19:56:03+05:30
2026-06-03,SMD-0106,IEX,NSE:IEX-EQ,125.5,125.96,122.5,123.28,4330386,FYERS_HISTORY,2026-08-05T19:56:03+05:30
2026-06-04,SMD-0106,IEX,NSE:IEX-EQ,124.58,126.45,123.51,124.07,10891971,FYERS_HISTORY,2026-08-05T19:56:03+05:30
2026-06-05,SMD-0106,IEX,NSE:IEX-EQ,124.07,124.99,122.2,122.38,5393034,FYERS_HISTORY,2026-08-05T19:56:03+05:30
2026-06-08,SMD-0106,IEX,NSE:IEX-EQ,121.85,121.9,118.1,118.96,5519558,FYERS_HISTORY,2026-08-05T19:56:03+05:30
2026-06-09,SMD-0106,IEX,NSE:IEX-EQ,119.55,120.65,118.8,120.06,5687146,FYERS_HISTORY,2026-08-05T19:56:03+05:30
2026-06-10,SMD-0106,IEX,NSE:IEX-EQ,120.66,121.0,118.34,118.75,3530844,FYERS_HISTORY,2026-08-05T19:56:03+05:30
2026-06-11,SMD-0106,IEX,NSE:IEX-EQ,118.51,118.98,116.8,117.07,3001894,FYERS_HISTORY,2026-08-05T19:56:03+05:30
2026-06-12,SMD-0106,IEX,NSE:IEX-EQ,118.12,121.1,118.12,120.84,3751542,FYERS_HISTORY,2026-08-05T19:56:03+05:30
2026-06-15,SMD-0106,IEX,NSE:IEX-EQ,123.5,124.63,122.69,122.95,4600519,FYERS_HISTORY,2026-08-05T19:56:03+05:30
2026-06-16,SMD-0106,IEX,NSE:IEX-EQ,123.15,124.35,123.0,123.57,2417276,FYERS_HISTORY,2026-08-05T19:56:03+05:30
2026-06-17,SMD-0106,IEX,NSE:IEX-EQ,123.82,125.6,123.26,124.18,4149348,FYERS_HISTORY,2026-08-05T19:56:03+05:30
2026-06-18,SMD-0106,IEX,NSE:IEX-EQ,124.18,125.2,123.34,123.56,4454823,FYERS_HISTORY,2026-08-05T19:56:03+05:30
2026-06-19,SMD-0106,IEX,NSE:IEX-EQ,123.04,123.49,122.25,122.78,2602240,FYERS_HISTORY,2026-08-05T19:56:03+05:30
2026-06-22,SMD-0106,IEX,NSE:IEX-EQ,122.78,127.93,122.78,125.68,11354470,FYERS_HISTORY,2026-08-05T19:56:03+05:30
2026-06-23,SMD-0106,IEX,NSE:IEX-EQ,125.9,128.65,124.48,124.8,5270343,FYERS_HISTORY,2026-08-05T19:56:03+05:30
2026-06-24,SMD-0106,IEX,NSE:IEX-EQ,124.8,125.99,124.01,125.21,3154649,FYERS_HISTORY,2026-08-05T19:56:03+05:30
2026-06-25,SMD-0106,IEX,NSE:IEX-EQ,125.6,127.18,124.7,125.0,4130819,FYERS_HISTORY,2026-08-05T19:56:03+05:30
2026-06-29,SMD-0106,IEX,NSE:IEX-EQ,124.86,125.5,123.4,124.81,12936308,FYERS_HISTORY,2026-08-05T19:56:03+05:30
2026-06-30,SMD-0106,IEX,NSE:IEX-EQ,125.2,125.6,123.55,125.13,4459189,FYERS_HISTORY,2026-08-05T19:56:03+05:30
2026-07-01,SMD-0106,IEX,NSE:IEX-EQ,125.09,126.22,123.54,123.86,2847858,FYERS_HISTORY,2026-08-05T19:56:03+05:30
2026-07-02,SMD-0106,IEX,NSE:IEX-EQ,123.0,124.1,122.8,123.5,2757544,FYERS_HISTORY,2026-08-05T19:56:03+05:30
2026-07-03,SMD-0106,IEX,NSE:IEX-EQ,124.5,125.02,123.25,123.94,2383738,FYERS_HISTORY,2026-08-05T19:56:03+05:30
2026-07-06,SMD-0106,IEX,NSE:IEX-EQ,123.94,124.25,122.13,123.69,2630088,FYERS_HISTORY,2026-08-05T19:56:03+05:30
2026-07-07,SMD-0106,IEX,NSE:IEX-EQ,123.4,123.64,122.15,122.46,2295194,FYERS_HISTORY,2026-08-05T19:56:03+05:30
2026-07-08,SMD-0106,IEX,NSE:IEX-EQ,122.0,122.13,116.26,116.81,10636495,FYERS_HISTORY,2026-08-05T19:56:03+05:30
2026-07-09,SMD-0106,IEX,NSE:IEX-EQ,117.35,118.9,116.9,117.85,8424314,FYERS_HISTORY,2026-08-05T19:56:03+05:30
2026-07-10,SMD-0106,IEX,NSE:IEX-EQ,118.52,120.65,118.43,119.64,7925614,FYERS_HISTORY,2026-08-05T19:56:03+05:30
2026-07-13,SMD-0106,IEX,NSE:IEX-EQ,118.99,118.99,117.9,118.8,3457138,FYERS_HISTORY,2026-08-05T19:56:03+05:30
2026-07-14,SMD-0106,IEX,NSE:IEX-EQ,118.3,118.57,116.26,117.07,4801175,FYERS_HISTORY,2026-08-05T19:56:03+05:30
2026-07-15,SMD-0106,IEX,NSE:IEX-EQ,117.5,120.7,117.5,118.89,5109783,FYERS_HISTORY,2026-08-05T19:56:03+05:30
2026-07-16,SMD-0106,IEX,NSE:IEX-EQ,119.06,125.88,118.65,124.74,19324459,FYERS_HISTORY,2026-08-05T19:56:03+05:30
2026-07-17,SMD-0106,IEX,NSE:IEX-EQ,125.4,126.8,122.5,122.8,6456184,FYERS_HISTORY,2026-08-05T19:56:03+05:30
2026-07-20,SMD-0106,IEX,NSE:IEX-EQ,122.0,125.98,120.91,125.7,7997069,FYERS_HISTORY,2026-08-05T19:56:03+05:30
2026-07-21,SMD-0106,IEX,NSE:IEX-EQ,125.41,125.82,123.5,124.43,3056951,FYERS_HISTORY,2026-08-05T19:56:03+05:30
2026-07-22,SMD-0106,IEX,NSE:IEX-EQ,125.15,125.7,122.25,123.48,2492269,FYERS_HISTORY,2026-08-05T19:56:03+05:30
2026-07-23,SMD-0106,IEX,NSE:IEX-EQ,123.16,124.83,121.62,121.94,4193047,FYERS_HISTORY,2026-08-05T19:56:03+05:30
2026-07-24,SMD-0106,IEX,NSE:IEX-EQ,120.5,125.7,120.49,124.26,10633033,FYERS_HISTORY,2026-08-05T19:56:03+05:30
2026-07-27,SMD-0106,IEX,NSE:IEX-EQ,125.21,129.49,124.5,126.77,14091109,FYERS_HISTORY,2026-08-05T19:56:03+05:30
2026-07-28,SMD-0106,IEX,NSE:IEX-EQ,126.7,132.5,126.51,132.11,16857892,FYERS_HISTORY,2026-08-05T19:56:03+05:30
2026-07-29,SMD-0106,IEX,NSE:IEX-EQ,132.96,134.76,131.8,134.19,8086757,FYERS_HISTORY,2026-08-05T19:56:03+05:30
2026-07-30,SMD-0106,IEX,NSE:IEX-EQ,134.0,134.1,131.0,131.4,5008822,FYERS_HISTORY,2026-08-05T19:56:03+05:30
2026-07-31,SMD-0106,IEX,NSE:IEX-EQ,131.89,133.5,131.05,132.24,3874458,FYERS_HISTORY,2026-08-05T19:56:03+05:30
2026-08-03,SMD-0106,IEX,NSE:IEX-EQ,133.0,133.8,126.01,128.0,18350173,FYERS_HISTORY,2026-08-05T19:56:03+05:30
2026-08-04,SMD-0106,IEX,NSE:IEX-EQ,128.0,129.49,126.8,129.2,4937910,FYERS_HISTORY,2026-08-05T19:56:03+05:30
2026-08-05,SMD-0106,IEX,NSE:IEX-EQ,130.29,130.95,129.08,129.59,3050031,FYERS_HISTORY,2026-08-05T19:56:03+05:30
2026-08-06,SMD-0106,IEX,NSE:IEX-EQ,129.59,130.32,127.74,128.83,2460962,FYERS_HISTORY,2026-08-08T23:19:29+05:30
2026-08-07,SMD-0106,IEX,NSE:IEX-EQ,128.26,128.67,126.52,127.1,2475559,FYERS_HISTORY,2026-08-08T23:19:29+05:30
