trade_date,segment,source,instrument,underlying,symbol,expiry,strike,option_type,open,high,low,close,last_price,settle_price,volume,turnover,open_interest,change_in_oi,source_row_number,source_provider,source_format,contract_type,aqsd_underlying
2026-06-18,FO,NSE,STF,ABCAPITAL,ABCAPITAL,2026-07-28,,,375.8,377.0,372.55,374.25,374.1,374.25,112,129883180.0,2560600,77500,25,NSE,UDIFF F&O BHAVCOPY,FUTURE,ABCAPITAL
2026-06-18,FO,NSE,STF,ABCAPITAL,ABCAPITAL,2026-06-30,,,376.0,376.0,370.3,372.0,372.35,372.0,1682,1941381045.0,43455800,-1453900,95,NSE,UDIFF F&O BHAVCOPY,FUTURE,ABCAPITAL
2026-06-18,FO,NSE,STF,ABCAPITAL,ABCAPITAL,2026-08-25,,,375.0,375.9,374.85,375.2,375.2,375.25,6,6977480.0,217000,9300,96,NSE,UDIFF F&O BHAVCOPY,FUTURE,ABCAPITAL
2026-06-18,FO,NSE,STF,ADANIENSOL,ADANIENSOL,2026-08-25,,,1513.8,1560.9,1509.3,1549.9,1560.9,1549.9,12,12454020.0,51975,675,141,NSE,UDIFF F&O BHAVCOPY,FUTURE,ADANIENSOL
2026-06-18,FO,NSE,STF,ADANIENSOL,ADANIENSOL,2026-07-28,,,1507.5,1554.9,1497.5,1543.1,1550.0,1543.1,346,357022890.0,391500,69525,178,NSE,UDIFF F&O BHAVCOPY,FUTURE,ADANIENSOL
2026-06-18,FO,NSE,STF,ADANIENSOL,ADANIENSOL,2026-06-30,,,1491.4,1546.9,1488.5,1533.7,1541.0,1533.7,3794,3899194402.5,20135250,395550,235,NSE,UDIFF F&O BHAVCOPY,FUTURE,ADANIENSOL
2026-06-18,FO,NSE,STF,GODFRYPHLP,GODFRYPHLP,2026-07-28,,,2274.7,2287.6,2264.0,2269.8,2266.2,2269.8,143,89448370.0,114950,9625,298,NSE,UDIFF F&O BHAVCOPY,FUTURE,GODFRYPHLP
2026-06-18,FO,NSE,STF,GODFRYPHLP,GODFRYPHLP,2026-06-30,,,2253.7,2291.8,2253.7,2270.3,2263.5,2270.3,793,495579920.0,2011625,27500,329,NSE,UDIFF F&O BHAVCOPY,FUTURE,GODFRYPHLP
2026-06-18,FO,NSE,STF,GODFRYPHLP,GODFRYPHLP,2026-08-25,,,2275.7,2275.7,2273.1,2273.1,2273.1,2299.4,3,1876490.0,18975,275,330,NSE,UDIFF F&O BHAVCOPY,FUTURE,GODFRYPHLP
2026-06-18,FO,NSE,STF,INDHOTEL,INDHOTEL,2026-07-28,,,703.2,713.5,703.2,712.5,713.05,712.5,390,276219100.0,4168000,175000,534,NSE,UDIFF F&O BHAVCOPY,FUTURE,INDHOTEL
2026-06-18,FO,NSE,STF,INDHOTEL,INDHOTEL,2026-06-30,,,699.5,709.3,697.25,708.6,708.85,708.6,2023,1425529700.0,21176000,-194000,573,NSE,UDIFF F&O BHAVCOPY,FUTURE,INDHOTEL
2026-06-18,FO,NSE,STF,INDHOTEL,INDHOTEL,2026-08-25,,,714.0,716.4,707.25,716.4,716.4,716.4,25,17802700.0,54000,2000,594,NSE,UDIFF F&O BHAVCOPY,FUTURE,INDHOTEL
2026-06-18,FO,NSE,STF,INDIANB,INDIANB,2026-06-30,,,879.0,885.0,874.15,876.5,876.75,876.5,2404,2114723650.0,14205000,-75000,733,NSE,UDIFF F&O BHAVCOPY,FUTURE,INDIANB
2026-06-18,FO,NSE,STF,INDIANB,INDIANB,2026-08-25,,,883.0,883.0,872.5,875.3,874.5,875.3,31,27230500.0,97000,20000,825,NSE,UDIFF F&O BHAVCOPY,FUTURE,INDIANB
2026-06-18,FO,NSE,STF,INDIANB,INDIANB,2026-07-28,,,876.75,883.0,872.0,874.35,874.1,874.35,1112,975918600.0,2348000,895000,944,NSE,UDIFF F&O BHAVCOPY,FUTURE,INDIANB
2026-06-18,FO,NSE,STF,INOXWIND,INOXWIND,2026-06-30,,,91.94,92.19,89.08,89.73,89.76,89.73,2082,669159419.5,88727925,207350,978,NSE,UDIFF F&O BHAVCOPY,FUTURE,INOXWIND
2026-06-18,FO,NSE,STF,INOXWIND,INOXWIND,2026-07-28,,,92.41,92.41,89.49,90.19,90.05,90.19,412,238729536.0,9657600,467200,1056,NSE,UDIFF F&O BHAVCOPY,FUTURE,INOXWIND
2026-06-18,FO,NSE,STF,INOXWIND,INOXWIND,2026-08-25,,,91.8,91.82,90.15,90.93,90.88,90.93,51,29646528.0,1964800,217600,1132,NSE,UDIFF F&O BHAVCOPY,FUTURE,INOXWIND
2026-06-18,FO,NSE,STF,JINDALSTEL,JINDALSTEL,2026-08-25,,,1160.0,1162.6,1144.0,1146.2,1146.2,1146.2,8,5751500.0,51250,2500,1185,NSE,UDIFF F&O BHAVCOPY,FUTURE,JINDALSTEL
2026-06-18,FO,NSE,STF,JINDALSTEL,JINDALSTEL,2026-07-28,,,1148.0,1157.4,1137.1,1143.0,1144.5,1143.0,265,189285375.0,350000,77500,1339,NSE,UDIFF F&O BHAVCOPY,FUTURE,JINDALSTEL
2026-06-18,FO,NSE,STF,JINDALSTEL,JINDALSTEL,2026-06-30,,,1141.0,1150.8,1130.1,1137.0,1138.0,1137.0,1900,1350356812.5,12709375,-162500,1379,NSE,UDIFF F&O BHAVCOPY,FUTURE,JINDALSTEL
2026-06-18,FO,NSE,STF,MPHASIS,MPHASIS,2026-06-30,,,2336.0,2367.0,2286.3,2338.6,2333.3,2338.6,2257,1451833460.0,4908475,-42900,1523,NSE,UDIFF F&O BHAVCOPY,FUTURE,MPHASIS
2026-06-18,FO,NSE,STF,MPHASIS,MPHASIS,2026-08-25,,,2387.0,2387.0,2371.3,2371.3,2371.3,2365.6,5,3266340.0,7700,1100,1524,NSE,UDIFF F&O BHAVCOPY,FUTURE,MPHASIS
2026-06-18,FO,NSE,STF,MPHASIS,MPHASIS,2026-07-28,,,2339.1,2378.9,2310.0,2350.0,2344.0,2350.0,156,100830757.5,80575,12375,1600,NSE,UDIFF F&O BHAVCOPY,FUTURE,MPHASIS
2026-06-18,FO,NSE,STF,NTPC,NTPC,2026-06-30,,,357.0,364.65,355.05,363.0,363.0,363.0,8277,4480286325.0,137730000,-570000,1656,NSE,UDIFF F&O BHAVCOPY,FUTURE,NTPC
2026-06-18,FO,NSE,STF,NTPC,NTPC,2026-08-25,,,361.0,367.95,358.6,366.5,366.5,366.5,132,72114300.0,727500,-3000,1657,NSE,UDIFF F&O BHAVCOPY,FUTURE,NTPC
2026-06-18,FO,NSE,STF,NTPC,NTPC,2026-07-28,,,359.45,366.5,357.3,365.2,365.35,365.2,1712,932332200.0,18571500,715500,1763,NSE,UDIFF F&O BHAVCOPY,FUTURE,NTPC
2026-06-18,FO,NSE,STF,PRESTIGE,PRESTIGE,2026-07-28,,,1534.0,1545.0,1508.0,1538.2,1536.5,1538.2,100,68748480.0,391950,5850,1917,NSE,UDIFF F&O BHAVCOPY,FUTURE,PRESTIGE
2026-06-18,FO,NSE,STF,PRESTIGE,PRESTIGE,2026-08-25,,,1520.0,1545.0,1515.0,1539.8,1539.8,1539.8,6,4133160.0,11700,1350,1963,NSE,UDIFF F&O BHAVCOPY,FUTURE,PRESTIGE
2026-06-18,FO,NSE,STF,PRESTIGE,PRESTIGE,2026-06-30,,,1520.0,1535.0,1497.0,1530.6,1523.2,1530.6,1552,1063790325.0,5520150,-10350,1993,NSE,UDIFF F&O BHAVCOPY,FUTURE,PRESTIGE
2026-06-18,FO,NSE,STF,RBLBANK,RBLBANK,2026-06-30,,,372.4,376.0,369.25,371.0,372.0,371.0,2372,2808380368.75,58407300,473075,2059,NSE,UDIFF F&O BHAVCOPY,FUTURE,RBLBANK
2026-06-18,FO,NSE,STF,RBLBANK,RBLBANK,2026-07-28,,,375.0,377.3,371.05,372.55,373.65,372.55,266,316356682.5,2898775,311150,2090,NSE,UDIFF F&O BHAVCOPY,FUTURE,RBLBANK
2026-06-18,FO,NSE,STF,RBLBANK,RBLBANK,2026-08-25,,,375.25,378.35,374.55,375.2,375.05,375.2,14,16715263.75,180975,22225,2166,NSE,UDIFF F&O BHAVCOPY,FUTURE,RBLBANK
2026-06-18,FO,NSE,STF,SHREECEM,SHREECEM,2026-07-28,,,25125.0,25410.0,24865.0,25395.0,25410.0,25395.0,83,52259625.0,13500,325,2200,NSE,UDIFF F&O BHAVCOPY,FUTURE,SHREECEM
2026-06-18,FO,NSE,STF,SHREECEM,SHREECEM,2026-08-25,,,25000.0,25290.0,25000.0,25290.0,25290.0,25290.0,4,2521500.0,800,25,2229,NSE,UDIFF F&O BHAVCOPY,FUTURE,SHREECEM
2026-06-18,FO,NSE,STF,SHREECEM,SHREECEM,2026-06-30,,,25055.0,25485.0,24910.0,25445.0,25435.0,25445.0,1249,788919625.0,395275,1800,2267,NSE,UDIFF F&O BHAVCOPY,FUTURE,SHREECEM
2026-06-18,FO,NSE,STF,TATAELXSI,TATAELXSI,2026-06-30,,,4109.7,4162.0,4052.0,4133.5,4124.4,4133.5,6010,2476847920.0,1574900,-218400,2383,NSE,UDIFF F&O BHAVCOPY,FUTURE,TATAELXSI
2026-06-18,FO,NSE,STF,TATAELXSI,TATAELXSI,2026-08-25,,,4078.0,4154.0,4067.0,4141.9,4138.0,4141.9,77,39633825.0,30625,1125,2444,NSE,UDIFF F&O BHAVCOPY,FUTURE,TATAELXSI
2026-06-18,FO,NSE,STF,TATAELXSI,TATAELXSI,2026-07-28,,,4054.4,4150.0,4040.0,4129.2,4124.9,4129.2,1567,803453912.5,330250,87750,2516,NSE,UDIFF F&O BHAVCOPY,FUTURE,TATAELXSI
2026-06-18,FO,NSE,STF,TATASTEEL,TATASTEEL,2026-08-25,,,201.26,203.0,200.75,202.82,202.98,202.82,102,56672275.0,1765500,44000,2532,NSE,UDIFF F&O BHAVCOPY,FUTURE,TATASTEEL
2026-06-18,FO,NSE,STF,TATASTEEL,TATASTEEL,2026-06-30,,,199.0,200.99,198.42,200.78,200.5,200.78,6219,3421463485.0,193184750,-489500,2548,NSE,UDIFF F&O BHAVCOPY,FUTURE,TATASTEEL
2026-06-18,FO,NSE,STF,TATASTEEL,TATASTEEL,2026-07-28,,,200.44,202.15,199.61,201.86,201.8,201.86,913,504721800.0,44478500,503250,2552,NSE,UDIFF F&O BHAVCOPY,FUTURE,TATASTEEL
2026-06-18,FO,NSE,STF,TCS,TCS,2026-08-25,,,2205.0,2218.4,2193.0,2209.6,2210.0,2209.6,470,232941307.5,767700,53325,2694,NSE,UDIFF F&O BHAVCOPY,FUTURE,TCS
2026-06-18,FO,NSE,STF,TCS,TCS,2026-07-28,,,2219.9,2219.9,2182.5,2198.8,2198.0,2198.8,4545,2243083905.0,5852925,522900,2695,NSE,UDIFF F&O BHAVCOPY,FUTURE,TCS
2026-06-18,FO,NSE,STF,TCS,TCS,2026-06-30,,,2218.0,2218.0,2184.0,2203.3,2201.0,2203.3,16826,6471349447.5,41036625,233975,2805,NSE,UDIFF F&O BHAVCOPY,FUTURE,TCS
2026-06-18,FO,NSE,STF,NESTLEIND,NESTLEIND,2026-06-30,,,1406.8,1415.9,1396.4,1404.5,1403.4,1404.5,1475,1036347800.0,12526000,129500,2938,NSE,UDIFF F&O BHAVCOPY,FUTURE,NESTLEIND
2026-06-18,FO,NSE,STF,NESTLEIND,NESTLEIND,2026-07-28,,,1410.0,1415.1,1400.6,1408.9,1407.0,1408.9,120,84508800.0,436000,36500,3047,NSE,UDIFF F&O BHAVCOPY,FUTURE,NESTLEIND
2026-06-18,FO,NSE,STF,NESTLEIND,NESTLEIND,2026-08-25,,,1420.0,1420.0,1407.4,1415.0,1415.0,1415.0,8,5658200.0,19000,1500,3123,NSE,UDIFF F&O BHAVCOPY,FUTURE,NESTLEIND
2026-06-18,FO,NSE,STF,AMBUJACEM,AMBUJACEM,2026-06-30,,,429.95,435.8,425.0,432.8,434.7,432.8,5434,2455925377.5,72682050,-92400,3208,NSE,UDIFF F&O BHAVCOPY,FUTURE,AMBUJACEM
2026-06-18,FO,NSE,STF,AMBUJACEM,AMBUJACEM,2026-08-25,,,435.0,439.5,430.0,437.45,439.5,437.45,55,28635180.0,430800,21600,3242,NSE,UDIFF F&O BHAVCOPY,FUTURE,AMBUJACEM
2026-06-18,FO,NSE,STF,AMBUJACEM,AMBUJACEM,2026-07-28,,,435.3,438.0,427.15,435.15,436.9,435.15,680,352218180.0,7119600,234000,3253,NSE,UDIFF F&O BHAVCOPY,FUTURE,AMBUJACEM
2026-06-18,FO,NSE,STF,APLAPOLLO,APLAPOLLO,2026-07-28,,,1869.9,1876.3,1855.7,1873.5,1868.1,1873.5,117,76423200.0,175350,15050,3341,NSE,UDIFF F&O BHAVCOPY,FUTURE,APLAPOLLO
2026-06-18,FO,NSE,STF,APLAPOLLO,APLAPOLLO,2026-06-30,,,1860.0,1868.0,1849.5,1863.4,1864.5,1863.4,607,395175095.0,5758900,-24850,3366,NSE,UDIFF F&O BHAVCOPY,FUTURE,APLAPOLLO
2026-06-18,FO,NSE,STF,APLAPOLLO,APLAPOLLO,2026-08-25,,,1868.0,1878.2,1868.0,1876.4,1873.0,1876.4,9,5893650.0,25200,-700,3384,NSE,UDIFF F&O BHAVCOPY,FUTURE,APLAPOLLO
2026-06-18,FO,NSE,STF,AUROPHARMA,AUROPHARMA,2026-06-30,,,1434.9,1449.9,1421.4,1447.1,1449.9,1447.1,1758,1392595765.0,17027450,-18150,3538,NSE,UDIFF F&O BHAVCOPY,FUTURE,AUROPHARMA
2026-06-18,FO,NSE,STF,AUROPHARMA,AUROPHARMA,2026-07-28,,,1442.8,1457.8,1436.0,1455.7,1457.6,1455.7,195,155263130.0,311850,15950,3581,NSE,UDIFF F&O BHAVCOPY,FUTURE,AUROPHARMA
2026-06-18,FO,NSE,STF,AUROPHARMA,AUROPHARMA,2026-08-25,,,1441.4,1463.2,1441.4,1463.2,1463.2,1463.2,19,15166415.0,13200,-2200,3582,NSE,UDIFF F&O BHAVCOPY,FUTURE,AUROPHARMA
2026-06-18,FO,NSE,STF,BAJAJHLDNG,BAJAJHLDNG,2026-07-28,,,10470.0,10675.0,10431.0,10633.0,10675.0,10633.0,86,68041425.0,10050,825,3607,NSE,UDIFF F&O BHAVCOPY,FUTURE,BAJAJHLDNG
2026-06-18,FO,NSE,STF,BAJAJHLDNG,BAJAJHLDNG,2026-08-25,,,10649.0,10719.0,10649.0,10684.0,10719.0,10684.0,2,1602600.0,1350,0,3670,NSE,UDIFF F&O BHAVCOPY,FUTURE,BAJAJHLDNG
2026-06-18,FO,NSE,STF,BAJAJHLDNG,BAJAJHLDNG,2026-06-30,,,10414.0,10597.0,10383.0,10558.0,10568.0,10558.0,705,370298200.0,309050,-6300,3671,NSE,UDIFF F&O BHAVCOPY,FUTURE,BAJAJHLDNG
2026-06-18,FO,NSE,IDF,BANKNIFTY,BANKNIFTY,2026-08-25,,,58221.0,58636.8,58181.2,58596.4,58626.0,58596.4,1391,2438549868.0,77160,4350,4251,NSE,UDIFF F&O BHAVCOPY,FUTURE,BANKNIFTY
2026-06-18,FO,NSE,IDF,BANKNIFTY,BANKNIFTY,2026-06-30,,,57591.0,58049.0,57525.2,57996.0,58048.0,57996.0,22759,39496612686.0,2100450,28470,4658,NSE,UDIFF F&O BHAVCOPY,FUTURE,BANKNIFTY
2026-06-18,FO,NSE,IDF,BANKNIFTY,BANKNIFTY,2026-07-28,,,57950.4,58362.2,57898.0,58325.2,58350.0,58325.2,3129,5460911010.0,266070,9330,4799,NSE,UDIFF F&O BHAVCOPY,FUTURE,BANKNIFTY
2026-06-18,FO,NSE,STF,BSE,BSE,2026-07-28,,,4007.0,4111.0,3971.0,4038.0,4044.3,4038.0,2607,2107504120.0,898600,8600,4952,NSE,UDIFF F&O BHAVCOPY,FUTURE,BSE
2026-06-18,FO,NSE,STF,BSE,BSE,2026-08-25,,,4045.4,4133.9,4000.0,4061.8,4065.3,4061.8,257,209050480.0,156000,7400,4998,NSE,UDIFF F&O BHAVCOPY,FUTURE,BSE
2026-06-18,FO,NSE,STF,BSE,BSE,2026-06-30,,,4007.2,4100.9,3957.3,4024.5,4024.9,4024.5,9928,14999695950.0,7487250,-543375,5016,NSE,UDIFF F&O BHAVCOPY,FUTURE,BSE
2026-06-18,FO,NSE,STF,CONCOR,CONCOR,2026-08-25,,,472.7,473.8,468.55,473.3,473.05,473.3,18,10610437.5,250000,11250,5150,NSE,UDIFF F&O BHAVCOPY,FUTURE,CONCOR
2026-06-18,FO,NSE,STF,CONCOR,CONCOR,2026-07-28,,,470.0,472.2,466.8,471.5,470.7,471.5,220,129092875.0,1783750,153750,5199,NSE,UDIFF F&O BHAVCOPY,FUTURE,CONCOR
2026-06-18,FO,NSE,STF,CONCOR,CONCOR,2026-06-30,,,470.0,470.0,464.0,468.25,468.2,468.25,793,462492875.0,27823750,-116250,5226,NSE,UDIFF F&O BHAVCOPY,FUTURE,CONCOR
2026-06-18,FO,NSE,STF,DALBHARAT,DALBHARAT,2026-07-28,,,1721.9,1735.5,1719.0,1730.1,1732.0,1730.1,86,48336957.5,254475,4550,5267,NSE,UDIFF F&O BHAVCOPY,FUTURE,DALBHARAT
2026-06-18,FO,NSE,STF,DALBHARAT,DALBHARAT,2026-08-25,,,1743.0,1743.0,1730.0,1731.0,1731.0,1747.2,5,2816450.0,13325,-325,5311,NSE,UDIFF F&O BHAVCOPY,FUTURE,DALBHARAT
2026-06-18,FO,NSE,STF,DALBHARAT,DALBHARAT,2026-06-30,,,1735.2,1735.2,1712.5,1727.6,1728.8,1727.6,619,347038867.5,4751500,26000,5393,NSE,UDIFF F&O BHAVCOPY,FUTURE,DALBHARAT
2026-06-18,FO,NSE,STF,EICHERMOT,EICHERMOT,2026-06-30,,,7570.0,7686.0,7560.0,7614.5,7614.5,7614.5,4063,3098490650.0,3415300,-47000,5427,NSE,UDIFF F&O BHAVCOPY,FUTURE,EICHERMOT
2026-06-18,FO,NSE,STF,EICHERMOT,EICHERMOT,2026-07-28,,,7596.0,7730.0,7596.0,7661.0,7658.0,7661.0,563,431583250.0,233900,16900,5528,NSE,UDIFF F&O BHAVCOPY,FUTURE,EICHERMOT
2026-06-18,FO,NSE,STF,EICHERMOT,EICHERMOT,2026-08-25,,,7622.0,7662.5,7606.0,7620.5,7626.0,7620.5,31,23673850.0,13600,100,5598,NSE,UDIFF F&O BHAVCOPY,FUTURE,EICHERMOT
2026-06-18,FO,NSE,STF,JIOFIN,JIOFIN,2026-07-28,,,245.43,247.6,244.35,246.3,247.6,246.3,1084,625740022.5,14386700,972900,5668,NSE,UDIFF F&O BHAVCOPY,FUTURE,JIOFIN
2026-06-18,FO,NSE,STF,JIOFIN,JIOFIN,2026-08-25,,,247.09,248.88,245.2,247.46,248.15,247.46,148,85775047.0,2345300,84600,5734,NSE,UDIFF F&O BHAVCOPY,FUTURE,JIOFIN
2026-06-18,FO,NSE,STF,JIOFIN,JIOFIN,2026-06-30,,,244.8,246.3,242.97,245.15,246.25,245.15,4307,2473585771.5,158531000,-1031650,5787,NSE,UDIFF F&O BHAVCOPY,FUTURE,JIOFIN
2026-06-18,FO,NSE,STF,KAYNES,KAYNES,2026-06-30,,,3160.0,3288.0,3152.1,3280.5,3240.4,3280.5,2314,752250870.0,3856400,-127300,5819,NSE,UDIFF F&O BHAVCOPY,FUTURE,KAYNES
2026-06-18,FO,NSE,STF,KAYNES,KAYNES,2026-08-25,,,3130.0,3159.0,3087.2,3159.0,3159.0,3159.0,35,16510335.0,44850,600,5888,NSE,UDIFF F&O BHAVCOPY,FUTURE,KAYNES
2026-06-18,FO,NSE,STF,KAYNES,KAYNES,2026-07-28,,,3181.4,3210.0,3135.5,3203.0,3208.0,3203.0,454,216119910.0,439200,49200,5922,NSE,UDIFF F&O BHAVCOPY,FUTURE,KAYNES
2026-06-18,FO,NSE,STF,KEI,KEI,2026-07-28,,,5641.0,5683.5,5590.0,5643.0,5648.0,5643.0,102,100489112.5,63350,2975,5995,NSE,UDIFF F&O BHAVCOPY,FUTURE,KEI
2026-06-18,FO,NSE,STF,KEI,KEI,2026-06-30,,,5649.0,5690.0,5588.5,5649.5,5653.5,5649.5,865,853752200.0,1343825,1400,6015,NSE,UDIFF F&O BHAVCOPY,FUTURE,KEI
2026-06-18,FO,NSE,STF,KEI,KEI,2026-08-25,,,5620.0,5673.0,5620.0,5660.0,5653.0,5660.0,4,3954825.0,5600,175,6036,NSE,UDIFF F&O BHAVCOPY,FUTURE,KEI
2026-06-18,FO,NSE,STF,MFSL,MFSL,2026-08-25,,,1680.9,1704.8,1680.9,1704.2,1703.6,1704.2,4,2714520.0,4000,-400,6265,NSE,UDIFF F&O BHAVCOPY,FUTURE,MFSL
2026-06-18,FO,NSE,STF,MFSL,MFSL,2026-07-28,,,1653.9,1708.9,1653.9,1701.6,1692.7,1701.6,128,86266920.0,50000,12400,6289,NSE,UDIFF F&O BHAVCOPY,FUTURE,MFSL
2026-06-18,FO,NSE,STF,MFSL,MFSL,2026-06-30,,,1628.1,1698.0,1628.1,1689.8,1684.6,1689.8,3219,2156412760.0,8904800,-348800,6301,NSE,UDIFF F&O BHAVCOPY,FUTURE,MFSL
2026-06-18,FO,NSE,STF,PERSISTENT,PERSISTENT,2026-08-25,,,4940.0,5008.0,4920.0,4938.0,4924.0,4938.0,72,44569375.0,47000,5250,6356,NSE,UDIFF F&O BHAVCOPY,FUTURE,PERSISTENT
2026-06-18,FO,NSE,STF,PERSISTENT,PERSISTENT,2026-06-30,,,5005.0,5029.5,4855.0,4951.0,4939.5,4951.0,6437,3190926400.0,3460600,33900,6510,NSE,UDIFF F&O BHAVCOPY,FUTURE,PERSISTENT
2026-06-18,FO,NSE,STF,PERSISTENT,PERSISTENT,2026-07-28,,,4970.0,5015.0,4900.0,4927.0,4924.0,4927.0,1053,650613312.5,279875,64250,6524,NSE,UDIFF F&O BHAVCOPY,FUTURE,PERSISTENT
2026-06-18,FO,NSE,STF,PNBHOUSING,PNBHOUSING,2026-06-30,,,1007.2,1011.0,997.2,1007.2,1007.4,1007.2,964,629106790.0,9827350,-5200,6606,NSE,UDIFF F&O BHAVCOPY,FUTURE,PNBHOUSING
2026-06-18,FO,NSE,STF,PNBHOUSING,PNBHOUSING,2026-08-25,,,1005.0,1010.0,1001.1,1010.0,1010.0,1016.4,6,3912675.0,16900,2600,6643,NSE,UDIFF F&O BHAVCOPY,FUTURE,PNBHOUSING
2026-06-18,FO,NSE,STF,PNBHOUSING,PNBHOUSING,2026-07-28,,,1013.0,1013.2,1002.0,1012.2,1012.2,1012.2,43,28132065.0,193700,15600,6687,NSE,UDIFF F&O BHAVCOPY,FUTURE,PNBHOUSING
2026-06-18,FO,NSE,STF,SBILIFE,SBILIFE,2026-08-25,,,1826.5,1826.5,1822.0,1825.0,1825.0,1830.1,6,4104337.5,20625,-375,6731,NSE,UDIFF F&O BHAVCOPY,FUTURE,SBILIFE
2026-06-18,FO,NSE,STF,SBILIFE,SBILIFE,2026-06-30,,,1795.8,1820.4,1795.8,1814.8,1812.4,1814.8,1932,1311181087.5,7767000,103125,6757,NSE,UDIFF F&O BHAVCOPY,FUTURE,SBILIFE
2026-06-18,FO,NSE,STF,SBILIFE,SBILIFE,2026-07-28,,,1821.0,1829.4,1809.7,1823.9,1821.2,1823.9,155,105725812.5,357375,18375,6790,NSE,UDIFF F&O BHAVCOPY,FUTURE,SBILIFE
2026-06-18,FO,NSE,STF,TIINDIA,TIINDIA,2026-08-25,,,3295.5,3295.5,3256.5,3256.5,3256.5,3297.0,3,1961700.0,2800,-200,6973,NSE,UDIFF F&O BHAVCOPY,FUTURE,TIINDIA
2026-06-18,FO,NSE,STF,TIINDIA,TIINDIA,2026-07-28,,,3286.0,3299.0,3246.6,3275.5,3274.2,3275.5,36,23478380.0,40000,1000,7087,NSE,UDIFF F&O BHAVCOPY,FUTURE,TIINDIA
2026-06-18,FO,NSE,STF,TIINDIA,TIINDIA,2026-06-30,,,3279.0,3295.0,3230.8,3263.2,3256.0,3263.2,452,294581420.0,2104600,200,7120,NSE,UDIFF F&O BHAVCOPY,FUTURE,TIINDIA
2026-06-18,FO,NSE,STF,TRENT,TRENT,2026-07-28,,,3119.0,3187.7,3101.0,3178.8,3183.0,3178.8,3200,2277304852.5,1505925,395325,7145,NSE,UDIFF F&O BHAVCOPY,FUTURE,TRENT
2026-06-18,FO,NSE,STF,TRENT,TRENT,2026-06-30,,,3119.0,3183.8,3096.5,3174.5,3176.2,3174.5,16447,7784423280.0,10423800,291150,7421,NSE,UDIFF F&O BHAVCOPY,FUTURE,TRENT
2026-06-18,FO,NSE,STF,TRENT,TRENT,2026-08-25,,,3120.0,3184.0,3100.0,3175.9,3184.0,3175.9,168,119273175.0,89325,6750,7425,NSE,UDIFF F&O BHAVCOPY,FUTURE,TRENT
2026-06-18,FO,NSE,STF,UNIONBANK,UNIONBANK,2026-08-25,,,176.31,179.8,176.31,178.49,178.8,178.49,78,61577769.0,1190325,137175,7593,NSE,UDIFF F&O BHAVCOPY,FUTURE,UNIONBANK
2026-06-18,FO,NSE,STF,UNIONBANK,UNIONBANK,2026-06-30,,,174.0,178.25,173.55,176.53,176.79,176.53,3905,3048464406.75,119899800,181425,7608,NSE,UDIFF F&O BHAVCOPY,FUTURE,UNIONBANK
2026-06-18,FO,NSE,STF,UNIONBANK,UNIONBANK,2026-07-28,,,175.14,178.9,174.32,177.51,177.78,177.51,751,588995554.5,5354250,561975,7614,NSE,UDIFF F&O BHAVCOPY,FUTURE,UNIONBANK
2026-06-18,FO,NSE,STF,YESBANK,YESBANK,2026-07-28,,,25.49,25.98,25.27,25.66,25.66,25.66,2120,1695379802.0,203891600,20526000,7642,NSE,UDIFF F&O BHAVCOPY,FUTURE,YESBANK
2026-06-18,FO,NSE,STF,YESBANK,YESBANK,2026-06-30,,,25.34,25.84,25.17,25.51,25.5,25.51,6170,4905542328.0,1137233700,-25688600,7650,NSE,UDIFF F&O BHAVCOPY,FUTURE,YESBANK
2026-06-18,FO,NSE,STF,YESBANK,YESBANK,2026-08-25,,,25.51,26.1,25.51,25.81,25.82,25.81,256,205661190.0,30104800,3296600,7690,NSE,UDIFF F&O BHAVCOPY,FUTURE,YESBANK
2026-06-18,FO,NSE,STF,ADANIPOWER,ADANIPOWER,2026-07-28,,,224.44,234.42,221.5,232.88,234.13,232.88,1579,1283495329.0,14359750,1537150,7728,NSE,UDIFF F&O BHAVCOPY,FUTURE,ADANIPOWER
2026-06-18,FO,NSE,STF,ADANIPOWER,ADANIPOWER,2026-08-25,,,225.4,235.57,223.0,233.61,235.11,233.61,169,137621607.5,1320600,230750,7797,NSE,UDIFF F&O BHAVCOPY,FUTURE,ADANIPOWER
2026-06-18,FO,NSE,STF,ADANIPOWER,ADANIPOWER,2026-06-30,,,221.8,233.06,220.16,231.77,232.68,231.77,12196,9873411088.0,120756800,4164150,7825,NSE,UDIFF F&O BHAVCOPY,FUTURE,ADANIPOWER
2026-06-18,FO,NSE,STF,CDSL,CDSL,2026-07-28,,,1299.4,1404.2,1298.0,1359.6,1361.8,1359.6,3497,2270967685.0,1889550,369550,7900,NSE,UDIFF F&O BHAVCOPY,FUTURE,CDSL
2026-06-18,FO,NSE,STF,CDSL,CDSL,2026-06-30,,,1299.4,1402.0,1293.6,1355.0,1356.0,1355.0,13174,8516254195.0,8209425,-887775,7925,NSE,UDIFF F&O BHAVCOPY,FUTURE,CDSL
2026-06-18,FO,NSE,STF,CDSL,CDSL,2026-08-25,,,1298.0,1402.0,1297.3,1357.9,1358.0,1357.9,606,393118930.0,648375,25650,7943,NSE,UDIFF F&O BHAVCOPY,FUTURE,CDSL
2026-06-18,FO,NSE,STF,INDIGO,INDIGO,2026-07-28,,,4926.0,5050.0,4913.7,5044.0,5048.5,5044.0,1171,877568595.0,266550,24450,8041,NSE,UDIFF F&O BHAVCOPY,FUTURE,INDIGO
2026-06-18,FO,NSE,STF,INDIGO,INDIGO,2026-06-30,,,4898.0,5024.9,4886.0,5016.6,5018.0,5016.6,9318,6937035915.0,7206750,128700,8042,NSE,UDIFF F&O BHAVCOPY,FUTURE,INDIGO
2026-06-18,FO,NSE,STF,INDIGO,INDIGO,2026-08-25,,,4950.0,5075.0,4946.0,5067.2,5066.8,5067.2,113,85056345.0,37350,-1650,8136,NSE,UDIFF F&O BHAVCOPY,FUTURE,INDIGO
2026-06-18,FO,NSE,STF,NYKAA,NYKAA,2026-08-25,,,288.8,305.25,287.7,301.3,301.15,301.3,43,40231406.25,103125,31250,8167,NSE,UDIFF F&O BHAVCOPY,FUTURE,NYKAA
2026-06-18,FO,NSE,STF,NYKAA,NYKAA,2026-06-30,,,283.05,304.4,282.35,299.45,299.65,299.45,12296,11390833281.25,50703125,4437500,8307,NSE,UDIFF F&O BHAVCOPY,FUTURE,NYKAA
2026-06-18,FO,NSE,STF,NYKAA,NYKAA,2026-07-28,,,285.75,304.5,285.75,300.85,300.85,300.85,1141,1062530781.25,1268750,696875,8358,NSE,UDIFF F&O BHAVCOPY,FUTURE,NYKAA
2026-06-18,FO,NSE,STF,PAGEIND,PAGEIND,2026-07-28,,,39510.0,40415.0,39390.0,40170.0,40120.0,40170.0,117,93768900.0,8080,800,8401,NSE,UDIFF F&O BHAVCOPY,FUTURE,PAGEIND
2026-06-18,FO,NSE,STF,PAGEIND,PAGEIND,2026-08-25,,,40200.0,40300.0,40055.0,40245.0,40175.0,40245.0,10,8032900.0,420,60,8545,NSE,UDIFF F&O BHAVCOPY,FUTURE,PAGEIND
2026-06-18,FO,NSE,STF,PAGEIND,PAGEIND,2026-06-30,,,39495.0,40335.0,39315.0,40110.0,40045.0,40110.0,2605,1563978075.0,275295,-1005,8548,NSE,UDIFF F&O BHAVCOPY,FUTURE,PAGEIND
2026-06-18,FO,NSE,STF,TITAN,TITAN,2026-07-28,,,4404.5,4418.4,4360.0,4411.5,4412.0,4411.5,347,266775862.5,1010800,7350,8684,NSE,UDIFF F&O BHAVCOPY,FUTURE,TITAN
2026-06-18,FO,NSE,STF,TITAN,TITAN,2026-08-25,,,4428.7,4446.2,4380.2,4436.1,4431.8,4436.1,73,56463575.0,44100,3675,8748,NSE,UDIFF F&O BHAVCOPY,FUTURE,TITAN
2026-06-18,FO,NSE,STF,TITAN,TITAN,2026-06-30,,,4399.0,4414.7,4342.2,4391.7,4390.2,4391.7,3215,2460948560.0,7669550,21350,8755,NSE,UDIFF F&O BHAVCOPY,FUTURE,TITAN
2026-06-18,FO,NSE,STF,ABB,ABB,2026-08-25,,,7176.5,7250.0,7100.0,7232.0,7215.0,7232.0,45,40376625.0,16000,1125,8776,NSE,UDIFF F&O BHAVCOPY,FUTURE,ABB
2026-06-18,FO,NSE,STF,ABB,ABB,2026-07-28,,,7169.0,7247.0,7075.0,7225.5,7246.0,7225.5,342,306727375.0,247625,10500,8786,NSE,UDIFF F&O BHAVCOPY,FUTURE,ABB
2026-06-18,FO,NSE,STF,ABB,ABB,2026-06-30,,,7155.0,7262.0,7082.0,7233.0,7249.0,7233.0,2314,2079405062.5,2244625,-16875,8829,NSE,UDIFF F&O BHAVCOPY,FUTURE,ABB
2026-06-18,FO,NSE,STF,BDL,BDL,2026-07-28,,,1297.0,1306.2,1284.0,1298.4,1296.6,1298.4,702,386895860.0,1377850,100725,9014,NSE,UDIFF F&O BHAVCOPY,FUTURE,BDL
2026-06-18,FO,NSE,STF,BDL,BDL,2026-08-25,,,1288.0,1295.0,1269.4,1291.0,1289.0,1291.0,74,40469690.0,147475,10625,9109,NSE,UDIFF F&O BHAVCOPY,FUTURE,BDL
2026-06-18,FO,NSE,STF,BDL,BDL,2026-06-30,,,1313.6,1322.9,1297.7,1314.0,1310.5,1314.0,2024,929333020.0,5740700,-83300,9133,NSE,UDIFF F&O BHAVCOPY,FUTURE,BDL
2026-06-18,FO,NSE,STF,BEL,BEL,2026-07-28,,,425.55,433.2,424.45,431.35,430.9,431.35,2594,1587066675.0,11488350,350550,9182,NSE,UDIFF F&O BHAVCOPY,FUTURE,BEL
2026-06-18,FO,NSE,STF,BEL,BEL,2026-06-30,,,423.6,430.9,422.2,429.15,428.7,429.15,14143,8598237888.75,110940525,-1838250,9221,NSE,UDIFF F&O BHAVCOPY,FUTURE,BEL
2026-06-18,FO,NSE,STF,BEL,BEL,2026-08-25,,,427.5,434.65,426.3,433.45,433.0,433.45,364,223509825.0,1282500,21375,9241,NSE,UDIFF F&O BHAVCOPY,FUTURE,BEL
2026-06-18,FO,NSE,STF,BHEL,BHEL,2026-06-30,,,394.0,410.75,392.45,406.35,406.45,406.35,7680,8131306181.25,108341625,-3748500,9337,NSE,UDIFF F&O BHAVCOPY,FUTURE,BHEL
2026-06-18,FO,NSE,STF,BHEL,BHEL,2026-08-25,,,399.55,413.15,397.0,409.7,409.35,409.7,125,133450406.25,553875,52500,9374,NSE,UDIFF F&O BHAVCOPY,FUTURE,BHEL
2026-06-18,FO,NSE,STF,BHEL,BHEL,2026-07-28,,,396.75,413.25,395.0,408.85,408.05,408.85,1573,1683756506.25,4945500,2147250,9512,NSE,UDIFF F&O BHAVCOPY,FUTURE,BHEL
2026-06-18,FO,NSE,STF,CGPOWER,CGPOWER,2026-07-28,,,971.0,974.95,952.25,963.1,962.5,963.1,497,406185250.0,2963950,146200,9672,NSE,UDIFF F&O BHAVCOPY,FUTURE,CGPOWER
2026-06-18,FO,NSE,STF,CGPOWER,CGPOWER,2026-06-30,,,970.05,972.45,946.95,958.15,958.15,958.15,3105,2524854237.5,19459050,-4250,9726,NSE,UDIFF F&O BHAVCOPY,FUTURE,CGPOWER
2026-06-18,FO,NSE,STF,CGPOWER,CGPOWER,2026-08-25,,,975.6,975.6,958.0,968.45,966.4,968.45,53,43445795.0,124950,14450,9731,NSE,UDIFF F&O BHAVCOPY,FUTURE,CGPOWER
2026-06-18,FO,NSE,STF,GMRAIRPORT,GMRAIRPORT,2026-07-28,,,110.52,112.0,109.21,111.56,111.26,111.56,514,398323626.75,7233075,837000,9758,NSE,UDIFF F&O BHAVCOPY,FUTURE,GMRAIRPORT
2026-06-18,FO,NSE,STF,GMRAIRPORT,GMRAIRPORT,2026-06-30,,,109.2,111.54,108.5,110.97,110.84,110.97,3022,2324797771.5,141836625,-1980900,9861,NSE,UDIFF F&O BHAVCOPY,FUTURE,GMRAIRPORT
2026-06-18,FO,NSE,STF,GMRAIRPORT,GMRAIRPORT,2026-08-25,,,111.05,112.4,110.04,112.12,112.17,112.12,39,30361686.75,864900,34875,9892,NSE,UDIFF F&O BHAVCOPY,FUTURE,GMRAIRPORT
2026-06-18,FO,NSE,STF,HAL,HAL,2026-06-30,,,4494.2,4499.7,4400.3,4426.6,4426.7,4426.6,5082,3382363710.0,6277500,7950,10002,NSE,UDIFF F&O BHAVCOPY,FUTURE,HAL
2026-06-18,FO,NSE,STF,HAL,HAL,2026-07-28,,,4504.0,4505.8,4425.0,4452.5,4452.0,4452.5,931,623212005.0,514650,37050,10019,NSE,UDIFF F&O BHAVCOPY,FUTURE,HAL
2026-06-18,FO,NSE,STF,HAL,HAL,2026-08-25,,,4520.0,4530.6,4435.1,4465.2,4464.9,4465.2,164,110060715.0,80400,12150,10065,NSE,UDIFF F&O BHAVCOPY,FUTURE,HAL
2026-06-18,FO,NSE,STF,HCLTECH,HCLTECH,2026-08-25,,,1137.4,1157.0,1133.7,1149.0,1145.7,1149.0,176,80780560.0,450800,23200,10104,NSE,UDIFF F&O BHAVCOPY,FUTURE,HCLTECH
2026-06-18,FO,NSE,STF,HCLTECH,HCLTECH,2026-06-30,,,1152.0,1166.5,1136.4,1158.7,1156.9,1158.7,9283,3753761375.0,37693600,1037050,10161,NSE,UDIFF F&O BHAVCOPY,FUTURE,HCLTECH
2026-06-18,FO,NSE,STF,HCLTECH,HCLTECH,2026-07-28,,,1150.6,1155.9,1129.6,1146.5,1145.8,1146.5,3161,1446263440.0,3510400,604800,10203,NSE,UDIFF F&O BHAVCOPY,FUTURE,HCLTECH
2026-06-18,FO,NSE,STF,JUBLFOOD,JUBLFOOD,2026-07-28,,,424.1,425.9,421.7,424.0,423.6,424.0,424,224231375.0,2687500,335000,10363,NSE,UDIFF F&O BHAVCOPY,FUTURE,JUBLFOOD
2026-06-18,FO,NSE,STF,JUBLFOOD,JUBLFOOD,2026-06-30,,,425.5,426.15,421.75,424.4,424.3,424.4,1368,724086062.5,28391250,-55000,10365,NSE,UDIFF F&O BHAVCOPY,FUTURE,JUBLFOOD
2026-06-18,FO,NSE,STF,JUBLFOOD,JUBLFOOD,2026-08-25,,,424.85,426.05,422.0,424.65,424.25,424.65,33,17484187.5,312500,18750,10512,NSE,UDIFF F&O BHAVCOPY,FUTURE,JUBLFOOD
2026-06-18,FO,NSE,STF,OBEROIRLTY,OBEROIRLTY,2026-07-28,,,1716.5,1719.1,1683.1,1703.5,1704.4,1703.5,163,96982900.0,134400,-2100,10548,NSE,UDIFF F&O BHAVCOPY,FUTURE,OBEROIRLTY
2026-06-18,FO,NSE,STF,OBEROIRLTY,OBEROIRLTY,2026-06-30,,,1692.4,1717.0,1686.2,1702.2,1703.3,1702.2,1244,741364435.0,6661200,24150,10579,NSE,UDIFF F&O BHAVCOPY,FUTURE,OBEROIRLTY
2026-06-18,FO,NSE,STF,OBEROIRLTY,OBEROIRLTY,2026-08-25,,,1718.7,1718.7,1692.9,1716.6,1716.6,1715.3,8,4767455.0,14350,1050,10616,NSE,UDIFF F&O BHAVCOPY,FUTURE,OBEROIRLTY
2026-06-18,FO,NSE,STF,ONGC,ONGC,2026-08-25,,,249.75,249.75,246.6,248.6,248.65,248.6,58,32364562.5,1156500,76500,10742,NSE,UDIFF F&O BHAVCOPY,FUTURE,ONGC
2026-06-18,FO,NSE,STF,ONGC,ONGC,2026-06-30,,,246.85,247.25,244.15,245.65,245.75,245.65,3001,1657850625.0,88143750,429750,10812,NSE,UDIFF F&O BHAVCOPY,FUTURE,ONGC
2026-06-18,FO,NSE,STF,ONGC,ONGC,2026-07-28,,,248.5,248.7,245.4,247.05,247.1,247.05,664,368707725.0,11247750,938250,10833,NSE,UDIFF F&O BHAVCOPY,FUTURE,ONGC
2026-06-18,FO,NSE,STF,PNB,PNB,2026-08-25,,,110.6,111.53,110.48,111.23,111.32,111.23,136,120787840.0,3480000,248000,11023,NSE,UDIFF F&O BHAVCOPY,FUTURE,PNB
2026-06-18,FO,NSE,STF,PNB,PNB,2026-06-30,,,109.83,110.65,109.13,109.99,110.04,109.99,3192,2805055200.0,281184000,-3872000,11077,NSE,UDIFF F&O BHAVCOPY,FUTURE,PNB
2026-06-18,FO,NSE,STF,PNB,PNB,2026-07-28,,,110.05,111.21,109.8,110.63,110.6,110.63,721,636743760.0,31912000,1784000,11078,NSE,UDIFF F&O BHAVCOPY,FUTURE,PNB
2026-06-18,FO,NSE,STF,POWERGRID,POWERGRID,2026-07-28,,,289.3,291.4,286.0,291.05,291.4,291.05,402,220766415.0,12460200,271700,11096,NSE,UDIFF F&O BHAVCOPY,FUTURE,POWERGRID
2026-06-18,FO,NSE,STF,POWERGRID,POWERGRID,2026-06-30,,,287.35,289.8,284.3,289.35,289.5,289.35,3469,1895824180.0,71082800,760000,11179,NSE,UDIFF F&O BHAVCOPY,FUTURE,POWERGRID
2026-06-18,FO,NSE,STF,POWERGRID,POWERGRID,2026-08-25,,,289.0,291.45,287.0,291.1,291.3,291.1,51,28070885.0,326800,-1900,11254,NSE,UDIFF F&O BHAVCOPY,FUTURE,POWERGRID
2026-06-18,FO,NSE,STF,SONACOMS,SONACOMS,2026-08-25,,,608.0,608.0,608.0,608.0,608.0,612.6,1,744800.0,40425,0,11323,NSE,UDIFF F&O BHAVCOPY,FUTURE,SONACOMS
2026-06-18,FO,NSE,STF,SONACOMS,SONACOMS,2026-06-30,,,600.05,606.4,598.65,604.45,605.0,604.45,1739,1282887742.5,16593850,-218050,11336,NSE,UDIFF F&O BHAVCOPY,FUTURE,SONACOMS
2026-06-18,FO,NSE,STF,SONACOMS,SONACOMS,2026-07-28,,,604.5,609.05,602.5,608.05,607.1,608.05,121,89864836.25,309925,57575,11411,NSE,UDIFF F&O BHAVCOPY,FUTURE,SONACOMS
2026-06-18,FO,NSE,STF,AXISBANK,AXISBANK,2026-08-25,,,1372.9,1381.0,1364.6,1378.9,1378.9,1378.9,91,78187125.0,340625,26250,11562,NSE,UDIFF F&O BHAVCOPY,FUTURE,AXISBANK
2026-06-18,FO,NSE,STF,AXISBANK,AXISBANK,2026-06-30,,,1355.1,1369.7,1350.0,1365.1,1365.4,1365.1,9904,8423579187.5,54646250,-612500,11576,NSE,UDIFF F&O BHAVCOPY,FUTURE,AXISBANK
2026-06-18,FO,NSE,STF,AXISBANK,AXISBANK,2026-07-28,,,1365.1,1376.0,1356.7,1371.5,1370.0,1371.5,756,646313937.5,9658125,260625,11596,NSE,UDIFF F&O BHAVCOPY,FUTURE,AXISBANK
2026-06-18,FO,NSE,STF,COCHINSHIP,COCHINSHIP,2026-08-25,,,1503.2,1503.2,1420.0,1447.9,1447.9,1447.9,101,59576760.0,67200,20800,11705,NSE,UDIFF F&O BHAVCOPY,FUTURE,COCHINSHIP
2026-06-18,FO,NSE,STF,COCHINSHIP,COCHINSHIP,2026-06-30,,,1510.0,1513.5,1435.0,1461.4,1460.8,1461.4,5305,3137877760.0,4524000,484800,11751,NSE,UDIFF F&O BHAVCOPY,FUTURE,COCHINSHIP
2026-06-18,FO,NSE,STF,COCHINSHIP,COCHINSHIP,2026-07-28,,,1505.0,1508.4,1425.7,1451.7,1451.0,1451.7,2666,1565628480.0,1628800,548000,11757,NSE,UDIFF F&O BHAVCOPY,FUTURE,COCHINSHIP
2026-06-18,FO,NSE,STF,ETERNAL,ETERNAL,2026-08-25,,,262.75,262.75,258.65,261.8,262.05,261.8,84,53115502.5,1923025,77600,11926,NSE,UDIFF F&O BHAVCOPY,FUTURE,ETERNAL
2026-06-18,FO,NSE,STF,ETERNAL,ETERNAL,2026-07-28,,,261.5,261.95,257.2,260.55,260.5,260.55,634,398773790.0,13327800,417100,12018,NSE,UDIFF F&O BHAVCOPY,FUTURE,ETERNAL
2026-06-18,FO,NSE,STF,ETERNAL,ETERNAL,2026-06-30,,,259.95,260.45,255.6,259.05,259.3,259.05,5764,3605173295.0,219421275,-3120975,12019,NSE,UDIFF F&O BHAVCOPY,FUTURE,ETERNAL
2026-06-18,FO,NSE,STF,GVT&D,GVT&D,2026-08-25,,,5100.0,5335.0,5100.0,5300.5,5300.5,5300.5,17,11189312.5,4500,750,12043,NSE,UDIFF F&O BHAVCOPY,FUTURE,GVT&D
2026-06-18,FO,NSE,STF,GVT&D,GVT&D,2026-07-28,,,5202.0,5309.5,5080.5,5293.0,5271.5,5293.0,242,158415062.5,38250,9125,12069,NSE,UDIFF F&O BHAVCOPY,FUTURE,GVT&D
2026-06-18,FO,NSE,STF,GVT&D,GVT&D,2026-06-30,,,5155.0,5283.5,5049.0,5264.0,5248.5,5264.0,1733,1124885437.5,974125,24125,12097,NSE,UDIFF F&O BHAVCOPY,FUTURE,GVT&D
2026-06-18,FO,NSE,STF,HINDPETRO,HINDPETRO,2026-08-25,,,408.85,411.1,404.3,406.55,406.5,406.55,41,33827523.75,481950,36450,12144,NSE,UDIFF F&O BHAVCOPY,FUTURE,HINDPETRO
2026-06-18,FO,NSE,STF,HINDPETRO,HINDPETRO,2026-07-28,,,408.5,409.6,402.05,404.65,405.25,404.65,488,400859887.5,5896800,429300,12238,NSE,UDIFF F&O BHAVCOPY,FUTURE,HINDPETRO
2026-06-18,FO,NSE,STF,HINDPETRO,HINDPETRO,2026-06-30,,,406.0,407.55,399.55,402.2,401.85,402.2,2080,1697355202.5,36727425,-162000,12255,NSE,UDIFF F&O BHAVCOPY,FUTURE,HINDPETRO
2026-06-18,FO,NSE,STF,IDFCFIRSTB,IDFCFIRSTB,2026-08-25,,,78.35,79.3,77.86,79.06,78.96,79.06,167,122004463.0,6371925,723450,12296,NSE,UDIFF F&O BHAVCOPY,FUTURE,IDFCFIRSTB
2026-06-18,FO,NSE,STF,IDFCFIRSTB,IDFCFIRSTB,2026-06-30,,,77.66,78.67,77.15,78.39,78.4,78.39,6874,4976320758.5,357504875,-25515525,12344,NSE,UDIFF F&O BHAVCOPY,FUTURE,IDFCFIRSTB
2026-06-18,FO,NSE,STF,IDFCFIRSTB,IDFCFIRSTB,2026-07-28,,,77.9,78.93,77.46,78.65,78.54,78.65,4295,3123339647.75,68041400,33315800,12365,NSE,UDIFF F&O BHAVCOPY,FUTURE,IDFCFIRSTB
2026-06-18,FO,NSE,STF,LODHA,LODHA,2026-07-28,,,924.0,940.35,921.25,931.65,931.05,931.65,370,215305843.75,376250,28750,12437,NSE,UDIFF F&O BHAVCOPY,FUTURE,LODHA
2026-06-18,FO,NSE,STF,LODHA,LODHA,2026-06-30,,,911.25,936.0,911.25,928.95,928.0,928.95,3967,1650252982.5,12922650,8100,12465,NSE,UDIFF F&O BHAVCOPY,FUTURE,LODHA
2026-06-18,FO,NSE,STF,LODHA,LODHA,2026-08-25,,,931.15,938.0,930.9,934.65,938.0,934.65,10,5834687.5,41875,1875,12567,NSE,UDIFF F&O BHAVCOPY,FUTURE,LODHA
2026-06-18,FO,NSE,STF,TVSMOTOR,TVSMOTOR,2026-06-30,,,3453.6,3480.0,3453.6,3466.8,3469.1,3466.8,1734,1051815502.5,11836125,-10500,12640,NSE,UDIFF F&O BHAVCOPY,FUTURE,TVSMOTOR
2026-06-18,FO,NSE,STF,TVSMOTOR,TVSMOTOR,2026-07-28,,,3481.7,3495.0,3474.0,3488.9,3488.5,3488.9,112,68321557.5,637525,2625,12770,NSE,UDIFF F&O BHAVCOPY,FUTURE,TVSMOTOR
2026-06-18,FO,NSE,STF,TVSMOTOR,TVSMOTOR,2026-08-25,,,3490.1,3510.4,3490.0,3507.2,3510.4,3507.2,14,8567072.5,11900,-1925,12797,NSE,UDIFF F&O BHAVCOPY,FUTURE,TVSMOTOR
2026-06-18,FO,NSE,STF,BAJAJ-AUTO,BAJAJ-AUTO,2026-06-30,,,9929.0,9999.0,9891.0,9982.0,9975.0,9982.0,6454,4824161850.0,3213750,-26700,12993,NSE,UDIFF F&O BHAVCOPY,FUTURE,BAJAJ-AUTO
2026-06-18,FO,NSE,STF,BAJAJ-AUTO,BAJAJ-AUTO,2026-08-25,,,9852.0,9930.0,9750.0,9878.0,9911.0,9878.0,43,31765350.0,15600,900,13025,NSE,UDIFF F&O BHAVCOPY,FUTURE,BAJAJ-AUTO
2026-06-18,FO,NSE,STF,BAJAJ-AUTO,BAJAJ-AUTO,2026-07-28,,,9814.0,9916.0,9715.0,9882.0,9885.0,9882.0,4002,2958306750.0,322800,78825,13053,NSE,UDIFF F&O BHAVCOPY,FUTURE,BAJAJ-AUTO
2026-06-18,FO,NSE,STF,CIPLA,CIPLA,2026-07-28,,,1360.0,1376.5,1360.0,1368.8,1370.1,1368.8,529,307177377.5,2144550,141950,13115,NSE,UDIFF F&O BHAVCOPY,FUTURE,CIPLA
2026-06-18,FO,NSE,STF,CIPLA,CIPLA,2026-06-30,,,1353.5,1367.6,1353.5,1361.3,1364.0,1361.3,1869,952632675.0,14403750,-8625,13137,NSE,UDIFF F&O BHAVCOPY,FUTURE,CIPLA
2026-06-18,FO,NSE,STF,CIPLA,CIPLA,2026-08-25,,,1378.8,1379.0,1369.4,1375.9,1376.5,1375.9,18,10522405.0,26350,2125,13168,NSE,UDIFF F&O BHAVCOPY,FUTURE,CIPLA
2026-06-18,FO,NSE,STF,DLF,DLF,2026-06-30,,,625.8,646.0,624.6,643.35,643.65,643.35,6838,3593670506.25,42671475,258225,13312,NSE,UDIFF F&O BHAVCOPY,FUTURE,DLF
2026-06-18,FO,NSE,STF,DLF,DLF,2026-07-28,,,627.85,646.8,625.25,644.35,643.35,644.35,902,545948992.5,1473450,239400,13373,NSE,UDIFF F&O BHAVCOPY,FUTURE,DLF
2026-06-18,FO,NSE,STF,DLF,DLF,2026-08-25,,,628.85,646.6,624.4,643.35,644.0,643.35,518,311872982.5,2343650,345800,13493,NSE,UDIFF F&O BHAVCOPY,FUTURE,DLF
2026-06-18,FO,NSE,STF,DRREDDY,DRREDDY,2026-08-25,,,1270.0,1283.0,1266.0,1275.0,1275.0,1275.0,34,27044437.5,49375,8750,13538,NSE,UDIFF F&O BHAVCOPY,FUTURE,DRREDDY
2026-06-18,FO,NSE,STF,DRREDDY,DRREDDY,2026-06-30,,,1273.5,1282.2,1263.0,1269.4,1272.0,1269.4,2763,2192943062.5,15281875,53750,13559,NSE,UDIFF F&O BHAVCOPY,FUTURE,DRREDDY
2026-06-18,FO,NSE,STF,DRREDDY,DRREDDY,2026-07-28,,,1268.5,1278.0,1261.0,1267.4,1268.1,1267.4,425,336626062.5,608750,103125,13624,NSE,UDIFF F&O BHAVCOPY,FUTURE,DRREDDY
2026-06-18,FO,NSE,STF,EXIDEIND,EXIDEIND,2026-07-28,,,390.5,393.95,384.1,385.5,385.05,385.5,286,199506780.0,2057400,291600,13758,NSE,UDIFF F&O BHAVCOPY,FUTURE,EXIDEIND
2026-06-18,FO,NSE,STF,EXIDEIND,EXIDEIND,2026-06-30,,,391.1,393.15,383.65,385.2,384.65,385.2,1482,1031137110.0,22194000,-621000,13800,NSE,UDIFF F&O BHAVCOPY,FUTURE,EXIDEIND
2026-06-18,FO,NSE,STF,GODREJPROP,GODREJPROP,2026-08-25,,,1805.2,1835.7,1804.3,1829.4,1830.0,1829.4,21,12428455.0,46800,1625,13959,NSE,UDIFF F&O BHAVCOPY,FUTURE,GODREJPROP
2026-06-18,FO,NSE,STF,GODREJPROP,GODREJPROP,2026-07-28,,,1802.5,1829.8,1785.3,1816.9,1819.0,1816.9,541,318158425.0,595400,52975,14017,NSE,UDIFF F&O BHAVCOPY,FUTURE,GODREJPROP
2026-06-18,FO,NSE,STF,GODREJPROP,GODREJPROP,2026-06-30,,,1780.0,1831.0,1780.0,1817.8,1817.1,1817.8,2516,1251966127.5,7966475,-72325,14035,NSE,UDIFF F&O BHAVCOPY,FUTURE,GODREJPROP
2026-06-18,FO,NSE,STF,KOTAKBANK,KOTAKBANK,2026-06-30,,,405.45,405.75,400.65,404.3,404.45,404.3,8292,6697898400.0,164344000,-1944000,14120,NSE,UDIFF F&O BHAVCOPY,FUTURE,KOTAKBANK
2026-06-18,FO,NSE,STF,KOTAKBANK,KOTAKBANK,2026-07-28,,,406.5,407.9,402.85,406.25,406.25,406.25,627,508300400.0,13356000,754000,14134,NSE,UDIFF F&O BHAVCOPY,FUTURE,KOTAKBANK
2026-06-18,FO,NSE,STF,KOTAKBANK,KOTAKBANK,2026-08-25,,,409.0,409.25,405.3,408.5,408.3,408.5,142,115905400.0,1214000,190000,14215,NSE,UDIFF F&O BHAVCOPY,FUTURE,KOTAKBANK
2026-06-18,FO,NSE,STF,M&M,M&M,2026-08-25,,,3160.0,3160.0,3130.0,3142.4,3130.0,3142.4,123,77391580.0,128400,9600,14391,NSE,UDIFF F&O BHAVCOPY,FUTURE,M&M
2026-06-18,FO,NSE,STF,M&M,M&M,2026-07-28,,,3118.9,3142.0,3110.0,3126.5,3113.4,3126.5,858,537036900.0,3345200,43600,14485,NSE,UDIFF F&O BHAVCOPY,FUTURE,M&M
2026-06-18,FO,NSE,STF,M&M,M&M,2026-06-30,,,3135.4,3159.9,3116.0,3140.9,3128.0,3140.9,5896,3706979360.0,15040400,-141800,14498,NSE,UDIFF F&O BHAVCOPY,FUTURE,M&M
2026-06-18,FO,NSE,STF,NATIONALUM,NATIONALUM,2026-08-25,,,372.05,375.0,369.65,373.05,372.9,373.05,43,30035437.5,532500,31875,14582,NSE,UDIFF F&O BHAVCOPY,FUTURE,NATIONALUM
2026-06-18,FO,NSE,STF,NATIONALUM,NATIONALUM,2026-06-30,,,371.5,371.5,365.1,369.25,369.35,369.25,3636,2508434156.25,46625625,121875,14709,NSE,UDIFF F&O BHAVCOPY,FUTURE,NATIONALUM
2026-06-18,FO,NSE,STF,NATIONALUM,NATIONALUM,2026-07-28,,,373.4,373.4,367.4,371.3,370.6,371.3,748,519050437.5,4200000,601875,14727,NSE,UDIFF F&O BHAVCOPY,FUTURE,NATIONALUM
2026-06-18,FO,NSE,STF,PAYTM,PAYTM,2026-07-28,,,1130.7,1130.8,1072.1,1102.3,1103.0,1102.3,695,552825767.5,1851650,152975,14791,NSE,UDIFF F&O BHAVCOPY,FUTURE,PAYTM
2026-06-18,FO,NSE,STF,PAYTM,PAYTM,2026-08-25,,,1125.0,1125.0,1078.6,1106.3,1106.0,1106.3,54,43216887.5,60175,13050,14834,NSE,UDIFF F&O BHAVCOPY,FUTURE,PAYTM
2026-06-18,FO,NSE,STF,PAYTM,PAYTM,2026-06-30,,,1124.0,1126.2,1065.0,1095.9,1096.5,1095.9,7500,5940825087.5,16793900,-471975,14947,NSE,UDIFF F&O BHAVCOPY,FUTURE,PAYTM
2026-06-18,FO,NSE,STF,TECHM,TECHM,2026-08-25,,,1445.0,1455.0,1445.0,1448.3,1448.3,1465.6,14,12167460.0,88200,6000,14989,NSE,UDIFF F&O BHAVCOPY,FUTURE,TECHM
2026-06-18,FO,NSE,STF,TECHM,TECHM,2026-06-30,,,1454.0,1459.0,1436.0,1449.1,1449.8,1449.1,3814,3309741300.0,20954400,126600,15039,NSE,UDIFF F&O BHAVCOPY,FUTURE,TECHM
2026-06-18,FO,NSE,STF,TECHM,TECHM,2026-07-28,,,1451.1,1459.0,1438.7,1451.3,1449.0,1451.3,426,370036500.0,724800,66000,15053,NSE,UDIFF F&O BHAVCOPY,FUTURE,TECHM
2026-06-18,FO,NSE,STF,ULTRACEMCO,ULTRACEMCO,2026-08-25,,,11534.0,11620.0,11432.0,11617.0,11620.0,11617.0,20,11512800.0,8650,300,15185,NSE,UDIFF F&O BHAVCOPY,FUTURE,ULTRACEMCO
2026-06-18,FO,NSE,STF,ULTRACEMCO,ULTRACEMCO,2026-07-28,,,11506.0,11565.0,11346.0,11545.0,11565.0,11545.0,568,325202150.0,82250,12950,15276,NSE,UDIFF F&O BHAVCOPY,FUTURE,ULTRACEMCO
2026-06-18,FO,NSE,STF,ULTRACEMCO,ULTRACEMCO,2026-06-30,,,11372.0,11507.0,11286.0,11484.0,11507.0,11484.0,2946,1682686150.0,2467750,8350,15277,NSE,UDIFF F&O BHAVCOPY,FUTURE,ULTRACEMCO
2026-06-18,FO,NSE,STF,BOSCHLTD,BOSCHLTD,2026-07-28,,,39695.0,40840.0,39660.0,40325.0,40250.0,40325.0,339,342363375.0,12475,550,15352,NSE,UDIFF F&O BHAVCOPY,FUTURE,BOSCHLTD
2026-06-18,FO,NSE,STF,BOSCHLTD,BOSCHLTD,2026-08-25,,,40050.0,40720.0,40050.0,40355.0,40220.0,40355.0,82,82821375.0,2700,1050,15508,NSE,UDIFF F&O BHAVCOPY,FUTURE,BOSCHLTD
2026-06-18,FO,NSE,STF,BOSCHLTD,BOSCHLTD,2026-06-30,,,39495.0,40645.0,39310.0,40080.0,40000.0,40080.0,2380,2391309000.0,265350,-5325,15533,NSE,UDIFF F&O BHAVCOPY,FUTURE,BOSCHLTD
2026-06-18,FO,NSE,STF,NHPC,NHPC,2026-07-28,,,75.5,77.05,75.2,76.55,76.47,76.55,772,409562179.5,14421250,1383050,15571,NSE,UDIFF F&O BHAVCOPY,FUTURE,NHPC
2026-06-18,FO,NSE,STF,NHPC,NHPC,2026-06-30,,,75.0,76.7,74.77,76.3,76.14,76.3,5645,2747080896.0,135520000,2547200,15591,NSE,UDIFF F&O BHAVCOPY,FUTURE,NHPC
2026-06-18,FO,NSE,STF,NHPC,NHPC,2026-08-25,,,75.5,77.16,75.5,76.93,76.93,76.93,67,35613051.0,1605450,-139000,15632,NSE,UDIFF F&O BHAVCOPY,FUTURE,NHPC
2026-06-18,FO,NSE,STF,PGEL,PGEL,2026-07-28,,,553.0,568.85,547.85,566.5,564.2,566.5,827,440559032.5,1677700,198550,15749,NSE,UDIFF F&O BHAVCOPY,FUTURE,PGEL
2026-06-18,FO,NSE,STF,PGEL,PGEL,2026-08-25,,,553.0,570.25,552.0,568.0,566.0,568.0,51,27383465.0,138700,18050,15768,NSE,UDIFF F&O BHAVCOPY,FUTURE,PGEL
2026-06-18,FO,NSE,STF,PGEL,PGEL,2026-06-30,,,557.0,569.4,548.75,566.5,564.05,566.5,4298,2294847597.5,15604700,382850,15818,NSE,UDIFF F&O BHAVCOPY,FUTURE,PGEL
2026-06-18,FO,NSE,STF,BANKINDIA,BANKINDIA,2026-07-28,,,148.72,149.9,147.85,148.93,149.07,148.93,205,158807948.0,3619200,405600,15874,NSE,UDIFF F&O BHAVCOPY,FUTURE,BANKINDIA
2026-06-18,FO,NSE,STF,BANKINDIA,BANKINDIA,2026-06-30,,,148.47,149.18,146.95,148.12,147.9,148.12,2021,1557423348.0,79320800,936000,15937,NSE,UDIFF F&O BHAVCOPY,FUTURE,BANKINDIA
2026-06-18,FO,NSE,STF,BANKINDIA,BANKINDIA,2026-08-25,,,149.4,150.25,148.73,149.56,149.56,149.56,15,11689028.0,535600,26000,15992,NSE,UDIFF F&O BHAVCOPY,FUTURE,BANKINDIA
2026-06-18,FO,NSE,STF,BIOCON,BIOCON,2026-07-28,,,414.3,418.1,413.5,416.85,417.0,416.85,139,144542875.0,2015000,192500,16079,NSE,UDIFF F&O BHAVCOPY,FUTURE,BIOCON
2026-06-18,FO,NSE,STF,BIOCON,BIOCON,2026-06-30,,,413.0,416.45,411.45,414.65,414.5,414.65,1069,1106878000.0,36795000,232500,16080,NSE,UDIFF F&O BHAVCOPY,FUTURE,BIOCON
2026-06-18,FO,NSE,STF,BIOCON,BIOCON,2026-08-25,,,417.0,419.2,417.0,419.2,419.2,419.2,2,2090500.0,167500,2500,16154,NSE,UDIFF F&O BHAVCOPY,FUTURE,BIOCON
2026-06-18,FO,NSE,STF,COALINDIA,COALINDIA,2026-07-28,,,461.7,461.7,454.7,456.15,456.85,456.15,664,410280457.5,5837400,324000,16216,NSE,UDIFF F&O BHAVCOPY,FUTURE,COALINDIA
2026-06-18,FO,NSE,STF,COALINDIA,COALINDIA,2026-06-30,,,458.0,459.55,452.25,454.05,454.4,454.05,3511,2156274877.5,84531600,236250,16330,NSE,UDIFF F&O BHAVCOPY,FUTURE,COALINDIA
2026-06-18,FO,NSE,STF,COALINDIA,COALINDIA,2026-08-25,,,456.45,457.65,451.85,454.1,454.75,454.1,54,33113610.0,571050,41850,16331,NSE,UDIFF F&O BHAVCOPY,FUTURE,COALINDIA
2026-06-18,FO,NSE,STF,COLPAL,COLPAL,2026-06-30,,,2023.0,2038.6,2012.0,2021.8,2018.9,2021.8,2927,1332397035.0,5291550,245475,16455,NSE,UDIFF F&O BHAVCOPY,FUTURE,COLPAL
2026-06-18,FO,NSE,STF,COLPAL,COLPAL,2026-07-28,,,2036.9,2046.3,2020.0,2029.2,2026.0,2029.2,927,517573787.5,506275,166650,16531,NSE,UDIFF F&O BHAVCOPY,FUTURE,COLPAL
2026-06-18,FO,NSE,STF,COLPAL,COLPAL,2026-08-25,,,2035.0,2045.0,2035.0,2035.0,2035.0,2052.5,28,15710117.5,32725,4675,16532,NSE,UDIFF F&O BHAVCOPY,FUTURE,COLPAL
2026-06-18,FO,NSE,STF,FEDERALBNK,FEDERALBNK,2026-07-28,,,325.5,325.5,322.6,323.15,323.65,323.15,429,346760625.0,3677500,200000,16572,NSE,UDIFF F&O BHAVCOPY,FUTURE,FEDERALBNK
2026-06-18,FO,NSE,STF,FEDERALBNK,FEDERALBNK,2026-06-30,,,324.2,324.2,320.7,321.85,322.3,321.85,2825,2272098750.0,92550000,-2250000,16657,NSE,UDIFF F&O BHAVCOPY,FUTURE,FEDERALBNK
2026-06-18,FO,NSE,STF,FORCEMOT,FORCEMOT,2026-08-25,,,18701.0,18768.0,18612.0,18652.0,18652.0,18652.0,12,5607550.0,2525,125,16740,NSE,UDIFF F&O BHAVCOPY,FUTURE,FORCEMOT
2026-06-18,FO,NSE,STF,FORCEMOT,FORCEMOT,2026-07-28,,,18735.0,18840.0,18563.0,18642.0,18626.0,18642.0,277,129390425.0,31725,3475,16743,NSE,UDIFF F&O BHAVCOPY,FUTURE,FORCEMOT
2026-06-18,FO,NSE,STF,FORCEMOT,FORCEMOT,2026-06-30,,,18848.0,18849.0,18569.0,18651.0,18618.0,18651.0,1043,487163725.0,232975,925,16754,NSE,UDIFF F&O BHAVCOPY,FUTURE,FORCEMOT
2026-06-18,FO,NSE,STF,GODREJCP,GODREJCP,2026-08-25,,,1033.1,1033.6,1016.4,1019.4,1020.0,1019.4,74,37823300.0,44000,25000,16846,NSE,UDIFF F&O BHAVCOPY,FUTURE,GODREJCP
2026-06-18,FO,NSE,STF,GODREJCP,GODREJCP,2026-06-30,,,1022.2,1029.0,1009.1,1013.7,1014.8,1013.7,2470,1256117550.0,10187500,6000,16867,NSE,UDIFF F&O BHAVCOPY,FUTURE,GODREJCP
2026-06-18,FO,NSE,STF,GODREJCP,GODREJCP,2026-07-28,,,1028.0,1034.1,1013.7,1018.5,1017.5,1018.5,528,269649350.0,1439000,174000,17001,NSE,UDIFF F&O BHAVCOPY,FUTURE,GODREJCP
2026-06-18,FO,NSE,STF,KPITTECH,KPITTECH,2026-06-30,,,750.65,756.5,740.0,747.35,745.6,747.35,2502,797072391.25,7430700,47175,17045,NSE,UDIFF F&O BHAVCOPY,FUTURE,KPITTECH
2026-06-18,FO,NSE,STF,KPITTECH,KPITTECH,2026-07-28,,,736.0,747.45,728.0,739.9,740.0,739.9,577,331479745.0,1060200,237925,17138,NSE,UDIFF F&O BHAVCOPY,FUTURE,KPITTECH
2026-06-18,FO,NSE,STF,KPITTECH,KPITTECH,2026-08-25,,,737.9,746.0,730.0,739.35,738.85,739.35,28,16028433.75,136400,15500,17148,NSE,UDIFF F&O BHAVCOPY,FUTURE,KPITTECH
2026-06-18,FO,NSE,STF,NMDC,NMDC,2026-07-28,,,89.2,89.8,88.66,89.29,89.2,89.29,689,414226440.0,20013750,3321000,17229,NSE,UDIFF F&O BHAVCOPY,FUTURE,NMDC
2026-06-18,FO,NSE,STF,NMDC,NMDC,2026-06-30,,,87.5,89.35,87.5,88.75,88.7,88.75,2544,1522017067.5,344742750,-5278500,17243,NSE,UDIFF F&O BHAVCOPY,FUTURE,NMDC
2026-06-18,FO,NSE,STF,NMDC,NMDC,2026-08-25,,,89.8,89.8,88.85,89.43,89.45,89.43,52,31351185.0,3003750,148500,17287,NSE,UDIFF F&O BHAVCOPY,FUTURE,NMDC
2026-06-18,FO,NSE,STF,OIL,OIL,2026-07-28,,,420.95,425.0,419.3,423.2,422.5,423.2,232,137194680.0,1026200,127400,17451,NSE,UDIFF F&O BHAVCOPY,FUTURE,OIL
2026-06-18,FO,NSE,STF,OIL,OIL,2026-06-30,,,415.05,423.45,415.05,420.9,420.8,420.9,2064,1213247280.0,17732400,435400,17509,NSE,UDIFF F&O BHAVCOPY,FUTURE,OIL
2026-06-18,FO,NSE,STF,OIL,OIL,2026-08-25,,,423.7,426.4,421.9,426.0,426.0,426.0,37,21945700.0,303800,-1400,17524,NSE,UDIFF F&O BHAVCOPY,FUTURE,OIL
2026-06-18,FO,NSE,STF,PIIND,PIIND,2026-07-28,,,2836.0,2848.9,2823.3,2844.4,2848.9,2844.4,133,65987110.0,164675,4375,17600,NSE,UDIFF F&O BHAVCOPY,FUTURE,PIIND
2026-06-18,FO,NSE,STF,PIIND,PIIND,2026-06-30,,,2840.1,2865.0,2840.0,2857.1,2859.4,2857.1,853,425476782.5,3375225,-38675,17802,NSE,UDIFF F&O BHAVCOPY,FUTURE,PIIND
2026-06-18,FO,NSE,STF,PIIND,PIIND,2026-08-25,,,2833.4,2847.4,2833.4,2845.4,2847.4,2845.4,14,6951052.5,18200,1575,17804,NSE,UDIFF F&O BHAVCOPY,FUTURE,PIIND
2026-06-18,FO,NSE,STF,TATACONSUM,TATACONSUM,2026-06-30,,,1123.0,1133.0,1108.0,1113.5,1112.5,1113.5,2110,1295287400.0,16696900,-202950,17845,NSE,UDIFF F&O BHAVCOPY,FUTURE,TATACONSUM
2026-06-18,FO,NSE,STF,TATACONSUM,TATACONSUM,2026-07-28,,,1136.0,1138.8,1115.0,1120.5,1119.7,1120.5,264,162874030.0,1222100,76450,17867,NSE,UDIFF F&O BHAVCOPY,FUTURE,TATACONSUM
2026-06-18,FO,NSE,STF,TATACONSUM,TATACONSUM,2026-08-25,,,1132.1,1132.1,1121.0,1127.3,1126.0,1127.3,36,22288090.0,59400,15400,17992,NSE,UDIFF F&O BHAVCOPY,FUTURE,TATACONSUM
2026-06-18,FO,NSE,STF,WIPRO,WIPRO,2026-06-30,,,183.0,184.24,181.11,182.33,182.43,182.33,12857,7031539260.0,292074000,4872000,18062,NSE,UDIFF F&O BHAVCOPY,FUTURE,WIPRO
2026-06-18,FO,NSE,STF,WIPRO,WIPRO,2026-08-25,,,183.0,183.55,180.5,181.47,181.7,181.47,379,206552940.0,6033000,711000,18099,NSE,UDIFF F&O BHAVCOPY,FUTURE,WIPRO
2026-06-18,FO,NSE,STF,WIPRO,WIPRO,2026-07-28,,,183.78,183.99,180.44,181.58,181.8,181.58,6419,3496881540.0,93036000,9669000,18185,NSE,UDIFF F&O BHAVCOPY,FUTURE,WIPRO
2026-06-18,FO,NSE,STF,FEDERALBNK,FEDERALBNK,2026-08-25,,,324.15,325.1,323.3,324.15,324.7,324.15,59,47822375.0,1185000,57500,18202,NSE,UDIFF F&O BHAVCOPY,FUTURE,FEDERALBNK
2026-06-18,FO,NSE,STF,LT,LT,2026-06-30,,,4221.1,4253.1,4177.2,4198.8,4200.0,4198.8,8678,6386366682.5,13191850,224175,18266,NSE,UDIFF F&O BHAVCOPY,FUTURE,LT
2026-06-18,FO,NSE,STF,LT,LT,2026-07-28,,,4250.0,4277.9,4203.0,4224.1,4225.0,4224.1,1216,900970857.5,1317400,106575,18514,NSE,UDIFF F&O BHAVCOPY,FUTURE,LT
2026-06-18,FO,NSE,STF,LT,LT,2026-08-25,,,4271.8,4297.0,4227.0,4243.8,4244.9,4243.8,89,66242540.0,124075,4900,18520,NSE,UDIFF F&O BHAVCOPY,FUTURE,LT
2026-06-18,FO,NSE,STF,PHOENIXLTD,PHOENIXLTD,2026-08-25,,,1880.0,1880.0,1880.0,1880.0,1880.0,1880.0,1,658000.0,2800,350,18545,NSE,UDIFF F&O BHAVCOPY,FUTURE,PHOENIXLTD
2026-06-18,FO,NSE,STF,PHOENIXLTD,PHOENIXLTD,2026-07-28,,,1890.1,1905.0,1863.3,1872.9,1870.1,1872.9,65,42804685.0,211050,4900,18546,NSE,UDIFF F&O BHAVCOPY,FUTURE,PHOENIXLTD
2026-06-18,FO,NSE,STF,PHOENIXLTD,PHOENIXLTD,2026-06-30,,,1883.3,1895.0,1852.2,1862.8,1865.9,1862.8,826,540491070.0,3908800,33950,18573,NSE,UDIFF F&O BHAVCOPY,FUTURE,PHOENIXLTD
2026-06-18,FO,NSE,STF,BHARATFORG,BHARATFORG,2026-08-25,,,2060.0,2060.0,2022.8,2037.5,2035.2,2037.5,28,28597850.0,26500,8500,18716,NSE,UDIFF F&O BHAVCOPY,FUTURE,BHARATFORG
2026-06-18,FO,NSE,STF,BHARATFORG,BHARATFORG,2026-06-30,,,2039.1,2054.0,2007.0,2021.8,2024.0,2021.8,2003,2029516800.0,7311500,135000,18767,NSE,UDIFF F&O BHAVCOPY,FUTURE,BHARATFORG
2026-06-18,FO,NSE,STF,BHARATFORG,BHARATFORG,2026-07-28,,,2047.9,2054.3,2013.0,2026.2,2028.8,2026.2,289,293712600.0,274000,6000,18803,NSE,UDIFF F&O BHAVCOPY,FUTURE,BHARATFORG
2026-06-18,FO,NSE,STF,CROMPTON,CROMPTON,2026-08-25,,,278.0,278.9,275.05,278.4,278.05,278.4,38,22671857.5,402050,23650,18883,NSE,UDIFF F&O BHAVCOPY,FUTURE,CROMPTON
2026-06-18,FO,NSE,STF,CROMPTON,CROMPTON,2026-06-30,,,277.7,279.25,274.05,278.2,277.35,278.2,1552,773785800.0,50385600,138600,18917,NSE,UDIFF F&O BHAVCOPY,FUTURE,CROMPTON
2026-06-18,FO,NSE,STF,CROMPTON,CROMPTON,2026-07-28,,,275.35,277.9,272.6,276.8,276.9,276.8,433,256339340.0,2586450,391300,18963,NSE,UDIFF F&O BHAVCOPY,FUTURE,CROMPTON
2026-06-18,FO,NSE,STF,INDUSTOWER,INDUSTOWER,2026-06-30,,,416.75,419.0,413.05,416.15,416.8,416.15,2618,1849955215.0,103623500,430100,19101,NSE,UDIFF F&O BHAVCOPY,FUTURE,INDUSTOWER
2026-06-18,FO,NSE,STF,INDUSTOWER,INDUSTOWER,2026-08-25,,,423.1,423.1,417.95,420.0,420.0,420.0,8,5708770.0,212500,0,19134,NSE,UDIFF F&O BHAVCOPY,FUTURE,INDUSTOWER
2026-06-18,FO,NSE,STF,INDUSTOWER,INDUSTOWER,2026-07-28,,,418.25,421.6,415.15,418.3,418.55,418.3,954,677252375.0,6337600,958800,19173,NSE,UDIFF F&O BHAVCOPY,FUTURE,INDUSTOWER
2026-06-18,FO,NSE,STF,NAM-INDIA,NAM-INDIA,2026-08-25,,,1136.0,1136.0,1132.2,1132.2,1132.2,1181.9,2,1417625.0,25625,0,19239,NSE,UDIFF F&O BHAVCOPY,FUTURE,NAM-INDIA
2026-06-18,FO,NSE,STF,NAM-INDIA,NAM-INDIA,2026-06-30,,,1140.3,1160.7,1129.3,1156.9,1160.7,1156.9,1684,1204934562.5,7183750,158750,19267,NSE,UDIFF F&O BHAVCOPY,FUTURE,NAM-INDIA
2026-06-18,FO,NSE,STF,NAM-INDIA,NAM-INDIA,2026-07-28,,,1141.2,1156.7,1127.9,1151.5,1156.7,1151.5,335,238677187.5,913750,133750,19302,NSE,UDIFF F&O BHAVCOPY,FUTURE,NAM-INDIA
2026-06-18,FO,NSE,STF,PATANJALI,PATANJALI,2026-06-30,,,420.0,427.95,419.0,424.7,423.15,424.7,7307,2793742380.0,25877700,-1464300,19331,NSE,UDIFF F&O BHAVCOPY,FUTURE,PATANJALI
2026-06-18,FO,NSE,STF,PATANJALI,PATANJALI,2026-07-28,,,422.4,429.95,422.4,427.8,426.0,427.8,164,75331001.25,532125,0,19455,NSE,UDIFF F&O BHAVCOPY,FUTURE,PATANJALI
2026-06-18,FO,NSE,STF,PATANJALI,PATANJALI,2026-08-25,,,426.0,431.4,425.8,429.2,427.0,429.2,24,11066641.25,69875,9675,19462,NSE,UDIFF F&O BHAVCOPY,FUTURE,PATANJALI
2026-06-18,FO,NSE,STF,POWERINDIA,POWERINDIA,2026-07-28,,,36225.0,36780.0,35415.0,36650.0,36640.0,36650.0,379,343111750.0,17250,2075,19518,NSE,UDIFF F&O BHAVCOPY,FUTURE,POWERINDIA
2026-06-18,FO,NSE,STF,POWERINDIA,POWERINDIA,2026-06-30,,,36145.0,36585.0,35200.0,36455.0,36410.0,36455.0,4336,3905691875.0,438625,1600,19554,NSE,UDIFF F&O BHAVCOPY,FUTURE,POWERINDIA
2026-06-18,FO,NSE,STF,POWERINDIA,POWERINDIA,2026-08-25,,,36110.0,36940.0,36000.0,36795.0,36860.0,36795.0,30,27423375.0,3475,0,19581,NSE,UDIFF F&O BHAVCOPY,FUTURE,POWERINDIA
2026-06-18,FO,NSE,STF,TATAPOWER,TATAPOWER,2026-06-30,,,402.0,402.7,397.15,402.05,402.0,402.05,3329,1935292887.5,54550450,475600,19717,NSE,UDIFF F&O BHAVCOPY,FUTURE,TATAPOWER
2026-06-18,FO,NSE,STF,TATAPOWER,TATAPOWER,2026-08-25,,,406.0,407.0,402.8,406.3,406.75,406.3,40,23503775.0,490100,17400,19734,NSE,UDIFF F&O BHAVCOPY,FUTURE,TATAPOWER
2026-06-18,FO,NSE,STF,TATAPOWER,TATAPOWER,2026-07-28,,,403.55,405.15,399.8,404.25,404.25,404.25,870,508560530.0,9783150,556800,19787,NSE,UDIFF F&O BHAVCOPY,FUTURE,TATAPOWER
2026-06-18,FO,NSE,STF,VOLTAS,VOLTAS,2026-08-25,,,1363.5,1369.3,1351.0,1361.2,1360.9,1361.2,23,11723775.0,56625,4125,19846,NSE,UDIFF F&O BHAVCOPY,FUTURE,VOLTAS
2026-06-18,FO,NSE,STF,VOLTAS,VOLTAS,2026-07-28,,,1350.1,1375.0,1347.8,1360.5,1360.0,1360.5,996,508384762.5,1209000,80625,19869,NSE,UDIFF F&O BHAVCOPY,FUTURE,VOLTAS
2026-06-18,FO,NSE,STF,VOLTAS,VOLTAS,2026-06-30,,,1364.4,1377.1,1350.2,1364.0,1364.4,1364.0,3143,1605426487.5,7397250,26625,19871,NSE,UDIFF F&O BHAVCOPY,FUTURE,VOLTAS
2026-06-18,FO,NSE,STF,SOLARINDS,SOLARINDS,2026-07-28,,,17751.0,17975.0,17659.0,17928.0,17951.0,17928.0,305,272391250.0,46000,3800,19958,NSE,UDIFF F&O BHAVCOPY,FUTURE,SOLARINDS
2026-06-18,FO,NSE,STF,SOLARINDS,SOLARINDS,2026-08-25,,,17880.0,18092.0,17831.0,18029.0,18041.0,18029.0,65,58461150.0,36200,1250,19974,NSE,UDIFF F&O BHAVCOPY,FUTURE,SOLARINDS
2026-06-18,FO,NSE,STF,SOLARINDS,SOLARINDS,2026-06-30,,,17745.0,17890.0,17503.0,17817.0,17842.0,17817.0,2036,1808265000.0,737500,11250,20007,NSE,UDIFF F&O BHAVCOPY,FUTURE,SOLARINDS
2026-06-18,FO,NSE,STF,DELHIVERY,DELHIVERY,2026-07-28,,,458.0,467.6,457.4,462.25,462.3,462.25,276,265044418.75,1079000,87150,20115,NSE,UDIFF F&O BHAVCOPY,FUTURE,DELHIVERY
2026-06-18,FO,NSE,STF,DELHIVERY,DELHIVERY,2026-06-30,,,455.0,465.0,455.0,459.7,458.6,459.7,1562,1492919962.5,26059925,-219950,20195,NSE,UDIFF F&O BHAVCOPY,FUTURE,DELHIVERY
2026-06-18,FO,NSE,STF,DELHIVERY,DELHIVERY,2026-08-25,,,460.0,469.3,460.0,464.7,464.4,464.7,21,20248161.25,76775,16600,20196,NSE,UDIFF F&O BHAVCOPY,FUTURE,DELHIVERY
2026-06-18,FO,NSE,STF,DIXON,DIXON,2026-08-25,,,12926.0,13023.0,12745.0,12804.0,12838.0,12804.0,190,122135750.0,24700,2200,20232,NSE,UDIFF F&O BHAVCOPY,FUTURE,DIXON
2026-06-18,FO,NSE,STF,DIXON,DIXON,2026-06-30,,,12879.0,12949.0,12628.0,12716.0,12726.0,12716.0,7093,4527134350.0,2388550,-54750,20322,NSE,UDIFF F&O BHAVCOPY,FUTURE,DIXON
2026-06-18,FO,NSE,STF,DIXON,DIXON,2026-07-28,,,12900.0,12997.0,12683.0,12759.0,12775.0,12759.0,1330,851615700.0,182400,3600,20366,NSE,UDIFF F&O BHAVCOPY,FUTURE,DIXON
2026-06-18,FO,NSE,STF,FORTIS,FORTIS,2026-08-25,,,970.0,972.9,963.5,972.9,972.9,972.9,5,3750767.5,23250,775,20484,NSE,UDIFF F&O BHAVCOPY,FUTURE,FORTIS
2026-06-18,FO,NSE,STF,FORTIS,FORTIS,2026-07-28,,,957.15,969.3,957.1,967.8,969.3,967.8,232,173119073.75,357275,65875,20532,NSE,UDIFF F&O BHAVCOPY,FUTURE,FORTIS
2026-06-18,FO,NSE,STF,FORTIS,FORTIS,2026-06-30,,,947.65,965.5,947.65,963.15,963.5,963.15,1243,923487132.5,9576675,77500,20555,NSE,UDIFF F&O BHAVCOPY,FUTURE,FORTIS
2026-06-18,FO,NSE,STF,HINDUNILVR,HINDUNILVR,2026-07-28,,,2195.8,2218.1,2192.8,2213.5,2212.5,2213.5,1156,765116010.0,1222800,194700,20629,NSE,UDIFF F&O BHAVCOPY,FUTURE,HINDUNILVR
2026-06-18,FO,NSE,STF,HINDUNILVR,HINDUNILVR,2026-08-25,,,2206.9,2225.0,2205.6,2221.8,2217.4,2221.8,39,25934130.0,81300,-1500,20630,NSE,UDIFF F&O BHAVCOPY,FUTURE,HINDUNILVR
2026-06-18,FO,NSE,STF,HINDUNILVR,HINDUNILVR,2026-06-30,,,2190.0,2204.6,2179.7,2200.5,2196.1,2200.5,3314,2182028850.0,17201400,36600,20726,NSE,UDIFF F&O BHAVCOPY,FUTURE,HINDUNILVR
2026-06-18,FO,NSE,STF,ICICIPRULI,ICICIPRULI,2026-06-30,,,505.45,525.35,504.05,524.3,525.35,524.3,4294,2058717046.25,16822975,-544825,20828,NSE,UDIFF F&O BHAVCOPY,FUTURE,ICICIPRULI
2026-06-18,FO,NSE,STF,ICICIPRULI,ICICIPRULI,2026-07-28,,,507.8,526.95,506.3,526.25,526.85,526.25,391,187605262.5,885225,24050,20868,NSE,UDIFF F&O BHAVCOPY,FUTURE,ICICIPRULI
2026-06-18,FO,NSE,STF,ICICIPRULI,ICICIPRULI,2026-08-25,,,511.0,530.25,511.0,529.1,529.15,529.1,78,37678811.25,105450,-5550,20983,NSE,UDIFF F&O BHAVCOPY,FUTURE,ICICIPRULI
2026-06-18,FO,NSE,STF,IDEA,IDEA,2026-08-25,,,15.19,15.34,15.04,15.26,15.3,15.26,94,101936215.5,78765450,2644575,21044,NSE,UDIFF F&O BHAVCOPY,FUTURE,IDEA
2026-06-18,FO,NSE,STF,IDEA,IDEA,2026-07-28,,,15.07,15.24,14.94,15.16,15.23,15.16,889,957001647.0,352443225,27374925,21060,NSE,UDIFF F&O BHAVCOPY,FUTURE,IDEA
2026-06-18,FO,NSE,STF,IDEA,IDEA,2026-06-30,,,15.03,15.15,14.83,15.08,15.12,15.08,4241,4544053144.5,5555251425,-39668625,21067,NSE,UDIFF F&O BHAVCOPY,FUTURE,IDEA
2026-06-18,FO,NSE,STF,NBCC,NBCC,2026-08-25,,,115.2,115.21,111.21,111.37,111.43,111.37,48,35199385.0,786500,253500,21163,NSE,UDIFF F&O BHAVCOPY,FUTURE,NBCC
2026-06-18,FO,NSE,STF,NBCC,NBCC,2026-06-30,,,113.5,114.61,109.76,110.47,110.3,110.47,2537,1835441790.0,106684500,-1397500,21217,NSE,UDIFF F&O BHAVCOPY,FUTURE,NBCC
2026-06-18,FO,NSE,STF,NBCC,NBCC,2026-07-28,,,114.23,115.22,110.4,111.2,111.0,111.2,499,363370410.0,4868500,1059500,21234,NSE,UDIFF F&O BHAVCOPY,FUTURE,NBCC
2026-06-18,FO,NSE,STF,POLYCAB,POLYCAB,2026-06-30,,,9910.5,9978.0,9867.0,9917.0,9908.5,9917.0,1841,2283317187.5,1831375,-52125,21354,NSE,UDIFF F&O BHAVCOPY,FUTURE,POLYCAB
2026-06-18,FO,NSE,STF,POLYCAB,POLYCAB,2026-07-28,,,9985.0,9999.0,9905.5,9951.5,9945.0,9951.5,223,277662687.5,136625,1875,21406,NSE,UDIFF F&O BHAVCOPY,FUTURE,POLYCAB
2026-06-18,FO,NSE,STF,POLYCAB,POLYCAB,2026-08-25,,,10013.0,10038.5,9956.0,9974.5,9978.5,9974.5,23,28710625.0,7750,1000,21414,NSE,UDIFF F&O BHAVCOPY,FUTURE,POLYCAB
2026-06-18,FO,NSE,STF,APOLLOHOSP,APOLLOHOSP,2026-06-30,,,8506.0,8506.0,8424.0,8446.0,8448.0,8446.0,1744,1842198875.0,2076250,-375,21507,NSE,UDIFF F&O BHAVCOPY,FUTURE,APOLLOHOSP
2026-06-18,FO,NSE,STF,APOLLOHOSP,APOLLOHOSP,2026-08-25,,,8512.0,8512.0,8512.0,8512.0,8512.0,8516.0,1,1064000.0,8500,125,21529,NSE,UDIFF F&O BHAVCOPY,FUTURE,APOLLOHOSP
2026-06-18,FO,NSE,STF,APOLLOHOSP,APOLLOHOSP,2026-07-28,,,8504.0,8528.5,8463.5,8493.0,8496.5,8493.0,326,345937000.0,292000,29375,21575,NSE,UDIFF F&O BHAVCOPY,FUTURE,APOLLOHOSP
2026-06-18,FO,NSE,STF,GLENMARK,GLENMARK,2026-07-28,,,2159.5,2179.8,2155.2,2173.8,2177.4,2173.8,113,91890150.0,139500,14250,21666,NSE,UDIFF F&O BHAVCOPY,FUTURE,GLENMARK
2026-06-18,FO,NSE,STF,GLENMARK,GLENMARK,2026-06-30,,,2141.4,2170.1,2141.4,2163.4,2160.7,2163.4,1087,879591450.0,12694125,95250,21674,NSE,UDIFF F&O BHAVCOPY,FUTURE,GLENMARK
2026-06-18,FO,NSE,STF,GLENMARK,GLENMARK,2026-08-25,,,2174.4,2191.0,2173.0,2190.1,2181.0,2190.1,19,15562687.5,14625,4125,21817,NSE,UDIFF F&O BHAVCOPY,FUTURE,GLENMARK
2026-06-18,FO,NSE,STF,ALKEM,ALKEM,2026-08-25,,,5388.0,5388.0,5388.0,5388.0,5388.0,5439.0,1,673500.0,2875,-125,21874,NSE,UDIFF F&O BHAVCOPY,FUTURE,ALKEM
2026-06-18,FO,NSE,STF,ALKEM,ALKEM,2026-06-30,,,5385.0,5409.0,5334.0,5395.5,5403.0,5395.5,583,391660250.0,1301250,-12625,21941,NSE,UDIFF F&O BHAVCOPY,FUTURE,ALKEM
2026-06-18,FO,NSE,STF,ALKEM,ALKEM,2026-07-28,,,5400.0,5429.0,5379.5,5427.5,5429.0,5427.5,51,34409687.5,16625,2625,22023,NSE,UDIFF F&O BHAVCOPY,FUTURE,ALKEM
2026-06-18,FO,NSE,STF,ASTRAL,ASTRAL,2026-08-25,,,1570.0,1570.0,1562.0,1563.0,1562.0,1563.0,15,9979850.0,26775,-850,22154,NSE,UDIFF F&O BHAVCOPY,FUTURE,ASTRAL
2026-06-18,FO,NSE,STF,ASTRAL,ASTRAL,2026-06-30,,,1579.7,1585.6,1563.3,1569.4,1570.9,1569.4,880,588129535.0,5483350,-51000,22190,NSE,UDIFF F&O BHAVCOPY,FUTURE,ASTRAL
2026-06-18,FO,NSE,STF,ASTRAL,ASTRAL,2026-07-28,,,1575.0,1582.9,1562.2,1564.8,1562.2,1564.8,144,96058287.5,396100,17425,22204,NSE,UDIFF F&O BHAVCOPY,FUTURE,ASTRAL
2026-06-18,FO,NSE,STF,BANKBARODA,BANKBARODA,2026-06-30,,,284.0,287.75,282.3,284.1,284.0,284.1,6307,5249479511.25,116365275,-1646775,22340,NSE,UDIFF F&O BHAVCOPY,FUTURE,BANKBARODA
2026-06-18,FO,NSE,STF,BANKBARODA,BANKBARODA,2026-08-25,,,287.0,290.95,285.55,286.9,286.8,286.9,163,136922906.25,1003275,160875,22367,NSE,UDIFF F&O BHAVCOPY,FUTURE,BANKBARODA
2026-06-18,FO,NSE,STF,BANKBARODA,BANKBARODA,2026-07-28,,,286.0,289.0,284.0,285.4,285.6,285.4,852,712350405.0,5718375,713700,22555,NSE,UDIFF F&O BHAVCOPY,FUTURE,BANKBARODA
2026-06-18,FO,NSE,STF,BHARTIARTL,BHARTIARTL,2026-08-25,,,1870.0,1878.4,1861.7,1874.2,1875.5,1874.2,64,56849140.0,7266550,13300,22617,NSE,UDIFF F&O BHAVCOPY,FUTURE,BHARTIARTL
2026-06-18,FO,NSE,STF,BHARTIARTL,BHARTIARTL,2026-06-30,,,1879.0,1880.0,1864.0,1877.6,1877.2,1877.6,6785,6040892395.0,49683100,-209475,22728,NSE,UDIFF F&O BHAVCOPY,FUTURE,BHARTIARTL
2026-06-18,FO,NSE,STF,BHARTIARTL,BHARTIARTL,2026-07-28,,,1869.1,1874.5,1858.9,1871.7,1869.8,1871.7,714,633385187.5,1788375,132050,22729,NSE,UDIFF F&O BHAVCOPY,FUTURE,BHARTIARTL
2026-06-18,FO,NSE,STF,BPCL,BPCL,2026-06-30,,,320.0,321.7,315.5,316.75,317.0,316.75,3149,1976849390.0,39622450,513500,22743,NSE,UDIFF F&O BHAVCOPY,FUTURE,BPCL
2026-06-18,FO,NSE,STF,BPCL,BPCL,2026-07-28,,,320.65,323.5,317.3,318.65,318.15,318.65,675,426521493.75,5111300,400925,22768,NSE,UDIFF F&O BHAVCOPY,FUTURE,BPCL
2026-06-18,FO,NSE,STF,BPCL,BPCL,2026-08-25,,,322.0,323.8,319.0,320.0,319.8,320.0,83,52703862.5,505600,71100,22839,NSE,UDIFF F&O BHAVCOPY,FUTURE,BPCL
2026-06-18,FO,NSE,STF,CUMMINSIND,CUMMINSIND,2026-06-30,,,5897.0,5915.0,5838.5,5884.0,5879.5,5884.0,2011,2363994400.0,4132800,63000,22898,NSE,UDIFF F&O BHAVCOPY,FUTURE,CUMMINSIND
2026-06-18,FO,NSE,STF,CUMMINSIND,CUMMINSIND,2026-08-25,,,5875.0,5905.5,5857.0,5893.5,5893.5,5893.5,7,8237900.0,20000,400,22927,NSE,UDIFF F&O BHAVCOPY,FUTURE,CUMMINSIND
2026-06-18,FO,NSE,STF,CUMMINSIND,CUMMINSIND,2026-07-28,,,5842.0,5894.0,5816.0,5869.0,5868.0,5869.0,301,352486400.0,99800,18000,23008,NSE,UDIFF F&O BHAVCOPY,FUTURE,CUMMINSIND
2026-06-18,FO,NSE,STF,DIVISLAB,DIVISLAB,2026-08-25,,,6742.0,6830.0,6721.0,6830.0,6830.0,6830.0,26,17587100.0,3500,200,23121,NSE,UDIFF F&O BHAVCOPY,FUTURE,DIVISLAB
2026-06-18,FO,NSE,STF,DIVISLAB,DIVISLAB,2026-06-30,,,6675.0,6805.0,6662.5,6795.5,6804.0,6795.5,3790,2552328600.0,3059100,105800,23177,NSE,UDIFF F&O BHAVCOPY,FUTURE,DIVISLAB
2026-06-18,FO,NSE,STF,DIVISLAB,DIVISLAB,2026-07-28,,,6699.5,6811.0,6669.0,6806.0,6805.0,6806.0,578,389437550.0,160700,21800,23190,NSE,UDIFF F&O BHAVCOPY,FUTURE,DIVISLAB
2026-06-18,FO,NSE,STF,INDUSINDBK,INDUSINDBK,2026-06-30,,,938.1,941.7,932.55,938.6,939.3,938.6,3197,2098109195.0,35346500,-311500,23273,NSE,UDIFF F&O BHAVCOPY,FUTURE,INDUSINDBK
2026-06-18,FO,NSE,STF,INDUSINDBK,INDUSINDBK,2026-07-28,,,944.0,947.0,939.3,944.65,946.8,944.65,861,568436890.0,6600300,456400,23338,NSE,UDIFF F&O BHAVCOPY,FUTURE,INDUSINDBK
2026-06-18,FO,NSE,STF,INDUSINDBK,INDUSINDBK,2026-08-25,,,948.0,950.0,944.8,949.65,950.0,949.65,15,9948995.0,360500,4200,23339,NSE,UDIFF F&O BHAVCOPY,FUTURE,INDUSINDBK
2026-06-18,FO,NSE,STF,JSWENERGY,JSWENERGY,2026-08-25,,,583.6,588.8,581.8,583.9,583.35,583.9,55,34616343.75,117175,27950,23383,NSE,UDIFF F&O BHAVCOPY,FUTURE,JSWENERGY
2026-06-18,FO,NSE,STF,JSWENERGY,JSWENERGY,2026-06-30,,,576.1,583.0,574.1,578.4,579.2,578.4,5395,3122911700.0,24021000,1005000,23387,NSE,UDIFF F&O BHAVCOPY,FUTURE,JSWENERGY
2026-06-18,FO,NSE,STF,JSWENERGY,JSWENERGY,2026-07-28,,,576.75,585.7,576.7,580.95,580.75,580.95,543,339698333.75,1022325,293475,23438,NSE,UDIFF F&O BHAVCOPY,FUTURE,JSWENERGY
2026-06-18,FO,NSE,STF,KALYANKJIL,KALYANKJIL,2026-08-25,,,392.05,392.4,384.65,389.0,389.0,389.0,21,10979685.0,282150,4050,23617,NSE,UDIFF F&O BHAVCOPY,FUTURE,KALYANKJIL
2026-06-18,FO,NSE,STF,KALYANKJIL,KALYANKJIL,2026-06-30,,,382.15,386.3,381.1,385.0,384.45,385.0,1685,760426865.0,39878325,-177425,23640,NSE,UDIFF F&O BHAVCOPY,FUTURE,KALYANKJIL
2026-06-18,FO,NSE,STF,KALYANKJIL,KALYANKJIL,2026-07-28,,,388.2,388.2,383.05,386.65,386.05,386.65,83,43218022.5,1374300,6750,23746,NSE,UDIFF F&O BHAVCOPY,FUTURE,KALYANKJIL
2026-06-18,FO,NSE,STF,LAURUSLABS,LAURUSLABS,2026-07-28,,,1385.9,1389.9,1365.5,1381.4,1386.0,1381.4,654,764405595.0,1745050,346800,23788,NSE,UDIFF F&O BHAVCOPY,FUTURE,LAURUSLABS
2026-06-18,FO,NSE,STF,LAURUSLABS,LAURUSLABS,2026-08-25,,,1396.0,1396.0,1375.7,1390.0,1390.0,1390.0,22,25942255.0,98600,-2550,23808,NSE,UDIFF F&O BHAVCOPY,FUTURE,LAURUSLABS
2026-06-18,FO,NSE,STF,LAURUSLABS,LAURUSLABS,2026-06-30,,,1375.9,1382.4,1357.4,1374.8,1378.2,1374.8,2164,2516451265.0,15593250,51850,23947,NSE,UDIFF F&O BHAVCOPY,FUTURE,LAURUSLABS
2026-06-18,FO,NSE,STF,LTF,LTF,2026-07-28,,,292.9,293.5,283.55,285.95,285.8,285.95,907,584426475.0,10055250,868500,23986,NSE,UDIFF F&O BHAVCOPY,FUTURE,LTF
2026-06-18,FO,NSE,STF,LTF,LTF,2026-06-30,,,294.8,294.9,284.7,287.15,287.15,287.15,3537,2290589100.0,46953000,1476000,23998,NSE,UDIFF F&O BHAVCOPY,FUTURE,LTF
2026-06-18,FO,NSE,STF,LTF,LTF,2026-08-25,,,291.75,291.75,282.5,285.2,284.95,285.2,32,20570400.0,373500,31500,24046,NSE,UDIFF F&O BHAVCOPY,FUTURE,LTF
2026-06-18,FO,NSE,STF,MANAPPURAM,MANAPPURAM,2026-06-30,,,318.0,323.0,318.0,322.05,322.5,322.05,1029,990179700.0,49935000,429000,24122,NSE,UDIFF F&O BHAVCOPY,FUTURE,MANAPPURAM
2026-06-18,FO,NSE,STF,MANAPPURAM,MANAPPURAM,2026-07-28,,,320.25,324.95,320.25,323.95,322.65,323.95,76,73670100.0,723000,51000,24133,NSE,UDIFF F&O BHAVCOPY,FUTURE,MANAPPURAM
2026-06-18,FO,NSE,STF,MANAPPURAM,MANAPPURAM,2026-08-25,,,322.05,324.8,322.05,324.8,324.8,324.8,8,7746900.0,144000,6000,24157,NSE,UDIFF F&O BHAVCOPY,FUTURE,MANAPPURAM
2026-06-18,FO,NSE,STF,MARICO,MARICO,2026-06-30,,,809.3,834.5,809.3,824.3,823.85,824.3,4242,4209592560.0,15930000,582000,24231,NSE,UDIFF F&O BHAVCOPY,FUTURE,MARICO
2026-06-18,FO,NSE,STF,MARICO,MARICO,2026-08-25,,,825.0,835.0,823.65,828.15,827.05,828.15,24,23893200.0,28800,2400,24292,NSE,UDIFF F&O BHAVCOPY,FUTURE,MARICO
2026-06-18,FO,NSE,STF,MARICO,MARICO,2026-07-28,,,823.9,837.2,819.7,827.9,826.5,827.9,284,282885360.0,454800,52800,24320,NSE,UDIFF F&O BHAVCOPY,FUTURE,MARICO
2026-06-18,FO,NSE,STF,MOTHERSON,MOTHERSON,2026-08-25,,,144.0,144.34,142.27,144.33,144.32,144.33,34,29990536.5,774900,30750,24470,NSE,UDIFF F&O BHAVCOPY,FUTURE,MOTHERSON
2026-06-18,FO,NSE,STF,MOTHERSON,MOTHERSON,2026-07-28,,,143.7,144.8,142.12,144.31,144.51,144.31,617,543397702.5,12539850,842550,24515,NSE,UDIFF F&O BHAVCOPY,FUTURE,MOTHERSON
2026-06-18,FO,NSE,STF,MOTHERSON,MOTHERSON,2026-06-30,,,143.75,145.13,142.5,144.67,144.89,144.67,2797,2472981850.5,151480650,-3130350,24660,NSE,UDIFF F&O BHAVCOPY,FUTURE,MOTHERSON
2026-06-18,FO,NSE,STF,MOTILALOFS,MOTILALOFS,2026-06-30,,,946.75,965.0,946.75,952.3,953.1,952.3,1398,1036822202.5,4734475,-14725,24680,NSE,UDIFF F&O BHAVCOPY,FUTURE,MOTILALOFS
2026-06-18,FO,NSE,STF,MOTILALOFS,MOTILALOFS,2026-07-28,,,955.0,969.0,951.55,956.7,957.9,956.7,176,131103068.75,196075,-4650,24762,NSE,UDIFF F&O BHAVCOPY,FUTURE,MOTILALOFS
2026-06-18,FO,NSE,STF,MOTILALOFS,MOTILALOFS,2026-08-25,,,970.0,972.65,957.85,958.7,961.15,958.7,16,11949376.25,21700,-7750,24815,NSE,UDIFF F&O BHAVCOPY,FUTURE,MOTILALOFS
2026-06-18,FO,NSE,STF,RELIANCE,RELIANCE,2026-08-25,,,1350.0,1350.4,1338.9,1346.2,1347.0,1346.2,624,419590750.0,2200500,102500,24866,NSE,UDIFF F&O BHAVCOPY,FUTURE,RELIANCE
2026-06-18,FO,NSE,STF,RELIANCE,RELIANCE,2026-06-30,,,1333.0,1336.0,1323.3,1331.2,1333.3,1331.2,19595,13029315850.0,113836500,-1294500,24870,NSE,UDIFF F&O BHAVCOPY,FUTURE,RELIANCE
2026-06-18,FO,NSE,STF,RELIANCE,RELIANCE,2026-07-28,,,1341.6,1346.0,1331.1,1338.6,1341.3,1338.6,3469,2319626300.0,18634500,963500,25013,NSE,UDIFF F&O BHAVCOPY,FUTURE,RELIANCE
2026-06-18,FO,NSE,STF,SRF,SRF,2026-07-28,,,2734.0,2740.0,2696.0,2727.3,2723.2,2727.3,398,216352080.0,262000,33400,25144,NSE,UDIFF F&O BHAVCOPY,FUTURE,SRF
2026-06-18,FO,NSE,STF,SRF,SRF,2026-08-25,,,2740.0,2745.0,2716.5,2743.0,2741.0,2743.0,22,12031480.0,12000,1200,25147,NSE,UDIFF F&O BHAVCOPY,FUTURE,SRF
2026-06-18,FO,NSE,STF,SRF,SRF,2026-06-30,,,2721.9,2727.4,2682.8,2714.3,2714.5,2714.3,1575,853432660.0,2976000,-7400,25214,NSE,UDIFF F&O BHAVCOPY,FUTURE,SRF
2026-06-18,FO,NSE,STF,SWIGGY,SWIGGY,2026-08-25,,,262.95,262.95,256.0,259.25,260.0,259.25,40,18864751.25,302950,56575,25292,NSE,UDIFF F&O BHAVCOPY,FUTURE,SWIGGY
2026-06-18,FO,NSE,STF,SWIGGY,SWIGGY,2026-07-28,,,261.45,263.25,254.5,258.0,258.5,258.0,552,259317352.5,2085975,375950,25358,NSE,UDIFF F&O BHAVCOPY,FUTURE,SWIGGY
2026-06-18,FO,NSE,STF,SWIGGY,SWIGGY,2026-06-30,,,262.95,262.95,253.05,256.5,257.0,256.5,4557,1517264840.0,56778800,-115700,25378,NSE,UDIFF F&O BHAVCOPY,FUTURE,SWIGGY
2026-06-18,FO,NSE,STF,ZYDUSLIFE,ZYDUSLIFE,2026-08-25,,,1095.0,1095.0,1088.3,1088.4,1088.4,1087.8,7,6871410.0,54000,2700,25423,NSE,UDIFF F&O BHAVCOPY,FUTURE,ZYDUSLIFE
2026-06-18,FO,NSE,STF,ZYDUSLIFE,ZYDUSLIFE,2026-06-30,,,1063.4,1087.1,1063.4,1078.8,1080.3,1078.8,1322,1283421870.0,10660500,-69300,25486,NSE,UDIFF F&O BHAVCOPY,FUTURE,ZYDUSLIFE
2026-06-18,FO,NSE,STF,ZYDUSLIFE,ZYDUSLIFE,2026-07-28,,,1077.9,1091.0,1077.1,1083.8,1082.3,1083.8,154,150216750.0,383400,49500,25545,NSE,UDIFF F&O BHAVCOPY,FUTURE,ZYDUSLIFE
2026-06-18,FO,NSE,STF,ASHOKLEY,ASHOKLEY,2026-07-28,,,160.37,160.37,158.46,159.69,159.71,159.69,860,684649450.0,16835000,1580000,25588,NSE,UDIFF F&O BHAVCOPY,FUTURE,ASHOKLEY
2026-06-18,FO,NSE,STF,ASHOKLEY,ASHOKLEY,2026-08-25,,,161.25,161.25,159.37,160.44,160.56,160.44,92,73631900.0,3120000,120000,25605,NSE,UDIFF F&O BHAVCOPY,FUTURE,ASHOKLEY
2026-06-18,FO,NSE,STF,ASHOKLEY,ASHOKLEY,2026-06-30,,,159.85,159.85,157.6,158.92,158.93,158.92,2766,2192788350.0,169405000,170000,25689,NSE,UDIFF F&O BHAVCOPY,FUTURE,ASHOKLEY
2026-06-18,FO,NSE,STF,CHOLAFIN,CHOLAFIN,2026-06-30,,,1681.5,1693.9,1664.0,1691.2,1690.1,1691.2,1445,1520643687.5,14820625,-199375,25769,NSE,UDIFF F&O BHAVCOPY,FUTURE,CHOLAFIN
2026-06-18,FO,NSE,STF,CHOLAFIN,CHOLAFIN,2026-08-25,,,1690.1,1703.0,1690.0,1703.0,1703.0,1703.0,13,13768812.5,13750,-2500,25854,NSE,UDIFF F&O BHAVCOPY,FUTURE,CHOLAFIN
2026-06-18,FO,NSE,STF,CHOLAFIN,CHOLAFIN,2026-07-28,,,1676.1,1702.5,1674.4,1700.4,1701.9,1700.4,107,113270312.5,2548125,20625,25865,NSE,UDIFF F&O BHAVCOPY,FUTURE,CHOLAFIN
2026-06-18,FO,NSE,STF,IEX,IEX,2026-08-25,,,126.41,126.7,125.5,125.5,125.5,125.5,15,8228721.0,504600,43500,25949,NSE,UDIFF F&O BHAVCOPY,FUTURE,IEX
2026-06-18,FO,NSE,STF,IEX,IEX,2026-07-28,,,125.87,126.36,124.65,124.8,124.9,124.8,364,198097782.0,7782150,1030950,25975,NSE,UDIFF F&O BHAVCOPY,FUTURE,IEX
2026-06-18,FO,NSE,STF,IEX,IEX,2026-06-30,,,125.02,125.7,123.91,124.16,124.19,124.16,1078,503266987.5,72746250,48750,25976,NSE,UDIFF F&O BHAVCOPY,FUTURE,IEX
2026-06-18,FO,NSE,STF,VMM,VMM,2026-08-25,,,121.13,121.13,119.06,119.06,119.06,119.33,9,5246342.0,116400,33950,26128,NSE,UDIFF F&O BHAVCOPY,FUTURE,VMM
2026-06-18,FO,NSE,STF,VMM,VMM,2026-07-28,,,120.7,120.98,118.55,119.01,119.26,119.01,52,30093619.5,1130050,111550,26130,NSE,UDIFF F&O BHAVCOPY,FUTURE,VMM
2026-06-18,FO,NSE,STF,VMM,VMM,2026-06-30,,,117.55,120.24,117.55,118.28,118.32,118.28,892,513379969.0,37611750,155200,26152,NSE,UDIFF F&O BHAVCOPY,FUTURE,VMM
2026-06-18,FO,NSE,STF,ADANIGREEN,ADANIGREEN,2026-06-30,,,1473.0,1530.0,1471.1,1516.6,1525.5,1516.6,6196,5580866700.0,21481800,333600,26371,NSE,UDIFF F&O BHAVCOPY,FUTURE,ADANIGREEN
2026-06-18,FO,NSE,STF,ADANIGREEN,ADANIGREEN,2026-08-25,,,1490.1,1542.0,1487.0,1529.4,1540.0,1529.4,51,46454400.0,88800,2400,26444,NSE,UDIFF F&O BHAVCOPY,FUTURE,ADANIGREEN
2026-06-18,FO,NSE,STF,ADANIGREEN,ADANIGREEN,2026-07-28,,,1489.0,1536.1,1478.9,1523.7,1532.3,1523.7,597,540189840.0,735600,-18600,26446,NSE,UDIFF F&O BHAVCOPY,FUTURE,ADANIGREEN
2026-06-18,FO,NSE,STF,ADANIPORTS,ADANIPORTS,2026-08-25,,,1864.1,1874.3,1848.9,1869.4,1870.0,1869.4,66,58441577.5,221825,7600,26535,NSE,UDIFF F&O BHAVCOPY,FUTURE,ADANIPORTS
2026-06-18,FO,NSE,STF,ADANIPORTS,ADANIPORTS,2026-06-30,,,1830.2,1854.2,1825.2,1849.3,1850.9,1849.3,3868,3385864885.0,20901425,-48450,26573,NSE,UDIFF F&O BHAVCOPY,FUTURE,ADANIPORTS
2026-06-18,FO,NSE,STF,ADANIPORTS,ADANIPORTS,2026-07-28,,,1854.1,1863.4,1837.1,1858.7,1862.0,1858.7,663,583043262.5,1772225,98325,26635,NSE,UDIFF F&O BHAVCOPY,FUTURE,ADANIPORTS
2026-06-18,FO,NSE,STF,BAJAJFINSV,BAJAJFINSV,2026-06-30,,,1784.2,1784.2,1756.1,1777.2,1777.9,1777.2,2773,1225951175.0,10352750,54500,26676,NSE,UDIFF F&O BHAVCOPY,FUTURE,BAJAJFINSV
2026-06-18,FO,NSE,STF,BAJAJFINSV,BAJAJFINSV,2026-08-25,,,1782.0,1796.9,1775.0,1796.9,1796.9,1796.9,33,17604720.0,57600,7200,26761,NSE,UDIFF F&O BHAVCOPY,FUTURE,BAJAJFINSV
2026-06-18,FO,NSE,STF,BAJAJFINSV,BAJAJFINSV,2026-07-28,,,1782.0,1790.0,1765.0,1786.0,1786.8,1786.0,695,370032210.0,2163900,122700,26799,NSE,UDIFF F&O BHAVCOPY,FUTURE,BAJAJFINSV
2026-06-18,FO,NSE,STF,BLUESTARCO,BLUESTARCO,2026-07-28,,,1693.9,1707.7,1680.0,1689.1,1685.6,1689.1,1297,713916125.0,483600,71175,26854,NSE,UDIFF F&O BHAVCOPY,FUTURE,BLUESTARCO
2026-06-18,FO,NSE,STF,BLUESTARCO,BLUESTARCO,2026-08-25,,,1702.1,1704.1,1688.8,1688.8,1688.8,1688.8,21,11589857.5,14950,3900,26888,NSE,UDIFF F&O BHAVCOPY,FUTURE,BLUESTARCO
2026-06-18,FO,NSE,STF,BLUESTARCO,BLUESTARCO,2026-06-30,,,1701.0,1714.3,1686.7,1698.5,1696.0,1698.5,2235,1234820145.0,2711475,8125,26911,NSE,UDIFF F&O BHAVCOPY,FUTURE,BLUESTARCO
2026-06-18,FO,NSE,STF,DABUR,DABUR,2026-08-25,,,427.0,432.0,427.0,430.0,429.95,430.0,24,12897000.0,338750,16250,27008,NSE,UDIFF F&O BHAVCOPY,FUTURE,DABUR
2026-06-18,FO,NSE,STF,DABUR,DABUR,2026-07-28,,,427.0,429.55,425.0,427.0,426.75,427.0,584,311576312.5,3593750,450000,27029,NSE,UDIFF F&O BHAVCOPY,FUTURE,DABUR
2026-06-18,FO,NSE,STF,DABUR,DABUR,2026-06-30,,,430.7,432.45,427.05,429.9,429.55,429.9,1927,1035270000.0,20585000,171250,27156,NSE,UDIFF F&O BHAVCOPY,FUTURE,DABUR
2026-06-18,FO,NSE,STF,IOC,IOC,2026-06-30,,,146.98,147.75,145.6,146.47,146.5,146.47,1858,1327991340.0,116707500,-1750125,27309,NSE,UDIFF F&O BHAVCOPY,FUTURE,IOC
2026-06-18,FO,NSE,STF,IOC,IOC,2026-07-28,,,147.45,148.3,146.33,146.98,147.2,146.98,738,529967685.0,9145500,2130375,27354,NSE,UDIFF F&O BHAVCOPY,FUTURE,IOC
2026-06-18,FO,NSE,STF,IOC,IOC,2026-08-25,,,147.17,148.38,146.27,146.79,146.93,146.79,71,50998691.25,1311375,151125,27357,NSE,UDIFF F&O BHAVCOPY,FUTURE,IOC
2026-06-18,FO,NSE,STF,ITC,ITC,2026-07-28,,,293.4,293.95,290.8,293.3,293.6,293.3,1074,541835006.25,15493950,1000500,27627,NSE,UDIFF F&O BHAVCOPY,FUTURE,ITC
2026-06-18,FO,NSE,STF,ITC,ITC,2026-08-25,,,294.35,295.35,292.15,294.6,294.9,294.6,136,68978782.5,3272325,132825,27662,NSE,UDIFF F&O BHAVCOPY,FUTURE,ITC
2026-06-18,FO,NSE,STF,ITC,ITC,2026-06-30,,,290.9,292.1,289.0,291.55,291.5,291.55,4814,2241889760.0,145560000,-1112000,27663,NSE,UDIFF F&O BHAVCOPY,FUTURE,ITC
2026-06-18,FO,NSE,STF,MAXHEALTH,MAXHEALTH,2026-07-28,,,1035.0,1101.95,1035.0,1099.6,1101.95,1099.6,1014,576860261.25,352800,78225,27752,NSE,UDIFF F&O BHAVCOPY,FUTURE,MAXHEALTH
2026-06-18,FO,NSE,STF,MAXHEALTH,MAXHEALTH,2026-06-30,,,1031.0,1100.0,1028.8,1095.4,1100.0,1095.4,7307,4150253047.5,11671800,-105000,27817,NSE,UDIFF F&O BHAVCOPY,FUTURE,MAXHEALTH
2026-06-18,FO,NSE,STF,MAXHEALTH,MAXHEALTH,2026-08-25,,,1042.0,1100.0,1042.0,1097.35,1100.0,1097.35,64,36549896.25,27300,14700,27882,NSE,UDIFF F&O BHAVCOPY,FUTURE,MAXHEALTH
2026-06-18,FO,NSE,IDF,NIFTYNXT50,NIFTYNXT50,2026-07-28,,,72600.0,72949.8,72312.0,72834.6,72949.8,72834.6,33,59889025.0,3300,350,28123,NSE,UDIFF F&O BHAVCOPY,FUTURE,NIFTYNXT50
2026-06-18,FO,NSE,IDF,NIFTYNXT50,NIFTYNXT50,2026-06-30,,,72267.6,72735.0,72090.0,72594.0,72735.0,72594.0,141,255166330.0,16700,-1725,28389,NSE,UDIFF F&O BHAVCOPY,FUTURE,NIFTYNXT50
2026-06-18,FO,NSE,IDF,NIFTYNXT50,NIFTYNXT50,2026-08-25,,,0.0,0.0,0.0,72009.0,0.0,73498.2,0,0.0,0,0,28480,NSE,UDIFF F&O BHAVCOPY,FUTURE,NIFTYNXT50
2026-06-18,FO,NSE,STF,OFSS,OFSS,2026-08-25,,,9425.0,9497.0,9385.0,9425.0,9425.0,9516.5,17,16055500.0,5800,400,29278,NSE,UDIFF F&O BHAVCOPY,FUTURE,OFSS
2026-06-18,FO,NSE,STF,OFSS,OFSS,2026-06-30,,,9481.5,9482.0,9323.0,9435.5,9445.0,9435.5,1355,955557150.0,1181475,6150,29299,NSE,UDIFF F&O BHAVCOPY,FUTURE,OFSS
2026-06-18,FO,NSE,STF,OFSS,OFSS,2026-07-28,,,9401.0,9471.5,9331.0,9445.5,9460.0,9445.5,148,139319150.0,42300,5700,29336,NSE,UDIFF F&O BHAVCOPY,FUTURE,OFSS
2026-06-18,FO,NSE,STF,PIDILITIND,PIDILITIND,2026-07-28,,,1585.0,1586.0,1574.3,1583.7,1580.0,1583.7,35,27656450.0,139000,1500,29571,NSE,UDIFF F&O BHAVCOPY,FUTURE,PIDILITIND
2026-06-18,FO,NSE,STF,PIDILITIND,PIDILITIND,2026-06-30,,,1570.6,1592.5,1570.6,1586.2,1581.2,1586.2,595,470860250.0,7309500,26000,29626,NSE,UDIFF F&O BHAVCOPY,FUTURE,PIDILITIND
2026-06-18,FO,NSE,STF,PIDILITIND,PIDILITIND,2026-08-25,,,1586.9,1590.6,1583.0,1590.3,1590.0,1590.3,5,3968700.0,16000,500,29675,NSE,UDIFF F&O BHAVCOPY,FUTURE,PIDILITIND
2026-06-18,FO,NSE,STF,SBIN,SBIN,2026-07-28,,,1035.0,1052.7,1032.05,1050.8,1051.5,1050.8,2759,2161536075.0,10178250,519750,29714,NSE,UDIFF F&O BHAVCOPY,FUTURE,SBIN
2026-06-18,FO,NSE,STF,SBIN,SBIN,2026-06-30,,,1029.2,1046.8,1026.0,1044.85,1046.2,1044.85,21841,17014583137.5,71765250,-2705250,29821,NSE,UDIFF F&O BHAVCOPY,FUTURE,SBIN
2026-06-18,FO,NSE,STF,SBIN,SBIN,2026-08-25,,,1039.4,1057.0,1037.7,1055.6,1056.0,1055.6,534,420408112.5,936750,-2250,29868,NSE,UDIFF F&O BHAVCOPY,FUTURE,SBIN
2026-06-18,FO,NSE,STF,HDFCAMC,HDFCAMC,2026-07-28,,,2723.6,2747.0,2703.0,2742.0,2746.9,2742.0,148,121035090.0,126000,-3300,30095,NSE,UDIFF F&O BHAVCOPY,FUTURE,HDFCAMC
2026-06-18,FO,NSE,STF,HDFCAMC,HDFCAMC,2026-06-30,,,2723.7,2738.1,2691.0,2731.4,2735.2,2731.4,1831,1493089260.0,5558400,-56400,30196,NSE,UDIFF F&O BHAVCOPY,FUTURE,HDFCAMC
2026-06-18,FO,NSE,STF,HDFCAMC,HDFCAMC,2026-08-25,,,2742.0,2748.0,2729.0,2748.0,2748.0,2748.0,8,6570150.0,13500,0,30295,NSE,UDIFF F&O BHAVCOPY,FUTURE,HDFCAMC
2026-06-18,FO,NSE,STF,360ONE,360ONE,2026-07-28,,,1155.0,1173.9,1148.8,1152.7,1153.0,1152.7,150,87107000.0,92000,12500,30346,NSE,UDIFF F&O BHAVCOPY,FUTURE,360ONE
2026-06-18,FO,NSE,STF,360ONE,360ONE,2026-06-30,,,1145.7,1167.5,1141.8,1146.2,1148.0,1146.2,2862,1650989450.0,5972500,237000,30351,NSE,UDIFF F&O BHAVCOPY,FUTURE,360ONE
2026-06-18,FO,NSE,STF,360ONE,360ONE,2026-08-25,,,1160.0,1177.5,1157.0,1157.0,1157.0,1157.0,8,4675200.0,11000,1500,30388,NSE,UDIFF F&O BHAVCOPY,FUTURE,360ONE
2026-06-18,FO,NSE,STF,ADANIENT,ADANIENT,2026-08-25,,,2995.6,3090.6,2987.0,3064.5,3075.4,3064.5,74,69457483.5,55311,4635,30493,NSE,UDIFF F&O BHAVCOPY,FUTURE,ADANIENT
2026-06-18,FO,NSE,STF,ADANIENT,ADANIENT,2026-06-30,,,2962.0,3054.0,2945.2,3028.3,3047.1,3028.3,9737,9031939478.4,18737451,108150,30512,NSE,UDIFF F&O BHAVCOPY,FUTURE,ADANIENT
2026-06-18,FO,NSE,STF,ADANIENT,ADANIENT,2026-07-28,,,2980.0,3069.0,2964.1,3042.0,3053.0,3042.0,1245,1158486824.7,1064814,95790,30541,NSE,UDIFF F&O BHAVCOPY,FUTURE,ADANIENT
2026-06-18,FO,NSE,STF,JSWSTEEL,JSWSTEEL,2026-08-25,,,1300.0,1307.6,1297.4,1302.5,1305.0,1302.5,156,136468665.0,57375,17550,30683,NSE,UDIFF F&O BHAVCOPY,FUTURE,JSWSTEEL
2026-06-18,FO,NSE,STF,JSWSTEEL,JSWSTEEL,2026-07-28,,,1293.0,1301.2,1290.0,1297.1,1296.2,1297.1,452,395032477.5,2397600,137700,30782,NSE,UDIFF F&O BHAVCOPY,FUTURE,JSWSTEEL
2026-06-18,FO,NSE,STF,JSWSTEEL,JSWSTEEL,2026-06-30,,,1285.1,1299.8,1285.1,1296.8,1296.1,1296.8,1646,1438148992.5,39872925,122850,30803,NSE,UDIFF F&O BHAVCOPY,FUTURE,JSWSTEEL
2026-06-18,FO,NSE,STF,LICI,LICI,2026-07-28,,,419.4,437.15,417.05,426.45,425.5,426.45,2708,1622731880.0,6298600,1274000,30833,NSE,UDIFF F&O BHAVCOPY,FUTURE,LICI
2026-06-18,FO,NSE,STF,LICI,LICI,2026-06-30,,,418.05,438.35,418.05,426.7,426.75,426.7,7991,4798486280.0,21618800,1079400,30877,NSE,UDIFF F&O BHAVCOPY,FUTURE,LICI
2026-06-18,FO,NSE,STF,LICI,LICI,2026-08-25,,,419.5,436.0,418.95,426.75,427.5,426.75,260,155698060.0,779800,51800,31017,NSE,UDIFF F&O BHAVCOPY,FUTURE,LICI
2026-06-18,FO,NSE,STF,PREMIERENE,PREMIERENE,2026-06-30,,,1063.5,1066.4,1049.2,1062.7,1063.6,1062.7,1140,693446895.0,9253475,-155250,31100,NSE,UDIFF F&O BHAVCOPY,FUTURE,PREMIERENE
2026-06-18,FO,NSE,STF,PREMIERENE,PREMIERENE,2026-07-28,,,1060.0,1068.1,1052.7,1065.4,1068.1,1065.4,133,91520325.0,215150,39000,31116,NSE,UDIFF F&O BHAVCOPY,FUTURE,PREMIERENE
2026-06-18,FO,NSE,STF,PREMIERENE,PREMIERENE,2026-08-25,,,1060.0,1060.0,1060.0,1060.0,1060.0,1070.9,2,1378000.0,20800,650,31117,NSE,UDIFF F&O BHAVCOPY,FUTURE,PREMIERENE
2026-06-18,FO,NSE,STF,SAIL,SAIL,2026-08-25,,,185.0,185.5,183.4,184.0,184.0,184.0,7,6074844.0,940000,0,31247,NSE,UDIFF F&O BHAVCOPY,FUTURE,SAIL
2026-06-18,FO,NSE,STF,SAIL,SAIL,2026-07-28,,,181.0,185.25,180.68,183.47,183.68,183.47,410,353131586.0,20689400,813100,31298,NSE,UDIFF F&O BHAVCOPY,FUTURE,SAIL
2026-06-18,FO,NSE,STF,SAIL,SAIL,2026-06-30,,,179.3,184.19,179.3,182.42,182.35,182.42,2195,1880512253.0,162704600,-1861200,31350,NSE,UDIFF F&O BHAVCOPY,FUTURE,SAIL
2026-06-18,FO,NSE,STF,SUZLON,SUZLON,2026-07-28,,,59.78,59.81,58.8,58.95,58.95,58.95,1161,872918371.0,42913300,7531100,31431,NSE,UDIFF F&O BHAVCOPY,FUTURE,SUZLON
2026-06-18,FO,NSE,STF,SUZLON,SUZLON,2026-06-30,,,59.31,59.59,58.48,58.66,58.61,58.66,3911,2078087114.0,369754250,2517975,31450,NSE,UDIFF F&O BHAVCOPY,FUTURE,SUZLON
2026-06-18,FO,NSE,STF,SUZLON,SUZLON,2026-08-25,,,60.05,60.05,59.2,59.33,59.31,59.33,89,67330574.0,6388100,622300,31469,NSE,UDIFF F&O BHAVCOPY,FUTURE,SUZLON
2026-06-18,FO,NSE,STF,POLICYBZR,POLICYBZR,2026-07-28,,,1614.6,1622.0,1604.3,1620.2,1620.2,1620.2,122,68930190.0,207550,7000,31545,NSE,UDIFF F&O BHAVCOPY,FUTURE,POLICYBZR
2026-06-18,FO,NSE,STF,POLICYBZR,POLICYBZR,2026-08-25,,,1615.5,1626.3,1615.5,1626.3,1626.3,1626.3,2,1134630.0,14000,350,31563,NSE,UDIFF F&O BHAVCOPY,FUTURE,POLICYBZR
2026-06-18,FO,NSE,STF,POLICYBZR,POLICYBZR,2026-06-30,,,1626.9,1626.9,1605.7,1620.5,1619.1,1620.5,1382,782009165.0,6363350,42350,31609,NSE,UDIFF F&O BHAVCOPY,FUTURE,POLICYBZR
2026-06-18,FO,NSE,STF,UPL,UPL,2026-06-30,,,616.75,618.45,610.85,613.45,612.8,613.45,777,646310000.25,26426565,185635,31669,NSE,UDIFF F&O BHAVCOPY,FUTURE,UPL
2026-06-18,FO,NSE,STF,UPL,UPL,2026-07-28,,,617.6,619.75,612.05,613.9,613.0,613.9,201,167345955.25,1333320,135500,31726,NSE,UDIFF F&O BHAVCOPY,FUTURE,UPL
2026-06-18,FO,NSE,STF,UPL,UPL,2026-08-25,,,619.0,621.0,612.5,614.2,613.45,614.2,160,133164793.0,627365,178860,31771,NSE,UDIFF F&O BHAVCOPY,FUTURE,UPL
2026-06-18,FO,NSE,STF,VEDL,VEDL,2026-07-28,,,307.0,311.1,304.9,307.85,308.0,307.85,684,242075345.0,3401700,205850,31941,NSE,UDIFF F&O BHAVCOPY,FUTURE,VEDL
2026-06-18,FO,NSE,STF,VEDL,VEDL,2026-08-25,,,311.6,311.6,306.65,309.5,309.5,309.5,33,11748515.0,662400,13800,31988,NSE,UDIFF F&O BHAVCOPY,FUTURE,VEDL
2026-06-18,FO,NSE,STF,VEDL,VEDL,2026-06-30,,,307.1,309.7,302.95,306.5,306.4,306.5,5168,1819080695.0,46931500,-1020050,31989,NSE,UDIFF F&O BHAVCOPY,FUTURE,VEDL
2026-06-18,FO,NSE,STF,ASIANPAINT,ASIANPAINT,2026-07-28,,,2743.0,2755.0,2727.2,2751.3,2747.1,2751.3,175,120099325.0,374750,11750,32094,NSE,UDIFF F&O BHAVCOPY,FUTURE,ASIANPAINT
2026-06-18,FO,NSE,STF,ASIANPAINT,ASIANPAINT,2026-06-30,,,2722.5,2738.9,2710.4,2734.0,2727.1,2734.0,2512,1713473875.0,9659000,-154000,32140,NSE,UDIFF F&O BHAVCOPY,FUTURE,ASIANPAINT
2026-06-18,FO,NSE,STF,ASIANPAINT,ASIANPAINT,2026-08-25,,,2753.6,2762.4,2744.0,2758.0,2758.0,2789.2,16,11028550.0,35500,0,32178,NSE,UDIFF F&O BHAVCOPY,FUTURE,ASIANPAINT
2026-06-18,FO,NSE,STF,BRITANNIA,BRITANNIA,2026-07-28,,,5254.5,5287.0,5240.0,5283.0,5275.0,5283.0,126,82910437.5,75375,5500,32268,NSE,UDIFF F&O BHAVCOPY,FUTURE,BRITANNIA
2026-06-18,FO,NSE,STF,BRITANNIA,BRITANNIA,2026-08-25,,,5185.0,5220.0,5185.0,5220.0,5220.0,5220.0,46,29911250.0,28125,3625,32336,NSE,UDIFF F&O BHAVCOPY,FUTURE,BRITANNIA
2026-06-18,FO,NSE,STF,BRITANNIA,BRITANNIA,2026-06-30,,,5222.5,5255.0,5208.0,5251.5,5240.0,5251.5,2559,1674141750.0,2562500,-30250,32386,NSE,UDIFF F&O BHAVCOPY,FUTURE,BRITANNIA
2026-06-18,FO,NSE,STF,GRASIM,GRASIM,2026-07-28,,,3180.7,3180.7,3140.0,3169.0,3172.0,3169.0,187,147653425.0,861000,12250,32465,NSE,UDIFF F&O BHAVCOPY,FUTURE,GRASIM
2026-06-18,FO,NSE,STF,GRASIM,GRASIM,2026-06-30,,,3173.0,3173.0,3122.4,3150.4,3146.5,3150.4,2446,1919967800.0,13699250,91000,32472,NSE,UDIFF F&O BHAVCOPY,FUTURE,GRASIM
2026-06-18,FO,NSE,STF,GRASIM,GRASIM,2026-08-25,,,3167.5,3168.0,3150.0,3168.0,3168.0,3184.2,7,5533300.0,7750,750,32582,NSE,UDIFF F&O BHAVCOPY,FUTURE,GRASIM
2026-06-18,FO,NSE,STF,HDFCLIFE,HDFCLIFE,2026-07-28,,,587.0,595.45,586.15,594.45,594.0,594.45,707,460426945.0,4871900,239800,32640,NSE,UDIFF F&O BHAVCOPY,FUTURE,HDFCLIFE
2026-06-18,FO,NSE,STF,HDFCLIFE,HDFCLIFE,2026-06-30,,,581.0,591.85,581.0,590.75,590.55,590.75,4136,2678215100.0,40602100,-916300,32755,NSE,UDIFF F&O BHAVCOPY,FUTURE,HDFCLIFE
2026-06-18,FO,NSE,STF,HDFCLIFE,HDFCLIFE,2026-08-25,,,590.0,597.45,590.0,597.0,597.0,597.0,79,51670300.0,293700,1100,32856,NSE,UDIFF F&O BHAVCOPY,FUTURE,HDFCLIFE
2026-06-18,FO,NSE,STF,ICICIBANK,ICICIBANK,2026-06-30,,,1339.4,1352.8,1336.6,1348.0,1346.5,1348.0,13298,12525464630.0,135143400,1442000,33050,NSE,UDIFF F&O BHAVCOPY,FUTURE,ICICIBANK
2026-06-18,FO,NSE,STF,ICICIBANK,ICICIBANK,2026-07-28,,,1345.0,1358.9,1343.6,1353.7,1354.0,1353.7,1889,1787450140.0,8232000,791700,33058,NSE,UDIFF F&O BHAVCOPY,FUTURE,ICICIBANK
2026-06-18,FO,NSE,STF,ICICIBANK,ICICIBANK,2026-08-25,,,1344.0,1355.3,1340.0,1350.5,1348.0,1350.5,307,289942100.0,1113700,121800,33089,NSE,UDIFF F&O BHAVCOPY,FUTURE,ICICIBANK
2026-06-18,FO,NSE,STF,ICICIGI,ICICIGI,2026-06-30,,,1783.0,1853.1,1783.0,1846.8,1845.0,1846.8,1938,1154479982.5,4485650,109525,33152,NSE,UDIFF F&O BHAVCOPY,FUTURE,ICICIGI
2026-06-18,FO,NSE,STF,ICICIGI,ICICIGI,2026-08-25,,,1849.0,1864.0,1843.1,1863.3,1863.0,1863.3,16,9647495.0,5200,-650,33172,NSE,UDIFF F&O BHAVCOPY,FUTURE,ICICIGI
2026-06-18,FO,NSE,STF,ICICIGI,ICICIGI,2026-07-28,,,1821.5,1856.3,1821.5,1854.4,1856.3,1854.4,74,44285962.5,296075,3900,33226,NSE,UDIFF F&O BHAVCOPY,FUTURE,ICICIGI
2026-06-18,FO,NSE,STF,INFY,INFY,2026-06-30,,,1141.1,1142.2,1123.8,1125.2,1125.7,1125.2,39474,17818306720.0,93860800,3824000,33483,NSE,UDIFF F&O BHAVCOPY,FUTURE,INFY
2026-06-18,FO,NSE,STF,INFY,INFY,2026-07-28,,,1144.0,1144.0,1124.0,1125.4,1125.7,1125.4,13058,5894038320.0,15724800,4006400,33557,NSE,UDIFF F&O BHAVCOPY,FUTURE,INFY
2026-06-18,FO,NSE,STF,INFY,INFY,2026-08-25,,,1145.5,1145.5,1126.4,1127.8,1129.0,1127.8,1155,522659680.0,1098800,352000,33587,NSE,UDIFF F&O BHAVCOPY,FUTURE,INFY
2026-06-18,FO,NSE,STF,KFINTECH,KFINTECH,2026-08-25,,,887.5,906.4,887.5,900.55,901.35,900.55,31,16058542.5,290375,-2875,33699,NSE,UDIFF F&O BHAVCOPY,FUTURE,KFINTECH
2026-06-18,FO,NSE,STF,KFINTECH,KFINTECH,2026-06-30,,,912.0,919.0,896.65,909.5,909.5,909.5,4496,2046833475.0,5061000,192500,33766,NSE,UDIFF F&O BHAVCOPY,FUTURE,KFINTECH
2026-06-18,FO,NSE,STF,KFINTECH,KFINTECH,2026-07-28,,,894.1,909.45,888.1,901.5,902.45,901.5,581,301038375.0,792350,136275,33825,NSE,UDIFF F&O BHAVCOPY,FUTURE,KFINTECH
2026-06-18,FO,NSE,STF,MUTHOOTFIN,MUTHOOTFIN,2026-06-30,,,3177.2,3187.9,3130.4,3175.8,3171.4,3175.8,2752,2392704462.5,3837625,-4950,33860,NSE,UDIFF F&O BHAVCOPY,FUTURE,MUTHOOTFIN
2026-06-18,FO,NSE,STF,MUTHOOTFIN,MUTHOOTFIN,2026-07-28,,,3196.5,3196.5,3134.0,3175.0,3176.0,3175.0,745,647330117.5,330000,71500,33866,NSE,UDIFF F&O BHAVCOPY,FUTURE,MUTHOOTFIN
2026-06-18,FO,NSE,STF,MUTHOOTFIN,MUTHOOTFIN,2026-08-25,,,3175.7,3187.0,3150.0,3184.0,3185.1,3184.0,28,24420522.5,32725,4675,33963,NSE,UDIFF F&O BHAVCOPY,FUTURE,MUTHOOTFIN
2026-06-18,FO,NSE,STF,PFC,PFC,2026-06-30,,,433.85,437.4,422.75,428.9,429.55,428.9,5111,2857352030.0,48176700,-322400,34064,NSE,UDIFF F&O BHAVCOPY,FUTURE,PFC
2026-06-18,FO,NSE,STF,PFC,PFC,2026-07-28,,,434.1,437.7,423.3,429.4,429.15,429.4,1091,609717030.0,7805200,490100,34118,NSE,UDIFF F&O BHAVCOPY,FUTURE,PFC
2026-06-18,FO,NSE,STF,PFC,PFC,2026-08-25,,,432.6,437.0,422.8,429.65,429.6,429.65,156,87359415.0,465400,91000,34142,NSE,UDIFF F&O BHAVCOPY,FUTURE,PFC
2026-06-18,FO,NSE,STF,SAMMAANCAP,SAMMAANCAP,2026-06-30,,,177.04,177.44,173.5,175.16,175.19,175.16,1474,1107605610.0,71509000,-1474900,34183,NSE,UDIFF F&O BHAVCOPY,FUTURE,SAMMAANCAP
2026-06-18,FO,NSE,STF,SUPREMEIND,SUPREMEIND,2026-06-30,,,3510.0,3547.0,3487.6,3506.0,3525.9,3506.0,999,613693342.5,2205700,35350,34254,NSE,UDIFF F&O BHAVCOPY,FUTURE,SUPREMEIND
2026-06-18,FO,NSE,STF,SUPREMEIND,SUPREMEIND,2026-07-28,,,3538.4,3557.8,3508.2,3527.9,3540.0,3527.9,128,79223305.0,74550,6475,34282,NSE,UDIFF F&O BHAVCOPY,FUTURE,SUPREMEIND
2026-06-18,FO,NSE,STF,SUPREMEIND,SUPREMEIND,2026-08-25,,,3565.0,3565.0,3533.8,3535.0,3535.0,3568.3,5,3105340.0,4200,-350,34338,NSE,UDIFF F&O BHAVCOPY,FUTURE,SUPREMEIND
2026-06-18,FO,NSE,STF,UNOMINDA,UNOMINDA,2026-07-28,,,1098.3,1111.0,1098.3,1108.0,1108.9,1108.0,46,28024920.0,91850,-1100,34404,NSE,UDIFF F&O BHAVCOPY,FUTURE,UNOMINDA
2026-06-18,FO,NSE,STF,UNOMINDA,UNOMINDA,2026-08-25,,,1112.0,1115.9,1111.0,1115.9,1115.9,1111.6,12,7354930.0,17600,3300,34428,NSE,UDIFF F&O BHAVCOPY,FUTURE,UNOMINDA
2026-06-18,FO,NSE,STF,UNOMINDA,UNOMINDA,2026-06-30,,,1092.5,1107.5,1089.7,1101.2,1102.5,1101.2,505,305753250.0,4923050,29150,34460,NSE,UDIFF F&O BHAVCOPY,FUTURE,UNOMINDA
2026-06-18,FO,NSE,STF,MARUTI,MARUTI,2026-07-28,,,13740.0,13790.0,13560.0,13608.0,13622.0,13608.0,1136,775329150.0,370100,30000,34479,NSE,UDIFF F&O BHAVCOPY,FUTURE,MARUTI
2026-06-18,FO,NSE,STF,MARUTI,MARUTI,2026-06-30,,,13640.0,13721.0,13478.0,13537.0,13545.0,13537.0,4517,3063827800.0,3165550,-42100,34503,NSE,UDIFF F&O BHAVCOPY,FUTURE,MARUTI
2026-06-18,FO,NSE,STF,MARUTI,MARUTI,2026-08-25,,,13722.0,13723.0,13493.0,13548.0,13565.0,13548.0,156,105856100.0,22700,5750,34594,NSE,UDIFF F&O BHAVCOPY,FUTURE,MARUTI
2026-06-18,FO,NSE,STF,SUNPHARMA,SUNPHARMA,2026-07-28,,,1822.9,1838.0,1820.0,1835.7,1835.0,1835.7,372,238272020.0,611450,24500,34737,NSE,UDIFF F&O BHAVCOPY,FUTURE,SUNPHARMA
2026-06-18,FO,NSE,STF,SUNPHARMA,SUNPHARMA,2026-06-30,,,1818.5,1832.7,1814.7,1829.8,1830.4,1829.8,4306,2750982185.0,21052500,23450,34789,NSE,UDIFF F&O BHAVCOPY,FUTURE,SUNPHARMA
2026-06-18,FO,NSE,STF,SUNPHARMA,SUNPHARMA,2026-08-25,,,1843.1,1848.5,1829.1,1842.7,1842.6,1842.7,23,14831005.0,18900,-700,34798,NSE,UDIFF F&O BHAVCOPY,FUTURE,SUNPHARMA
2026-06-18,FO,NSE,STF,GAIL,GAIL,2026-07-28,,,176.15,178.16,175.2,177.57,177.71,177.57,259,162484139.0,3844650,308850,34863,NSE,UDIFF F&O BHAVCOPY,FUTURE,GAIL
2026-06-18,FO,NSE,STF,GAIL,GAIL,2026-06-30,,,175.22,176.94,174.1,176.57,176.84,176.57,1800,997744702.5,74538450,-233100,34898,NSE,UDIFF F&O BHAVCOPY,FUTURE,GAIL
2026-06-18,FO,NSE,STF,GAIL,GAIL,2026-08-25,,,176.92,178.37,175.83,178.21,178.11,178.21,31,19482187.0,372750,31950,34984,NSE,UDIFF F&O BHAVCOPY,FUTURE,GAIL
2026-06-18,FO,NSE,STF,HAVELLS,HAVELLS,2026-07-28,,,1208.8,1218.0,1195.6,1205.3,1205.0,1205.3,403,242408550.0,613000,69500,35118,NSE,UDIFF F&O BHAVCOPY,FUTURE,HAVELLS
2026-06-18,FO,NSE,STF,HAVELLS,HAVELLS,2026-08-25,,,1216.6,1216.6,1203.5,1212.0,1212.6,1212.0,25,15127850.0,66000,2500,35122,NSE,UDIFF F&O BHAVCOPY,FUTURE,HAVELLS
2026-06-18,FO,NSE,STF,HAVELLS,HAVELLS,2026-06-30,,,1200.0,1211.8,1188.6,1198.8,1199.0,1198.8,1590,952598050.0,9439500,62500,35217,NSE,UDIFF F&O BHAVCOPY,FUTURE,HAVELLS
2026-06-18,FO,NSE,STF,HEROMOTOCO,HEROMOTOCO,2026-08-25,,,5017.1,5030.0,4985.0,5013.9,5010.0,5013.9,31,23286195.0,25650,1350,35316,NSE,UDIFF F&O BHAVCOPY,FUTURE,HEROMOTOCO
2026-06-18,FO,NSE,STF,HEROMOTOCO,HEROMOTOCO,2026-06-30,,,5008.3,5051.0,4995.9,5034.8,5034.3,5034.8,2423,1827041265.0,4114800,24750,35420,NSE,UDIFF F&O BHAVCOPY,FUTURE,HEROMOTOCO
2026-06-18,FO,NSE,STF,HEROMOTOCO,HEROMOTOCO,2026-07-28,,,4999.1,5005.0,4955.1,4989.7,4988.1,4989.7,492,367558320.0,422850,36900,35421,NSE,UDIFF F&O BHAVCOPY,FUTURE,HEROMOTOCO
2026-06-18,FO,NSE,STF,MANKIND,MANKIND,2026-06-30,,,2368.2,2414.9,2368.2,2411.1,2409.1,2411.1,1454,785185200.0,2984175,24075,35535,NSE,UDIFF F&O BHAVCOPY,FUTURE,MANKIND
2026-06-18,FO,NSE,STF,MANKIND,MANKIND,2026-08-25,,,2424.4,2435.9,2413.4,2430.6,2434.2,2430.6,8,4858400.0,13500,1500,35644,NSE,UDIFF F&O BHAVCOPY,FUTURE,MANKIND
2026-06-18,FO,NSE,STF,MANKIND,MANKIND,2026-07-28,,,2382.2,2422.1,2382.2,2419.5,2420.8,2419.5,179,107651250.0,83000,14500,35661,NSE,UDIFF F&O BHAVCOPY,FUTURE,MANKIND
2026-06-18,FO,NSE,STF,MAZDOCK,MAZDOCK,2026-08-25,,,2579.8,2579.8,2532.1,2545.8,2549.9,2545.8,100,57422160.0,36000,8775,35736,NSE,UDIFF F&O BHAVCOPY,FUTURE,MAZDOCK
2026-06-18,FO,NSE,STF,MAZDOCK,MAZDOCK,2026-06-30,,,2560.5,2569.0,2511.0,2530.6,2527.7,2530.6,2829,1434382940.0,4262200,125600,35745,NSE,UDIFF F&O BHAVCOPY,FUTURE,MAZDOCK
2026-06-18,FO,NSE,STF,MAZDOCK,MAZDOCK,2026-07-28,,,2578.3,2579.9,2519.0,2538.5,2537.0,2538.5,767,439044727.5,401400,82800,35866,NSE,UDIFF F&O BHAVCOPY,FUTURE,MAZDOCK
2026-06-18,FO,NSE,IDF,NIFTY,NIFTY,2026-07-28,,,24221.9,24305.2,24138.1,24278.6,24302.9,24278.6,7198,11334127194.0,2043210,59150,36050,NSE,UDIFF F&O BHAVCOPY,FUTURE,NIFTY
2026-06-18,FO,NSE,IDF,NIFTY,NIFTY,2026-08-25,,,24290.0,24400.0,24240.7,24382.4,24400.0,24382.4,2507,3964235054.0,670410,16250,36381,NSE,UDIFF F&O BHAVCOPY,FUTURE,NIFTY
2026-06-18,FO,NSE,IDF,NIFTY,NIFTY,2026-06-30,,,24105.5,24210.0,24032.7,24192.5,24209.0,24192.5,44358,69572871933.5,16511170,-295945,37106,NSE,UDIFF F&O BHAVCOPY,FUTURE,NIFTY
2026-06-18,FO,NSE,STF,NUVAMA,NUVAMA,2026-06-30,,,1738.9,1767.6,1702.2,1715.5,1716.0,1715.5,1651,1432646650.0,1976000,78500,37727,NSE,UDIFF F&O BHAVCOPY,FUTURE,NUVAMA
2026-06-18,FO,NSE,STF,NUVAMA,NUVAMA,2026-07-28,,,1735.0,1757.3,1692.1,1705.9,1709.9,1705.9,509,437933400.0,553000,112000,37728,NSE,UDIFF F&O BHAVCOPY,FUTURE,NUVAMA
2026-06-18,FO,NSE,STF,PETRONET,PETRONET,2026-06-30,,,293.9,294.0,288.0,289.5,289.05,289.5,1278,704047185.0,31640700,250800,37882,NSE,UDIFF F&O BHAVCOPY,FUTURE,PETRONET
2026-06-18,FO,NSE,STF,PETRONET,PETRONET,2026-07-28,,,294.5,295.0,289.65,291.05,290.45,291.05,311,172354890.0,1525700,281200,37971,NSE,UDIFF F&O BHAVCOPY,FUTURE,PETRONET
2026-06-18,FO,NSE,STF,PETRONET,PETRONET,2026-08-25,,,296.1,296.1,291.7,292.5,292.5,292.5,15,8363705.0,83600,24700,38004,NSE,UDIFF F&O BHAVCOPY,FUTURE,PETRONET
2026-06-18,FO,NSE,STF,UNITDSPR,UNITDSPR,2026-08-25,,,1346.7,1371.7,1336.1,1355.2,1357.8,1355.2,113,61178240.0,28400,1600,38090,NSE,UDIFF F&O BHAVCOPY,FUTURE,UNITDSPR
2026-06-18,FO,NSE,STF,UNITDSPR,UNITDSPR,2026-06-30,,,1339.0,1369.4,1326.0,1352.1,1352.3,1352.1,7158,3862032680.0,8450000,-606400,38198,NSE,UDIFF F&O BHAVCOPY,FUTURE,UNITDSPR
2026-06-18,FO,NSE,STF,UNITDSPR,UNITDSPR,2026-07-28,,,1331.1,1365.0,1321.5,1348.5,1349.8,1348.5,1037,559444680.0,1413600,49200,38251,NSE,UDIFF F&O BHAVCOPY,FUTURE,UNITDSPR
2026-06-18,FO,NSE,STF,COFORGE,COFORGE,2026-07-28,,,1458.0,1491.0,1436.1,1478.1,1475.1,1478.1,2064,1442883512.5,1183700,267425,38347,NSE,UDIFF F&O BHAVCOPY,FUTURE,COFORGE
2026-06-18,FO,NSE,STF,COFORGE,COFORGE,2026-08-25,,,1470.0,1494.9,1444.3,1483.0,1481.7,1483.0,168,117660777.5,199025,20425,38370,NSE,UDIFF F&O BHAVCOPY,FUTURE,COFORGE
2026-06-18,FO,NSE,STF,COFORGE,COFORGE,2026-06-30,,,1455.0,1488.4,1430.0,1475.3,1473.0,1475.3,8964,4930539112.5,16810875,-23625,38411,NSE,UDIFF F&O BHAVCOPY,FUTURE,COFORGE
2026-06-18,FO,NSE,STF,HDFCBANK,HDFCBANK,2026-08-25,,,784.5,799.35,784.5,796.35,797.0,796.35,1597,823368390.0,4522050,320450,38432,NSE,UDIFF F&O BHAVCOPY,FUTURE,HDFCBANK
2026-06-18,FO,NSE,STF,HDFCBANK,HDFCBANK,2026-07-28,,,781.5,795.15,780.55,791.95,793.5,791.95,15958,8188491187.5,54836600,5996900,38639,NSE,UDIFF F&O BHAVCOPY,FUTURE,HDFCBANK
2026-06-18,FO,NSE,STF,HDFCBANK,HDFCBANK,2026-06-30,,,773.9,791.0,773.9,787.9,789.9,787.9,90185,38976827147.5,345084850,-10154100,38640,NSE,UDIFF F&O BHAVCOPY,FUTURE,HDFCBANK
2026-06-18,FO,NSE,STF,MCX,MCX,2026-08-25,,,2889.2,2906.6,2838.0,2855.8,2859.1,2855.8,235,151505257.5,153900,26325,38690,NSE,UDIFF F&O BHAVCOPY,FUTURE,MCX
2026-06-18,FO,NSE,STF,MCX,MCX,2026-07-28,,,2876.6,2897.0,2822.0,2844.1,2842.0,2844.1,1978,1270652017.5,1036800,205425,38724,NSE,UDIFF F&O BHAVCOPY,FUTURE,MCX
2026-06-18,FO,NSE,STF,MCX,MCX,2026-06-30,,,2860.5,2881.8,2803.6,2829.3,2830.0,2829.3,4276,7583821375.0,10439375,162500,38789,NSE,UDIFF F&O BHAVCOPY,FUTURE,MCX
2026-06-18,FO,NSE,STF,SIEMENS,SIEMENS,2026-08-25,,,3731.3,3750.0,3677.2,3746.9,3747.3,3746.9,30,19564492.5,12600,-875,38830,NSE,UDIFF F&O BHAVCOPY,FUTURE,SIEMENS
2026-06-18,FO,NSE,STF,SIEMENS,SIEMENS,2026-07-28,,,3728.2,3754.9,3674.1,3748.0,3751.5,3748.0,503,326723705.0,555450,31500,38894,NSE,UDIFF F&O BHAVCOPY,FUTURE,SIEMENS
2026-06-18,FO,NSE,STF,SIEMENS,SIEMENS,2026-06-30,,,3740.0,3760.3,3674.0,3751.9,3754.0,3751.9,2587,1686098977.5,3521525,-41125,38895,NSE,UDIFF F&O BHAVCOPY,FUTURE,SIEMENS
2026-06-18,FO,NSE,STF,AMBER,AMBER,2026-08-25,,,8000.0,8136.5,8000.0,8050.0,8050.0,8064.0,12,9712850.0,1500,500,38992,NSE,UDIFF F&O BHAVCOPY,FUTURE,AMBER
2026-06-18,FO,NSE,STF,AMBER,AMBER,2026-06-30,,,7909.5,8108.0,7909.5,8000.5,8000.0,8000.5,5692,4566690450.0,2445500,-114300,39005,NSE,UDIFF F&O BHAVCOPY,FUTURE,AMBER
2026-06-18,FO,NSE,STF,AMBER,AMBER,2026-07-28,,,7955.0,8142.0,7955.0,8040.0,8030.0,8040.0,568,457493000.0,182200,-1500,39006,NSE,UDIFF F&O BHAVCOPY,FUTURE,AMBER
2026-06-18,FO,NSE,STF,BAJFINANCE,BAJFINANCE,2026-06-30,,,952.6,959.15,945.3,957.05,956.45,957.05,7596,5432987550.0,71591250,215250,39132,NSE,UDIFF F&O BHAVCOPY,FUTURE,BAJFINANCE
2026-06-18,FO,NSE,STF,BAJFINANCE,BAJFINANCE,2026-07-28,,,959.25,964.0,950.95,961.45,961.1,961.45,966,694289962.5,2904000,234750,39139,NSE,UDIFF F&O BHAVCOPY,FUTURE,BAJFINANCE
2026-06-18,FO,NSE,STF,BAJFINANCE,BAJFINANCE,2026-08-25,,,959.0,968.2,953.85,967.45,967.45,967.45,85,61363125.0,336000,5250,39187,NSE,UDIFF F&O BHAVCOPY,FUTURE,BAJFINANCE
2026-06-18,FO,NSE,STF,CANBK,CANBK,2026-08-25,,,137.44,138.36,136.53,136.99,137.06,136.99,80,74134237.5,2558250,270000,39329,NSE,UDIFF F&O BHAVCOPY,FUTURE,CANBK
2026-06-18,FO,NSE,STF,CANBK,CANBK,2026-07-28,,,136.88,137.5,135.67,136.26,136.27,136.26,731,673334100.0,18697500,2241000,39620,NSE,UDIFF F&O BHAVCOPY,FUTURE,CANBK
2026-06-18,FO,NSE,STF,CANBK,CANBK,2026-06-30,,,136.4,136.87,134.85,135.46,135.62,135.46,3400,3113760825.0,283311000,-1140750,39621,NSE,UDIFF F&O BHAVCOPY,FUTURE,CANBK
2026-06-18,FO,NSE,STF,DMART,DMART,2026-08-25,,,4333.2,4372.0,4333.0,4349.6,4352.0,4349.6,43,28031160.0,11850,2550,39678,NSE,UDIFF F&O BHAVCOPY,FUTURE,DMART
2026-06-18,FO,NSE,STF,DMART,DMART,2026-06-30,,,4303.1,4358.9,4302.6,4321.6,4329.5,4321.6,3563,2313432750.0,2905050,-46500,39679,NSE,UDIFF F&O BHAVCOPY,FUTURE,DMART
2026-06-18,FO,NSE,STF,DMART,DMART,2026-07-28,,,4316.0,4365.0,4313.2,4331.8,4335.2,4331.8,248,161278980.0,82050,-2850,39784,NSE,UDIFF F&O BHAVCOPY,FUTURE,DMART
2026-06-18,FO,NSE,IDF,FINNIFTY,FINNIFTY,2026-07-28,,,26698.5,26745.0,26698.5,26714.6,26730.0,26714.6,7,11220126.0,900,-180,39954,NSE,UDIFF F&O BHAVCOPY,FUTURE,FINNIFTY
2026-06-18,FO,NSE,IDF,FINNIFTY,FINNIFTY,2026-08-25,,,0.0,0.0,0.0,25500.0,25500.0,26912.3,0,0.0,60,0,40082,NSE,UDIFF F&O BHAVCOPY,FUTURE,FINNIFTY
2026-06-18,FO,NSE,IDF,FINNIFTY,FINNIFTY,2026-06-30,,,26398.3,26613.1,26398.3,26591.9,26575.4,26591.9,181,288260304.0,33420,60,40257,NSE,UDIFF F&O BHAVCOPY,FUTURE,FINNIFTY
2026-06-18,FO,NSE,STF,HINDZINC,HINDZINC,2026-08-25,,,578.5,579.95,575.0,578.45,579.0,578.45,29,20523588.75,294000,11025,40381,NSE,UDIFF F&O BHAVCOPY,FUTURE,HINDZINC
2026-06-18,FO,NSE,STF,HINDZINC,HINDZINC,2026-07-28,,,570.0,578.2,570.0,575.95,576.2,575.95,277,195001502.5,2027375,175175,40408,NSE,UDIFF F&O BHAVCOPY,FUTURE,HINDZINC
2026-06-18,FO,NSE,STF,HINDZINC,HINDZINC,2026-06-30,,,567.7,575.0,566.25,572.35,573.0,572.35,2353,1645327573.75,29542100,-290325,40454,NSE,UDIFF F&O BHAVCOPY,FUTURE,HINDZINC
2026-06-18,FO,NSE,STF,IREDA,IREDA,2026-06-30,,,126.4,128.6,126.33,128.08,128.14,128.08,2452,1078331448.0,57942750,34500,40547,NSE,UDIFF F&O BHAVCOPY,FUTURE,IREDA
2026-06-18,FO,NSE,STF,IREDA,IREDA,2026-07-28,,,125.94,127.72,125.0,126.72,126.99,126.72,1352,772599405.0,14122525,3565700,40626,NSE,UDIFF F&O BHAVCOPY,FUTURE,IREDA
2026-06-18,FO,NSE,STF,IREDA,IREDA,2026-08-25,,,125.0,126.73,124.16,126.01,126.5,126.01,55,31223269.25,2579250,58825,40649,NSE,UDIFF F&O BHAVCOPY,FUTURE,IREDA
2026-06-18,FO,NSE,STF,LICHSGFIN,LICHSGFIN,2026-07-28,,,554.5,559.7,551.0,554.25,553.5,554.25,275,152569600.0,753000,130000,40780,NSE,UDIFF F&O BHAVCOPY,FUTURE,LICHSGFIN
2026-06-18,FO,NSE,STF,LICHSGFIN,LICHSGFIN,2026-08-25,,,548.5,555.0,547.9,550.05,549.0,550.05,34,18737350.0,267000,16000,40811,NSE,UDIFF F&O BHAVCOPY,FUTURE,LICHSGFIN
2026-06-18,FO,NSE,STF,LICHSGFIN,LICHSGFIN,2026-06-30,,,551.65,557.0,546.65,550.75,549.45,550.75,2712,1496519750.0,26526000,-196000,40843,NSE,UDIFF F&O BHAVCOPY,FUTURE,LICHSGFIN
2026-06-18,FO,NSE,STF,LTM,LTM,2026-06-30,,,3985.9,4029.5,3901.9,4003.7,3994.9,4003.7,2527,1512357405.0,3383100,4800,40920,NSE,UDIFF F&O BHAVCOPY,FUTURE,LTM
2026-06-18,FO,NSE,STF,LTM,LTM,2026-07-28,,,3978.0,4027.0,3924.2,3992.3,3984.5,3992.3,672,401676720.0,563400,46050,40937,NSE,UDIFF F&O BHAVCOPY,FUTURE,LTM
2026-06-18,FO,NSE,STF,LTM,LTM,2026-08-25,,,4001.1,4027.9,3948.0,4008.7,4000.0,4008.7,41,24526485.0,40350,2250,40985,NSE,UDIFF F&O BHAVCOPY,FUTURE,LTM
2026-06-18,FO,NSE,STF,LUPIN,LUPIN,2026-07-28,,,2277.0,2332.8,2271.6,2328.2,2332.5,2328.2,600,588097235.0,447525,17425,41082,NSE,UDIFF F&O BHAVCOPY,FUTURE,LUPIN
2026-06-18,FO,NSE,STF,LUPIN,LUPIN,2026-08-25,,,2290.0,2346.5,2290.0,2341.7,2343.3,2341.7,30,29639330.0,18275,2125,41151,NSE,UDIFF F&O BHAVCOPY,FUTURE,LUPIN
2026-06-18,FO,NSE,STF,LUPIN,LUPIN,2026-06-30,,,2280.0,2337.7,2275.0,2330.7,2334.0,2330.7,2329,2290841630.0,6175675,-228650,41170,NSE,UDIFF F&O BHAVCOPY,FUTURE,LUPIN
2026-06-18,FO,NSE,STF,RADICO,RADICO,2026-08-25,,,3659.0,3755.0,3659.0,3727.0,3718.0,3727.0,10,5578380.0,1350,450,41304,NSE,UDIFF F&O BHAVCOPY,FUTURE,RADICO
2026-06-18,FO,NSE,STF,RADICO,RADICO,2026-07-28,,,3607.5,3759.0,3607.5,3714.2,3713.0,3714.2,360,199769790.0,42600,20850,41324,NSE,UDIFF F&O BHAVCOPY,FUTURE,RADICO
2026-06-18,FO,NSE,STF,RADICO,RADICO,2026-06-30,,,3609.9,3750.0,3582.2,3708.5,3699.3,3708.5,3481,1926590775.0,458250,213450,41340,NSE,UDIFF F&O BHAVCOPY,FUTURE,RADICO
2026-06-18,FO,NSE,STF,SHRIRAMFIN,SHRIRAMFIN,2026-08-25,,,1027.0,1027.0,1006.15,1012.8,1015.0,1012.8,121,100953930.0,336600,81675,41376,NSE,UDIFF F&O BHAVCOPY,FUTURE,SHRIRAMFIN
2026-06-18,FO,NSE,STF,SHRIRAMFIN,SHRIRAMFIN,2026-06-30,,,1015.0,1018.0,1000.1,1006.55,1008.7,1006.55,5184,4306683232.5,37183575,-964425,41507,NSE,UDIFF F&O BHAVCOPY,FUTURE,SHRIRAMFIN
2026-06-18,FO,NSE,STF,SHRIRAMFIN,SHRIRAMFIN,2026-07-28,,,1007.1,1017.5,1000.0,1006.8,1009.0,1006.8,540,449488751.25,4485525,195525,41517,NSE,UDIFF F&O BHAVCOPY,FUTURE,SHRIRAMFIN
2026-06-18,FO,NSE,STF,TMPV,TMPV,2026-06-30,,,363.5,363.7,356.75,362.35,362.2,362.35,26403,7614827640.0,62187200,1570400,41610,NSE,UDIFF F&O BHAVCOPY,FUTURE,TMPV
2026-06-18,FO,NSE,STF,TMPV,TMPV,2026-07-28,,,365.05,366.65,358.65,364.15,364.1,364.15,5365,3109508320.0,23142400,2180800,41625,NSE,UDIFF F&O BHAVCOPY,FUTURE,TMPV
2026-06-18,FO,NSE,STF,TMPV,TMPV,2026-08-25,,,365.0,367.15,361.0,366.25,365.9,366.25,483,281850160.0,1990400,248000,41710,NSE,UDIFF F&O BHAVCOPY,FUTURE,TMPV
2026-06-18,FO,NSE,STF,RVNL,RVNL,2026-06-30,,,250.99,251.49,245.03,247.45,247.0,247.45,6061,2285814753.0,39776575,254675,41791,NSE,UDIFF F&O BHAVCOPY,FUTURE,RVNL
2026-06-18,FO,NSE,STF,RVNL,RVNL,2026-08-25,,,250.51,250.51,246.25,247.77,247.8,247.77,152,72616370.75,1711325,194425,41808,NSE,UDIFF F&O BHAVCOPY,FUTURE,RVNL
2026-06-18,FO,NSE,STF,RVNL,RVNL,2026-07-28,,,250.18,254.0,245.6,247.78,247.4,247.78,1435,683742463.25,9168775,1189650,41816,NSE,UDIFF F&O BHAVCOPY,FUTURE,RVNL
2026-06-18,FO,NSE,STF,ANGELONE,ANGELONE,2026-07-28,,,351.4,359.85,351.0,355.8,356.55,355.8,616,546931125.0,1780000,505000,41896,NSE,UDIFF F&O BHAVCOPY,FUTURE,ANGELONE
2026-06-18,FO,NSE,STF,ANGELONE,ANGELONE,2026-06-30,,,350.0,358.35,347.9,354.35,355.55,354.35,3760,3323654750.0,24732500,895000,41952,NSE,UDIFF F&O BHAVCOPY,FUTURE,ANGELONE
2026-06-18,FO,NSE,STF,ANGELONE,ANGELONE,2026-08-25,,,352.95,361.0,352.0,357.35,358.25,357.35,45,40129250.0,260000,47500,41953,NSE,UDIFF F&O BHAVCOPY,FUTURE,ANGELONE
2026-06-18,FO,NSE,STF,BANDHANBNK,BANDHANBNK,2026-06-30,,,214.24,216.05,212.61,215.14,215.1,215.14,2354,1820173608.0,111070800,280800,42062,NSE,UDIFF F&O BHAVCOPY,FUTURE,BANDHANBNK
2026-06-18,FO,NSE,STF,BANDHANBNK,BANDHANBNK,2026-07-28,,,215.5,217.39,214.01,216.32,216.58,216.32,450,350055900.0,6559200,608400,42090,NSE,UDIFF F&O BHAVCOPY,FUTURE,BANDHANBNK
2026-06-18,FO,NSE,STF,BANDHANBNK,BANDHANBNK,2026-08-25,,,214.61,216.6,213.6,215.99,216.3,215.99,110,85262436.0,4402800,237600,42156,NSE,UDIFF F&O BHAVCOPY,FUTURE,BANDHANBNK
2026-06-18,FO,NSE,STF,CAMS,CAMS,2026-06-30,,,820.0,838.5,808.95,833.65,833.05,833.65,2307,1431826275.0,5517750,-143250,42189,NSE,UDIFF F&O BHAVCOPY,FUTURE,CAMS
2026-06-18,FO,NSE,STF,CAMS,CAMS,2026-07-28,,,815.0,836.85,808.0,833.2,830.4,833.2,370,252141532.5,675675,36300,42284,NSE,UDIFF F&O BHAVCOPY,FUTURE,CAMS
2026-06-18,FO,NSE,STF,CAMS,CAMS,2026-08-25,,,815.5,840.65,812.65,834.6,832.75,834.6,24,16421996.25,63525,-3300,42285,NSE,UDIFF F&O BHAVCOPY,FUTURE,CAMS
2026-06-18,FO,NSE,STF,HINDALCO,HINDALCO,2026-07-28,,,1013.5,1023.9,1004.1,1013.1,1015.0,1013.1,1199,850176110.0,6653500,343700,42333,NSE,UDIFF F&O BHAVCOPY,FUTURE,HINDALCO
2026-06-18,FO,NSE,STF,HINDALCO,HINDALCO,2026-08-25,,,1021.0,1025.8,1012.0,1018.4,1022.4,1018.4,81,57819090.0,230300,11200,42438,NSE,UDIFF F&O BHAVCOPY,FUTURE,HINDALCO
2026-06-18,FO,NSE,STF,HINDALCO,HINDALCO,2026-06-30,,,1014.0,1021.8,1003.0,1011.7,1015.0,1011.7,11399,8080563960.0,39682300,1514100,42439,NSE,UDIFF F&O BHAVCOPY,FUTURE,HINDALCO
2026-06-18,FO,NSE,STF,IRFC,IRFC,2026-06-30,,,100.47,100.6,98.82,100.07,100.01,100.07,1593,675153257.5,64438500,1742500,42582,NSE,UDIFF F&O BHAVCOPY,FUTURE,IRFC
2026-06-18,FO,NSE,STF,IRFC,IRFC,2026-08-25,,,100.41,100.41,99.0,99.84,99.88,99.84,81,43723167.25,2045225,271250,42653,NSE,UDIFF F&O BHAVCOPY,FUTURE,IRFC
2026-06-18,FO,NSE,STF,IRFC,IRFC,2026-07-28,,,100.45,100.58,98.94,99.78,99.73,99.78,684,369207272.0,13643875,2153725,42675,NSE,UDIFF F&O BHAVCOPY,FUTURE,IRFC
2026-06-18,FO,NSE,IDF,MIDCPNIFTY,MIDCPNIFTY,2026-08-25,,,14764.05,14764.05,14690.0,14748.5,14744.9,14748.5,54,95448702.0,15720,240,43046,NSE,UDIFF F&O BHAVCOPY,FUTURE,MIDCPNIFTY
2026-06-18,FO,NSE,IDF,MIDCPNIFTY,MIDCPNIFTY,2026-06-30,,,14600.0,14671.45,14600.0,14660.85,14670.0,14660.85,1458,2561572806.0,2558160,21000,43069,NSE,UDIFF F&O BHAVCOPY,FUTURE,MIDCPNIFTY
2026-06-18,FO,NSE,IDF,MIDCPNIFTY,MIDCPNIFTY,2026-07-28,,,14678.55,14712.35,14644.65,14703.4,14699.1,14703.4,444,782430804.0,136920,18720,43371,NSE,UDIFF F&O BHAVCOPY,FUTURE,MIDCPNIFTY
2026-06-18,FO,NSE,STF,NAUKRI,NAUKRI,2026-07-28,,,1018.0,1023.1,998.1,1012.3,1007.55,1012.3,255,141558862.5,698500,36850,43757,NSE,UDIFF F&O BHAVCOPY,FUTURE,NAUKRI
2026-06-18,FO,NSE,STF,NAUKRI,NAUKRI,2026-06-30,,,1027.45,1027.45,996.0,1010.45,1010.0,1010.45,4335,1640867531.25,16009500,447375,43788,NSE,UDIFF F&O BHAVCOPY,FUTURE,NAUKRI
2026-06-18,FO,NSE,STF,NAUKRI,NAUKRI,2026-08-25,,,1020.0,1024.4,1006.1,1016.5,1013.55,1016.5,22,12277677.5,48400,7700,43835,NSE,UDIFF F&O BHAVCOPY,FUTURE,NAUKRI
2026-06-18,FO,NSE,STF,RECLTD,RECLTD,2026-07-28,,,361.4,367.65,355.25,360.4,360.6,360.4,1118,635421858.75,3965850,767025,43869,NSE,UDIFF F&O BHAVCOPY,FUTURE,RECLTD
2026-06-18,FO,NSE,STF,RECLTD,RECLTD,2026-08-25,,,360.8,366.9,355.2,360.15,359.6,360.15,110,62489778.75,540225,92925,43919,NSE,UDIFF F&O BHAVCOPY,FUTURE,RECLTD
2026-06-18,FO,NSE,STF,RECLTD,RECLTD,2026-06-30,,,360.45,365.95,353.35,358.45,358.6,358.45,4577,2300352670.0,57748600,-5600,43964,NSE,UDIFF F&O BHAVCOPY,FUTURE,RECLTD
2026-06-18,FO,NSE,STF,SBICARD,SBICARD,2026-07-28,,,619.25,622.0,615.0,619.0,618.95,619.0,787,389271720.0,3969600,193600,44047,NSE,UDIFF F&O BHAVCOPY,FUTURE,SBICARD
2026-06-18,FO,NSE,STF,SBICARD,SBICARD,2026-08-25,,,613.45,618.0,612.8,615.1,615.65,615.1,90,44276160.0,962400,26400,44060,NSE,UDIFF F&O BHAVCOPY,FUTURE,SBICARD
2026-06-18,FO,NSE,STF,SBICARD,SBICARD,2026-06-30,,,626.4,631.75,622.85,626.7,625.3,626.7,2244,1124973760.0,21509600,-304000,44086,NSE,UDIFF F&O BHAVCOPY,FUTURE,SBICARD
2026-06-18,FO,NSE,STF,TORNTPHARM,TORNTPHARM,2026-07-28,,,4458.2,4469.0,4427.4,4456.2,4457.4,4456.2,172,95706275.0,103125,11500,44139,NSE,UDIFF F&O BHAVCOPY,FUTURE,TORNTPHARM
2026-06-18,FO,NSE,STF,TORNTPHARM,TORNTPHARM,2026-06-30,,,4447.8,4479.4,4431.1,4464.1,4469.3,4464.1,1912,1065001375.0,2863250,41875,44151,NSE,UDIFF F&O BHAVCOPY,FUTURE,TORNTPHARM
2026-06-18,FO,NSE,STF,TORNTPHARM,TORNTPHARM,2026-08-25,,,4449.9,4472.5,4449.9,4472.5,4472.5,4500.8,2,1115300.0,1375,125,44191,NSE,UDIFF F&O BHAVCOPY,FUTURE,TORNTPHARM
2026-06-18,FO,NSE,STF,VBL,VBL,2026-08-25,,,557.0,558.7,538.2,539.35,539.0,539.35,111,77195576.25,471750,58650,44361,NSE,UDIFF F&O BHAVCOPY,FUTURE,VBL
2026-06-18,FO,NSE,STF,VBL,VBL,2026-06-30,,,549.6,553.9,531.85,533.65,534.95,533.65,9481,5807418468.75,52291125,200250,44373,NSE,UDIFF F&O BHAVCOPY,FUTURE,VBL
2026-06-18,FO,NSE,STF,VBL,VBL,2026-07-28,,,553.65,556.8,535.0,536.65,538.3,536.65,1052,728766412.5,3799500,536775,44394,NSE,UDIFF F&O BHAVCOPY,FUTURE,VBL
2026-06-18,FO,NSE,STF,WAAREEENER,WAAREEENER,2026-06-30,,,3090.0,3095.2,3060.5,3076.0,3083.7,3076.0,1864,1002920800.0,5081125,53900,44420,NSE,UDIFF F&O BHAVCOPY,FUTURE,WAAREEENER
2026-06-18,FO,NSE,STF,WAAREEENER,WAAREEENER,2026-08-25,,,3115.0,3116.0,3100.0,3112.6,3112.1,3112.6,15,8161632.5,22750,1575,44426,NSE,UDIFF F&O BHAVCOPY,FUTURE,WAAREEENER
2026-06-18,FO,NSE,STF,WAAREEENER,WAAREEENER,2026-07-28,,,3111.0,3111.0,3079.6,3093.9,3098.0,3093.9,279,150983892.5,775600,17150,44463,NSE,UDIFF F&O BHAVCOPY,FUTURE,WAAREEENER
2026-06-18,FO,NSE,STF,AUBANK,AUBANK,2026-06-30,,,1024.95,1029.25,1017.65,1026.8,1026.35,1026.8,1599,1637803950.0,25238000,-372000,44593,NSE,UDIFF F&O BHAVCOPY,FUTURE,AUBANK
2026-06-18,FO,NSE,STF,AUBANK,AUBANK,2026-07-28,,,1030.9,1034.0,1023.6,1032.9,1031.45,1032.9,128,131834500.0,1266000,34000,44648,NSE,UDIFF F&O BHAVCOPY,FUTURE,AUBANK
2026-06-18,FO,NSE,STF,AUBANK,AUBANK,2026-08-25,,,1031.05,1036.7,1029.55,1036.7,1036.7,1038.1,8,8248500.0,163000,6000,44685,NSE,UDIFF F&O BHAVCOPY,FUTURE,AUBANK
2026-06-18,FO,NSE,STF,HYUNDAI,HYUNDAI,2026-08-25,,,1975.0,1975.0,1975.0,1975.0,1975.0,2001.2,1,543125.0,17600,275,44706,NSE,UDIFF F&O BHAVCOPY,FUTURE,HYUNDAI
2026-06-18,FO,NSE,STF,HYUNDAI,HYUNDAI,2026-07-28,,,1977.5,1992.4,1970.4,1980.9,1980.1,1980.9,101,55097790.0,176275,9350,44760,NSE,UDIFF F&O BHAVCOPY,FUTURE,HYUNDAI
2026-06-18,FO,NSE,STF,HYUNDAI,HYUNDAI,2026-06-30,,,1987.9,1994.6,1966.0,1979.1,1976.4,1979.1,2762,1503484977.5,7490725,-320650,44843,NSE,UDIFF F&O BHAVCOPY,FUTURE,HYUNDAI
