trade_date,security_id,symbol,fyers_symbol,open,high,low,close,volume,source,downloaded_at
2000-01-03,SMD-0032,BANKINDIA,NSE:BANKINDIA-EQ,21.85,21.85,20.1,20.9,178826,FYERS_HISTORY,2026-08-08T23:02:51+05:30
2000-01-04,SMD-0032,BANKINDIA,NSE:BANKINDIA-EQ,20.0,21.2,20.0,20.3,180424,FYERS_HISTORY,2026-08-08T23:02:51+05:30
2000-01-05,SMD-0032,BANKINDIA,NSE:BANKINDIA-EQ,20.25,20.5,19.55,19.95,92160,FYERS_HISTORY,2026-08-08T23:02:51+05:30
2000-01-06,SMD-0032,BANKINDIA,NSE:BANKINDIA-EQ,19.8,20.3,19.65,19.75,126155,FYERS_HISTORY,2026-08-08T23:02:51+05:30
2000-01-07,SMD-0032,BANKINDIA,NSE:BANKINDIA-EQ,19.9,20.2,19.5,19.9,95303,FYERS_HISTORY,2026-08-08T23:02:51+05:30
2000-01-10,SMD-0032,BANKINDIA,NSE:BANKINDIA-EQ,20.2,20.25,19.2,19.8,56365,FYERS_HISTORY,2026-08-08T23:02:51+05:30
2000-01-11,SMD-0032,BANKINDIA,NSE:BANKINDIA-EQ,19.5,19.85,19.05,19.05,171409,FYERS_HISTORY,2026-08-08T23:02:51+05:30
2000-01-12,SMD-0032,BANKINDIA,NSE:BANKINDIA-EQ,19.4,19.7,19.15,19.5,46313,FYERS_HISTORY,2026-08-08T23:02:51+05:30
2000-01-13,SMD-0032,BANKINDIA,NSE:BANKINDIA-EQ,19.2,19.6,19.2,19.25,46171,FYERS_HISTORY,2026-08-08T23:02:51+05:30
2000-01-14,SMD-0032,BANKINDIA,NSE:BANKINDIA-EQ,19.15,19.25,18.9,19.0,66902,FYERS_HISTORY,2026-08-08T23:02:51+05:30
2000-01-17,SMD-0032,BANKINDIA,NSE:BANKINDIA-EQ,19.2,19.5,19.0,19.1,78583,FYERS_HISTORY,2026-08-08T23:02:51+05:30
2000-01-18,SMD-0032,BANKINDIA,NSE:BANKINDIA-EQ,19.05,19.4,19.0,19.1,110400,FYERS_HISTORY,2026-08-08T23:02:51+05:30
2000-01-19,SMD-0032,BANKINDIA,NSE:BANKINDIA-EQ,19.4,19.5,19.2,19.3,54792,FYERS_HISTORY,2026-08-08T23:02:51+05:30
2000-01-20,SMD-0032,BANKINDIA,NSE:BANKINDIA-EQ,19.1,19.55,19.1,19.2,61613,FYERS_HISTORY,2026-08-08T23:02:51+05:30
2000-01-21,SMD-0032,BANKINDIA,NSE:BANKINDIA-EQ,19.2,19.3,19.0,19.15,49107,FYERS_HISTORY,2026-08-08T23:02:51+05:30
2000-01-24,SMD-0032,BANKINDIA,NSE:BANKINDIA-EQ,18.75,19.0,18.65,18.7,29961,FYERS_HISTORY,2026-08-08T23:02:51+05:30
2000-01-25,SMD-0032,BANKINDIA,NSE:BANKINDIA-EQ,18.8,18.9,18.55,18.65,61090,FYERS_HISTORY,2026-08-08T23:02:51+05:30
2000-01-27,SMD-0032,BANKINDIA,NSE:BANKINDIA-EQ,18.7,19.2,18.5,18.6,98701,FYERS_HISTORY,2026-08-08T23:02:51+05:30
2000-01-28,SMD-0032,BANKINDIA,NSE:BANKINDIA-EQ,19.0,19.7,18.6,19.05,194843,FYERS_HISTORY,2026-08-08T23:02:51+05:30
2000-01-31,SMD-0032,BANKINDIA,NSE:BANKINDIA-EQ,19.25,19.45,18.4,18.5,124329,FYERS_HISTORY,2026-08-08T23:02:51+05:30
2000-02-01,SMD-0032,BANKINDIA,NSE:BANKINDIA-EQ,18.8,18.8,18.2,18.3,131326,FYERS_HISTORY,2026-08-08T23:02:51+05:30
2000-02-02,SMD-0032,BANKINDIA,NSE:BANKINDIA-EQ,18.7,19.15,18.5,18.65,183784,FYERS_HISTORY,2026-08-08T23:02:51+05:30
2000-02-03,SMD-0032,BANKINDIA,NSE:BANKINDIA-EQ,18.95,18.95,18.5,18.7,153214,FYERS_HISTORY,2026-08-08T23:02:51+05:30
2000-02-04,SMD-0032,BANKINDIA,NSE:BANKINDIA-EQ,18.95,19.5,18.5,18.7,131537,FYERS_HISTORY,2026-08-08T23:02:51+05:30
2000-02-07,SMD-0032,BANKINDIA,NSE:BANKINDIA-EQ,18.75,18.9,17.9,18.15,148984,FYERS_HISTORY,2026-08-08T23:02:51+05:30
2000-02-08,SMD-0032,BANKINDIA,NSE:BANKINDIA-EQ,18.6,18.6,17.6,17.85,198623,FYERS_HISTORY,2026-08-08T23:02:51+05:30
2000-02-09,SMD-0032,BANKINDIA,NSE:BANKINDIA-EQ,18.25,18.4,17.95,18.05,75520,FYERS_HISTORY,2026-08-08T23:02:51+05:30
2000-02-10,SMD-0032,BANKINDIA,NSE:BANKINDIA-EQ,18.0,18.1,17.4,17.85,68360,FYERS_HISTORY,2026-08-08T23:02:51+05:30
2000-02-11,SMD-0032,BANKINDIA,NSE:BANKINDIA-EQ,18.0,18.1,17.5,17.6,71259,FYERS_HISTORY,2026-08-08T23:02:51+05:30
2000-02-14,SMD-0032,BANKINDIA,NSE:BANKINDIA-EQ,17.5,18.5,17.5,18.4,134822,FYERS_HISTORY,2026-08-08T23:02:51+05:30
2000-02-15,SMD-0032,BANKINDIA,NSE:BANKINDIA-EQ,18.25,18.65,17.85,17.9,153922,FYERS_HISTORY,2026-08-08T23:02:51+05:30
2000-02-16,SMD-0032,BANKINDIA,NSE:BANKINDIA-EQ,18.25,18.3,17.5,17.9,80030,FYERS_HISTORY,2026-08-08T23:02:51+05:30
2000-02-17,SMD-0032,BANKINDIA,NSE:BANKINDIA-EQ,17.95,18.1,17.8,17.95,46629,FYERS_HISTORY,2026-08-08T23:02:51+05:30
2000-02-18,SMD-0032,BANKINDIA,NSE:BANKINDIA-EQ,17.8,18.0,17.4,17.5,87143,FYERS_HISTORY,2026-08-08T23:02:51+05:30
2000-02-21,SMD-0032,BANKINDIA,NSE:BANKINDIA-EQ,17.3,17.75,17.25,17.4,107517,FYERS_HISTORY,2026-08-08T23:02:51+05:30
2000-02-22,SMD-0032,BANKINDIA,NSE:BANKINDIA-EQ,17.1,17.7,17.0,17.15,107457,FYERS_HISTORY,2026-08-08T23:02:51+05:30
2000-02-23,SMD-0032,BANKINDIA,NSE:BANKINDIA-EQ,17.1,17.75,17.0,17.7,47461,FYERS_HISTORY,2026-08-08T23:02:51+05:30
2000-02-24,SMD-0032,BANKINDIA,NSE:BANKINDIA-EQ,17.05,17.8,17.0,17.2,84893,FYERS_HISTORY,2026-08-08T23:02:51+05:30
2000-02-25,SMD-0032,BANKINDIA,NSE:BANKINDIA-EQ,17.0,17.15,16.8,17.05,50802,FYERS_HISTORY,2026-08-08T23:02:51+05:30
2000-02-28,SMD-0032,BANKINDIA,NSE:BANKINDIA-EQ,17.05,18.35,16.95,18.05,108788,FYERS_HISTORY,2026-08-08T23:02:51+05:30
2000-02-29,SMD-0032,BANKINDIA,NSE:BANKINDIA-EQ,18.5,19.75,17.5,17.8,314565,FYERS_HISTORY,2026-08-08T23:02:51+05:30
2000-03-01,SMD-0032,BANKINDIA,NSE:BANKINDIA-EQ,18.5,18.6,17.7,18.45,66297,FYERS_HISTORY,2026-08-08T23:02:51+05:30
2000-03-02,SMD-0032,BANKINDIA,NSE:BANKINDIA-EQ,18.4,18.9,17.7,17.95,76378,FYERS_HISTORY,2026-08-08T23:02:51+05:30
2000-03-03,SMD-0032,BANKINDIA,NSE:BANKINDIA-EQ,17.75,18.75,16.9,17.85,90931,FYERS_HISTORY,2026-08-08T23:02:51+05:30
2000-03-06,SMD-0032,BANKINDIA,NSE:BANKINDIA-EQ,17.4,17.8,16.7,17.05,59459,FYERS_HISTORY,2026-08-08T23:02:51+05:30
2000-03-07,SMD-0032,BANKINDIA,NSE:BANKINDIA-EQ,16.7,17.0,16.25,16.3,89303,FYERS_HISTORY,2026-08-08T23:02:51+05:30
2000-03-08,SMD-0032,BANKINDIA,NSE:BANKINDIA-EQ,16.4,16.85,15.85,16.0,69888,FYERS_HISTORY,2026-08-08T23:02:51+05:30
2000-03-09,SMD-0032,BANKINDIA,NSE:BANKINDIA-EQ,15.15,17.0,15.0,16.8,148975,FYERS_HISTORY,2026-08-08T23:02:51+05:30
2000-03-10,SMD-0032,BANKINDIA,NSE:BANKINDIA-EQ,16.9,16.9,15.25,15.45,52410,FYERS_HISTORY,2026-08-08T23:02:51+05:30
2000-03-13,SMD-0032,BANKINDIA,NSE:BANKINDIA-EQ,15.4,15.6,15.15,15.25,54635,FYERS_HISTORY,2026-08-08T23:02:51+05:30
2000-03-14,SMD-0032,BANKINDIA,NSE:BANKINDIA-EQ,15.0,16.0,14.9,15.55,124622,FYERS_HISTORY,2026-08-08T23:02:51+05:30
2000-03-15,SMD-0032,BANKINDIA,NSE:BANKINDIA-EQ,16.9,16.95,15.15,15.65,87515,FYERS_HISTORY,2026-08-08T23:02:51+05:30
2000-03-16,SMD-0032,BANKINDIA,NSE:BANKINDIA-EQ,15.4,15.75,15.05,15.15,81560,FYERS_HISTORY,2026-08-08T23:02:51+05:30
2000-03-21,SMD-0032,BANKINDIA,NSE:BANKINDIA-EQ,14.75,15.5,14.55,14.75,99190,FYERS_HISTORY,2026-08-08T23:02:51+05:30
2000-03-22,SMD-0032,BANKINDIA,NSE:BANKINDIA-EQ,15.25,15.45,15.0,15.15,45100,FYERS_HISTORY,2026-08-08T23:02:51+05:30
2000-03-23,SMD-0032,BANKINDIA,NSE:BANKINDIA-EQ,15.2,15.25,14.75,14.85,28650,FYERS_HISTORY,2026-08-08T23:02:51+05:30
2000-03-24,SMD-0032,BANKINDIA,NSE:BANKINDIA-EQ,14.5,15.0,14.3,14.7,68865,FYERS_HISTORY,2026-08-08T23:02:51+05:30
2000-03-27,SMD-0032,BANKINDIA,NSE:BANKINDIA-EQ,14.95,14.95,14.25,14.6,32650,FYERS_HISTORY,2026-08-08T23:02:51+05:30
2000-03-28,SMD-0032,BANKINDIA,NSE:BANKINDIA-EQ,14.75,14.75,14.1,14.55,85242,FYERS_HISTORY,2026-08-08T23:02:51+05:30
2000-03-29,SMD-0032,BANKINDIA,NSE:BANKINDIA-EQ,14.65,14.9,14.5,14.75,77432,FYERS_HISTORY,2026-08-08T23:02:51+05:30
2000-03-30,SMD-0032,BANKINDIA,NSE:BANKINDIA-EQ,15.2,16.2,14.3,15.85,102780,FYERS_HISTORY,2026-08-08T23:02:51+05:30
2000-03-31,SMD-0032,BANKINDIA,NSE:BANKINDIA-EQ,15.3,15.8,15.0,15.65,46658,FYERS_HISTORY,2026-08-08T23:02:51+05:30
2000-04-03,SMD-0032,BANKINDIA,NSE:BANKINDIA-EQ,15.95,16.5,15.1,15.45,100919,FYERS_HISTORY,2026-08-08T23:02:51+05:30
2000-04-04,SMD-0032,BANKINDIA,NSE:BANKINDIA-EQ,15.2,15.5,14.1,14.35,272356,FYERS_HISTORY,2026-08-08T23:02:51+05:30
2000-04-05,SMD-0032,BANKINDIA,NSE:BANKINDIA-EQ,14.95,15.5,14.9,15.15,80000,FYERS_HISTORY,2026-08-08T23:02:51+05:30
2000-04-06,SMD-0032,BANKINDIA,NSE:BANKINDIA-EQ,15.8,15.95,15.0,15.5,128001,FYERS_HISTORY,2026-08-08T23:02:51+05:30
2000-04-07,SMD-0032,BANKINDIA,NSE:BANKINDIA-EQ,15.75,15.75,15.15,15.45,97596,FYERS_HISTORY,2026-08-08T23:02:51+05:30
2000-04-10,SMD-0032,BANKINDIA,NSE:BANKINDIA-EQ,15.7,15.95,15.1,15.55,83050,FYERS_HISTORY,2026-08-08T23:02:51+05:30
2000-04-11,SMD-0032,BANKINDIA,NSE:BANKINDIA-EQ,15.9,15.9,15.05,15.3,89650,FYERS_HISTORY,2026-08-08T23:02:51+05:30
2000-04-12,SMD-0032,BANKINDIA,NSE:BANKINDIA-EQ,15.3,15.8,15.3,15.7,46600,FYERS_HISTORY,2026-08-08T23:02:51+05:30
2000-04-13,SMD-0032,BANKINDIA,NSE:BANKINDIA-EQ,15.3,15.65,15.3,15.4,27505,FYERS_HISTORY,2026-08-08T23:02:51+05:30
2000-04-17,SMD-0032,BANKINDIA,NSE:BANKINDIA-EQ,15.1,16.7,15.0,15.75,79197,FYERS_HISTORY,2026-08-08T23:02:51+05:30
2000-04-18,SMD-0032,BANKINDIA,NSE:BANKINDIA-EQ,16.05,16.5,15.5,15.6,129429,FYERS_HISTORY,2026-08-08T23:02:51+05:30
2000-04-19,SMD-0032,BANKINDIA,NSE:BANKINDIA-EQ,15.2,15.25,14.5,14.7,82114,FYERS_HISTORY,2026-08-08T23:02:51+05:30
2000-04-20,SMD-0032,BANKINDIA,NSE:BANKINDIA-EQ,14.8,16.0,14.5,15.25,98771,FYERS_HISTORY,2026-08-08T23:02:51+05:30
2000-04-24,SMD-0032,BANKINDIA,NSE:BANKINDIA-EQ,14.65,15.5,14.65,14.85,40235,FYERS_HISTORY,2026-08-08T23:02:51+05:30
2000-04-25,SMD-0032,BANKINDIA,NSE:BANKINDIA-EQ,15.5,15.5,14.5,15.1,64174,FYERS_HISTORY,2026-08-08T23:02:51+05:30
2000-04-26,SMD-0032,BANKINDIA,NSE:BANKINDIA-EQ,14.85,15.2,14.7,14.9,54673,FYERS_HISTORY,2026-08-08T23:02:51+05:30
2000-04-27,SMD-0032,BANKINDIA,NSE:BANKINDIA-EQ,14.95,15.0,14.65,14.9,59416,FYERS_HISTORY,2026-08-08T23:02:51+05:30
2000-04-28,SMD-0032,BANKINDIA,NSE:BANKINDIA-EQ,14.55,15.4,14.5,14.55,34070,FYERS_HISTORY,2026-08-08T23:02:51+05:30
2000-05-02,SMD-0032,BANKINDIA,NSE:BANKINDIA-EQ,15.0,15.0,14.2,14.55,63097,FYERS_HISTORY,2026-08-08T23:02:51+05:30
2000-05-03,SMD-0032,BANKINDIA,NSE:BANKINDIA-EQ,14.05,14.8,14.05,14.3,71904,FYERS_HISTORY,2026-08-08T23:02:51+05:30
2000-05-04,SMD-0032,BANKINDIA,NSE:BANKINDIA-EQ,14.1,14.5,14.1,14.35,36866,FYERS_HISTORY,2026-08-08T23:02:51+05:30
2000-05-05,SMD-0032,BANKINDIA,NSE:BANKINDIA-EQ,14.25,14.35,14.15,14.25,25550,FYERS_HISTORY,2026-08-08T23:02:51+05:30
2000-05-08,SMD-0032,BANKINDIA,NSE:BANKINDIA-EQ,14.4,14.4,14.0,14.05,41475,FYERS_HISTORY,2026-08-08T23:02:51+05:30
2000-05-09,SMD-0032,BANKINDIA,NSE:BANKINDIA-EQ,14.0,14.25,13.85,14.05,54185,FYERS_HISTORY,2026-08-08T23:02:51+05:30
2000-05-10,SMD-0032,BANKINDIA,NSE:BANKINDIA-EQ,14.05,14.05,13.0,13.95,18415,FYERS_HISTORY,2026-08-08T23:02:51+05:30
2000-05-11,SMD-0032,BANKINDIA,NSE:BANKINDIA-EQ,13.65,13.9,13.6,13.75,25870,FYERS_HISTORY,2026-08-08T23:02:51+05:30
2000-05-12,SMD-0032,BANKINDIA,NSE:BANKINDIA-EQ,13.6,14.7,13.2,13.3,55390,FYERS_HISTORY,2026-08-08T23:02:51+05:30
2000-05-15,SMD-0032,BANKINDIA,NSE:BANKINDIA-EQ,13.1,14.0,12.2,13.45,36291,FYERS_HISTORY,2026-08-08T23:02:51+05:30
2000-05-16,SMD-0032,BANKINDIA,NSE:BANKINDIA-EQ,13.3,14.0,13.0,13.15,24740,FYERS_HISTORY,2026-08-08T23:02:51+05:30
2000-05-17,SMD-0032,BANKINDIA,NSE:BANKINDIA-EQ,13.7,13.9,13.05,13.35,28920,FYERS_HISTORY,2026-08-08T23:02:51+05:30
2000-05-18,SMD-0032,BANKINDIA,NSE:BANKINDIA-EQ,13.1,13.3,13.0,13.2,17501,FYERS_HISTORY,2026-08-08T23:02:51+05:30
2000-05-19,SMD-0032,BANKINDIA,NSE:BANKINDIA-EQ,13.0,13.15,12.8,13.0,22351,FYERS_HISTORY,2026-08-08T23:02:51+05:30
2000-05-22,SMD-0032,BANKINDIA,NSE:BANKINDIA-EQ,12.5,12.9,12.3,12.7,17525,FYERS_HISTORY,2026-08-08T23:02:51+05:30
2000-05-23,SMD-0032,BANKINDIA,NSE:BANKINDIA-EQ,12.5,12.9,12.5,12.65,32811,FYERS_HISTORY,2026-08-08T23:02:51+05:30
2000-05-24,SMD-0032,BANKINDIA,NSE:BANKINDIA-EQ,12.85,13.0,12.35,12.6,78234,FYERS_HISTORY,2026-08-08T23:02:51+05:30
2000-05-25,SMD-0032,BANKINDIA,NSE:BANKINDIA-EQ,12.65,12.85,11.95,12.35,66570,FYERS_HISTORY,2026-08-08T23:02:51+05:30
2000-05-26,SMD-0032,BANKINDIA,NSE:BANKINDIA-EQ,12.3,12.4,12.1,12.3,34620,FYERS_HISTORY,2026-08-08T23:02:51+05:30
2000-05-29,SMD-0032,BANKINDIA,NSE:BANKINDIA-EQ,12.4,12.85,12.3,12.65,35778,FYERS_HISTORY,2026-08-08T23:02:51+05:30
2000-05-30,SMD-0032,BANKINDIA,NSE:BANKINDIA-EQ,12.7,12.95,12.5,12.75,30040,FYERS_HISTORY,2026-08-08T23:02:51+05:30
2000-05-31,SMD-0032,BANKINDIA,NSE:BANKINDIA-EQ,12.85,13.4,12.8,13.05,47249,FYERS_HISTORY,2026-08-08T23:02:51+05:30
2000-06-01,SMD-0032,BANKINDIA,NSE:BANKINDIA-EQ,13.4,13.4,12.0,12.15,139302,FYERS_HISTORY,2026-08-08T23:02:51+05:30
2000-06-02,SMD-0032,BANKINDIA,NSE:BANKINDIA-EQ,12.5,12.65,12.25,12.55,23243,FYERS_HISTORY,2026-08-08T23:02:51+05:30
2000-06-05,SMD-0032,BANKINDIA,NSE:BANKINDIA-EQ,12.95,13.0,12.5,12.5,64578,FYERS_HISTORY,2026-08-08T23:02:51+05:30
2000-06-06,SMD-0032,BANKINDIA,NSE:BANKINDIA-EQ,12.6,12.85,12.5,12.65,36507,FYERS_HISTORY,2026-08-08T23:02:51+05:30
2000-06-07,SMD-0032,BANKINDIA,NSE:BANKINDIA-EQ,12.3,12.9,12.3,12.8,10812,FYERS_HISTORY,2026-08-08T23:02:51+05:30
2000-06-08,SMD-0032,BANKINDIA,NSE:BANKINDIA-EQ,12.55,13.5,12.55,13.25,70802,FYERS_HISTORY,2026-08-08T23:02:51+05:30
2000-06-09,SMD-0032,BANKINDIA,NSE:BANKINDIA-EQ,13.3,13.5,12.8,13.2,62203,FYERS_HISTORY,2026-08-08T23:02:51+05:30
2000-06-12,SMD-0032,BANKINDIA,NSE:BANKINDIA-EQ,13.2,13.45,13.0,13.1,51359,FYERS_HISTORY,2026-08-08T23:02:51+05:30
2000-06-13,SMD-0032,BANKINDIA,NSE:BANKINDIA-EQ,13.55,13.55,12.85,13.2,66579,FYERS_HISTORY,2026-08-08T23:02:51+05:30
2000-06-14,SMD-0032,BANKINDIA,NSE:BANKINDIA-EQ,13.3,13.55,13.05,13.15,53533,FYERS_HISTORY,2026-08-08T23:02:51+05:30
2000-06-15,SMD-0032,BANKINDIA,NSE:BANKINDIA-EQ,13.4,13.5,13.1,13.2,37104,FYERS_HISTORY,2026-08-08T23:02:51+05:30
2000-06-16,SMD-0032,BANKINDIA,NSE:BANKINDIA-EQ,13.35,13.5,13.05,13.15,85818,FYERS_HISTORY,2026-08-08T23:02:51+05:30
2000-06-19,SMD-0032,BANKINDIA,NSE:BANKINDIA-EQ,13.3,13.35,12.75,13.05,68545,FYERS_HISTORY,2026-08-08T23:02:51+05:30
2000-06-20,SMD-0032,BANKINDIA,NSE:BANKINDIA-EQ,13.3,13.3,12.9,13.15,95955,FYERS_HISTORY,2026-08-08T23:02:51+05:30
2000-06-21,SMD-0032,BANKINDIA,NSE:BANKINDIA-EQ,13.25,13.65,13.1,13.1,68613,FYERS_HISTORY,2026-08-08T23:02:51+05:30
2000-06-22,SMD-0032,BANKINDIA,NSE:BANKINDIA-EQ,13.3,13.3,12.95,12.95,28672,FYERS_HISTORY,2026-08-08T23:02:51+05:30
2000-06-23,SMD-0032,BANKINDIA,NSE:BANKINDIA-EQ,13.1,13.15,13.0,13.0,45949,FYERS_HISTORY,2026-08-08T23:02:51+05:30
2000-06-26,SMD-0032,BANKINDIA,NSE:BANKINDIA-EQ,13.0,13.05,12.7,12.9,28149,FYERS_HISTORY,2026-08-08T23:02:51+05:30
2000-06-27,SMD-0032,BANKINDIA,NSE:BANKINDIA-EQ,12.1,12.75,12.1,12.4,96977,FYERS_HISTORY,2026-08-08T23:02:51+05:30
2000-06-28,SMD-0032,BANKINDIA,NSE:BANKINDIA-EQ,12.95,12.95,12.4,12.55,63851,FYERS_HISTORY,2026-08-08T23:02:51+05:30
2000-06-29,SMD-0032,BANKINDIA,NSE:BANKINDIA-EQ,12.7,12.7,12.35,12.5,41502,FYERS_HISTORY,2026-08-08T23:02:51+05:30
2000-06-30,SMD-0032,BANKINDIA,NSE:BANKINDIA-EQ,12.55,12.6,12.2,12.3,68568,FYERS_HISTORY,2026-08-08T23:02:51+05:30
2000-07-03,SMD-0032,BANKINDIA,NSE:BANKINDIA-EQ,12.2,12.5,12.2,12.25,28550,FYERS_HISTORY,2026-08-08T23:02:51+05:30
2000-07-04,SMD-0032,BANKINDIA,NSE:BANKINDIA-EQ,12.05,12.3,11.65,12.15,56699,FYERS_HISTORY,2026-08-08T23:02:51+05:30
2000-07-05,SMD-0032,BANKINDIA,NSE:BANKINDIA-EQ,12.45,12.75,12.05,12.25,63619,FYERS_HISTORY,2026-08-08T23:02:51+05:30
2000-07-06,SMD-0032,BANKINDIA,NSE:BANKINDIA-EQ,12.3,12.5,12.2,12.25,53341,FYERS_HISTORY,2026-08-08T23:02:51+05:30
2000-07-07,SMD-0032,BANKINDIA,NSE:BANKINDIA-EQ,12.2,12.25,12.1,12.15,63326,FYERS_HISTORY,2026-08-08T23:02:51+05:30
2000-07-10,SMD-0032,BANKINDIA,NSE:BANKINDIA-EQ,12.0,12.3,11.75,12.15,161709,FYERS_HISTORY,2026-08-08T23:02:51+05:30
2000-07-11,SMD-0032,BANKINDIA,NSE:BANKINDIA-EQ,12.4,12.5,12.15,12.3,219621,FYERS_HISTORY,2026-08-08T23:02:51+05:30
2000-07-12,SMD-0032,BANKINDIA,NSE:BANKINDIA-EQ,12.05,12.25,12.0,12.2,159365,FYERS_HISTORY,2026-08-08T23:02:51+05:30
2000-07-13,SMD-0032,BANKINDIA,NSE:BANKINDIA-EQ,12.0,12.25,12.0,12.2,62312,FYERS_HISTORY,2026-08-08T23:02:51+05:30
2000-07-14,SMD-0032,BANKINDIA,NSE:BANKINDIA-EQ,12.05,12.25,12.05,12.05,30081,FYERS_HISTORY,2026-08-08T23:02:51+05:30
2000-07-17,SMD-0032,BANKINDIA,NSE:BANKINDIA-EQ,12.2,12.25,12.0,12.2,16567,FYERS_HISTORY,2026-08-08T23:02:51+05:30
2000-07-18,SMD-0032,BANKINDIA,NSE:BANKINDIA-EQ,11.9,12.2,11.9,11.9,108447,FYERS_HISTORY,2026-08-08T23:02:51+05:30
2000-07-19,SMD-0032,BANKINDIA,NSE:BANKINDIA-EQ,12.15,12.15,11.8,11.85,29348,FYERS_HISTORY,2026-08-08T23:02:51+05:30
2000-07-20,SMD-0032,BANKINDIA,NSE:BANKINDIA-EQ,11.55,11.9,11.55,11.75,41132,FYERS_HISTORY,2026-08-08T23:02:51+05:30
2000-07-21,SMD-0032,BANKINDIA,NSE:BANKINDIA-EQ,11.8,11.8,11.6,11.7,28204,FYERS_HISTORY,2026-08-08T23:02:51+05:30
2000-07-24,SMD-0032,BANKINDIA,NSE:BANKINDIA-EQ,11.7,11.8,11.5,11.6,62300,FYERS_HISTORY,2026-08-08T23:02:51+05:30
2000-07-25,SMD-0032,BANKINDIA,NSE:BANKINDIA-EQ,11.5,11.5,10.55,11.15,113208,FYERS_HISTORY,2026-08-08T23:02:51+05:30
2000-07-26,SMD-0032,BANKINDIA,NSE:BANKINDIA-EQ,11.7,11.7,11.1,11.15,48916,FYERS_HISTORY,2026-08-08T23:02:51+05:30
2000-07-27,SMD-0032,BANKINDIA,NSE:BANKINDIA-EQ,11.0,11.25,11.0,11.25,38427,FYERS_HISTORY,2026-08-08T23:02:51+05:30
2000-07-28,SMD-0032,BANKINDIA,NSE:BANKINDIA-EQ,11.15,11.2,10.95,11.0,74579,FYERS_HISTORY,2026-08-08T23:02:51+05:30
2000-07-31,SMD-0032,BANKINDIA,NSE:BANKINDIA-EQ,10.95,11.0,10.75,11.0,37677,FYERS_HISTORY,2026-08-08T23:02:51+05:30
2000-08-01,SMD-0032,BANKINDIA,NSE:BANKINDIA-EQ,10.8,11.0,10.5,10.6,63471,FYERS_HISTORY,2026-08-08T23:02:51+05:30
2000-08-02,SMD-0032,BANKINDIA,NSE:BANKINDIA-EQ,10.95,10.95,10.55,10.75,47038,FYERS_HISTORY,2026-08-08T23:02:51+05:30
2000-08-03,SMD-0032,BANKINDIA,NSE:BANKINDIA-EQ,11.25,12.4,10.8,11.1,23882,FYERS_HISTORY,2026-08-08T23:02:51+05:30
2000-08-04,SMD-0032,BANKINDIA,NSE:BANKINDIA-EQ,12.0,12.0,10.75,11.1,85636,FYERS_HISTORY,2026-08-08T23:02:51+05:30
2000-08-07,SMD-0032,BANKINDIA,NSE:BANKINDIA-EQ,11.15,11.15,10.5,10.75,35121,FYERS_HISTORY,2026-08-08T23:02:51+05:30
2000-08-08,SMD-0032,BANKINDIA,NSE:BANKINDIA-EQ,10.85,10.85,10.45,10.5,65375,FYERS_HISTORY,2026-08-08T23:02:51+05:30
2000-08-09,SMD-0032,BANKINDIA,NSE:BANKINDIA-EQ,10.5,10.8,10.05,10.5,87771,FYERS_HISTORY,2026-08-08T23:02:51+05:30
2000-08-10,SMD-0032,BANKINDIA,NSE:BANKINDIA-EQ,10.5,10.6,10.25,10.25,40433,FYERS_HISTORY,2026-08-08T23:02:51+05:30
2000-08-11,SMD-0032,BANKINDIA,NSE:BANKINDIA-EQ,10.3,10.35,10.1,10.2,44366,FYERS_HISTORY,2026-08-08T23:02:51+05:30
2000-08-14,SMD-0032,BANKINDIA,NSE:BANKINDIA-EQ,10.3,10.4,10.1,10.2,42666,FYERS_HISTORY,2026-08-08T23:02:51+05:30
2000-08-16,SMD-0032,BANKINDIA,NSE:BANKINDIA-EQ,10.45,10.5,10.15,10.2,51343,FYERS_HISTORY,2026-08-08T23:02:51+05:30
2000-08-17,SMD-0032,BANKINDIA,NSE:BANKINDIA-EQ,10.45,10.45,10.1,10.1,55926,FYERS_HISTORY,2026-08-08T23:02:51+05:30
2000-08-18,SMD-0032,BANKINDIA,NSE:BANKINDIA-EQ,10.2,10.2,10.05,10.1,53586,FYERS_HISTORY,2026-08-08T23:02:51+05:30
2000-08-21,SMD-0032,BANKINDIA,NSE:BANKINDIA-EQ,10.1,10.1,10.0,10.05,36740,FYERS_HISTORY,2026-08-08T23:02:51+05:30
2000-08-22,SMD-0032,BANKINDIA,NSE:BANKINDIA-EQ,9.85,10.15,9.5,9.9,122992,FYERS_HISTORY,2026-08-08T23:02:51+05:30
2000-08-23,SMD-0032,BANKINDIA,NSE:BANKINDIA-EQ,9.95,10.1,9.95,10.05,42432,FYERS_HISTORY,2026-08-08T23:02:51+05:30
2000-08-24,SMD-0032,BANKINDIA,NSE:BANKINDIA-EQ,10.05,10.1,9.9,10.05,67902,FYERS_HISTORY,2026-08-08T23:02:51+05:30
2000-08-25,SMD-0032,BANKINDIA,NSE:BANKINDIA-EQ,10.05,10.3,10.0,10.05,230086,FYERS_HISTORY,2026-08-08T23:02:51+05:30
2000-08-28,SMD-0032,BANKINDIA,NSE:BANKINDIA-EQ,10.05,10.1,9.9,9.9,90202,FYERS_HISTORY,2026-08-08T23:02:51+05:30
2000-08-29,SMD-0032,BANKINDIA,NSE:BANKINDIA-EQ,9.95,10.1,9.8,9.95,53524,FYERS_HISTORY,2026-08-08T23:02:51+05:30
2000-08-30,SMD-0032,BANKINDIA,NSE:BANKINDIA-EQ,11.0,11.0,9.95,10.0,45579,FYERS_HISTORY,2026-08-08T23:02:51+05:30
2000-08-31,SMD-0032,BANKINDIA,NSE:BANKINDIA-EQ,10.05,10.2,9.9,10.0,102713,FYERS_HISTORY,2026-08-08T23:02:51+05:30
2000-09-04,SMD-0032,BANKINDIA,NSE:BANKINDIA-EQ,10.0,10.05,9.7,9.95,287269,FYERS_HISTORY,2026-08-08T23:02:51+05:30
2000-09-05,SMD-0032,BANKINDIA,NSE:BANKINDIA-EQ,10.0,10.25,9.9,10.05,49299,FYERS_HISTORY,2026-08-08T23:02:51+05:30
2000-09-06,SMD-0032,BANKINDIA,NSE:BANKINDIA-EQ,10.05,10.85,10.05,10.5,101851,FYERS_HISTORY,2026-08-08T23:02:51+05:30
2000-09-07,SMD-0032,BANKINDIA,NSE:BANKINDIA-EQ,10.5,10.7,10.4,10.55,57486,FYERS_HISTORY,2026-08-08T23:02:51+05:30
2000-09-08,SMD-0032,BANKINDIA,NSE:BANKINDIA-EQ,10.5,10.8,10.45,10.6,56405,FYERS_HISTORY,2026-08-08T23:02:51+05:30
2000-09-11,SMD-0032,BANKINDIA,NSE:BANKINDIA-EQ,10.6,10.9,10.6,10.65,68437,FYERS_HISTORY,2026-08-08T23:02:51+05:30
2000-09-12,SMD-0032,BANKINDIA,NSE:BANKINDIA-EQ,10.8,10.85,10.65,10.75,91710,FYERS_HISTORY,2026-08-08T23:02:51+05:30
2000-09-13,SMD-0032,BANKINDIA,NSE:BANKINDIA-EQ,11.0,11.0,10.1,10.25,89172,FYERS_HISTORY,2026-08-08T23:02:51+05:30
2000-09-14,SMD-0032,BANKINDIA,NSE:BANKINDIA-EQ,10.35,10.55,10.1,10.15,73132,FYERS_HISTORY,2026-08-08T23:02:51+05:30
2000-09-15,SMD-0032,BANKINDIA,NSE:BANKINDIA-EQ,10.35,10.4,10.15,10.3,28267,FYERS_HISTORY,2026-08-08T23:02:51+05:30
2000-09-18,SMD-0032,BANKINDIA,NSE:BANKINDIA-EQ,10.45,10.45,10.15,10.15,34716,FYERS_HISTORY,2026-08-08T23:02:51+05:30
2000-09-19,SMD-0032,BANKINDIA,NSE:BANKINDIA-EQ,10.2,10.2,9.85,9.9,102498,FYERS_HISTORY,2026-08-08T23:02:51+05:30
2000-09-20,SMD-0032,BANKINDIA,NSE:BANKINDIA-EQ,10.15,10.3,10.0,10.0,49366,FYERS_HISTORY,2026-08-08T23:02:51+05:30
2000-09-21,SMD-0032,BANKINDIA,NSE:BANKINDIA-EQ,10.0,10.3,10.0,10.15,32430,FYERS_HISTORY,2026-08-08T23:02:51+05:30
2000-09-22,SMD-0032,BANKINDIA,NSE:BANKINDIA-EQ,9.9,10.15,9.8,9.95,53832,FYERS_HISTORY,2026-08-08T23:02:51+05:30
2000-09-25,SMD-0032,BANKINDIA,NSE:BANKINDIA-EQ,9.8,10.05,9.75,9.9,49960,FYERS_HISTORY,2026-08-08T23:02:51+05:30
2000-09-26,SMD-0032,BANKINDIA,NSE:BANKINDIA-EQ,9.95,10.0,9.75,9.85,65833,FYERS_HISTORY,2026-08-08T23:02:51+05:30
2000-09-27,SMD-0032,BANKINDIA,NSE:BANKINDIA-EQ,9.95,9.95,9.8,9.8,53394,FYERS_HISTORY,2026-08-08T23:02:51+05:30
2000-09-28,SMD-0032,BANKINDIA,NSE:BANKINDIA-EQ,9.85,9.95,9.75,9.8,33764,FYERS_HISTORY,2026-08-08T23:02:51+05:30
2000-09-29,SMD-0032,BANKINDIA,NSE:BANKINDIA-EQ,9.75,9.85,9.65,9.7,46215,FYERS_HISTORY,2026-08-08T23:02:51+05:30
2000-10-03,SMD-0032,BANKINDIA,NSE:BANKINDIA-EQ,9.8,9.8,9.4,9.55,73794,FYERS_HISTORY,2026-08-08T23:02:51+05:30
2000-10-04,SMD-0032,BANKINDIA,NSE:BANKINDIA-EQ,9.7,10.0,9.6,9.95,51625,FYERS_HISTORY,2026-08-08T23:02:51+05:30
2000-10-05,SMD-0032,BANKINDIA,NSE:BANKINDIA-EQ,10.0,10.1,9.8,9.95,29731,FYERS_HISTORY,2026-08-08T23:02:51+05:30
2000-10-06,SMD-0032,BANKINDIA,NSE:BANKINDIA-EQ,9.75,9.85,8.95,9.15,465334,FYERS_HISTORY,2026-08-08T23:02:51+05:30
2000-10-09,SMD-0032,BANKINDIA,NSE:BANKINDIA-EQ,9.35,9.35,8.85,8.95,108745,FYERS_HISTORY,2026-08-08T23:02:51+05:30
2000-10-10,SMD-0032,BANKINDIA,NSE:BANKINDIA-EQ,9.0,9.1,8.8,8.9,97960,FYERS_HISTORY,2026-08-08T23:02:51+05:30
2000-10-11,SMD-0032,BANKINDIA,NSE:BANKINDIA-EQ,9.0,9.4,8.8,9.25,45854,FYERS_HISTORY,2026-08-08T23:02:51+05:30
2000-10-12,SMD-0032,BANKINDIA,NSE:BANKINDIA-EQ,9.2,9.3,9.0,9.0,53630,FYERS_HISTORY,2026-08-08T23:02:51+05:30
2000-10-13,SMD-0032,BANKINDIA,NSE:BANKINDIA-EQ,9.0,9.2,8.95,9.05,35223,FYERS_HISTORY,2026-08-08T23:02:51+05:30
2000-10-16,SMD-0032,BANKINDIA,NSE:BANKINDIA-EQ,9.35,9.35,9.0,9.05,40830,FYERS_HISTORY,2026-08-08T23:02:51+05:30
2000-10-17,SMD-0032,BANKINDIA,NSE:BANKINDIA-EQ,9.15,9.4,8.85,9.0,57923,FYERS_HISTORY,2026-08-08T23:02:51+05:30
2000-10-18,SMD-0032,BANKINDIA,NSE:BANKINDIA-EQ,9.1,9.1,8.9,9.0,37127,FYERS_HISTORY,2026-08-08T23:02:51+05:30
2000-10-19,SMD-0032,BANKINDIA,NSE:BANKINDIA-EQ,9.0,9.2,8.95,9.1,31280,FYERS_HISTORY,2026-08-08T23:02:51+05:30
2000-10-20,SMD-0032,BANKINDIA,NSE:BANKINDIA-EQ,9.1,9.35,9.0,9.15,30629,FYERS_HISTORY,2026-08-08T23:02:51+05:30
2000-10-23,SMD-0032,BANKINDIA,NSE:BANKINDIA-EQ,9.2,9.4,8.95,9.15,46214,FYERS_HISTORY,2026-08-08T23:02:51+05:30
2000-10-24,SMD-0032,BANKINDIA,NSE:BANKINDIA-EQ,9.2,9.25,9.0,9.15,58406,FYERS_HISTORY,2026-08-08T23:02:51+05:30
2000-10-25,SMD-0032,BANKINDIA,NSE:BANKINDIA-EQ,9.0,9.35,9.0,9.3,18929,FYERS_HISTORY,2026-08-08T23:02:51+05:30
2000-10-26,SMD-0032,BANKINDIA,NSE:BANKINDIA-EQ,9.0,9.45,9.0,9.35,19037,FYERS_HISTORY,2026-08-08T23:02:51+05:30
2000-10-27,SMD-0032,BANKINDIA,NSE:BANKINDIA-EQ,9.25,9.45,9.25,9.35,17211,FYERS_HISTORY,2026-08-08T23:02:51+05:30
2000-10-30,SMD-0032,BANKINDIA,NSE:BANKINDIA-EQ,9.45,9.45,9.2,9.25,12764,FYERS_HISTORY,2026-08-08T23:02:51+05:30
2000-10-31,SMD-0032,BANKINDIA,NSE:BANKINDIA-EQ,9.45,9.75,9.3,9.7,49465,FYERS_HISTORY,2026-08-08T23:02:51+05:30
2000-11-01,SMD-0032,BANKINDIA,NSE:BANKINDIA-EQ,9.7,10.4,9.7,10.3,99406,FYERS_HISTORY,2026-08-08T23:02:51+05:30
2000-11-02,SMD-0032,BANKINDIA,NSE:BANKINDIA-EQ,10.2,10.5,10.1,10.35,74923,FYERS_HISTORY,2026-08-08T23:02:51+05:30
2000-11-03,SMD-0032,BANKINDIA,NSE:BANKINDIA-EQ,10.2,10.75,10.2,10.45,122247,FYERS_HISTORY,2026-08-08T23:02:51+05:30
2000-11-06,SMD-0032,BANKINDIA,NSE:BANKINDIA-EQ,10.75,11.45,10.5,10.8,160254,FYERS_HISTORY,2026-08-08T23:02:51+05:30
2000-11-07,SMD-0032,BANKINDIA,NSE:BANKINDIA-EQ,10.9,10.95,10.4,10.7,106343,FYERS_HISTORY,2026-08-08T23:02:51+05:30
2000-11-08,SMD-0032,BANKINDIA,NSE:BANKINDIA-EQ,10.8,11.0,10.55,10.65,56420,FYERS_HISTORY,2026-08-08T23:02:51+05:30
2000-11-09,SMD-0032,BANKINDIA,NSE:BANKINDIA-EQ,11.0,11.0,9.55,10.6,33487,FYERS_HISTORY,2026-08-08T23:02:51+05:30
2000-11-10,SMD-0032,BANKINDIA,NSE:BANKINDIA-EQ,10.5,10.65,10.2,10.25,56507,FYERS_HISTORY,2026-08-08T23:02:51+05:30
2000-11-13,SMD-0032,BANKINDIA,NSE:BANKINDIA-EQ,10.45,10.45,10.2,10.35,27923,FYERS_HISTORY,2026-08-08T23:02:51+05:30
2000-11-14,SMD-0032,BANKINDIA,NSE:BANKINDIA-EQ,10.3,10.65,10.2,10.5,86465,FYERS_HISTORY,2026-08-08T23:02:51+05:30
2000-11-15,SMD-0032,BANKINDIA,NSE:BANKINDIA-EQ,10.95,11.1,10.7,10.85,121503,FYERS_HISTORY,2026-08-08T23:02:51+05:30
2000-11-16,SMD-0032,BANKINDIA,NSE:BANKINDIA-EQ,10.9,12.4,10.9,12.1,464147,FYERS_HISTORY,2026-08-08T23:02:51+05:30
2000-11-17,SMD-0032,BANKINDIA,NSE:BANKINDIA-EQ,12.85,12.85,11.2,11.75,349691,FYERS_HISTORY,2026-08-08T23:02:51+05:30
2000-11-20,SMD-0032,BANKINDIA,NSE:BANKINDIA-EQ,11.8,11.8,11.2,11.7,121846,FYERS_HISTORY,2026-08-08T23:02:51+05:30
2000-11-21,SMD-0032,BANKINDIA,NSE:BANKINDIA-EQ,11.5,11.8,11.4,11.6,204243,FYERS_HISTORY,2026-08-08T23:02:51+05:30
2000-11-22,SMD-0032,BANKINDIA,NSE:BANKINDIA-EQ,11.9,11.9,11.55,11.6,54295,FYERS_HISTORY,2026-08-08T23:02:51+05:30
2000-11-23,SMD-0032,BANKINDIA,NSE:BANKINDIA-EQ,11.55,11.65,11.25,11.5,60801,FYERS_HISTORY,2026-08-08T23:02:51+05:30
2000-11-24,SMD-0032,BANKINDIA,NSE:BANKINDIA-EQ,11.45,11.6,11.35,11.35,39511,FYERS_HISTORY,2026-08-08T23:02:51+05:30
2000-11-27,SMD-0032,BANKINDIA,NSE:BANKINDIA-EQ,11.5,11.7,11.2,11.7,64107,FYERS_HISTORY,2026-08-08T23:02:51+05:30
2000-11-28,SMD-0032,BANKINDIA,NSE:BANKINDIA-EQ,11.55,12.15,11.55,11.8,109547,FYERS_HISTORY,2026-08-08T23:02:51+05:30
2000-11-29,SMD-0032,BANKINDIA,NSE:BANKINDIA-EQ,11.45,12.0,11.45,11.7,100905,FYERS_HISTORY,2026-08-08T23:02:51+05:30
2000-11-30,SMD-0032,BANKINDIA,NSE:BANKINDIA-EQ,11.6,11.8,11.6,11.7,46448,FYERS_HISTORY,2026-08-08T23:02:51+05:30
2000-12-01,SMD-0032,BANKINDIA,NSE:BANKINDIA-EQ,11.8,11.8,11.3,11.45,58081,FYERS_HISTORY,2026-08-08T23:02:51+05:30
2000-12-04,SMD-0032,BANKINDIA,NSE:BANKINDIA-EQ,11.7,12.5,11.4,11.75,184389,FYERS_HISTORY,2026-08-08T23:02:51+05:30
2000-12-05,SMD-0032,BANKINDIA,NSE:BANKINDIA-EQ,11.6,12.0,11.6,11.75,66701,FYERS_HISTORY,2026-08-08T23:02:51+05:30
2000-12-06,SMD-0032,BANKINDIA,NSE:BANKINDIA-EQ,12.4,12.4,11.85,11.9,75683,FYERS_HISTORY,2026-08-08T23:02:51+05:30
2000-12-07,SMD-0032,BANKINDIA,NSE:BANKINDIA-EQ,12.2,12.2,11.8,11.95,40241,FYERS_HISTORY,2026-08-08T23:02:51+05:30
2000-12-08,SMD-0032,BANKINDIA,NSE:BANKINDIA-EQ,12.1,12.8,11.9,12.25,258294,FYERS_HISTORY,2026-08-08T23:02:51+05:30
2000-12-11,SMD-0032,BANKINDIA,NSE:BANKINDIA-EQ,12.15,13.1,12.15,12.85,307518,FYERS_HISTORY,2026-08-08T23:02:51+05:30
2000-12-12,SMD-0032,BANKINDIA,NSE:BANKINDIA-EQ,12.9,13.4,12.8,13.15,288544,FYERS_HISTORY,2026-08-08T23:02:51+05:30
2000-12-13,SMD-0032,BANKINDIA,NSE:BANKINDIA-EQ,13.3,13.6,13.0,13.45,380568,FYERS_HISTORY,2026-08-08T23:02:51+05:30
2000-12-14,SMD-0032,BANKINDIA,NSE:BANKINDIA-EQ,13.35,14.7,13.35,14.35,769859,FYERS_HISTORY,2026-08-08T23:02:51+05:30
2000-12-15,SMD-0032,BANKINDIA,NSE:BANKINDIA-EQ,14.4,14.65,13.7,13.8,439801,FYERS_HISTORY,2026-08-08T23:02:51+05:30
2000-12-18,SMD-0032,BANKINDIA,NSE:BANKINDIA-EQ,13.75,14.1,13.3,14.0,263860,FYERS_HISTORY,2026-08-08T23:02:51+05:30
2000-12-19,SMD-0032,BANKINDIA,NSE:BANKINDIA-EQ,13.75,14.75,13.75,14.55,573982,FYERS_HISTORY,2026-08-08T23:02:51+05:30
2000-12-20,SMD-0032,BANKINDIA,NSE:BANKINDIA-EQ,14.15,16.25,14.1,15.15,837422,FYERS_HISTORY,2026-08-08T23:02:51+05:30
2000-12-21,SMD-0032,BANKINDIA,NSE:BANKINDIA-EQ,14.5,15.55,14.5,15.2,469991,FYERS_HISTORY,2026-08-08T23:02:51+05:30
2000-12-22,SMD-0032,BANKINDIA,NSE:BANKINDIA-EQ,14.7,15.4,14.05,14.1,267562,FYERS_HISTORY,2026-08-08T23:02:51+05:30
2000-12-26,SMD-0032,BANKINDIA,NSE:BANKINDIA-EQ,14.4,14.45,12.5,13.0,416335,FYERS_HISTORY,2026-08-08T23:02:51+05:30
2000-12-27,SMD-0032,BANKINDIA,NSE:BANKINDIA-EQ,13.4,13.85,13.0,13.5,123343,FYERS_HISTORY,2026-08-08T23:02:51+05:30
2000-12-28,SMD-0032,BANKINDIA,NSE:BANKINDIA-EQ,13.45,14.0,13.45,13.7,63580,FYERS_HISTORY,2026-08-08T23:02:51+05:30
2000-12-29,SMD-0032,BANKINDIA,NSE:BANKINDIA-EQ,13.75,14.55,13.35,14.4,290101,FYERS_HISTORY,2026-08-08T23:02:51+05:30
2001-01-01,SMD-0032,BANKINDIA,NSE:BANKINDIA-EQ,13.6,15.15,13.6,14.8,322462,FYERS_HISTORY,2026-08-08T23:02:51+05:30
2001-01-02,SMD-0032,BANKINDIA,NSE:BANKINDIA-EQ,14.75,15.15,14.5,15.0,371793,FYERS_HISTORY,2026-08-08T23:02:51+05:30
2001-01-03,SMD-0032,BANKINDIA,NSE:BANKINDIA-EQ,14.65,15.95,14.65,15.55,527439,FYERS_HISTORY,2026-08-08T23:02:51+05:30
2001-01-04,SMD-0032,BANKINDIA,NSE:BANKINDIA-EQ,15.85,15.85,15.1,15.25,325852,FYERS_HISTORY,2026-08-08T23:02:51+05:30
2001-01-05,SMD-0032,BANKINDIA,NSE:BANKINDIA-EQ,15.0,15.4,14.9,15.0,160516,FYERS_HISTORY,2026-08-08T23:02:51+05:30
2001-01-08,SMD-0032,BANKINDIA,NSE:BANKINDIA-EQ,15.0,15.25,14.8,14.85,119935,FYERS_HISTORY,2026-08-08T23:02:51+05:30
2001-01-09,SMD-0032,BANKINDIA,NSE:BANKINDIA-EQ,14.8,15.0,14.5,14.7,267878,FYERS_HISTORY,2026-08-08T23:02:51+05:30
2001-01-10,SMD-0032,BANKINDIA,NSE:BANKINDIA-EQ,15.45,15.45,14.85,14.9,202761,FYERS_HISTORY,2026-08-08T23:02:51+05:30
2001-01-11,SMD-0032,BANKINDIA,NSE:BANKINDIA-EQ,15.0,15.0,14.75,14.75,40205,FYERS_HISTORY,2026-08-08T23:02:51+05:30
2001-01-12,SMD-0032,BANKINDIA,NSE:BANKINDIA-EQ,14.95,14.95,14.3,14.35,157122,FYERS_HISTORY,2026-08-08T23:02:51+05:30
2001-01-15,SMD-0032,BANKINDIA,NSE:BANKINDIA-EQ,14.5,14.7,14.25,14.3,78248,FYERS_HISTORY,2026-08-08T23:02:51+05:30
2001-01-16,SMD-0032,BANKINDIA,NSE:BANKINDIA-EQ,14.5,14.5,14.1,14.2,139651,FYERS_HISTORY,2026-08-08T23:02:51+05:30
2001-01-17,SMD-0032,BANKINDIA,NSE:BANKINDIA-EQ,15.0,15.0,14.25,14.3,65700,FYERS_HISTORY,2026-08-08T23:02:51+05:30
2001-01-18,SMD-0032,BANKINDIA,NSE:BANKINDIA-EQ,14.5,14.5,13.95,14.05,80888,FYERS_HISTORY,2026-08-08T23:02:51+05:30
2001-01-19,SMD-0032,BANKINDIA,NSE:BANKINDIA-EQ,14.2,14.3,13.85,13.9,77393,FYERS_HISTORY,2026-08-08T23:02:51+05:30
2001-01-22,SMD-0032,BANKINDIA,NSE:BANKINDIA-EQ,13.9,14.0,13.65,13.95,46022,FYERS_HISTORY,2026-08-08T23:02:51+05:30
2001-01-23,SMD-0032,BANKINDIA,NSE:BANKINDIA-EQ,13.85,14.3,13.85,13.95,107483,FYERS_HISTORY,2026-08-08T23:02:51+05:30
2001-01-24,SMD-0032,BANKINDIA,NSE:BANKINDIA-EQ,14.5,16.5,14.0,14.7,257267,FYERS_HISTORY,2026-08-08T23:02:51+05:30
2001-01-25,SMD-0032,BANKINDIA,NSE:BANKINDIA-EQ,14.95,15.3,14.5,14.7,249771,FYERS_HISTORY,2026-08-08T23:02:51+05:30
2001-01-29,SMD-0032,BANKINDIA,NSE:BANKINDIA-EQ,14.5,15.4,14.1,15.0,282873,FYERS_HISTORY,2026-08-08T23:02:51+05:30
2001-01-30,SMD-0032,BANKINDIA,NSE:BANKINDIA-EQ,15.1,15.2,14.7,14.8,257476,FYERS_HISTORY,2026-08-08T23:02:51+05:30
2001-01-31,SMD-0032,BANKINDIA,NSE:BANKINDIA-EQ,15.2,15.35,14.9,15.05,173073,FYERS_HISTORY,2026-08-08T23:02:51+05:30
2001-02-01,SMD-0032,BANKINDIA,NSE:BANKINDIA-EQ,15.0,15.0,14.4,14.7,122950,FYERS_HISTORY,2026-08-08T23:02:51+05:30
2001-02-02,SMD-0032,BANKINDIA,NSE:BANKINDIA-EQ,14.5,15.05,14.5,14.8,108343,FYERS_HISTORY,2026-08-08T23:02:51+05:30
2001-02-05,SMD-0032,BANKINDIA,NSE:BANKINDIA-EQ,15.0,15.25,14.85,15.0,305745,FYERS_HISTORY,2026-08-08T23:02:51+05:30
2001-02-06,SMD-0032,BANKINDIA,NSE:BANKINDIA-EQ,15.1,15.6,15.0,15.4,627225,FYERS_HISTORY,2026-08-08T23:02:51+05:30
2001-02-07,SMD-0032,BANKINDIA,NSE:BANKINDIA-EQ,16.5,17.0,15.55,16.3,1113420,FYERS_HISTORY,2026-08-08T23:02:51+05:30
2001-02-08,SMD-0032,BANKINDIA,NSE:BANKINDIA-EQ,16.75,18.0,16.1,17.85,976548,FYERS_HISTORY,2026-08-08T23:02:51+05:30
2001-02-09,SMD-0032,BANKINDIA,NSE:BANKINDIA-EQ,18.0,20.4,18.0,20.0,1874596,FYERS_HISTORY,2026-08-08T23:02:51+05:30
2001-02-12,SMD-0032,BANKINDIA,NSE:BANKINDIA-EQ,20.0,21.6,18.7,20.4,1942853,FYERS_HISTORY,2026-08-08T23:02:51+05:30
2001-02-13,SMD-0032,BANKINDIA,NSE:BANKINDIA-EQ,20.95,21.2,18.8,18.85,1255618,FYERS_HISTORY,2026-08-08T23:02:51+05:30
2001-02-14,SMD-0032,BANKINDIA,NSE:BANKINDIA-EQ,18.8,19.7,17.65,19.15,888408,FYERS_HISTORY,2026-08-08T23:02:51+05:30
2001-02-15,SMD-0032,BANKINDIA,NSE:BANKINDIA-EQ,19.4,20.2,19.15,19.3,764630,FYERS_HISTORY,2026-08-08T23:02:51+05:30
2001-02-16,SMD-0032,BANKINDIA,NSE:BANKINDIA-EQ,19.35,19.45,17.8,18.0,469460,FYERS_HISTORY,2026-08-08T23:02:51+05:30
2001-02-19,SMD-0032,BANKINDIA,NSE:BANKINDIA-EQ,18.5,18.9,18.0,18.4,315985,FYERS_HISTORY,2026-08-08T23:02:51+05:30
2001-02-20,SMD-0032,BANKINDIA,NSE:BANKINDIA-EQ,18.05,18.4,17.65,17.85,533765,FYERS_HISTORY,2026-08-08T23:02:51+05:30
2001-02-21,SMD-0032,BANKINDIA,NSE:BANKINDIA-EQ,17.9,18.9,17.65,18.3,420346,FYERS_HISTORY,2026-08-08T23:02:51+05:30
2001-02-22,SMD-0032,BANKINDIA,NSE:BANKINDIA-EQ,18.25,18.6,17.5,17.95,268888,FYERS_HISTORY,2026-08-08T23:02:51+05:30
2001-02-23,SMD-0032,BANKINDIA,NSE:BANKINDIA-EQ,17.8,17.95,16.6,16.8,215703,FYERS_HISTORY,2026-08-08T23:02:51+05:30
2001-02-26,SMD-0032,BANKINDIA,NSE:BANKINDIA-EQ,16.9,17.0,16.3,16.85,166890,FYERS_HISTORY,2026-08-08T23:02:51+05:30
2001-02-27,SMD-0032,BANKINDIA,NSE:BANKINDIA-EQ,17.0,17.1,15.35,15.55,410215,FYERS_HISTORY,2026-08-08T23:02:51+05:30
2001-02-28,SMD-0032,BANKINDIA,NSE:BANKINDIA-EQ,16.3,17.85,15.95,17.35,923690,FYERS_HISTORY,2026-08-08T23:02:51+05:30
2001-03-01,SMD-0032,BANKINDIA,NSE:BANKINDIA-EQ,17.6,19.1,17.6,18.0,757211,FYERS_HISTORY,2026-08-08T23:02:51+05:30
2001-03-02,SMD-0032,BANKINDIA,NSE:BANKINDIA-EQ,18.5,19.4,16.35,16.65,658627,FYERS_HISTORY,2026-08-08T23:02:51+05:30
2001-03-05,SMD-0032,BANKINDIA,NSE:BANKINDIA-EQ,16.7,17.3,15.05,15.6,709167,FYERS_HISTORY,2026-08-08T23:02:51+05:30
2001-03-07,SMD-0032,BANKINDIA,NSE:BANKINDIA-EQ,16.9,16.9,15.5,16.0,251689,FYERS_HISTORY,2026-08-08T23:02:51+05:30
2001-03-08,SMD-0032,BANKINDIA,NSE:BANKINDIA-EQ,16.45,16.5,15.5,15.75,109460,FYERS_HISTORY,2026-08-08T23:02:51+05:30
2001-03-09,SMD-0032,BANKINDIA,NSE:BANKINDIA-EQ,15.1,15.1,14.0,14.65,188682,FYERS_HISTORY,2026-08-08T23:02:51+05:30
2001-03-12,SMD-0032,BANKINDIA,NSE:BANKINDIA-EQ,14.5,14.8,13.15,13.3,234598,FYERS_HISTORY,2026-08-08T23:02:51+05:30
2001-03-13,SMD-0032,BANKINDIA,NSE:BANKINDIA-EQ,13.0,13.35,11.0,11.95,388588,FYERS_HISTORY,2026-08-08T23:02:51+05:30
2001-03-14,SMD-0032,BANKINDIA,NSE:BANKINDIA-EQ,11.1,13.95,11.05,13.7,261106,FYERS_HISTORY,2026-08-08T23:02:51+05:30
2001-03-15,SMD-0032,BANKINDIA,NSE:BANKINDIA-EQ,13.25,13.9,12.5,13.65,197690,FYERS_HISTORY,2026-08-08T23:02:51+05:30
2001-03-16,SMD-0032,BANKINDIA,NSE:BANKINDIA-EQ,12.8,13.7,12.7,13.0,191643,FYERS_HISTORY,2026-08-08T23:02:51+05:30
2001-03-19,SMD-0032,BANKINDIA,NSE:BANKINDIA-EQ,13.2,13.45,12.6,13.15,117477,FYERS_HISTORY,2026-08-08T23:02:51+05:30
2001-03-20,SMD-0032,BANKINDIA,NSE:BANKINDIA-EQ,13.0,13.0,12.5,12.6,251011,FYERS_HISTORY,2026-08-08T23:02:51+05:30
2001-03-21,SMD-0032,BANKINDIA,NSE:BANKINDIA-EQ,12.75,13.1,12.5,13.0,133281,FYERS_HISTORY,2026-08-08T23:02:51+05:30
2001-03-22,SMD-0032,BANKINDIA,NSE:BANKINDIA-EQ,13.15,13.3,12.8,12.9,74340,FYERS_HISTORY,2026-08-08T23:02:51+05:30
2001-03-23,SMD-0032,BANKINDIA,NSE:BANKINDIA-EQ,13.05,13.05,12.5,12.6,114390,FYERS_HISTORY,2026-08-08T23:02:51+05:30
2001-03-26,SMD-0032,BANKINDIA,NSE:BANKINDIA-EQ,12.55,12.85,12.3,12.5,126808,FYERS_HISTORY,2026-08-08T23:02:51+05:30
2001-03-27,SMD-0032,BANKINDIA,NSE:BANKINDIA-EQ,12.45,12.6,12.2,12.35,172792,FYERS_HISTORY,2026-08-08T23:02:51+05:30
2001-03-28,SMD-0032,BANKINDIA,NSE:BANKINDIA-EQ,13.35,13.35,12.6,12.8,75675,FYERS_HISTORY,2026-08-08T23:02:51+05:30
2001-03-29,SMD-0032,BANKINDIA,NSE:BANKINDIA-EQ,12.35,12.5,11.75,12.3,174760,FYERS_HISTORY,2026-08-08T23:02:51+05:30
2001-03-30,SMD-0032,BANKINDIA,NSE:BANKINDIA-EQ,12.1,12.25,11.3,11.4,193469,FYERS_HISTORY,2026-08-08T23:02:51+05:30
2001-04-02,SMD-0032,BANKINDIA,NSE:BANKINDIA-EQ,11.25,11.25,9.15,10.5,181875,FYERS_HISTORY,2026-08-08T23:02:51+05:30
2001-04-03,SMD-0032,BANKINDIA,NSE:BANKINDIA-EQ,10.35,10.75,10.15,10.45,158920,FYERS_HISTORY,2026-08-08T23:02:51+05:30
2001-04-04,SMD-0032,BANKINDIA,NSE:BANKINDIA-EQ,10.6,11.75,10.35,11.4,147118,FYERS_HISTORY,2026-08-08T23:02:51+05:30
2001-04-06,SMD-0032,BANKINDIA,NSE:BANKINDIA-EQ,11.6,11.75,10.85,11.0,105398,FYERS_HISTORY,2026-08-08T23:02:51+05:30
2001-04-09,SMD-0032,BANKINDIA,NSE:BANKINDIA-EQ,11.3,11.45,11.05,11.25,79806,FYERS_HISTORY,2026-08-08T23:02:51+05:30
2001-04-10,SMD-0032,BANKINDIA,NSE:BANKINDIA-EQ,11.2,11.3,10.7,10.9,123280,FYERS_HISTORY,2026-08-08T23:02:51+05:30
2001-04-11,SMD-0032,BANKINDIA,NSE:BANKINDIA-EQ,11.5,11.5,10.75,10.95,58168,FYERS_HISTORY,2026-08-08T23:02:51+05:30
2001-04-12,SMD-0032,BANKINDIA,NSE:BANKINDIA-EQ,10.95,10.95,10.3,10.7,116241,FYERS_HISTORY,2026-08-08T23:02:51+05:30
2001-04-16,SMD-0032,BANKINDIA,NSE:BANKINDIA-EQ,10.95,11.4,10.6,11.05,64641,FYERS_HISTORY,2026-08-08T23:02:51+05:30
2001-04-17,SMD-0032,BANKINDIA,NSE:BANKINDIA-EQ,10.85,11.3,10.85,11.15,148289,FYERS_HISTORY,2026-08-08T23:02:51+05:30
2001-04-18,SMD-0032,BANKINDIA,NSE:BANKINDIA-EQ,11.65,12.35,11.2,12.05,105581,FYERS_HISTORY,2026-08-08T23:02:51+05:30
2001-04-19,SMD-0032,BANKINDIA,NSE:BANKINDIA-EQ,12.4,13.0,12.0,12.25,149478,FYERS_HISTORY,2026-08-08T23:02:51+05:30
2001-04-20,SMD-0032,BANKINDIA,NSE:BANKINDIA-EQ,11.5,12.45,11.5,11.85,68706,FYERS_HISTORY,2026-08-08T23:02:51+05:30
2001-04-23,SMD-0032,BANKINDIA,NSE:BANKINDIA-EQ,11.75,12.25,11.7,12.15,53290,FYERS_HISTORY,2026-08-08T23:02:51+05:30
2001-04-24,SMD-0032,BANKINDIA,NSE:BANKINDIA-EQ,11.95,12.15,11.75,11.95,72413,FYERS_HISTORY,2026-08-08T23:02:51+05:30
2001-04-25,SMD-0032,BANKINDIA,NSE:BANKINDIA-EQ,11.75,12.35,11.75,12.2,47093,FYERS_HISTORY,2026-08-08T23:02:51+05:30
2001-04-26,SMD-0032,BANKINDIA,NSE:BANKINDIA-EQ,12.3,12.3,11.9,11.95,35326,FYERS_HISTORY,2026-08-08T23:02:51+05:30
2001-04-27,SMD-0032,BANKINDIA,NSE:BANKINDIA-EQ,11.85,11.85,11.25,11.45,108922,FYERS_HISTORY,2026-08-08T23:02:51+05:30
2001-04-30,SMD-0032,BANKINDIA,NSE:BANKINDIA-EQ,11.1,11.65,11.0,11.55,58718,FYERS_HISTORY,2026-08-08T23:02:51+05:30
2001-05-02,SMD-0032,BANKINDIA,NSE:BANKINDIA-EQ,12.0,12.25,11.65,11.75,38734,FYERS_HISTORY,2026-08-08T23:02:51+05:30
2001-05-03,SMD-0032,BANKINDIA,NSE:BANKINDIA-EQ,11.7,11.9,11.5,11.65,30635,FYERS_HISTORY,2026-08-08T23:02:51+05:30
2001-05-04,SMD-0032,BANKINDIA,NSE:BANKINDIA-EQ,11.6,11.8,11.45,11.65,41196,FYERS_HISTORY,2026-08-08T23:02:51+05:30
2001-05-07,SMD-0032,BANKINDIA,NSE:BANKINDIA-EQ,11.8,11.9,11.5,11.65,60019,FYERS_HISTORY,2026-08-08T23:02:51+05:30
2001-05-08,SMD-0032,BANKINDIA,NSE:BANKINDIA-EQ,11.7,11.85,11.6,11.75,42134,FYERS_HISTORY,2026-08-08T23:02:51+05:30
2001-05-09,SMD-0032,BANKINDIA,NSE:BANKINDIA-EQ,11.65,11.8,11.6,11.65,37856,FYERS_HISTORY,2026-08-08T23:02:51+05:30
2001-05-10,SMD-0032,BANKINDIA,NSE:BANKINDIA-EQ,11.8,13.2,11.8,11.9,90838,FYERS_HISTORY,2026-08-08T23:02:51+05:30
2001-05-11,SMD-0032,BANKINDIA,NSE:BANKINDIA-EQ,11.95,12.4,11.8,11.95,225855,FYERS_HISTORY,2026-08-08T23:02:51+05:30
2001-05-14,SMD-0032,BANKINDIA,NSE:BANKINDIA-EQ,12.25,12.45,11.9,12.1,95282,FYERS_HISTORY,2026-08-08T23:02:51+05:30
2001-05-15,SMD-0032,BANKINDIA,NSE:BANKINDIA-EQ,11.65,11.9,11.6,11.75,96325,FYERS_HISTORY,2026-08-08T23:02:51+05:30
2001-05-16,SMD-0032,BANKINDIA,NSE:BANKINDIA-EQ,12.4,12.4,11.9,12.05,71936,FYERS_HISTORY,2026-08-08T23:02:51+05:30
2001-05-17,SMD-0032,BANKINDIA,NSE:BANKINDIA-EQ,12.25,12.35,12.0,12.3,101471,FYERS_HISTORY,2026-08-08T23:02:51+05:30
2001-05-18,SMD-0032,BANKINDIA,NSE:BANKINDIA-EQ,12.05,12.6,12.05,12.35,105998,FYERS_HISTORY,2026-08-08T23:02:51+05:30
2001-05-21,SMD-0032,BANKINDIA,NSE:BANKINDIA-EQ,12.55,13.5,12.4,13.25,138165,FYERS_HISTORY,2026-08-08T23:02:51+05:30
2001-05-22,SMD-0032,BANKINDIA,NSE:BANKINDIA-EQ,12.9,13.6,12.75,13.1,303736,FYERS_HISTORY,2026-08-08T23:02:51+05:30
2001-05-23,SMD-0032,BANKINDIA,NSE:BANKINDIA-EQ,13.5,13.7,13.0,13.15,80760,FYERS_HISTORY,2026-08-08T23:02:51+05:30
2001-05-24,SMD-0032,BANKINDIA,NSE:BANKINDIA-EQ,13.0,13.3,12.85,13.0,77335,FYERS_HISTORY,2026-08-08T23:02:51+05:30
2001-05-25,SMD-0032,BANKINDIA,NSE:BANKINDIA-EQ,13.0,13.0,12.7,12.85,170131,FYERS_HISTORY,2026-08-08T23:02:51+05:30
2001-05-28,SMD-0032,BANKINDIA,NSE:BANKINDIA-EQ,12.85,13.1,12.85,13.05,49221,FYERS_HISTORY,2026-08-08T23:02:51+05:30
2001-05-29,SMD-0032,BANKINDIA,NSE:BANKINDIA-EQ,13.2,13.25,13.0,13.15,91474,FYERS_HISTORY,2026-08-08T23:02:51+05:30
2001-05-30,SMD-0032,BANKINDIA,NSE:BANKINDIA-EQ,13.5,13.5,13.2,13.35,85365,FYERS_HISTORY,2026-08-08T23:02:51+05:30
2001-05-31,SMD-0032,BANKINDIA,NSE:BANKINDIA-EQ,13.0,14.85,13.0,14.5,411296,FYERS_HISTORY,2026-08-08T23:02:51+05:30
2001-06-01,SMD-0032,BANKINDIA,NSE:BANKINDIA-EQ,14.6,14.85,13.85,13.95,213400,FYERS_HISTORY,2026-08-08T23:02:51+05:30
2001-06-04,SMD-0032,BANKINDIA,NSE:BANKINDIA-EQ,14.0,14.15,13.9,13.95,112088,FYERS_HISTORY,2026-08-08T23:02:51+05:30
2001-06-05,SMD-0032,BANKINDIA,NSE:BANKINDIA-EQ,13.85,14.1,13.7,13.8,136365,FYERS_HISTORY,2026-08-08T23:02:51+05:30
2001-06-06,SMD-0032,BANKINDIA,NSE:BANKINDIA-EQ,14.2,15.2,14.0,14.85,593775,FYERS_HISTORY,2026-08-08T23:02:51+05:30
2001-06-07,SMD-0032,BANKINDIA,NSE:BANKINDIA-EQ,15.2,15.5,14.8,15.2,790069,FYERS_HISTORY,2026-08-08T23:02:51+05:30
2001-06-08,SMD-0032,BANKINDIA,NSE:BANKINDIA-EQ,15.5,15.5,15.1,15.25,399603,FYERS_HISTORY,2026-08-08T23:02:51+05:30
2001-06-11,SMD-0032,BANKINDIA,NSE:BANKINDIA-EQ,15.3,16.75,15.2,16.4,680124,FYERS_HISTORY,2026-08-08T23:02:51+05:30
2001-06-12,SMD-0032,BANKINDIA,NSE:BANKINDIA-EQ,16.45,16.55,15.75,16.1,649795,FYERS_HISTORY,2026-08-08T23:02:51+05:30
2001-06-13,SMD-0032,BANKINDIA,NSE:BANKINDIA-EQ,16.6,17.6,16.3,17.5,737471,FYERS_HISTORY,2026-08-08T23:02:51+05:30
2001-06-14,SMD-0032,BANKINDIA,NSE:BANKINDIA-EQ,17.55,18.4,17.25,18.3,715127,FYERS_HISTORY,2026-08-08T23:02:51+05:30
2001-06-15,SMD-0032,BANKINDIA,NSE:BANKINDIA-EQ,18.05,18.1,16.75,16.9,691510,FYERS_HISTORY,2026-08-08T23:02:51+05:30
2001-06-18,SMD-0032,BANKINDIA,NSE:BANKINDIA-EQ,16.5,16.85,16.05,16.55,490607,FYERS_HISTORY,2026-08-08T23:02:51+05:30
2001-06-19,SMD-0032,BANKINDIA,NSE:BANKINDIA-EQ,16.4,17.3,16.1,16.95,774073,FYERS_HISTORY,2026-08-08T23:02:51+05:30
2001-06-20,SMD-0032,BANKINDIA,NSE:BANKINDIA-EQ,16.0,16.45,14.5,15.0,197428,FYERS_HISTORY,2026-08-08T23:02:51+05:30
2001-06-21,SMD-0032,BANKINDIA,NSE:BANKINDIA-EQ,15.25,15.4,14.8,15.05,94965,FYERS_HISTORY,2026-08-08T23:02:51+05:30
2001-06-22,SMD-0032,BANKINDIA,NSE:BANKINDIA-EQ,14.95,14.95,14.5,14.6,58852,FYERS_HISTORY,2026-08-08T23:02:51+05:30
2001-06-25,SMD-0032,BANKINDIA,NSE:BANKINDIA-EQ,14.3,14.55,14.05,14.1,51175,FYERS_HISTORY,2026-08-08T23:02:51+05:30
2001-06-26,SMD-0032,BANKINDIA,NSE:BANKINDIA-EQ,14.0,14.7,13.7,14.5,104486,FYERS_HISTORY,2026-08-08T23:02:51+05:30
2001-06-27,SMD-0032,BANKINDIA,NSE:BANKINDIA-EQ,14.5,14.9,14.0,14.6,44466,FYERS_HISTORY,2026-08-08T23:02:51+05:30
2001-06-28,SMD-0032,BANKINDIA,NSE:BANKINDIA-EQ,14.6,14.7,14.25,14.4,29742,FYERS_HISTORY,2026-08-08T23:02:51+05:30
2001-06-29,SMD-0032,BANKINDIA,NSE:BANKINDIA-EQ,14.25,14.7,14.25,14.5,67771,FYERS_HISTORY,2026-08-08T23:02:51+05:30
2001-07-02,SMD-0032,BANKINDIA,NSE:BANKINDIA-EQ,14.55,15.1,14.45,15.05,30750,FYERS_HISTORY,2026-08-08T23:02:51+05:30
2001-07-03,SMD-0032,BANKINDIA,NSE:BANKINDIA-EQ,14.2,15.0,14.2,14.9,43121,FYERS_HISTORY,2026-08-08T23:02:51+05:30
2001-07-04,SMD-0032,BANKINDIA,NSE:BANKINDIA-EQ,15.0,15.0,14.55,14.85,21815,FYERS_HISTORY,2026-08-08T23:02:51+05:30
2001-07-05,SMD-0032,BANKINDIA,NSE:BANKINDIA-EQ,14.95,15.1,14.65,15.0,28953,FYERS_HISTORY,2026-08-08T23:02:51+05:30
2001-07-06,SMD-0032,BANKINDIA,NSE:BANKINDIA-EQ,15.0,15.25,15.0,15.05,40814,FYERS_HISTORY,2026-08-08T23:02:51+05:30
2001-07-09,SMD-0032,BANKINDIA,NSE:BANKINDIA-EQ,14.6,15.25,14.6,15.05,49205,FYERS_HISTORY,2026-08-08T23:02:51+05:30
2001-07-10,SMD-0032,BANKINDIA,NSE:BANKINDIA-EQ,15.1,15.45,15.0,15.4,54212,FYERS_HISTORY,2026-08-08T23:02:51+05:30
2001-07-11,SMD-0032,BANKINDIA,NSE:BANKINDIA-EQ,15.2,15.75,15.2,15.5,85222,FYERS_HISTORY,2026-08-08T23:02:51+05:30
2001-07-12,SMD-0032,BANKINDIA,NSE:BANKINDIA-EQ,15.5,15.8,15.5,15.65,37080,FYERS_HISTORY,2026-08-08T23:02:51+05:30
2001-07-13,SMD-0032,BANKINDIA,NSE:BANKINDIA-EQ,15.65,15.8,15.55,15.75,70396,FYERS_HISTORY,2026-08-08T23:02:51+05:30
2001-07-16,SMD-0032,BANKINDIA,NSE:BANKINDIA-EQ,16.05,17.15,15.9,16.65,199483,FYERS_HISTORY,2026-08-08T23:02:51+05:30
2001-07-17,SMD-0032,BANKINDIA,NSE:BANKINDIA-EQ,16.95,17.1,16.55,16.85,176112,FYERS_HISTORY,2026-08-08T23:02:51+05:30
2001-07-18,SMD-0032,BANKINDIA,NSE:BANKINDIA-EQ,17.35,17.35,16.65,16.7,64481,FYERS_HISTORY,2026-08-08T23:02:51+05:30
2001-07-19,SMD-0032,BANKINDIA,NSE:BANKINDIA-EQ,16.9,17.0,16.35,16.65,104475,FYERS_HISTORY,2026-08-08T23:02:51+05:30
2001-07-20,SMD-0032,BANKINDIA,NSE:BANKINDIA-EQ,17.15,17.15,16.4,16.65,57115,FYERS_HISTORY,2026-08-08T23:02:51+05:30
2001-07-23,SMD-0032,BANKINDIA,NSE:BANKINDIA-EQ,16.7,16.75,16.1,16.15,5276,FYERS_HISTORY,2026-08-08T23:02:51+05:30
2001-07-24,SMD-0032,BANKINDIA,NSE:BANKINDIA-EQ,16.3,16.7,16.3,16.35,72075,FYERS_HISTORY,2026-08-08T23:02:51+05:30
2001-07-25,SMD-0032,BANKINDIA,NSE:BANKINDIA-EQ,16.2,16.35,15.75,15.85,66857,FYERS_HISTORY,2026-08-08T23:02:51+05:30
2001-07-26,SMD-0032,BANKINDIA,NSE:BANKINDIA-EQ,15.7,15.9,15.4,15.6,52681,FYERS_HISTORY,2026-08-08T23:02:51+05:30
2001-07-27,SMD-0032,BANKINDIA,NSE:BANKINDIA-EQ,15.5,15.8,15.5,15.75,46792,FYERS_HISTORY,2026-08-08T23:02:51+05:30
2001-07-30,SMD-0032,BANKINDIA,NSE:BANKINDIA-EQ,15.5,15.8,15.25,15.65,34548,FYERS_HISTORY,2026-08-08T23:02:51+05:30
2001-07-31,SMD-0032,BANKINDIA,NSE:BANKINDIA-EQ,15.75,15.75,15.55,15.6,23389,FYERS_HISTORY,2026-08-08T23:02:51+05:30
2001-08-01,SMD-0032,BANKINDIA,NSE:BANKINDIA-EQ,15.6,15.9,15.6,15.8,29210,FYERS_HISTORY,2026-08-08T23:02:51+05:30
2001-08-02,SMD-0032,BANKINDIA,NSE:BANKINDIA-EQ,15.9,16.1,15.85,15.9,53859,FYERS_HISTORY,2026-08-08T23:02:51+05:30
2001-08-03,SMD-0032,BANKINDIA,NSE:BANKINDIA-EQ,16.0,16.15,15.85,15.9,49269,FYERS_HISTORY,2026-08-08T23:02:51+05:30
2001-08-06,SMD-0032,BANKINDIA,NSE:BANKINDIA-EQ,16.0,16.2,15.85,16.1,39897,FYERS_HISTORY,2026-08-08T23:02:51+05:30
2001-08-07,SMD-0032,BANKINDIA,NSE:BANKINDIA-EQ,16.05,16.2,15.9,16.1,89076,FYERS_HISTORY,2026-08-08T23:02:51+05:30
2001-08-08,SMD-0032,BANKINDIA,NSE:BANKINDIA-EQ,16.5,17.1,16.1,16.7,127753,FYERS_HISTORY,2026-08-08T23:02:51+05:30
2001-08-09,SMD-0032,BANKINDIA,NSE:BANKINDIA-EQ,16.75,17.25,16.4,17.0,132000,FYERS_HISTORY,2026-08-08T23:02:51+05:30
2001-08-10,SMD-0032,BANKINDIA,NSE:BANKINDIA-EQ,17.0,17.8,17.0,17.6,174294,FYERS_HISTORY,2026-08-08T23:02:51+05:30
2001-08-13,SMD-0032,BANKINDIA,NSE:BANKINDIA-EQ,17.8,18.75,17.8,18.05,310790,FYERS_HISTORY,2026-08-08T23:02:51+05:30
2001-08-14,SMD-0032,BANKINDIA,NSE:BANKINDIA-EQ,18.5,18.65,17.65,17.85,78335,FYERS_HISTORY,2026-08-08T23:02:51+05:30
2001-08-16,SMD-0032,BANKINDIA,NSE:BANKINDIA-EQ,17.85,18.25,17.75,17.8,92245,FYERS_HISTORY,2026-08-08T23:02:51+05:30
2001-08-17,SMD-0032,BANKINDIA,NSE:BANKINDIA-EQ,17.75,18.0,17.55,17.6,56326,FYERS_HISTORY,2026-08-08T23:02:51+05:30
2001-08-20,SMD-0032,BANKINDIA,NSE:BANKINDIA-EQ,17.5,17.7,17.4,17.5,52977,FYERS_HISTORY,2026-08-08T23:02:51+05:30
2001-08-21,SMD-0032,BANKINDIA,NSE:BANKINDIA-EQ,17.6,17.7,17.35,17.6,35232,FYERS_HISTORY,2026-08-08T23:02:51+05:30
2001-08-23,SMD-0032,BANKINDIA,NSE:BANKINDIA-EQ,17.25,17.65,16.25,17.5,59036,FYERS_HISTORY,2026-08-08T23:02:51+05:30
2001-08-24,SMD-0032,BANKINDIA,NSE:BANKINDIA-EQ,17.5,17.75,17.45,17.6,82083,FYERS_HISTORY,2026-08-08T23:02:51+05:30
2001-08-27,SMD-0032,BANKINDIA,NSE:BANKINDIA-EQ,17.1,17.75,17.1,17.5,63070,FYERS_HISTORY,2026-08-08T23:02:51+05:30
2001-08-28,SMD-0032,BANKINDIA,NSE:BANKINDIA-EQ,17.5,17.7,17.45,17.6,57600,FYERS_HISTORY,2026-08-08T23:02:51+05:30
2001-08-29,SMD-0032,BANKINDIA,NSE:BANKINDIA-EQ,17.4,17.6,17.4,17.45,69351,FYERS_HISTORY,2026-08-08T23:02:51+05:30
2001-08-30,SMD-0032,BANKINDIA,NSE:BANKINDIA-EQ,17.6,17.6,17.1,17.15,37897,FYERS_HISTORY,2026-08-08T23:02:51+05:30
2001-08-31,SMD-0032,BANKINDIA,NSE:BANKINDIA-EQ,17.3,17.3,16.8,16.8,65858,FYERS_HISTORY,2026-08-08T23:02:51+05:30
2001-09-03,SMD-0032,BANKINDIA,NSE:BANKINDIA-EQ,17.1,17.45,16.6,17.1,103376,FYERS_HISTORY,2026-08-08T23:02:51+05:30
2001-09-04,SMD-0032,BANKINDIA,NSE:BANKINDIA-EQ,17.0,17.25,16.75,16.9,37910,FYERS_HISTORY,2026-08-08T23:02:51+05:30
2001-09-05,SMD-0032,BANKINDIA,NSE:BANKINDIA-EQ,17.2,17.25,16.6,16.75,99570,FYERS_HISTORY,2026-08-08T23:02:51+05:30
2001-09-06,SMD-0032,BANKINDIA,NSE:BANKINDIA-EQ,16.7,16.8,16.55,16.6,41944,FYERS_HISTORY,2026-08-08T23:02:51+05:30
2001-09-07,SMD-0032,BANKINDIA,NSE:BANKINDIA-EQ,16.65,16.75,16.4,16.55,62699,FYERS_HISTORY,2026-08-08T23:02:51+05:30
2001-09-10,SMD-0032,BANKINDIA,NSE:BANKINDIA-EQ,16.5,16.75,16.4,16.7,20167,FYERS_HISTORY,2026-08-08T23:02:51+05:30
2001-09-11,SMD-0032,BANKINDIA,NSE:BANKINDIA-EQ,16.75,16.9,16.35,16.45,61305,FYERS_HISTORY,2026-08-08T23:02:51+05:30
2001-09-12,SMD-0032,BANKINDIA,NSE:BANKINDIA-EQ,15.1,16.35,15.05,16.0,111621,FYERS_HISTORY,2026-08-08T23:02:51+05:30
2001-09-13,SMD-0032,BANKINDIA,NSE:BANKINDIA-EQ,16.0,16.9,15.9,16.1,30710,FYERS_HISTORY,2026-08-08T23:02:51+05:30
2001-09-14,SMD-0032,BANKINDIA,NSE:BANKINDIA-EQ,16.1,16.1,15.0,15.1,152145,FYERS_HISTORY,2026-08-08T23:02:51+05:30
2001-09-17,SMD-0032,BANKINDIA,NSE:BANKINDIA-EQ,15.0,15.0,13.25,13.8,155336,FYERS_HISTORY,2026-08-08T23:02:51+05:30
2001-09-18,SMD-0032,BANKINDIA,NSE:BANKINDIA-EQ,14.0,15.2,14.0,14.8,111093,FYERS_HISTORY,2026-08-08T23:02:51+05:30
2001-09-19,SMD-0032,BANKINDIA,NSE:BANKINDIA-EQ,14.75,15.85,14.75,15.25,87831,FYERS_HISTORY,2026-08-08T23:02:51+05:30
2001-09-20,SMD-0032,BANKINDIA,NSE:BANKINDIA-EQ,15.05,15.05,14.0,14.7,64129,FYERS_HISTORY,2026-08-08T23:02:51+05:30
2001-09-21,SMD-0032,BANKINDIA,NSE:BANKINDIA-EQ,14.45,14.7,14.2,14.35,60680,FYERS_HISTORY,2026-08-08T23:02:51+05:30
2001-09-24,SMD-0032,BANKINDIA,NSE:BANKINDIA-EQ,14.9,15.0,14.7,14.75,37075,FYERS_HISTORY,2026-08-08T23:02:51+05:30
2001-09-25,SMD-0032,BANKINDIA,NSE:BANKINDIA-EQ,15.0,15.25,14.6,14.6,40905,FYERS_HISTORY,2026-08-08T23:02:51+05:30
2001-09-26,SMD-0032,BANKINDIA,NSE:BANKINDIA-EQ,14.6,14.6,13.5,14.0,235471,FYERS_HISTORY,2026-08-08T23:02:51+05:30
2001-09-27,SMD-0032,BANKINDIA,NSE:BANKINDIA-EQ,14.1,14.35,13.95,14.15,74114,FYERS_HISTORY,2026-08-08T23:02:51+05:30
2001-09-28,SMD-0032,BANKINDIA,NSE:BANKINDIA-EQ,14.4,14.85,14.1,14.45,66829,FYERS_HISTORY,2026-08-08T23:02:51+05:30
2001-10-01,SMD-0032,BANKINDIA,NSE:BANKINDIA-EQ,14.3,14.9,14.0,14.55,77440,FYERS_HISTORY,2026-08-08T23:02:51+05:30
2001-10-03,SMD-0032,BANKINDIA,NSE:BANKINDIA-EQ,14.9,14.9,14.15,14.3,57635,FYERS_HISTORY,2026-08-08T23:02:51+05:30
2001-10-04,SMD-0032,BANKINDIA,NSE:BANKINDIA-EQ,14.3,14.8,14.15,14.3,38973,FYERS_HISTORY,2026-08-08T23:02:51+05:30
2001-10-05,SMD-0032,BANKINDIA,NSE:BANKINDIA-EQ,14.65,14.65,14.1,14.35,68195,FYERS_HISTORY,2026-08-08T23:02:51+05:30
2001-10-08,SMD-0032,BANKINDIA,NSE:BANKINDIA-EQ,13.95,14.2,13.8,13.95,68935,FYERS_HISTORY,2026-08-08T23:02:51+05:30
2001-10-09,SMD-0032,BANKINDIA,NSE:BANKINDIA-EQ,14.3,14.3,14.0,14.25,81617,FYERS_HISTORY,2026-08-08T23:02:51+05:30
2001-10-10,SMD-0032,BANKINDIA,NSE:BANKINDIA-EQ,14.15,14.4,14.1,14.25,90600,FYERS_HISTORY,2026-08-08T23:02:51+05:30
2001-10-11,SMD-0032,BANKINDIA,NSE:BANKINDIA-EQ,14.6,14.8,14.15,14.35,82393,FYERS_HISTORY,2026-08-08T23:02:51+05:30
2001-10-12,SMD-0032,BANKINDIA,NSE:BANKINDIA-EQ,14.65,14.9,13.0,14.6,115481,FYERS_HISTORY,2026-08-08T23:02:51+05:30
2001-10-15,SMD-0032,BANKINDIA,NSE:BANKINDIA-EQ,14.9,14.9,14.55,14.7,50072,FYERS_HISTORY,2026-08-08T23:02:51+05:30
2001-10-16,SMD-0032,BANKINDIA,NSE:BANKINDIA-EQ,14.75,15.35,14.75,15.25,77370,FYERS_HISTORY,2026-08-08T23:02:51+05:30
2001-10-17,SMD-0032,BANKINDIA,NSE:BANKINDIA-EQ,15.0,15.75,15.0,15.4,72959,FYERS_HISTORY,2026-08-08T23:02:51+05:30
2001-10-18,SMD-0032,BANKINDIA,NSE:BANKINDIA-EQ,15.7,15.7,15.25,15.35,58064,FYERS_HISTORY,2026-08-08T23:02:51+05:30
2001-10-19,SMD-0032,BANKINDIA,NSE:BANKINDIA-EQ,15.15,15.5,15.1,15.4,41796,FYERS_HISTORY,2026-08-08T23:02:51+05:30
2001-10-22,SMD-0032,BANKINDIA,NSE:BANKINDIA-EQ,15.7,16.8,15.6,16.2,214966,FYERS_HISTORY,2026-08-08T23:02:51+05:30
2001-10-23,SMD-0032,BANKINDIA,NSE:BANKINDIA-EQ,16.2,17.0,16.2,16.3,98777,FYERS_HISTORY,2026-08-08T23:02:51+05:30
2001-10-24,SMD-0032,BANKINDIA,NSE:BANKINDIA-EQ,16.75,16.9,16.35,16.75,101846,FYERS_HISTORY,2026-08-08T23:02:51+05:30
2001-10-25,SMD-0032,BANKINDIA,NSE:BANKINDIA-EQ,17.0,17.0,16.5,16.6,47848,FYERS_HISTORY,2026-08-08T23:02:51+05:30
2001-10-29,SMD-0032,BANKINDIA,NSE:BANKINDIA-EQ,17.0,17.15,16.7,17.0,110844,FYERS_HISTORY,2026-08-08T23:02:51+05:30
2001-10-30,SMD-0032,BANKINDIA,NSE:BANKINDIA-EQ,17.0,17.4,16.8,17.05,174467,FYERS_HISTORY,2026-08-08T23:02:51+05:30
2001-10-31,SMD-0032,BANKINDIA,NSE:BANKINDIA-EQ,17.4,17.4,16.9,16.95,109907,FYERS_HISTORY,2026-08-08T23:02:51+05:30
2001-11-01,SMD-0032,BANKINDIA,NSE:BANKINDIA-EQ,17.0,17.2,16.8,16.9,90723,FYERS_HISTORY,2026-08-08T23:02:51+05:30
2001-11-02,SMD-0032,BANKINDIA,NSE:BANKINDIA-EQ,17.0,17.1,16.5,16.6,126519,FYERS_HISTORY,2026-08-08T23:02:51+05:30
2001-11-05,SMD-0032,BANKINDIA,NSE:BANKINDIA-EQ,16.9,17.1,16.15,16.8,69697,FYERS_HISTORY,2026-08-08T23:02:51+05:30
2001-11-06,SMD-0032,BANKINDIA,NSE:BANKINDIA-EQ,16.8,17.05,16.7,16.95,94486,FYERS_HISTORY,2026-08-08T23:02:51+05:30
2001-11-07,SMD-0032,BANKINDIA,NSE:BANKINDIA-EQ,17.05,17.3,16.9,17.15,148068,FYERS_HISTORY,2026-08-08T23:02:51+05:30
2001-11-08,SMD-0032,BANKINDIA,NSE:BANKINDIA-EQ,17.1,17.25,17.0,17.0,46326,FYERS_HISTORY,2026-08-08T23:02:51+05:30
2001-11-09,SMD-0032,BANKINDIA,NSE:BANKINDIA-EQ,17.1,17.15,16.9,17.0,54513,FYERS_HISTORY,2026-08-08T23:02:51+05:30
2001-11-12,SMD-0032,BANKINDIA,NSE:BANKINDIA-EQ,16.9,16.95,16.7,16.85,51052,FYERS_HISTORY,2026-08-08T23:02:51+05:30
2001-11-13,SMD-0032,BANKINDIA,NSE:BANKINDIA-EQ,16.8,16.9,16.55,16.7,33289,FYERS_HISTORY,2026-08-08T23:02:51+05:30
2001-11-14,SMD-0032,BANKINDIA,NSE:BANKINDIA-EQ,17.0,17.0,16.7,16.95,49414,FYERS_HISTORY,2026-08-08T23:02:51+05:30
2001-11-15,SMD-0032,BANKINDIA,NSE:BANKINDIA-EQ,16.8,17.05,16.75,16.9,51755,FYERS_HISTORY,2026-08-08T23:02:51+05:30
2001-11-19,SMD-0032,BANKINDIA,NSE:BANKINDIA-EQ,16.5,17.1,16.5,16.85,90906,FYERS_HISTORY,2026-08-08T23:02:51+05:30
2001-11-20,SMD-0032,BANKINDIA,NSE:BANKINDIA-EQ,16.95,17.0,16.65,16.7,58473,FYERS_HISTORY,2026-08-08T23:02:51+05:30
2001-11-21,SMD-0032,BANKINDIA,NSE:BANKINDIA-EQ,16.6,16.75,16.45,16.6,97320,FYERS_HISTORY,2026-08-08T23:02:51+05:30
2001-11-22,SMD-0032,BANKINDIA,NSE:BANKINDIA-EQ,16.75,16.75,16.4,16.55,84953,FYERS_HISTORY,2026-08-08T23:02:51+05:30
2001-11-23,SMD-0032,BANKINDIA,NSE:BANKINDIA-EQ,16.75,16.8,16.45,16.65,59260,FYERS_HISTORY,2026-08-08T23:02:51+05:30
2001-11-26,SMD-0032,BANKINDIA,NSE:BANKINDIA-EQ,16.95,16.95,16.45,16.8,136700,FYERS_HISTORY,2026-08-08T23:02:51+05:30
2001-11-27,SMD-0032,BANKINDIA,NSE:BANKINDIA-EQ,17.1,17.25,16.8,16.85,318900,FYERS_HISTORY,2026-08-08T23:02:51+05:30
2001-11-28,SMD-0032,BANKINDIA,NSE:BANKINDIA-EQ,16.5,17.2,16.5,16.95,140565,FYERS_HISTORY,2026-08-08T23:02:51+05:30
2001-11-29,SMD-0032,BANKINDIA,NSE:BANKINDIA-EQ,17.0,17.05,16.5,16.95,90382,FYERS_HISTORY,2026-08-08T23:02:51+05:30
2001-12-03,SMD-0032,BANKINDIA,NSE:BANKINDIA-EQ,16.95,17.1,16.8,16.9,113369,FYERS_HISTORY,2026-08-08T23:02:51+05:30
2001-12-04,SMD-0032,BANKINDIA,NSE:BANKINDIA-EQ,16.8,17.0,16.65,16.7,91604,FYERS_HISTORY,2026-08-08T23:02:51+05:30
2001-12-05,SMD-0032,BANKINDIA,NSE:BANKINDIA-EQ,16.6,16.95,16.6,16.7,54550,FYERS_HISTORY,2026-08-08T23:02:51+05:30
2001-12-06,SMD-0032,BANKINDIA,NSE:BANKINDIA-EQ,16.9,16.9,16.4,16.55,97105,FYERS_HISTORY,2026-08-08T23:02:51+05:30
2001-12-07,SMD-0032,BANKINDIA,NSE:BANKINDIA-EQ,16.6,16.75,16.3,16.35,51113,FYERS_HISTORY,2026-08-08T23:02:51+05:30
2001-12-10,SMD-0032,BANKINDIA,NSE:BANKINDIA-EQ,16.25,16.5,16.25,16.25,42270,FYERS_HISTORY,2026-08-08T23:02:51+05:30
2001-12-11,SMD-0032,BANKINDIA,NSE:BANKINDIA-EQ,16.25,16.5,16.05,16.1,123806,FYERS_HISTORY,2026-08-08T23:02:51+05:30
2001-12-12,SMD-0032,BANKINDIA,NSE:BANKINDIA-EQ,16.4,16.6,16.1,16.15,76788,FYERS_HISTORY,2026-08-08T23:02:51+05:30
2001-12-13,SMD-0032,BANKINDIA,NSE:BANKINDIA-EQ,16.05,16.15,15.6,15.95,82243,FYERS_HISTORY,2026-08-08T23:02:51+05:30
2001-12-14,SMD-0032,BANKINDIA,NSE:BANKINDIA-EQ,15.95,15.95,15.7,15.8,48487,FYERS_HISTORY,2026-08-08T23:02:51+05:30
2001-12-18,SMD-0032,BANKINDIA,NSE:BANKINDIA-EQ,16.7,16.7,15.5,15.65,39350,FYERS_HISTORY,2026-08-08T23:02:51+05:30
2001-12-19,SMD-0032,BANKINDIA,NSE:BANKINDIA-EQ,16.45,16.45,15.4,15.45,41355,FYERS_HISTORY,2026-08-08T23:02:51+05:30
2001-12-20,SMD-0032,BANKINDIA,NSE:BANKINDIA-EQ,15.5,15.6,15.25,15.3,39411,FYERS_HISTORY,2026-08-08T23:02:51+05:30
2001-12-21,SMD-0032,BANKINDIA,NSE:BANKINDIA-EQ,15.4,15.6,15.1,15.15,35127,FYERS_HISTORY,2026-08-08T23:02:51+05:30
2001-12-24,SMD-0032,BANKINDIA,NSE:BANKINDIA-EQ,15.0,15.05,14.0,14.8,53758,FYERS_HISTORY,2026-08-08T23:02:51+05:30
2001-12-26,SMD-0032,BANKINDIA,NSE:BANKINDIA-EQ,14.95,14.95,14.75,14.85,55671,FYERS_HISTORY,2026-08-08T23:02:51+05:30
2001-12-27,SMD-0032,BANKINDIA,NSE:BANKINDIA-EQ,14.6,14.9,14.6,14.65,23698,FYERS_HISTORY,2026-08-08T23:02:51+05:30
2001-12-28,SMD-0032,BANKINDIA,NSE:BANKINDIA-EQ,14.7,14.9,14.55,14.8,37347,FYERS_HISTORY,2026-08-08T23:02:51+05:30
2001-12-31,SMD-0032,BANKINDIA,NSE:BANKINDIA-EQ,15.2,16.0,14.95,15.15,73475,FYERS_HISTORY,2026-08-08T23:02:52+05:30
2002-01-01,SMD-0032,BANKINDIA,NSE:BANKINDIA-EQ,15.85,15.85,15.15,15.25,26900,FYERS_HISTORY,2026-08-08T23:02:52+05:30
2002-01-02,SMD-0032,BANKINDIA,NSE:BANKINDIA-EQ,15.4,15.45,15.15,15.2,12044,FYERS_HISTORY,2026-08-08T23:02:52+05:30
2002-01-03,SMD-0032,BANKINDIA,NSE:BANKINDIA-EQ,15.2,15.4,14.7,14.85,81816,FYERS_HISTORY,2026-08-08T23:02:52+05:30
2002-01-04,SMD-0032,BANKINDIA,NSE:BANKINDIA-EQ,15.6,15.6,14.5,14.6,145167,FYERS_HISTORY,2026-08-08T23:02:52+05:30
2002-01-07,SMD-0032,BANKINDIA,NSE:BANKINDIA-EQ,14.75,15.2,14.15,14.65,232231,FYERS_HISTORY,2026-08-08T23:02:52+05:30
2002-01-08,SMD-0032,BANKINDIA,NSE:BANKINDIA-EQ,14.75,15.2,14.75,15.1,64768,FYERS_HISTORY,2026-08-08T23:02:52+05:30
2002-01-09,SMD-0032,BANKINDIA,NSE:BANKINDIA-EQ,15.0,15.2,14.95,15.0,84564,FYERS_HISTORY,2026-08-08T23:02:52+05:30
2002-01-10,SMD-0032,BANKINDIA,NSE:BANKINDIA-EQ,15.05,15.1,15.0,15.05,45961,FYERS_HISTORY,2026-08-08T23:02:52+05:30
2002-01-11,SMD-0032,BANKINDIA,NSE:BANKINDIA-EQ,15.0,15.15,14.85,14.95,86289,FYERS_HISTORY,2026-08-08T23:02:52+05:30
2002-01-14,SMD-0032,BANKINDIA,NSE:BANKINDIA-EQ,15.2,15.5,15.05,15.2,108266,FYERS_HISTORY,2026-08-08T23:02:52+05:30
2002-01-15,SMD-0032,BANKINDIA,NSE:BANKINDIA-EQ,15.25,15.25,15.0,15.1,118511,FYERS_HISTORY,2026-08-08T23:02:52+05:30
2002-01-16,SMD-0032,BANKINDIA,NSE:BANKINDIA-EQ,15.15,15.35,15.1,15.25,59835,FYERS_HISTORY,2026-08-08T23:02:52+05:30
2002-01-17,SMD-0032,BANKINDIA,NSE:BANKINDIA-EQ,15.25,15.4,15.1,15.2,110836,FYERS_HISTORY,2026-08-08T23:02:52+05:30
2002-01-18,SMD-0032,BANKINDIA,NSE:BANKINDIA-EQ,15.15,15.55,15.15,15.4,111060,FYERS_HISTORY,2026-08-08T23:02:52+05:30
2002-01-21,SMD-0032,BANKINDIA,NSE:BANKINDIA-EQ,15.25,15.65,15.1,15.4,71415,FYERS_HISTORY,2026-08-08T23:02:52+05:30
2002-01-22,SMD-0032,BANKINDIA,NSE:BANKINDIA-EQ,15.35,15.55,15.3,15.45,64209,FYERS_HISTORY,2026-08-08T23:02:52+05:30
2002-01-23,SMD-0032,BANKINDIA,NSE:BANKINDIA-EQ,15.4,15.55,15.4,15.45,42744,FYERS_HISTORY,2026-08-08T23:02:52+05:30
2002-01-24,SMD-0032,BANKINDIA,NSE:BANKINDIA-EQ,15.25,15.6,15.25,15.45,77020,FYERS_HISTORY,2026-08-08T23:02:52+05:30
2002-01-25,SMD-0032,BANKINDIA,NSE:BANKINDIA-EQ,15.55,15.8,15.4,15.65,110478,FYERS_HISTORY,2026-08-08T23:02:52+05:30
2002-01-28,SMD-0032,BANKINDIA,NSE:BANKINDIA-EQ,16.25,16.45,15.8,16.1,188368,FYERS_HISTORY,2026-08-08T23:02:52+05:30
2002-01-29,SMD-0032,BANKINDIA,NSE:BANKINDIA-EQ,17.25,17.25,16.5,16.8,517573,FYERS_HISTORY,2026-08-08T23:02:52+05:30
2002-01-30,SMD-0032,BANKINDIA,NSE:BANKINDIA-EQ,16.75,17.1,16.65,17.05,421885,FYERS_HISTORY,2026-08-08T23:02:52+05:30
2002-01-31,SMD-0032,BANKINDIA,NSE:BANKINDIA-EQ,17.2,17.3,17.05,17.1,228159,FYERS_HISTORY,2026-08-08T23:02:52+05:30
2002-02-01,SMD-0032,BANKINDIA,NSE:BANKINDIA-EQ,17.25,17.6,17.25,17.5,239997,FYERS_HISTORY,2026-08-08T23:02:52+05:30
2002-02-04,SMD-0032,BANKINDIA,NSE:BANKINDIA-EQ,16.1,18.6,16.1,18.2,466409,FYERS_HISTORY,2026-08-08T23:02:52+05:30
2002-02-05,SMD-0032,BANKINDIA,NSE:BANKINDIA-EQ,18.7,18.9,18.15,18.25,495192,FYERS_HISTORY,2026-08-08T23:02:52+05:30
2002-02-06,SMD-0032,BANKINDIA,NSE:BANKINDIA-EQ,18.45,21.25,18.45,20.8,1673310,FYERS_HISTORY,2026-08-08T23:02:52+05:30
2002-02-07,SMD-0032,BANKINDIA,NSE:BANKINDIA-EQ,21.25,21.9,20.0,21.1,1662550,FYERS_HISTORY,2026-08-08T23:02:52+05:30
2002-02-08,SMD-0032,BANKINDIA,NSE:BANKINDIA-EQ,20.85,21.85,20.8,21.4,704971,FYERS_HISTORY,2026-08-08T23:02:52+05:30
2002-02-11,SMD-0032,BANKINDIA,NSE:BANKINDIA-EQ,23.9,23.9,21.9,23.1,1897846,FYERS_HISTORY,2026-08-08T23:02:52+05:30
2002-02-12,SMD-0032,BANKINDIA,NSE:BANKINDIA-EQ,23.35,24.0,22.75,22.85,961184,FYERS_HISTORY,2026-08-08T23:02:52+05:30
2002-02-13,SMD-0032,BANKINDIA,NSE:BANKINDIA-EQ,22.5,23.35,22.5,22.7,461143,FYERS_HISTORY,2026-08-08T23:02:52+05:30
2002-02-14,SMD-0032,BANKINDIA,NSE:BANKINDIA-EQ,23.4,24.8,23.0,24.5,1450390,FYERS_HISTORY,2026-08-08T23:02:52+05:30
2002-02-15,SMD-0032,BANKINDIA,NSE:BANKINDIA-EQ,25.0,25.65,24.6,24.9,1471525,FYERS_HISTORY,2026-08-08T23:02:52+05:30
2002-02-18,SMD-0032,BANKINDIA,NSE:BANKINDIA-EQ,25.0,25.8,23.6,23.95,1030889,FYERS_HISTORY,2026-08-08T23:02:52+05:30
2002-02-19,SMD-0032,BANKINDIA,NSE:BANKINDIA-EQ,24.8,24.8,22.25,22.45,703344,FYERS_HISTORY,2026-08-08T23:02:52+05:30
2002-02-20,SMD-0032,BANKINDIA,NSE:BANKINDIA-EQ,22.95,22.95,21.7,22.3,334030,FYERS_HISTORY,2026-08-08T23:02:52+05:30
2002-02-21,SMD-0032,BANKINDIA,NSE:BANKINDIA-EQ,22.7,23.7,22.5,23.0,434134,FYERS_HISTORY,2026-08-08T23:02:52+05:30
2002-02-22,SMD-0032,BANKINDIA,NSE:BANKINDIA-EQ,23.05,23.6,22.8,22.95,259831,FYERS_HISTORY,2026-08-08T23:02:52+05:30
2002-02-25,SMD-0032,BANKINDIA,NSE:BANKINDIA-EQ,23.95,23.95,22.65,22.85,245162,FYERS_HISTORY,2026-08-08T23:02:52+05:30
2002-02-26,SMD-0032,BANKINDIA,NSE:BANKINDIA-EQ,23.35,23.7,22.85,23.3,433961,FYERS_HISTORY,2026-08-08T23:02:52+05:30
2002-02-27,SMD-0032,BANKINDIA,NSE:BANKINDIA-EQ,23.9,24.2,22.8,23.1,513887,FYERS_HISTORY,2026-08-08T23:02:52+05:30
2002-02-28,SMD-0032,BANKINDIA,NSE:BANKINDIA-EQ,22.75,24.3,19.55,20.4,1228611,FYERS_HISTORY,2026-08-08T23:02:52+05:30
2002-03-01,SMD-0032,BANKINDIA,NSE:BANKINDIA-EQ,19.75,21.7,19.5,21.55,347617,FYERS_HISTORY,2026-08-08T23:02:52+05:30
2002-03-04,SMD-0032,BANKINDIA,NSE:BANKINDIA-EQ,22.2,23.9,21.75,22.3,205789,FYERS_HISTORY,2026-08-08T23:02:52+05:30
2002-03-05,SMD-0032,BANKINDIA,NSE:BANKINDIA-EQ,22.4,22.65,21.9,22.0,195426,FYERS_HISTORY,2026-08-08T23:02:52+05:30
2002-03-06,SMD-0032,BANKINDIA,NSE:BANKINDIA-EQ,22.0,23.0,21.8,22.55,221044,FYERS_HISTORY,2026-08-08T23:02:52+05:30
2002-03-07,SMD-0032,BANKINDIA,NSE:BANKINDIA-EQ,22.65,23.35,22.5,22.95,408636,FYERS_HISTORY,2026-08-08T23:02:52+05:30
2002-03-08,SMD-0032,BANKINDIA,NSE:BANKINDIA-EQ,23.1,23.15,22.6,22.65,118844,FYERS_HISTORY,2026-08-08T23:02:52+05:30
2002-03-11,SMD-0032,BANKINDIA,NSE:BANKINDIA-EQ,23.0,23.0,22.1,22.2,92344,FYERS_HISTORY,2026-08-08T23:02:52+05:30
2002-03-12,SMD-0032,BANKINDIA,NSE:BANKINDIA-EQ,22.6,22.8,21.85,21.95,102331,FYERS_HISTORY,2026-08-08T23:02:52+05:30
2002-03-13,SMD-0032,BANKINDIA,NSE:BANKINDIA-EQ,21.95,22.4,21.7,22.05,97413,FYERS_HISTORY,2026-08-08T23:02:52+05:30
2002-03-14,SMD-0032,BANKINDIA,NSE:BANKINDIA-EQ,22.0,22.55,21.6,21.75,267196,FYERS_HISTORY,2026-08-08T23:02:52+05:30
2002-03-15,SMD-0032,BANKINDIA,NSE:BANKINDIA-EQ,21.7,22.35,21.5,22.15,111523,FYERS_HISTORY,2026-08-08T23:02:52+05:30
2002-03-18,SMD-0032,BANKINDIA,NSE:BANKINDIA-EQ,22.8,22.8,21.8,22.0,162581,FYERS_HISTORY,2026-08-08T23:02:52+05:30
2002-03-19,SMD-0032,BANKINDIA,NSE:BANKINDIA-EQ,22.3,22.3,21.8,22.0,95693,FYERS_HISTORY,2026-08-08T23:02:52+05:30
2002-03-20,SMD-0032,BANKINDIA,NSE:BANKINDIA-EQ,21.95,22.5,21.65,22.0,162072,FYERS_HISTORY,2026-08-08T23:02:52+05:30
2002-03-21,SMD-0032,BANKINDIA,NSE:BANKINDIA-EQ,22.15,22.6,22.05,22.3,158167,FYERS_HISTORY,2026-08-08T23:02:52+05:30
2002-03-22,SMD-0032,BANKINDIA,NSE:BANKINDIA-EQ,22.25,24.85,22.25,23.7,683187,FYERS_HISTORY,2026-08-08T23:02:52+05:30
2002-03-26,SMD-0032,BANKINDIA,NSE:BANKINDIA-EQ,23.25,25.1,23.1,24.8,632311,FYERS_HISTORY,2026-08-08T23:02:52+05:30
2002-03-27,SMD-0032,BANKINDIA,NSE:BANKINDIA-EQ,25.5,25.5,24.3,25.0,529619,FYERS_HISTORY,2026-08-08T23:02:52+05:30
2002-03-28,SMD-0032,BANKINDIA,NSE:BANKINDIA-EQ,25.0,25.7,25.0,25.0,264227,FYERS_HISTORY,2026-08-08T23:02:52+05:30
2002-04-01,SMD-0032,BANKINDIA,NSE:BANKINDIA-EQ,25.5,26.9,25.0,26.5,1098577,FYERS_HISTORY,2026-08-08T23:02:52+05:30
2002-04-02,SMD-0032,BANKINDIA,NSE:BANKINDIA-EQ,27.05,27.7,26.5,26.65,604303,FYERS_HISTORY,2026-08-08T23:02:52+05:30
2002-04-03,SMD-0032,BANKINDIA,NSE:BANKINDIA-EQ,26.8,26.95,26.25,26.6,275443,FYERS_HISTORY,2026-08-08T23:02:52+05:30
2002-04-04,SMD-0032,BANKINDIA,NSE:BANKINDIA-EQ,26.9,27.0,26.2,26.25,187391,FYERS_HISTORY,2026-08-08T23:02:52+05:30
2002-04-05,SMD-0032,BANKINDIA,NSE:BANKINDIA-EQ,26.5,26.75,25.65,25.8,156617,FYERS_HISTORY,2026-08-08T23:02:52+05:30
2002-04-08,SMD-0032,BANKINDIA,NSE:BANKINDIA-EQ,25.65,25.75,24.55,24.9,322419,FYERS_HISTORY,2026-08-08T23:02:52+05:30
2002-04-09,SMD-0032,BANKINDIA,NSE:BANKINDIA-EQ,24.9,25.2,24.2,24.9,174518,FYERS_HISTORY,2026-08-08T23:02:52+05:30
2002-04-10,SMD-0032,BANKINDIA,NSE:BANKINDIA-EQ,25.0,25.5,24.6,25.25,225200,FYERS_HISTORY,2026-08-08T23:02:52+05:30
2002-04-11,SMD-0032,BANKINDIA,NSE:BANKINDIA-EQ,25.5,26.6,25.1,26.3,327858,FYERS_HISTORY,2026-08-08T23:02:52+05:30
2002-04-12,SMD-0032,BANKINDIA,NSE:BANKINDIA-EQ,26.6,27.1,26.25,26.75,346770,FYERS_HISTORY,2026-08-08T23:02:52+05:30
2002-04-15,SMD-0032,BANKINDIA,NSE:BANKINDIA-EQ,27.1,27.1,26.5,26.6,258929,FYERS_HISTORY,2026-08-08T23:02:52+05:30
2002-04-16,SMD-0032,BANKINDIA,NSE:BANKINDIA-EQ,26.55,26.7,25.9,26.25,141609,FYERS_HISTORY,2026-08-08T23:02:52+05:30
2002-04-17,SMD-0032,BANKINDIA,NSE:BANKINDIA-EQ,26.3,27.45,26.3,27.15,303191,FYERS_HISTORY,2026-08-08T23:02:52+05:30
2002-04-18,SMD-0032,BANKINDIA,NSE:BANKINDIA-EQ,27.3,29.8,27.25,29.4,1121641,FYERS_HISTORY,2026-08-08T23:02:52+05:30
2002-04-19,SMD-0032,BANKINDIA,NSE:BANKINDIA-EQ,29.9,30.25,28.55,28.95,615465,FYERS_HISTORY,2026-08-08T23:02:52+05:30
2002-04-22,SMD-0032,BANKINDIA,NSE:BANKINDIA-EQ,29.35,29.6,28.75,29.0,223194,FYERS_HISTORY,2026-08-08T23:02:52+05:30
2002-04-23,SMD-0032,BANKINDIA,NSE:BANKINDIA-EQ,29.2,29.5,28.65,28.75,232625,FYERS_HISTORY,2026-08-08T23:02:52+05:30
2002-04-24,SMD-0032,BANKINDIA,NSE:BANKINDIA-EQ,29.0,29.1,28.25,28.95,105628,FYERS_HISTORY,2026-08-08T23:02:52+05:30
2002-04-25,SMD-0032,BANKINDIA,NSE:BANKINDIA-EQ,29.0,31.4,28.9,29.95,505802,FYERS_HISTORY,2026-08-08T23:02:52+05:30
2002-04-26,SMD-0032,BANKINDIA,NSE:BANKINDIA-EQ,30.1,30.1,28.75,28.85,212054,FYERS_HISTORY,2026-08-08T23:02:52+05:30
2002-04-29,SMD-0032,BANKINDIA,NSE:BANKINDIA-EQ,29.6,30.45,28.0,28.35,184559,FYERS_HISTORY,2026-08-08T23:02:52+05:30
2002-04-30,SMD-0032,BANKINDIA,NSE:BANKINDIA-EQ,28.1,28.7,27.7,28.0,153191,FYERS_HISTORY,2026-08-08T23:02:52+05:30
2002-05-02,SMD-0032,BANKINDIA,NSE:BANKINDIA-EQ,28.9,28.9,28.0,28.45,120220,FYERS_HISTORY,2026-08-08T23:02:52+05:30
2002-05-03,SMD-0032,BANKINDIA,NSE:BANKINDIA-EQ,28.85,28.9,27.75,28.0,121957,FYERS_HISTORY,2026-08-08T23:02:52+05:30
2002-05-06,SMD-0032,BANKINDIA,NSE:BANKINDIA-EQ,28.5,28.6,27.55,28.1,111466,FYERS_HISTORY,2026-08-08T23:02:52+05:30
2002-05-07,SMD-0032,BANKINDIA,NSE:BANKINDIA-EQ,28.3,28.3,27.75,27.85,93086,FYERS_HISTORY,2026-08-08T23:02:52+05:30
2002-05-08,SMD-0032,BANKINDIA,NSE:BANKINDIA-EQ,28.0,28.05,27.25,27.3,122533,FYERS_HISTORY,2026-08-08T23:02:52+05:30
2002-05-09,SMD-0032,BANKINDIA,NSE:BANKINDIA-EQ,27.5,28.25,27.1,28.1,221051,FYERS_HISTORY,2026-08-08T23:02:52+05:30
2002-05-10,SMD-0032,BANKINDIA,NSE:BANKINDIA-EQ,27.65,28.5,27.6,28.05,125343,FYERS_HISTORY,2026-08-08T23:02:52+05:30
2002-05-13,SMD-0032,BANKINDIA,NSE:BANKINDIA-EQ,28.1,28.95,28.0,28.4,105480,FYERS_HISTORY,2026-08-08T23:02:52+05:30
2002-05-14,SMD-0032,BANKINDIA,NSE:BANKINDIA-EQ,28.55,29.0,28.5,28.7,169379,FYERS_HISTORY,2026-08-08T23:02:52+05:30
2002-05-15,SMD-0032,BANKINDIA,NSE:BANKINDIA-EQ,28.55,28.95,26.25,27.6,278464,FYERS_HISTORY,2026-08-08T23:02:52+05:30
2002-05-16,SMD-0032,BANKINDIA,NSE:BANKINDIA-EQ,27.45,27.45,26.55,27.0,159044,FYERS_HISTORY,2026-08-08T23:02:52+05:30
2002-05-17,SMD-0032,BANKINDIA,NSE:BANKINDIA-EQ,26.6,27.35,26.35,27.15,158762,FYERS_HISTORY,2026-08-08T23:02:52+05:30
2002-05-20,SMD-0032,BANKINDIA,NSE:BANKINDIA-EQ,28.0,28.1,26.5,26.95,423297,FYERS_HISTORY,2026-08-08T23:02:52+05:30
2002-05-21,SMD-0032,BANKINDIA,NSE:BANKINDIA-EQ,28.0,28.0,26.05,26.9,755232,FYERS_HISTORY,2026-08-08T23:02:52+05:30
2002-05-22,SMD-0032,BANKINDIA,NSE:BANKINDIA-EQ,27.1,28.0,26.9,27.1,340399,FYERS_HISTORY,2026-08-08T23:02:52+05:30
2002-05-23,SMD-0032,BANKINDIA,NSE:BANKINDIA-EQ,27.5,27.65,26.75,27.05,140334,FYERS_HISTORY,2026-08-08T23:02:52+05:30
2002-05-24,SMD-0032,BANKINDIA,NSE:BANKINDIA-EQ,27.55,28.3,27.3,27.55,210311,FYERS_HISTORY,2026-08-08T23:02:52+05:30
2002-05-27,SMD-0032,BANKINDIA,NSE:BANKINDIA-EQ,28.45,28.45,27.25,27.55,180785,FYERS_HISTORY,2026-08-08T23:02:52+05:30
2002-05-28,SMD-0032,BANKINDIA,NSE:BANKINDIA-EQ,28.0,28.0,27.3,27.55,188111,FYERS_HISTORY,2026-08-08T23:02:52+05:30
2002-05-29,SMD-0032,BANKINDIA,NSE:BANKINDIA-EQ,27.7,28.0,27.65,27.9,131182,FYERS_HISTORY,2026-08-08T23:02:52+05:30
2002-05-30,SMD-0032,BANKINDIA,NSE:BANKINDIA-EQ,28.15,28.5,27.8,27.9,178310,FYERS_HISTORY,2026-08-08T23:02:52+05:30
2002-05-31,SMD-0032,BANKINDIA,NSE:BANKINDIA-EQ,28.0,28.25,27.5,27.8,98351,FYERS_HISTORY,2026-08-08T23:02:52+05:30
2002-06-03,SMD-0032,BANKINDIA,NSE:BANKINDIA-EQ,28.0,28.4,28.0,28.3,170504,FYERS_HISTORY,2026-08-08T23:02:52+05:30
2002-06-04,SMD-0032,BANKINDIA,NSE:BANKINDIA-EQ,28.15,31.05,28.0,30.6,912633,FYERS_HISTORY,2026-08-08T23:02:52+05:30
2002-06-05,SMD-0032,BANKINDIA,NSE:BANKINDIA-EQ,31.45,32.4,31.0,31.7,672136,FYERS_HISTORY,2026-08-08T23:02:52+05:30
2002-06-06,SMD-0032,BANKINDIA,NSE:BANKINDIA-EQ,32.1,32.25,30.2,31.25,345594,FYERS_HISTORY,2026-08-08T23:02:52+05:30
2002-06-07,SMD-0032,BANKINDIA,NSE:BANKINDIA-EQ,31.7,31.7,30.1,30.5,219663,FYERS_HISTORY,2026-08-08T23:02:52+05:30
2002-06-10,SMD-0032,BANKINDIA,NSE:BANKINDIA-EQ,30.5,31.65,30.5,31.2,211643,FYERS_HISTORY,2026-08-08T23:02:52+05:30
2002-06-11,SMD-0032,BANKINDIA,NSE:BANKINDIA-EQ,32.0,32.4,31.6,31.85,561504,FYERS_HISTORY,2026-08-08T23:02:52+05:30
2002-06-12,SMD-0032,BANKINDIA,NSE:BANKINDIA-EQ,32.0,33.7,32.0,32.6,663291,FYERS_HISTORY,2026-08-08T23:02:52+05:30
2002-06-13,SMD-0032,BANKINDIA,NSE:BANKINDIA-EQ,33.4,34.0,31.55,31.75,425995,FYERS_HISTORY,2026-08-08T23:02:52+05:30
2002-06-14,SMD-0032,BANKINDIA,NSE:BANKINDIA-EQ,32.5,33.7,31.7,32.6,413251,FYERS_HISTORY,2026-08-08T23:02:52+05:30
2002-06-17,SMD-0032,BANKINDIA,NSE:BANKINDIA-EQ,33.5,34.3,32.9,33.45,430584,FYERS_HISTORY,2026-08-08T23:02:52+05:30
2002-06-18,SMD-0032,BANKINDIA,NSE:BANKINDIA-EQ,33.75,34.0,33.5,33.85,317056,FYERS_HISTORY,2026-08-08T23:02:52+05:30
2002-06-19,SMD-0032,BANKINDIA,NSE:BANKINDIA-EQ,34.0,34.7,33.55,34.45,579464,FYERS_HISTORY,2026-08-08T23:02:52+05:30
2002-06-20,SMD-0032,BANKINDIA,NSE:BANKINDIA-EQ,34.6,34.6,34.0,34.3,404978,FYERS_HISTORY,2026-08-08T23:02:52+05:30
2002-06-21,SMD-0032,BANKINDIA,NSE:BANKINDIA-EQ,34.5,35.5,34.2,35.15,398531,FYERS_HISTORY,2026-08-08T23:02:52+05:30
2002-06-24,SMD-0032,BANKINDIA,NSE:BANKINDIA-EQ,35.6,35.8,35.05,35.25,315780,FYERS_HISTORY,2026-08-08T23:02:52+05:30
2002-06-25,SMD-0032,BANKINDIA,NSE:BANKINDIA-EQ,36.0,36.0,34.15,34.95,346071,FYERS_HISTORY,2026-08-08T23:02:52+05:30
2002-06-26,SMD-0032,BANKINDIA,NSE:BANKINDIA-EQ,34.2,34.8,34.0,34.15,178619,FYERS_HISTORY,2026-08-08T23:02:52+05:30
2002-06-27,SMD-0032,BANKINDIA,NSE:BANKINDIA-EQ,35.0,35.0,33.15,34.3,195549,FYERS_HISTORY,2026-08-08T23:02:52+05:30
2002-06-28,SMD-0032,BANKINDIA,NSE:BANKINDIA-EQ,34.25,34.6,33.75,33.95,177044,FYERS_HISTORY,2026-08-08T23:02:52+05:30
2002-07-01,SMD-0032,BANKINDIA,NSE:BANKINDIA-EQ,34.1,35.6,34.0,35.25,352380,FYERS_HISTORY,2026-08-08T23:02:52+05:30
2002-07-02,SMD-0032,BANKINDIA,NSE:BANKINDIA-EQ,35.05,35.75,34.5,35.05,330281,FYERS_HISTORY,2026-08-08T23:02:52+05:30
2002-07-03,SMD-0032,BANKINDIA,NSE:BANKINDIA-EQ,34.85,35.5,34.6,34.9,222475,FYERS_HISTORY,2026-08-08T23:02:52+05:30
2002-07-04,SMD-0032,BANKINDIA,NSE:BANKINDIA-EQ,33.4,33.4,32.5,32.65,154223,FYERS_HISTORY,2026-08-08T23:02:52+05:30
2002-07-05,SMD-0032,BANKINDIA,NSE:BANKINDIA-EQ,33.0,33.0,31.75,31.85,166633,FYERS_HISTORY,2026-08-08T23:02:52+05:30
2002-07-08,SMD-0032,BANKINDIA,NSE:BANKINDIA-EQ,32.25,33.0,31.5,31.75,407814,FYERS_HISTORY,2026-08-08T23:02:52+05:30
2002-07-09,SMD-0032,BANKINDIA,NSE:BANKINDIA-EQ,31.8,32.5,31.8,32.25,195068,FYERS_HISTORY,2026-08-08T23:02:52+05:30
2002-07-10,SMD-0032,BANKINDIA,NSE:BANKINDIA-EQ,32.7,32.7,31.3,31.5,191699,FYERS_HISTORY,2026-08-08T23:02:52+05:30
2002-07-11,SMD-0032,BANKINDIA,NSE:BANKINDIA-EQ,31.5,31.95,31.1,31.45,161289,FYERS_HISTORY,2026-08-08T23:02:52+05:30
2002-07-12,SMD-0032,BANKINDIA,NSE:BANKINDIA-EQ,31.1,32.25,31.1,31.6,146442,FYERS_HISTORY,2026-08-08T23:02:52+05:30
2002-07-15,SMD-0032,BANKINDIA,NSE:BANKINDIA-EQ,31.75,32.05,30.7,31.65,328556,FYERS_HISTORY,2026-08-08T23:02:52+05:30
2002-07-16,SMD-0032,BANKINDIA,NSE:BANKINDIA-EQ,32.5,32.5,31.0,31.1,198714,FYERS_HISTORY,2026-08-08T23:02:52+05:30
2002-07-17,SMD-0032,BANKINDIA,NSE:BANKINDIA-EQ,31.1,31.4,29.55,29.75,222879,FYERS_HISTORY,2026-08-08T23:02:52+05:30
2002-07-18,SMD-0032,BANKINDIA,NSE:BANKINDIA-EQ,30.25,31.0,30.0,30.5,118979,FYERS_HISTORY,2026-08-08T23:02:52+05:30
2002-07-19,SMD-0032,BANKINDIA,NSE:BANKINDIA-EQ,30.65,30.65,30.0,30.15,67157,FYERS_HISTORY,2026-08-08T23:02:52+05:30
2002-07-22,SMD-0032,BANKINDIA,NSE:BANKINDIA-EQ,29.7,30.0,28.2,28.3,177402,FYERS_HISTORY,2026-08-08T23:02:52+05:30
2002-07-23,SMD-0032,BANKINDIA,NSE:BANKINDIA-EQ,27.7,30.05,27.7,29.85,152386,FYERS_HISTORY,2026-08-08T23:02:52+05:30
2002-07-24,SMD-0032,BANKINDIA,NSE:BANKINDIA-EQ,29.5,30.45,29.05,29.75,114030,FYERS_HISTORY,2026-08-08T23:02:52+05:30
2002-07-25,SMD-0032,BANKINDIA,NSE:BANKINDIA-EQ,30.8,30.9,29.3,29.45,76065,FYERS_HISTORY,2026-08-08T23:02:52+05:30
2002-07-26,SMD-0032,BANKINDIA,NSE:BANKINDIA-EQ,29.0,29.5,28.6,28.85,120451,FYERS_HISTORY,2026-08-08T23:02:52+05:30
2002-07-29,SMD-0032,BANKINDIA,NSE:BANKINDIA-EQ,28.4,29.05,26.5,27.7,271777,FYERS_HISTORY,2026-08-08T23:02:52+05:30
2002-07-30,SMD-0032,BANKINDIA,NSE:BANKINDIA-EQ,28.1,28.4,27.05,27.15,161751,FYERS_HISTORY,2026-08-08T23:02:52+05:30
2002-07-31,SMD-0032,BANKINDIA,NSE:BANKINDIA-EQ,27.15,27.55,25.7,27.25,168058,FYERS_HISTORY,2026-08-08T23:02:52+05:30
2002-08-01,SMD-0032,BANKINDIA,NSE:BANKINDIA-EQ,27.65,28.35,27.0,27.35,135837,FYERS_HISTORY,2026-08-08T23:02:52+05:30
2002-08-02,SMD-0032,BANKINDIA,NSE:BANKINDIA-EQ,26.9,28.2,26.9,27.9,126955,FYERS_HISTORY,2026-08-08T23:02:52+05:30
2002-08-05,SMD-0032,BANKINDIA,NSE:BANKINDIA-EQ,28.0,29.0,27.95,28.6,118687,FYERS_HISTORY,2026-08-08T23:02:52+05:30
2002-08-06,SMD-0032,BANKINDIA,NSE:BANKINDIA-EQ,28.75,29.0,28.0,28.7,151847,FYERS_HISTORY,2026-08-08T23:02:52+05:30
2002-08-07,SMD-0032,BANKINDIA,NSE:BANKINDIA-EQ,29.0,29.1,28.55,28.6,112356,FYERS_HISTORY,2026-08-08T23:02:52+05:30
2002-08-08,SMD-0032,BANKINDIA,NSE:BANKINDIA-EQ,28.1,28.9,28.0,28.15,86469,FYERS_HISTORY,2026-08-08T23:02:52+05:30
2002-08-09,SMD-0032,BANKINDIA,NSE:BANKINDIA-EQ,28.2,28.65,28.0,28.45,72174,FYERS_HISTORY,2026-08-08T23:02:52+05:30
2002-08-12,SMD-0032,BANKINDIA,NSE:BANKINDIA-EQ,28.0,28.85,28.0,28.55,73483,FYERS_HISTORY,2026-08-08T23:02:52+05:30
2002-08-13,SMD-0032,BANKINDIA,NSE:BANKINDIA-EQ,28.75,28.85,28.45,28.5,65651,FYERS_HISTORY,2026-08-08T23:02:52+05:30
2002-08-14,SMD-0032,BANKINDIA,NSE:BANKINDIA-EQ,28.25,28.6,28.0,28.4,53762,FYERS_HISTORY,2026-08-08T23:02:52+05:30
2002-08-16,SMD-0032,BANKINDIA,NSE:BANKINDIA-EQ,28.5,28.5,28.15,28.15,54362,FYERS_HISTORY,2026-08-08T23:02:52+05:30
2002-08-19,SMD-0032,BANKINDIA,NSE:BANKINDIA-EQ,28.2,28.8,28.15,28.5,51204,FYERS_HISTORY,2026-08-08T23:02:52+05:30
2002-08-20,SMD-0032,BANKINDIA,NSE:BANKINDIA-EQ,28.5,28.8,28.35,28.45,44643,FYERS_HISTORY,2026-08-08T23:02:52+05:30
2002-08-21,SMD-0032,BANKINDIA,NSE:BANKINDIA-EQ,28.3,28.95,28.25,28.3,38756,FYERS_HISTORY,2026-08-08T23:02:52+05:30
2002-08-22,SMD-0032,BANKINDIA,NSE:BANKINDIA-EQ,28.4,28.75,28.35,28.4,24342,FYERS_HISTORY,2026-08-08T23:02:52+05:30
2002-08-23,SMD-0032,BANKINDIA,NSE:BANKINDIA-EQ,28.35,28.75,28.35,28.5,47708,FYERS_HISTORY,2026-08-08T23:02:52+05:30
2002-08-26,SMD-0032,BANKINDIA,NSE:BANKINDIA-EQ,28.75,28.75,28.25,28.35,36918,FYERS_HISTORY,2026-08-08T23:02:52+05:30
2002-08-27,SMD-0032,BANKINDIA,NSE:BANKINDIA-EQ,28.4,28.55,27.9,27.95,61094,FYERS_HISTORY,2026-08-08T23:02:52+05:30
2002-08-28,SMD-0032,BANKINDIA,NSE:BANKINDIA-EQ,27.9,28.05,27.65,27.9,34869,FYERS_HISTORY,2026-08-08T23:02:52+05:30
2002-08-29,SMD-0032,BANKINDIA,NSE:BANKINDIA-EQ,27.8,27.95,27.4,27.45,29321,FYERS_HISTORY,2026-08-08T23:02:52+05:30
2002-08-30,SMD-0032,BANKINDIA,NSE:BANKINDIA-EQ,27.5,27.8,27.3,27.5,82350,FYERS_HISTORY,2026-08-08T23:02:52+05:30
2002-09-02,SMD-0032,BANKINDIA,NSE:BANKINDIA-EQ,27.6,27.9,27.2,27.25,90798,FYERS_HISTORY,2026-08-08T23:02:52+05:30
2002-09-03,SMD-0032,BANKINDIA,NSE:BANKINDIA-EQ,27.35,27.35,26.5,26.65,114971,FYERS_HISTORY,2026-08-08T23:02:52+05:30
2002-09-04,SMD-0032,BANKINDIA,NSE:BANKINDIA-EQ,26.6,26.7,26.2,26.25,164038,FYERS_HISTORY,2026-08-08T23:02:52+05:30
2002-09-05,SMD-0032,BANKINDIA,NSE:BANKINDIA-EQ,26.7,26.7,26.2,26.35,51841,FYERS_HISTORY,2026-08-08T23:02:52+05:30
2002-09-06,SMD-0032,BANKINDIA,NSE:BANKINDIA-EQ,26.3,27.0,26.25,26.45,82077,FYERS_HISTORY,2026-08-08T23:02:52+05:30
2002-09-09,SMD-0032,BANKINDIA,NSE:BANKINDIA-EQ,26.3,26.6,26.05,26.4,82363,FYERS_HISTORY,2026-08-08T23:02:52+05:30
2002-09-11,SMD-0032,BANKINDIA,NSE:BANKINDIA-EQ,26.6,26.6,26.1,26.45,68664,FYERS_HISTORY,2026-08-08T23:02:52+05:30
2002-09-12,SMD-0032,BANKINDIA,NSE:BANKINDIA-EQ,26.6,26.75,26.4,26.55,44686,FYERS_HISTORY,2026-08-08T23:02:52+05:30
2002-09-13,SMD-0032,BANKINDIA,NSE:BANKINDIA-EQ,26.6,26.75,26.4,26.7,68300,FYERS_HISTORY,2026-08-08T23:02:52+05:30
2002-09-16,SMD-0032,BANKINDIA,NSE:BANKINDIA-EQ,26.25,27.1,25.95,26.15,197932,FYERS_HISTORY,2026-08-08T23:02:52+05:30
2002-09-17,SMD-0032,BANKINDIA,NSE:BANKINDIA-EQ,26.25,26.45,26.15,26.3,58511,FYERS_HISTORY,2026-08-08T23:02:52+05:30
2002-09-18,SMD-0032,BANKINDIA,NSE:BANKINDIA-EQ,26.5,26.5,26.1,26.1,43601,FYERS_HISTORY,2026-08-08T23:02:52+05:30
2002-09-19,SMD-0032,BANKINDIA,NSE:BANKINDIA-EQ,26.25,26.4,25.55,25.7,82617,FYERS_HISTORY,2026-08-08T23:02:52+05:30
2002-09-20,SMD-0032,BANKINDIA,NSE:BANKINDIA-EQ,25.5,25.6,25.2,25.25,113231,FYERS_HISTORY,2026-08-08T23:02:52+05:30
2002-09-23,SMD-0032,BANKINDIA,NSE:BANKINDIA-EQ,25.5,25.5,25.2,25.25,45211,FYERS_HISTORY,2026-08-08T23:02:52+05:30
2002-09-24,SMD-0032,BANKINDIA,NSE:BANKINDIA-EQ,25.45,25.75,25.1,25.6,48355,FYERS_HISTORY,2026-08-08T23:02:52+05:30
2002-09-25,SMD-0032,BANKINDIA,NSE:BANKINDIA-EQ,25.5,25.75,25.35,25.45,42777,FYERS_HISTORY,2026-08-08T23:02:52+05:30
2002-09-26,SMD-0032,BANKINDIA,NSE:BANKINDIA-EQ,25.4,25.95,25.4,25.65,33213,FYERS_HISTORY,2026-08-08T23:02:52+05:30
2002-09-27,SMD-0032,BANKINDIA,NSE:BANKINDIA-EQ,25.6,26.0,25.6,25.8,48109,FYERS_HISTORY,2026-08-08T23:02:52+05:30
2002-09-30,SMD-0032,BANKINDIA,NSE:BANKINDIA-EQ,25.9,25.95,25.55,25.6,24555,FYERS_HISTORY,2026-08-08T23:02:52+05:30
2002-10-01,SMD-0032,BANKINDIA,NSE:BANKINDIA-EQ,25.85,25.85,25.4,25.55,29801,FYERS_HISTORY,2026-08-08T23:02:52+05:30
2002-10-03,SMD-0032,BANKINDIA,NSE:BANKINDIA-EQ,25.45,25.85,25.45,25.65,25966,FYERS_HISTORY,2026-08-08T23:02:52+05:30
2002-10-04,SMD-0032,BANKINDIA,NSE:BANKINDIA-EQ,25.45,25.8,25.4,25.5,54239,FYERS_HISTORY,2026-08-08T23:02:52+05:30
2002-10-07,SMD-0032,BANKINDIA,NSE:BANKINDIA-EQ,25.85,26.35,25.6,26.2,49401,FYERS_HISTORY,2026-08-08T23:02:52+05:30
2002-10-08,SMD-0032,BANKINDIA,NSE:BANKINDIA-EQ,26.3,26.8,26.3,26.75,70739,FYERS_HISTORY,2026-08-08T23:02:52+05:30
2002-10-09,SMD-0032,BANKINDIA,NSE:BANKINDIA-EQ,26.55,27.0,26.55,26.7,45156,FYERS_HISTORY,2026-08-08T23:02:52+05:30
2002-10-10,SMD-0032,BANKINDIA,NSE:BANKINDIA-EQ,26.75,26.9,26.4,26.65,31674,FYERS_HISTORY,2026-08-08T23:02:52+05:30
2002-10-11,SMD-0032,BANKINDIA,NSE:BANKINDIA-EQ,26.5,26.9,26.0,26.2,59737,FYERS_HISTORY,2026-08-08T23:02:52+05:30
2002-10-14,SMD-0032,BANKINDIA,NSE:BANKINDIA-EQ,26.2,26.8,26.2,26.7,26954,FYERS_HISTORY,2026-08-08T23:02:52+05:30
2002-10-16,SMD-0032,BANKINDIA,NSE:BANKINDIA-EQ,27.0,27.0,26.4,26.6,50699,FYERS_HISTORY,2026-08-08T23:02:52+05:30
2002-10-17,SMD-0032,BANKINDIA,NSE:BANKINDIA-EQ,26.75,26.75,26.3,26.4,31312,FYERS_HISTORY,2026-08-08T23:02:52+05:30
2002-10-18,SMD-0032,BANKINDIA,NSE:BANKINDIA-EQ,26.5,26.55,26.1,26.2,44437,FYERS_HISTORY,2026-08-08T23:02:52+05:30
2002-10-21,SMD-0032,BANKINDIA,NSE:BANKINDIA-EQ,26.85,26.85,26.3,26.5,30647,FYERS_HISTORY,2026-08-08T23:02:52+05:30
2002-10-22,SMD-0032,BANKINDIA,NSE:BANKINDIA-EQ,26.95,26.95,26.45,26.65,81853,FYERS_HISTORY,2026-08-08T23:02:52+05:30
2002-10-23,SMD-0032,BANKINDIA,NSE:BANKINDIA-EQ,26.5,26.75,26.0,26.05,107688,FYERS_HISTORY,2026-08-08T23:02:52+05:30
2002-10-24,SMD-0032,BANKINDIA,NSE:BANKINDIA-EQ,25.8,26.5,25.8,26.1,24743,FYERS_HISTORY,2026-08-08T23:02:52+05:30
2002-10-25,SMD-0032,BANKINDIA,NSE:BANKINDIA-EQ,26.4,26.4,25.9,26.2,43825,FYERS_HISTORY,2026-08-08T23:02:52+05:30
2002-10-28,SMD-0032,BANKINDIA,NSE:BANKINDIA-EQ,26.4,27.3,26.1,26.7,198327,FYERS_HISTORY,2026-08-08T23:02:52+05:30
2002-10-29,SMD-0032,BANKINDIA,NSE:BANKINDIA-EQ,27.3,27.7,26.9,27.55,245517,FYERS_HISTORY,2026-08-08T23:02:52+05:30
2002-10-30,SMD-0032,BANKINDIA,NSE:BANKINDIA-EQ,27.6,27.9,27.25,27.8,74422,FYERS_HISTORY,2026-08-08T23:02:52+05:30
2002-10-31,SMD-0032,BANKINDIA,NSE:BANKINDIA-EQ,27.6,28.1,27.6,27.9,108764,FYERS_HISTORY,2026-08-08T23:02:52+05:30
2002-11-01,SMD-0032,BANKINDIA,NSE:BANKINDIA-EQ,28.0,28.75,28.0,28.2,145066,FYERS_HISTORY,2026-08-08T23:02:52+05:30
2002-11-04,SMD-0032,BANKINDIA,NSE:BANKINDIA-EQ,28.85,28.95,28.5,28.7,71444,FYERS_HISTORY,2026-08-08T23:02:52+05:30
2002-11-05,SMD-0032,BANKINDIA,NSE:BANKINDIA-EQ,28.7,29.25,28.6,28.75,111761,FYERS_HISTORY,2026-08-08T23:02:52+05:30
2002-11-07,SMD-0032,BANKINDIA,NSE:BANKINDIA-EQ,28.05,29.1,28.05,28.95,75372,FYERS_HISTORY,2026-08-08T23:02:52+05:30
2002-11-08,SMD-0032,BANKINDIA,NSE:BANKINDIA-EQ,29.0,29.45,28.65,29.1,116865,FYERS_HISTORY,2026-08-08T23:02:52+05:30
2002-11-11,SMD-0032,BANKINDIA,NSE:BANKINDIA-EQ,29.5,29.75,27.9,28.2,243323,FYERS_HISTORY,2026-08-08T23:02:52+05:30
2002-11-12,SMD-0032,BANKINDIA,NSE:BANKINDIA-EQ,28.5,28.75,27.65,28.2,67158,FYERS_HISTORY,2026-08-08T23:02:52+05:30
2002-11-13,SMD-0032,BANKINDIA,NSE:BANKINDIA-EQ,28.4,29.25,28.15,29.05,106313,FYERS_HISTORY,2026-08-08T23:02:52+05:30
2002-11-14,SMD-0032,BANKINDIA,NSE:BANKINDIA-EQ,29.1,29.2,27.9,28.0,136959,FYERS_HISTORY,2026-08-08T23:02:52+05:30
2002-11-15,SMD-0032,BANKINDIA,NSE:BANKINDIA-EQ,28.3,28.6,28.2,28.35,38831,FYERS_HISTORY,2026-08-08T23:02:52+05:30
2002-11-18,SMD-0032,BANKINDIA,NSE:BANKINDIA-EQ,28.5,29.0,28.3,28.5,156090,FYERS_HISTORY,2026-08-08T23:02:52+05:30
2002-11-20,SMD-0032,BANKINDIA,NSE:BANKINDIA-EQ,28.5,28.75,28.45,28.5,40443,FYERS_HISTORY,2026-08-08T23:02:52+05:30
2002-11-21,SMD-0032,BANKINDIA,NSE:BANKINDIA-EQ,28.4,28.9,28.35,28.4,104252,FYERS_HISTORY,2026-08-08T23:02:52+05:30
2002-11-22,SMD-0032,BANKINDIA,NSE:BANKINDIA-EQ,28.8,30.05,28.75,29.65,417077,FYERS_HISTORY,2026-08-08T23:02:52+05:30
2002-11-25,SMD-0032,BANKINDIA,NSE:BANKINDIA-EQ,29.95,30.5,29.8,30.15,230009,FYERS_HISTORY,2026-08-08T23:02:52+05:30
2002-11-26,SMD-0032,BANKINDIA,NSE:BANKINDIA-EQ,30.85,31.0,30.4,30.8,219786,FYERS_HISTORY,2026-08-08T23:02:52+05:30
2002-11-27,SMD-0032,BANKINDIA,NSE:BANKINDIA-EQ,30.65,31.65,30.6,30.85,353239,FYERS_HISTORY,2026-08-08T23:02:52+05:30
2002-11-28,SMD-0032,BANKINDIA,NSE:BANKINDIA-EQ,31.3,32.0,31.0,31.2,124227,FYERS_HISTORY,2026-08-08T23:02:52+05:30
2002-11-29,SMD-0032,BANKINDIA,NSE:BANKINDIA-EQ,31.4,31.5,30.1,30.75,125937,FYERS_HISTORY,2026-08-08T23:02:52+05:30
2002-12-02,SMD-0032,BANKINDIA,NSE:BANKINDIA-EQ,31.0,31.9,30.9,31.15,279801,FYERS_HISTORY,2026-08-08T23:02:52+05:30
2002-12-03,SMD-0032,BANKINDIA,NSE:BANKINDIA-EQ,31.0,31.7,30.5,30.75,171847,FYERS_HISTORY,2026-08-08T23:02:52+05:30
2002-12-04,SMD-0032,BANKINDIA,NSE:BANKINDIA-EQ,30.8,30.8,30.1,30.35,88857,FYERS_HISTORY,2026-08-08T23:02:52+05:30
2002-12-05,SMD-0032,BANKINDIA,NSE:BANKINDIA-EQ,30.75,31.25,30.2,31.1,95140,FYERS_HISTORY,2026-08-08T23:02:52+05:30
2002-12-06,SMD-0032,BANKINDIA,NSE:BANKINDIA-EQ,31.5,32.0,30.8,31.7,269581,FYERS_HISTORY,2026-08-08T23:02:52+05:30
2002-12-09,SMD-0032,BANKINDIA,NSE:BANKINDIA-EQ,31.95,33.5,31.6,31.95,620400,FYERS_HISTORY,2026-08-08T23:02:52+05:30
2002-12-10,SMD-0032,BANKINDIA,NSE:BANKINDIA-EQ,32.0,32.6,31.35,32.25,176102,FYERS_HISTORY,2026-08-08T23:02:52+05:30
2002-12-11,SMD-0032,BANKINDIA,NSE:BANKINDIA-EQ,32.9,33.75,32.45,33.4,562616,FYERS_HISTORY,2026-08-08T23:02:52+05:30
2002-12-12,SMD-0032,BANKINDIA,NSE:BANKINDIA-EQ,33.65,34.5,33.35,33.6,693168,FYERS_HISTORY,2026-08-08T23:02:52+05:30
2002-12-13,SMD-0032,BANKINDIA,NSE:BANKINDIA-EQ,33.9,37.75,33.15,37.45,2457074,FYERS_HISTORY,2026-08-08T23:02:52+05:30
2002-12-16,SMD-0032,BANKINDIA,NSE:BANKINDIA-EQ,38.2,38.85,35.55,35.75,1104630,FYERS_HISTORY,2026-08-08T23:02:52+05:30
2002-12-17,SMD-0032,BANKINDIA,NSE:BANKINDIA-EQ,36.0,37.7,34.25,37.4,1487234,FYERS_HISTORY,2026-08-08T23:02:52+05:30
2002-12-18,SMD-0032,BANKINDIA,NSE:BANKINDIA-EQ,38.4,39.55,37.15,37.65,1637527,FYERS_HISTORY,2026-08-08T23:02:52+05:30
2002-12-19,SMD-0032,BANKINDIA,NSE:BANKINDIA-EQ,38.0,39.0,37.0,37.2,1548355,FYERS_HISTORY,2026-08-08T23:02:52+05:30
2002-12-20,SMD-0032,BANKINDIA,NSE:BANKINDIA-EQ,37.4,38.9,37.4,38.3,2231849,FYERS_HISTORY,2026-08-08T23:02:52+05:30
2002-12-23,SMD-0032,BANKINDIA,NSE:BANKINDIA-EQ,38.3,39.35,37.0,37.1,750582,FYERS_HISTORY,2026-08-08T23:02:52+05:30
2002-12-24,SMD-0032,BANKINDIA,NSE:BANKINDIA-EQ,37.6,38.3,36.85,37.15,832831,FYERS_HISTORY,2026-08-08T23:02:52+05:30
2002-12-26,SMD-0032,BANKINDIA,NSE:BANKINDIA-EQ,37.6,37.9,37.1,37.3,517419,FYERS_HISTORY,2026-08-08T23:02:52+05:30
2002-12-27,SMD-0032,BANKINDIA,NSE:BANKINDIA-EQ,37.7,37.85,36.7,37.15,611788,FYERS_HISTORY,2026-08-08T23:02:52+05:30
2002-12-30,SMD-0032,BANKINDIA,NSE:BANKINDIA-EQ,36.95,36.95,36.4,36.55,274911,FYERS_HISTORY,2026-08-08T23:02:52+05:30
2002-12-31,SMD-0032,BANKINDIA,NSE:BANKINDIA-EQ,36.9,37.15,36.0,37.0,543751,FYERS_HISTORY,2026-08-08T23:02:52+05:30
2003-01-01,SMD-0032,BANKINDIA,NSE:BANKINDIA-EQ,37.2,37.55,36.3,36.5,463110,FYERS_HISTORY,2026-08-08T23:02:52+05:30
2003-01-02,SMD-0032,BANKINDIA,NSE:BANKINDIA-EQ,36.6,37.0,35.9,36.15,496565,FYERS_HISTORY,2026-08-08T23:02:52+05:30
2003-01-03,SMD-0032,BANKINDIA,NSE:BANKINDIA-EQ,36.5,36.55,36.0,36.1,383569,FYERS_HISTORY,2026-08-08T23:02:52+05:30
2003-01-06,SMD-0032,BANKINDIA,NSE:BANKINDIA-EQ,36.2,36.35,35.25,35.4,310493,FYERS_HISTORY,2026-08-08T23:02:52+05:30
2003-01-07,SMD-0032,BANKINDIA,NSE:BANKINDIA-EQ,35.5,36.0,35.1,35.9,340008,FYERS_HISTORY,2026-08-08T23:02:52+05:30
2003-01-08,SMD-0032,BANKINDIA,NSE:BANKINDIA-EQ,36.25,36.75,36.1,36.45,256240,FYERS_HISTORY,2026-08-08T23:02:52+05:30
2003-01-09,SMD-0032,BANKINDIA,NSE:BANKINDIA-EQ,36.7,38.5,36.55,38.4,886302,FYERS_HISTORY,2026-08-08T23:02:52+05:30
2003-01-10,SMD-0032,BANKINDIA,NSE:BANKINDIA-EQ,38.85,39.0,37.5,38.25,999912,FYERS_HISTORY,2026-08-08T23:02:52+05:30
2003-01-13,SMD-0032,BANKINDIA,NSE:BANKINDIA-EQ,38.25,38.9,37.8,38.45,542780,FYERS_HISTORY,2026-08-08T23:02:52+05:30
2003-01-14,SMD-0032,BANKINDIA,NSE:BANKINDIA-EQ,38.85,40.3,38.05,39.7,2369012,FYERS_HISTORY,2026-08-08T23:02:52+05:30
2003-01-15,SMD-0032,BANKINDIA,NSE:BANKINDIA-EQ,40.05,40.85,39.65,40.25,1193344,FYERS_HISTORY,2026-08-08T23:02:52+05:30
2003-01-16,SMD-0032,BANKINDIA,NSE:BANKINDIA-EQ,40.5,41.0,39.7,39.9,1021244,FYERS_HISTORY,2026-08-08T23:02:52+05:30
2003-01-17,SMD-0032,BANKINDIA,NSE:BANKINDIA-EQ,40.15,41.7,39.25,41.35,1528192,FYERS_HISTORY,2026-08-08T23:02:52+05:30
2003-01-20,SMD-0032,BANKINDIA,NSE:BANKINDIA-EQ,41.2,42.4,40.65,41.75,1195842,FYERS_HISTORY,2026-08-08T23:02:52+05:30
2003-01-21,SMD-0032,BANKINDIA,NSE:BANKINDIA-EQ,42.25,45.5,42.25,45.0,2458404,FYERS_HISTORY,2026-08-08T23:02:52+05:30
2003-01-22,SMD-0032,BANKINDIA,NSE:BANKINDIA-EQ,45.6,46.25,43.3,44.1,2729056,FYERS_HISTORY,2026-08-08T23:02:52+05:30
2003-01-23,SMD-0032,BANKINDIA,NSE:BANKINDIA-EQ,44.55,46.35,43.25,44.8,2054708,FYERS_HISTORY,2026-08-08T23:02:52+05:30
2003-01-24,SMD-0032,BANKINDIA,NSE:BANKINDIA-EQ,45.0,45.1,40.6,41.1,1686180,FYERS_HISTORY,2026-08-08T23:02:52+05:30
2003-01-27,SMD-0032,BANKINDIA,NSE:BANKINDIA-EQ,41.55,44.85,38.8,39.4,1211714,FYERS_HISTORY,2026-08-08T23:02:52+05:30
2003-01-28,SMD-0032,BANKINDIA,NSE:BANKINDIA-EQ,39.4,40.65,38.9,40.2,1003365,FYERS_HISTORY,2026-08-08T23:02:52+05:30
2003-01-29,SMD-0032,BANKINDIA,NSE:BANKINDIA-EQ,40.85,41.7,39.9,40.2,941309,FYERS_HISTORY,2026-08-08T23:02:52+05:30
2003-01-30,SMD-0032,BANKINDIA,NSE:BANKINDIA-EQ,41.5,41.9,38.25,38.4,1144625,FYERS_HISTORY,2026-08-08T23:02:52+05:30
2003-01-31,SMD-0032,BANKINDIA,NSE:BANKINDIA-EQ,38.7,38.7,37.0,37.25,745089,FYERS_HISTORY,2026-08-08T23:02:52+05:30
2003-02-03,SMD-0032,BANKINDIA,NSE:BANKINDIA-EQ,37.5,38.7,37.45,38.5,552208,FYERS_HISTORY,2026-08-08T23:02:52+05:30
2003-02-04,SMD-0032,BANKINDIA,NSE:BANKINDIA-EQ,38.75,39.8,38.55,38.9,983053,FYERS_HISTORY,2026-08-08T23:02:52+05:30
2003-02-05,SMD-0032,BANKINDIA,NSE:BANKINDIA-EQ,38.75,39.3,38.05,38.4,729719,FYERS_HISTORY,2026-08-08T23:02:52+05:30
2003-02-06,SMD-0032,BANKINDIA,NSE:BANKINDIA-EQ,38.7,39.15,37.65,38.95,804243,FYERS_HISTORY,2026-08-08T23:02:52+05:30
2003-02-07,SMD-0032,BANKINDIA,NSE:BANKINDIA-EQ,39.05,39.05,37.7,37.9,674658,FYERS_HISTORY,2026-08-08T23:02:52+05:30
2003-02-10,SMD-0032,BANKINDIA,NSE:BANKINDIA-EQ,38.1,38.1,35.7,36.25,373656,FYERS_HISTORY,2026-08-08T23:02:52+05:30
2003-02-11,SMD-0032,BANKINDIA,NSE:BANKINDIA-EQ,36.45,37.0,35.8,36.05,511184,FYERS_HISTORY,2026-08-08T23:02:52+05:30
2003-02-12,SMD-0032,BANKINDIA,NSE:BANKINDIA-EQ,36.0,36.9,35.0,35.15,696708,FYERS_HISTORY,2026-08-08T23:02:52+05:30
2003-02-14,SMD-0032,BANKINDIA,NSE:BANKINDIA-EQ,35.1,35.1,34.15,34.45,638018,FYERS_HISTORY,2026-08-08T23:02:52+05:30
2003-02-17,SMD-0032,BANKINDIA,NSE:BANKINDIA-EQ,35.0,36.45,35.0,36.15,809170,FYERS_HISTORY,2026-08-08T23:02:52+05:30
2003-02-18,SMD-0032,BANKINDIA,NSE:BANKINDIA-EQ,36.75,37.55,36.2,36.4,1052993,FYERS_HISTORY,2026-08-08T23:02:52+05:30
2003-02-19,SMD-0032,BANKINDIA,NSE:BANKINDIA-EQ,36.8,39.15,36.65,37.55,2208243,FYERS_HISTORY,2026-08-08T23:02:52+05:30
2003-02-20,SMD-0032,BANKINDIA,NSE:BANKINDIA-EQ,38.0,39.65,36.75,37.5,2830679,FYERS_HISTORY,2026-08-08T23:02:52+05:30
2003-02-21,SMD-0032,BANKINDIA,NSE:BANKINDIA-EQ,37.6,37.95,36.9,37.6,731278,FYERS_HISTORY,2026-08-08T23:02:52+05:30
2003-02-24,SMD-0032,BANKINDIA,NSE:BANKINDIA-EQ,37.95,38.6,37.95,38.25,791238,FYERS_HISTORY,2026-08-08T23:02:52+05:30
2003-02-25,SMD-0032,BANKINDIA,NSE:BANKINDIA-EQ,38.25,38.25,36.65,36.75,744581,FYERS_HISTORY,2026-08-08T23:02:52+05:30
2003-02-26,SMD-0032,BANKINDIA,NSE:BANKINDIA-EQ,37.2,37.35,35.9,36.05,838880,FYERS_HISTORY,2026-08-08T23:02:52+05:30
2003-02-27,SMD-0032,BANKINDIA,NSE:BANKINDIA-EQ,35.75,37.05,35.75,36.75,723362,FYERS_HISTORY,2026-08-08T23:02:52+05:30
2003-02-28,SMD-0032,BANKINDIA,NSE:BANKINDIA-EQ,37.25,37.3,35.4,35.75,1117395,FYERS_HISTORY,2026-08-08T23:02:52+05:30
2003-03-03,SMD-0032,BANKINDIA,NSE:BANKINDIA-EQ,36.3,37.1,36.15,36.35,503533,FYERS_HISTORY,2026-08-08T23:02:52+05:30
2003-03-04,SMD-0032,BANKINDIA,NSE:BANKINDIA-EQ,36.5,36.5,35.5,35.85,341749,FYERS_HISTORY,2026-08-08T23:02:52+05:30
2003-03-05,SMD-0032,BANKINDIA,NSE:BANKINDIA-EQ,36.0,36.0,35.0,35.5,430243,FYERS_HISTORY,2026-08-08T23:02:52+05:30
2003-03-06,SMD-0032,BANKINDIA,NSE:BANKINDIA-EQ,35.5,35.8,34.9,35.1,351821,FYERS_HISTORY,2026-08-08T23:02:52+05:30
2003-03-07,SMD-0032,BANKINDIA,NSE:BANKINDIA-EQ,34.75,35.0,34.05,34.1,398257,FYERS_HISTORY,2026-08-08T23:02:52+05:30
2003-03-10,SMD-0032,BANKINDIA,NSE:BANKINDIA-EQ,33.8,34.25,31.4,31.95,837751,FYERS_HISTORY,2026-08-08T23:02:52+05:30
2003-03-11,SMD-0032,BANKINDIA,NSE:BANKINDIA-EQ,31.25,32.35,31.1,31.95,868342,FYERS_HISTORY,2026-08-08T23:02:52+05:30
2003-03-12,SMD-0032,BANKINDIA,NSE:BANKINDIA-EQ,32.4,33.5,31.9,32.35,713423,FYERS_HISTORY,2026-08-08T23:02:52+05:30
2003-03-13,SMD-0032,BANKINDIA,NSE:BANKINDIA-EQ,33.0,33.1,32.05,32.75,320182,FYERS_HISTORY,2026-08-08T23:02:52+05:30
2003-03-17,SMD-0032,BANKINDIA,NSE:BANKINDIA-EQ,33.0,33.85,32.1,33.65,485628,FYERS_HISTORY,2026-08-08T23:02:52+05:30
2003-03-19,SMD-0032,BANKINDIA,NSE:BANKINDIA-EQ,34.1,34.5,33.55,34.2,462800,FYERS_HISTORY,2026-08-08T23:02:52+05:30
2003-03-20,SMD-0032,BANKINDIA,NSE:BANKINDIA-EQ,33.95,35.25,33.65,35.05,489255,FYERS_HISTORY,2026-08-08T23:02:52+05:30
2003-03-21,SMD-0032,BANKINDIA,NSE:BANKINDIA-EQ,35.3,36.35,35.25,36.15,486970,FYERS_HISTORY,2026-08-08T23:02:52+05:30
2003-03-22,SMD-0032,BANKINDIA,NSE:BANKINDIA-EQ,36.85,37.2,36.4,36.6,157151,FYERS_HISTORY,2026-08-08T23:02:52+05:30
2003-03-24,SMD-0032,BANKINDIA,NSE:BANKINDIA-EQ,36.7,36.7,35.2,35.85,387765,FYERS_HISTORY,2026-08-08T23:02:52+05:30
2003-03-25,SMD-0032,BANKINDIA,NSE:BANKINDIA-EQ,35.4,35.4,34.0,35.25,273245,FYERS_HISTORY,2026-08-08T23:02:52+05:30
2003-03-26,SMD-0032,BANKINDIA,NSE:BANKINDIA-EQ,35.5,36.6,35.5,36.15,588161,FYERS_HISTORY,2026-08-08T23:02:52+05:30
2003-03-27,SMD-0032,BANKINDIA,NSE:BANKINDIA-EQ,35.6,36.6,35.1,36.2,210080,FYERS_HISTORY,2026-08-08T23:02:52+05:30
2003-03-28,SMD-0032,BANKINDIA,NSE:BANKINDIA-EQ,36.2,39.0,36.2,38.6,1621264,FYERS_HISTORY,2026-08-08T23:02:52+05:30
2003-03-31,SMD-0032,BANKINDIA,NSE:BANKINDIA-EQ,38.55,39.0,37.55,37.95,656113,FYERS_HISTORY,2026-08-08T23:02:52+05:30
2003-04-01,SMD-0032,BANKINDIA,NSE:BANKINDIA-EQ,37.6,39.8,37.6,39.35,753399,FYERS_HISTORY,2026-08-08T23:02:52+05:30
2003-04-02,SMD-0032,BANKINDIA,NSE:BANKINDIA-EQ,39.85,40.3,39.4,39.9,466398,FYERS_HISTORY,2026-08-08T23:02:52+05:30
2003-04-03,SMD-0032,BANKINDIA,NSE:BANKINDIA-EQ,40.4,40.9,39.8,40.65,798380,FYERS_HISTORY,2026-08-08T23:02:52+05:30
2003-04-04,SMD-0032,BANKINDIA,NSE:BANKINDIA-EQ,40.95,42.25,40.6,42.1,1362062,FYERS_HISTORY,2026-08-08T23:02:52+05:30
2003-04-07,SMD-0032,BANKINDIA,NSE:BANKINDIA-EQ,42.85,44.45,42.0,42.3,1301350,FYERS_HISTORY,2026-08-08T23:02:52+05:30
2003-04-08,SMD-0032,BANKINDIA,NSE:BANKINDIA-EQ,42.1,43.4,40.5,42.35,1614559,FYERS_HISTORY,2026-08-08T23:02:52+05:30
2003-04-09,SMD-0032,BANKINDIA,NSE:BANKINDIA-EQ,41.1,43.35,40.85,41.2,1002268,FYERS_HISTORY,2026-08-08T23:02:52+05:30
2003-04-10,SMD-0032,BANKINDIA,NSE:BANKINDIA-EQ,40.9,41.85,39.3,39.75,899106,FYERS_HISTORY,2026-08-08T23:02:52+05:30
2003-04-11,SMD-0032,BANKINDIA,NSE:BANKINDIA-EQ,40.2,41.3,39.1,39.7,623223,FYERS_HISTORY,2026-08-08T23:02:52+05:30
2003-04-15,SMD-0032,BANKINDIA,NSE:BANKINDIA-EQ,40.4,40.9,38.4,40.6,713229,FYERS_HISTORY,2026-08-08T23:02:52+05:30
2003-04-16,SMD-0032,BANKINDIA,NSE:BANKINDIA-EQ,40.9,41.3,40.1,40.65,634852,FYERS_HISTORY,2026-08-08T23:02:52+05:30
2003-04-17,SMD-0032,BANKINDIA,NSE:BANKINDIA-EQ,40.1,41.35,39.8,40.05,393784,FYERS_HISTORY,2026-08-08T23:02:52+05:30
2003-04-21,SMD-0032,BANKINDIA,NSE:BANKINDIA-EQ,40.25,40.7,40.0,40.05,226255,FYERS_HISTORY,2026-08-08T23:02:52+05:30
2003-04-22,SMD-0032,BANKINDIA,NSE:BANKINDIA-EQ,40.15,40.25,39.25,39.45,264053,FYERS_HISTORY,2026-08-08T23:02:52+05:30
2003-04-23,SMD-0032,BANKINDIA,NSE:BANKINDIA-EQ,39.6,39.8,38.45,38.75,312957,FYERS_HISTORY,2026-08-08T23:02:52+05:30
2003-04-24,SMD-0032,BANKINDIA,NSE:BANKINDIA-EQ,38.6,40.7,38.5,40.05,507021,FYERS_HISTORY,2026-08-08T23:02:52+05:30
2003-04-25,SMD-0032,BANKINDIA,NSE:BANKINDIA-EQ,40.0,40.75,39.05,39.4,439933,FYERS_HISTORY,2026-08-08T23:02:52+05:30
2003-04-28,SMD-0032,BANKINDIA,NSE:BANKINDIA-EQ,39.75,41.25,39.5,41.0,1115422,FYERS_HISTORY,2026-08-08T23:02:52+05:30
2003-04-29,SMD-0032,BANKINDIA,NSE:BANKINDIA-EQ,41.1,42.0,40.0,40.15,860781,FYERS_HISTORY,2026-08-08T23:02:52+05:30
2003-04-30,SMD-0032,BANKINDIA,NSE:BANKINDIA-EQ,41.9,44.4,40.7,42.3,5006432,FYERS_HISTORY,2026-08-08T23:02:52+05:30
2003-05-02,SMD-0032,BANKINDIA,NSE:BANKINDIA-EQ,43.2,44.3,42.7,43.6,2412841,FYERS_HISTORY,2026-08-08T23:02:52+05:30
2003-05-05,SMD-0032,BANKINDIA,NSE:BANKINDIA-EQ,44.0,45.45,43.7,44.8,2337220,FYERS_HISTORY,2026-08-08T23:02:52+05:30
2003-05-06,SMD-0032,BANKINDIA,NSE:BANKINDIA-EQ,45.0,46.45,44.25,44.45,2592917,FYERS_HISTORY,2026-08-08T23:02:52+05:30
2003-05-07,SMD-0032,BANKINDIA,NSE:BANKINDIA-EQ,44.9,44.9,43.0,43.15,668791,FYERS_HISTORY,2026-08-08T23:02:52+05:30
2003-05-08,SMD-0032,BANKINDIA,NSE:BANKINDIA-EQ,43.3,43.85,42.55,42.85,681401,FYERS_HISTORY,2026-08-08T23:02:52+05:30
2003-05-09,SMD-0032,BANKINDIA,NSE:BANKINDIA-EQ,46.5,46.5,42.75,42.95,716251,FYERS_HISTORY,2026-08-08T23:02:52+05:30
2003-05-12,SMD-0032,BANKINDIA,NSE:BANKINDIA-EQ,43.0,44.75,43.0,44.45,1549664,FYERS_HISTORY,2026-08-08T23:02:52+05:30
2003-05-13,SMD-0032,BANKINDIA,NSE:BANKINDIA-EQ,45.1,47.65,45.1,45.9,3884375,FYERS_HISTORY,2026-08-08T23:02:52+05:30
2003-05-14,SMD-0032,BANKINDIA,NSE:BANKINDIA-EQ,46.5,47.25,46.0,46.2,1915725,FYERS_HISTORY,2026-08-08T23:02:52+05:30
2003-05-15,SMD-0032,BANKINDIA,NSE:BANKINDIA-EQ,46.4,48.6,45.95,47.6,4561851,FYERS_HISTORY,2026-08-08T23:02:52+05:30
2003-05-16,SMD-0032,BANKINDIA,NSE:BANKINDIA-EQ,48.4,48.75,44.3,45.3,3233480,FYERS_HISTORY,2026-08-08T23:02:52+05:30
2003-05-19,SMD-0032,BANKINDIA,NSE:BANKINDIA-EQ,46.0,46.0,43.3,43.5,1915770,FYERS_HISTORY,2026-08-08T23:02:52+05:30
2003-05-20,SMD-0032,BANKINDIA,NSE:BANKINDIA-EQ,43.5,44.4,42.35,43.5,2976640,FYERS_HISTORY,2026-08-08T23:02:52+05:30
2003-05-21,SMD-0032,BANKINDIA,NSE:BANKINDIA-EQ,44.0,45.8,43.95,44.9,2473893,FYERS_HISTORY,2026-08-08T23:02:52+05:30
2003-05-22,SMD-0032,BANKINDIA,NSE:BANKINDIA-EQ,45.4,48.5,44.9,47.7,5110296,FYERS_HISTORY,2026-08-08T23:02:52+05:30
2003-05-23,SMD-0032,BANKINDIA,NSE:BANKINDIA-EQ,49.25,52.65,49.25,51.1,12874577,FYERS_HISTORY,2026-08-08T23:02:52+05:30
2003-05-26,SMD-0032,BANKINDIA,NSE:BANKINDIA-EQ,51.75,53.1,50.0,52.55,5515163,FYERS_HISTORY,2026-08-08T23:02:52+05:30
2003-05-27,SMD-0032,BANKINDIA,NSE:BANKINDIA-EQ,53.0,55.45,52.6,53.05,8677099,FYERS_HISTORY,2026-08-08T23:02:52+05:30
2003-05-28,SMD-0032,BANKINDIA,NSE:BANKINDIA-EQ,53.55,55.5,52.1,54.85,6405826,FYERS_HISTORY,2026-08-08T23:02:52+05:30
2003-05-29,SMD-0032,BANKINDIA,NSE:BANKINDIA-EQ,55.5,58.3,55.5,56.5,7718471,FYERS_HISTORY,2026-08-08T23:02:52+05:30
2003-05-30,SMD-0032,BANKINDIA,NSE:BANKINDIA-EQ,57.1,57.15,54.4,54.85,3784557,FYERS_HISTORY,2026-08-08T23:02:52+05:30
2003-06-02,SMD-0032,BANKINDIA,NSE:BANKINDIA-EQ,51.0,52.7,47.55,49.65,5411707,FYERS_HISTORY,2026-08-08T23:02:52+05:30
2003-06-03,SMD-0032,BANKINDIA,NSE:BANKINDIA-EQ,49.9,52.5,49.9,51.75,5349981,FYERS_HISTORY,2026-08-08T23:02:52+05:30
2003-06-04,SMD-0032,BANKINDIA,NSE:BANKINDIA-EQ,52.05,53.6,52.05,52.55,3141363,FYERS_HISTORY,2026-08-08T23:02:52+05:30
2003-06-05,SMD-0032,BANKINDIA,NSE:BANKINDIA-EQ,53.4,54.0,50.6,51.1,3268698,FYERS_HISTORY,2026-08-08T23:02:52+05:30
2003-06-06,SMD-0032,BANKINDIA,NSE:BANKINDIA-EQ,50.0,51.75,49.75,50.1,1751088,FYERS_HISTORY,2026-08-08T23:02:52+05:30
2003-06-09,SMD-0032,BANKINDIA,NSE:BANKINDIA-EQ,50.8,51.0,49.15,49.5,1441105,FYERS_HISTORY,2026-08-08T23:02:52+05:30
2003-06-10,SMD-0032,BANKINDIA,NSE:BANKINDIA-EQ,48.1,48.65,45.5,45.95,2218496,FYERS_HISTORY,2026-08-08T23:02:52+05:30
2003-06-11,SMD-0032,BANKINDIA,NSE:BANKINDIA-EQ,46.6,48.4,46.25,47.8,2017072,FYERS_HISTORY,2026-08-08T23:02:52+05:30
2003-06-12,SMD-0032,BANKINDIA,NSE:BANKINDIA-EQ,48.9,48.9,47.25,47.5,1366124,FYERS_HISTORY,2026-08-08T23:02:52+05:30
2003-06-13,SMD-0032,BANKINDIA,NSE:BANKINDIA-EQ,47.5,48.0,46.4,46.85,810376,FYERS_HISTORY,2026-08-08T23:02:52+05:30
2003-06-16,SMD-0032,BANKINDIA,NSE:BANKINDIA-EQ,47.5,47.5,45.4,45.65,1098086,FYERS_HISTORY,2026-08-08T23:02:52+05:30
2003-06-17,SMD-0032,BANKINDIA,NSE:BANKINDIA-EQ,46.0,47.6,45.5,47.1,1522457,FYERS_HISTORY,2026-08-08T23:02:52+05:30
2003-06-18,SMD-0032,BANKINDIA,NSE:BANKINDIA-EQ,47.5,47.5,46.15,46.3,976059,FYERS_HISTORY,2026-08-08T23:02:52+05:30
2003-06-19,SMD-0032,BANKINDIA,NSE:BANKINDIA-EQ,46.4,48.9,46.35,48.35,2300070,FYERS_HISTORY,2026-08-08T23:02:52+05:30
2003-06-20,SMD-0032,BANKINDIA,NSE:BANKINDIA-EQ,49.35,50.45,49.1,49.5,2081073,FYERS_HISTORY,2026-08-08T23:02:52+05:30
2003-06-23,SMD-0032,BANKINDIA,NSE:BANKINDIA-EQ,50.25,50.95,48.65,49.0,2384560,FYERS_HISTORY,2026-08-08T23:02:52+05:30
2003-06-24,SMD-0032,BANKINDIA,NSE:BANKINDIA-EQ,49.0,49.8,48.4,49.45,1308174,FYERS_HISTORY,2026-08-08T23:02:52+05:30
2003-06-25,SMD-0032,BANKINDIA,NSE:BANKINDIA-EQ,50.5,51.6,50.05,50.95,2821037,FYERS_HISTORY,2026-08-08T23:02:52+05:30
2003-06-26,SMD-0032,BANKINDIA,NSE:BANKINDIA-EQ,51.45,52.0,49.6,49.85,2675612,FYERS_HISTORY,2026-08-08T23:02:52+05:30
2003-06-27,SMD-0032,BANKINDIA,NSE:BANKINDIA-EQ,50.55,50.55,48.95,50.0,1578054,FYERS_HISTORY,2026-08-08T23:02:52+05:30
2003-06-30,SMD-0032,BANKINDIA,NSE:BANKINDIA-EQ,50.5,52.75,50.45,52.1,4218715,FYERS_HISTORY,2026-08-08T23:02:52+05:30
2003-07-01,SMD-0032,BANKINDIA,NSE:BANKINDIA-EQ,49.4,49.6,48.1,48.2,1926082,FYERS_HISTORY,2026-08-08T23:02:52+05:30
2003-07-02,SMD-0032,BANKINDIA,NSE:BANKINDIA-EQ,48.15,49.15,47.95,48.2,1015221,FYERS_HISTORY,2026-08-08T23:02:52+05:30
2003-07-03,SMD-0032,BANKINDIA,NSE:BANKINDIA-EQ,48.5,51.65,48.1,50.65,4724476,FYERS_HISTORY,2026-08-08T23:02:52+05:30
2003-07-04,SMD-0032,BANKINDIA,NSE:BANKINDIA-EQ,52.0,52.0,48.6,48.95,1715401,FYERS_HISTORY,2026-08-08T23:02:52+05:30
2003-07-07,SMD-0032,BANKINDIA,NSE:BANKINDIA-EQ,49.8,51.0,48.8,50.4,2473244,FYERS_HISTORY,2026-08-08T23:02:52+05:30
2003-07-08,SMD-0032,BANKINDIA,NSE:BANKINDIA-EQ,51.1,52.4,49.6,49.95,3038239,FYERS_HISTORY,2026-08-08T23:02:52+05:30
2003-07-09,SMD-0032,BANKINDIA,NSE:BANKINDIA-EQ,50.7,51.4,48.8,49.1,1486262,FYERS_HISTORY,2026-08-08T23:02:52+05:30
2003-07-10,SMD-0032,BANKINDIA,NSE:BANKINDIA-EQ,50.2,50.2,48.3,48.65,673821,FYERS_HISTORY,2026-08-08T23:02:52+05:30
2003-07-11,SMD-0032,BANKINDIA,NSE:BANKINDIA-EQ,49.0,50.45,48.8,49.3,1192181,FYERS_HISTORY,2026-08-08T23:02:52+05:30
2003-07-14,SMD-0032,BANKINDIA,NSE:BANKINDIA-EQ,49.95,50.8,49.85,50.35,1644469,FYERS_HISTORY,2026-08-08T23:02:52+05:30
2003-07-15,SMD-0032,BANKINDIA,NSE:BANKINDIA-EQ,50.95,51.5,48.6,49.45,2559785,FYERS_HISTORY,2026-08-08T23:02:52+05:30
2003-07-16,SMD-0032,BANKINDIA,NSE:BANKINDIA-EQ,49.9,51.4,49.25,51.0,3055977,FYERS_HISTORY,2026-08-08T23:02:52+05:30
2003-07-17,SMD-0032,BANKINDIA,NSE:BANKINDIA-EQ,52.0,52.65,49.75,50.1,4042450,FYERS_HISTORY,2026-08-08T23:02:52+05:30
2003-07-18,SMD-0032,BANKINDIA,NSE:BANKINDIA-EQ,50.0,50.75,49.0,49.9,1818822,FYERS_HISTORY,2026-08-08T23:02:52+05:30
2003-07-21,SMD-0032,BANKINDIA,NSE:BANKINDIA-EQ,50.35,51.9,49.25,50.0,3573843,FYERS_HISTORY,2026-08-08T23:02:52+05:30
2003-07-22,SMD-0032,BANKINDIA,NSE:BANKINDIA-EQ,50.05,50.3,48.15,48.5,1951879,FYERS_HISTORY,2026-08-08T23:02:52+05:30
2003-07-23,SMD-0032,BANKINDIA,NSE:BANKINDIA-EQ,49.3,49.45,48.45,49.15,1156635,FYERS_HISTORY,2026-08-08T23:02:52+05:30
2003-07-24,SMD-0032,BANKINDIA,NSE:BANKINDIA-EQ,49.55,49.9,49.0,49.45,805204,FYERS_HISTORY,2026-08-08T23:02:52+05:30
2003-07-25,SMD-0032,BANKINDIA,NSE:BANKINDIA-EQ,49.7,50.75,49.55,50.6,1999857,FYERS_HISTORY,2026-08-08T23:02:52+05:30
2003-07-28,SMD-0032,BANKINDIA,NSE:BANKINDIA-EQ,51.05,51.95,50.55,50.8,2086790,FYERS_HISTORY,2026-08-08T23:02:52+05:30
2003-07-29,SMD-0032,BANKINDIA,NSE:BANKINDIA-EQ,50.0,51.0,49.05,49.25,1398874,FYERS_HISTORY,2026-08-08T23:02:52+05:30
2003-07-30,SMD-0032,BANKINDIA,NSE:BANKINDIA-EQ,49.3,50.25,49.25,49.8,1470774,FYERS_HISTORY,2026-08-08T23:02:52+05:30
2003-07-31,SMD-0032,BANKINDIA,NSE:BANKINDIA-EQ,50.25,50.85,49.05,49.3,1620943,FYERS_HISTORY,2026-08-08T23:02:52+05:30
2003-08-01,SMD-0032,BANKINDIA,NSE:BANKINDIA-EQ,49.65,49.65,48.55,48.85,1065977,FYERS_HISTORY,2026-08-08T23:02:52+05:30
2003-08-04,SMD-0032,BANKINDIA,NSE:BANKINDIA-EQ,49.0,49.05,48.5,48.7,1006265,FYERS_HISTORY,2026-08-08T23:02:52+05:30
2003-08-05,SMD-0032,BANKINDIA,NSE:BANKINDIA-EQ,48.7,49.25,46.8,47.05,1250214,FYERS_HISTORY,2026-08-08T23:02:52+05:30
2003-08-06,SMD-0032,BANKINDIA,NSE:BANKINDIA-EQ,47.3,47.65,46.2,46.35,938596,FYERS_HISTORY,2026-08-08T23:02:52+05:30
2003-08-07,SMD-0032,BANKINDIA,NSE:BANKINDIA-EQ,46.5,47.2,46.05,47.05,997914,FYERS_HISTORY,2026-08-08T23:02:52+05:30
2003-08-08,SMD-0032,BANKINDIA,NSE:BANKINDIA-EQ,47.65,48.25,47.15,47.5,947158,FYERS_HISTORY,2026-08-08T23:02:52+05:30
2003-08-11,SMD-0032,BANKINDIA,NSE:BANKINDIA-EQ,47.9,47.9,46.6,46.9,1005776,FYERS_HISTORY,2026-08-08T23:02:52+05:30
2003-08-12,SMD-0032,BANKINDIA,NSE:BANKINDIA-EQ,47.85,47.85,46.1,46.25,930927,FYERS_HISTORY,2026-08-08T23:02:52+05:30
2003-08-13,SMD-0032,BANKINDIA,NSE:BANKINDIA-EQ,46.6,46.65,45.75,46.3,698921,FYERS_HISTORY,2026-08-08T23:02:52+05:30
2003-08-14,SMD-0032,BANKINDIA,NSE:BANKINDIA-EQ,46.65,47.85,46.65,47.0,1067414,FYERS_HISTORY,2026-08-08T23:02:52+05:30
2003-08-18,SMD-0032,BANKINDIA,NSE:BANKINDIA-EQ,48.1,48.1,46.25,46.55,730574,FYERS_HISTORY,2026-08-08T23:02:52+05:30
2003-08-19,SMD-0032,BANKINDIA,NSE:BANKINDIA-EQ,46.7,47.5,46.0,46.1,692347,FYERS_HISTORY,2026-08-08T23:02:52+05:30
2003-08-20,SMD-0032,BANKINDIA,NSE:BANKINDIA-EQ,46.6,47.5,46.1,47.2,1026944,FYERS_HISTORY,2026-08-08T23:02:52+05:30
2003-08-21,SMD-0032,BANKINDIA,NSE:BANKINDIA-EQ,50.2,50.2,47.4,47.65,1735263,FYERS_HISTORY,2026-08-08T23:02:52+05:30
2003-08-22,SMD-0032,BANKINDIA,NSE:BANKINDIA-EQ,47.7,48.15,47.0,47.45,841392,FYERS_HISTORY,2026-08-08T23:02:52+05:30
2003-08-25,SMD-0032,BANKINDIA,NSE:BANKINDIA-EQ,47.85,49.0,45.0,45.8,1581011,FYERS_HISTORY,2026-08-08T23:02:52+05:30
2003-08-26,SMD-0032,BANKINDIA,NSE:BANKINDIA-EQ,46.0,47.9,46.0,47.65,909389,FYERS_HISTORY,2026-08-08T23:02:52+05:30
2003-08-27,SMD-0032,BANKINDIA,NSE:BANKINDIA-EQ,48.85,54.75,47.65,54.25,10754099,FYERS_HISTORY,2026-08-08T23:02:52+05:30
2003-08-28,SMD-0032,BANKINDIA,NSE:BANKINDIA-EQ,55.6,55.6,52.0,52.7,6621691,FYERS_HISTORY,2026-08-08T23:02:52+05:30
2003-08-29,SMD-0032,BANKINDIA,NSE:BANKINDIA-EQ,54.1,55.3,51.45,53.75,7440203,FYERS_HISTORY,2026-08-08T23:02:52+05:30
2003-09-01,SMD-0032,BANKINDIA,NSE:BANKINDIA-EQ,53.5,58.75,53.5,57.2,8544596,FYERS_HISTORY,2026-08-08T23:02:52+05:30
2003-09-02,SMD-0032,BANKINDIA,NSE:BANKINDIA-EQ,57.75,59.8,56.05,59.35,8297235,FYERS_HISTORY,2026-08-08T23:02:52+05:30
2003-09-03,SMD-0032,BANKINDIA,NSE:BANKINDIA-EQ,60.0,60.8,56.15,56.85,6538219,FYERS_HISTORY,2026-08-08T23:02:52+05:30
2003-09-04,SMD-0032,BANKINDIA,NSE:BANKINDIA-EQ,57.4,58.3,54.5,55.5,3858967,FYERS_HISTORY,2026-08-08T23:02:52+05:30
2003-09-05,SMD-0032,BANKINDIA,NSE:BANKINDIA-EQ,56.4,57.8,55.5,57.2,3411364,FYERS_HISTORY,2026-08-08T23:02:52+05:30
2003-09-08,SMD-0032,BANKINDIA,NSE:BANKINDIA-EQ,57.65,59.0,57.3,57.9,2264030,FYERS_HISTORY,2026-08-08T23:02:52+05:30
2003-09-09,SMD-0032,BANKINDIA,NSE:BANKINDIA-EQ,58.5,58.6,55.3,56.15,1600199,FYERS_HISTORY,2026-08-08T23:02:52+05:30
2003-09-10,SMD-0032,BANKINDIA,NSE:BANKINDIA-EQ,56.0,57.55,55.5,57.3,2360919,FYERS_HISTORY,2026-08-08T23:02:52+05:30
2003-09-11,SMD-0032,BANKINDIA,NSE:BANKINDIA-EQ,57.3,58.75,56.05,57.85,2919741,FYERS_HISTORY,2026-08-08T23:02:52+05:30
2003-09-12,SMD-0032,BANKINDIA,NSE:BANKINDIA-EQ,58.4,58.6,55.55,55.8,1870468,FYERS_HISTORY,2026-08-08T23:02:52+05:30
2003-09-15,SMD-0032,BANKINDIA,NSE:BANKINDIA-EQ,56.0,56.1,52.5,52.95,1554320,FYERS_HISTORY,2026-08-08T23:02:52+05:30
2003-09-16,SMD-0032,BANKINDIA,NSE:BANKINDIA-EQ,52.9,54.45,51.55,54.05,1690187,FYERS_HISTORY,2026-08-08T23:02:52+05:30
2003-09-17,SMD-0032,BANKINDIA,NSE:BANKINDIA-EQ,54.75,55.35,52.85,53.45,1820762,FYERS_HISTORY,2026-08-08T23:02:52+05:30
2003-09-18,SMD-0032,BANKINDIA,NSE:BANKINDIA-EQ,53.6,53.6,49.05,49.7,2186035,FYERS_HISTORY,2026-08-08T23:02:52+05:30
2003-09-19,SMD-0032,BANKINDIA,NSE:BANKINDIA-EQ,50.0,50.9,47.55,49.4,2781735,FYERS_HISTORY,2026-08-08T23:02:52+05:30
2003-09-22,SMD-0032,BANKINDIA,NSE:BANKINDIA-EQ,50.0,50.4,48.5,48.65,1227951,FYERS_HISTORY,2026-08-08T23:02:52+05:30
2003-09-23,SMD-0032,BANKINDIA,NSE:BANKINDIA-EQ,48.5,49.5,47.7,49.3,1395162,FYERS_HISTORY,2026-08-08T23:02:52+05:30
2003-09-24,SMD-0032,BANKINDIA,NSE:BANKINDIA-EQ,49.75,51.55,49.2,51.3,1639491,FYERS_HISTORY,2026-08-08T23:02:52+05:30
2003-09-25,SMD-0032,BANKINDIA,NSE:BANKINDIA-EQ,51.0,52.25,49.8,50.3,2564756,FYERS_HISTORY,2026-08-08T23:02:52+05:30
2003-09-26,SMD-0032,BANKINDIA,NSE:BANKINDIA-EQ,50.5,52.0,50.0,51.85,1764095,FYERS_HISTORY,2026-08-08T23:02:52+05:30
2003-09-29,SMD-0032,BANKINDIA,NSE:BANKINDIA-EQ,52.3,53.75,52.15,53.4,2091364,FYERS_HISTORY,2026-08-08T23:02:52+05:30
2003-09-30,SMD-0032,BANKINDIA,NSE:BANKINDIA-EQ,54.0,54.75,53.3,54.45,1969909,FYERS_HISTORY,2026-08-08T23:02:52+05:30
2003-10-01,SMD-0032,BANKINDIA,NSE:BANKINDIA-EQ,54.8,54.9,53.3,53.65,1598996,FYERS_HISTORY,2026-08-08T23:02:52+05:30
2003-10-03,SMD-0032,BANKINDIA,NSE:BANKINDIA-EQ,54.0,54.8,53.85,54.15,844419,FYERS_HISTORY,2026-08-08T23:02:52+05:30
2003-10-06,SMD-0032,BANKINDIA,NSE:BANKINDIA-EQ,54.5,55.35,54.25,55.05,1340964,FYERS_HISTORY,2026-08-08T23:02:52+05:30
2003-10-07,SMD-0032,BANKINDIA,NSE:BANKINDIA-EQ,55.9,55.9,54.1,54.25,1316665,FYERS_HISTORY,2026-08-08T23:02:52+05:30
2003-10-08,SMD-0032,BANKINDIA,NSE:BANKINDIA-EQ,54.5,56.7,54.25,56.2,2840209,FYERS_HISTORY,2026-08-08T23:02:52+05:30
2003-10-09,SMD-0032,BANKINDIA,NSE:BANKINDIA-EQ,56.9,59.5,56.55,59.05,4909900,FYERS_HISTORY,2026-08-08T23:02:52+05:30
2003-10-10,SMD-0032,BANKINDIA,NSE:BANKINDIA-EQ,59.8,59.95,57.55,57.65,2117481,FYERS_HISTORY,2026-08-08T23:02:52+05:30
2003-10-13,SMD-0032,BANKINDIA,NSE:BANKINDIA-EQ,55.0,58.5,55.0,58.1,2469946,FYERS_HISTORY,2026-08-08T23:02:52+05:30
2003-10-14,SMD-0032,BANKINDIA,NSE:BANKINDIA-EQ,58.45,58.6,56.3,56.7,2045435,FYERS_HISTORY,2026-08-08T23:02:52+05:30
2003-10-15,SMD-0032,BANKINDIA,NSE:BANKINDIA-EQ,56.65,57.6,55.9,56.95,1516591,FYERS_HISTORY,2026-08-08T23:02:52+05:30
2003-10-16,SMD-0032,BANKINDIA,NSE:BANKINDIA-EQ,57.5,60.15,57.25,59.8,4451156,FYERS_HISTORY,2026-08-08T23:02:52+05:30
2003-10-17,SMD-0032,BANKINDIA,NSE:BANKINDIA-EQ,60.1,64.15,60.0,63.05,7977111,FYERS_HISTORY,2026-08-08T23:02:52+05:30
2003-10-20,SMD-0032,BANKINDIA,NSE:BANKINDIA-EQ,63.85,64.75,61.55,62.0,4530711,FYERS_HISTORY,2026-08-08T23:02:52+05:30
2003-10-21,SMD-0032,BANKINDIA,NSE:BANKINDIA-EQ,62.45,64.9,61.7,62.8,8347056,FYERS_HISTORY,2026-08-08T23:02:52+05:30
2003-10-22,SMD-0032,BANKINDIA,NSE:BANKINDIA-EQ,63.2,65.8,62.4,64.6,5767062,FYERS_HISTORY,2026-08-08T23:02:52+05:30
2003-10-23,SMD-0032,BANKINDIA,NSE:BANKINDIA-EQ,65.25,66.45,64.5,65.1,5741095,FYERS_HISTORY,2026-08-08T23:02:52+05:30
2003-10-24,SMD-0032,BANKINDIA,NSE:BANKINDIA-EQ,65.6,67.8,61.3,67.15,7617357,FYERS_HISTORY,2026-08-08T23:02:52+05:30
2003-10-25,SMD-0032,BANKINDIA,NSE:BANKINDIA-EQ,68.0,69.65,67.75,69.35,2731389,FYERS_HISTORY,2026-08-08T23:02:52+05:30
2003-10-27,SMD-0032,BANKINDIA,NSE:BANKINDIA-EQ,69.8,69.9,66.5,67.05,4019383,FYERS_HISTORY,2026-08-08T23:02:52+05:30
2003-10-28,SMD-0032,BANKINDIA,NSE:BANKINDIA-EQ,67.0,67.2,63.6,64.15,3553200,FYERS_HISTORY,2026-08-08T23:02:52+05:30
2003-10-29,SMD-0032,BANKINDIA,NSE:BANKINDIA-EQ,65.0,65.9,60.8,62.25,5877260,FYERS_HISTORY,2026-08-08T23:02:52+05:30
2003-10-30,SMD-0032,BANKINDIA,NSE:BANKINDIA-EQ,62.6,62.95,60.2,60.75,4173681,FYERS_HISTORY,2026-08-08T23:02:52+05:30
2003-10-31,SMD-0032,BANKINDIA,NSE:BANKINDIA-EQ,61.5,62.65,60.8,62.1,2663470,FYERS_HISTORY,2026-08-08T23:02:52+05:30
2003-11-03,SMD-0032,BANKINDIA,NSE:BANKINDIA-EQ,63.0,63.2,61.1,61.4,2102923,FYERS_HISTORY,2026-08-08T23:02:52+05:30
2003-11-04,SMD-0032,BANKINDIA,NSE:BANKINDIA-EQ,61.6,63.4,61.4,62.1,1715836,FYERS_HISTORY,2026-08-08T23:02:52+05:30
2003-11-05,SMD-0032,BANKINDIA,NSE:BANKINDIA-EQ,62.05,63.0,61.55,62.0,1649123,FYERS_HISTORY,2026-08-08T23:02:52+05:30
2003-11-06,SMD-0032,BANKINDIA,NSE:BANKINDIA-EQ,62.4,62.6,61.5,61.65,898177,FYERS_HISTORY,2026-08-08T23:02:52+05:30
2003-11-07,SMD-0032,BANKINDIA,NSE:BANKINDIA-EQ,62.0,62.25,60.8,61.15,758380,FYERS_HISTORY,2026-08-08T23:02:52+05:30
2003-11-10,SMD-0032,BANKINDIA,NSE:BANKINDIA-EQ,62.0,62.0,60.4,60.95,319978,FYERS_HISTORY,2026-08-08T23:02:52+05:30
2003-11-11,SMD-0032,BANKINDIA,NSE:BANKINDIA-EQ,61.0,61.8,60.85,61.25,798517,FYERS_HISTORY,2026-08-08T23:02:52+05:30
2003-11-12,SMD-0032,BANKINDIA,NSE:BANKINDIA-EQ,61.5,63.1,61.4,62.25,1610731,FYERS_HISTORY,2026-08-08T23:02:52+05:30
2003-11-13,SMD-0032,BANKINDIA,NSE:BANKINDIA-EQ,62.65,63.2,60.1,60.75,887056,FYERS_HISTORY,2026-08-08T23:02:52+05:30
2003-11-14,SMD-0032,BANKINDIA,NSE:BANKINDIA-EQ,60.15,60.75,58.05,58.4,1049722,FYERS_HISTORY,2026-08-08T23:02:52+05:30
2003-11-15,SMD-0032,BANKINDIA,NSE:BANKINDIA-EQ,58.7,58.7,57.5,58.25,262209,FYERS_HISTORY,2026-08-08T23:02:52+05:30
2003-11-17,SMD-0032,BANKINDIA,NSE:BANKINDIA-EQ,58.6,58.75,57.85,58.5,688284,FYERS_HISTORY,2026-08-08T23:02:52+05:30
2003-11-18,SMD-0032,BANKINDIA,NSE:BANKINDIA-EQ,58.6,59.6,57.8,58.1,531324,FYERS_HISTORY,2026-08-08T23:02:52+05:30
2003-11-19,SMD-0032,BANKINDIA,NSE:BANKINDIA-EQ,58.25,58.5,56.65,57.05,547686,FYERS_HISTORY,2026-08-08T23:02:52+05:30
2003-11-20,SMD-0032,BANKINDIA,NSE:BANKINDIA-EQ,57.0,57.7,54.15,54.95,632579,FYERS_HISTORY,2026-08-08T23:02:52+05:30
2003-11-21,SMD-0032,BANKINDIA,NSE:BANKINDIA-EQ,54.5,55.0,52.6,54.0,874732,FYERS_HISTORY,2026-08-08T23:02:52+05:30
2003-11-24,SMD-0032,BANKINDIA,NSE:BANKINDIA-EQ,55.7,55.7,54.4,54.85,612938,FYERS_HISTORY,2026-08-08T23:02:52+05:30
2003-11-25,SMD-0032,BANKINDIA,NSE:BANKINDIA-EQ,55.7,55.95,55.05,55.75,514799,FYERS_HISTORY,2026-08-08T23:02:52+05:30
2003-11-27,SMD-0032,BANKINDIA,NSE:BANKINDIA-EQ,56.35,56.85,55.35,55.65,1255744,FYERS_HISTORY,2026-08-08T23:02:52+05:30
2003-11-28,SMD-0032,BANKINDIA,NSE:BANKINDIA-EQ,56.1,56.8,55.5,56.5,933179,FYERS_HISTORY,2026-08-08T23:02:52+05:30
2003-12-01,SMD-0032,BANKINDIA,NSE:BANKINDIA-EQ,57.0,57.3,56.5,56.6,618972,FYERS_HISTORY,2026-08-08T23:02:52+05:30
2003-12-02,SMD-0032,BANKINDIA,NSE:BANKINDIA-EQ,56.8,58.2,56.25,57.5,1014638,FYERS_HISTORY,2026-08-08T23:02:52+05:30
2003-12-03,SMD-0032,BANKINDIA,NSE:BANKINDIA-EQ,58.0,58.5,57.55,57.75,623775,FYERS_HISTORY,2026-08-08T23:02:52+05:30
2003-12-04,SMD-0032,BANKINDIA,NSE:BANKINDIA-EQ,58.0,59.5,57.75,59.2,1195464,FYERS_HISTORY,2026-08-08T23:02:52+05:30
2003-12-05,SMD-0032,BANKINDIA,NSE:BANKINDIA-EQ,59.5,59.95,58.35,58.55,1252581,FYERS_HISTORY,2026-08-08T23:02:52+05:30
2003-12-08,SMD-0032,BANKINDIA,NSE:BANKINDIA-EQ,58.5,59.0,57.25,57.5,1544432,FYERS_HISTORY,2026-08-08T23:02:52+05:30
2003-12-09,SMD-0032,BANKINDIA,NSE:BANKINDIA-EQ,58.0,58.15,57.4,57.6,1053334,FYERS_HISTORY,2026-08-08T23:02:52+05:30
2003-12-10,SMD-0032,BANKINDIA,NSE:BANKINDIA-EQ,57.85,58.15,57.5,57.7,675503,FYERS_HISTORY,2026-08-08T23:02:52+05:30
2003-12-11,SMD-0032,BANKINDIA,NSE:BANKINDIA-EQ,57.9,58.9,57.5,58.6,996805,FYERS_HISTORY,2026-08-08T23:02:52+05:30
2003-12-12,SMD-0032,BANKINDIA,NSE:BANKINDIA-EQ,59.5,60.3,58.7,59.3,1051329,FYERS_HISTORY,2026-08-08T23:02:52+05:30
2003-12-15,SMD-0032,BANKINDIA,NSE:BANKINDIA-EQ,59.6,60.1,59.2,59.6,806666,FYERS_HISTORY,2026-08-08T23:02:52+05:30
2003-12-16,SMD-0032,BANKINDIA,NSE:BANKINDIA-EQ,59.8,59.8,57.75,58.3,748927,FYERS_HISTORY,2026-08-08T23:02:52+05:30
2003-12-17,SMD-0032,BANKINDIA,NSE:BANKINDIA-EQ,58.9,59.4,57.55,57.85,414076,FYERS_HISTORY,2026-08-08T23:02:52+05:30
2003-12-18,SMD-0032,BANKINDIA,NSE:BANKINDIA-EQ,57.25,58.4,57.25,57.95,541717,FYERS_HISTORY,2026-08-08T23:02:52+05:30
2003-12-19,SMD-0032,BANKINDIA,NSE:BANKINDIA-EQ,58.6,59.1,58.25,58.75,914111,FYERS_HISTORY,2026-08-08T23:02:52+05:30
2003-12-22,SMD-0032,BANKINDIA,NSE:BANKINDIA-EQ,59.4,62.35,58.95,61.9,2594715,FYERS_HISTORY,2026-08-08T23:02:52+05:30
2003-12-23,SMD-0032,BANKINDIA,NSE:BANKINDIA-EQ,62.8,62.8,60.75,61.15,1698618,FYERS_HISTORY,2026-08-08T23:02:52+05:30
2003-12-24,SMD-0032,BANKINDIA,NSE:BANKINDIA-EQ,62.25,62.65,60.7,61.25,3666859,FYERS_HISTORY,2026-08-08T23:02:52+05:30
2003-12-26,SMD-0032,BANKINDIA,NSE:BANKINDIA-EQ,61.9,64.2,61.85,63.75,2284912,FYERS_HISTORY,2026-08-08T23:02:52+05:30
2003-12-29,SMD-0032,BANKINDIA,NSE:BANKINDIA-EQ,64.45,65.75,64.0,65.45,1923261,FYERS_HISTORY,2026-08-08T23:02:52+05:30
2003-12-30,SMD-0032,BANKINDIA,NSE:BANKINDIA-EQ,66.05,67.0,64.0,65.75,3127249,FYERS_HISTORY,2026-08-08T23:02:52+05:30
2003-12-31,SMD-0032,BANKINDIA,NSE:BANKINDIA-EQ,66.0,66.7,65.05,66.0,1622541,FYERS_HISTORY,2026-08-08T23:02:53+05:30
2004-01-01,SMD-0032,BANKINDIA,NSE:BANKINDIA-EQ,66.65,69.7,66.5,69.2,2674591,FYERS_HISTORY,2026-08-08T23:02:53+05:30
2004-01-02,SMD-0032,BANKINDIA,NSE:BANKINDIA-EQ,73.5,73.5,70.0,71.4,4057519,FYERS_HISTORY,2026-08-08T23:02:53+05:30
2004-01-05,SMD-0032,BANKINDIA,NSE:BANKINDIA-EQ,72.0,74.4,71.4,73.8,4094770,FYERS_HISTORY,2026-08-08T23:02:53+05:30
2004-01-06,SMD-0032,BANKINDIA,NSE:BANKINDIA-EQ,72.9,75.15,71.15,72.3,5279131,FYERS_HISTORY,2026-08-08T23:02:53+05:30
2004-01-07,SMD-0032,BANKINDIA,NSE:BANKINDIA-EQ,73.0,73.1,69.35,70.25,2499226,FYERS_HISTORY,2026-08-08T23:02:53+05:30
2004-01-08,SMD-0032,BANKINDIA,NSE:BANKINDIA-EQ,73.0,73.8,71.0,73.2,2380320,FYERS_HISTORY,2026-08-08T23:02:53+05:30
2004-01-09,SMD-0032,BANKINDIA,NSE:BANKINDIA-EQ,75.0,77.9,73.2,75.3,5196837,FYERS_HISTORY,2026-08-08T23:02:53+05:30
2004-01-12,SMD-0032,BANKINDIA,NSE:BANKINDIA-EQ,76.4,77.5,74.1,75.25,3821156,FYERS_HISTORY,2026-08-08T23:02:53+05:30
2004-01-13,SMD-0032,BANKINDIA,NSE:BANKINDIA-EQ,75.75,78.35,75.0,76.55,2833104,FYERS_HISTORY,2026-08-08T23:02:53+05:30
2004-01-14,SMD-0032,BANKINDIA,NSE:BANKINDIA-EQ,77.5,79.35,77.2,78.7,4102108,FYERS_HISTORY,2026-08-08T23:02:53+05:30
2004-01-15,SMD-0032,BANKINDIA,NSE:BANKINDIA-EQ,80.8,80.9,75.5,76.2,3561976,FYERS_HISTORY,2026-08-08T23:02:53+05:30
2004-01-16,SMD-0032,BANKINDIA,NSE:BANKINDIA-EQ,76.4,76.45,70.2,71.4,2505852,FYERS_HISTORY,2026-08-08T23:02:53+05:30
2004-01-19,SMD-0032,BANKINDIA,NSE:BANKINDIA-EQ,72.0,73.8,67.35,72.75,2570779,FYERS_HISTORY,2026-08-08T23:02:53+05:30
2004-01-20,SMD-0032,BANKINDIA,NSE:BANKINDIA-EQ,74.9,74.9,68.25,69.15,2677035,FYERS_HISTORY,2026-08-08T23:02:53+05:30
2004-01-21,SMD-0032,BANKINDIA,NSE:BANKINDIA-EQ,68.8,68.9,60.3,61.9,2724329,FYERS_HISTORY,2026-08-08T23:02:53+05:30
2004-01-22,SMD-0032,BANKINDIA,NSE:BANKINDIA-EQ,62.5,64.0,58.0,59.6,3141223,FYERS_HISTORY,2026-08-08T23:02:53+05:30
2004-01-23,SMD-0032,BANKINDIA,NSE:BANKINDIA-EQ,60.9,66.0,60.5,65.55,2698419,FYERS_HISTORY,2026-08-08T23:02:53+05:30
2004-01-27,SMD-0032,BANKINDIA,NSE:BANKINDIA-EQ,66.5,69.9,65.75,69.65,2338471,FYERS_HISTORY,2026-08-08T23:02:53+05:30
2004-01-28,SMD-0032,BANKINDIA,NSE:BANKINDIA-EQ,70.0,70.0,65.55,66.25,3610585,FYERS_HISTORY,2026-08-08T23:02:53+05:30
2004-01-29,SMD-0032,BANKINDIA,NSE:BANKINDIA-EQ,66.95,68.5,65.4,66.35,6485724,FYERS_HISTORY,2026-08-08T23:02:53+05:30
2004-01-30,SMD-0032,BANKINDIA,NSE:BANKINDIA-EQ,67.35,67.8,64.0,64.5,2542070,FYERS_HISTORY,2026-08-08T23:02:53+05:30
2004-02-03,SMD-0032,BANKINDIA,NSE:BANKINDIA-EQ,65.0,65.0,56.7,57.8,2905524,FYERS_HISTORY,2026-08-08T23:02:53+05:30
2004-02-04,SMD-0032,BANKINDIA,NSE:BANKINDIA-EQ,57.95,63.25,57.3,62.75,2914016,FYERS_HISTORY,2026-08-08T23:02:53+05:30
2004-02-05,SMD-0032,BANKINDIA,NSE:BANKINDIA-EQ,61.0,64.4,61.0,61.9,2113484,FYERS_HISTORY,2026-08-08T23:02:53+05:30
2004-02-06,SMD-0032,BANKINDIA,NSE:BANKINDIA-EQ,62.9,65.2,62.0,64.65,1963354,FYERS_HISTORY,2026-08-08T23:02:53+05:30
2004-02-09,SMD-0032,BANKINDIA,NSE:BANKINDIA-EQ,66.0,68.2,65.0,67.7,2614379,FYERS_HISTORY,2026-08-08T23:02:53+05:30
2004-02-10,SMD-0032,BANKINDIA,NSE:BANKINDIA-EQ,68.0,69.2,66.05,68.55,3214906,FYERS_HISTORY,2026-08-08T23:02:53+05:30
2004-02-11,SMD-0032,BANKINDIA,NSE:BANKINDIA-EQ,69.15,69.25,67.75,68.8,2280529,FYERS_HISTORY,2026-08-08T23:02:53+05:30
2004-02-12,SMD-0032,BANKINDIA,NSE:BANKINDIA-EQ,69.0,69.25,67.9,68.95,2185829,FYERS_HISTORY,2026-08-08T23:02:53+05:30
2004-02-13,SMD-0032,BANKINDIA,NSE:BANKINDIA-EQ,67.4,67.4,65.9,66.95,1456987,FYERS_HISTORY,2026-08-08T23:02:53+05:30
2004-02-16,SMD-0032,BANKINDIA,NSE:BANKINDIA-EQ,67.8,68.55,66.55,68.05,2182903,FYERS_HISTORY,2026-08-08T23:02:53+05:30
2004-02-17,SMD-0032,BANKINDIA,NSE:BANKINDIA-EQ,68.25,68.6,67.45,67.85,1067538,FYERS_HISTORY,2026-08-08T23:02:53+05:30
2004-02-18,SMD-0032,BANKINDIA,NSE:BANKINDIA-EQ,67.9,68.3,67.3,67.5,763254,FYERS_HISTORY,2026-08-08T23:02:53+05:30
2004-02-19,SMD-0032,BANKINDIA,NSE:BANKINDIA-EQ,67.5,67.8,64.05,64.45,829290,FYERS_HISTORY,2026-08-08T23:02:53+05:30
2004-02-20,SMD-0032,BANKINDIA,NSE:BANKINDIA-EQ,64.5,68.0,62.7,66.55,1882010,FYERS_HISTORY,2026-08-08T23:02:53+05:30
2004-02-23,SMD-0032,BANKINDIA,NSE:BANKINDIA-EQ,67.25,67.35,63.0,63.45,1453091,FYERS_HISTORY,2026-08-08T23:02:53+05:30
2004-02-24,SMD-0032,BANKINDIA,NSE:BANKINDIA-EQ,63.0,67.35,55.75,65.55,1341548,FYERS_HISTORY,2026-08-08T23:02:53+05:30
2004-02-25,SMD-0032,BANKINDIA,NSE:BANKINDIA-EQ,65.9,65.9,63.55,64.0,1228933,FYERS_HISTORY,2026-08-08T23:02:53+05:30
2004-02-26,SMD-0032,BANKINDIA,NSE:BANKINDIA-EQ,64.45,65.25,59.55,60.8,2942117,FYERS_HISTORY,2026-08-08T23:02:53+05:30
2004-02-27,SMD-0032,BANKINDIA,NSE:BANKINDIA-EQ,61.6,62.0,60.1,61.55,2029688,FYERS_HISTORY,2026-08-08T23:02:53+05:30
2004-03-01,SMD-0032,BANKINDIA,NSE:BANKINDIA-EQ,61.75,63.6,61.75,63.35,1248948,FYERS_HISTORY,2026-08-08T23:02:53+05:30
2004-03-03,SMD-0032,BANKINDIA,NSE:BANKINDIA-EQ,63.8,63.8,62.6,62.85,1043817,FYERS_HISTORY,2026-08-08T23:02:53+05:30
2004-03-04,SMD-0032,BANKINDIA,NSE:BANKINDIA-EQ,62.55,63.9,61.4,61.95,1804411,FYERS_HISTORY,2026-08-08T23:02:53+05:30
2004-03-05,SMD-0032,BANKINDIA,NSE:BANKINDIA-EQ,61.95,63.4,61.85,63.1,1042850,FYERS_HISTORY,2026-08-08T23:02:53+05:30
2004-03-08,SMD-0032,BANKINDIA,NSE:BANKINDIA-EQ,63.5,64.7,63.2,64.05,2436552,FYERS_HISTORY,2026-08-08T23:02:53+05:30
2004-03-09,SMD-0032,BANKINDIA,NSE:BANKINDIA-EQ,64.0,64.65,61.9,63.25,2814261,FYERS_HISTORY,2026-08-08T23:02:53+05:30
2004-03-10,SMD-0032,BANKINDIA,NSE:BANKINDIA-EQ,62.85,62.85,61.5,61.85,2010830,FYERS_HISTORY,2026-08-08T23:02:53+05:30
2004-03-11,SMD-0032,BANKINDIA,NSE:BANKINDIA-EQ,61.05,61.95,60.7,60.95,975580,FYERS_HISTORY,2026-08-08T23:02:53+05:30
2004-03-12,SMD-0032,BANKINDIA,NSE:BANKINDIA-EQ,60.15,61.7,59.0,61.15,1299668,FYERS_HISTORY,2026-08-08T23:02:53+05:30
2004-03-15,SMD-0032,BANKINDIA,NSE:BANKINDIA-EQ,61.85,62.0,57.95,58.7,1226035,FYERS_HISTORY,2026-08-08T23:02:53+05:30
2004-03-16,SMD-0032,BANKINDIA,NSE:BANKINDIA-EQ,58.05,59.3,57.15,57.65,1401855,FYERS_HISTORY,2026-08-08T23:02:53+05:30
2004-03-17,SMD-0032,BANKINDIA,NSE:BANKINDIA-EQ,58.4,58.75,57.8,58.45,1006816,FYERS_HISTORY,2026-08-08T23:02:53+05:30
2004-03-18,SMD-0032,BANKINDIA,NSE:BANKINDIA-EQ,59.0,59.45,57.45,57.8,791802,FYERS_HISTORY,2026-08-08T23:02:53+05:30
2004-03-19,SMD-0032,BANKINDIA,NSE:BANKINDIA-EQ,58.4,58.55,57.45,58.3,681602,FYERS_HISTORY,2026-08-08T23:02:53+05:30
2004-03-22,SMD-0032,BANKINDIA,NSE:BANKINDIA-EQ,54.6,55.5,50.1,52.0,2336018,FYERS_HISTORY,2026-08-08T23:02:53+05:30
2004-03-23,SMD-0032,BANKINDIA,NSE:BANKINDIA-EQ,50.5,52.25,49.2,50.6,1850053,FYERS_HISTORY,2026-08-08T23:02:53+05:30
2004-03-24,SMD-0032,BANKINDIA,NSE:BANKINDIA-EQ,51.0,52.2,50.15,51.4,1307563,FYERS_HISTORY,2026-08-08T23:02:53+05:30
2004-03-25,SMD-0032,BANKINDIA,NSE:BANKINDIA-EQ,51.25,53.3,51.25,51.65,2560038,FYERS_HISTORY,2026-08-08T23:02:53+05:30
2004-03-26,SMD-0032,BANKINDIA,NSE:BANKINDIA-EQ,52.8,55.5,52.6,55.1,1511112,FYERS_HISTORY,2026-08-08T23:02:53+05:30
2004-03-29,SMD-0032,BANKINDIA,NSE:BANKINDIA-EQ,56.0,58.45,55.35,57.65,1622000,FYERS_HISTORY,2026-08-08T23:02:53+05:30
2004-03-30,SMD-0032,BANKINDIA,NSE:BANKINDIA-EQ,58.6,59.8,57.85,58.55,1919052,FYERS_HISTORY,2026-08-08T23:02:53+05:30
2004-03-31,SMD-0032,BANKINDIA,NSE:BANKINDIA-EQ,58.8,59.75,57.9,58.9,951876,FYERS_HISTORY,2026-08-08T23:02:53+05:30
2004-04-01,SMD-0032,BANKINDIA,NSE:BANKINDIA-EQ,58.2,62.8,58.2,61.75,2233716,FYERS_HISTORY,2026-08-08T23:02:53+05:30
2004-04-02,SMD-0032,BANKINDIA,NSE:BANKINDIA-EQ,62.0,69.4,61.75,68.55,5513204,FYERS_HISTORY,2026-08-08T23:02:53+05:30
2004-04-05,SMD-0032,BANKINDIA,NSE:BANKINDIA-EQ,60.0,69.4,60.0,67.25,2193330,FYERS_HISTORY,2026-08-08T23:02:53+05:30
2004-04-06,SMD-0032,BANKINDIA,NSE:BANKINDIA-EQ,67.25,67.5,64.4,65.8,1417372,FYERS_HISTORY,2026-08-08T23:02:53+05:30
2004-04-07,SMD-0032,BANKINDIA,NSE:BANKINDIA-EQ,66.0,67.0,65.05,65.55,1222952,FYERS_HISTORY,2026-08-08T23:02:53+05:30
2004-04-08,SMD-0032,BANKINDIA,NSE:BANKINDIA-EQ,65.95,68.55,64.6,67.55,2042366,FYERS_HISTORY,2026-08-08T23:02:53+05:30
2004-04-12,SMD-0032,BANKINDIA,NSE:BANKINDIA-EQ,68.0,68.5,66.25,66.6,888679,FYERS_HISTORY,2026-08-08T23:02:53+05:30
2004-04-13,SMD-0032,BANKINDIA,NSE:BANKINDIA-EQ,67.05,69.9,65.2,69.35,1342878,FYERS_HISTORY,2026-08-08T23:02:53+05:30
2004-04-15,SMD-0032,BANKINDIA,NSE:BANKINDIA-EQ,72.0,73.4,68.75,72.0,3628109,FYERS_HISTORY,2026-08-08T23:02:53+05:30
2004-04-16,SMD-0032,BANKINDIA,NSE:BANKINDIA-EQ,72.7,75.3,72.2,74.9,3419636,FYERS_HISTORY,2026-08-08T23:02:53+05:30
2004-04-17,SMD-0032,BANKINDIA,NSE:BANKINDIA-EQ,75.3,77.35,74.0,76.75,1452748,FYERS_HISTORY,2026-08-08T23:02:53+05:30
2004-04-19,SMD-0032,BANKINDIA,NSE:BANKINDIA-EQ,77.2,80.75,75.0,79.35,6738024,FYERS_HISTORY,2026-08-08T23:02:53+05:30
2004-04-20,SMD-0032,BANKINDIA,NSE:BANKINDIA-EQ,79.75,80.25,76.0,77.1,3360424,FYERS_HISTORY,2026-08-08T23:02:53+05:30
2004-04-21,SMD-0032,BANKINDIA,NSE:BANKINDIA-EQ,78.0,78.45,74.1,78.1,2960402,FYERS_HISTORY,2026-08-08T23:02:53+05:30
2004-04-22,SMD-0032,BANKINDIA,NSE:BANKINDIA-EQ,78.0,81.75,77.5,80.9,4624061,FYERS_HISTORY,2026-08-08T23:02:53+05:30
2004-04-23,SMD-0032,BANKINDIA,NSE:BANKINDIA-EQ,81.5,83.7,79.85,80.75,3747579,FYERS_HISTORY,2026-08-08T23:02:53+05:30
2004-04-27,SMD-0032,BANKINDIA,NSE:BANKINDIA-EQ,77.55,79.0,71.7,72.3,2651609,FYERS_HISTORY,2026-08-08T23:02:53+05:30
2004-04-28,SMD-0032,BANKINDIA,NSE:BANKINDIA-EQ,71.5,72.8,67.55,71.5,4162195,FYERS_HISTORY,2026-08-08T23:02:53+05:30
2004-04-29,SMD-0032,BANKINDIA,NSE:BANKINDIA-EQ,70.2,73.35,70.2,72.25,3102291,FYERS_HISTORY,2026-08-08T23:02:53+05:30
2004-04-30,SMD-0032,BANKINDIA,NSE:BANKINDIA-EQ,72.5,73.25,70.2,70.95,1454132,FYERS_HISTORY,2026-08-08T23:02:53+05:30
2004-05-03,SMD-0032,BANKINDIA,NSE:BANKINDIA-EQ,71.6,71.6,65.25,68.25,1697747,FYERS_HISTORY,2026-08-08T23:02:53+05:30
2004-05-04,SMD-0032,BANKINDIA,NSE:BANKINDIA-EQ,68.9,75.35,68.5,74.25,3591935,FYERS_HISTORY,2026-08-08T23:02:53+05:30
2004-05-05,SMD-0032,BANKINDIA,NSE:BANKINDIA-EQ,74.9,76.0,72.7,73.6,2120401,FYERS_HISTORY,2026-08-08T23:02:53+05:30
2004-05-06,SMD-0032,BANKINDIA,NSE:BANKINDIA-EQ,74.25,76.7,74.25,75.1,1305349,FYERS_HISTORY,2026-08-08T23:02:53+05:30
2004-05-07,SMD-0032,BANKINDIA,NSE:BANKINDIA-EQ,74.5,78.25,73.15,76.9,2876155,FYERS_HISTORY,2026-08-08T23:02:53+05:30
2004-05-10,SMD-0032,BANKINDIA,NSE:BANKINDIA-EQ,74.0,78.3,73.0,77.45,3224423,FYERS_HISTORY,2026-08-08T23:02:53+05:30
2004-05-11,SMD-0032,BANKINDIA,NSE:BANKINDIA-EQ,75.4,77.3,73.35,75.3,2600636,FYERS_HISTORY,2026-08-08T23:02:53+05:30
2004-05-12,SMD-0032,BANKINDIA,NSE:BANKINDIA-EQ,74.5,76.5,70.1,72.25,2609383,FYERS_HISTORY,2026-08-08T23:02:53+05:30
2004-05-13,SMD-0032,BANKINDIA,NSE:BANKINDIA-EQ,61.0,73.9,60.0,68.2,2385882,FYERS_HISTORY,2026-08-08T23:02:53+05:30
2004-05-14,SMD-0032,BANKINDIA,NSE:BANKINDIA-EQ,71.0,71.0,55.5,57.1,3053226,FYERS_HISTORY,2026-08-08T23:02:53+05:30
2004-05-17,SMD-0032,BANKINDIA,NSE:BANKINDIA-EQ,57.0,57.0,45.7,49.15,1496292,FYERS_HISTORY,2026-08-08T23:02:53+05:30
2004-05-18,SMD-0032,BANKINDIA,NSE:BANKINDIA-EQ,49.2,57.6,45.65,56.85,1762314,FYERS_HISTORY,2026-08-08T23:02:53+05:30
2004-05-19,SMD-0032,BANKINDIA,NSE:BANKINDIA-EQ,57.9,63.75,57.9,63.05,2214184,FYERS_HISTORY,2026-08-08T23:02:53+05:30
2004-05-20,SMD-0032,BANKINDIA,NSE:BANKINDIA-EQ,63.4,65.0,60.6,61.8,2074224,FYERS_HISTORY,2026-08-08T23:02:53+05:30
2004-05-21,SMD-0032,BANKINDIA,NSE:BANKINDIA-EQ,60.55,66.2,58.2,65.0,3563776,FYERS_HISTORY,2026-08-08T23:02:53+05:30
2004-05-24,SMD-0032,BANKINDIA,NSE:BANKINDIA-EQ,66.6,66.8,62.1,62.6,1982403,FYERS_HISTORY,2026-08-08T23:02:53+05:30
2004-05-25,SMD-0032,BANKINDIA,NSE:BANKINDIA-EQ,61.9,63.0,60.25,61.9,1481161,FYERS_HISTORY,2026-08-08T23:02:53+05:30
2004-05-26,SMD-0032,BANKINDIA,NSE:BANKINDIA-EQ,60.65,63.6,60.65,62.15,1055126,FYERS_HISTORY,2026-08-08T23:02:53+05:30
2004-05-27,SMD-0032,BANKINDIA,NSE:BANKINDIA-EQ,60.65,62.45,60.35,61.45,1345057,FYERS_HISTORY,2026-08-08T23:02:53+05:30
2004-05-28,SMD-0032,BANKINDIA,NSE:BANKINDIA-EQ,61.1,61.1,56.5,56.75,1464782,FYERS_HISTORY,2026-08-08T23:02:53+05:30
2004-05-31,SMD-0032,BANKINDIA,NSE:BANKINDIA-EQ,56.55,56.6,52.1,54.3,1006536,FYERS_HISTORY,2026-08-08T23:02:53+05:30
2004-06-01,SMD-0032,BANKINDIA,NSE:BANKINDIA-EQ,54.55,56.4,54.55,55.1,728565,FYERS_HISTORY,2026-08-08T23:02:53+05:30
2004-06-02,SMD-0032,BANKINDIA,NSE:BANKINDIA-EQ,55.2,58.15,54.5,57.55,901390,FYERS_HISTORY,2026-08-08T23:02:53+05:30
2004-06-03,SMD-0032,BANKINDIA,NSE:BANKINDIA-EQ,58.6,60.85,56.25,56.75,1688349,FYERS_HISTORY,2026-08-08T23:02:53+05:30
2004-06-04,SMD-0032,BANKINDIA,NSE:BANKINDIA-EQ,58.9,58.9,54.5,55.45,2051720,FYERS_HISTORY,2026-08-08T23:02:53+05:30
2004-06-07,SMD-0032,BANKINDIA,NSE:BANKINDIA-EQ,56.75,56.9,55.3,55.85,1688569,FYERS_HISTORY,2026-08-08T23:02:53+05:30
2004-06-08,SMD-0032,BANKINDIA,NSE:BANKINDIA-EQ,56.4,56.75,54.55,54.95,1342945,FYERS_HISTORY,2026-08-08T23:02:53+05:30
2004-06-09,SMD-0032,BANKINDIA,NSE:BANKINDIA-EQ,55.0,55.7,54.4,54.6,2096305,FYERS_HISTORY,2026-08-08T23:02:53+05:30
2004-06-10,SMD-0032,BANKINDIA,NSE:BANKINDIA-EQ,54.85,55.1,54.05,54.45,998627,FYERS_HISTORY,2026-08-08T23:02:53+05:30
2004-06-11,SMD-0032,BANKINDIA,NSE:BANKINDIA-EQ,54.5,54.5,50.1,50.75,3130065,FYERS_HISTORY,2026-08-08T23:02:53+05:30
2004-06-14,SMD-0032,BANKINDIA,NSE:BANKINDIA-EQ,51.65,52.0,49.1,49.3,2912953,FYERS_HISTORY,2026-08-08T23:02:53+05:30
2004-06-15,SMD-0032,BANKINDIA,NSE:BANKINDIA-EQ,49.5,51.15,49.15,50.15,3640076,FYERS_HISTORY,2026-08-08T23:02:53+05:30
2004-06-16,SMD-0032,BANKINDIA,NSE:BANKINDIA-EQ,51.6,51.6,50.15,50.6,3153333,FYERS_HISTORY,2026-08-08T23:02:53+05:30
2004-06-17,SMD-0032,BANKINDIA,NSE:BANKINDIA-EQ,50.9,52.0,49.55,51.55,2064870,FYERS_HISTORY,2026-08-08T23:02:53+05:30
2004-06-18,SMD-0032,BANKINDIA,NSE:BANKINDIA-EQ,51.6,52.2,50.1,50.4,2367460,FYERS_HISTORY,2026-08-08T23:02:53+05:30
2004-06-21,SMD-0032,BANKINDIA,NSE:BANKINDIA-EQ,50.2,50.35,49.2,49.7,2145306,FYERS_HISTORY,2026-08-08T23:02:53+05:30
2004-06-22,SMD-0032,BANKINDIA,NSE:BANKINDIA-EQ,50.05,50.5,49.1,49.85,1190110,FYERS_HISTORY,2026-08-08T23:02:53+05:30
2004-06-23,SMD-0032,BANKINDIA,NSE:BANKINDIA-EQ,50.0,50.15,47.6,47.8,1342657,FYERS_HISTORY,2026-08-08T23:02:53+05:30
2004-06-24,SMD-0032,BANKINDIA,NSE:BANKINDIA-EQ,48.0,48.25,46.1,46.9,3027750,FYERS_HISTORY,2026-08-08T23:02:53+05:30
2004-06-25,SMD-0032,BANKINDIA,NSE:BANKINDIA-EQ,47.0,47.75,46.4,46.85,1815063,FYERS_HISTORY,2026-08-08T23:02:53+05:30
2004-06-28,SMD-0032,BANKINDIA,NSE:BANKINDIA-EQ,47.0,47.55,46.45,47.3,2925993,FYERS_HISTORY,2026-08-08T23:02:53+05:30
2004-06-29,SMD-0032,BANKINDIA,NSE:BANKINDIA-EQ,47.2,48.6,46.5,47.25,4291734,FYERS_HISTORY,2026-08-08T23:02:53+05:30
2004-06-30,SMD-0032,BANKINDIA,NSE:BANKINDIA-EQ,47.5,48.15,46.6,46.75,2304866,FYERS_HISTORY,2026-08-08T23:02:53+05:30
2004-07-01,SMD-0032,BANKINDIA,NSE:BANKINDIA-EQ,47.0,49.6,47.0,49.25,4200111,FYERS_HISTORY,2026-08-08T23:02:53+05:30
2004-07-02,SMD-0032,BANKINDIA,NSE:BANKINDIA-EQ,48.75,49.85,48.3,49.3,3475163,FYERS_HISTORY,2026-08-08T23:02:53+05:30
2004-07-05,SMD-0032,BANKINDIA,NSE:BANKINDIA-EQ,46.55,48.65,46.55,46.95,1819994,FYERS_HISTORY,2026-08-08T23:02:53+05:30
2004-07-06,SMD-0032,BANKINDIA,NSE:BANKINDIA-EQ,47.35,47.9,46.6,47.55,1598359,FYERS_HISTORY,2026-08-08T23:02:53+05:30
2004-07-07,SMD-0032,BANKINDIA,NSE:BANKINDIA-EQ,47.95,48.0,46.55,46.65,1631134,FYERS_HISTORY,2026-08-08T23:02:53+05:30
2004-07-08,SMD-0032,BANKINDIA,NSE:BANKINDIA-EQ,47.0,47.5,44.5,44.9,1926713,FYERS_HISTORY,2026-08-08T23:02:53+05:30
2004-07-09,SMD-0032,BANKINDIA,NSE:BANKINDIA-EQ,45.0,45.65,42.1,45.35,891484,FYERS_HISTORY,2026-08-08T23:02:53+05:30
2004-07-12,SMD-0032,BANKINDIA,NSE:BANKINDIA-EQ,45.5,47.4,45.05,47.15,1528515,FYERS_HISTORY,2026-08-08T23:02:53+05:30
2004-07-13,SMD-0032,BANKINDIA,NSE:BANKINDIA-EQ,47.7,47.7,46.0,46.35,445967,FYERS_HISTORY,2026-08-08T23:02:53+05:30
2004-07-14,SMD-0032,BANKINDIA,NSE:BANKINDIA-EQ,46.7,48.4,46.2,47.75,1780471,FYERS_HISTORY,2026-08-08T23:02:53+05:30
2004-07-15,SMD-0032,BANKINDIA,NSE:BANKINDIA-EQ,47.8,48.4,47.45,47.75,1182043,FYERS_HISTORY,2026-08-08T23:02:53+05:30
2004-07-16,SMD-0032,BANKINDIA,NSE:BANKINDIA-EQ,47.9,49.2,47.25,48.95,1714884,FYERS_HISTORY,2026-08-08T23:02:53+05:30
2004-07-19,SMD-0032,BANKINDIA,NSE:BANKINDIA-EQ,49.65,50.55,49.0,49.65,1953738,FYERS_HISTORY,2026-08-08T23:02:53+05:30
2004-07-20,SMD-0032,BANKINDIA,NSE:BANKINDIA-EQ,49.75,49.75,48.6,48.7,958718,FYERS_HISTORY,2026-08-08T23:02:53+05:30
2004-07-21,SMD-0032,BANKINDIA,NSE:BANKINDIA-EQ,49.0,49.55,48.4,49.05,833393,FYERS_HISTORY,2026-08-08T23:02:53+05:30
2004-07-22,SMD-0032,BANKINDIA,NSE:BANKINDIA-EQ,49.7,51.9,49.6,51.15,3129007,FYERS_HISTORY,2026-08-08T23:02:53+05:30
2004-07-23,SMD-0032,BANKINDIA,NSE:BANKINDIA-EQ,51.75,52.0,50.75,51.3,1639079,FYERS_HISTORY,2026-08-08T23:02:53+05:30
2004-07-26,SMD-0032,BANKINDIA,NSE:BANKINDIA-EQ,50.5,52.25,50.25,52.0,2229406,FYERS_HISTORY,2026-08-08T23:02:53+05:30
2004-07-27,SMD-0032,BANKINDIA,NSE:BANKINDIA-EQ,52.8,52.8,50.0,50.25,1740408,FYERS_HISTORY,2026-08-08T23:02:53+05:30
2004-07-28,SMD-0032,BANKINDIA,NSE:BANKINDIA-EQ,50.0,50.75,48.75,48.95,1616392,FYERS_HISTORY,2026-08-08T23:02:53+05:30
2004-07-29,SMD-0032,BANKINDIA,NSE:BANKINDIA-EQ,48.9,49.7,47.8,48.45,2627649,FYERS_HISTORY,2026-08-08T23:02:53+05:30
2004-07-30,SMD-0032,BANKINDIA,NSE:BANKINDIA-EQ,48.6,48.9,47.25,47.95,2034372,FYERS_HISTORY,2026-08-08T23:02:53+05:30
2004-08-02,SMD-0032,BANKINDIA,NSE:BANKINDIA-EQ,48.9,48.9,47.6,48.05,917888,FYERS_HISTORY,2026-08-08T23:02:53+05:30
2004-08-03,SMD-0032,BANKINDIA,NSE:BANKINDIA-EQ,48.3,49.25,48.05,48.6,1170701,FYERS_HISTORY,2026-08-08T23:02:53+05:30
2004-08-04,SMD-0032,BANKINDIA,NSE:BANKINDIA-EQ,47.55,49.0,47.55,48.9,1294521,FYERS_HISTORY,2026-08-08T23:02:53+05:30
2004-08-05,SMD-0032,BANKINDIA,NSE:BANKINDIA-EQ,49.0,50.0,48.95,49.8,1714920,FYERS_HISTORY,2026-08-08T23:02:53+05:30
2004-08-06,SMD-0032,BANKINDIA,NSE:BANKINDIA-EQ,49.8,50.35,49.1,49.35,1816916,FYERS_HISTORY,2026-08-08T23:02:53+05:30
2004-08-09,SMD-0032,BANKINDIA,NSE:BANKINDIA-EQ,49.05,49.8,48.55,49.7,1259829,FYERS_HISTORY,2026-08-08T23:02:53+05:30
2004-08-10,SMD-0032,BANKINDIA,NSE:BANKINDIA-EQ,50.1,50.3,48.8,49.15,1357114,FYERS_HISTORY,2026-08-08T23:02:53+05:30
2004-08-11,SMD-0032,BANKINDIA,NSE:BANKINDIA-EQ,48.2,49.25,47.0,47.15,918328,FYERS_HISTORY,2026-08-08T23:02:53+05:30
2004-08-12,SMD-0032,BANKINDIA,NSE:BANKINDIA-EQ,47.25,47.65,45.4,45.65,1266449,FYERS_HISTORY,2026-08-08T23:02:53+05:30
2004-08-13,SMD-0032,BANKINDIA,NSE:BANKINDIA-EQ,45.7,46.1,45.5,45.9,868552,FYERS_HISTORY,2026-08-08T23:02:53+05:30
2004-08-16,SMD-0032,BANKINDIA,NSE:BANKINDIA-EQ,46.0,46.4,45.5,46.0,458619,FYERS_HISTORY,2026-08-08T23:02:53+05:30
2004-08-17,SMD-0032,BANKINDIA,NSE:BANKINDIA-EQ,46.65,46.65,46.05,46.2,379076,FYERS_HISTORY,2026-08-08T23:02:53+05:30
2004-08-18,SMD-0032,BANKINDIA,NSE:BANKINDIA-EQ,46.4,46.7,45.3,45.6,464734,FYERS_HISTORY,2026-08-08T23:02:53+05:30
2004-08-19,SMD-0032,BANKINDIA,NSE:BANKINDIA-EQ,45.75,45.8,44.5,44.7,828893,FYERS_HISTORY,2026-08-08T23:02:53+05:30
2004-08-20,SMD-0032,BANKINDIA,NSE:BANKINDIA-EQ,45.0,45.15,44.05,44.9,629605,FYERS_HISTORY,2026-08-08T23:02:53+05:30
2004-08-23,SMD-0032,BANKINDIA,NSE:BANKINDIA-EQ,45.2,45.2,42.9,43.15,989391,FYERS_HISTORY,2026-08-08T23:02:53+05:30
2004-08-24,SMD-0032,BANKINDIA,NSE:BANKINDIA-EQ,43.65,43.65,42.9,43.0,597278,FYERS_HISTORY,2026-08-08T23:02:53+05:30
2004-08-25,SMD-0032,BANKINDIA,NSE:BANKINDIA-EQ,43.15,43.85,42.6,43.5,529728,FYERS_HISTORY,2026-08-08T23:02:53+05:30
2004-08-26,SMD-0032,BANKINDIA,NSE:BANKINDIA-EQ,43.8,46.9,43.7,44.3,1781546,FYERS_HISTORY,2026-08-08T23:02:53+05:30
2004-08-27,SMD-0032,BANKINDIA,NSE:BANKINDIA-EQ,44.5,45.25,44.3,44.85,757355,FYERS_HISTORY,2026-08-08T23:02:53+05:30
2004-08-30,SMD-0032,BANKINDIA,NSE:BANKINDIA-EQ,45.7,46.5,45.15,45.85,650664,FYERS_HISTORY,2026-08-08T23:02:53+05:30
2004-08-31,SMD-0032,BANKINDIA,NSE:BANKINDIA-EQ,46.9,46.9,44.5,45.7,435369,FYERS_HISTORY,2026-08-08T23:02:53+05:30
2004-09-01,SMD-0032,BANKINDIA,NSE:BANKINDIA-EQ,45.95,46.8,45.7,46.65,609962,FYERS_HISTORY,2026-08-08T23:02:53+05:30
2004-09-02,SMD-0032,BANKINDIA,NSE:BANKINDIA-EQ,47.0,48.05,46.9,47.45,1158245,FYERS_HISTORY,2026-08-08T23:02:53+05:30
2004-09-03,SMD-0032,BANKINDIA,NSE:BANKINDIA-EQ,47.7,48.1,47.15,47.75,1333515,FYERS_HISTORY,2026-08-08T23:02:53+05:30
2004-09-06,SMD-0032,BANKINDIA,NSE:BANKINDIA-EQ,48.0,49.0,48.0,48.25,1455692,FYERS_HISTORY,2026-08-08T23:02:53+05:30
2004-09-07,SMD-0032,BANKINDIA,NSE:BANKINDIA-EQ,48.5,48.7,46.0,48.3,787553,FYERS_HISTORY,2026-08-08T23:02:53+05:30
2004-09-08,SMD-0032,BANKINDIA,NSE:BANKINDIA-EQ,48.45,48.5,47.7,47.85,711510,FYERS_HISTORY,2026-08-08T23:02:53+05:30
2004-09-09,SMD-0032,BANKINDIA,NSE:BANKINDIA-EQ,47.75,48.1,46.5,46.65,875202,FYERS_HISTORY,2026-08-08T23:02:53+05:30
2004-09-10,SMD-0032,BANKINDIA,NSE:BANKINDIA-EQ,47.25,47.4,46.25,47.1,863532,FYERS_HISTORY,2026-08-08T23:02:53+05:30
2004-09-13,SMD-0032,BANKINDIA,NSE:BANKINDIA-EQ,47.5,47.5,46.0,46.35,515037,FYERS_HISTORY,2026-08-08T23:02:53+05:30
2004-09-14,SMD-0032,BANKINDIA,NSE:BANKINDIA-EQ,46.1,46.7,45.7,46.5,434527,FYERS_HISTORY,2026-08-08T23:02:53+05:30
2004-09-15,SMD-0032,BANKINDIA,NSE:BANKINDIA-EQ,46.6,47.2,46.25,46.6,580260,FYERS_HISTORY,2026-08-08T23:02:53+05:30
2004-09-16,SMD-0032,BANKINDIA,NSE:BANKINDIA-EQ,46.75,47.8,46.35,47.6,665845,FYERS_HISTORY,2026-08-08T23:02:53+05:30
2004-09-17,SMD-0032,BANKINDIA,NSE:BANKINDIA-EQ,49.5,52.0,48.9,51.65,5310228,FYERS_HISTORY,2026-08-08T23:02:53+05:30
2004-09-20,SMD-0032,BANKINDIA,NSE:BANKINDIA-EQ,51.4,52.45,50.8,52.05,2599047,FYERS_HISTORY,2026-08-08T23:02:53+05:30
2004-09-21,SMD-0032,BANKINDIA,NSE:BANKINDIA-EQ,52.75,52.75,51.6,52.1,965674,FYERS_HISTORY,2026-08-08T23:02:53+05:30
2004-09-22,SMD-0032,BANKINDIA,NSE:BANKINDIA-EQ,52.45,53.75,51.0,53.6,1623294,FYERS_HISTORY,2026-08-08T23:02:53+05:30
2004-09-23,SMD-0032,BANKINDIA,NSE:BANKINDIA-EQ,53.65,54.25,52.0,53.15,2475054,FYERS_HISTORY,2026-08-08T23:02:53+05:30
2004-09-24,SMD-0032,BANKINDIA,NSE:BANKINDIA-EQ,53.0,53.0,51.9,52.1,678783,FYERS_HISTORY,2026-08-08T23:02:53+05:30
2004-09-27,SMD-0032,BANKINDIA,NSE:BANKINDIA-EQ,51.95,52.25,50.7,50.95,649946,FYERS_HISTORY,2026-08-08T23:02:53+05:30
2004-09-28,SMD-0032,BANKINDIA,NSE:BANKINDIA-EQ,50.5,51.6,50.5,50.7,373405,FYERS_HISTORY,2026-08-08T23:02:53+05:30
2004-09-29,SMD-0032,BANKINDIA,NSE:BANKINDIA-EQ,51.5,51.5,50.5,51.2,379361,FYERS_HISTORY,2026-08-08T23:02:53+05:30
2004-09-30,SMD-0032,BANKINDIA,NSE:BANKINDIA-EQ,52.2,52.2,51.1,51.4,1105177,FYERS_HISTORY,2026-08-08T23:02:53+05:30
2004-10-01,SMD-0032,BANKINDIA,NSE:BANKINDIA-EQ,51.65,53.6,51.1,52.85,858549,FYERS_HISTORY,2026-08-08T23:02:53+05:30
2004-10-04,SMD-0032,BANKINDIA,NSE:BANKINDIA-EQ,54.4,54.9,53.2,53.95,1716922,FYERS_HISTORY,2026-08-08T23:02:53+05:30
2004-10-05,SMD-0032,BANKINDIA,NSE:BANKINDIA-EQ,54.5,56.6,53.55,56.1,2589200,FYERS_HISTORY,2026-08-08T23:02:53+05:30
2004-10-06,SMD-0032,BANKINDIA,NSE:BANKINDIA-EQ,57.0,60.0,56.3,56.65,4951609,FYERS_HISTORY,2026-08-08T23:02:53+05:30
2004-10-07,SMD-0032,BANKINDIA,NSE:BANKINDIA-EQ,56.0,57.45,55.9,56.65,1481857,FYERS_HISTORY,2026-08-08T23:02:53+05:30
2004-10-08,SMD-0032,BANKINDIA,NSE:BANKINDIA-EQ,57.2,58.15,56.7,57.65,2237968,FYERS_HISTORY,2026-08-08T23:02:53+05:30
2004-10-09,SMD-0032,BANKINDIA,NSE:BANKINDIA-EQ,58.0,58.0,57.0,57.25,203174,FYERS_HISTORY,2026-08-08T23:02:53+05:30
2004-10-11,SMD-0032,BANKINDIA,NSE:BANKINDIA-EQ,57.9,58.2,57.05,57.4,1079004,FYERS_HISTORY,2026-08-08T23:02:53+05:30
2004-10-12,SMD-0032,BANKINDIA,NSE:BANKINDIA-EQ,57.5,57.75,55.4,55.6,1065639,FYERS_HISTORY,2026-08-08T23:02:53+05:30
2004-10-14,SMD-0032,BANKINDIA,NSE:BANKINDIA-EQ,56.0,56.2,54.9,55.8,669778,FYERS_HISTORY,2026-08-08T23:02:53+05:30
2004-10-15,SMD-0032,BANKINDIA,NSE:BANKINDIA-EQ,56.05,56.45,55.5,55.75,468933,FYERS_HISTORY,2026-08-08T23:02:53+05:30
2004-10-18,SMD-0032,BANKINDIA,NSE:BANKINDIA-EQ,56.3,56.3,55.05,55.25,437251,FYERS_HISTORY,2026-08-08T23:02:53+05:30
2004-10-19,SMD-0032,BANKINDIA,NSE:BANKINDIA-EQ,55.45,55.55,53.9,54.85,707281,FYERS_HISTORY,2026-08-08T23:02:53+05:30
2004-10-20,SMD-0032,BANKINDIA,NSE:BANKINDIA-EQ,55.4,56.3,54.85,55.35,666960,FYERS_HISTORY,2026-08-08T23:02:53+05:30
2004-10-21,SMD-0032,BANKINDIA,NSE:BANKINDIA-EQ,55.4,55.65,54.4,55.05,432626,FYERS_HISTORY,2026-08-08T23:02:53+05:30
2004-10-25,SMD-0032,BANKINDIA,NSE:BANKINDIA-EQ,54.25,55.0,52.7,53.25,558660,FYERS_HISTORY,2026-08-08T23:02:53+05:30
2004-10-26,SMD-0032,BANKINDIA,NSE:BANKINDIA-EQ,53.7,53.75,52.25,53.3,777696,FYERS_HISTORY,2026-08-08T23:02:53+05:30
2004-10-27,SMD-0032,BANKINDIA,NSE:BANKINDIA-EQ,53.75,53.75,52.8,53.3,396948,FYERS_HISTORY,2026-08-08T23:02:53+05:30
2004-10-28,SMD-0032,BANKINDIA,NSE:BANKINDIA-EQ,53.6,53.9,52.35,52.6,883692,FYERS_HISTORY,2026-08-08T23:02:53+05:30
2004-10-29,SMD-0032,BANKINDIA,NSE:BANKINDIA-EQ,53.15,53.15,50.35,50.9,1750919,FYERS_HISTORY,2026-08-08T23:02:53+05:30
2004-11-01,SMD-0032,BANKINDIA,NSE:BANKINDIA-EQ,50.35,53.25,49.1,52.95,1173671,FYERS_HISTORY,2026-08-08T23:02:53+05:30
2004-11-02,SMD-0032,BANKINDIA,NSE:BANKINDIA-EQ,51.0,56.6,51.0,56.35,2805443,FYERS_HISTORY,2026-08-08T23:02:53+05:30
2004-11-03,SMD-0032,BANKINDIA,NSE:BANKINDIA-EQ,56.9,61.35,56.5,60.75,6797470,FYERS_HISTORY,2026-08-08T23:02:53+05:30
2004-11-04,SMD-0032,BANKINDIA,NSE:BANKINDIA-EQ,60.85,62.7,60.7,61.25,3639261,FYERS_HISTORY,2026-08-08T23:02:53+05:30
2004-11-05,SMD-0032,BANKINDIA,NSE:BANKINDIA-EQ,66.0,66.0,59.7,63.15,3694443,FYERS_HISTORY,2026-08-08T23:02:53+05:30
2004-11-08,SMD-0032,BANKINDIA,NSE:BANKINDIA-EQ,63.7,63.75,61.8,62.0,1221280,FYERS_HISTORY,2026-08-08T23:02:53+05:30
2004-11-09,SMD-0032,BANKINDIA,NSE:BANKINDIA-EQ,62.0,62.3,59.6,60.15,1526367,FYERS_HISTORY,2026-08-08T23:02:53+05:30
2004-11-10,SMD-0032,BANKINDIA,NSE:BANKINDIA-EQ,60.55,61.75,60.0,61.05,933205,FYERS_HISTORY,2026-08-08T23:02:53+05:30
2004-11-11,SMD-0032,BANKINDIA,NSE:BANKINDIA-EQ,60.6,61.7,59.85,60.75,1060894,FYERS_HISTORY,2026-08-08T23:02:53+05:30
2004-11-12,SMD-0032,BANKINDIA,NSE:BANKINDIA-EQ,61.2,61.75,60.75,61.15,227631,FYERS_HISTORY,2026-08-08T23:02:53+05:30
2004-11-16,SMD-0032,BANKINDIA,NSE:BANKINDIA-EQ,61.15,66.65,61.15,66.05,3714965,FYERS_HISTORY,2026-08-08T23:02:53+05:30
2004-11-17,SMD-0032,BANKINDIA,NSE:BANKINDIA-EQ,67.0,70.1,66.45,69.65,5478757,FYERS_HISTORY,2026-08-08T23:02:53+05:30
2004-11-18,SMD-0032,BANKINDIA,NSE:BANKINDIA-EQ,70.25,71.7,68.6,69.85,4027983,FYERS_HISTORY,2026-08-08T23:02:53+05:30
2004-11-19,SMD-0032,BANKINDIA,NSE:BANKINDIA-EQ,70.8,76.9,69.1,71.95,8523251,FYERS_HISTORY,2026-08-08T23:02:53+05:30
2004-11-22,SMD-0032,BANKINDIA,NSE:BANKINDIA-EQ,71.0,74.5,69.15,73.05,3789606,FYERS_HISTORY,2026-08-08T23:02:53+05:30
2004-11-23,SMD-0032,BANKINDIA,NSE:BANKINDIA-EQ,73.1,74.65,68.75,71.5,3640022,FYERS_HISTORY,2026-08-08T23:02:53+05:30
2004-11-24,SMD-0032,BANKINDIA,NSE:BANKINDIA-EQ,71.95,72.65,70.25,70.65,2818212,FYERS_HISTORY,2026-08-08T23:02:53+05:30
2004-11-25,SMD-0032,BANKINDIA,NSE:BANKINDIA-EQ,72.25,74.4,71.4,72.75,3764706,FYERS_HISTORY,2026-08-08T23:02:53+05:30
2004-11-29,SMD-0032,BANKINDIA,NSE:BANKINDIA-EQ,74.4,78.15,71.5,77.25,4374991,FYERS_HISTORY,2026-08-08T23:02:53+05:30
2004-11-30,SMD-0032,BANKINDIA,NSE:BANKINDIA-EQ,77.9,78.25,74.8,75.5,2066833,FYERS_HISTORY,2026-08-08T23:02:53+05:30
2004-12-01,SMD-0032,BANKINDIA,NSE:BANKINDIA-EQ,76.0,78.0,74.15,77.35,3419645,FYERS_HISTORY,2026-08-08T23:02:53+05:30
2004-12-02,SMD-0032,BANKINDIA,NSE:BANKINDIA-EQ,78.35,81.2,78.25,80.45,4765295,FYERS_HISTORY,2026-08-08T23:02:53+05:30
2004-12-03,SMD-0032,BANKINDIA,NSE:BANKINDIA-EQ,81.0,82.15,78.25,80.3,4006109,FYERS_HISTORY,2026-08-08T23:02:53+05:30
2004-12-06,SMD-0032,BANKINDIA,NSE:BANKINDIA-EQ,81.0,82.75,79.25,79.8,3331596,FYERS_HISTORY,2026-08-08T23:02:53+05:30
2004-12-07,SMD-0032,BANKINDIA,NSE:BANKINDIA-EQ,75.0,80.7,72.55,77.6,3249360,FYERS_HISTORY,2026-08-08T23:02:53+05:30
2004-12-08,SMD-0032,BANKINDIA,NSE:BANKINDIA-EQ,77.9,79.85,77.2,77.9,1733799,FYERS_HISTORY,2026-08-08T23:02:53+05:30
2004-12-09,SMD-0032,BANKINDIA,NSE:BANKINDIA-EQ,78.4,79.35,77.5,78.85,1794183,FYERS_HISTORY,2026-08-08T23:02:53+05:30
2004-12-10,SMD-0032,BANKINDIA,NSE:BANKINDIA-EQ,79.0,79.8,77.0,77.2,1101670,FYERS_HISTORY,2026-08-08T23:02:53+05:30
2004-12-13,SMD-0032,BANKINDIA,NSE:BANKINDIA-EQ,77.5,77.9,75.55,76.6,1166846,FYERS_HISTORY,2026-08-08T23:02:53+05:30
2004-12-14,SMD-0032,BANKINDIA,NSE:BANKINDIA-EQ,76.5,78.25,76.5,77.6,913882,FYERS_HISTORY,2026-08-08T23:02:53+05:30
2004-12-15,SMD-0032,BANKINDIA,NSE:BANKINDIA-EQ,78.2,78.2,76.8,77.05,761192,FYERS_HISTORY,2026-08-08T23:02:53+05:30
2004-12-16,SMD-0032,BANKINDIA,NSE:BANKINDIA-EQ,76.5,77.75,76.25,77.3,941044,FYERS_HISTORY,2026-08-08T23:02:53+05:30
2004-12-17,SMD-0032,BANKINDIA,NSE:BANKINDIA-EQ,78.0,78.3,76.45,76.8,853194,FYERS_HISTORY,2026-08-08T23:02:53+05:30
2004-12-20,SMD-0032,BANKINDIA,NSE:BANKINDIA-EQ,77.55,77.55,75.8,76.4,973734,FYERS_HISTORY,2026-08-08T23:02:53+05:30
2004-12-21,SMD-0032,BANKINDIA,NSE:BANKINDIA-EQ,76.0,81.2,76.0,80.75,2909952,FYERS_HISTORY,2026-08-08T23:02:53+05:30
2004-12-22,SMD-0032,BANKINDIA,NSE:BANKINDIA-EQ,81.0,83.2,80.3,81.75,3242740,FYERS_HISTORY,2026-08-08T23:02:53+05:30
2004-12-23,SMD-0032,BANKINDIA,NSE:BANKINDIA-EQ,84.0,93.95,82.5,92.9,14752512,FYERS_HISTORY,2026-08-08T23:02:53+05:30
2004-12-24,SMD-0032,BANKINDIA,NSE:BANKINDIA-EQ,103.0,103.0,90.75,91.8,9024728,FYERS_HISTORY,2026-08-08T23:02:53+05:30
2004-12-27,SMD-0032,BANKINDIA,NSE:BANKINDIA-EQ,91.8,95.7,90.0,93.5,3621267,FYERS_HISTORY,2026-08-08T23:02:53+05:30
2004-12-28,SMD-0032,BANKINDIA,NSE:BANKINDIA-EQ,93.1,94.2,91.45,92.5,1863028,FYERS_HISTORY,2026-08-08T23:02:53+05:30
2004-12-29,SMD-0032,BANKINDIA,NSE:BANKINDIA-EQ,92.0,95.8,90.3,94.65,4135389,FYERS_HISTORY,2026-08-08T23:02:53+05:30
2004-12-30,SMD-0032,BANKINDIA,NSE:BANKINDIA-EQ,95.1,96.5,90.4,91.2,7041510,FYERS_HISTORY,2026-08-08T23:02:53+05:30
2004-12-31,SMD-0032,BANKINDIA,NSE:BANKINDIA-EQ,92.2,94.9,91.8,94.3,3361886,FYERS_HISTORY,2026-08-08T23:02:53+05:30
2005-01-03,SMD-0032,BANKINDIA,NSE:BANKINDIA-EQ,95.2,97.15,93.7,96.15,3417790,FYERS_HISTORY,2026-08-08T23:02:53+05:30
2005-01-04,SMD-0032,BANKINDIA,NSE:BANKINDIA-EQ,96.85,100.6,95.0,99.05,5638564,FYERS_HISTORY,2026-08-08T23:02:53+05:30
2005-01-05,SMD-0032,BANKINDIA,NSE:BANKINDIA-EQ,101.4,101.4,84.35,93.25,3811899,FYERS_HISTORY,2026-08-08T23:02:53+05:30
2005-01-06,SMD-0032,BANKINDIA,NSE:BANKINDIA-EQ,93.2,95.8,82.55,92.1,4612872,FYERS_HISTORY,2026-08-08T23:02:53+05:30
2005-01-07,SMD-0032,BANKINDIA,NSE:BANKINDIA-EQ,93.0,94.5,89.0,91.05,3503950,FYERS_HISTORY,2026-08-08T23:02:53+05:30
2005-01-10,SMD-0032,BANKINDIA,NSE:BANKINDIA-EQ,91.05,92.7,86.55,87.8,1868707,FYERS_HISTORY,2026-08-08T23:02:53+05:30
2005-01-11,SMD-0032,BANKINDIA,NSE:BANKINDIA-EQ,88.2,88.2,82.6,83.1,2340284,FYERS_HISTORY,2026-08-08T23:02:53+05:30
2005-01-12,SMD-0032,BANKINDIA,NSE:BANKINDIA-EQ,83.5,83.5,74.5,75.25,2864999,FYERS_HISTORY,2026-08-08T23:02:53+05:30
2005-01-13,SMD-0032,BANKINDIA,NSE:BANKINDIA-EQ,76.6,87.3,76.6,85.75,7252943,FYERS_HISTORY,2026-08-08T23:02:53+05:30
2005-01-14,SMD-0032,BANKINDIA,NSE:BANKINDIA-EQ,85.0,88.8,81.75,82.95,5452443,FYERS_HISTORY,2026-08-08T23:02:53+05:30
2005-01-17,SMD-0032,BANKINDIA,NSE:BANKINDIA-EQ,84.25,85.3,79.8,84.2,3811499,FYERS_HISTORY,2026-08-08T23:02:53+05:30
2005-01-18,SMD-0032,BANKINDIA,NSE:BANKINDIA-EQ,85.05,86.2,83.15,84.45,3761892,FYERS_HISTORY,2026-08-08T23:02:53+05:30
2005-01-19,SMD-0032,BANKINDIA,NSE:BANKINDIA-EQ,84.7,84.7,81.5,82.15,1980115,FYERS_HISTORY,2026-08-08T23:02:53+05:30
2005-01-20,SMD-0032,BANKINDIA,NSE:BANKINDIA-EQ,81.9,81.9,78.65,80.2,2286071,FYERS_HISTORY,2026-08-08T23:02:53+05:30
2005-01-24,SMD-0032,BANKINDIA,NSE:BANKINDIA-EQ,78.0,78.0,73.25,75.45,2886411,FYERS_HISTORY,2026-08-08T23:02:53+05:30
2005-01-25,SMD-0032,BANKINDIA,NSE:BANKINDIA-EQ,73.25,84.9,72.0,81.3,4988041,FYERS_HISTORY,2026-08-08T23:02:53+05:30
2005-01-27,SMD-0032,BANKINDIA,NSE:BANKINDIA-EQ,81.45,82.3,77.9,78.7,4517096,FYERS_HISTORY,2026-08-08T23:02:53+05:30
2005-01-28,SMD-0032,BANKINDIA,NSE:BANKINDIA-EQ,78.95,84.25,78.95,83.7,5147898,FYERS_HISTORY,2026-08-08T23:02:53+05:30
2005-01-31,SMD-0032,BANKINDIA,NSE:BANKINDIA-EQ,84.0,85.2,82.9,84.5,1630604,FYERS_HISTORY,2026-08-08T23:02:53+05:30
2005-02-01,SMD-0032,BANKINDIA,NSE:BANKINDIA-EQ,85.2,85.95,83.65,84.3,1971386,FYERS_HISTORY,2026-08-08T23:02:53+05:30
2005-02-02,SMD-0032,BANKINDIA,NSE:BANKINDIA-EQ,84.8,86.55,84.3,85.2,2252568,FYERS_HISTORY,2026-08-08T23:02:53+05:30
2005-02-03,SMD-0032,BANKINDIA,NSE:BANKINDIA-EQ,86.0,88.95,85.4,88.0,2892696,FYERS_HISTORY,2026-08-08T23:02:53+05:30
2005-02-04,SMD-0032,BANKINDIA,NSE:BANKINDIA-EQ,89.0,89.75,86.15,87.45,2047836,FYERS_HISTORY,2026-08-08T23:02:53+05:30
2005-02-07,SMD-0032,BANKINDIA,NSE:BANKINDIA-EQ,88.1,88.9,85.8,86.25,1224193,FYERS_HISTORY,2026-08-08T23:02:53+05:30
2005-02-08,SMD-0032,BANKINDIA,NSE:BANKINDIA-EQ,86.4,86.5,82.5,82.95,2276375,FYERS_HISTORY,2026-08-08T23:02:53+05:30
2005-02-09,SMD-0032,BANKINDIA,NSE:BANKINDIA-EQ,83.5,85.2,83.25,84.8,948500,FYERS_HISTORY,2026-08-08T23:02:53+05:30
2005-02-10,SMD-0032,BANKINDIA,NSE:BANKINDIA-EQ,84.8,87.65,84.8,85.55,1575809,FYERS_HISTORY,2026-08-08T23:02:53+05:30
2005-02-11,SMD-0032,BANKINDIA,NSE:BANKINDIA-EQ,85.75,86.6,84.9,85.25,777862,FYERS_HISTORY,2026-08-08T23:02:53+05:30
2005-02-14,SMD-0032,BANKINDIA,NSE:BANKINDIA-EQ,86.0,86.35,84.05,84.45,1027779,FYERS_HISTORY,2026-08-08T23:02:53+05:30
2005-02-15,SMD-0032,BANKINDIA,NSE:BANKINDIA-EQ,85.75,85.75,82.9,83.3,752108,FYERS_HISTORY,2026-08-08T23:02:53+05:30
2005-02-16,SMD-0032,BANKINDIA,NSE:BANKINDIA-EQ,83.9,86.35,83.5,84.75,2092280,FYERS_HISTORY,2026-08-08T23:02:53+05:30
2005-02-17,SMD-0032,BANKINDIA,NSE:BANKINDIA-EQ,87.2,88.25,82.8,83.7,947175,FYERS_HISTORY,2026-08-08T23:02:53+05:30
2005-02-18,SMD-0032,BANKINDIA,NSE:BANKINDIA-EQ,84.4,85.8,83.2,83.8,1053698,FYERS_HISTORY,2026-08-08T23:02:53+05:30
2005-02-21,SMD-0032,BANKINDIA,NSE:BANKINDIA-EQ,83.1,83.7,81.5,82.25,628355,FYERS_HISTORY,2026-08-08T23:02:53+05:30
2005-02-22,SMD-0032,BANKINDIA,NSE:BANKINDIA-EQ,82.0,86.9,81.5,86.5,2393870,FYERS_HISTORY,2026-08-08T23:02:53+05:30
2005-02-23,SMD-0032,BANKINDIA,NSE:BANKINDIA-EQ,88.0,88.0,86.0,86.4,3461140,FYERS_HISTORY,2026-08-08T23:02:53+05:30
2005-02-24,SMD-0032,BANKINDIA,NSE:BANKINDIA-EQ,87.15,87.3,83.6,84.15,2406172,FYERS_HISTORY,2026-08-08T23:02:53+05:30
2005-02-25,SMD-0032,BANKINDIA,NSE:BANKINDIA-EQ,84.65,85.3,82.9,83.85,1651123,FYERS_HISTORY,2026-08-08T23:02:53+05:30
2005-02-28,SMD-0032,BANKINDIA,NSE:BANKINDIA-EQ,84.0,89.9,83.8,88.85,3267244,FYERS_HISTORY,2026-08-08T23:02:53+05:30
2005-03-01,SMD-0032,BANKINDIA,NSE:BANKINDIA-EQ,89.85,92.2,86.0,90.95,4777653,FYERS_HISTORY,2026-08-08T23:02:53+05:30
2005-03-02,SMD-0032,BANKINDIA,NSE:BANKINDIA-EQ,91.0,96.75,91.0,96.1,5123865,FYERS_HISTORY,2026-08-08T23:02:53+05:30
2005-03-03,SMD-0032,BANKINDIA,NSE:BANKINDIA-EQ,97.25,99.9,96.5,99.3,5656748,FYERS_HISTORY,2026-08-08T23:02:53+05:30
2005-03-04,SMD-0032,BANKINDIA,NSE:BANKINDIA-EQ,98.15,99.9,96.5,97.6,2600625,FYERS_HISTORY,2026-08-08T23:02:53+05:30
2005-03-07,SMD-0032,BANKINDIA,NSE:BANKINDIA-EQ,98.4,112.6,98.0,107.8,11784992,FYERS_HISTORY,2026-08-08T23:02:53+05:30
2005-03-08,SMD-0032,BANKINDIA,NSE:BANKINDIA-EQ,108.35,115.2,108.0,114.1,9227934,FYERS_HISTORY,2026-08-08T23:02:53+05:30
2005-03-09,SMD-0032,BANKINDIA,NSE:BANKINDIA-EQ,113.7,118.5,109.5,116.85,6731102,FYERS_HISTORY,2026-08-08T23:02:53+05:30
2005-03-10,SMD-0032,BANKINDIA,NSE:BANKINDIA-EQ,117.0,118.35,112.0,116.85,4840343,FYERS_HISTORY,2026-08-08T23:02:53+05:30
2005-03-11,SMD-0032,BANKINDIA,NSE:BANKINDIA-EQ,116.85,119.4,114.5,114.95,2868180,FYERS_HISTORY,2026-08-08T23:02:53+05:30
2005-03-14,SMD-0032,BANKINDIA,NSE:BANKINDIA-EQ,115.0,117.9,111.65,113.4,5905577,FYERS_HISTORY,2026-08-08T23:02:53+05:30
2005-03-15,SMD-0032,BANKINDIA,NSE:BANKINDIA-EQ,113.4,115.3,112.1,114.05,2695309,FYERS_HISTORY,2026-08-08T23:02:53+05:30
2005-03-16,SMD-0032,BANKINDIA,NSE:BANKINDIA-EQ,115.35,117.45,114.5,115.2,4186979,FYERS_HISTORY,2026-08-08T23:02:53+05:30
2005-03-17,SMD-0032,BANKINDIA,NSE:BANKINDIA-EQ,116.0,116.35,114.2,115.05,2303491,FYERS_HISTORY,2026-08-08T23:02:53+05:30
2005-03-18,SMD-0032,BANKINDIA,NSE:BANKINDIA-EQ,115.8,117.4,112.2,113.8,4497527,FYERS_HISTORY,2026-08-08T23:02:53+05:30
2005-03-21,SMD-0032,BANKINDIA,NSE:BANKINDIA-EQ,116.0,118.1,114.25,116.6,3336847,FYERS_HISTORY,2026-08-08T23:02:53+05:30
2005-03-22,SMD-0032,BANKINDIA,NSE:BANKINDIA-EQ,114.25,115.2,111.0,113.0,2906587,FYERS_HISTORY,2026-08-08T23:02:53+05:30
2005-03-23,SMD-0032,BANKINDIA,NSE:BANKINDIA-EQ,112.0,113.2,104.7,106.1,3525948,FYERS_HISTORY,2026-08-08T23:02:53+05:30
2005-03-24,SMD-0032,BANKINDIA,NSE:BANKINDIA-EQ,105.0,106.8,100.25,102.5,3084029,FYERS_HISTORY,2026-08-08T23:02:53+05:30
2005-03-28,SMD-0032,BANKINDIA,NSE:BANKINDIA-EQ,102.0,107.55,96.45,105.8,2160379,FYERS_HISTORY,2026-08-08T23:02:53+05:30
2005-03-29,SMD-0032,BANKINDIA,NSE:BANKINDIA-EQ,107.45,107.45,97.65,98.5,3395102,FYERS_HISTORY,2026-08-08T23:02:53+05:30
2005-03-30,SMD-0032,BANKINDIA,NSE:BANKINDIA-EQ,98.8,102.0,95.25,101.35,4874061,FYERS_HISTORY,2026-08-08T23:02:53+05:30
2005-03-31,SMD-0032,BANKINDIA,NSE:BANKINDIA-EQ,102.85,107.0,101.95,103.65,2107323,FYERS_HISTORY,2026-08-08T23:02:53+05:30
2005-04-01,SMD-0032,BANKINDIA,NSE:BANKINDIA-EQ,105.85,105.85,99.05,104.55,2480252,FYERS_HISTORY,2026-08-08T23:02:53+05:30
2005-04-04,SMD-0032,BANKINDIA,NSE:BANKINDIA-EQ,105.0,107.45,102.3,103.2,1183967,FYERS_HISTORY,2026-08-08T23:02:53+05:30
2005-04-05,SMD-0032,BANKINDIA,NSE:BANKINDIA-EQ,103.9,104.0,99.1,99.7,1221363,FYERS_HISTORY,2026-08-08T23:02:53+05:30
2005-04-06,SMD-0032,BANKINDIA,NSE:BANKINDIA-EQ,100.75,101.0,99.0,100.1,920141,FYERS_HISTORY,2026-08-08T23:02:53+05:30
2005-04-07,SMD-0032,BANKINDIA,NSE:BANKINDIA-EQ,102.0,103.0,99.15,99.6,1004334,FYERS_HISTORY,2026-08-08T23:02:53+05:30
2005-04-08,SMD-0032,BANKINDIA,NSE:BANKINDIA-EQ,100.9,100.9,96.75,99.45,1969850,FYERS_HISTORY,2026-08-08T23:02:53+05:30
2005-04-11,SMD-0032,BANKINDIA,NSE:BANKINDIA-EQ,100.0,100.0,97.3,98.25,945299,FYERS_HISTORY,2026-08-08T23:02:53+05:30
2005-04-12,SMD-0032,BANKINDIA,NSE:BANKINDIA-EQ,98.5,100.8,97.35,100.05,689932,FYERS_HISTORY,2026-08-08T23:02:53+05:30
2005-04-13,SMD-0032,BANKINDIA,NSE:BANKINDIA-EQ,101.0,101.4,98.3,99.1,470238,FYERS_HISTORY,2026-08-08T23:02:53+05:30
2005-04-15,SMD-0032,BANKINDIA,NSE:BANKINDIA-EQ,98.9,98.9,93.75,94.35,565037,FYERS_HISTORY,2026-08-08T23:02:53+05:30
2005-04-18,SMD-0032,BANKINDIA,NSE:BANKINDIA-EQ,93.0,94.9,86.05,93.6,831036,FYERS_HISTORY,2026-08-08T23:02:53+05:30
2005-04-19,SMD-0032,BANKINDIA,NSE:BANKINDIA-EQ,95.5,95.55,88.5,89.75,547033,FYERS_HISTORY,2026-08-08T23:02:53+05:30
2005-04-20,SMD-0032,BANKINDIA,NSE:BANKINDIA-EQ,90.0,91.5,87.0,90.55,964738,FYERS_HISTORY,2026-08-08T23:02:53+05:30
2005-04-21,SMD-0032,BANKINDIA,NSE:BANKINDIA-EQ,91.0,94.3,88.25,93.55,1295040,FYERS_HISTORY,2026-08-08T23:02:53+05:30
2005-04-22,SMD-0032,BANKINDIA,NSE:BANKINDIA-EQ,95.0,95.0,91.1,91.85,972851,FYERS_HISTORY,2026-08-08T23:02:53+05:30
2005-04-25,SMD-0032,BANKINDIA,NSE:BANKINDIA-EQ,92.2,93.5,90.4,92.35,711671,FYERS_HISTORY,2026-08-08T23:02:53+05:30
2005-04-26,SMD-0032,BANKINDIA,NSE:BANKINDIA-EQ,92.55,94.45,92.1,92.65,514970,FYERS_HISTORY,2026-08-08T23:02:53+05:30
2005-04-27,SMD-0032,BANKINDIA,NSE:BANKINDIA-EQ,93.0,93.0,91.8,92.5,393653,FYERS_HISTORY,2026-08-08T23:02:53+05:30
2005-04-28,SMD-0032,BANKINDIA,NSE:BANKINDIA-EQ,92.5,92.65,85.0,85.5,2604359,FYERS_HISTORY,2026-08-08T23:02:53+05:30
2005-04-29,SMD-0032,BANKINDIA,NSE:BANKINDIA-EQ,86.0,86.1,80.35,81.9,2788046,FYERS_HISTORY,2026-08-08T23:02:53+05:30
2005-05-02,SMD-0032,BANKINDIA,NSE:BANKINDIA-EQ,78.8,83.7,78.0,82.8,1680312,FYERS_HISTORY,2026-08-08T23:02:53+05:30
2005-05-03,SMD-0032,BANKINDIA,NSE:BANKINDIA-EQ,83.7,86.75,82.0,85.35,2168629,FYERS_HISTORY,2026-08-08T23:02:53+05:30
2005-05-04,SMD-0032,BANKINDIA,NSE:BANKINDIA-EQ,85.8,91.35,84.2,90.7,2202053,FYERS_HISTORY,2026-08-08T23:02:53+05:30
2005-05-05,SMD-0032,BANKINDIA,NSE:BANKINDIA-EQ,91.0,100.3,91.0,98.55,4426346,FYERS_HISTORY,2026-08-08T23:02:53+05:30
2005-05-06,SMD-0032,BANKINDIA,NSE:BANKINDIA-EQ,99.8,99.8,93.05,97.75,4020056,FYERS_HISTORY,2026-08-08T23:02:53+05:30
2005-05-09,SMD-0032,BANKINDIA,NSE:BANKINDIA-EQ,98.75,99.85,97.05,98.75,1485728,FYERS_HISTORY,2026-08-08T23:02:53+05:30
2005-05-10,SMD-0032,BANKINDIA,NSE:BANKINDIA-EQ,98.75,100.25,97.0,97.85,1761926,FYERS_HISTORY,2026-08-08T23:02:53+05:30
2005-05-11,SMD-0032,BANKINDIA,NSE:BANKINDIA-EQ,97.0,97.0,93.45,95.35,1413205,FYERS_HISTORY,2026-08-08T23:02:53+05:30
2005-05-12,SMD-0032,BANKINDIA,NSE:BANKINDIA-EQ,95.5,98.4,95.5,96.5,748421,FYERS_HISTORY,2026-08-08T23:02:53+05:30
2005-05-13,SMD-0032,BANKINDIA,NSE:BANKINDIA-EQ,96.8,98.3,94.9,97.85,743508,FYERS_HISTORY,2026-08-08T23:02:53+05:30
2005-05-16,SMD-0032,BANKINDIA,NSE:BANKINDIA-EQ,98.0,98.9,97.05,98.2,537745,FYERS_HISTORY,2026-08-08T23:02:53+05:30
2005-05-17,SMD-0032,BANKINDIA,NSE:BANKINDIA-EQ,98.95,98.95,94.95,95.7,487804,FYERS_HISTORY,2026-08-08T23:02:53+05:30
2005-05-18,SMD-0032,BANKINDIA,NSE:BANKINDIA-EQ,95.5,97.25,94.5,95.8,699246,FYERS_HISTORY,2026-08-08T23:02:53+05:30
2005-05-19,SMD-0032,BANKINDIA,NSE:BANKINDIA-EQ,97.0,99.2,96.9,97.65,876817,FYERS_HISTORY,2026-08-08T23:02:53+05:30
2005-05-20,SMD-0032,BANKINDIA,NSE:BANKINDIA-EQ,95.0,97.9,88.85,96.75,411387,FYERS_HISTORY,2026-08-08T23:02:53+05:30
2005-05-23,SMD-0032,BANKINDIA,NSE:BANKINDIA-EQ,96.4,97.85,96.4,96.95,272177,FYERS_HISTORY,2026-08-08T23:02:53+05:30
2005-05-24,SMD-0032,BANKINDIA,NSE:BANKINDIA-EQ,97.9,101.25,97.5,99.95,1286525,FYERS_HISTORY,2026-08-08T23:02:53+05:30
2005-05-25,SMD-0032,BANKINDIA,NSE:BANKINDIA-EQ,99.75,99.85,97.2,99.25,814993,FYERS_HISTORY,2026-08-08T23:02:53+05:30
2005-05-26,SMD-0032,BANKINDIA,NSE:BANKINDIA-EQ,98.95,99.75,97.75,98.95,632261,FYERS_HISTORY,2026-08-08T23:02:53+05:30
2005-05-27,SMD-0032,BANKINDIA,NSE:BANKINDIA-EQ,98.8,103.7,98.6,101.5,1585502,FYERS_HISTORY,2026-08-08T23:02:53+05:30
2005-05-30,SMD-0032,BANKINDIA,NSE:BANKINDIA-EQ,102.4,102.4,98.45,99.05,955297,FYERS_HISTORY,2026-08-08T23:02:53+05:30
2005-05-31,SMD-0032,BANKINDIA,NSE:BANKINDIA-EQ,99.05,102.25,97.1,101.25,1572988,FYERS_HISTORY,2026-08-08T23:02:53+05:30
2005-06-01,SMD-0032,BANKINDIA,NSE:BANKINDIA-EQ,103.0,103.0,99.0,99.35,1306211,FYERS_HISTORY,2026-08-08T23:02:53+05:30
2005-06-02,SMD-0032,BANKINDIA,NSE:BANKINDIA-EQ,100.0,100.95,97.8,98.35,653368,FYERS_HISTORY,2026-08-08T23:02:53+05:30
2005-06-03,SMD-0032,BANKINDIA,NSE:BANKINDIA-EQ,91.15,101.0,91.15,99.85,945286,FYERS_HISTORY,2026-08-08T23:02:53+05:30
2005-06-04,SMD-0032,BANKINDIA,NSE:BANKINDIA-EQ,100.75,100.75,99.05,99.2,181114,FYERS_HISTORY,2026-08-08T23:02:53+05:30
2005-06-06,SMD-0032,BANKINDIA,NSE:BANKINDIA-EQ,100.0,104.4,99.6,102.85,2831219,FYERS_HISTORY,2026-08-08T23:02:53+05:30
2005-06-07,SMD-0032,BANKINDIA,NSE:BANKINDIA-EQ,104.0,107.45,101.6,106.4,3249394,FYERS_HISTORY,2026-08-08T23:02:53+05:30
2005-06-08,SMD-0032,BANKINDIA,NSE:BANKINDIA-EQ,107.4,110.5,106.6,109.75,3359411,FYERS_HISTORY,2026-08-08T23:02:53+05:30
2005-06-09,SMD-0032,BANKINDIA,NSE:BANKINDIA-EQ,110.5,111.9,106.2,110.95,1731944,FYERS_HISTORY,2026-08-08T23:02:53+05:30
2005-06-10,SMD-0032,BANKINDIA,NSE:BANKINDIA-EQ,109.5,111.0,105.0,106.8,1062605,FYERS_HISTORY,2026-08-08T23:02:53+05:30
2005-06-13,SMD-0032,BANKINDIA,NSE:BANKINDIA-EQ,107.85,108.85,103.5,108.05,835894,FYERS_HISTORY,2026-08-08T23:02:53+05:30
2005-06-14,SMD-0032,BANKINDIA,NSE:BANKINDIA-EQ,105.0,110.75,105.0,108.85,927323,FYERS_HISTORY,2026-08-08T23:02:53+05:30
2005-06-15,SMD-0032,BANKINDIA,NSE:BANKINDIA-EQ,107.2,109.5,106.75,107.15,713280,FYERS_HISTORY,2026-08-08T23:02:53+05:30
2005-06-16,SMD-0032,BANKINDIA,NSE:BANKINDIA-EQ,105.25,108.4,104.0,104.4,861408,FYERS_HISTORY,2026-08-08T23:02:53+05:30
2005-06-17,SMD-0032,BANKINDIA,NSE:BANKINDIA-EQ,104.5,105.0,102.2,103.6,494571,FYERS_HISTORY,2026-08-08T23:02:53+05:30
2005-06-20,SMD-0032,BANKINDIA,NSE:BANKINDIA-EQ,104.7,104.7,99.2,100.4,692782,FYERS_HISTORY,2026-08-08T23:02:53+05:30
2005-06-21,SMD-0032,BANKINDIA,NSE:BANKINDIA-EQ,100.4,102.0,99.0,99.9,859339,FYERS_HISTORY,2026-08-08T23:02:53+05:30
2005-06-22,SMD-0032,BANKINDIA,NSE:BANKINDIA-EQ,100.05,102.45,93.65,95.85,2275707,FYERS_HISTORY,2026-08-08T23:02:53+05:30
2005-06-23,SMD-0032,BANKINDIA,NSE:BANKINDIA-EQ,94.5,102.0,93.6,101.15,1653327,FYERS_HISTORY,2026-08-08T23:02:53+05:30
2005-06-24,SMD-0032,BANKINDIA,NSE:BANKINDIA-EQ,100.7,101.0,99.0,99.1,617735,FYERS_HISTORY,2026-08-08T23:02:53+05:30
2005-06-27,SMD-0032,BANKINDIA,NSE:BANKINDIA-EQ,99.55,100.5,98.85,99.0,948262,FYERS_HISTORY,2026-08-08T23:02:53+05:30
2005-06-28,SMD-0032,BANKINDIA,NSE:BANKINDIA-EQ,99.0,102.35,97.2,98.8,737905,FYERS_HISTORY,2026-08-08T23:02:53+05:30
2005-06-29,SMD-0032,BANKINDIA,NSE:BANKINDIA-EQ,99.9,101.4,99.0,100.8,507267,FYERS_HISTORY,2026-08-08T23:02:53+05:30
2005-06-30,SMD-0032,BANKINDIA,NSE:BANKINDIA-EQ,100.25,104.5,100.0,103.5,1364905,FYERS_HISTORY,2026-08-08T23:02:53+05:30
2005-07-01,SMD-0032,BANKINDIA,NSE:BANKINDIA-EQ,100.0,108.25,100.0,107.6,1161749,FYERS_HISTORY,2026-08-08T23:02:53+05:30
2005-07-04,SMD-0032,BANKINDIA,NSE:BANKINDIA-EQ,107.5,107.7,104.0,106.05,500067,FYERS_HISTORY,2026-08-08T23:02:53+05:30
2005-07-05,SMD-0032,BANKINDIA,NSE:BANKINDIA-EQ,106.85,107.35,102.0,102.85,342361,FYERS_HISTORY,2026-08-08T23:02:53+05:30
2005-07-06,SMD-0032,BANKINDIA,NSE:BANKINDIA-EQ,103.0,107.55,103.0,107.1,642288,FYERS_HISTORY,2026-08-08T23:02:53+05:30
2005-07-07,SMD-0032,BANKINDIA,NSE:BANKINDIA-EQ,107.5,110.45,105.0,106.1,958322,FYERS_HISTORY,2026-08-08T23:02:53+05:30
2005-07-08,SMD-0032,BANKINDIA,NSE:BANKINDIA-EQ,107.0,108.9,104.8,108.2,822073,FYERS_HISTORY,2026-08-08T23:02:53+05:30
2005-07-11,SMD-0032,BANKINDIA,NSE:BANKINDIA-EQ,110.0,110.35,106.0,108.4,1122452,FYERS_HISTORY,2026-08-08T23:02:53+05:30
2005-07-12,SMD-0032,BANKINDIA,NSE:BANKINDIA-EQ,109.0,112.5,107.0,111.8,2139705,FYERS_HISTORY,2026-08-08T23:02:53+05:30
2005-07-13,SMD-0032,BANKINDIA,NSE:BANKINDIA-EQ,113.0,119.0,112.0,113.55,973324,FYERS_HISTORY,2026-08-08T23:02:53+05:30
2005-07-14,SMD-0032,BANKINDIA,NSE:BANKINDIA-EQ,114.75,114.75,111.05,112.15,626945,FYERS_HISTORY,2026-08-08T23:02:53+05:30
2005-07-15,SMD-0032,BANKINDIA,NSE:BANKINDIA-EQ,112.15,117.6,103.25,116.25,929941,FYERS_HISTORY,2026-08-08T23:02:53+05:30
2005-07-18,SMD-0032,BANKINDIA,NSE:BANKINDIA-EQ,117.0,121.45,116.8,120.6,1298841,FYERS_HISTORY,2026-08-08T23:02:53+05:30
2005-07-19,SMD-0032,BANKINDIA,NSE:BANKINDIA-EQ,121.2,122.75,117.2,121.75,1131076,FYERS_HISTORY,2026-08-08T23:02:53+05:30
2005-07-20,SMD-0032,BANKINDIA,NSE:BANKINDIA-EQ,123.5,124.5,118.25,119.5,1029418,FYERS_HISTORY,2026-08-08T23:02:53+05:30
2005-07-21,SMD-0032,BANKINDIA,NSE:BANKINDIA-EQ,120.4,120.4,115.15,116.2,525074,FYERS_HISTORY,2026-08-08T23:02:53+05:30
2005-07-22,SMD-0032,BANKINDIA,NSE:BANKINDIA-EQ,116.9,121.0,115.0,120.75,975740,FYERS_HISTORY,2026-08-08T23:02:53+05:30
2005-07-25,SMD-0032,BANKINDIA,NSE:BANKINDIA-EQ,121.1,126.6,120.0,124.75,1865850,FYERS_HISTORY,2026-08-08T23:02:53+05:30
2005-07-26,SMD-0032,BANKINDIA,NSE:BANKINDIA-EQ,116.2,136.5,112.15,134.3,4602379,FYERS_HISTORY,2026-08-08T23:02:53+05:30
2005-07-27,SMD-0032,BANKINDIA,NSE:BANKINDIA-EQ,132.95,138.85,130.5,137.05,3230271,FYERS_HISTORY,2026-08-08T23:02:53+05:30
2005-07-29,SMD-0032,BANKINDIA,NSE:BANKINDIA-EQ,127.1,147.7,127.1,142.55,5135643,FYERS_HISTORY,2026-08-08T23:02:53+05:30
2005-08-01,SMD-0032,BANKINDIA,NSE:BANKINDIA-EQ,142.0,146.5,138.05,145.1,2808306,FYERS_HISTORY,2026-08-08T23:02:53+05:30
2005-08-02,SMD-0032,BANKINDIA,NSE:BANKINDIA-EQ,144.3,147.8,141.1,142.75,1209986,FYERS_HISTORY,2026-08-08T23:02:53+05:30
2005-08-03,SMD-0032,BANKINDIA,NSE:BANKINDIA-EQ,141.0,144.45,140.0,141.0,1123614,FYERS_HISTORY,2026-08-08T23:02:53+05:30
2005-08-04,SMD-0032,BANKINDIA,NSE:BANKINDIA-EQ,141.0,142.0,139.1,140.25,1012495,FYERS_HISTORY,2026-08-08T23:02:53+05:30
2005-08-05,SMD-0032,BANKINDIA,NSE:BANKINDIA-EQ,140.9,145.0,139.05,140.75,814878,FYERS_HISTORY,2026-08-08T23:02:53+05:30
2005-08-08,SMD-0032,BANKINDIA,NSE:BANKINDIA-EQ,143.0,143.45,134.5,135.8,785009,FYERS_HISTORY,2026-08-08T23:02:53+05:30
2005-08-09,SMD-0032,BANKINDIA,NSE:BANKINDIA-EQ,137.0,140.8,133.0,136.5,1018898,FYERS_HISTORY,2026-08-08T23:02:53+05:30
2005-08-10,SMD-0032,BANKINDIA,NSE:BANKINDIA-EQ,138.0,140.0,136.05,139.5,379424,FYERS_HISTORY,2026-08-08T23:02:53+05:30
2005-08-11,SMD-0032,BANKINDIA,NSE:BANKINDIA-EQ,140.5,142.9,138.0,139.0,1637810,FYERS_HISTORY,2026-08-08T23:02:53+05:30
2005-08-12,SMD-0032,BANKINDIA,NSE:BANKINDIA-EQ,140.4,141.5,137.05,139.45,1476852,FYERS_HISTORY,2026-08-08T23:02:53+05:30
2005-08-16,SMD-0032,BANKINDIA,NSE:BANKINDIA-EQ,140.0,140.0,136.2,136.65,795221,FYERS_HISTORY,2026-08-08T23:02:53+05:30
2005-08-17,SMD-0032,BANKINDIA,NSE:BANKINDIA-EQ,138.5,138.5,132.2,132.85,2246096,FYERS_HISTORY,2026-08-08T23:02:53+05:30
2005-08-18,SMD-0032,BANKINDIA,NSE:BANKINDIA-EQ,134.5,136.0,127.2,129.5,1768001,FYERS_HISTORY,2026-08-08T23:02:53+05:30
2005-08-19,SMD-0032,BANKINDIA,NSE:BANKINDIA-EQ,130.0,130.4,126.0,126.75,1433934,FYERS_HISTORY,2026-08-08T23:02:53+05:30
2005-08-22,SMD-0032,BANKINDIA,NSE:BANKINDIA-EQ,126.9,127.4,120.1,122.0,1455570,FYERS_HISTORY,2026-08-08T23:02:53+05:30
2005-08-23,SMD-0032,BANKINDIA,NSE:BANKINDIA-EQ,122.1,124.8,117.15,118.4,1256841,FYERS_HISTORY,2026-08-08T23:02:53+05:30
2005-08-24,SMD-0032,BANKINDIA,NSE:BANKINDIA-EQ,117.5,119.9,111.25,113.65,2831786,FYERS_HISTORY,2026-08-08T23:02:53+05:30
2005-08-25,SMD-0032,BANKINDIA,NSE:BANKINDIA-EQ,114.0,119.9,114.0,118.25,3573473,FYERS_HISTORY,2026-08-08T23:02:53+05:30
2005-08-26,SMD-0032,BANKINDIA,NSE:BANKINDIA-EQ,120.1,124.75,118.65,123.95,2948032,FYERS_HISTORY,2026-08-08T23:02:53+05:30
2005-08-29,SMD-0032,BANKINDIA,NSE:BANKINDIA-EQ,124.25,124.8,119.05,119.95,2189190,FYERS_HISTORY,2026-08-08T23:02:53+05:30
2005-08-30,SMD-0032,BANKINDIA,NSE:BANKINDIA-EQ,120.8,123.2,119.15,120.3,1465981,FYERS_HISTORY,2026-08-08T23:02:53+05:30
2005-08-31,SMD-0032,BANKINDIA,NSE:BANKINDIA-EQ,121.0,121.45,117.5,118.85,1018178,FYERS_HISTORY,2026-08-08T23:02:53+05:30
2005-09-01,SMD-0032,BANKINDIA,NSE:BANKINDIA-EQ,120.0,121.25,118.1,118.85,831526,FYERS_HISTORY,2026-08-08T23:02:53+05:30
2005-09-02,SMD-0032,BANKINDIA,NSE:BANKINDIA-EQ,119.9,123.5,119.3,121.45,2065031,FYERS_HISTORY,2026-08-08T23:02:53+05:30
2005-09-05,SMD-0032,BANKINDIA,NSE:BANKINDIA-EQ,123.4,124.2,121.0,121.8,785512,FYERS_HISTORY,2026-08-08T23:02:53+05:30
2005-09-06,SMD-0032,BANKINDIA,NSE:BANKINDIA-EQ,123.0,123.75,120.2,121.2,609683,FYERS_HISTORY,2026-08-08T23:02:53+05:30
2005-09-08,SMD-0032,BANKINDIA,NSE:BANKINDIA-EQ,122.0,123.0,121.25,122.0,728646,FYERS_HISTORY,2026-08-08T23:02:53+05:30
2005-09-09,SMD-0032,BANKINDIA,NSE:BANKINDIA-EQ,124.4,124.5,120.55,123.6,1776345,FYERS_HISTORY,2026-08-08T23:02:53+05:30
2005-09-12,SMD-0032,BANKINDIA,NSE:BANKINDIA-EQ,145.0,145.0,124.5,129.8,3518938,FYERS_HISTORY,2026-08-08T23:02:53+05:30
2005-09-13,SMD-0032,BANKINDIA,NSE:BANKINDIA-EQ,131.0,133.75,129.2,132.05,3026235,FYERS_HISTORY,2026-08-08T23:02:53+05:30
2005-09-14,SMD-0032,BANKINDIA,NSE:BANKINDIA-EQ,132.45,132.85,125.9,128.75,2560409,FYERS_HISTORY,2026-08-08T23:02:53+05:30
2005-09-15,SMD-0032,BANKINDIA,NSE:BANKINDIA-EQ,130.5,131.3,127.6,129.0,1195417,FYERS_HISTORY,2026-08-08T23:02:53+05:30
2005-09-16,SMD-0032,BANKINDIA,NSE:BANKINDIA-EQ,129.0,130.4,127.0,128.95,1058509,FYERS_HISTORY,2026-08-08T23:02:53+05:30
2005-09-19,SMD-0032,BANKINDIA,NSE:BANKINDIA-EQ,130.4,130.4,123.7,126.85,1523607,FYERS_HISTORY,2026-08-08T23:02:53+05:30
2005-09-20,SMD-0032,BANKINDIA,NSE:BANKINDIA-EQ,128.75,128.75,122.05,125.8,1887420,FYERS_HISTORY,2026-08-08T23:02:53+05:30
2005-09-21,SMD-0032,BANKINDIA,NSE:BANKINDIA-EQ,126.7,127.0,115.15,123.2,3413147,FYERS_HISTORY,2026-08-08T23:02:53+05:30
2005-09-22,SMD-0032,BANKINDIA,NSE:BANKINDIA-EQ,122.0,124.45,113.2,114.45,1577935,FYERS_HISTORY,2026-08-08T23:02:53+05:30
2005-09-23,SMD-0032,BANKINDIA,NSE:BANKINDIA-EQ,115.9,116.9,111.6,114.0,1123620,FYERS_HISTORY,2026-08-08T23:02:53+05:30
2005-09-26,SMD-0032,BANKINDIA,NSE:BANKINDIA-EQ,115.6,119.45,115.0,118.25,1081191,FYERS_HISTORY,2026-08-08T23:02:53+05:30
2005-09-27,SMD-0032,BANKINDIA,NSE:BANKINDIA-EQ,118.25,122.5,118.25,122.0,1428314,FYERS_HISTORY,2026-08-08T23:02:53+05:30
2005-09-28,SMD-0032,BANKINDIA,NSE:BANKINDIA-EQ,123.0,123.0,118.85,120.55,1168522,FYERS_HISTORY,2026-08-08T23:02:53+05:30
2005-09-29,SMD-0032,BANKINDIA,NSE:BANKINDIA-EQ,120.55,121.9,118.55,120.25,1938934,FYERS_HISTORY,2026-08-08T23:02:53+05:30
2005-09-30,SMD-0032,BANKINDIA,NSE:BANKINDIA-EQ,121.1,128.4,118.0,122.9,1726427,FYERS_HISTORY,2026-08-08T23:02:53+05:30
2005-10-03,SMD-0032,BANKINDIA,NSE:BANKINDIA-EQ,128.9,128.9,125.0,125.6,1134842,FYERS_HISTORY,2026-08-08T23:02:53+05:30
2005-10-04,SMD-0032,BANKINDIA,NSE:BANKINDIA-EQ,125.6,133.1,125.05,132.35,2810844,FYERS_HISTORY,2026-08-08T23:02:53+05:30
2005-10-05,SMD-0032,BANKINDIA,NSE:BANKINDIA-EQ,121.15,134.0,121.15,128.45,2030787,FYERS_HISTORY,2026-08-08T23:02:53+05:30
2005-10-06,SMD-0032,BANKINDIA,NSE:BANKINDIA-EQ,125.0,128.35,122.75,123.4,1981196,FYERS_HISTORY,2026-08-08T23:02:53+05:30
2005-10-07,SMD-0032,BANKINDIA,NSE:BANKINDIA-EQ,124.1,124.9,120.0,121.85,1390574,FYERS_HISTORY,2026-08-08T23:02:53+05:30
2005-10-10,SMD-0032,BANKINDIA,NSE:BANKINDIA-EQ,122.8,123.95,118.5,118.75,877567,FYERS_HISTORY,2026-08-08T23:02:53+05:30
2005-10-11,SMD-0032,BANKINDIA,NSE:BANKINDIA-EQ,118.5,127.25,118.5,126.05,3204834,FYERS_HISTORY,2026-08-08T23:02:53+05:30
2005-10-13,SMD-0032,BANKINDIA,NSE:BANKINDIA-EQ,126.0,127.05,119.0,119.85,1962140,FYERS_HISTORY,2026-08-08T23:02:53+05:30
2005-10-14,SMD-0032,BANKINDIA,NSE:BANKINDIA-EQ,121.0,122.5,114.55,116.1,2821070,FYERS_HISTORY,2026-08-08T23:02:53+05:30
2005-10-17,SMD-0032,BANKINDIA,NSE:BANKINDIA-EQ,119.0,119.0,112.6,114.15,2197208,FYERS_HISTORY,2026-08-08T23:02:53+05:30
2005-10-18,SMD-0032,BANKINDIA,NSE:BANKINDIA-EQ,114.25,116.0,111.0,111.85,1718751,FYERS_HISTORY,2026-08-08T23:02:53+05:30
2005-10-19,SMD-0032,BANKINDIA,NSE:BANKINDIA-EQ,111.1,111.7,105.0,106.25,1882519,FYERS_HISTORY,2026-08-08T23:02:53+05:30
2005-10-20,SMD-0032,BANKINDIA,NSE:BANKINDIA-EQ,108.4,110.4,102.0,103.65,1569810,FYERS_HISTORY,2026-08-08T23:02:53+05:30
2005-10-21,SMD-0032,BANKINDIA,NSE:BANKINDIA-EQ,103.5,105.0,99.05,104.35,1561028,FYERS_HISTORY,2026-08-08T23:02:53+05:30
2005-10-24,SMD-0032,BANKINDIA,NSE:BANKINDIA-EQ,105.4,106.0,103.0,104.05,1190980,FYERS_HISTORY,2026-08-08T23:02:53+05:30
2005-10-25,SMD-0032,BANKINDIA,NSE:BANKINDIA-EQ,104.9,108.6,103.35,106.75,1482191,FYERS_HISTORY,2026-08-08T23:02:53+05:30
2005-10-26,SMD-0032,BANKINDIA,NSE:BANKINDIA-EQ,107.75,108.0,105.5,107.25,1029938,FYERS_HISTORY,2026-08-08T23:02:53+05:30
2005-10-27,SMD-0032,BANKINDIA,NSE:BANKINDIA-EQ,108.0,108.0,97.35,100.4,1371953,FYERS_HISTORY,2026-08-08T23:02:53+05:30
2005-10-28,SMD-0032,BANKINDIA,NSE:BANKINDIA-EQ,102.0,103.0,100.0,102.1,1047095,FYERS_HISTORY,2026-08-08T23:02:53+05:30
2005-10-31,SMD-0032,BANKINDIA,NSE:BANKINDIA-EQ,102.9,109.0,102.6,107.0,878502,FYERS_HISTORY,2026-08-08T23:02:53+05:30
2005-11-01,SMD-0032,BANKINDIA,NSE:BANKINDIA-EQ,108.5,108.9,107.25,108.0,311991,FYERS_HISTORY,2026-08-08T23:02:53+05:30
2005-11-02,SMD-0032,BANKINDIA,NSE:BANKINDIA-EQ,108.3,110.0,105.3,109.2,674135,FYERS_HISTORY,2026-08-08T23:02:53+05:30
2005-11-07,SMD-0032,BANKINDIA,NSE:BANKINDIA-EQ,109.45,110.55,106.5,108.65,529909,FYERS_HISTORY,2026-08-08T23:02:53+05:30
2005-11-08,SMD-0032,BANKINDIA,NSE:BANKINDIA-EQ,110.0,116.4,109.4,114.95,1795088,FYERS_HISTORY,2026-08-08T23:02:53+05:30
2005-11-09,SMD-0032,BANKINDIA,NSE:BANKINDIA-EQ,116.0,116.5,110.1,113.1,1331667,FYERS_HISTORY,2026-08-08T23:02:53+05:30
2005-11-10,SMD-0032,BANKINDIA,NSE:BANKINDIA-EQ,113.8,115.0,112.05,112.85,716626,FYERS_HISTORY,2026-08-08T23:02:53+05:30
2005-11-11,SMD-0032,BANKINDIA,NSE:BANKINDIA-EQ,112.85,116.4,112.55,115.25,1071887,FYERS_HISTORY,2026-08-08T23:02:53+05:30
2005-11-14,SMD-0032,BANKINDIA,NSE:BANKINDIA-EQ,115.25,117.05,114.65,116.65,953058,FYERS_HISTORY,2026-08-08T23:02:53+05:30
2005-11-16,SMD-0032,BANKINDIA,NSE:BANKINDIA-EQ,117.0,120.9,116.75,119.65,1521527,FYERS_HISTORY,2026-08-08T23:02:53+05:30
2005-11-17,SMD-0032,BANKINDIA,NSE:BANKINDIA-EQ,119.3,120.75,116.65,117.7,1248418,FYERS_HISTORY,2026-08-08T23:02:53+05:30
2005-11-18,SMD-0032,BANKINDIA,NSE:BANKINDIA-EQ,118.85,119.35,114.6,114.9,935365,FYERS_HISTORY,2026-08-08T23:02:53+05:30
2005-11-21,SMD-0032,BANKINDIA,NSE:BANKINDIA-EQ,116.5,116.5,111.0,111.55,979280,FYERS_HISTORY,2026-08-08T23:02:53+05:30
2005-11-22,SMD-0032,BANKINDIA,NSE:BANKINDIA-EQ,112.0,112.0,109.2,110.35,1320591,FYERS_HISTORY,2026-08-08T23:02:53+05:30
2005-11-23,SMD-0032,BANKINDIA,NSE:BANKINDIA-EQ,111.05,113.4,109.6,112.15,737465,FYERS_HISTORY,2026-08-08T23:02:53+05:30
2005-11-24,SMD-0032,BANKINDIA,NSE:BANKINDIA-EQ,113.9,114.9,112.1,113.55,678711,FYERS_HISTORY,2026-08-08T23:02:53+05:30
2005-11-25,SMD-0032,BANKINDIA,NSE:BANKINDIA-EQ,114.7,117.3,114.0,115.1,2134760,FYERS_HISTORY,2026-08-08T23:02:53+05:30
2005-11-26,SMD-0032,BANKINDIA,NSE:BANKINDIA-EQ,115.0,119.0,114.8,117.5,666120,FYERS_HISTORY,2026-08-08T23:02:53+05:30
2005-11-28,SMD-0032,BANKINDIA,NSE:BANKINDIA-EQ,117.9,119.35,114.2,115.15,2410314,FYERS_HISTORY,2026-08-08T23:02:53+05:30
2005-11-29,SMD-0032,BANKINDIA,NSE:BANKINDIA-EQ,115.15,115.9,111.7,112.45,1091196,FYERS_HISTORY,2026-08-08T23:02:53+05:30
2005-11-30,SMD-0032,BANKINDIA,NSE:BANKINDIA-EQ,112.45,115.45,110.25,110.8,1646766,FYERS_HISTORY,2026-08-08T23:02:53+05:30
2005-12-01,SMD-0032,BANKINDIA,NSE:BANKINDIA-EQ,111.0,112.4,109.0,111.3,1546172,FYERS_HISTORY,2026-08-08T23:02:53+05:30
2005-12-02,SMD-0032,BANKINDIA,NSE:BANKINDIA-EQ,112.0,114.9,112.0,112.65,1513704,FYERS_HISTORY,2026-08-08T23:02:53+05:30
2005-12-05,SMD-0032,BANKINDIA,NSE:BANKINDIA-EQ,113.4,113.7,111.25,111.75,769561,FYERS_HISTORY,2026-08-08T23:02:53+05:30
2005-12-06,SMD-0032,BANKINDIA,NSE:BANKINDIA-EQ,112.0,112.05,109.15,109.8,680818,FYERS_HISTORY,2026-08-08T23:02:53+05:30
2005-12-07,SMD-0032,BANKINDIA,NSE:BANKINDIA-EQ,109.9,110.9,108.5,110.35,547567,FYERS_HISTORY,2026-08-08T23:02:53+05:30
2005-12-08,SMD-0032,BANKINDIA,NSE:BANKINDIA-EQ,110.0,111.7,109.5,110.45,613796,FYERS_HISTORY,2026-08-08T23:02:53+05:30
2005-12-09,SMD-0032,BANKINDIA,NSE:BANKINDIA-EQ,110.0,111.9,110.0,111.45,528758,FYERS_HISTORY,2026-08-08T23:02:53+05:30
2005-12-12,SMD-0032,BANKINDIA,NSE:BANKINDIA-EQ,111.5,117.0,111.5,116.2,1571549,FYERS_HISTORY,2026-08-08T23:02:53+05:30
2005-12-13,SMD-0032,BANKINDIA,NSE:BANKINDIA-EQ,116.5,125.0,116.2,124.0,6192395,FYERS_HISTORY,2026-08-08T23:02:53+05:30
2005-12-14,SMD-0032,BANKINDIA,NSE:BANKINDIA-EQ,124.0,128.0,120.15,126.2,4745311,FYERS_HISTORY,2026-08-08T23:02:53+05:30
2005-12-15,SMD-0032,BANKINDIA,NSE:BANKINDIA-EQ,125.5,126.0,117.6,118.65,1525243,FYERS_HISTORY,2026-08-08T23:02:53+05:30
2005-12-16,SMD-0032,BANKINDIA,NSE:BANKINDIA-EQ,119.5,124.3,116.55,123.3,3132293,FYERS_HISTORY,2026-08-08T23:02:53+05:30
2005-12-19,SMD-0032,BANKINDIA,NSE:BANKINDIA-EQ,124.0,130.5,123.0,129.7,3401385,FYERS_HISTORY,2026-08-08T23:02:53+05:30
2005-12-20,SMD-0032,BANKINDIA,NSE:BANKINDIA-EQ,130.1,134.8,125.5,131.95,5121483,FYERS_HISTORY,2026-08-08T23:02:53+05:30
2005-12-21,SMD-0032,BANKINDIA,NSE:BANKINDIA-EQ,131.0,132.9,127.5,128.2,1867974,FYERS_HISTORY,2026-08-08T23:02:53+05:30
2005-12-22,SMD-0032,BANKINDIA,NSE:BANKINDIA-EQ,127.7,130.85,126.0,127.1,1561084,FYERS_HISTORY,2026-08-08T23:02:53+05:30
2005-12-23,SMD-0032,BANKINDIA,NSE:BANKINDIA-EQ,127.1,128.8,121.2,122.15,1339111,FYERS_HISTORY,2026-08-08T23:02:53+05:30
2005-12-26,SMD-0032,BANKINDIA,NSE:BANKINDIA-EQ,120.5,122.9,115.05,116.5,956638,FYERS_HISTORY,2026-08-08T23:02:53+05:30
2005-12-27,SMD-0032,BANKINDIA,NSE:BANKINDIA-EQ,118.0,122.8,113.55,121.9,955529,FYERS_HISTORY,2026-08-08T23:02:53+05:30
2005-12-28,SMD-0032,BANKINDIA,NSE:BANKINDIA-EQ,121.75,123.8,117.9,119.0,1367115,FYERS_HISTORY,2026-08-08T23:02:53+05:30
2005-12-29,SMD-0032,BANKINDIA,NSE:BANKINDIA-EQ,119.1,122.65,118.7,120.85,1372042,FYERS_HISTORY,2026-08-08T23:02:53+05:30
2005-12-30,SMD-0032,BANKINDIA,NSE:BANKINDIA-EQ,121.0,127.5,120.0,126.9,1544403,FYERS_HISTORY,2026-08-08T23:02:54+05:30
2006-01-02,SMD-0032,BANKINDIA,NSE:BANKINDIA-EQ,126.9,128.3,125.0,125.35,1019256,FYERS_HISTORY,2026-08-08T23:02:54+05:30
2006-01-03,SMD-0032,BANKINDIA,NSE:BANKINDIA-EQ,125.0,127.7,125.0,126.45,680512,FYERS_HISTORY,2026-08-08T23:02:54+05:30
2006-01-04,SMD-0032,BANKINDIA,NSE:BANKINDIA-EQ,127.4,132.9,126.25,132.15,2982846,FYERS_HISTORY,2026-08-08T23:02:54+05:30
2006-01-05,SMD-0032,BANKINDIA,NSE:BANKINDIA-EQ,132.0,143.5,132.0,141.55,5820499,FYERS_HISTORY,2026-08-08T23:02:54+05:30
2006-01-06,SMD-0032,BANKINDIA,NSE:BANKINDIA-EQ,142.0,143.0,135.2,137.0,2558083,FYERS_HISTORY,2026-08-08T23:02:54+05:30
2006-01-09,SMD-0032,BANKINDIA,NSE:BANKINDIA-EQ,136.5,138.4,134.0,134.95,1228527,FYERS_HISTORY,2026-08-08T23:02:54+05:30
2006-01-10,SMD-0032,BANKINDIA,NSE:BANKINDIA-EQ,135.0,140.9,133.0,135.05,2542559,FYERS_HISTORY,2026-08-08T23:02:54+05:30
2006-01-12,SMD-0032,BANKINDIA,NSE:BANKINDIA-EQ,134.7,137.75,132.1,134.0,1216155,FYERS_HISTORY,2026-08-08T23:02:54+05:30
2006-01-13,SMD-0032,BANKINDIA,NSE:BANKINDIA-EQ,134.0,136.7,132.1,133.35,855306,FYERS_HISTORY,2026-08-08T23:02:54+05:30
2006-01-16,SMD-0032,BANKINDIA,NSE:BANKINDIA-EQ,133.85,133.85,129.0,130.0,730283,FYERS_HISTORY,2026-08-08T23:02:54+05:30
2006-01-17,SMD-0032,BANKINDIA,NSE:BANKINDIA-EQ,130.0,132.0,125.25,125.95,990461,FYERS_HISTORY,2026-08-08T23:02:54+05:30
2006-01-18,SMD-0032,BANKINDIA,NSE:BANKINDIA-EQ,124.0,126.25,120.65,122.75,1506502,FYERS_HISTORY,2026-08-08T23:02:54+05:30
2006-01-19,SMD-0032,BANKINDIA,NSE:BANKINDIA-EQ,121.0,127.75,121.0,126.7,1157112,FYERS_HISTORY,2026-08-08T23:02:54+05:30
2006-01-20,SMD-0032,BANKINDIA,NSE:BANKINDIA-EQ,128.5,129.4,125.15,126.7,1283317,FYERS_HISTORY,2026-08-08T23:02:54+05:30
2006-01-23,SMD-0032,BANKINDIA,NSE:BANKINDIA-EQ,127.5,132.0,126.0,130.8,1477637,FYERS_HISTORY,2026-08-08T23:02:54+05:30
2006-01-24,SMD-0032,BANKINDIA,NSE:BANKINDIA-EQ,131.5,134.1,129.1,129.65,1843206,FYERS_HISTORY,2026-08-08T23:02:54+05:30
2006-01-25,SMD-0032,BANKINDIA,NSE:BANKINDIA-EQ,131.2,131.9,123.4,124.65,2543584,FYERS_HISTORY,2026-08-08T23:02:54+05:30
2006-01-27,SMD-0032,BANKINDIA,NSE:BANKINDIA-EQ,126.65,134.65,125.9,133.4,2177822,FYERS_HISTORY,2026-08-08T23:02:54+05:30
2006-01-30,SMD-0032,BANKINDIA,NSE:BANKINDIA-EQ,135.8,135.8,128.1,129.6,1017727,FYERS_HISTORY,2026-08-08T23:02:54+05:30
2006-01-31,SMD-0032,BANKINDIA,NSE:BANKINDIA-EQ,131.45,132.45,128.6,129.85,783658,FYERS_HISTORY,2026-08-08T23:02:54+05:30
2006-02-01,SMD-0032,BANKINDIA,NSE:BANKINDIA-EQ,130.05,130.9,124.1,125.15,1044784,FYERS_HISTORY,2026-08-08T23:02:54+05:30
2006-02-02,SMD-0032,BANKINDIA,NSE:BANKINDIA-EQ,127.5,127.5,120.4,122.1,1088190,FYERS_HISTORY,2026-08-08T23:02:54+05:30
2006-02-03,SMD-0032,BANKINDIA,NSE:BANKINDIA-EQ,123.0,123.75,117.15,118.05,2261749,FYERS_HISTORY,2026-08-08T23:02:54+05:30
2006-02-06,SMD-0032,BANKINDIA,NSE:BANKINDIA-EQ,118.5,121.6,116.5,120.25,1501125,FYERS_HISTORY,2026-08-08T23:02:54+05:30
2006-02-07,SMD-0032,BANKINDIA,NSE:BANKINDIA-EQ,121.0,129.9,120.95,128.0,3653965,FYERS_HISTORY,2026-08-08T23:02:54+05:30
2006-02-08,SMD-0032,BANKINDIA,NSE:BANKINDIA-EQ,126.5,128.0,124.5,126.5,784377,FYERS_HISTORY,2026-08-08T23:02:54+05:30
2006-02-10,SMD-0032,BANKINDIA,NSE:BANKINDIA-EQ,126.0,133.7,126.0,132.65,1700855,FYERS_HISTORY,2026-08-08T23:02:54+05:30
2006-02-13,SMD-0032,BANKINDIA,NSE:BANKINDIA-EQ,134.9,136.5,132.0,134.15,1501774,FYERS_HISTORY,2026-08-08T23:02:54+05:30
2006-02-14,SMD-0032,BANKINDIA,NSE:BANKINDIA-EQ,135.8,139.45,134.75,136.0,2512119,FYERS_HISTORY,2026-08-08T23:02:54+05:30
2006-02-15,SMD-0032,BANKINDIA,NSE:BANKINDIA-EQ,136.5,137.4,128.6,129.75,2197906,FYERS_HISTORY,2026-08-08T23:02:54+05:30
2006-02-16,SMD-0032,BANKINDIA,NSE:BANKINDIA-EQ,132.0,142.4,129.5,140.1,4111026,FYERS_HISTORY,2026-08-08T23:02:54+05:30
2006-02-17,SMD-0032,BANKINDIA,NSE:BANKINDIA-EQ,138.1,141.0,130.5,131.05,2186668,FYERS_HISTORY,2026-08-08T23:02:54+05:30
2006-02-20,SMD-0032,BANKINDIA,NSE:BANKINDIA-EQ,131.0,132.4,127.25,129.95,1260381,FYERS_HISTORY,2026-08-08T23:02:54+05:30
2006-02-21,SMD-0032,BANKINDIA,NSE:BANKINDIA-EQ,131.0,133.2,130.0,131.0,733986,FYERS_HISTORY,2026-08-08T23:02:54+05:30
2006-02-22,SMD-0032,BANKINDIA,NSE:BANKINDIA-EQ,131.1,132.5,127.55,128.75,837252,FYERS_HISTORY,2026-08-08T23:02:54+05:30
2006-02-23,SMD-0032,BANKINDIA,NSE:BANKINDIA-EQ,130.0,130.5,125.05,126.95,1113115,FYERS_HISTORY,2026-08-08T23:02:54+05:30
2006-02-24,SMD-0032,BANKINDIA,NSE:BANKINDIA-EQ,128.5,137.3,127.6,135.55,2354049,FYERS_HISTORY,2026-08-08T23:02:54+05:30
2006-02-27,SMD-0032,BANKINDIA,NSE:BANKINDIA-EQ,136.5,138.0,133.6,136.7,1758811,FYERS_HISTORY,2026-08-08T23:02:54+05:30
2006-02-28,SMD-0032,BANKINDIA,NSE:BANKINDIA-EQ,135.1,137.85,131.5,134.25,1525583,FYERS_HISTORY,2026-08-08T23:02:54+05:30
2006-03-01,SMD-0032,BANKINDIA,NSE:BANKINDIA-EQ,133.3,135.9,132.3,134.3,765784,FYERS_HISTORY,2026-08-08T23:02:54+05:30
2006-03-02,SMD-0032,BANKINDIA,NSE:BANKINDIA-EQ,135.0,140.0,133.6,138.3,2102829,FYERS_HISTORY,2026-08-08T23:02:54+05:30
2006-03-03,SMD-0032,BANKINDIA,NSE:BANKINDIA-EQ,138.0,145.25,136.1,139.3,2960055,FYERS_HISTORY,2026-08-08T23:02:54+05:30
2006-03-06,SMD-0032,BANKINDIA,NSE:BANKINDIA-EQ,139.8,141.6,135.7,137.0,1624104,FYERS_HISTORY,2026-08-08T23:02:54+05:30
2006-03-07,SMD-0032,BANKINDIA,NSE:BANKINDIA-EQ,137.6,137.6,132.85,135.0,2295356,FYERS_HISTORY,2026-08-08T23:02:54+05:30
2006-03-08,SMD-0032,BANKINDIA,NSE:BANKINDIA-EQ,134.9,137.6,130.55,131.3,938520,FYERS_HISTORY,2026-08-08T23:02:54+05:30
2006-03-09,SMD-0032,BANKINDIA,NSE:BANKINDIA-EQ,131.9,132.9,127.75,129.1,1603151,FYERS_HISTORY,2026-08-08T23:02:54+05:30
2006-03-10,SMD-0032,BANKINDIA,NSE:BANKINDIA-EQ,129.5,135.0,129.5,132.5,1699387,FYERS_HISTORY,2026-08-08T23:02:54+05:30
2006-03-13,SMD-0032,BANKINDIA,NSE:BANKINDIA-EQ,134.4,136.0,133.0,133.65,1042769,FYERS_HISTORY,2026-08-08T23:02:54+05:30
2006-03-14,SMD-0032,BANKINDIA,NSE:BANKINDIA-EQ,134.0,137.2,132.25,133.9,2095642,FYERS_HISTORY,2026-08-08T23:02:54+05:30
2006-03-16,SMD-0032,BANKINDIA,NSE:BANKINDIA-EQ,135.4,135.5,132.2,133.65,637950,FYERS_HISTORY,2026-08-08T23:02:54+05:30
2006-03-17,SMD-0032,BANKINDIA,NSE:BANKINDIA-EQ,134.35,135.25,132.1,132.45,815989,FYERS_HISTORY,2026-08-08T23:02:54+05:30
2006-03-20,SMD-0032,BANKINDIA,NSE:BANKINDIA-EQ,133.0,134.1,130.1,130.85,1316114,FYERS_HISTORY,2026-08-08T23:02:54+05:30
2006-03-21,SMD-0032,BANKINDIA,NSE:BANKINDIA-EQ,132.0,133.9,129.3,130.2,1813520,FYERS_HISTORY,2026-08-08T23:02:54+05:30
2006-03-22,SMD-0032,BANKINDIA,NSE:BANKINDIA-EQ,130.5,132.8,129.15,131.1,902841,FYERS_HISTORY,2026-08-08T23:02:54+05:30
2006-03-23,SMD-0032,BANKINDIA,NSE:BANKINDIA-EQ,132.0,132.95,130.6,131.55,997002,FYERS_HISTORY,2026-08-08T23:02:54+05:30
2006-03-24,SMD-0032,BANKINDIA,NSE:BANKINDIA-EQ,132.0,134.5,131.6,133.8,1050908,FYERS_HISTORY,2026-08-08T23:02:54+05:30
2006-03-27,SMD-0032,BANKINDIA,NSE:BANKINDIA-EQ,134.0,138.0,134.0,136.8,1361295,FYERS_HISTORY,2026-08-08T23:02:54+05:30
2006-03-28,SMD-0032,BANKINDIA,NSE:BANKINDIA-EQ,137.2,138.65,133.05,133.75,386461,FYERS_HISTORY,2026-08-08T23:02:54+05:30
2006-03-29,SMD-0032,BANKINDIA,NSE:BANKINDIA-EQ,134.25,134.95,132.0,133.2,351611,FYERS_HISTORY,2026-08-08T23:02:54+05:30
2006-03-30,SMD-0032,BANKINDIA,NSE:BANKINDIA-EQ,133.7,134.7,130.15,131.35,687295,FYERS_HISTORY,2026-08-08T23:02:54+05:30
2006-03-31,SMD-0032,BANKINDIA,NSE:BANKINDIA-EQ,132.85,135.0,131.15,133.55,618757,FYERS_HISTORY,2026-08-08T23:02:54+05:30
2006-04-03,SMD-0032,BANKINDIA,NSE:BANKINDIA-EQ,134.35,134.75,131.0,132.45,1460025,FYERS_HISTORY,2026-08-08T23:02:54+05:30
2006-04-04,SMD-0032,BANKINDIA,NSE:BANKINDIA-EQ,134.0,135.5,132.55,133.0,2327934,FYERS_HISTORY,2026-08-08T23:02:54+05:30
2006-04-05,SMD-0032,BANKINDIA,NSE:BANKINDIA-EQ,135.7,139.4,134.25,137.35,1468269,FYERS_HISTORY,2026-08-08T23:02:54+05:30
2006-04-07,SMD-0032,BANKINDIA,NSE:BANKINDIA-EQ,139.0,139.75,128.05,130.8,3829350,FYERS_HISTORY,2026-08-08T23:02:54+05:30
2006-04-10,SMD-0032,BANKINDIA,NSE:BANKINDIA-EQ,132.8,132.8,129.1,130.6,727555,FYERS_HISTORY,2026-08-08T23:02:54+05:30
2006-04-12,SMD-0032,BANKINDIA,NSE:BANKINDIA-EQ,131.2,132.05,124.0,125.35,1245775,FYERS_HISTORY,2026-08-08T23:02:54+05:30
2006-04-13,SMD-0032,BANKINDIA,NSE:BANKINDIA-EQ,126.0,127.85,119.1,124.15,1663332,FYERS_HISTORY,2026-08-08T23:02:54+05:30
2006-04-17,SMD-0032,BANKINDIA,NSE:BANKINDIA-EQ,126.0,126.9,123.0,125.9,341513,FYERS_HISTORY,2026-08-08T23:02:54+05:30
2006-04-18,SMD-0032,BANKINDIA,NSE:BANKINDIA-EQ,127.0,130.9,126.0,126.55,778083,FYERS_HISTORY,2026-08-08T23:02:54+05:30
2006-04-19,SMD-0032,BANKINDIA,NSE:BANKINDIA-EQ,126.75,128.75,124.75,126.0,953545,FYERS_HISTORY,2026-08-08T23:02:54+05:30
2006-04-20,SMD-0032,BANKINDIA,NSE:BANKINDIA-EQ,127.0,127.8,125.2,125.75,295733,FYERS_HISTORY,2026-08-08T23:02:54+05:30
2006-04-21,SMD-0032,BANKINDIA,NSE:BANKINDIA-EQ,126.8,126.8,123.5,124.3,445998,FYERS_HISTORY,2026-08-08T23:02:54+05:30
2006-04-24,SMD-0032,BANKINDIA,NSE:BANKINDIA-EQ,124.85,125.4,122.8,123.85,436655,FYERS_HISTORY,2026-08-08T23:02:54+05:30
2006-04-25,SMD-0032,BANKINDIA,NSE:BANKINDIA-EQ,124.5,124.5,121.2,122.35,379880,FYERS_HISTORY,2026-08-08T23:02:54+05:30
2006-04-26,SMD-0032,BANKINDIA,NSE:BANKINDIA-EQ,123.4,124.5,121.15,123.7,945633,FYERS_HISTORY,2026-08-08T23:02:54+05:30
2006-04-27,SMD-0032,BANKINDIA,NSE:BANKINDIA-EQ,124.9,124.9,119.5,120.5,647189,FYERS_HISTORY,2026-08-08T23:02:54+05:30
2006-04-28,SMD-0032,BANKINDIA,NSE:BANKINDIA-EQ,119.2,124.5,115.0,121.4,1455730,FYERS_HISTORY,2026-08-08T23:02:54+05:30
2006-04-29,SMD-0032,BANKINDIA,NSE:BANKINDIA-EQ,124.0,124.85,122.9,124.05,425122,FYERS_HISTORY,2026-08-08T23:02:54+05:30
2006-05-02,SMD-0032,BANKINDIA,NSE:BANKINDIA-EQ,125.9,135.0,125.5,134.05,2761820,FYERS_HISTORY,2026-08-08T23:02:54+05:30
2006-05-03,SMD-0032,BANKINDIA,NSE:BANKINDIA-EQ,135.0,140.0,133.7,138.55,2070654,FYERS_HISTORY,2026-08-08T23:02:54+05:30
2006-05-04,SMD-0032,BANKINDIA,NSE:BANKINDIA-EQ,139.5,146.5,139.5,145.25,4084743,FYERS_HISTORY,2026-08-08T23:02:54+05:30
2006-05-05,SMD-0032,BANKINDIA,NSE:BANKINDIA-EQ,147.0,153.45,142.9,150.85,2328314,FYERS_HISTORY,2026-08-08T23:02:54+05:30
2006-05-08,SMD-0032,BANKINDIA,NSE:BANKINDIA-EQ,151.5,153.75,147.1,150.55,1950040,FYERS_HISTORY,2026-08-08T23:02:54+05:30
2006-05-09,SMD-0032,BANKINDIA,NSE:BANKINDIA-EQ,150.0,154.4,146.1,150.15,1604747,FYERS_HISTORY,2026-08-08T23:02:54+05:30
2006-05-10,SMD-0032,BANKINDIA,NSE:BANKINDIA-EQ,155.0,155.0,150.25,152.45,1593774,FYERS_HISTORY,2026-08-08T23:02:54+05:30
2006-05-11,SMD-0032,BANKINDIA,NSE:BANKINDIA-EQ,150.0,156.45,149.95,152.6,1498476,FYERS_HISTORY,2026-08-08T23:02:54+05:30
2006-05-12,SMD-0032,BANKINDIA,NSE:BANKINDIA-EQ,152.5,152.5,142.25,144.75,1783173,FYERS_HISTORY,2026-08-08T23:02:54+05:30
2006-05-15,SMD-0032,BANKINDIA,NSE:BANKINDIA-EQ,145.0,146.0,134.25,137.6,1164621,FYERS_HISTORY,2026-08-08T23:02:54+05:30
2006-05-16,SMD-0032,BANKINDIA,NSE:BANKINDIA-EQ,138.65,141.5,130.0,137.8,1011332,FYERS_HISTORY,2026-08-08T23:02:54+05:30
2006-05-17,SMD-0032,BANKINDIA,NSE:BANKINDIA-EQ,140.0,149.5,138.25,144.45,846066,FYERS_HISTORY,2026-08-08T23:02:54+05:30
2006-05-18,SMD-0032,BANKINDIA,NSE:BANKINDIA-EQ,145.5,145.5,130.0,132.4,1631496,FYERS_HISTORY,2026-08-08T23:02:54+05:30
2006-05-19,SMD-0032,BANKINDIA,NSE:BANKINDIA-EQ,135.9,141.5,125.0,128.4,2095235,FYERS_HISTORY,2026-08-08T23:02:54+05:30
2006-05-22,SMD-0032,BANKINDIA,NSE:BANKINDIA-EQ,128.0,131.0,114.0,119.15,1369374,FYERS_HISTORY,2026-08-08T23:02:54+05:30
2006-05-23,SMD-0032,BANKINDIA,NSE:BANKINDIA-EQ,120.0,129.5,117.15,126.75,1053672,FYERS_HISTORY,2026-08-08T23:02:54+05:30
2006-05-24,SMD-0032,BANKINDIA,NSE:BANKINDIA-EQ,128.9,128.9,119.5,120.7,1173166,FYERS_HISTORY,2026-08-08T23:02:54+05:30
2006-05-25,SMD-0032,BANKINDIA,NSE:BANKINDIA-EQ,121.0,124.5,114.9,119.9,1384839,FYERS_HISTORY,2026-08-08T23:02:54+05:30
2006-05-26,SMD-0032,BANKINDIA,NSE:BANKINDIA-EQ,121.9,126.4,121.9,122.95,734747,FYERS_HISTORY,2026-08-08T23:02:54+05:30
2006-05-29,SMD-0032,BANKINDIA,NSE:BANKINDIA-EQ,124.6,127.0,121.1,122.75,719870,FYERS_HISTORY,2026-08-08T23:02:54+05:30
2006-05-30,SMD-0032,BANKINDIA,NSE:BANKINDIA-EQ,122.65,123.4,119.1,120.3,738739,FYERS_HISTORY,2026-08-08T23:02:54+05:30
2006-05-31,SMD-0032,BANKINDIA,NSE:BANKINDIA-EQ,119.0,120.9,111.45,114.05,1294631,FYERS_HISTORY,2026-08-08T23:02:54+05:30
2006-06-01,SMD-0032,BANKINDIA,NSE:BANKINDIA-EQ,117.25,118.25,112.65,114.05,1175116,FYERS_HISTORY,2026-08-08T23:02:54+05:30
2006-06-02,SMD-0032,BANKINDIA,NSE:BANKINDIA-EQ,114.0,115.7,110.8,113.65,1083069,FYERS_HISTORY,2026-08-08T23:02:54+05:30
2006-06-05,SMD-0032,BANKINDIA,NSE:BANKINDIA-EQ,114.05,116.3,111.25,112.65,495949,FYERS_HISTORY,2026-08-08T23:02:54+05:30
2006-06-06,SMD-0032,BANKINDIA,NSE:BANKINDIA-EQ,111.0,119.0,108.0,115.55,781495,FYERS_HISTORY,2026-08-08T23:02:54+05:30
2006-06-07,SMD-0032,BANKINDIA,NSE:BANKINDIA-EQ,114.0,116.85,105.0,107.3,867756,FYERS_HISTORY,2026-08-08T23:02:54+05:30
2006-06-08,SMD-0032,BANKINDIA,NSE:BANKINDIA-EQ,107.7,107.7,93.05,98.45,745702,FYERS_HISTORY,2026-08-08T23:02:54+05:30
2006-06-09,SMD-0032,BANKINDIA,NSE:BANKINDIA-EQ,98.45,113.45,95.25,111.9,1991129,FYERS_HISTORY,2026-08-08T23:02:54+05:30
2006-06-12,SMD-0032,BANKINDIA,NSE:BANKINDIA-EQ,111.0,112.0,102.0,103.7,725213,FYERS_HISTORY,2026-08-08T23:02:54+05:30
2006-06-13,SMD-0032,BANKINDIA,NSE:BANKINDIA-EQ,102.0,102.0,96.0,99.35,824627,FYERS_HISTORY,2026-08-08T23:02:54+05:30
2006-06-14,SMD-0032,BANKINDIA,NSE:BANKINDIA-EQ,100.0,107.9,94.0,95.9,635990,FYERS_HISTORY,2026-08-08T23:02:54+05:30
2006-06-15,SMD-0032,BANKINDIA,NSE:BANKINDIA-EQ,99.4,110.0,97.4,100.2,662062,FYERS_HISTORY,2026-08-08T23:02:54+05:30
2006-06-16,SMD-0032,BANKINDIA,NSE:BANKINDIA-EQ,105.0,106.0,98.9,100.35,929702,FYERS_HISTORY,2026-08-08T23:02:54+05:30
2006-06-19,SMD-0032,BANKINDIA,NSE:BANKINDIA-EQ,101.0,104.0,100.0,102.8,488260,FYERS_HISTORY,2026-08-08T23:02:54+05:30
2006-06-20,SMD-0032,BANKINDIA,NSE:BANKINDIA-EQ,104.0,104.8,97.2,102.6,613597,FYERS_HISTORY,2026-08-08T23:02:54+05:30
2006-06-21,SMD-0032,BANKINDIA,NSE:BANKINDIA-EQ,102.9,107.5,100.75,105.65,942472,FYERS_HISTORY,2026-08-08T23:02:54+05:30
2006-06-22,SMD-0032,BANKINDIA,NSE:BANKINDIA-EQ,108.0,111.4,105.8,109.1,1664967,FYERS_HISTORY,2026-08-08T23:02:54+05:30
2006-06-23,SMD-0032,BANKINDIA,NSE:BANKINDIA-EQ,108.0,108.15,103.2,106.35,518196,FYERS_HISTORY,2026-08-08T23:02:54+05:30
2006-06-25,SMD-0032,BANKINDIA,NSE:BANKINDIA-EQ,108.45,108.45,105.5,106.05,37935,FYERS_HISTORY,2026-08-08T23:02:54+05:30
2006-06-26,SMD-0032,BANKINDIA,NSE:BANKINDIA-EQ,107.0,107.45,100.0,101.05,410969,FYERS_HISTORY,2026-08-08T23:02:54+05:30
2006-06-27,SMD-0032,BANKINDIA,NSE:BANKINDIA-EQ,102.65,102.85,98.2,100.05,958330,FYERS_HISTORY,2026-08-08T23:02:54+05:30
2006-06-28,SMD-0032,BANKINDIA,NSE:BANKINDIA-EQ,98.5,99.2,97.05,97.45,1003085,FYERS_HISTORY,2026-08-08T23:02:54+05:30
2006-06-29,SMD-0032,BANKINDIA,NSE:BANKINDIA-EQ,99.95,100.85,96.4,97.2,1152960,FYERS_HISTORY,2026-08-08T23:02:54+05:30
2006-06-30,SMD-0032,BANKINDIA,NSE:BANKINDIA-EQ,100.7,103.65,100.7,102.25,706122,FYERS_HISTORY,2026-08-08T23:02:54+05:30
2006-07-03,SMD-0032,BANKINDIA,NSE:BANKINDIA-EQ,102.0,103.45,99.35,100.3,808867,FYERS_HISTORY,2026-08-08T23:02:54+05:30
2006-07-04,SMD-0032,BANKINDIA,NSE:BANKINDIA-EQ,100.2,100.9,97.85,99.7,1039871,FYERS_HISTORY,2026-08-08T23:02:54+05:30
2006-07-05,SMD-0032,BANKINDIA,NSE:BANKINDIA-EQ,100.85,103.1,99.5,101.55,1086011,FYERS_HISTORY,2026-08-08T23:02:54+05:30
2006-07-06,SMD-0032,BANKINDIA,NSE:BANKINDIA-EQ,101.0,103.9,99.75,101.2,644385,FYERS_HISTORY,2026-08-08T23:02:54+05:30
2006-07-07,SMD-0032,BANKINDIA,NSE:BANKINDIA-EQ,102.8,102.8,97.8,98.1,376010,FYERS_HISTORY,2026-08-08T23:02:54+05:30
2006-07-10,SMD-0032,BANKINDIA,NSE:BANKINDIA-EQ,99.05,100.0,97.0,98.05,821040,FYERS_HISTORY,2026-08-08T23:02:54+05:30
2006-07-11,SMD-0032,BANKINDIA,NSE:BANKINDIA-EQ,98.0,99.8,97.5,99.55,464414,FYERS_HISTORY,2026-08-08T23:02:54+05:30
2006-07-12,SMD-0032,BANKINDIA,NSE:BANKINDIA-EQ,98.55,98.9,97.1,97.85,381388,FYERS_HISTORY,2026-08-08T23:02:54+05:30
2006-07-13,SMD-0032,BANKINDIA,NSE:BANKINDIA-EQ,97.7,99.0,95.05,95.35,1181530,FYERS_HISTORY,2026-08-08T23:02:54+05:30
2006-07-14,SMD-0032,BANKINDIA,NSE:BANKINDIA-EQ,95.0,95.05,90.45,91.65,988878,FYERS_HISTORY,2026-08-08T23:02:54+05:30
2006-07-17,SMD-0032,BANKINDIA,NSE:BANKINDIA-EQ,91.5,91.5,85.05,85.55,1208240,FYERS_HISTORY,2026-08-08T23:02:54+05:30
2006-07-18,SMD-0032,BANKINDIA,NSE:BANKINDIA-EQ,85.55,86.4,80.3,82.3,1293123,FYERS_HISTORY,2026-08-08T23:02:54+05:30
2006-07-19,SMD-0032,BANKINDIA,NSE:BANKINDIA-EQ,83.0,83.75,79.65,80.1,1092174,FYERS_HISTORY,2026-08-08T23:02:54+05:30
2006-07-20,SMD-0032,BANKINDIA,NSE:BANKINDIA-EQ,82.0,87.65,82.0,86.6,1847241,FYERS_HISTORY,2026-08-08T23:02:54+05:30
2006-07-21,SMD-0032,BANKINDIA,NSE:BANKINDIA-EQ,86.0,89.9,85.25,89.05,2018744,FYERS_HISTORY,2026-08-08T23:02:54+05:30
2006-07-24,SMD-0032,BANKINDIA,NSE:BANKINDIA-EQ,88.45,96.7,88.2,96.1,2555562,FYERS_HISTORY,2026-08-08T23:02:54+05:30
2006-07-25,SMD-0032,BANKINDIA,NSE:BANKINDIA-EQ,97.0,99.9,94.15,98.7,2537702,FYERS_HISTORY,2026-08-08T23:02:54+05:30
2006-07-26,SMD-0032,BANKINDIA,NSE:BANKINDIA-EQ,98.85,105.2,96.5,102.75,3368244,FYERS_HISTORY,2026-08-08T23:02:54+05:30
2006-07-27,SMD-0032,BANKINDIA,NSE:BANKINDIA-EQ,103.5,110.2,101.6,108.45,2318774,FYERS_HISTORY,2026-08-08T23:02:54+05:30
2006-07-28,SMD-0032,BANKINDIA,NSE:BANKINDIA-EQ,108.0,111.85,106.5,109.95,1793219,FYERS_HISTORY,2026-08-08T23:02:54+05:30
2006-07-31,SMD-0032,BANKINDIA,NSE:BANKINDIA-EQ,112.85,131.95,109.5,110.8,1274859,FYERS_HISTORY,2026-08-08T23:02:54+05:30
2006-08-01,SMD-0032,BANKINDIA,NSE:BANKINDIA-EQ,110.7,111.45,106.1,110.05,1904939,FYERS_HISTORY,2026-08-08T23:02:54+05:30
2006-08-02,SMD-0032,BANKINDIA,NSE:BANKINDIA-EQ,109.95,116.0,109.5,115.2,2308338,FYERS_HISTORY,2026-08-08T23:02:54+05:30
2006-08-03,SMD-0032,BANKINDIA,NSE:BANKINDIA-EQ,115.0,121.45,114.9,119.4,3489239,FYERS_HISTORY,2026-08-08T23:02:54+05:30
2006-08-04,SMD-0032,BANKINDIA,NSE:BANKINDIA-EQ,119.0,120.25,114.1,116.5,2959858,FYERS_HISTORY,2026-08-08T23:02:54+05:30
2006-08-07,SMD-0032,BANKINDIA,NSE:BANKINDIA-EQ,116.75,117.5,113.0,116.65,1673734,FYERS_HISTORY,2026-08-08T23:02:54+05:30
2006-08-08,SMD-0032,BANKINDIA,NSE:BANKINDIA-EQ,117.0,119.5,117.0,119.0,1186848,FYERS_HISTORY,2026-08-08T23:02:54+05:30
2006-08-09,SMD-0032,BANKINDIA,NSE:BANKINDIA-EQ,118.0,128.0,118.0,126.75,2746213,FYERS_HISTORY,2026-08-08T23:02:54+05:30
2006-08-10,SMD-0032,BANKINDIA,NSE:BANKINDIA-EQ,127.0,130.0,125.05,129.25,2546037,FYERS_HISTORY,2026-08-08T23:02:54+05:30
2006-08-11,SMD-0032,BANKINDIA,NSE:BANKINDIA-EQ,129.9,131.4,126.35,127.25,1167096,FYERS_HISTORY,2026-08-08T23:02:54+05:30
2006-08-14,SMD-0032,BANKINDIA,NSE:BANKINDIA-EQ,127.5,130.0,127.5,129.35,718117,FYERS_HISTORY,2026-08-08T23:02:54+05:30
2006-08-16,SMD-0032,BANKINDIA,NSE:BANKINDIA-EQ,130.1,131.85,129.0,130.0,917224,FYERS_HISTORY,2026-08-08T23:02:54+05:30
2006-08-17,SMD-0032,BANKINDIA,NSE:BANKINDIA-EQ,131.0,131.35,127.0,128.15,431886,FYERS_HISTORY,2026-08-08T23:02:54+05:30
2006-08-18,SMD-0032,BANKINDIA,NSE:BANKINDIA-EQ,128.0,129.0,124.2,126.05,350670,FYERS_HISTORY,2026-08-08T23:02:54+05:30
2006-08-21,SMD-0032,BANKINDIA,NSE:BANKINDIA-EQ,126.0,137.2,124.5,136.15,2005572,FYERS_HISTORY,2026-08-08T23:02:54+05:30
2006-08-22,SMD-0032,BANKINDIA,NSE:BANKINDIA-EQ,137.5,138.0,131.3,132.5,878922,FYERS_HISTORY,2026-08-08T23:02:54+05:30
2006-08-23,SMD-0032,BANKINDIA,NSE:BANKINDIA-EQ,131.0,132.7,127.5,128.4,1340754,FYERS_HISTORY,2026-08-08T23:02:54+05:30
2006-08-24,SMD-0032,BANKINDIA,NSE:BANKINDIA-EQ,128.0,133.5,125.5,133.4,3123545,FYERS_HISTORY,2026-08-08T23:02:54+05:30
2006-08-25,SMD-0032,BANKINDIA,NSE:BANKINDIA-EQ,134.0,136.0,131.5,134.75,1751621,FYERS_HISTORY,2026-08-08T23:02:54+05:30
2006-08-28,SMD-0032,BANKINDIA,NSE:BANKINDIA-EQ,135.0,139.85,134.0,137.75,1586518,FYERS_HISTORY,2026-08-08T23:02:54+05:30
2006-08-29,SMD-0032,BANKINDIA,NSE:BANKINDIA-EQ,138.5,145.0,138.0,143.7,2866377,FYERS_HISTORY,2026-08-08T23:02:54+05:30
2006-08-30,SMD-0032,BANKINDIA,NSE:BANKINDIA-EQ,144.0,146.8,141.0,144.65,2060491,FYERS_HISTORY,2026-08-08T23:02:54+05:30
2006-08-31,SMD-0032,BANKINDIA,NSE:BANKINDIA-EQ,145.0,147.4,141.5,142.75,2242922,FYERS_HISTORY,2026-08-08T23:02:54+05:30
2006-09-01,SMD-0032,BANKINDIA,NSE:BANKINDIA-EQ,143.0,145.2,141.0,142.25,973024,FYERS_HISTORY,2026-08-08T23:02:54+05:30
2006-09-04,SMD-0032,BANKINDIA,NSE:BANKINDIA-EQ,142.85,143.85,137.25,138.75,1461676,FYERS_HISTORY,2026-08-08T23:02:54+05:30
2006-09-05,SMD-0032,BANKINDIA,NSE:BANKINDIA-EQ,139.95,143.8,137.55,142.9,1590237,FYERS_HISTORY,2026-08-08T23:02:54+05:30
2006-09-06,SMD-0032,BANKINDIA,NSE:BANKINDIA-EQ,143.5,144.0,139.7,141.2,982956,FYERS_HISTORY,2026-08-08T23:02:54+05:30
2006-09-07,SMD-0032,BANKINDIA,NSE:BANKINDIA-EQ,141.5,142.9,139.0,141.9,1498481,FYERS_HISTORY,2026-08-08T23:02:54+05:30
2006-09-08,SMD-0032,BANKINDIA,NSE:BANKINDIA-EQ,142.2,143.5,138.75,140.65,915064,FYERS_HISTORY,2026-08-08T23:02:54+05:30
2006-09-11,SMD-0032,BANKINDIA,NSE:BANKINDIA-EQ,140.65,141.9,132.5,134.05,804416,FYERS_HISTORY,2026-08-08T23:02:54+05:30
2006-09-12,SMD-0032,BANKINDIA,NSE:BANKINDIA-EQ,133.1,140.0,131.0,139.55,1557867,FYERS_HISTORY,2026-08-08T23:02:54+05:30
2006-09-13,SMD-0032,BANKINDIA,NSE:BANKINDIA-EQ,139.5,150.85,139.1,149.75,3075332,FYERS_HISTORY,2026-08-08T23:02:54+05:30
2006-09-14,SMD-0032,BANKINDIA,NSE:BANKINDIA-EQ,149.95,156.4,148.0,154.8,2592988,FYERS_HISTORY,2026-08-08T23:02:54+05:30
2006-09-15,SMD-0032,BANKINDIA,NSE:BANKINDIA-EQ,153.5,155.5,150.25,153.3,2002793,FYERS_HISTORY,2026-08-08T23:02:54+05:30
2006-09-18,SMD-0032,BANKINDIA,NSE:BANKINDIA-EQ,153.3,154.0,151.2,152.2,1058990,FYERS_HISTORY,2026-08-08T23:02:54+05:30
2006-09-19,SMD-0032,BANKINDIA,NSE:BANKINDIA-EQ,153.0,153.5,148.15,150.65,1199454,FYERS_HISTORY,2026-08-08T23:02:54+05:30
2006-09-20,SMD-0032,BANKINDIA,NSE:BANKINDIA-EQ,147.5,152.45,146.25,151.45,650343,FYERS_HISTORY,2026-08-08T23:02:54+05:30
2006-09-21,SMD-0032,BANKINDIA,NSE:BANKINDIA-EQ,153.0,154.0,148.2,149.1,921595,FYERS_HISTORY,2026-08-08T23:02:54+05:30
2006-09-22,SMD-0032,BANKINDIA,NSE:BANKINDIA-EQ,148.75,151.85,146.45,148.2,860092,FYERS_HISTORY,2026-08-08T23:02:54+05:30
2006-09-25,SMD-0032,BANKINDIA,NSE:BANKINDIA-EQ,148.2,151.4,146.0,146.65,1216766,FYERS_HISTORY,2026-08-08T23:02:54+05:30
2006-09-26,SMD-0032,BANKINDIA,NSE:BANKINDIA-EQ,140.0,151.25,140.0,150.45,1710773,FYERS_HISTORY,2026-08-08T23:02:54+05:30
2006-09-27,SMD-0032,BANKINDIA,NSE:BANKINDIA-EQ,154.95,156.0,150.75,153.85,2720785,FYERS_HISTORY,2026-08-08T23:02:54+05:30
2006-09-28,SMD-0032,BANKINDIA,NSE:BANKINDIA-EQ,155.0,165.2,152.9,163.8,3785906,FYERS_HISTORY,2026-08-08T23:02:54+05:30
2006-09-29,SMD-0032,BANKINDIA,NSE:BANKINDIA-EQ,163.8,166.4,161.05,162.0,2137440,FYERS_HISTORY,2026-08-08T23:02:54+05:30
2006-10-03,SMD-0032,BANKINDIA,NSE:BANKINDIA-EQ,162.0,163.9,160.2,162.0,891360,FYERS_HISTORY,2026-08-08T23:02:54+05:30
2006-10-04,SMD-0032,BANKINDIA,NSE:BANKINDIA-EQ,162.0,162.1,155.6,156.35,2212243,FYERS_HISTORY,2026-08-08T23:02:54+05:30
2006-10-05,SMD-0032,BANKINDIA,NSE:BANKINDIA-EQ,157.0,167.75,157.0,166.9,2398722,FYERS_HISTORY,2026-08-08T23:02:54+05:30
2006-10-06,SMD-0032,BANKINDIA,NSE:BANKINDIA-EQ,166.9,167.5,163.1,165.3,1247944,FYERS_HISTORY,2026-08-08T23:02:54+05:30
2006-10-09,SMD-0032,BANKINDIA,NSE:BANKINDIA-EQ,164.0,168.85,162.0,166.5,1483989,FYERS_HISTORY,2026-08-08T23:02:54+05:30
2006-10-10,SMD-0032,BANKINDIA,NSE:BANKINDIA-EQ,167.0,169.4,163.5,164.85,964373,FYERS_HISTORY,2026-08-08T23:02:54+05:30
2006-10-11,SMD-0032,BANKINDIA,NSE:BANKINDIA-EQ,165.0,167.0,160.8,162.1,618395,FYERS_HISTORY,2026-08-08T23:02:54+05:30
2006-10-12,SMD-0032,BANKINDIA,NSE:BANKINDIA-EQ,162.1,163.8,159.25,163.2,1677660,FYERS_HISTORY,2026-08-08T23:02:54+05:30
2006-10-13,SMD-0032,BANKINDIA,NSE:BANKINDIA-EQ,164.0,165.5,159.1,160.3,1689682,FYERS_HISTORY,2026-08-08T23:02:54+05:30
2006-10-16,SMD-0032,BANKINDIA,NSE:BANKINDIA-EQ,161.15,164.0,156.65,158.85,1525959,FYERS_HISTORY,2026-08-08T23:02:54+05:30
2006-10-17,SMD-0032,BANKINDIA,NSE:BANKINDIA-EQ,159.0,163.0,156.65,162.05,1073128,FYERS_HISTORY,2026-08-08T23:02:54+05:30
2006-10-18,SMD-0032,BANKINDIA,NSE:BANKINDIA-EQ,162.5,163.5,159.6,160.25,835104,FYERS_HISTORY,2026-08-08T23:02:54+05:30
2006-10-19,SMD-0032,BANKINDIA,NSE:BANKINDIA-EQ,160.25,161.0,149.3,151.4,2425869,FYERS_HISTORY,2026-08-08T23:02:54+05:30
2006-10-20,SMD-0032,BANKINDIA,NSE:BANKINDIA-EQ,153.0,155.0,151.55,152.65,1371341,FYERS_HISTORY,2026-08-08T23:02:54+05:30
2006-10-21,SMD-0032,BANKINDIA,NSE:BANKINDIA-EQ,153.15,155.0,152.1,152.45,94311,FYERS_HISTORY,2026-08-08T23:02:54+05:30
2006-10-23,SMD-0032,BANKINDIA,NSE:BANKINDIA-EQ,152.0,153.8,147.5,148.0,676436,FYERS_HISTORY,2026-08-08T23:02:54+05:30
2006-10-26,SMD-0032,BANKINDIA,NSE:BANKINDIA-EQ,149.1,156.9,145.1,156.1,3329480,FYERS_HISTORY,2026-08-08T23:02:54+05:30
2006-10-27,SMD-0032,BANKINDIA,NSE:BANKINDIA-EQ,158.0,166.0,157.0,164.7,3855246,FYERS_HISTORY,2026-08-08T23:02:54+05:30
2006-10-30,SMD-0032,BANKINDIA,NSE:BANKINDIA-EQ,165.0,167.45,159.8,166.5,2274970,FYERS_HISTORY,2026-08-08T23:02:54+05:30
2006-10-31,SMD-0032,BANKINDIA,NSE:BANKINDIA-EQ,168.45,175.6,164.1,173.6,5828052,FYERS_HISTORY,2026-08-08T23:02:54+05:30
2006-11-01,SMD-0032,BANKINDIA,NSE:BANKINDIA-EQ,173.15,178.8,172.0,176.5,2383806,FYERS_HISTORY,2026-08-08T23:02:54+05:30
2006-11-02,SMD-0032,BANKINDIA,NSE:BANKINDIA-EQ,177.0,179.7,174.05,177.4,2072595,FYERS_HISTORY,2026-08-08T23:02:54+05:30
2006-11-03,SMD-0032,BANKINDIA,NSE:BANKINDIA-EQ,178.7,179.6,175.0,177.65,1949752,FYERS_HISTORY,2026-08-08T23:02:54+05:30
2006-11-06,SMD-0032,BANKINDIA,NSE:BANKINDIA-EQ,177.0,181.2,175.65,176.45,2055132,FYERS_HISTORY,2026-08-08T23:02:54+05:30
2006-11-07,SMD-0032,BANKINDIA,NSE:BANKINDIA-EQ,177.25,179.25,175.15,176.1,1696687,FYERS_HISTORY,2026-08-08T23:02:54+05:30
2006-11-08,SMD-0032,BANKINDIA,NSE:BANKINDIA-EQ,177.0,177.85,171.5,174.8,1573386,FYERS_HISTORY,2026-08-08T23:02:54+05:30
2006-11-09,SMD-0032,BANKINDIA,NSE:BANKINDIA-EQ,175.95,177.0,173.15,174.05,1341270,FYERS_HISTORY,2026-08-08T23:02:54+05:30
2006-11-10,SMD-0032,BANKINDIA,NSE:BANKINDIA-EQ,174.0,177.0,173.55,175.6,902455,FYERS_HISTORY,2026-08-08T23:02:54+05:30
2006-11-13,SMD-0032,BANKINDIA,NSE:BANKINDIA-EQ,175.5,177.1,175.05,175.55,458921,FYERS_HISTORY,2026-08-08T23:02:54+05:30
2006-11-14,SMD-0032,BANKINDIA,NSE:BANKINDIA-EQ,175.55,178.0,171.2,173.0,909187,FYERS_HISTORY,2026-08-08T23:02:54+05:30
2006-11-15,SMD-0032,BANKINDIA,NSE:BANKINDIA-EQ,174.65,187.4,172.45,186.2,4070027,FYERS_HISTORY,2026-08-08T23:02:54+05:30
2006-11-16,SMD-0032,BANKINDIA,NSE:BANKINDIA-EQ,186.0,197.4,185.0,192.25,6828715,FYERS_HISTORY,2026-08-08T23:02:54+05:30
2006-11-17,SMD-0032,BANKINDIA,NSE:BANKINDIA-EQ,192.0,195.0,186.1,190.8,2888112,FYERS_HISTORY,2026-08-08T23:02:54+05:30
2006-11-20,SMD-0032,BANKINDIA,NSE:BANKINDIA-EQ,194.0,194.0,182.2,186.9,3884219,FYERS_HISTORY,2026-08-08T23:02:54+05:30
2006-11-21,SMD-0032,BANKINDIA,NSE:BANKINDIA-EQ,181.95,192.4,181.95,190.15,1823309,FYERS_HISTORY,2026-08-08T23:02:54+05:30
2006-11-22,SMD-0032,BANKINDIA,NSE:BANKINDIA-EQ,190.0,196.55,190.0,193.9,2628668,FYERS_HISTORY,2026-08-08T23:02:54+05:30
2006-11-23,SMD-0032,BANKINDIA,NSE:BANKINDIA-EQ,193.65,199.6,191.75,197.5,2204498,FYERS_HISTORY,2026-08-08T23:02:54+05:30
2006-11-24,SMD-0032,BANKINDIA,NSE:BANKINDIA-EQ,186.25,201.85,186.25,200.3,2071284,FYERS_HISTORY,2026-08-08T23:02:54+05:30
2006-11-27,SMD-0032,BANKINDIA,NSE:BANKINDIA-EQ,200.0,203.7,200.0,202.15,1061884,FYERS_HISTORY,2026-08-08T23:02:54+05:30
2006-11-28,SMD-0032,BANKINDIA,NSE:BANKINDIA-EQ,195.0,201.5,195.0,197.35,2543466,FYERS_HISTORY,2026-08-08T23:02:54+05:30
2006-11-29,SMD-0032,BANKINDIA,NSE:BANKINDIA-EQ,196.7,203.5,196.7,200.3,2276446,FYERS_HISTORY,2026-08-08T23:02:54+05:30
2006-11-30,SMD-0032,BANKINDIA,NSE:BANKINDIA-EQ,200.6,202.4,197.9,200.8,2114813,FYERS_HISTORY,2026-08-08T23:02:54+05:30
2006-12-01,SMD-0032,BANKINDIA,NSE:BANKINDIA-EQ,202.0,209.6,200.0,208.85,1922125,FYERS_HISTORY,2026-08-08T23:02:54+05:30
2006-12-04,SMD-0032,BANKINDIA,NSE:BANKINDIA-EQ,208.0,212.4,206.05,207.0,1318233,FYERS_HISTORY,2026-08-08T23:02:54+05:30
2006-12-05,SMD-0032,BANKINDIA,NSE:BANKINDIA-EQ,208.0,210.9,205.4,206.75,1508454,FYERS_HISTORY,2026-08-08T23:02:54+05:30
2006-12-06,SMD-0032,BANKINDIA,NSE:BANKINDIA-EQ,208.05,208.5,203.1,204.9,707327,FYERS_HISTORY,2026-08-08T23:02:54+05:30
2006-12-07,SMD-0032,BANKINDIA,NSE:BANKINDIA-EQ,204.9,207.5,203.1,205.75,1151158,FYERS_HISTORY,2026-08-08T23:02:54+05:30
2006-12-08,SMD-0032,BANKINDIA,NSE:BANKINDIA-EQ,206.5,209.25,203.6,204.9,1719364,FYERS_HISTORY,2026-08-08T23:02:54+05:30
2006-12-11,SMD-0032,BANKINDIA,NSE:BANKINDIA-EQ,201.0,201.95,176.1,184.1,3629919,FYERS_HISTORY,2026-08-08T23:02:54+05:30
2006-12-12,SMD-0032,BANKINDIA,NSE:BANKINDIA-EQ,185.0,185.0,158.5,164.35,5112453,FYERS_HISTORY,2026-08-08T23:02:54+05:30
2006-12-13,SMD-0032,BANKINDIA,NSE:BANKINDIA-EQ,166.1,177.55,160.2,172.65,4796126,FYERS_HISTORY,2026-08-08T23:02:54+05:30
2006-12-14,SMD-0032,BANKINDIA,NSE:BANKINDIA-EQ,174.9,189.0,173.0,184.8,3303800,FYERS_HISTORY,2026-08-08T23:02:54+05:30
2006-12-15,SMD-0032,BANKINDIA,NSE:BANKINDIA-EQ,180.0,193.9,180.0,192.6,2925829,FYERS_HISTORY,2026-08-08T23:02:54+05:30
2006-12-18,SMD-0032,BANKINDIA,NSE:BANKINDIA-EQ,193.0,197.8,184.7,196.65,2481758,FYERS_HISTORY,2026-08-08T23:02:54+05:30
2006-12-19,SMD-0032,BANKINDIA,NSE:BANKINDIA-EQ,196.8,196.8,186.8,189.75,2237888,FYERS_HISTORY,2026-08-08T23:02:54+05:30
2006-12-20,SMD-0032,BANKINDIA,NSE:BANKINDIA-EQ,192.0,194.5,189.0,190.05,1651504,FYERS_HISTORY,2026-08-08T23:02:54+05:30
2006-12-21,SMD-0032,BANKINDIA,NSE:BANKINDIA-EQ,188.1,192.8,187.15,189.6,3161362,FYERS_HISTORY,2026-08-08T23:02:54+05:30
2006-12-22,SMD-0032,BANKINDIA,NSE:BANKINDIA-EQ,191.0,192.3,189.05,189.9,2266931,FYERS_HISTORY,2026-08-08T23:02:54+05:30
2006-12-26,SMD-0032,BANKINDIA,NSE:BANKINDIA-EQ,190.05,192.5,189.2,191.55,490988,FYERS_HISTORY,2026-08-08T23:02:54+05:30
2006-12-27,SMD-0032,BANKINDIA,NSE:BANKINDIA-EQ,194.0,196.9,192.0,194.95,977110,FYERS_HISTORY,2026-08-08T23:02:54+05:30
2006-12-28,SMD-0032,BANKINDIA,NSE:BANKINDIA-EQ,196.0,207.75,192.7,205.45,2006287,FYERS_HISTORY,2026-08-08T23:02:54+05:30
2006-12-29,SMD-0032,BANKINDIA,NSE:BANKINDIA-EQ,204.0,209.95,201.5,207.4,2025533,FYERS_HISTORY,2026-08-08T23:02:54+05:30
2007-01-02,SMD-0032,BANKINDIA,NSE:BANKINDIA-EQ,208.0,211.25,205.0,208.15,1340476,FYERS_HISTORY,2026-08-08T23:02:54+05:30
2007-01-03,SMD-0032,BANKINDIA,NSE:BANKINDIA-EQ,209.7,210.4,206.05,207.65,837727,FYERS_HISTORY,2026-08-08T23:02:54+05:30
2007-01-04,SMD-0032,BANKINDIA,NSE:BANKINDIA-EQ,208.15,214.1,208.15,209.9,1974841,FYERS_HISTORY,2026-08-08T23:02:54+05:30
2007-01-05,SMD-0032,BANKINDIA,NSE:BANKINDIA-EQ,208.95,211.2,202.55,204.2,1359810,FYERS_HISTORY,2026-08-08T23:02:54+05:30
2007-01-08,SMD-0032,BANKINDIA,NSE:BANKINDIA-EQ,204.0,205.0,198.2,199.7,992231,FYERS_HISTORY,2026-08-08T23:02:54+05:30
2007-01-09,SMD-0032,BANKINDIA,NSE:BANKINDIA-EQ,201.5,203.8,190.0,191.3,2993774,FYERS_HISTORY,2026-08-08T23:02:54+05:30
2007-01-10,SMD-0032,BANKINDIA,NSE:BANKINDIA-EQ,192.0,194.4,182.0,190.2,1956735,FYERS_HISTORY,2026-08-08T23:02:54+05:30
2007-01-11,SMD-0032,BANKINDIA,NSE:BANKINDIA-EQ,191.0,194.4,188.6,192.15,1825681,FYERS_HISTORY,2026-08-08T23:02:54+05:30
2007-01-12,SMD-0032,BANKINDIA,NSE:BANKINDIA-EQ,220.0,220.0,194.0,206.55,4639939,FYERS_HISTORY,2026-08-08T23:02:54+05:30
2007-01-15,SMD-0032,BANKINDIA,NSE:BANKINDIA-EQ,211.7,211.7,203.0,203.65,766076,FYERS_HISTORY,2026-08-08T23:02:54+05:30
2007-01-16,SMD-0032,BANKINDIA,NSE:BANKINDIA-EQ,203.6,206.0,201.0,201.9,1317376,FYERS_HISTORY,2026-08-08T23:02:54+05:30
2007-01-17,SMD-0032,BANKINDIA,NSE:BANKINDIA-EQ,202.0,205.3,201.0,202.55,891315,FYERS_HISTORY,2026-08-08T23:02:54+05:30
2007-01-18,SMD-0032,BANKINDIA,NSE:BANKINDIA-EQ,203.0,210.0,202.55,205.75,2178416,FYERS_HISTORY,2026-08-08T23:02:54+05:30
2007-01-19,SMD-0032,BANKINDIA,NSE:BANKINDIA-EQ,208.0,208.9,201.7,203.5,1031740,FYERS_HISTORY,2026-08-08T23:02:54+05:30
2007-01-22,SMD-0032,BANKINDIA,NSE:BANKINDIA-EQ,204.7,209.0,200.5,204.35,1864180,FYERS_HISTORY,2026-08-08T23:02:54+05:30
2007-01-23,SMD-0032,BANKINDIA,NSE:BANKINDIA-EQ,205.0,205.7,195.55,196.55,2313428,FYERS_HISTORY,2026-08-08T23:02:54+05:30
2007-01-24,SMD-0032,BANKINDIA,NSE:BANKINDIA-EQ,198.0,199.25,193.65,196.45,1268073,FYERS_HISTORY,2026-08-08T23:02:54+05:30
2007-01-25,SMD-0032,BANKINDIA,NSE:BANKINDIA-EQ,197.0,199.0,194.5,195.4,2223456,FYERS_HISTORY,2026-08-08T23:02:54+05:30
2007-01-29,SMD-0032,BANKINDIA,NSE:BANKINDIA-EQ,197.0,197.0,193.25,194.2,758616,FYERS_HISTORY,2026-08-08T23:02:54+05:30
2007-01-31,SMD-0032,BANKINDIA,NSE:BANKINDIA-EQ,195.05,197.6,186.0,191.1,3737705,FYERS_HISTORY,2026-08-08T23:02:54+05:30
2007-02-01,SMD-0032,BANKINDIA,NSE:BANKINDIA-EQ,192.0,198.65,190.0,196.15,3531103,FYERS_HISTORY,2026-08-08T23:02:54+05:30
2007-02-02,SMD-0032,BANKINDIA,NSE:BANKINDIA-EQ,198.0,198.0,192.05,194.15,2377297,FYERS_HISTORY,2026-08-08T23:02:54+05:30
2007-02-05,SMD-0032,BANKINDIA,NSE:BANKINDIA-EQ,225.0,225.0,191.7,194.4,1179367,FYERS_HISTORY,2026-08-08T23:02:54+05:30
2007-02-06,SMD-0032,BANKINDIA,NSE:BANKINDIA-EQ,196.0,196.5,191.25,192.05,1359578,FYERS_HISTORY,2026-08-08T23:02:54+05:30
2007-02-07,SMD-0032,BANKINDIA,NSE:BANKINDIA-EQ,191.5,198.5,190.1,192.4,2494015,FYERS_HISTORY,2026-08-08T23:02:54+05:30
2007-02-08,SMD-0032,BANKINDIA,NSE:BANKINDIA-EQ,191.25,197.0,191.25,192.3,442394,FYERS_HISTORY,2026-08-08T23:02:54+05:30
2007-02-09,SMD-0032,BANKINDIA,NSE:BANKINDIA-EQ,194.0,194.0,185.25,187.35,1054194,FYERS_HISTORY,2026-08-08T23:02:54+05:30
2007-02-12,SMD-0032,BANKINDIA,NSE:BANKINDIA-EQ,186.0,187.9,176.0,178.75,1466240,FYERS_HISTORY,2026-08-08T23:02:54+05:30
2007-02-13,SMD-0032,BANKINDIA,NSE:BANKINDIA-EQ,175.0,183.75,174.0,177.25,2068475,FYERS_HISTORY,2026-08-08T23:02:54+05:30
2007-02-14,SMD-0032,BANKINDIA,NSE:BANKINDIA-EQ,172.0,172.0,162.2,169.1,2841185,FYERS_HISTORY,2026-08-08T23:02:54+05:30
2007-02-15,SMD-0032,BANKINDIA,NSE:BANKINDIA-EQ,174.0,180.0,172.0,178.3,1624594,FYERS_HISTORY,2026-08-08T23:02:54+05:30
2007-02-19,SMD-0032,BANKINDIA,NSE:BANKINDIA-EQ,180.0,181.0,177.8,178.25,940556,FYERS_HISTORY,2026-08-08T23:02:54+05:30
2007-02-20,SMD-0032,BANKINDIA,NSE:BANKINDIA-EQ,180.5,180.5,175.0,175.8,803360,FYERS_HISTORY,2026-08-08T23:02:54+05:30
2007-02-21,SMD-0032,BANKINDIA,NSE:BANKINDIA-EQ,175.0,175.0,171.6,172.6,580093,FYERS_HISTORY,2026-08-08T23:02:54+05:30
2007-02-22,SMD-0032,BANKINDIA,NSE:BANKINDIA-EQ,172.0,173.7,161.3,163.9,1907710,FYERS_HISTORY,2026-08-08T23:02:54+05:30
2007-02-23,SMD-0032,BANKINDIA,NSE:BANKINDIA-EQ,165.0,167.5,155.0,157.45,1062821,FYERS_HISTORY,2026-08-08T23:02:54+05:30
2007-02-26,SMD-0032,BANKINDIA,NSE:BANKINDIA-EQ,160.0,168.3,155.15,163.75,941184,FYERS_HISTORY,2026-08-08T23:02:54+05:30
2007-02-27,SMD-0032,BANKINDIA,NSE:BANKINDIA-EQ,165.0,170.0,162.1,167.55,2407158,FYERS_HISTORY,2026-08-08T23:02:54+05:30
2007-02-28,SMD-0032,BANKINDIA,NSE:BANKINDIA-EQ,160.0,169.0,151.25,163.75,1357065,FYERS_HISTORY,2026-08-08T23:02:54+05:30
2007-03-01,SMD-0032,BANKINDIA,NSE:BANKINDIA-EQ,164.0,166.8,161.2,165.05,1444947,FYERS_HISTORY,2026-08-08T23:02:54+05:30
2007-03-02,SMD-0032,BANKINDIA,NSE:BANKINDIA-EQ,166.0,168.4,162.15,163.05,1480401,FYERS_HISTORY,2026-08-08T23:02:54+05:30
2007-03-05,SMD-0032,BANKINDIA,NSE:BANKINDIA-EQ,156.1,164.0,152.2,160.15,1291001,FYERS_HISTORY,2026-08-08T23:02:54+05:30
2007-03-06,SMD-0032,BANKINDIA,NSE:BANKINDIA-EQ,164.0,168.0,150.25,153.2,1265876,FYERS_HISTORY,2026-08-08T23:02:54+05:30
2007-03-07,SMD-0032,BANKINDIA,NSE:BANKINDIA-EQ,156.0,157.8,144.3,146.6,1734690,FYERS_HISTORY,2026-08-08T23:02:54+05:30
2007-03-08,SMD-0032,BANKINDIA,NSE:BANKINDIA-EQ,149.5,160.2,142.1,157.75,2088895,FYERS_HISTORY,2026-08-08T23:02:54+05:30
2007-03-09,SMD-0032,BANKINDIA,NSE:BANKINDIA-EQ,160.0,166.5,149.2,152.8,3454468,FYERS_HISTORY,2026-08-08T23:02:54+05:30
2007-03-12,SMD-0032,BANKINDIA,NSE:BANKINDIA-EQ,154.0,155.2,146.0,148.95,2071045,FYERS_HISTORY,2026-08-08T23:02:54+05:30
2007-03-13,SMD-0032,BANKINDIA,NSE:BANKINDIA-EQ,150.5,151.0,145.5,148.45,1130158,FYERS_HISTORY,2026-08-08T23:02:54+05:30
2007-03-14,SMD-0032,BANKINDIA,NSE:BANKINDIA-EQ,141.5,145.1,138.7,140.0,1177613,FYERS_HISTORY,2026-08-08T23:02:54+05:30
2007-03-15,SMD-0032,BANKINDIA,NSE:BANKINDIA-EQ,140.0,143.8,135.1,137.15,2878803,FYERS_HISTORY,2026-08-08T23:02:54+05:30
2007-03-16,SMD-0032,BANKINDIA,NSE:BANKINDIA-EQ,138.0,139.9,131.75,137.85,3672003,FYERS_HISTORY,2026-08-08T23:02:54+05:30
2007-03-19,SMD-0032,BANKINDIA,NSE:BANKINDIA-EQ,139.0,144.9,139.0,143.0,2200510,FYERS_HISTORY,2026-08-08T23:02:54+05:30
2007-03-20,SMD-0032,BANKINDIA,NSE:BANKINDIA-EQ,144.8,155.0,144.8,151.95,2999422,FYERS_HISTORY,2026-08-08T23:02:54+05:30
2007-03-21,SMD-0032,BANKINDIA,NSE:BANKINDIA-EQ,153.95,158.0,152.3,156.55,2115724,FYERS_HISTORY,2026-08-08T23:02:54+05:30
2007-03-22,SMD-0032,BANKINDIA,NSE:BANKINDIA-EQ,157.5,181.25,157.5,176.5,7210170,FYERS_HISTORY,2026-08-08T23:02:54+05:30
2007-03-23,SMD-0032,BANKINDIA,NSE:BANKINDIA-EQ,175.8,178.0,171.2,173.8,5292403,FYERS_HISTORY,2026-08-08T23:02:54+05:30
2007-03-26,SMD-0032,BANKINDIA,NSE:BANKINDIA-EQ,174.0,177.3,170.0,171.2,1865324,FYERS_HISTORY,2026-08-08T23:02:54+05:30
2007-03-28,SMD-0032,BANKINDIA,NSE:BANKINDIA-EQ,168.0,175.0,166.5,171.75,1534484,FYERS_HISTORY,2026-08-08T23:02:54+05:30
2007-03-29,SMD-0032,BANKINDIA,NSE:BANKINDIA-EQ,178.0,178.0,165.1,166.35,3667419,FYERS_HISTORY,2026-08-08T23:02:54+05:30
2007-03-30,SMD-0032,BANKINDIA,NSE:BANKINDIA-EQ,168.4,170.6,166.2,167.8,1337259,FYERS_HISTORY,2026-08-08T23:02:54+05:30
2007-04-02,SMD-0032,BANKINDIA,NSE:BANKINDIA-EQ,150.2,160.0,145.0,154.25,1881394,FYERS_HISTORY,2026-08-08T23:02:54+05:30
2007-04-03,SMD-0032,BANKINDIA,NSE:BANKINDIA-EQ,154.0,165.5,151.0,162.75,2886887,FYERS_HISTORY,2026-08-08T23:02:54+05:30
2007-04-04,SMD-0032,BANKINDIA,NSE:BANKINDIA-EQ,164.0,165.9,155.5,157.9,2413684,FYERS_HISTORY,2026-08-08T23:02:54+05:30
2007-04-05,SMD-0032,BANKINDIA,NSE:BANKINDIA-EQ,151.05,164.0,151.05,161.7,2947887,FYERS_HISTORY,2026-08-08T23:02:54+05:30
2007-04-09,SMD-0032,BANKINDIA,NSE:BANKINDIA-EQ,161.15,169.5,161.15,164.95,2190053,FYERS_HISTORY,2026-08-08T23:02:54+05:30
2007-04-10,SMD-0032,BANKINDIA,NSE:BANKINDIA-EQ,165.0,173.4,163.85,172.2,2962868,FYERS_HISTORY,2026-08-08T23:02:54+05:30
2007-04-11,SMD-0032,BANKINDIA,NSE:BANKINDIA-EQ,172.0,175.0,165.1,168.25,1060807,FYERS_HISTORY,2026-08-08T23:02:54+05:30
2007-04-12,SMD-0032,BANKINDIA,NSE:BANKINDIA-EQ,165.0,174.6,165.0,172.8,1948519,FYERS_HISTORY,2026-08-08T23:02:54+05:30
2007-04-13,SMD-0032,BANKINDIA,NSE:BANKINDIA-EQ,174.0,185.8,172.0,180.25,4382971,FYERS_HISTORY,2026-08-08T23:02:54+05:30
2007-04-16,SMD-0032,BANKINDIA,NSE:BANKINDIA-EQ,181.0,188.25,181.0,185.4,2091065,FYERS_HISTORY,2026-08-08T23:02:54+05:30
2007-04-17,SMD-0032,BANKINDIA,NSE:BANKINDIA-EQ,184.5,193.0,181.2,183.25,4652642,FYERS_HISTORY,2026-08-08T23:02:54+05:30
2007-04-18,SMD-0032,BANKINDIA,NSE:BANKINDIA-EQ,184.0,190.0,184.0,187.7,3777621,FYERS_HISTORY,2026-08-08T23:02:54+05:30
2007-04-19,SMD-0032,BANKINDIA,NSE:BANKINDIA-EQ,189.65,191.5,181.1,186.85,4716103,FYERS_HISTORY,2026-08-08T23:02:54+05:30
2007-04-20,SMD-0032,BANKINDIA,NSE:BANKINDIA-EQ,187.0,192.5,185.1,188.0,2816976,FYERS_HISTORY,2026-08-08T23:02:54+05:30
2007-04-23,SMD-0032,BANKINDIA,NSE:BANKINDIA-EQ,189.0,191.95,182.75,183.75,3378005,FYERS_HISTORY,2026-08-08T23:02:54+05:30
2007-04-24,SMD-0032,BANKINDIA,NSE:BANKINDIA-EQ,183.0,200.85,182.5,197.15,6133020,FYERS_HISTORY,2026-08-08T23:02:54+05:30
2007-04-25,SMD-0032,BANKINDIA,NSE:BANKINDIA-EQ,199.6,203.9,197.3,199.15,2986975,FYERS_HISTORY,2026-08-08T23:02:54+05:30
2007-04-26,SMD-0032,BANKINDIA,NSE:BANKINDIA-EQ,201.2,203.0,195.0,199.75,2647425,FYERS_HISTORY,2026-08-08T23:02:54+05:30
2007-04-27,SMD-0032,BANKINDIA,NSE:BANKINDIA-EQ,200.0,205.6,194.55,195.7,3013227,FYERS_HISTORY,2026-08-08T23:02:54+05:30
2007-04-30,SMD-0032,BANKINDIA,NSE:BANKINDIA-EQ,196.4,196.6,191.0,192.4,1519446,FYERS_HISTORY,2026-08-08T23:02:54+05:30
2007-05-03,SMD-0032,BANKINDIA,NSE:BANKINDIA-EQ,193.8,203.0,193.8,199.8,3827567,FYERS_HISTORY,2026-08-08T23:02:54+05:30
2007-05-04,SMD-0032,BANKINDIA,NSE:BANKINDIA-EQ,201.0,202.4,193.1,194.35,2974659,FYERS_HISTORY,2026-08-08T23:02:54+05:30
2007-05-07,SMD-0032,BANKINDIA,NSE:BANKINDIA-EQ,196.4,198.9,192.1,193.3,1028665,FYERS_HISTORY,2026-08-08T23:02:54+05:30
2007-05-08,SMD-0032,BANKINDIA,NSE:BANKINDIA-EQ,193.0,194.9,188.05,188.6,1488710,FYERS_HISTORY,2026-08-08T23:02:54+05:30
2007-05-09,SMD-0032,BANKINDIA,NSE:BANKINDIA-EQ,188.9,195.0,186.15,194.05,2095388,FYERS_HISTORY,2026-08-08T23:02:54+05:30
2007-05-10,SMD-0032,BANKINDIA,NSE:BANKINDIA-EQ,195.0,203.75,193.65,195.4,3593999,FYERS_HISTORY,2026-08-08T23:02:54+05:30
2007-05-11,SMD-0032,BANKINDIA,NSE:BANKINDIA-EQ,193.7,198.95,190.35,195.9,1924459,FYERS_HISTORY,2026-08-08T23:02:54+05:30
2007-05-14,SMD-0032,BANKINDIA,NSE:BANKINDIA-EQ,196.8,202.4,196.8,200.4,1695046,FYERS_HISTORY,2026-08-08T23:02:54+05:30
2007-05-15,SMD-0032,BANKINDIA,NSE:BANKINDIA-EQ,201.0,205.35,198.2,204.4,3946452,FYERS_HISTORY,2026-08-08T23:02:54+05:30
2007-05-16,SMD-0032,BANKINDIA,NSE:BANKINDIA-EQ,204.8,208.0,204.8,206.95,2245730,FYERS_HISTORY,2026-08-08T23:02:54+05:30
2007-05-17,SMD-0032,BANKINDIA,NSE:BANKINDIA-EQ,207.9,210.4,205.1,208.1,2426334,FYERS_HISTORY,2026-08-08T23:02:54+05:30
2007-05-18,SMD-0032,BANKINDIA,NSE:BANKINDIA-EQ,208.0,208.4,203.1,207.3,1884467,FYERS_HISTORY,2026-08-08T23:02:54+05:30
2007-05-21,SMD-0032,BANKINDIA,NSE:BANKINDIA-EQ,207.0,212.55,207.0,208.75,2322162,FYERS_HISTORY,2026-08-08T23:02:54+05:30
2007-05-22,SMD-0032,BANKINDIA,NSE:BANKINDIA-EQ,209.8,215.4,207.5,213.1,2263812,FYERS_HISTORY,2026-08-08T23:02:54+05:30
2007-05-23,SMD-0032,BANKINDIA,NSE:BANKINDIA-EQ,213.5,216.9,210.2,213.35,1651687,FYERS_HISTORY,2026-08-08T23:02:54+05:30
2007-05-24,SMD-0032,BANKINDIA,NSE:BANKINDIA-EQ,212.0,214.75,209.85,211.75,1089619,FYERS_HISTORY,2026-08-08T23:02:54+05:30
2007-05-25,SMD-0032,BANKINDIA,NSE:BANKINDIA-EQ,209.0,212.8,205.2,207.8,1316870,FYERS_HISTORY,2026-08-08T23:02:54+05:30
2007-05-28,SMD-0032,BANKINDIA,NSE:BANKINDIA-EQ,209.0,213.4,208.0,210.65,1335587,FYERS_HISTORY,2026-08-08T23:02:54+05:30
2007-05-29,SMD-0032,BANKINDIA,NSE:BANKINDIA-EQ,211.0,213.6,209.05,212.8,880727,FYERS_HISTORY,2026-08-08T23:02:54+05:30
2007-05-30,SMD-0032,BANKINDIA,NSE:BANKINDIA-EQ,211.7,214.6,208.15,209.15,884868,FYERS_HISTORY,2026-08-08T23:02:54+05:30
2007-05-31,SMD-0032,BANKINDIA,NSE:BANKINDIA-EQ,210.5,212.7,207.1,210.65,1264024,FYERS_HISTORY,2026-08-08T23:02:54+05:30
2007-06-01,SMD-0032,BANKINDIA,NSE:BANKINDIA-EQ,212.0,213.85,210.8,211.7,860933,FYERS_HISTORY,2026-08-08T23:02:54+05:30
2007-06-04,SMD-0032,BANKINDIA,NSE:BANKINDIA-EQ,211.7,216.0,211.7,213.55,878448,FYERS_HISTORY,2026-08-08T23:02:54+05:30
2007-06-05,SMD-0032,BANKINDIA,NSE:BANKINDIA-EQ,214.5,216.4,212.1,215.15,1066527,FYERS_HISTORY,2026-08-08T23:02:54+05:30
2007-06-06,SMD-0032,BANKINDIA,NSE:BANKINDIA-EQ,217.0,217.0,205.25,207.55,845172,FYERS_HISTORY,2026-08-08T23:02:54+05:30
2007-06-07,SMD-0032,BANKINDIA,NSE:BANKINDIA-EQ,205.0,208.7,199.75,202.35,1112124,FYERS_HISTORY,2026-08-08T23:02:54+05:30
2007-06-08,SMD-0032,BANKINDIA,NSE:BANKINDIA-EQ,201.0,204.2,196.0,198.55,1779575,FYERS_HISTORY,2026-08-08T23:02:54+05:30
2007-06-11,SMD-0032,BANKINDIA,NSE:BANKINDIA-EQ,202.0,203.9,195.3,197.2,866728,FYERS_HISTORY,2026-08-08T23:02:54+05:30
2007-06-12,SMD-0032,BANKINDIA,NSE:BANKINDIA-EQ,196.0,198.15,187.05,188.55,1345553,FYERS_HISTORY,2026-08-08T23:02:54+05:30
2007-06-13,SMD-0032,BANKINDIA,NSE:BANKINDIA-EQ,188.7,188.75,182.0,183.0,1245897,FYERS_HISTORY,2026-08-08T23:02:54+05:30
2007-06-14,SMD-0032,BANKINDIA,NSE:BANKINDIA-EQ,186.75,192.4,184.6,191.1,2300667,FYERS_HISTORY,2026-08-08T23:02:54+05:30
2007-06-15,SMD-0032,BANKINDIA,NSE:BANKINDIA-EQ,191.9,193.9,190.1,191.4,1104159,FYERS_HISTORY,2026-08-08T23:02:54+05:30
2007-06-18,SMD-0032,BANKINDIA,NSE:BANKINDIA-EQ,193.8,193.8,189.1,190.8,784046,FYERS_HISTORY,2026-08-08T23:02:54+05:30
2007-06-19,SMD-0032,BANKINDIA,NSE:BANKINDIA-EQ,193.95,205.0,190.0,204.0,1973095,FYERS_HISTORY,2026-08-08T23:02:54+05:30
2007-06-20,SMD-0032,BANKINDIA,NSE:BANKINDIA-EQ,204.0,218.0,204.0,213.75,3653497,FYERS_HISTORY,2026-08-08T23:02:54+05:30
2007-06-21,SMD-0032,BANKINDIA,NSE:BANKINDIA-EQ,215.0,217.5,210.05,215.9,1959702,FYERS_HISTORY,2026-08-08T23:02:54+05:30
2007-06-22,SMD-0032,BANKINDIA,NSE:BANKINDIA-EQ,216.0,225.85,216.0,223.6,3522447,FYERS_HISTORY,2026-08-08T23:02:54+05:30
2007-06-25,SMD-0032,BANKINDIA,NSE:BANKINDIA-EQ,222.95,223.8,218.6,220.35,2000151,FYERS_HISTORY,2026-08-08T23:02:54+05:30
2007-06-26,SMD-0032,BANKINDIA,NSE:BANKINDIA-EQ,236.0,236.0,217.1,219.35,1011929,FYERS_HISTORY,2026-08-08T23:02:54+05:30
2007-06-27,SMD-0032,BANKINDIA,NSE:BANKINDIA-EQ,220.5,224.4,216.15,220.3,1050130,FYERS_HISTORY,2026-08-08T23:02:54+05:30
2007-06-28,SMD-0032,BANKINDIA,NSE:BANKINDIA-EQ,221.0,227.5,220.8,225.3,1044007,FYERS_HISTORY,2026-08-08T23:02:54+05:30
2007-06-29,SMD-0032,BANKINDIA,NSE:BANKINDIA-EQ,227.0,235.4,224.5,231.7,3634199,FYERS_HISTORY,2026-08-08T23:02:54+05:30
2007-07-02,SMD-0032,BANKINDIA,NSE:BANKINDIA-EQ,232.5,234.0,226.5,227.8,1840910,FYERS_HISTORY,2026-08-08T23:02:54+05:30
2007-07-03,SMD-0032,BANKINDIA,NSE:BANKINDIA-EQ,228.0,233.4,227.55,228.9,1232778,FYERS_HISTORY,2026-08-08T23:02:54+05:30
2007-07-04,SMD-0032,BANKINDIA,NSE:BANKINDIA-EQ,230.2,230.4,223.0,223.9,680295,FYERS_HISTORY,2026-08-08T23:02:54+05:30
2007-07-05,SMD-0032,BANKINDIA,NSE:BANKINDIA-EQ,223.9,226.0,218.15,220.1,1492318,FYERS_HISTORY,2026-08-08T23:02:54+05:30
2007-07-06,SMD-0032,BANKINDIA,NSE:BANKINDIA-EQ,220.1,225.3,220.05,222.15,1281924,FYERS_HISTORY,2026-08-08T23:02:54+05:30
2007-07-09,SMD-0032,BANKINDIA,NSE:BANKINDIA-EQ,223.05,232.0,220.55,230.4,2645831,FYERS_HISTORY,2026-08-08T23:02:54+05:30
2007-07-10,SMD-0032,BANKINDIA,NSE:BANKINDIA-EQ,232.0,239.9,229.2,238.35,3661894,FYERS_HISTORY,2026-08-08T23:02:54+05:30
2007-07-11,SMD-0032,BANKINDIA,NSE:BANKINDIA-EQ,236.0,249.1,235.5,247.45,2703479,FYERS_HISTORY,2026-08-08T23:02:54+05:30
2007-07-12,SMD-0032,BANKINDIA,NSE:BANKINDIA-EQ,248.05,254.95,248.05,253.55,2994676,FYERS_HISTORY,2026-08-08T23:02:54+05:30
2007-07-13,SMD-0032,BANKINDIA,NSE:BANKINDIA-EQ,255.0,274.4,255.0,269.2,3334055,FYERS_HISTORY,2026-08-08T23:02:54+05:30
2007-07-16,SMD-0032,BANKINDIA,NSE:BANKINDIA-EQ,270.0,275.9,264.0,269.75,2368751,FYERS_HISTORY,2026-08-08T23:02:54+05:30
2007-07-17,SMD-0032,BANKINDIA,NSE:BANKINDIA-EQ,272.5,274.5,263.5,264.9,2147855,FYERS_HISTORY,2026-08-08T23:02:54+05:30
2007-07-18,SMD-0032,BANKINDIA,NSE:BANKINDIA-EQ,265.05,268.8,261.0,267.0,1586753,FYERS_HISTORY,2026-08-08T23:02:54+05:30
2007-07-19,SMD-0032,BANKINDIA,NSE:BANKINDIA-EQ,265.1,271.45,262.25,264.55,2201062,FYERS_HISTORY,2026-08-08T23:02:54+05:30
2007-07-20,SMD-0032,BANKINDIA,NSE:BANKINDIA-EQ,265.0,267.5,254.15,256.05,2404144,FYERS_HISTORY,2026-08-08T23:02:54+05:30
2007-07-23,SMD-0032,BANKINDIA,NSE:BANKINDIA-EQ,255.5,263.5,252.75,260.9,1641113,FYERS_HISTORY,2026-08-08T23:02:54+05:30
2007-07-24,SMD-0032,BANKINDIA,NSE:BANKINDIA-EQ,263.4,267.25,259.05,260.6,1752082,FYERS_HISTORY,2026-08-08T23:02:54+05:30
2007-07-25,SMD-0032,BANKINDIA,NSE:BANKINDIA-EQ,260.5,264.2,253.6,255.95,2211622,FYERS_HISTORY,2026-08-08T23:02:54+05:30
2007-07-26,SMD-0032,BANKINDIA,NSE:BANKINDIA-EQ,257.9,265.5,256.1,263.55,2600889,FYERS_HISTORY,2026-08-08T23:02:54+05:30
2007-07-27,SMD-0032,BANKINDIA,NSE:BANKINDIA-EQ,252.05,260.0,251.05,253.55,1467173,FYERS_HISTORY,2026-08-08T23:02:54+05:30
2007-07-30,SMD-0032,BANKINDIA,NSE:BANKINDIA-EQ,253.0,268.4,247.7,259.6,2980195,FYERS_HISTORY,2026-08-08T23:02:54+05:30
2007-07-31,SMD-0032,BANKINDIA,NSE:BANKINDIA-EQ,260.6,265.8,248.1,258.3,4050718,FYERS_HISTORY,2026-08-08T23:02:54+05:30
2007-08-01,SMD-0032,BANKINDIA,NSE:BANKINDIA-EQ,250.0,257.9,237.1,239.4,2430588,FYERS_HISTORY,2026-08-08T23:02:54+05:30
2007-08-02,SMD-0032,BANKINDIA,NSE:BANKINDIA-EQ,239.0,248.2,234.05,242.55,1799608,FYERS_HISTORY,2026-08-08T23:02:54+05:30
2007-08-03,SMD-0032,BANKINDIA,NSE:BANKINDIA-EQ,242.55,249.75,242.55,245.55,930397,FYERS_HISTORY,2026-08-08T23:02:54+05:30
2007-08-06,SMD-0032,BANKINDIA,NSE:BANKINDIA-EQ,236.25,244.5,233.7,241.6,910720,FYERS_HISTORY,2026-08-08T23:02:54+05:30
2007-08-07,SMD-0032,BANKINDIA,NSE:BANKINDIA-EQ,246.95,250.95,244.1,245.3,1103251,FYERS_HISTORY,2026-08-08T23:02:54+05:30
2007-08-08,SMD-0032,BANKINDIA,NSE:BANKINDIA-EQ,258.0,259.3,249.2,252.35,2189244,FYERS_HISTORY,2026-08-08T23:02:54+05:30
2007-08-09,SMD-0032,BANKINDIA,NSE:BANKINDIA-EQ,256.0,259.7,244.1,245.55,1212041,FYERS_HISTORY,2026-08-08T23:02:54+05:30
2007-08-10,SMD-0032,BANKINDIA,NSE:BANKINDIA-EQ,240.0,240.9,232.0,239.45,1220403,FYERS_HISTORY,2026-08-08T23:02:54+05:30
2007-08-13,SMD-0032,BANKINDIA,NSE:BANKINDIA-EQ,242.0,247.35,241.1,242.35,1066330,FYERS_HISTORY,2026-08-08T23:02:54+05:30
2007-08-14,SMD-0032,BANKINDIA,NSE:BANKINDIA-EQ,243.7,254.0,242.0,251.6,2039885,FYERS_HISTORY,2026-08-08T23:02:54+05:30
2007-08-16,SMD-0032,BANKINDIA,NSE:BANKINDIA-EQ,245.0,247.0,225.3,227.15,2677310,FYERS_HISTORY,2026-08-08T23:02:54+05:30
2007-08-17,SMD-0032,BANKINDIA,NSE:BANKINDIA-EQ,228.0,234.0,222.55,229.5,1864053,FYERS_HISTORY,2026-08-08T23:02:54+05:30
2007-08-20,SMD-0032,BANKINDIA,NSE:BANKINDIA-EQ,231.0,242.0,231.0,235.9,912675,FYERS_HISTORY,2026-08-08T23:02:54+05:30
2007-08-21,SMD-0032,BANKINDIA,NSE:BANKINDIA-EQ,238.9,238.9,220.15,222.0,1485868,FYERS_HISTORY,2026-08-08T23:02:54+05:30
2007-08-22,SMD-0032,BANKINDIA,NSE:BANKINDIA-EQ,225.0,229.0,205.55,217.25,6708219,FYERS_HISTORY,2026-08-08T23:02:54+05:30
2007-08-23,SMD-0032,BANKINDIA,NSE:BANKINDIA-EQ,239.8,239.8,215.0,218.65,2587932,FYERS_HISTORY,2026-08-08T23:02:54+05:30
2007-08-24,SMD-0032,BANKINDIA,NSE:BANKINDIA-EQ,220.0,224.4,214.2,223.05,1626301,FYERS_HISTORY,2026-08-08T23:02:54+05:30
2007-08-27,SMD-0032,BANKINDIA,NSE:BANKINDIA-EQ,227.0,233.55,224.1,232.35,1197134,FYERS_HISTORY,2026-08-08T23:02:54+05:30
2007-08-28,SMD-0032,BANKINDIA,NSE:BANKINDIA-EQ,234.1,237.8,230.0,233.9,1174635,FYERS_HISTORY,2026-08-08T23:02:54+05:30
2007-08-29,SMD-0032,BANKINDIA,NSE:BANKINDIA-EQ,226.0,238.9,225.55,237.2,1500761,FYERS_HISTORY,2026-08-08T23:02:54+05:30
2007-08-30,SMD-0032,BANKINDIA,NSE:BANKINDIA-EQ,239.95,244.35,234.8,238.55,1583544,FYERS_HISTORY,2026-08-08T23:02:54+05:30
2007-08-31,SMD-0032,BANKINDIA,NSE:BANKINDIA-EQ,241.0,247.0,238.05,245.8,1125682,FYERS_HISTORY,2026-08-08T23:02:54+05:30
2007-09-03,SMD-0032,BANKINDIA,NSE:BANKINDIA-EQ,246.25,250.4,244.0,248.45,869019,FYERS_HISTORY,2026-08-08T23:02:54+05:30
2007-09-04,SMD-0032,BANKINDIA,NSE:BANKINDIA-EQ,252.0,252.0,244.8,247.5,563144,FYERS_HISTORY,2026-08-08T23:02:54+05:30
2007-09-05,SMD-0032,BANKINDIA,NSE:BANKINDIA-EQ,248.15,249.7,240.5,242.0,928338,FYERS_HISTORY,2026-08-08T23:02:54+05:30
2007-09-06,SMD-0032,BANKINDIA,NSE:BANKINDIA-EQ,243.0,250.7,238.25,249.6,825285,FYERS_HISTORY,2026-08-08T23:02:54+05:30
2007-09-07,SMD-0032,BANKINDIA,NSE:BANKINDIA-EQ,250.0,254.35,247.1,249.05,2208888,FYERS_HISTORY,2026-08-08T23:02:54+05:30
2007-09-10,SMD-0032,BANKINDIA,NSE:BANKINDIA-EQ,247.0,252.15,243.0,250.65,1032677,FYERS_HISTORY,2026-08-08T23:02:54+05:30
2007-09-11,SMD-0032,BANKINDIA,NSE:BANKINDIA-EQ,252.15,254.0,246.25,248.45,835667,FYERS_HISTORY,2026-08-08T23:02:54+05:30
2007-09-12,SMD-0032,BANKINDIA,NSE:BANKINDIA-EQ,249.15,252.25,248.55,249.55,826546,FYERS_HISTORY,2026-08-08T23:02:54+05:30
2007-09-13,SMD-0032,BANKINDIA,NSE:BANKINDIA-EQ,248.05,254.3,248.05,250.3,975442,FYERS_HISTORY,2026-08-08T23:02:54+05:30
2007-09-14,SMD-0032,BANKINDIA,NSE:BANKINDIA-EQ,252.6,254.9,239.75,241.4,2509455,FYERS_HISTORY,2026-08-08T23:02:54+05:30
2007-09-17,SMD-0032,BANKINDIA,NSE:BANKINDIA-EQ,241.3,246.9,241.0,243.65,642463,FYERS_HISTORY,2026-08-08T23:02:54+05:30
2007-09-18,SMD-0032,BANKINDIA,NSE:BANKINDIA-EQ,245.0,250.9,240.6,249.4,1133530,FYERS_HISTORY,2026-08-08T23:02:54+05:30
2007-09-19,SMD-0032,BANKINDIA,NSE:BANKINDIA-EQ,251.7,262.5,251.7,258.8,1729148,FYERS_HISTORY,2026-08-08T23:02:54+05:30
2007-09-20,SMD-0032,BANKINDIA,NSE:BANKINDIA-EQ,262.05,263.0,255.15,257.05,809826,FYERS_HISTORY,2026-08-08T23:02:54+05:30
2007-09-21,SMD-0032,BANKINDIA,NSE:BANKINDIA-EQ,259.0,262.9,255.35,259.6,559357,FYERS_HISTORY,2026-08-08T23:02:54+05:30
2007-09-24,SMD-0032,BANKINDIA,NSE:BANKINDIA-EQ,262.4,265.9,259.1,263.75,1313634,FYERS_HISTORY,2026-08-08T23:02:54+05:30
2007-09-25,SMD-0032,BANKINDIA,NSE:BANKINDIA-EQ,264.1,265.8,254.0,262.9,1149619,FYERS_HISTORY,2026-08-08T23:02:54+05:30
2007-09-26,SMD-0032,BANKINDIA,NSE:BANKINDIA-EQ,263.85,267.0,259.0,261.65,847868,FYERS_HISTORY,2026-08-08T23:02:54+05:30
2007-09-27,SMD-0032,BANKINDIA,NSE:BANKINDIA-EQ,265.0,268.0,258.25,259.85,690920,FYERS_HISTORY,2026-08-08T23:02:54+05:30
2007-09-28,SMD-0032,BANKINDIA,NSE:BANKINDIA-EQ,262.9,280.6,258.0,276.9,1827095,FYERS_HISTORY,2026-08-08T23:02:54+05:30
2007-10-01,SMD-0032,BANKINDIA,NSE:BANKINDIA-EQ,282.0,283.5,274.1,278.5,1545288,FYERS_HISTORY,2026-08-08T23:02:54+05:30
2007-10-03,SMD-0032,BANKINDIA,NSE:BANKINDIA-EQ,280.0,291.0,266.3,275.4,2824886,FYERS_HISTORY,2026-08-08T23:02:54+05:30
2007-10-04,SMD-0032,BANKINDIA,NSE:BANKINDIA-EQ,273.0,282.5,269.0,276.2,1826294,FYERS_HISTORY,2026-08-08T23:02:54+05:30
2007-10-05,SMD-0032,BANKINDIA,NSE:BANKINDIA-EQ,281.0,285.0,271.6,275.0,1555770,FYERS_HISTORY,2026-08-08T23:02:54+05:30
2007-10-08,SMD-0032,BANKINDIA,NSE:BANKINDIA-EQ,260.0,279.0,255.4,259.55,512577,FYERS_HISTORY,2026-08-08T23:02:54+05:30
2007-10-09,SMD-0032,BANKINDIA,NSE:BANKINDIA-EQ,260.0,282.25,255.0,278.95,1171291,FYERS_HISTORY,2026-08-08T23:02:54+05:30
2007-10-10,SMD-0032,BANKINDIA,NSE:BANKINDIA-EQ,279.8,301.5,278.95,297.1,2416425,FYERS_HISTORY,2026-08-08T23:02:54+05:30
2007-10-11,SMD-0032,BANKINDIA,NSE:BANKINDIA-EQ,299.0,319.9,297.5,309.95,1129776,FYERS_HISTORY,2026-08-08T23:02:54+05:30
2007-10-12,SMD-0032,BANKINDIA,NSE:BANKINDIA-EQ,307.9,324.9,302.5,312.1,2688210,FYERS_HISTORY,2026-08-08T23:02:54+05:30
2007-10-15,SMD-0032,BANKINDIA,NSE:BANKINDIA-EQ,313.0,334.9,312.0,326.65,931168,FYERS_HISTORY,2026-08-08T23:02:54+05:30
2007-10-16,SMD-0032,BANKINDIA,NSE:BANKINDIA-EQ,329.0,333.0,316.1,319.95,1261476,FYERS_HISTORY,2026-08-08T23:02:54+05:30
2007-10-17,SMD-0032,BANKINDIA,NSE:BANKINDIA-EQ,311.0,317.6,276.6,299.15,1720044,FYERS_HISTORY,2026-08-08T23:02:54+05:30
2007-10-18,SMD-0032,BANKINDIA,NSE:BANKINDIA-EQ,304.0,309.0,272.05,277.45,1698732,FYERS_HISTORY,2026-08-08T23:02:54+05:30
2007-10-19,SMD-0032,BANKINDIA,NSE:BANKINDIA-EQ,278.25,280.0,249.1,255.25,3178491,FYERS_HISTORY,2026-08-08T23:02:54+05:30
2007-10-22,SMD-0032,BANKINDIA,NSE:BANKINDIA-EQ,252.0,263.8,242.0,256.4,1190596,FYERS_HISTORY,2026-08-08T23:02:54+05:30
2007-10-23,SMD-0032,BANKINDIA,NSE:BANKINDIA-EQ,271.4,320.0,265.0,313.95,3639815,FYERS_HISTORY,2026-08-08T23:02:54+05:30
2007-10-24,SMD-0032,BANKINDIA,NSE:BANKINDIA-EQ,320.0,323.0,296.3,302.4,3378720,FYERS_HISTORY,2026-08-08T23:02:54+05:30
2007-10-25,SMD-0032,BANKINDIA,NSE:BANKINDIA-EQ,302.4,305.0,292.15,294.95,2642481,FYERS_HISTORY,2026-08-08T23:02:54+05:30
2007-10-26,SMD-0032,BANKINDIA,NSE:BANKINDIA-EQ,295.0,315.0,294.0,307.3,1828821,FYERS_HISTORY,2026-08-08T23:02:54+05:30
2007-10-29,SMD-0032,BANKINDIA,NSE:BANKINDIA-EQ,312.0,320.0,309.25,315.8,2431620,FYERS_HISTORY,2026-08-08T23:02:54+05:30
2007-10-30,SMD-0032,BANKINDIA,NSE:BANKINDIA-EQ,319.9,388.2,316.5,372.45,8612511,FYERS_HISTORY,2026-08-08T23:02:54+05:30
2007-10-31,SMD-0032,BANKINDIA,NSE:BANKINDIA-EQ,372.45,375.0,355.25,357.25,3230228,FYERS_HISTORY,2026-08-08T23:02:54+05:30
2007-11-01,SMD-0032,BANKINDIA,NSE:BANKINDIA-EQ,375.0,416.0,362.0,377.2,6132808,FYERS_HISTORY,2026-08-08T23:02:54+05:30
2007-11-02,SMD-0032,BANKINDIA,NSE:BANKINDIA-EQ,379.0,401.1,356.0,378.4,4577011,FYERS_HISTORY,2026-08-08T23:02:54+05:30
2007-11-05,SMD-0032,BANKINDIA,NSE:BANKINDIA-EQ,389.8,396.1,377.0,382.65,2838793,FYERS_HISTORY,2026-08-08T23:02:54+05:30
2007-11-06,SMD-0032,BANKINDIA,NSE:BANKINDIA-EQ,387.8,391.8,362.05,366.75,1175885,FYERS_HISTORY,2026-08-08T23:02:54+05:30
2007-11-07,SMD-0032,BANKINDIA,NSE:BANKINDIA-EQ,371.5,380.0,361.25,372.4,1041664,FYERS_HISTORY,2026-08-08T23:02:54+05:30
2007-11-08,SMD-0032,BANKINDIA,NSE:BANKINDIA-EQ,373.0,373.0,355.6,363.4,1598558,FYERS_HISTORY,2026-08-08T23:02:54+05:30
2007-11-09,SMD-0032,BANKINDIA,NSE:BANKINDIA-EQ,374.9,374.9,355.05,362.4,160641,FYERS_HISTORY,2026-08-08T23:02:54+05:30
2007-11-12,SMD-0032,BANKINDIA,NSE:BANKINDIA-EQ,364.9,364.9,338.1,344.1,3308039,FYERS_HISTORY,2026-08-08T23:02:54+05:30
2007-11-13,SMD-0032,BANKINDIA,NSE:BANKINDIA-EQ,345.7,365.0,340.35,361.1,1689565,FYERS_HISTORY,2026-08-08T23:02:54+05:30
2007-11-14,SMD-0032,BANKINDIA,NSE:BANKINDIA-EQ,370.0,382.5,365.0,370.25,2186326,FYERS_HISTORY,2026-08-08T23:02:54+05:30
2007-11-15,SMD-0032,BANKINDIA,NSE:BANKINDIA-EQ,375.5,377.15,370.1,372.25,662281,FYERS_HISTORY,2026-08-08T23:02:54+05:30
2007-11-16,SMD-0032,BANKINDIA,NSE:BANKINDIA-EQ,368.0,378.0,362.3,371.1,1086529,FYERS_HISTORY,2026-08-08T23:02:54+05:30
2007-11-19,SMD-0032,BANKINDIA,NSE:BANKINDIA-EQ,374.95,386.0,371.2,376.4,1755166,FYERS_HISTORY,2026-08-08T23:02:54+05:30
2007-11-20,SMD-0032,BANKINDIA,NSE:BANKINDIA-EQ,370.0,392.9,359.8,364.95,1948116,FYERS_HISTORY,2026-08-08T23:02:54+05:30
2007-11-21,SMD-0032,BANKINDIA,NSE:BANKINDIA-EQ,365.0,369.7,340.0,346.7,1141108,FYERS_HISTORY,2026-08-08T23:02:54+05:30
2007-11-22,SMD-0032,BANKINDIA,NSE:BANKINDIA-EQ,346.7,355.9,320.0,334.5,1778702,FYERS_HISTORY,2026-08-08T23:02:54+05:30
2007-11-23,SMD-0032,BANKINDIA,NSE:BANKINDIA-EQ,336.2,345.0,323.1,335.15,1289787,FYERS_HISTORY,2026-08-08T23:02:54+05:30
2007-11-26,SMD-0032,BANKINDIA,NSE:BANKINDIA-EQ,340.0,350.0,337.0,338.8,1235651,FYERS_HISTORY,2026-08-08T23:02:54+05:30
2007-11-27,SMD-0032,BANKINDIA,NSE:BANKINDIA-EQ,342.9,343.9,333.0,340.8,771043,FYERS_HISTORY,2026-08-08T23:02:54+05:30
2007-11-28,SMD-0032,BANKINDIA,NSE:BANKINDIA-EQ,347.0,351.95,335.2,337.25,817058,FYERS_HISTORY,2026-08-08T23:02:54+05:30
2007-11-29,SMD-0032,BANKINDIA,NSE:BANKINDIA-EQ,343.0,347.0,325.0,329.25,1190955,FYERS_HISTORY,2026-08-08T23:02:54+05:30
2007-11-30,SMD-0032,BANKINDIA,NSE:BANKINDIA-EQ,332.0,354.45,330.0,350.75,1244959,FYERS_HISTORY,2026-08-08T23:02:54+05:30
2007-12-03,SMD-0032,BANKINDIA,NSE:BANKINDIA-EQ,355.0,362.9,353.0,354.9,1052379,FYERS_HISTORY,2026-08-08T23:02:54+05:30
2007-12-04,SMD-0032,BANKINDIA,NSE:BANKINDIA-EQ,356.0,359.0,346.5,350.1,1206021,FYERS_HISTORY,2026-08-08T23:02:54+05:30
2007-12-05,SMD-0032,BANKINDIA,NSE:BANKINDIA-EQ,355.0,365.0,350.05,362.0,1494585,FYERS_HISTORY,2026-08-08T23:02:54+05:30
2007-12-06,SMD-0032,BANKINDIA,NSE:BANKINDIA-EQ,365.7,369.9,353.05,356.85,773979,FYERS_HISTORY,2026-08-08T23:02:54+05:30
2007-12-07,SMD-0032,BANKINDIA,NSE:BANKINDIA-EQ,365.7,368.9,350.0,357.65,630836,FYERS_HISTORY,2026-08-08T23:02:54+05:30
2007-12-10,SMD-0032,BANKINDIA,NSE:BANKINDIA-EQ,359.65,361.9,352.5,357.05,1111733,FYERS_HISTORY,2026-08-08T23:02:54+05:30
2007-12-11,SMD-0032,BANKINDIA,NSE:BANKINDIA-EQ,356.0,366.0,356.0,362.15,1366176,FYERS_HISTORY,2026-08-08T23:02:54+05:30
2007-12-12,SMD-0032,BANKINDIA,NSE:BANKINDIA-EQ,340.25,377.0,340.25,371.2,1094830,FYERS_HISTORY,2026-08-08T23:02:54+05:30
2007-12-13,SMD-0032,BANKINDIA,NSE:BANKINDIA-EQ,380.0,381.5,370.15,371.95,992483,FYERS_HISTORY,2026-08-08T23:02:54+05:30
2007-12-14,SMD-0032,BANKINDIA,NSE:BANKINDIA-EQ,373.0,379.0,369.0,371.95,749243,FYERS_HISTORY,2026-08-08T23:02:54+05:30
2007-12-17,SMD-0032,BANKINDIA,NSE:BANKINDIA-EQ,370.1,372.9,351.0,358.2,930979,FYERS_HISTORY,2026-08-08T23:02:54+05:30
2007-12-18,SMD-0032,BANKINDIA,NSE:BANKINDIA-EQ,358.0,359.9,337.0,352.0,1024824,FYERS_HISTORY,2026-08-08T23:02:54+05:30
2007-12-19,SMD-0032,BANKINDIA,NSE:BANKINDIA-EQ,356.0,359.7,344.0,348.75,443940,FYERS_HISTORY,2026-08-08T23:02:54+05:30
2007-12-20,SMD-0032,BANKINDIA,NSE:BANKINDIA-EQ,358.4,369.9,346.0,351.9,717379,FYERS_HISTORY,2026-08-08T23:02:54+05:30
2007-12-24,SMD-0032,BANKINDIA,NSE:BANKINDIA-EQ,357.0,360.0,355.0,357.35,263861,FYERS_HISTORY,2026-08-08T23:02:54+05:30
2007-12-26,SMD-0032,BANKINDIA,NSE:BANKINDIA-EQ,361.7,372.65,358.5,368.05,919016,FYERS_HISTORY,2026-08-08T23:02:54+05:30
2007-12-27,SMD-0032,BANKINDIA,NSE:BANKINDIA-EQ,371.65,375.5,356.0,359.25,1174640,FYERS_HISTORY,2026-08-08T23:02:54+05:30
2007-12-28,SMD-0032,BANKINDIA,NSE:BANKINDIA-EQ,358.0,369.85,357.0,365.45,569172,FYERS_HISTORY,2026-08-08T23:02:54+05:30
2007-12-31,SMD-0032,BANKINDIA,NSE:BANKINDIA-EQ,366.0,373.0,364.5,365.7,263057,FYERS_HISTORY,2026-08-08T23:02:55+05:30
2008-01-01,SMD-0032,BANKINDIA,NSE:BANKINDIA-EQ,310.0,376.4,310.0,373.9,443082,FYERS_HISTORY,2026-08-08T23:02:55+05:30
2008-01-02,SMD-0032,BANKINDIA,NSE:BANKINDIA-EQ,401.0,401.0,374.0,383.45,1298871,FYERS_HISTORY,2026-08-08T23:02:55+05:30
2008-01-03,SMD-0032,BANKINDIA,NSE:BANKINDIA-EQ,384.0,390.0,378.5,386.65,1388937,FYERS_HISTORY,2026-08-08T23:02:55+05:30
2008-01-04,SMD-0032,BANKINDIA,NSE:BANKINDIA-EQ,388.0,392.0,378.75,380.5,485802,FYERS_HISTORY,2026-08-08T23:02:55+05:30
2008-01-07,SMD-0032,BANKINDIA,NSE:BANKINDIA-EQ,350.0,380.5,350.0,372.85,1053950,FYERS_HISTORY,2026-08-08T23:02:55+05:30
2008-01-08,SMD-0032,BANKINDIA,NSE:BANKINDIA-EQ,383.0,383.0,369.05,375.35,1680389,FYERS_HISTORY,2026-08-08T23:02:55+05:30
2008-01-09,SMD-0032,BANKINDIA,NSE:BANKINDIA-EQ,369.0,404.4,369.0,400.25,3588842,FYERS_HISTORY,2026-08-08T23:02:55+05:30
2008-01-10,SMD-0032,BANKINDIA,NSE:BANKINDIA-EQ,405.0,409.95,392.3,397.9,3291876,FYERS_HISTORY,2026-08-08T23:02:55+05:30
2008-01-11,SMD-0032,BANKINDIA,NSE:BANKINDIA-EQ,397.0,418.9,392.0,412.5,2977737,FYERS_HISTORY,2026-08-08T23:02:55+05:30
2008-01-14,SMD-0032,BANKINDIA,NSE:BANKINDIA-EQ,416.8,436.0,416.8,426.7,2031594,FYERS_HISTORY,2026-08-08T23:02:55+05:30
2008-01-15,SMD-0032,BANKINDIA,NSE:BANKINDIA-EQ,430.0,442.45,418.15,435.5,2379241,FYERS_HISTORY,2026-08-08T23:02:55+05:30
2008-01-16,SMD-0032,BANKINDIA,NSE:BANKINDIA-EQ,436.0,458.8,424.0,446.7,3698519,FYERS_HISTORY,2026-08-08T23:02:55+05:30
2008-01-17,SMD-0032,BANKINDIA,NSE:BANKINDIA-EQ,455.55,465.0,440.6,448.0,3930244,FYERS_HISTORY,2026-08-08T23:02:55+05:30
2008-01-18,SMD-0032,BANKINDIA,NSE:BANKINDIA-EQ,448.0,448.0,399.15,405.35,2348889,FYERS_HISTORY,2026-08-08T23:02:55+05:30
2008-01-21,SMD-0032,BANKINDIA,NSE:BANKINDIA-EQ,408.0,408.0,325.0,380.55,1477436,FYERS_HISTORY,2026-08-08T23:02:55+05:30
2008-01-22,SMD-0032,BANKINDIA,NSE:BANKINDIA-EQ,355.0,399.0,305.1,390.3,1523466,FYERS_HISTORY,2026-08-08T23:02:55+05:30
2008-01-23,SMD-0032,BANKINDIA,NSE:BANKINDIA-EQ,412.4,420.0,390.05,405.3,1211612,FYERS_HISTORY,2026-08-08T23:02:55+05:30
2008-01-24,SMD-0032,BANKINDIA,NSE:BANKINDIA-EQ,419.9,425.0,348.25,364.95,2271199,FYERS_HISTORY,2026-08-08T23:02:55+05:30
2008-01-25,SMD-0032,BANKINDIA,NSE:BANKINDIA-EQ,366.0,404.0,366.0,395.85,2952331,FYERS_HISTORY,2026-08-08T23:02:55+05:30
2008-01-28,SMD-0032,BANKINDIA,NSE:BANKINDIA-EQ,390.0,416.5,375.0,410.35,1505581,FYERS_HISTORY,2026-08-08T23:02:55+05:30
2008-01-29,SMD-0032,BANKINDIA,NSE:BANKINDIA-EQ,415.0,419.8,376.0,381.35,1877348,FYERS_HISTORY,2026-08-08T23:02:55+05:30
2008-01-30,SMD-0032,BANKINDIA,NSE:BANKINDIA-EQ,385.0,388.9,364.2,368.55,1694080,FYERS_HISTORY,2026-08-08T23:02:55+05:30
2008-01-31,SMD-0032,BANKINDIA,NSE:BANKINDIA-EQ,374.95,377.0,347.0,352.85,2321404,FYERS_HISTORY,2026-08-08T23:02:55+05:30
2008-02-01,SMD-0032,BANKINDIA,NSE:BANKINDIA-EQ,363.4,373.0,352.1,361.65,1455071,FYERS_HISTORY,2026-08-08T23:02:55+05:30
2008-02-04,SMD-0032,BANKINDIA,NSE:BANKINDIA-EQ,371.8,386.95,370.5,376.25,1201407,FYERS_HISTORY,2026-08-08T23:02:55+05:30
2008-02-05,SMD-0032,BANKINDIA,NSE:BANKINDIA-EQ,375.0,384.4,369.0,375.45,885239,FYERS_HISTORY,2026-08-08T23:02:55+05:30
2008-02-06,SMD-0032,BANKINDIA,NSE:BANKINDIA-EQ,369.8,369.8,335.5,362.8,564169,FYERS_HISTORY,2026-08-08T23:02:55+05:30
2008-02-07,SMD-0032,BANKINDIA,NSE:BANKINDIA-EQ,366.4,374.5,359.0,360.55,996601,FYERS_HISTORY,2026-08-08T23:02:55+05:30
2008-02-08,SMD-0032,BANKINDIA,NSE:BANKINDIA-EQ,362.0,366.0,350.0,353.9,744551,FYERS_HISTORY,2026-08-08T23:02:55+05:30
2008-02-11,SMD-0032,BANKINDIA,NSE:BANKINDIA-EQ,350.0,369.0,339.95,359.5,1312380,FYERS_HISTORY,2026-08-08T23:02:55+05:30
2008-02-12,SMD-0032,BANKINDIA,NSE:BANKINDIA-EQ,362.1,370.0,341.65,345.25,813188,FYERS_HISTORY,2026-08-08T23:02:55+05:30
2008-02-13,SMD-0032,BANKINDIA,NSE:BANKINDIA-EQ,354.0,371.0,348.5,366.5,1068891,FYERS_HISTORY,2026-08-08T23:02:55+05:30
2008-02-14,SMD-0032,BANKINDIA,NSE:BANKINDIA-EQ,368.0,384.0,368.0,375.05,1198157,FYERS_HISTORY,2026-08-08T23:02:55+05:30
2008-02-15,SMD-0032,BANKINDIA,NSE:BANKINDIA-EQ,370.0,379.5,363.1,376.45,1062808,FYERS_HISTORY,2026-08-08T23:02:55+05:30
2008-02-18,SMD-0032,BANKINDIA,NSE:BANKINDIA-EQ,378.9,380.75,370.3,373.1,847269,FYERS_HISTORY,2026-08-08T23:02:55+05:30
2008-02-19,SMD-0032,BANKINDIA,NSE:BANKINDIA-EQ,374.3,379.0,372.4,374.65,970382,FYERS_HISTORY,2026-08-08T23:02:55+05:30
2008-02-20,SMD-0032,BANKINDIA,NSE:BANKINDIA-EQ,365.15,370.1,351.1,358.95,1020764,FYERS_HISTORY,2026-08-08T23:02:55+05:30
2008-02-21,SMD-0032,BANKINDIA,NSE:BANKINDIA-EQ,365.0,368.9,348.0,354.15,1122291,FYERS_HISTORY,2026-08-08T23:02:55+05:30
2008-02-22,SMD-0032,BANKINDIA,NSE:BANKINDIA-EQ,341.0,354.0,340.2,347.4,1611312,FYERS_HISTORY,2026-08-08T23:02:55+05:30
2008-02-25,SMD-0032,BANKINDIA,NSE:BANKINDIA-EQ,350.0,350.0,327.0,340.75,1959289,FYERS_HISTORY,2026-08-08T23:02:55+05:30
2008-02-26,SMD-0032,BANKINDIA,NSE:BANKINDIA-EQ,346.0,358.5,344.25,357.3,1072126,FYERS_HISTORY,2026-08-08T23:02:55+05:30
2008-02-27,SMD-0032,BANKINDIA,NSE:BANKINDIA-EQ,363.8,368.4,349.0,353.85,1867152,FYERS_HISTORY,2026-08-08T23:02:55+05:30
2008-02-28,SMD-0032,BANKINDIA,NSE:BANKINDIA-EQ,355.9,355.9,344.0,350.0,965114,FYERS_HISTORY,2026-08-08T23:02:55+05:30
2008-02-29,SMD-0032,BANKINDIA,NSE:BANKINDIA-EQ,349.0,364.8,333.0,359.15,4073158,FYERS_HISTORY,2026-08-08T23:02:55+05:30
2008-03-03,SMD-0032,BANKINDIA,NSE:BANKINDIA-EQ,352.0,352.0,325.25,330.4,3001558,FYERS_HISTORY,2026-08-08T23:02:55+05:30
2008-03-04,SMD-0032,BANKINDIA,NSE:BANKINDIA-EQ,328.0,337.0,307.0,309.75,1943540,FYERS_HISTORY,2026-08-08T23:02:55+05:30
2008-03-05,SMD-0032,BANKINDIA,NSE:BANKINDIA-EQ,312.0,314.0,281.2,285.6,7316807,FYERS_HISTORY,2026-08-08T23:02:55+05:30
2008-03-07,SMD-0032,BANKINDIA,NSE:BANKINDIA-EQ,285.0,285.0,252.15,271.1,3460691,FYERS_HISTORY,2026-08-08T23:02:55+05:30
2008-03-10,SMD-0032,BANKINDIA,NSE:BANKINDIA-EQ,262.05,273.4,248.0,266.95,6803253,FYERS_HISTORY,2026-08-08T23:02:55+05:30
2008-03-11,SMD-0032,BANKINDIA,NSE:BANKINDIA-EQ,264.0,284.0,260.0,269.1,4526557,FYERS_HISTORY,2026-08-08T23:02:55+05:30
2008-03-12,SMD-0032,BANKINDIA,NSE:BANKINDIA-EQ,275.0,292.75,275.0,282.55,4411165,FYERS_HISTORY,2026-08-08T23:02:55+05:30
2008-03-13,SMD-0032,BANKINDIA,NSE:BANKINDIA-EQ,256.3,278.0,256.3,266.55,1405498,FYERS_HISTORY,2026-08-08T23:02:55+05:30
2008-03-14,SMD-0032,BANKINDIA,NSE:BANKINDIA-EQ,266.6,284.0,265.25,280.25,1781703,FYERS_HISTORY,2026-08-08T23:02:55+05:30
2008-03-17,SMD-0032,BANKINDIA,NSE:BANKINDIA-EQ,270.8,276.0,253.05,258.25,2276287,FYERS_HISTORY,2026-08-08T23:02:55+05:30
2008-03-18,SMD-0032,BANKINDIA,NSE:BANKINDIA-EQ,251.0,263.5,248.0,253.25,1649765,FYERS_HISTORY,2026-08-08T23:02:55+05:30
2008-03-19,SMD-0032,BANKINDIA,NSE:BANKINDIA-EQ,263.1,273.35,234.0,238.1,1883479,FYERS_HISTORY,2026-08-08T23:02:55+05:30
2008-03-24,SMD-0032,BANKINDIA,NSE:BANKINDIA-EQ,245.0,248.0,231.15,244.75,1037176,FYERS_HISTORY,2026-08-08T23:02:55+05:30
2008-03-25,SMD-0032,BANKINDIA,NSE:BANKINDIA-EQ,254.0,267.0,251.0,263.2,2102362,FYERS_HISTORY,2026-08-08T23:02:55+05:30
2008-03-26,SMD-0032,BANKINDIA,NSE:BANKINDIA-EQ,268.8,274.0,262.2,267.25,2113797,FYERS_HISTORY,2026-08-08T23:02:55+05:30
2008-03-27,SMD-0032,BANKINDIA,NSE:BANKINDIA-EQ,265.5,270.0,256.7,262.9,1502773,FYERS_HISTORY,2026-08-08T23:02:55+05:30
2008-03-28,SMD-0032,BANKINDIA,NSE:BANKINDIA-EQ,262.0,275.8,255.5,273.25,1613715,FYERS_HISTORY,2026-08-08T23:02:55+05:30
2008-03-31,SMD-0032,BANKINDIA,NSE:BANKINDIA-EQ,271.0,271.0,249.1,253.25,1465289,FYERS_HISTORY,2026-08-08T23:02:55+05:30
2008-04-01,SMD-0032,BANKINDIA,NSE:BANKINDIA-EQ,259.9,267.5,253.1,264.1,2039788,FYERS_HISTORY,2026-08-08T23:02:55+05:30
2008-04-02,SMD-0032,BANKINDIA,NSE:BANKINDIA-EQ,274.3,290.8,273.0,281.85,2656083,FYERS_HISTORY,2026-08-08T23:02:55+05:30
2008-04-03,SMD-0032,BANKINDIA,NSE:BANKINDIA-EQ,281.0,289.0,277.2,283.1,1948912,FYERS_HISTORY,2026-08-08T23:02:55+05:30
2008-04-04,SMD-0032,BANKINDIA,NSE:BANKINDIA-EQ,285.0,285.0,273.1,275.25,1075985,FYERS_HISTORY,2026-08-08T23:02:55+05:30
2008-04-07,SMD-0032,BANKINDIA,NSE:BANKINDIA-EQ,280.0,299.0,271.2,294.8,1571113,FYERS_HISTORY,2026-08-08T23:02:55+05:30
2008-04-08,SMD-0032,BANKINDIA,NSE:BANKINDIA-EQ,295.0,304.75,289.05,298.3,2736650,FYERS_HISTORY,2026-08-08T23:02:55+05:30
2008-04-09,SMD-0032,BANKINDIA,NSE:BANKINDIA-EQ,296.0,312.0,294.5,309.35,1656910,FYERS_HISTORY,2026-08-08T23:02:55+05:30
2008-04-10,SMD-0032,BANKINDIA,NSE:BANKINDIA-EQ,310.0,315.95,308.1,310.85,1749491,FYERS_HISTORY,2026-08-08T23:02:55+05:30
2008-04-11,SMD-0032,BANKINDIA,NSE:BANKINDIA-EQ,314.8,315.65,300.5,305.35,1512526,FYERS_HISTORY,2026-08-08T23:02:55+05:30
2008-04-15,SMD-0032,BANKINDIA,NSE:BANKINDIA-EQ,299.0,308.45,291.65,304.3,1370156,FYERS_HISTORY,2026-08-08T23:02:55+05:30
2008-04-16,SMD-0032,BANKINDIA,NSE:BANKINDIA-EQ,307.0,313.5,299.1,300.95,1148004,FYERS_HISTORY,2026-08-08T23:02:55+05:30
2008-04-17,SMD-0032,BANKINDIA,NSE:BANKINDIA-EQ,302.3,324.75,302.3,321.15,2287329,FYERS_HISTORY,2026-08-08T23:02:55+05:30
2008-04-21,SMD-0032,BANKINDIA,NSE:BANKINDIA-EQ,318.1,344.0,318.1,334.75,2210769,FYERS_HISTORY,2026-08-08T23:02:55+05:30
2008-04-22,SMD-0032,BANKINDIA,NSE:BANKINDIA-EQ,335.0,338.5,326.55,332.5,1033526,FYERS_HISTORY,2026-08-08T23:02:55+05:30
2008-04-23,SMD-0032,BANKINDIA,NSE:BANKINDIA-EQ,330.0,335.55,328.05,333.05,845132,FYERS_HISTORY,2026-08-08T23:02:55+05:30
2008-04-24,SMD-0032,BANKINDIA,NSE:BANKINDIA-EQ,335.0,351.5,334.0,342.45,3262052,FYERS_HISTORY,2026-08-08T23:02:55+05:30
2008-04-25,SMD-0032,BANKINDIA,NSE:BANKINDIA-EQ,341.85,343.0,335.0,338.7,1138025,FYERS_HISTORY,2026-08-08T23:02:55+05:30
2008-04-28,SMD-0032,BANKINDIA,NSE:BANKINDIA-EQ,346.0,346.0,330.6,333.45,574693,FYERS_HISTORY,2026-08-08T23:02:55+05:30
2008-04-29,SMD-0032,BANKINDIA,NSE:BANKINDIA-EQ,333.0,342.5,327.6,333.3,2726910,FYERS_HISTORY,2026-08-08T23:02:55+05:30
2008-04-30,SMD-0032,BANKINDIA,NSE:BANKINDIA-EQ,339.0,350.0,335.3,342.3,3290682,FYERS_HISTORY,2026-08-08T23:02:55+05:30
2008-05-02,SMD-0032,BANKINDIA,NSE:BANKINDIA-EQ,354.0,368.0,350.0,360.65,2985937,FYERS_HISTORY,2026-08-08T23:02:55+05:30
2008-05-05,SMD-0032,BANKINDIA,NSE:BANKINDIA-EQ,361.0,365.9,360.0,362.65,893187,FYERS_HISTORY,2026-08-08T23:02:55+05:30
2008-05-06,SMD-0032,BANKINDIA,NSE:BANKINDIA-EQ,355.0,363.5,348.55,353.15,784815,FYERS_HISTORY,2026-08-08T23:02:55+05:30
2008-05-07,SMD-0032,BANKINDIA,NSE:BANKINDIA-EQ,352.0,355.0,336.25,338.05,1957718,FYERS_HISTORY,2026-08-08T23:02:55+05:30
2008-05-08,SMD-0032,BANKINDIA,NSE:BANKINDIA-EQ,338.0,338.05,322.0,324.35,1513130,FYERS_HISTORY,2026-08-08T23:02:55+05:30
2008-05-09,SMD-0032,BANKINDIA,NSE:BANKINDIA-EQ,326.4,334.0,317.0,326.7,1368769,FYERS_HISTORY,2026-08-08T23:02:55+05:30
2008-05-12,SMD-0032,BANKINDIA,NSE:BANKINDIA-EQ,320.0,329.95,316.0,324.75,988654,FYERS_HISTORY,2026-08-08T23:02:55+05:30
2008-05-13,SMD-0032,BANKINDIA,NSE:BANKINDIA-EQ,326.0,338.0,317.5,322.0,1731503,FYERS_HISTORY,2026-08-08T23:02:55+05:30
2008-05-14,SMD-0032,BANKINDIA,NSE:BANKINDIA-EQ,317.0,328.85,312.0,326.45,578494,FYERS_HISTORY,2026-08-08T23:02:55+05:30
2008-05-15,SMD-0032,BANKINDIA,NSE:BANKINDIA-EQ,331.95,342.7,328.05,339.8,619830,FYERS_HISTORY,2026-08-08T23:02:55+05:30
2008-05-16,SMD-0032,BANKINDIA,NSE:BANKINDIA-EQ,342.0,362.0,342.0,359.2,2753851,FYERS_HISTORY,2026-08-08T23:02:55+05:30
2008-05-20,SMD-0032,BANKINDIA,NSE:BANKINDIA-EQ,355.0,359.2,334.1,339.65,2140993,FYERS_HISTORY,2026-08-08T23:02:55+05:30
2008-05-21,SMD-0032,BANKINDIA,NSE:BANKINDIA-EQ,330.0,342.4,329.15,331.3,1736699,FYERS_HISTORY,2026-08-08T23:02:55+05:30
2008-05-22,SMD-0032,BANKINDIA,NSE:BANKINDIA-EQ,327.0,339.0,321.15,325.35,1900069,FYERS_HISTORY,2026-08-08T23:02:55+05:30
2008-05-23,SMD-0032,BANKINDIA,NSE:BANKINDIA-EQ,330.0,334.0,323.2,325.3,1534690,FYERS_HISTORY,2026-08-08T23:02:55+05:30
2008-05-26,SMD-0032,BANKINDIA,NSE:BANKINDIA-EQ,320.0,327.65,315.0,320.85,1378557,FYERS_HISTORY,2026-08-08T23:02:55+05:30
2008-05-27,SMD-0032,BANKINDIA,NSE:BANKINDIA-EQ,325.0,328.0,302.55,304.75,1582930,FYERS_HISTORY,2026-08-08T23:02:55+05:30
2008-05-28,SMD-0032,BANKINDIA,NSE:BANKINDIA-EQ,306.0,308.0,290.15,301.85,2999992,FYERS_HISTORY,2026-08-08T23:02:55+05:30
2008-05-29,SMD-0032,BANKINDIA,NSE:BANKINDIA-EQ,308.0,310.9,284.0,288.0,2447857,FYERS_HISTORY,2026-08-08T23:02:55+05:30
2008-05-30,SMD-0032,BANKINDIA,NSE:BANKINDIA-EQ,297.65,298.0,288.0,294.85,1114982,FYERS_HISTORY,2026-08-08T23:02:55+05:30
2008-06-02,SMD-0032,BANKINDIA,NSE:BANKINDIA-EQ,295.7,307.0,283.25,286.95,2213177,FYERS_HISTORY,2026-08-08T23:02:55+05:30
2008-06-03,SMD-0032,BANKINDIA,NSE:BANKINDIA-EQ,284.0,295.9,272.5,293.7,1956506,FYERS_HISTORY,2026-08-08T23:02:55+05:30
2008-06-04,SMD-0032,BANKINDIA,NSE:BANKINDIA-EQ,293.0,295.4,262.15,269.8,1280543,FYERS_HISTORY,2026-08-08T23:02:55+05:30
2008-06-05,SMD-0032,BANKINDIA,NSE:BANKINDIA-EQ,269.85,275.4,251.05,256.55,3734098,FYERS_HISTORY,2026-08-08T23:02:55+05:30
2008-06-06,SMD-0032,BANKINDIA,NSE:BANKINDIA-EQ,262.8,273.9,258.0,263.05,2743077,FYERS_HISTORY,2026-08-08T23:02:55+05:30
2008-06-09,SMD-0032,BANKINDIA,NSE:BANKINDIA-EQ,260.0,260.0,242.25,256.05,1378491,FYERS_HISTORY,2026-08-08T23:02:55+05:30
2008-06-10,SMD-0032,BANKINDIA,NSE:BANKINDIA-EQ,255.0,262.0,243.5,253.0,2635475,FYERS_HISTORY,2026-08-08T23:02:55+05:30
2008-06-11,SMD-0032,BANKINDIA,NSE:BANKINDIA-EQ,255.0,272.9,253.0,267.5,4185514,FYERS_HISTORY,2026-08-08T23:02:55+05:30
2008-06-12,SMD-0032,BANKINDIA,NSE:BANKINDIA-EQ,260.0,270.8,250.75,269.15,2921418,FYERS_HISTORY,2026-08-08T23:02:55+05:30
2008-06-13,SMD-0032,BANKINDIA,NSE:BANKINDIA-EQ,271.5,272.9,262.05,268.4,2187124,FYERS_HISTORY,2026-08-08T23:02:55+05:30
2008-06-16,SMD-0032,BANKINDIA,NSE:BANKINDIA-EQ,270.0,279.8,268.7,271.6,1126052,FYERS_HISTORY,2026-08-08T23:02:55+05:30
2008-06-17,SMD-0032,BANKINDIA,NSE:BANKINDIA-EQ,271.4,290.95,269.5,288.5,2810538,FYERS_HISTORY,2026-08-08T23:02:55+05:30
2008-06-18,SMD-0032,BANKINDIA,NSE:BANKINDIA-EQ,290.5,294.3,278.0,281.2,1739224,FYERS_HISTORY,2026-08-08T23:02:55+05:30
2008-06-19,SMD-0032,BANKINDIA,NSE:BANKINDIA-EQ,275.0,277.0,263.3,267.75,967165,FYERS_HISTORY,2026-08-08T23:02:55+05:30
2008-06-20,SMD-0032,BANKINDIA,NSE:BANKINDIA-EQ,270.1,272.0,240.3,247.35,3304745,FYERS_HISTORY,2026-08-08T23:02:55+05:30
2008-06-23,SMD-0032,BANKINDIA,NSE:BANKINDIA-EQ,251.0,251.0,222.0,224.2,3939952,FYERS_HISTORY,2026-08-08T23:02:55+05:30
2008-06-24,SMD-0032,BANKINDIA,NSE:BANKINDIA-EQ,230.0,233.45,209.0,217.0,4866976,FYERS_HISTORY,2026-08-08T23:02:55+05:30
2008-06-25,SMD-0032,BANKINDIA,NSE:BANKINDIA-EQ,220.0,240.0,206.15,236.45,4742261,FYERS_HISTORY,2026-08-08T23:02:55+05:30
2008-06-26,SMD-0032,BANKINDIA,NSE:BANKINDIA-EQ,240.0,250.0,231.35,247.25,5441032,FYERS_HISTORY,2026-08-08T23:02:55+05:30
2008-06-27,SMD-0032,BANKINDIA,NSE:BANKINDIA-EQ,238.0,238.0,223.0,225.1,2842315,FYERS_HISTORY,2026-08-08T23:02:55+05:30
2008-06-30,SMD-0032,BANKINDIA,NSE:BANKINDIA-EQ,224.9,234.45,213.0,217.1,2824905,FYERS_HISTORY,2026-08-08T23:02:55+05:30
2008-07-01,SMD-0032,BANKINDIA,NSE:BANKINDIA-EQ,218.5,222.9,189.35,197.9,2467475,FYERS_HISTORY,2026-08-08T23:02:55+05:30
2008-07-02,SMD-0032,BANKINDIA,NSE:BANKINDIA-EQ,190.0,229.8,190.0,223.15,4094971,FYERS_HISTORY,2026-08-08T23:02:55+05:30
2008-07-03,SMD-0032,BANKINDIA,NSE:BANKINDIA-EQ,223.0,239.2,209.2,224.2,5500381,FYERS_HISTORY,2026-08-08T23:02:55+05:30
2008-07-04,SMD-0032,BANKINDIA,NSE:BANKINDIA-EQ,225.5,234.1,220.1,231.05,2835422,FYERS_HISTORY,2026-08-08T23:02:55+05:30
2008-07-07,SMD-0032,BANKINDIA,NSE:BANKINDIA-EQ,233.0,248.45,233.0,238.0,2161493,FYERS_HISTORY,2026-08-08T23:02:55+05:30
2008-07-08,SMD-0032,BANKINDIA,NSE:BANKINDIA-EQ,237.0,244.95,225.1,239.8,2936859,FYERS_HISTORY,2026-08-08T23:02:55+05:30
2008-07-09,SMD-0032,BANKINDIA,NSE:BANKINDIA-EQ,244.0,257.0,244.0,254.45,2562009,FYERS_HISTORY,2026-08-08T23:02:55+05:30
2008-07-10,SMD-0032,BANKINDIA,NSE:BANKINDIA-EQ,251.5,261.0,246.2,257.1,3040920,FYERS_HISTORY,2026-08-08T23:02:55+05:30
2008-07-11,SMD-0032,BANKINDIA,NSE:BANKINDIA-EQ,259.0,264.0,240.05,247.5,2461423,FYERS_HISTORY,2026-08-08T23:02:55+05:30
2008-07-14,SMD-0032,BANKINDIA,NSE:BANKINDIA-EQ,244.0,254.4,241.0,244.4,2501090,FYERS_HISTORY,2026-08-08T23:02:55+05:30
2008-07-15,SMD-0032,BANKINDIA,NSE:BANKINDIA-EQ,238.0,242.0,228.65,230.7,1820154,FYERS_HISTORY,2026-08-08T23:02:55+05:30
2008-07-16,SMD-0032,BANKINDIA,NSE:BANKINDIA-EQ,237.8,237.8,219.3,227.25,2605400,FYERS_HISTORY,2026-08-08T23:02:55+05:30
2008-07-17,SMD-0032,BANKINDIA,NSE:BANKINDIA-EQ,235.0,245.0,232.5,243.45,2631694,FYERS_HISTORY,2026-08-08T23:02:55+05:30
2008-07-18,SMD-0032,BANKINDIA,NSE:BANKINDIA-EQ,248.4,261.0,243.0,257.35,2237539,FYERS_HISTORY,2026-08-08T23:02:55+05:30
2008-07-21,SMD-0032,BANKINDIA,NSE:BANKINDIA-EQ,262.15,279.0,255.6,272.5,2218957,FYERS_HISTORY,2026-08-08T23:02:55+05:30
2008-07-22,SMD-0032,BANKINDIA,NSE:BANKINDIA-EQ,275.0,284.5,273.0,280.05,3218534,FYERS_HISTORY,2026-08-08T23:02:55+05:30
2008-07-23,SMD-0032,BANKINDIA,NSE:BANKINDIA-EQ,289.9,304.35,288.2,293.05,2849173,FYERS_HISTORY,2026-08-08T23:02:55+05:30
2008-07-24,SMD-0032,BANKINDIA,NSE:BANKINDIA-EQ,296.0,296.0,276.4,280.95,1920034,FYERS_HISTORY,2026-08-08T23:02:55+05:30
2008-07-25,SMD-0032,BANKINDIA,NSE:BANKINDIA-EQ,282.0,289.0,266.7,285.4,1740491,FYERS_HISTORY,2026-08-08T23:02:55+05:30
2008-07-28,SMD-0032,BANKINDIA,NSE:BANKINDIA-EQ,285.0,297.45,280.05,294.95,3545692,FYERS_HISTORY,2026-08-08T23:02:55+05:30
2008-07-29,SMD-0032,BANKINDIA,NSE:BANKINDIA-EQ,294.95,294.95,253.3,258.0,5598656,FYERS_HISTORY,2026-08-08T23:02:55+05:30
2008-07-30,SMD-0032,BANKINDIA,NSE:BANKINDIA-EQ,264.95,273.4,259.9,271.6,3035499,FYERS_HISTORY,2026-08-08T23:02:55+05:30
2008-07-31,SMD-0032,BANKINDIA,NSE:BANKINDIA-EQ,272.9,275.0,263.1,272.6,2484923,FYERS_HISTORY,2026-08-08T23:02:55+05:30
2008-08-01,SMD-0032,BANKINDIA,NSE:BANKINDIA-EQ,269.0,291.6,262.6,288.35,2460492,FYERS_HISTORY,2026-08-08T23:02:55+05:30
2008-08-04,SMD-0032,BANKINDIA,NSE:BANKINDIA-EQ,295.55,295.55,282.0,289.6,1927539,FYERS_HISTORY,2026-08-08T23:02:55+05:30
2008-08-05,SMD-0032,BANKINDIA,NSE:BANKINDIA-EQ,269.0,309.4,269.0,307.75,3537107,FYERS_HISTORY,2026-08-08T23:02:55+05:30
2008-08-06,SMD-0032,BANKINDIA,NSE:BANKINDIA-EQ,312.0,369.25,297.0,299.05,5016337,FYERS_HISTORY,2026-08-08T23:02:55+05:30
2008-08-07,SMD-0032,BANKINDIA,NSE:BANKINDIA-EQ,297.1,308.45,290.55,294.4,3768626,FYERS_HISTORY,2026-08-08T23:02:55+05:30
2008-08-08,SMD-0032,BANKINDIA,NSE:BANKINDIA-EQ,276.0,299.4,276.0,290.0,3591049,FYERS_HISTORY,2026-08-08T23:02:55+05:30
2008-08-11,SMD-0032,BANKINDIA,NSE:BANKINDIA-EQ,297.6,306.8,295.0,303.4,2242394,FYERS_HISTORY,2026-08-08T23:02:55+05:30
2008-08-12,SMD-0032,BANKINDIA,NSE:BANKINDIA-EQ,303.0,306.1,289.45,291.4,2554871,FYERS_HISTORY,2026-08-08T23:02:55+05:30
2008-08-13,SMD-0032,BANKINDIA,NSE:BANKINDIA-EQ,298.7,298.7,279.1,282.25,3095364,FYERS_HISTORY,2026-08-08T23:02:55+05:30
2008-08-14,SMD-0032,BANKINDIA,NSE:BANKINDIA-EQ,288.0,288.0,264.95,267.6,2519372,FYERS_HISTORY,2026-08-08T23:02:55+05:30
2008-08-18,SMD-0032,BANKINDIA,NSE:BANKINDIA-EQ,270.0,271.85,257.4,260.7,3821158,FYERS_HISTORY,2026-08-08T23:02:55+05:30
2008-08-19,SMD-0032,BANKINDIA,NSE:BANKINDIA-EQ,257.0,263.0,251.1,258.1,2237823,FYERS_HISTORY,2026-08-08T23:02:55+05:30
2008-08-20,SMD-0032,BANKINDIA,NSE:BANKINDIA-EQ,260.3,265.0,255.5,260.8,2379207,FYERS_HISTORY,2026-08-08T23:02:55+05:30
2008-08-21,SMD-0032,BANKINDIA,NSE:BANKINDIA-EQ,260.0,260.0,251.1,252.5,1819580,FYERS_HISTORY,2026-08-08T23:02:55+05:30
2008-08-22,SMD-0032,BANKINDIA,NSE:BANKINDIA-EQ,250.0,260.0,248.0,258.0,2540293,FYERS_HISTORY,2026-08-08T23:02:55+05:30
2008-08-25,SMD-0032,BANKINDIA,NSE:BANKINDIA-EQ,261.1,267.3,258.65,260.0,1441922,FYERS_HISTORY,2026-08-08T23:02:55+05:30
2008-08-26,SMD-0032,BANKINDIA,NSE:BANKINDIA-EQ,256.6,261.3,255.1,258.4,2358293,FYERS_HISTORY,2026-08-08T23:02:55+05:30
2008-08-27,SMD-0032,BANKINDIA,NSE:BANKINDIA-EQ,259.6,261.5,251.7,252.6,1184874,FYERS_HISTORY,2026-08-08T23:02:55+05:30
2008-08-28,SMD-0032,BANKINDIA,NSE:BANKINDIA-EQ,252.6,256.7,249.9,251.4,3326264,FYERS_HISTORY,2026-08-08T23:02:55+05:30
2008-08-29,SMD-0032,BANKINDIA,NSE:BANKINDIA-EQ,254.95,269.7,254.5,267.6,3132885,FYERS_HISTORY,2026-08-08T23:02:55+05:30
2008-09-01,SMD-0032,BANKINDIA,NSE:BANKINDIA-EQ,265.0,274.9,259.4,272.6,2412131,FYERS_HISTORY,2026-08-08T23:02:55+05:30
2008-09-02,SMD-0032,BANKINDIA,NSE:BANKINDIA-EQ,275.0,289.0,273.1,285.35,3878504,FYERS_HISTORY,2026-08-08T23:02:55+05:30
2008-09-04,SMD-0032,BANKINDIA,NSE:BANKINDIA-EQ,283.0,298.85,277.5,294.15,3844000,FYERS_HISTORY,2026-08-08T23:02:55+05:30
2008-09-05,SMD-0032,BANKINDIA,NSE:BANKINDIA-EQ,288.2,291.85,280.0,284.4,2753165,FYERS_HISTORY,2026-08-08T23:02:55+05:30
2008-09-08,SMD-0032,BANKINDIA,NSE:BANKINDIA-EQ,290.0,299.95,290.0,292.95,2599029,FYERS_HISTORY,2026-08-08T23:02:55+05:30
2008-09-09,SMD-0032,BANKINDIA,NSE:BANKINDIA-EQ,289.0,291.9,281.55,286.6,2309323,FYERS_HISTORY,2026-08-08T23:02:55+05:30
2008-09-10,SMD-0032,BANKINDIA,NSE:BANKINDIA-EQ,285.0,297.0,282.0,291.85,3339284,FYERS_HISTORY,2026-08-08T23:02:55+05:30
2008-09-11,SMD-0032,BANKINDIA,NSE:BANKINDIA-EQ,290.0,294.85,283.65,288.05,3241290,FYERS_HISTORY,2026-08-08T23:02:55+05:30
2008-09-12,SMD-0032,BANKINDIA,NSE:BANKINDIA-EQ,290.0,293.4,283.5,285.65,1779237,FYERS_HISTORY,2026-08-08T23:02:55+05:30
2008-09-15,SMD-0032,BANKINDIA,NSE:BANKINDIA-EQ,280.3,280.3,264.6,275.1,2252937,FYERS_HISTORY,2026-08-08T23:02:55+05:30
2008-09-16,SMD-0032,BANKINDIA,NSE:BANKINDIA-EQ,267.6,292.0,265.6,290.15,3054643,FYERS_HISTORY,2026-08-08T23:02:55+05:30
2008-09-17,SMD-0032,BANKINDIA,NSE:BANKINDIA-EQ,292.0,297.0,275.05,278.85,4730125,FYERS_HISTORY,2026-08-08T23:02:55+05:30
2008-09-18,SMD-0032,BANKINDIA,NSE:BANKINDIA-EQ,274.7,283.4,262.1,281.45,4051936,FYERS_HISTORY,2026-08-08T23:02:55+05:30
2008-09-19,SMD-0032,BANKINDIA,NSE:BANKINDIA-EQ,287.0,294.0,277.6,283.45,4215561,FYERS_HISTORY,2026-08-08T23:02:55+05:30
2008-09-22,SMD-0032,BANKINDIA,NSE:BANKINDIA-EQ,282.55,294.0,282.05,290.15,3618164,FYERS_HISTORY,2026-08-08T23:02:55+05:30
2008-09-23,SMD-0032,BANKINDIA,NSE:BANKINDIA-EQ,285.1,289.95,278.3,283.1,2059061,FYERS_HISTORY,2026-08-08T23:02:55+05:30
2008-09-24,SMD-0032,BANKINDIA,NSE:BANKINDIA-EQ,272.0,289.7,272.0,282.4,1615495,FYERS_HISTORY,2026-08-08T23:02:55+05:30
2008-09-25,SMD-0032,BANKINDIA,NSE:BANKINDIA-EQ,282.0,285.95,278.65,282.35,1979428,FYERS_HISTORY,2026-08-08T23:02:55+05:30
2008-09-26,SMD-0032,BANKINDIA,NSE:BANKINDIA-EQ,282.0,286.6,274.5,276.2,1739305,FYERS_HISTORY,2026-08-08T23:02:55+05:30
2008-09-29,SMD-0032,BANKINDIA,NSE:BANKINDIA-EQ,276.6,276.6,263.2,270.95,2228927,FYERS_HISTORY,2026-08-08T23:02:55+05:30
2008-09-30,SMD-0032,BANKINDIA,NSE:BANKINDIA-EQ,262.0,289.4,260.0,285.25,3178926,FYERS_HISTORY,2026-08-08T23:02:55+05:30
2008-10-01,SMD-0032,BANKINDIA,NSE:BANKINDIA-EQ,287.75,294.95,279.35,290.3,1983432,FYERS_HISTORY,2026-08-08T23:02:55+05:30
2008-10-03,SMD-0032,BANKINDIA,NSE:BANKINDIA-EQ,287.3,294.8,283.55,288.25,2489238,FYERS_HISTORY,2026-08-08T23:02:55+05:30
2008-10-06,SMD-0032,BANKINDIA,NSE:BANKINDIA-EQ,284.0,286.85,264.5,271.35,2769852,FYERS_HISTORY,2026-08-08T23:02:55+05:30
2008-10-07,SMD-0032,BANKINDIA,NSE:BANKINDIA-EQ,275.0,286.5,267.55,281.65,2518075,FYERS_HISTORY,2026-08-08T23:02:55+05:30
2008-10-08,SMD-0032,BANKINDIA,NSE:BANKINDIA-EQ,272.0,276.95,250.55,271.35,2961678,FYERS_HISTORY,2026-08-08T23:02:55+05:30
2008-10-10,SMD-0032,BANKINDIA,NSE:BANKINDIA-EQ,260.0,274.5,246.25,262.6,3586478,FYERS_HISTORY,2026-08-08T23:02:55+05:30
2008-10-13,SMD-0032,BANKINDIA,NSE:BANKINDIA-EQ,264.25,281.0,263.0,278.05,1365479,FYERS_HISTORY,2026-08-08T23:02:55+05:30
2008-10-14,SMD-0032,BANKINDIA,NSE:BANKINDIA-EQ,288.0,305.0,285.0,294.15,3600639,FYERS_HISTORY,2026-08-08T23:02:55+05:30
2008-10-15,SMD-0032,BANKINDIA,NSE:BANKINDIA-EQ,290.0,293.0,284.6,288.95,2145618,FYERS_HISTORY,2026-08-08T23:02:55+05:30
2008-10-16,SMD-0032,BANKINDIA,NSE:BANKINDIA-EQ,280.6,302.8,272.25,295.2,4487259,FYERS_HISTORY,2026-08-08T23:02:55+05:30
2008-10-17,SMD-0032,BANKINDIA,NSE:BANKINDIA-EQ,298.0,309.4,289.2,299.65,3690317,FYERS_HISTORY,2026-08-08T23:02:55+05:30
2008-10-20,SMD-0032,BANKINDIA,NSE:BANKINDIA-EQ,302.5,312.8,286.2,295.9,3087769,FYERS_HISTORY,2026-08-08T23:02:55+05:30
2008-10-21,SMD-0032,BANKINDIA,NSE:BANKINDIA-EQ,299.55,304.9,284.15,288.35,3063381,FYERS_HISTORY,2026-08-08T23:02:55+05:30
2008-10-22,SMD-0032,BANKINDIA,NSE:BANKINDIA-EQ,280.0,291.9,268.5,270.35,6071167,FYERS_HISTORY,2026-08-08T23:02:55+05:30
2008-10-23,SMD-0032,BANKINDIA,NSE:BANKINDIA-EQ,266.0,268.5,254.0,256.5,4928588,FYERS_HISTORY,2026-08-08T23:02:55+05:30
2008-10-24,SMD-0032,BANKINDIA,NSE:BANKINDIA-EQ,253.9,256.0,204.3,227.4,6190434,FYERS_HISTORY,2026-08-08T23:02:55+05:30
2008-10-27,SMD-0032,BANKINDIA,NSE:BANKINDIA-EQ,222.0,225.0,195.0,205.8,3756884,FYERS_HISTORY,2026-08-08T23:02:55+05:30
2008-10-28,SMD-0032,BANKINDIA,NSE:BANKINDIA-EQ,237.7,237.7,210.6,213.4,425042,FYERS_HISTORY,2026-08-08T23:02:55+05:30
2008-10-29,SMD-0032,BANKINDIA,NSE:BANKINDIA-EQ,224.4,228.5,210.1,222.4,2981353,FYERS_HISTORY,2026-08-08T23:02:55+05:30
2008-10-31,SMD-0032,BANKINDIA,NSE:BANKINDIA-EQ,226.65,245.0,226.65,240.8,2924420,FYERS_HISTORY,2026-08-08T23:02:55+05:30
2008-11-03,SMD-0032,BANKINDIA,NSE:BANKINDIA-EQ,260.0,260.85,239.15,246.9,4216629,FYERS_HISTORY,2026-08-08T23:02:55+05:30
2008-11-04,SMD-0032,BANKINDIA,NSE:BANKINDIA-EQ,249.0,281.4,242.0,275.65,4095659,FYERS_HISTORY,2026-08-08T23:02:55+05:30
2008-11-05,SMD-0032,BANKINDIA,NSE:BANKINDIA-EQ,281.1,292.9,270.0,278.45,3799869,FYERS_HISTORY,2026-08-08T23:02:55+05:30
2008-11-06,SMD-0032,BANKINDIA,NSE:BANKINDIA-EQ,262.05,273.9,251.0,257.85,5893207,FYERS_HISTORY,2026-08-08T23:02:55+05:30
2008-11-07,SMD-0032,BANKINDIA,NSE:BANKINDIA-EQ,257.85,276.0,257.85,270.8,1624869,FYERS_HISTORY,2026-08-08T23:02:55+05:30
2008-11-10,SMD-0032,BANKINDIA,NSE:BANKINDIA-EQ,278.1,284.1,272.6,282.6,1637101,FYERS_HISTORY,2026-08-08T23:02:55+05:30
2008-11-11,SMD-0032,BANKINDIA,NSE:BANKINDIA-EQ,271.0,281.9,269.2,275.65,2836541,FYERS_HISTORY,2026-08-08T23:02:55+05:30
2008-11-12,SMD-0032,BANKINDIA,NSE:BANKINDIA-EQ,272.0,278.8,265.2,273.15,2452837,FYERS_HISTORY,2026-08-08T23:02:55+05:30
2008-11-14,SMD-0032,BANKINDIA,NSE:BANKINDIA-EQ,279.95,283.0,270.65,276.9,2311736,FYERS_HISTORY,2026-08-08T23:02:55+05:30
2008-11-17,SMD-0032,BANKINDIA,NSE:BANKINDIA-EQ,277.25,280.0,250.0,259.1,1748274,FYERS_HISTORY,2026-08-08T23:02:55+05:30
2008-11-18,SMD-0032,BANKINDIA,NSE:BANKINDIA-EQ,258.0,260.8,244.0,250.45,2972965,FYERS_HISTORY,2026-08-08T23:02:55+05:30
2008-11-19,SMD-0032,BANKINDIA,NSE:BANKINDIA-EQ,249.95,259.9,245.15,249.3,1565169,FYERS_HISTORY,2026-08-08T23:02:55+05:30
2008-11-20,SMD-0032,BANKINDIA,NSE:BANKINDIA-EQ,244.0,247.8,228.3,241.85,2620110,FYERS_HISTORY,2026-08-08T23:02:55+05:30
2008-11-21,SMD-0032,BANKINDIA,NSE:BANKINDIA-EQ,243.15,267.8,235.2,249.95,1685677,FYERS_HISTORY,2026-08-08T23:02:55+05:30
2008-11-24,SMD-0032,BANKINDIA,NSE:BANKINDIA-EQ,250.0,255.3,233.35,237.4,2961880,FYERS_HISTORY,2026-08-08T23:02:55+05:30
2008-11-25,SMD-0032,BANKINDIA,NSE:BANKINDIA-EQ,240.0,247.0,231.0,233.5,2093677,FYERS_HISTORY,2026-08-08T23:02:55+05:30
2008-11-26,SMD-0032,BANKINDIA,NSE:BANKINDIA-EQ,234.0,243.7,223.5,241.85,2409364,FYERS_HISTORY,2026-08-08T23:02:55+05:30
2008-11-28,SMD-0032,BANKINDIA,NSE:BANKINDIA-EQ,241.0,254.0,232.0,250.75,2677026,FYERS_HISTORY,2026-08-08T23:02:55+05:30
2008-12-01,SMD-0032,BANKINDIA,NSE:BANKINDIA-EQ,245.15,258.9,238.25,241.25,1482852,FYERS_HISTORY,2026-08-08T23:02:55+05:30
2008-12-02,SMD-0032,BANKINDIA,NSE:BANKINDIA-EQ,236.0,242.9,228.1,241.2,2538416,FYERS_HISTORY,2026-08-08T23:02:55+05:30
2008-12-03,SMD-0032,BANKINDIA,NSE:BANKINDIA-EQ,245.0,246.95,238.75,244.15,2720563,FYERS_HISTORY,2026-08-08T23:02:55+05:30
2008-12-04,SMD-0032,BANKINDIA,NSE:BANKINDIA-EQ,246.0,251.75,241.15,249.85,4469890,FYERS_HISTORY,2026-08-08T23:02:55+05:30
2008-12-05,SMD-0032,BANKINDIA,NSE:BANKINDIA-EQ,250.0,254.9,241.4,246.15,3571950,FYERS_HISTORY,2026-08-08T23:02:55+05:30
2008-12-08,SMD-0032,BANKINDIA,NSE:BANKINDIA-EQ,249.0,255.9,245.2,247.65,2866749,FYERS_HISTORY,2026-08-08T23:02:55+05:30
2008-12-10,SMD-0032,BANKINDIA,NSE:BANKINDIA-EQ,250.0,252.0,245.0,250.25,2330372,FYERS_HISTORY,2026-08-08T23:02:55+05:30
2008-12-11,SMD-0032,BANKINDIA,NSE:BANKINDIA-EQ,246.65,265.0,246.65,262.3,2589476,FYERS_HISTORY,2026-08-08T23:02:55+05:30
2008-12-12,SMD-0032,BANKINDIA,NSE:BANKINDIA-EQ,250.2,272.0,250.2,269.35,2219019,FYERS_HISTORY,2026-08-08T23:02:55+05:30
2008-12-15,SMD-0032,BANKINDIA,NSE:BANKINDIA-EQ,274.0,280.35,266.0,269.05,1316025,FYERS_HISTORY,2026-08-08T23:02:55+05:30
2008-12-16,SMD-0032,BANKINDIA,NSE:BANKINDIA-EQ,268.5,278.8,265.0,276.0,1237893,FYERS_HISTORY,2026-08-08T23:02:55+05:30
2008-12-17,SMD-0032,BANKINDIA,NSE:BANKINDIA-EQ,277.65,283.8,271.2,273.9,1836373,FYERS_HISTORY,2026-08-08T23:02:55+05:30
2008-12-18,SMD-0032,BANKINDIA,NSE:BANKINDIA-EQ,271.35,288.5,271.35,287.5,1805307,FYERS_HISTORY,2026-08-08T23:02:55+05:30
2008-12-19,SMD-0032,BANKINDIA,NSE:BANKINDIA-EQ,287.0,296.05,284.2,292.0,1499172,FYERS_HISTORY,2026-08-08T23:02:55+05:30
2008-12-22,SMD-0032,BANKINDIA,NSE:BANKINDIA-EQ,290.05,310.5,290.0,299.4,2983526,FYERS_HISTORY,2026-08-08T23:02:55+05:30
2008-12-23,SMD-0032,BANKINDIA,NSE:BANKINDIA-EQ,299.0,299.0,281.3,283.15,1259770,FYERS_HISTORY,2026-08-08T23:02:55+05:30
2008-12-24,SMD-0032,BANKINDIA,NSE:BANKINDIA-EQ,281.05,289.4,277.95,284.95,1513247,FYERS_HISTORY,2026-08-08T23:02:55+05:30
2008-12-26,SMD-0032,BANKINDIA,NSE:BANKINDIA-EQ,288.45,292.7,277.0,279.05,1046709,FYERS_HISTORY,2026-08-08T23:02:55+05:30
2008-12-29,SMD-0032,BANKINDIA,NSE:BANKINDIA-EQ,278.0,291.0,270.9,289.45,1230994,FYERS_HISTORY,2026-08-08T23:02:55+05:30
2008-12-30,SMD-0032,BANKINDIA,NSE:BANKINDIA-EQ,293.0,297.8,285.55,293.9,1380382,FYERS_HISTORY,2026-08-08T23:02:55+05:30
2008-12-31,SMD-0032,BANKINDIA,NSE:BANKINDIA-EQ,295.15,297.7,286.0,287.05,1308003,FYERS_HISTORY,2026-08-08T23:02:55+05:30
2009-01-01,SMD-0032,BANKINDIA,NSE:BANKINDIA-EQ,288.0,296.0,287.5,294.8,761238,FYERS_HISTORY,2026-08-08T23:02:55+05:30
2009-01-02,SMD-0032,BANKINDIA,NSE:BANKINDIA-EQ,296.0,302.0,293.65,296.25,1244662,FYERS_HISTORY,2026-08-08T23:02:55+05:30
2009-01-05,SMD-0032,BANKINDIA,NSE:BANKINDIA-EQ,300.0,305.35,296.2,302.65,2037624,FYERS_HISTORY,2026-08-08T23:02:55+05:30
2009-01-06,SMD-0032,BANKINDIA,NSE:BANKINDIA-EQ,302.0,309.0,296.3,301.65,1776080,FYERS_HISTORY,2026-08-08T23:02:55+05:30
2009-01-07,SMD-0032,BANKINDIA,NSE:BANKINDIA-EQ,302.55,304.8,279.5,282.7,1823185,FYERS_HISTORY,2026-08-08T23:02:55+05:30
2009-01-09,SMD-0032,BANKINDIA,NSE:BANKINDIA-EQ,278.0,287.5,275.25,279.3,1941677,FYERS_HISTORY,2026-08-08T23:02:55+05:30
2009-01-12,SMD-0032,BANKINDIA,NSE:BANKINDIA-EQ,282.0,284.0,258.0,263.95,2163324,FYERS_HISTORY,2026-08-08T23:02:55+05:30
2009-01-13,SMD-0032,BANKINDIA,NSE:BANKINDIA-EQ,266.0,266.0,245.15,251.8,2720711,FYERS_HISTORY,2026-08-08T23:02:55+05:30
2009-01-14,SMD-0032,BANKINDIA,NSE:BANKINDIA-EQ,254.5,263.6,253.0,260.05,1821878,FYERS_HISTORY,2026-08-08T23:02:55+05:30
2009-01-15,SMD-0032,BANKINDIA,NSE:BANKINDIA-EQ,250.0,255.0,242.0,245.45,2091396,FYERS_HISTORY,2026-08-08T23:02:55+05:30
2009-01-16,SMD-0032,BANKINDIA,NSE:BANKINDIA-EQ,248.0,254.9,240.0,254.1,1038698,FYERS_HISTORY,2026-08-08T23:02:55+05:30
2009-01-19,SMD-0032,BANKINDIA,NSE:BANKINDIA-EQ,255.0,260.0,251.55,255.9,900835,FYERS_HISTORY,2026-08-08T23:02:55+05:30
2009-01-20,SMD-0032,BANKINDIA,NSE:BANKINDIA-EQ,252.55,258.5,247.0,250.75,1115610,FYERS_HISTORY,2026-08-08T23:02:55+05:30
2009-01-21,SMD-0032,BANKINDIA,NSE:BANKINDIA-EQ,249.9,249.9,239.2,240.15,2376344,FYERS_HISTORY,2026-08-08T23:02:55+05:30
2009-01-22,SMD-0032,BANKINDIA,NSE:BANKINDIA-EQ,242.0,251.7,242.0,245.95,3710423,FYERS_HISTORY,2026-08-08T23:02:55+05:30
2009-01-23,SMD-0032,BANKINDIA,NSE:BANKINDIA-EQ,244.0,249.4,227.9,230.5,2455243,FYERS_HISTORY,2026-08-08T23:02:55+05:30
2009-01-27,SMD-0032,BANKINDIA,NSE:BANKINDIA-EQ,234.9,238.5,224.15,232.9,2808231,FYERS_HISTORY,2026-08-08T23:02:55+05:30
2009-01-28,SMD-0032,BANKINDIA,NSE:BANKINDIA-EQ,237.0,241.4,227.6,240.0,1824654,FYERS_HISTORY,2026-08-08T23:02:55+05:30
2009-01-29,SMD-0032,BANKINDIA,NSE:BANKINDIA-EQ,240.0,244.9,238.0,240.8,1609924,FYERS_HISTORY,2026-08-08T23:02:55+05:30
2009-01-30,SMD-0032,BANKINDIA,NSE:BANKINDIA-EQ,236.0,250.0,235.0,249.25,1627837,FYERS_HISTORY,2026-08-08T23:02:55+05:30
2009-02-02,SMD-0032,BANKINDIA,NSE:BANKINDIA-EQ,248.0,258.9,237.2,239.0,2344138,FYERS_HISTORY,2026-08-08T23:02:55+05:30
2009-02-03,SMD-0032,BANKINDIA,NSE:BANKINDIA-EQ,241.25,244.7,233.0,238.55,1751465,FYERS_HISTORY,2026-08-08T23:02:55+05:30
2009-02-04,SMD-0032,BANKINDIA,NSE:BANKINDIA-EQ,240.0,244.8,239.1,241.3,838462,FYERS_HISTORY,2026-08-08T23:02:55+05:30
2009-02-05,SMD-0032,BANKINDIA,NSE:BANKINDIA-EQ,242.25,243.9,235.55,238.8,908029,FYERS_HISTORY,2026-08-08T23:02:55+05:30
2009-02-06,SMD-0032,BANKINDIA,NSE:BANKINDIA-EQ,242.0,248.5,240.6,244.7,1166553,FYERS_HISTORY,2026-08-08T23:02:55+05:30
2009-02-09,SMD-0032,BANKINDIA,NSE:BANKINDIA-EQ,245.0,252.7,245.0,250.65,1189593,FYERS_HISTORY,2026-08-08T23:02:55+05:30
2009-02-10,SMD-0032,BANKINDIA,NSE:BANKINDIA-EQ,251.1,257.7,248.5,254.35,783811,FYERS_HISTORY,2026-08-08T23:02:55+05:30
2009-02-11,SMD-0032,BANKINDIA,NSE:BANKINDIA-EQ,247.3,252.8,245.3,249.75,841182,FYERS_HISTORY,2026-08-08T23:02:55+05:30
2009-02-12,SMD-0032,BANKINDIA,NSE:BANKINDIA-EQ,250.0,256.9,248.6,250.2,1170930,FYERS_HISTORY,2026-08-08T23:02:55+05:30
2009-02-13,SMD-0032,BANKINDIA,NSE:BANKINDIA-EQ,249.9,255.95,249.9,251.9,832695,FYERS_HISTORY,2026-08-08T23:02:55+05:30
2009-02-16,SMD-0032,BANKINDIA,NSE:BANKINDIA-EQ,252.5,253.75,235.6,237.15,1264436,FYERS_HISTORY,2026-08-08T23:02:55+05:30
2009-02-17,SMD-0032,BANKINDIA,NSE:BANKINDIA-EQ,236.45,236.45,219.15,220.55,2009910,FYERS_HISTORY,2026-08-08T23:02:55+05:30
2009-02-18,SMD-0032,BANKINDIA,NSE:BANKINDIA-EQ,218.0,224.3,206.65,220.95,1917365,FYERS_HISTORY,2026-08-08T23:02:55+05:30
2009-02-19,SMD-0032,BANKINDIA,NSE:BANKINDIA-EQ,222.25,228.4,221.1,226.7,1835491,FYERS_HISTORY,2026-08-08T23:02:55+05:30
2009-02-20,SMD-0032,BANKINDIA,NSE:BANKINDIA-EQ,222.0,223.8,216.25,221.9,1603402,FYERS_HISTORY,2026-08-08T23:02:55+05:30
2009-02-24,SMD-0032,BANKINDIA,NSE:BANKINDIA-EQ,215.25,224.0,213.65,221.0,1300367,FYERS_HISTORY,2026-08-08T23:02:55+05:30
2009-02-25,SMD-0032,BANKINDIA,NSE:BANKINDIA-EQ,222.0,228.0,222.0,223.7,865684,FYERS_HISTORY,2026-08-08T23:02:55+05:30
2009-02-26,SMD-0032,BANKINDIA,NSE:BANKINDIA-EQ,221.1,225.0,214.5,220.35,1881823,FYERS_HISTORY,2026-08-08T23:02:55+05:30
2009-02-27,SMD-0032,BANKINDIA,NSE:BANKINDIA-EQ,220.0,227.9,217.0,225.55,1451207,FYERS_HISTORY,2026-08-08T23:02:55+05:30
2009-03-02,SMD-0032,BANKINDIA,NSE:BANKINDIA-EQ,221.0,224.8,217.0,219.25,1238830,FYERS_HISTORY,2026-08-08T23:02:55+05:30
2009-03-03,SMD-0032,BANKINDIA,NSE:BANKINDIA-EQ,218.0,220.7,207.6,210.25,1158521,FYERS_HISTORY,2026-08-08T23:02:55+05:30
2009-03-04,SMD-0032,BANKINDIA,NSE:BANKINDIA-EQ,209.1,212.0,200.0,203.8,2396829,FYERS_HISTORY,2026-08-08T23:02:55+05:30
2009-03-05,SMD-0032,BANKINDIA,NSE:BANKINDIA-EQ,205.0,210.0,194.7,197.4,2256424,FYERS_HISTORY,2026-08-08T23:02:55+05:30
2009-03-06,SMD-0032,BANKINDIA,NSE:BANKINDIA-EQ,194.0,202.9,191.2,196.45,2365858,FYERS_HISTORY,2026-08-08T23:02:55+05:30
2009-03-09,SMD-0032,BANKINDIA,NSE:BANKINDIA-EQ,198.0,198.0,179.0,180.6,3026989,FYERS_HISTORY,2026-08-08T23:02:55+05:30
2009-03-12,SMD-0032,BANKINDIA,NSE:BANKINDIA-EQ,185.0,190.9,182.8,189.8,2959769,FYERS_HISTORY,2026-08-08T23:02:55+05:30
2009-03-13,SMD-0032,BANKINDIA,NSE:BANKINDIA-EQ,193.0,197.4,191.25,194.15,3388334,FYERS_HISTORY,2026-08-08T23:02:55+05:30
2009-03-16,SMD-0032,BANKINDIA,NSE:BANKINDIA-EQ,194.15,202.0,192.5,199.25,3516301,FYERS_HISTORY,2026-08-08T23:02:55+05:30
2009-03-17,SMD-0032,BANKINDIA,NSE:BANKINDIA-EQ,199.5,202.7,189.6,192.85,2927363,FYERS_HISTORY,2026-08-08T23:02:55+05:30
2009-03-18,SMD-0032,BANKINDIA,NSE:BANKINDIA-EQ,194.0,200.0,194.0,196.25,1352778,FYERS_HISTORY,2026-08-08T23:02:55+05:30
2009-03-19,SMD-0032,BANKINDIA,NSE:BANKINDIA-EQ,198.1,205.0,197.0,203.55,2861468,FYERS_HISTORY,2026-08-08T23:02:55+05:30
2009-03-20,SMD-0032,BANKINDIA,NSE:BANKINDIA-EQ,203.0,204.5,196.0,197.85,1740707,FYERS_HISTORY,2026-08-08T23:02:55+05:30
2009-03-23,SMD-0032,BANKINDIA,NSE:BANKINDIA-EQ,200.25,208.45,200.1,206.9,3770166,FYERS_HISTORY,2026-08-08T23:02:55+05:30
2009-03-24,SMD-0032,BANKINDIA,NSE:BANKINDIA-EQ,210.0,215.0,202.15,204.0,3468574,FYERS_HISTORY,2026-08-08T23:02:55+05:30
2009-03-25,SMD-0032,BANKINDIA,NSE:BANKINDIA-EQ,203.9,212.0,203.0,209.5,2000488,FYERS_HISTORY,2026-08-08T23:02:55+05:30
2009-03-26,SMD-0032,BANKINDIA,NSE:BANKINDIA-EQ,210.0,227.5,210.0,224.45,5924989,FYERS_HISTORY,2026-08-08T23:02:55+05:30
2009-03-27,SMD-0032,BANKINDIA,NSE:BANKINDIA-EQ,224.0,235.7,221.95,232.55,3285948,FYERS_HISTORY,2026-08-08T23:02:55+05:30
2009-03-30,SMD-0032,BANKINDIA,NSE:BANKINDIA-EQ,232.0,232.0,217.15,220.75,1429431,FYERS_HISTORY,2026-08-08T23:02:55+05:30
2009-03-31,SMD-0032,BANKINDIA,NSE:BANKINDIA-EQ,222.9,227.85,208.6,219.4,2568209,FYERS_HISTORY,2026-08-08T23:02:55+05:30
2009-04-01,SMD-0032,BANKINDIA,NSE:BANKINDIA-EQ,221.0,225.0,214.0,220.3,2072970,FYERS_HISTORY,2026-08-08T23:02:55+05:30
2009-04-02,SMD-0032,BANKINDIA,NSE:BANKINDIA-EQ,225.0,231.0,223.0,226.4,2489393,FYERS_HISTORY,2026-08-08T23:02:55+05:30
2009-04-06,SMD-0032,BANKINDIA,NSE:BANKINDIA-EQ,230.0,237.7,224.8,228.5,2544924,FYERS_HISTORY,2026-08-08T23:02:55+05:30
2009-04-08,SMD-0032,BANKINDIA,NSE:BANKINDIA-EQ,223.0,231.95,216.25,229.85,1741703,FYERS_HISTORY,2026-08-08T23:02:55+05:30
2009-04-09,SMD-0032,BANKINDIA,NSE:BANKINDIA-EQ,233.0,243.5,227.3,241.3,2061462,FYERS_HISTORY,2026-08-08T23:02:55+05:30
2009-04-13,SMD-0032,BANKINDIA,NSE:BANKINDIA-EQ,245.0,255.0,243.0,251.8,1878750,FYERS_HISTORY,2026-08-08T23:02:55+05:30
2009-04-15,SMD-0032,BANKINDIA,NSE:BANKINDIA-EQ,249.0,272.0,245.0,268.25,2266836,FYERS_HISTORY,2026-08-08T23:02:55+05:30
2009-04-16,SMD-0032,BANKINDIA,NSE:BANKINDIA-EQ,275.0,278.95,253.3,256.6,2476114,FYERS_HISTORY,2026-08-08T23:02:55+05:30
2009-04-17,SMD-0032,BANKINDIA,NSE:BANKINDIA-EQ,259.15,272.9,259.15,264.25,1778425,FYERS_HISTORY,2026-08-08T23:02:55+05:30
2009-04-20,SMD-0032,BANKINDIA,NSE:BANKINDIA-EQ,265.55,274.9,260.3,264.45,1281811,FYERS_HISTORY,2026-08-08T23:02:55+05:30
2009-04-21,SMD-0032,BANKINDIA,NSE:BANKINDIA-EQ,260.0,264.9,245.35,249.95,2082042,FYERS_HISTORY,2026-08-08T23:02:55+05:30
2009-04-22,SMD-0032,BANKINDIA,NSE:BANKINDIA-EQ,251.0,260.9,248.9,252.45,1472692,FYERS_HISTORY,2026-08-08T23:02:55+05:30
2009-04-23,SMD-0032,BANKINDIA,NSE:BANKINDIA-EQ,255.0,259.0,246.5,256.85,1160560,FYERS_HISTORY,2026-08-08T23:02:55+05:30
2009-04-24,SMD-0032,BANKINDIA,NSE:BANKINDIA-EQ,257.0,269.5,256.0,267.2,1964107,FYERS_HISTORY,2026-08-08T23:02:55+05:30
2009-04-27,SMD-0032,BANKINDIA,NSE:BANKINDIA-EQ,263.7,278.45,263.0,269.05,2011798,FYERS_HISTORY,2026-08-08T23:02:55+05:30
2009-04-28,SMD-0032,BANKINDIA,NSE:BANKINDIA-EQ,267.5,273.4,248.5,250.55,1954387,FYERS_HISTORY,2026-08-08T23:02:55+05:30
2009-04-29,SMD-0032,BANKINDIA,NSE:BANKINDIA-EQ,252.05,256.2,230.3,235.1,7431713,FYERS_HISTORY,2026-08-08T23:02:55+05:30
2009-05-04,SMD-0032,BANKINDIA,NSE:BANKINDIA-EQ,242.1,244.7,227.3,230.6,6771381,FYERS_HISTORY,2026-08-08T23:02:55+05:30
2009-05-05,SMD-0032,BANKINDIA,NSE:BANKINDIA-EQ,230.0,240.5,228.0,236.35,5684719,FYERS_HISTORY,2026-08-08T23:02:55+05:30
2009-05-06,SMD-0032,BANKINDIA,NSE:BANKINDIA-EQ,237.0,240.35,226.45,228.75,3201250,FYERS_HISTORY,2026-08-08T23:02:55+05:30
2009-05-07,SMD-0032,BANKINDIA,NSE:BANKINDIA-EQ,230.1,236.8,228.05,235.15,3282846,FYERS_HISTORY,2026-08-08T23:02:55+05:30
2009-05-08,SMD-0032,BANKINDIA,NSE:BANKINDIA-EQ,235.0,238.3,229.05,233.4,1866199,FYERS_HISTORY,2026-08-08T23:02:55+05:30
2009-05-11,SMD-0032,BANKINDIA,NSE:BANKINDIA-EQ,234.0,236.9,230.05,235.05,1873210,FYERS_HISTORY,2026-08-08T23:02:55+05:30
2009-05-12,SMD-0032,BANKINDIA,NSE:BANKINDIA-EQ,233.0,242.2,230.4,240.05,2297050,FYERS_HISTORY,2026-08-08T23:02:55+05:30
2009-05-13,SMD-0032,BANKINDIA,NSE:BANKINDIA-EQ,242.0,244.5,232.1,234.0,1966843,FYERS_HISTORY,2026-08-08T23:02:55+05:30
2009-05-14,SMD-0032,BANKINDIA,NSE:BANKINDIA-EQ,230.4,238.5,229.25,234.8,1545054,FYERS_HISTORY,2026-08-08T23:02:55+05:30
2009-05-15,SMD-0032,BANKINDIA,NSE:BANKINDIA-EQ,235.5,250.95,235.5,247.15,3602414,FYERS_HISTORY,2026-08-08T23:02:55+05:30
2009-05-18,SMD-0032,BANKINDIA,NSE:BANKINDIA-EQ,271.0,319.4,271.0,290.45,17345,FYERS_HISTORY,2026-08-08T23:02:55+05:30
2009-05-19,SMD-0032,BANKINDIA,NSE:BANKINDIA-EQ,291.0,326.0,267.0,319.2,5057682,FYERS_HISTORY,2026-08-08T23:02:55+05:30
2009-05-20,SMD-0032,BANKINDIA,NSE:BANKINDIA-EQ,311.0,330.0,310.0,325.1,2207020,FYERS_HISTORY,2026-08-08T23:02:55+05:30
2009-05-21,SMD-0032,BANKINDIA,NSE:BANKINDIA-EQ,324.0,349.5,321.8,327.3,3771399,FYERS_HISTORY,2026-08-08T23:02:55+05:30
2009-05-22,SMD-0032,BANKINDIA,NSE:BANKINDIA-EQ,325.0,328.6,308.1,321.9,2494258,FYERS_HISTORY,2026-08-08T23:02:55+05:30
2009-05-25,SMD-0032,BANKINDIA,NSE:BANKINDIA-EQ,320.0,329.9,314.15,325.85,2037207,FYERS_HISTORY,2026-08-08T23:02:55+05:30
2009-05-26,SMD-0032,BANKINDIA,NSE:BANKINDIA-EQ,325.0,344.8,320.4,322.6,2595697,FYERS_HISTORY,2026-08-08T23:02:55+05:30
2009-05-27,SMD-0032,BANKINDIA,NSE:BANKINDIA-EQ,330.0,338.5,325.0,332.45,1220031,FYERS_HISTORY,2026-08-08T23:02:55+05:30
2009-05-28,SMD-0032,BANKINDIA,NSE:BANKINDIA-EQ,333.0,335.85,323.0,324.3,1321911,FYERS_HISTORY,2026-08-08T23:02:55+05:30
2009-05-29,SMD-0032,BANKINDIA,NSE:BANKINDIA-EQ,332.0,341.0,326.0,337.5,2085202,FYERS_HISTORY,2026-08-08T23:02:55+05:30
2009-06-01,SMD-0032,BANKINDIA,NSE:BANKINDIA-EQ,340.0,350.0,340.0,347.45,2140945,FYERS_HISTORY,2026-08-08T23:02:55+05:30
2009-06-02,SMD-0032,BANKINDIA,NSE:BANKINDIA-EQ,344.9,350.0,320.15,331.2,3108167,FYERS_HISTORY,2026-08-08T23:02:55+05:30
2009-06-03,SMD-0032,BANKINDIA,NSE:BANKINDIA-EQ,335.0,341.8,325.2,339.15,3260909,FYERS_HISTORY,2026-08-08T23:02:55+05:30
2009-06-04,SMD-0032,BANKINDIA,NSE:BANKINDIA-EQ,336.0,351.9,331.2,344.7,1861320,FYERS_HISTORY,2026-08-08T23:02:55+05:30
2009-06-05,SMD-0032,BANKINDIA,NSE:BANKINDIA-EQ,343.9,354.9,342.15,344.5,1524432,FYERS_HISTORY,2026-08-08T23:02:55+05:30
2009-06-08,SMD-0032,BANKINDIA,NSE:BANKINDIA-EQ,344.85,347.95,305.0,314.5,1431080,FYERS_HISTORY,2026-08-08T23:02:55+05:30
2009-06-09,SMD-0032,BANKINDIA,NSE:BANKINDIA-EQ,314.0,326.4,311.55,323.75,878963,FYERS_HISTORY,2026-08-08T23:02:55+05:30
2009-06-10,SMD-0032,BANKINDIA,NSE:BANKINDIA-EQ,325.0,339.3,325.0,335.7,1145832,FYERS_HISTORY,2026-08-08T23:02:55+05:30
2009-06-11,SMD-0032,BANKINDIA,NSE:BANKINDIA-EQ,335.0,338.9,322.25,324.75,1366301,FYERS_HISTORY,2026-08-08T23:02:55+05:30
2009-06-12,SMD-0032,BANKINDIA,NSE:BANKINDIA-EQ,326.0,332.0,310.0,316.25,1251970,FYERS_HISTORY,2026-08-08T23:02:55+05:30
2009-06-15,SMD-0032,BANKINDIA,NSE:BANKINDIA-EQ,315.95,319.45,308.5,312.85,1034884,FYERS_HISTORY,2026-08-08T23:02:55+05:30
2009-06-16,SMD-0032,BANKINDIA,NSE:BANKINDIA-EQ,312.1,328.0,308.65,325.75,935375,FYERS_HISTORY,2026-08-08T23:02:55+05:30
2009-06-17,SMD-0032,BANKINDIA,NSE:BANKINDIA-EQ,328.05,334.0,310.0,312.75,1036153,FYERS_HISTORY,2026-08-08T23:02:55+05:30
2009-06-18,SMD-0032,BANKINDIA,NSE:BANKINDIA-EQ,314.8,322.5,309.2,314.9,1405898,FYERS_HISTORY,2026-08-08T23:02:55+05:30
2009-06-19,SMD-0032,BANKINDIA,NSE:BANKINDIA-EQ,318.1,341.2,316.0,338.1,3383525,FYERS_HISTORY,2026-08-08T23:02:55+05:30
2009-06-22,SMD-0032,BANKINDIA,NSE:BANKINDIA-EQ,341.0,354.4,340.0,348.85,2551938,FYERS_HISTORY,2026-08-08T23:02:55+05:30
2009-06-23,SMD-0032,BANKINDIA,NSE:BANKINDIA-EQ,341.0,346.0,335.25,342.8,1749943,FYERS_HISTORY,2026-08-08T23:02:55+05:30
2009-06-24,SMD-0032,BANKINDIA,NSE:BANKINDIA-EQ,345.0,356.4,342.05,346.85,1694718,FYERS_HISTORY,2026-08-08T23:02:55+05:30
2009-06-25,SMD-0032,BANKINDIA,NSE:BANKINDIA-EQ,342.0,353.9,326.35,343.85,1872703,FYERS_HISTORY,2026-08-08T23:02:55+05:30
2009-06-26,SMD-0032,BANKINDIA,NSE:BANKINDIA-EQ,345.0,348.8,338.1,345.45,1124407,FYERS_HISTORY,2026-08-08T23:02:55+05:30
2009-06-29,SMD-0032,BANKINDIA,NSE:BANKINDIA-EQ,345.0,362.0,340.1,358.65,1772759,FYERS_HISTORY,2026-08-08T23:02:55+05:30
2009-06-30,SMD-0032,BANKINDIA,NSE:BANKINDIA-EQ,363.0,366.4,349.25,352.65,2198752,FYERS_HISTORY,2026-08-08T23:02:55+05:30
2009-07-01,SMD-0032,BANKINDIA,NSE:BANKINDIA-EQ,356.0,360.0,346.55,357.05,894761,FYERS_HISTORY,2026-08-08T23:02:55+05:30
2009-07-02,SMD-0032,BANKINDIA,NSE:BANKINDIA-EQ,350.0,351.1,316.7,347.15,1620786,FYERS_HISTORY,2026-08-08T23:02:55+05:30
2009-07-03,SMD-0032,BANKINDIA,NSE:BANKINDIA-EQ,345.1,354.0,342.05,351.35,795204,FYERS_HISTORY,2026-08-08T23:02:55+05:30
2009-07-06,SMD-0032,BANKINDIA,NSE:BANKINDIA-EQ,355.0,361.5,315.3,327.2,1729315,FYERS_HISTORY,2026-08-08T23:02:55+05:30
2009-07-07,SMD-0032,BANKINDIA,NSE:BANKINDIA-EQ,328.0,336.8,316.55,320.55,1158884,FYERS_HISTORY,2026-08-08T23:02:55+05:30
2009-07-08,SMD-0032,BANKINDIA,NSE:BANKINDIA-EQ,316.0,316.0,299.15,306.7,1971002,FYERS_HISTORY,2026-08-08T23:02:55+05:30
2009-07-09,SMD-0032,BANKINDIA,NSE:BANKINDIA-EQ,309.0,321.35,303.7,316.1,1267689,FYERS_HISTORY,2026-08-08T23:02:55+05:30
2009-07-10,SMD-0032,BANKINDIA,NSE:BANKINDIA-EQ,307.0,322.05,300.25,305.25,706186,FYERS_HISTORY,2026-08-08T23:02:55+05:30
2009-07-13,SMD-0032,BANKINDIA,NSE:BANKINDIA-EQ,304.0,315.0,296.1,312.0,1137874,FYERS_HISTORY,2026-08-08T23:02:55+05:30
2009-07-14,SMD-0032,BANKINDIA,NSE:BANKINDIA-EQ,316.0,331.5,315.85,328.75,1458519,FYERS_HISTORY,2026-08-08T23:02:55+05:30
2009-07-15,SMD-0032,BANKINDIA,NSE:BANKINDIA-EQ,330.0,335.9,324.1,330.5,1230064,FYERS_HISTORY,2026-08-08T23:02:55+05:30
2009-07-16,SMD-0032,BANKINDIA,NSE:BANKINDIA-EQ,335.0,337.1,323.0,329.65,1566659,FYERS_HISTORY,2026-08-08T23:02:55+05:30
2009-07-17,SMD-0032,BANKINDIA,NSE:BANKINDIA-EQ,333.0,341.7,329.55,339.7,1265770,FYERS_HISTORY,2026-08-08T23:02:55+05:30
2009-07-20,SMD-0032,BANKINDIA,NSE:BANKINDIA-EQ,341.0,363.75,340.1,361.85,1522667,FYERS_HISTORY,2026-08-08T23:02:55+05:30
2009-07-21,SMD-0032,BANKINDIA,NSE:BANKINDIA-EQ,362.0,364.4,350.2,354.1,1222678,FYERS_HISTORY,2026-08-08T23:02:55+05:30
2009-07-22,SMD-0032,BANKINDIA,NSE:BANKINDIA-EQ,360.0,363.0,342.45,351.55,1473723,FYERS_HISTORY,2026-08-08T23:02:55+05:30
2009-07-23,SMD-0032,BANKINDIA,NSE:BANKINDIA-EQ,358.0,362.0,353.25,357.45,1103981,FYERS_HISTORY,2026-08-08T23:02:55+05:30
2009-07-24,SMD-0032,BANKINDIA,NSE:BANKINDIA-EQ,355.0,362.8,344.6,348.35,984735,FYERS_HISTORY,2026-08-08T23:02:55+05:30
2009-07-27,SMD-0032,BANKINDIA,NSE:BANKINDIA-EQ,349.5,359.0,330.15,332.95,2509043,FYERS_HISTORY,2026-08-08T23:02:55+05:30
2009-07-28,SMD-0032,BANKINDIA,NSE:BANKINDIA-EQ,335.05,338.0,317.1,319.45,3233787,FYERS_HISTORY,2026-08-08T23:02:55+05:30
2009-07-29,SMD-0032,BANKINDIA,NSE:BANKINDIA-EQ,322.0,324.7,311.1,320.45,2704288,FYERS_HISTORY,2026-08-08T23:02:55+05:30
2009-07-30,SMD-0032,BANKINDIA,NSE:BANKINDIA-EQ,320.0,328.2,320.0,325.3,2204602,FYERS_HISTORY,2026-08-08T23:02:55+05:30
2009-07-31,SMD-0032,BANKINDIA,NSE:BANKINDIA-EQ,328.5,335.0,325.3,328.55,2459686,FYERS_HISTORY,2026-08-08T23:02:55+05:30
2009-08-03,SMD-0032,BANKINDIA,NSE:BANKINDIA-EQ,330.0,337.8,327.25,336.95,1264707,FYERS_HISTORY,2026-08-08T23:02:55+05:30
2009-08-04,SMD-0032,BANKINDIA,NSE:BANKINDIA-EQ,337.05,339.9,330.75,333.9,797080,FYERS_HISTORY,2026-08-08T23:02:55+05:30
2009-08-05,SMD-0032,BANKINDIA,NSE:BANKINDIA-EQ,335.0,342.0,331.55,339.2,1085351,FYERS_HISTORY,2026-08-08T23:02:55+05:30
2009-08-06,SMD-0032,BANKINDIA,NSE:BANKINDIA-EQ,340.1,340.1,326.25,329.25,626092,FYERS_HISTORY,2026-08-08T23:02:55+05:30
2009-08-07,SMD-0032,BANKINDIA,NSE:BANKINDIA-EQ,325.0,327.85,322.15,326.35,853892,FYERS_HISTORY,2026-08-08T23:02:55+05:30
2009-08-10,SMD-0032,BANKINDIA,NSE:BANKINDIA-EQ,330.0,331.45,316.25,321.05,748203,FYERS_HISTORY,2026-08-08T23:02:55+05:30
2009-08-11,SMD-0032,BANKINDIA,NSE:BANKINDIA-EQ,323.9,328.0,312.0,317.8,1099671,FYERS_HISTORY,2026-08-08T23:02:55+05:30
2009-08-12,SMD-0032,BANKINDIA,NSE:BANKINDIA-EQ,316.0,317.0,301.3,311.7,1005193,FYERS_HISTORY,2026-08-08T23:02:55+05:30
2009-08-13,SMD-0032,BANKINDIA,NSE:BANKINDIA-EQ,315.0,325.05,315.0,323.0,1681107,FYERS_HISTORY,2026-08-08T23:02:55+05:30
2009-08-14,SMD-0032,BANKINDIA,NSE:BANKINDIA-EQ,324.8,324.8,317.0,319.4,1103696,FYERS_HISTORY,2026-08-08T23:02:55+05:30
2009-08-17,SMD-0032,BANKINDIA,NSE:BANKINDIA-EQ,317.5,319.5,310.1,315.95,1204615,FYERS_HISTORY,2026-08-08T23:02:55+05:30
2009-08-18,SMD-0032,BANKINDIA,NSE:BANKINDIA-EQ,315.15,320.4,310.05,317.65,1069676,FYERS_HISTORY,2026-08-08T23:02:55+05:30
2009-08-19,SMD-0032,BANKINDIA,NSE:BANKINDIA-EQ,318.0,321.4,304.6,309.65,1389986,FYERS_HISTORY,2026-08-08T23:02:55+05:30
2009-08-20,SMD-0032,BANKINDIA,NSE:BANKINDIA-EQ,312.0,315.6,305.65,307.9,1234872,FYERS_HISTORY,2026-08-08T23:02:55+05:30
2009-08-21,SMD-0032,BANKINDIA,NSE:BANKINDIA-EQ,309.5,310.9,303.0,305.95,1806192,FYERS_HISTORY,2026-08-08T23:02:55+05:30
2009-08-24,SMD-0032,BANKINDIA,NSE:BANKINDIA-EQ,308.75,315.9,308.75,314.8,1390986,FYERS_HISTORY,2026-08-08T23:02:55+05:30
2009-08-25,SMD-0032,BANKINDIA,NSE:BANKINDIA-EQ,315.0,315.0,308.0,310.85,1133690,FYERS_HISTORY,2026-08-08T23:02:55+05:30
2009-08-26,SMD-0032,BANKINDIA,NSE:BANKINDIA-EQ,312.5,318.6,312.0,317.05,1285056,FYERS_HISTORY,2026-08-08T23:02:55+05:30
2009-08-27,SMD-0032,BANKINDIA,NSE:BANKINDIA-EQ,317.0,322.7,313.0,318.45,1894241,FYERS_HISTORY,2026-08-08T23:02:55+05:30
2009-08-28,SMD-0032,BANKINDIA,NSE:BANKINDIA-EQ,318.5,327.7,317.55,326.0,980034,FYERS_HISTORY,2026-08-08T23:02:55+05:30
2009-08-31,SMD-0032,BANKINDIA,NSE:BANKINDIA-EQ,321.0,341.0,320.0,338.4,1695222,FYERS_HISTORY,2026-08-08T23:02:55+05:30
2009-09-01,SMD-0032,BANKINDIA,NSE:BANKINDIA-EQ,340.1,342.2,332.4,337.6,1396976,FYERS_HISTORY,2026-08-08T23:02:55+05:30
2009-09-02,SMD-0032,BANKINDIA,NSE:BANKINDIA-EQ,315.0,337.3,315.0,332.8,602296,FYERS_HISTORY,2026-08-08T23:02:55+05:30
2009-09-03,SMD-0032,BANKINDIA,NSE:BANKINDIA-EQ,334.0,337.0,325.1,326.7,860039,FYERS_HISTORY,2026-08-08T23:02:55+05:30
2009-09-04,SMD-0032,BANKINDIA,NSE:BANKINDIA-EQ,330.0,334.9,326.3,333.85,1320427,FYERS_HISTORY,2026-08-08T23:02:55+05:30
2009-09-07,SMD-0032,BANKINDIA,NSE:BANKINDIA-EQ,335.0,338.0,333.0,335.05,882352,FYERS_HISTORY,2026-08-08T23:02:55+05:30
2009-09-08,SMD-0032,BANKINDIA,NSE:BANKINDIA-EQ,329.0,342.0,329.0,335.55,733424,FYERS_HISTORY,2026-08-08T23:02:55+05:30
2009-09-09,SMD-0032,BANKINDIA,NSE:BANKINDIA-EQ,335.0,345.6,335.0,343.3,1537822,FYERS_HISTORY,2026-08-08T23:02:55+05:30
2009-09-10,SMD-0032,BANKINDIA,NSE:BANKINDIA-EQ,346.4,350.4,342.55,346.1,1336269,FYERS_HISTORY,2026-08-08T23:02:55+05:30
2009-09-11,SMD-0032,BANKINDIA,NSE:BANKINDIA-EQ,352.0,352.0,339.25,345.45,1225719,FYERS_HISTORY,2026-08-08T23:02:55+05:30
2009-09-14,SMD-0032,BANKINDIA,NSE:BANKINDIA-EQ,345.2,362.95,344.3,362.15,3129116,FYERS_HISTORY,2026-08-08T23:02:55+05:30
2009-09-15,SMD-0032,BANKINDIA,NSE:BANKINDIA-EQ,364.0,401.0,363.5,393.6,15834807,FYERS_HISTORY,2026-08-08T23:02:55+05:30
2009-09-16,SMD-0032,BANKINDIA,NSE:BANKINDIA-EQ,394.0,394.0,381.85,383.6,3922235,FYERS_HISTORY,2026-08-08T23:02:55+05:30
2009-09-17,SMD-0032,BANKINDIA,NSE:BANKINDIA-EQ,386.65,410.7,385.0,406.55,8030730,FYERS_HISTORY,2026-08-08T23:02:55+05:30
2009-09-18,SMD-0032,BANKINDIA,NSE:BANKINDIA-EQ,402.0,407.7,388.55,395.45,2594004,FYERS_HISTORY,2026-08-08T23:02:55+05:30
2009-09-22,SMD-0032,BANKINDIA,NSE:BANKINDIA-EQ,395.45,402.9,395.25,398.6,1233298,FYERS_HISTORY,2026-08-08T23:02:55+05:30
2009-09-23,SMD-0032,BANKINDIA,NSE:BANKINDIA-EQ,400.0,402.95,394.0,395.9,1140357,FYERS_HISTORY,2026-08-08T23:02:55+05:30
2009-09-24,SMD-0032,BANKINDIA,NSE:BANKINDIA-EQ,397.8,402.4,387.2,398.65,1974061,FYERS_HISTORY,2026-08-08T23:02:55+05:30
2009-09-25,SMD-0032,BANKINDIA,NSE:BANKINDIA-EQ,399.5,405.75,396.0,402.2,1375430,FYERS_HISTORY,2026-08-08T23:02:55+05:30
2009-09-29,SMD-0032,BANKINDIA,NSE:BANKINDIA-EQ,402.1,412.0,401.1,407.4,1516820,FYERS_HISTORY,2026-08-08T23:02:55+05:30
2009-09-30,SMD-0032,BANKINDIA,NSE:BANKINDIA-EQ,415.0,417.0,403.55,415.05,1206844,FYERS_HISTORY,2026-08-08T23:02:55+05:30
2009-10-01,SMD-0032,BANKINDIA,NSE:BANKINDIA-EQ,416.0,416.0,399.25,402.1,1435041,FYERS_HISTORY,2026-08-08T23:02:55+05:30
2009-10-05,SMD-0032,BANKINDIA,NSE:BANKINDIA-EQ,405.95,408.8,392.5,395.45,1655889,FYERS_HISTORY,2026-08-08T23:02:55+05:30
2009-10-06,SMD-0032,BANKINDIA,NSE:BANKINDIA-EQ,420.0,420.0,380.1,394.2,1245556,FYERS_HISTORY,2026-08-08T23:02:55+05:30
2009-10-07,SMD-0032,BANKINDIA,NSE:BANKINDIA-EQ,395.0,403.8,394.55,399.75,1172634,FYERS_HISTORY,2026-08-08T23:02:55+05:30
2009-10-08,SMD-0032,BANKINDIA,NSE:BANKINDIA-EQ,400.0,402.0,393.0,398.35,661559,FYERS_HISTORY,2026-08-08T23:02:55+05:30
2009-10-09,SMD-0032,BANKINDIA,NSE:BANKINDIA-EQ,400.95,402.05,388.5,393.8,772333,FYERS_HISTORY,2026-08-08T23:02:55+05:30
2009-10-12,SMD-0032,BANKINDIA,NSE:BANKINDIA-EQ,400.0,411.9,394.75,410.35,1121636,FYERS_HISTORY,2026-08-08T23:02:55+05:30
2009-10-14,SMD-0032,BANKINDIA,NSE:BANKINDIA-EQ,411.0,446.0,410.0,438.8,2591457,FYERS_HISTORY,2026-08-08T23:02:55+05:30
2009-10-15,SMD-0032,BANKINDIA,NSE:BANKINDIA-EQ,443.0,470.8,432.8,465.1,3347608,FYERS_HISTORY,2026-08-08T23:02:55+05:30
2009-10-16,SMD-0032,BANKINDIA,NSE:BANKINDIA-EQ,461.45,466.3,452.1,457.7,1402743,FYERS_HISTORY,2026-08-08T23:02:55+05:30
2009-10-17,SMD-0032,BANKINDIA,NSE:BANKINDIA-EQ,459.95,463.95,456.1,459.0,128190,FYERS_HISTORY,2026-08-08T23:02:55+05:30
2009-10-20,SMD-0032,BANKINDIA,NSE:BANKINDIA-EQ,459.0,474.0,453.55,455.95,1476163,FYERS_HISTORY,2026-08-08T23:02:55+05:30
2009-10-21,SMD-0032,BANKINDIA,NSE:BANKINDIA-EQ,453.0,454.7,436.55,440.75,914009,FYERS_HISTORY,2026-08-08T23:02:55+05:30
2009-10-22,SMD-0032,BANKINDIA,NSE:BANKINDIA-EQ,435.2,452.7,429.25,447.8,1687135,FYERS_HISTORY,2026-08-08T23:02:55+05:30
2009-10-23,SMD-0032,BANKINDIA,NSE:BANKINDIA-EQ,470.0,470.0,435.2,438.75,1349907,FYERS_HISTORY,2026-08-08T23:02:55+05:30
2009-10-26,SMD-0032,BANKINDIA,NSE:BANKINDIA-EQ,441.5,443.55,428.0,431.5,419955,FYERS_HISTORY,2026-08-08T23:02:55+05:30
2009-10-27,SMD-0032,BANKINDIA,NSE:BANKINDIA-EQ,429.5,437.3,412.25,414.9,1124848,FYERS_HISTORY,2026-08-08T23:02:55+05:30
2009-10-28,SMD-0032,BANKINDIA,NSE:BANKINDIA-EQ,412.0,418.0,391.85,407.95,1310079,FYERS_HISTORY,2026-08-08T23:02:55+05:30
2009-10-29,SMD-0032,BANKINDIA,NSE:BANKINDIA-EQ,400.0,404.0,354.5,357.55,3834604,FYERS_HISTORY,2026-08-08T23:02:55+05:30
2009-10-30,SMD-0032,BANKINDIA,NSE:BANKINDIA-EQ,350.0,364.8,331.0,333.45,4833553,FYERS_HISTORY,2026-08-08T23:02:55+05:30
2009-11-03,SMD-0032,BANKINDIA,NSE:BANKINDIA-EQ,324.0,344.8,316.65,340.65,2548471,FYERS_HISTORY,2026-08-08T23:02:55+05:30
2009-11-04,SMD-0032,BANKINDIA,NSE:BANKINDIA-EQ,350.7,352.0,340.05,349.65,1063377,FYERS_HISTORY,2026-08-08T23:02:55+05:30
2009-11-05,SMD-0032,BANKINDIA,NSE:BANKINDIA-EQ,351.0,356.0,345.25,353.85,646373,FYERS_HISTORY,2026-08-08T23:02:55+05:30
2009-11-06,SMD-0032,BANKINDIA,NSE:BANKINDIA-EQ,359.4,372.75,358.6,365.85,1606667,FYERS_HISTORY,2026-08-08T23:02:55+05:30
2009-11-09,SMD-0032,BANKINDIA,NSE:BANKINDIA-EQ,370.0,391.0,368.0,386.1,1670736,FYERS_HISTORY,2026-08-08T23:02:55+05:30
2009-11-10,SMD-0032,BANKINDIA,NSE:BANKINDIA-EQ,390.0,391.0,372.0,380.5,1168678,FYERS_HISTORY,2026-08-08T23:02:55+05:30
2009-11-11,SMD-0032,BANKINDIA,NSE:BANKINDIA-EQ,380.5,383.5,372.0,377.95,1063093,FYERS_HISTORY,2026-08-08T23:02:55+05:30
2009-11-12,SMD-0032,BANKINDIA,NSE:BANKINDIA-EQ,380.5,381.9,358.05,363.5,1085935,FYERS_HISTORY,2026-08-08T23:02:55+05:30
2009-11-13,SMD-0032,BANKINDIA,NSE:BANKINDIA-EQ,363.0,369.9,357.25,367.05,723584,FYERS_HISTORY,2026-08-08T23:02:55+05:30
2009-11-16,SMD-0032,BANKINDIA,NSE:BANKINDIA-EQ,370.0,383.1,370.0,379.55,865123,FYERS_HISTORY,2026-08-08T23:02:55+05:30
2009-11-17,SMD-0032,BANKINDIA,NSE:BANKINDIA-EQ,375.75,385.7,373.25,383.9,666432,FYERS_HISTORY,2026-08-08T23:02:55+05:30
2009-11-18,SMD-0032,BANKINDIA,NSE:BANKINDIA-EQ,383.5,388.9,379.0,385.0,695258,FYERS_HISTORY,2026-08-08T23:02:55+05:30
2009-11-19,SMD-0032,BANKINDIA,NSE:BANKINDIA-EQ,385.0,393.75,374.0,378.35,1089165,FYERS_HISTORY,2026-08-08T23:02:55+05:30
2009-11-20,SMD-0032,BANKINDIA,NSE:BANKINDIA-EQ,362.9,391.7,362.9,389.0,717019,FYERS_HISTORY,2026-08-08T23:02:55+05:30
2009-11-23,SMD-0032,BANKINDIA,NSE:BANKINDIA-EQ,393.9,398.45,388.15,392.3,549747,FYERS_HISTORY,2026-08-08T23:02:55+05:30
2009-11-24,SMD-0032,BANKINDIA,NSE:BANKINDIA-EQ,390.0,394.7,385.55,390.25,745170,FYERS_HISTORY,2026-08-08T23:02:55+05:30
2009-11-25,SMD-0032,BANKINDIA,NSE:BANKINDIA-EQ,394.0,395.0,387.2,391.85,431804,FYERS_HISTORY,2026-08-08T23:02:55+05:30
2009-11-26,SMD-0032,BANKINDIA,NSE:BANKINDIA-EQ,392.1,395.0,383.05,392.2,803656,FYERS_HISTORY,2026-08-08T23:02:55+05:30
2009-11-27,SMD-0032,BANKINDIA,NSE:BANKINDIA-EQ,386.9,386.9,363.35,376.2,957808,FYERS_HISTORY,2026-08-08T23:02:55+05:30
2009-11-30,SMD-0032,BANKINDIA,NSE:BANKINDIA-EQ,382.5,394.35,376.0,384.9,746384,FYERS_HISTORY,2026-08-08T23:02:55+05:30
2009-12-01,SMD-0032,BANKINDIA,NSE:BANKINDIA-EQ,386.0,393.4,384.35,389.85,492854,FYERS_HISTORY,2026-08-08T23:02:55+05:30
2009-12-02,SMD-0032,BANKINDIA,NSE:BANKINDIA-EQ,390.0,402.8,390.0,392.6,882868,FYERS_HISTORY,2026-08-08T23:02:55+05:30
2009-12-03,SMD-0032,BANKINDIA,NSE:BANKINDIA-EQ,399.8,402.35,387.3,390.55,736531,FYERS_HISTORY,2026-08-08T23:02:55+05:30
2009-12-04,SMD-0032,BANKINDIA,NSE:BANKINDIA-EQ,391.05,396.0,385.15,393.55,476646,FYERS_HISTORY,2026-08-08T23:02:55+05:30
2009-12-07,SMD-0032,BANKINDIA,NSE:BANKINDIA-EQ,390.75,398.0,380.1,382.25,723345,FYERS_HISTORY,2026-08-08T23:02:55+05:30
2009-12-08,SMD-0032,BANKINDIA,NSE:BANKINDIA-EQ,380.25,394.0,380.25,392.75,603844,FYERS_HISTORY,2026-08-08T23:02:55+05:30
2009-12-09,SMD-0032,BANKINDIA,NSE:BANKINDIA-EQ,388.5,392.7,381.1,382.65,538645,FYERS_HISTORY,2026-08-08T23:02:55+05:30
2009-12-10,SMD-0032,BANKINDIA,NSE:BANKINDIA-EQ,383.5,389.8,383.1,387.15,288155,FYERS_HISTORY,2026-08-08T23:02:55+05:30
2009-12-11,SMD-0032,BANKINDIA,NSE:BANKINDIA-EQ,392.0,396.9,386.1,387.5,599856,FYERS_HISTORY,2026-08-08T23:02:55+05:30
2009-12-14,SMD-0032,BANKINDIA,NSE:BANKINDIA-EQ,387.0,387.0,377.0,382.0,468311,FYERS_HISTORY,2026-08-08T23:02:55+05:30
2009-12-15,SMD-0032,BANKINDIA,NSE:BANKINDIA-EQ,378.0,379.7,373.0,374.85,702281,FYERS_HISTORY,2026-08-08T23:02:55+05:30
2009-12-16,SMD-0032,BANKINDIA,NSE:BANKINDIA-EQ,365.05,375.7,358.0,363.15,1522240,FYERS_HISTORY,2026-08-08T23:02:55+05:30
2009-12-17,SMD-0032,BANKINDIA,NSE:BANKINDIA-EQ,362.5,373.0,361.7,368.35,480447,FYERS_HISTORY,2026-08-08T23:02:55+05:30
2009-12-18,SMD-0032,BANKINDIA,NSE:BANKINDIA-EQ,361.05,369.8,359.3,360.15,532873,FYERS_HISTORY,2026-08-08T23:02:55+05:30
2009-12-21,SMD-0032,BANKINDIA,NSE:BANKINDIA-EQ,352.0,365.45,352.0,354.1,503136,FYERS_HISTORY,2026-08-08T23:02:55+05:30
2009-12-22,SMD-0032,BANKINDIA,NSE:BANKINDIA-EQ,358.6,366.0,356.1,363.7,300597,FYERS_HISTORY,2026-08-08T23:02:55+05:30
2009-12-23,SMD-0032,BANKINDIA,NSE:BANKINDIA-EQ,365.0,369.75,365.0,368.4,311265,FYERS_HISTORY,2026-08-08T23:02:55+05:30
2009-12-24,SMD-0032,BANKINDIA,NSE:BANKINDIA-EQ,370.8,384.7,370.5,378.15,693207,FYERS_HISTORY,2026-08-08T23:02:55+05:30
2009-12-29,SMD-0032,BANKINDIA,NSE:BANKINDIA-EQ,380.0,386.7,378.9,384.6,423516,FYERS_HISTORY,2026-08-08T23:02:56+05:30
2009-12-30,SMD-0032,BANKINDIA,NSE:BANKINDIA-EQ,384.6,388.7,384.0,385.95,448126,FYERS_HISTORY,2026-08-08T23:02:56+05:30
2009-12-31,SMD-0032,BANKINDIA,NSE:BANKINDIA-EQ,385.0,389.35,383.0,384.85,556342,FYERS_HISTORY,2026-08-08T23:02:56+05:30
2010-01-04,SMD-0032,BANKINDIA,NSE:BANKINDIA-EQ,389.1,394.7,385.1,392.95,589037,FYERS_HISTORY,2026-08-08T23:02:56+05:30
2010-01-05,SMD-0032,BANKINDIA,NSE:BANKINDIA-EQ,395.0,399.4,392.4,396.7,523260,FYERS_HISTORY,2026-08-08T23:02:56+05:30
2010-01-06,SMD-0032,BANKINDIA,NSE:BANKINDIA-EQ,399.8,401.7,392.3,400.05,533464,FYERS_HISTORY,2026-08-08T23:02:56+05:30
2010-01-07,SMD-0032,BANKINDIA,NSE:BANKINDIA-EQ,401.0,401.0,394.0,395.45,198371,FYERS_HISTORY,2026-08-08T23:02:56+05:30
2010-01-08,SMD-0032,BANKINDIA,NSE:BANKINDIA-EQ,396.25,397.9,392.25,393.25,296652,FYERS_HISTORY,2026-08-08T23:02:56+05:30
2010-01-11,SMD-0032,BANKINDIA,NSE:BANKINDIA-EQ,395.3,399.0,393.35,394.6,176044,FYERS_HISTORY,2026-08-08T23:02:56+05:30
2010-01-12,SMD-0032,BANKINDIA,NSE:BANKINDIA-EQ,394.1,397.25,384.1,386.2,282009,FYERS_HISTORY,2026-08-08T23:02:56+05:30
2010-01-13,SMD-0032,BANKINDIA,NSE:BANKINDIA-EQ,384.0,391.7,380.3,390.25,451496,FYERS_HISTORY,2026-08-08T23:02:56+05:30
2010-01-14,SMD-0032,BANKINDIA,NSE:BANKINDIA-EQ,394.0,394.5,383.0,385.6,192687,FYERS_HISTORY,2026-08-08T23:02:56+05:30
2010-01-15,SMD-0032,BANKINDIA,NSE:BANKINDIA-EQ,385.6,390.6,383.15,386.35,270812,FYERS_HISTORY,2026-08-08T23:02:56+05:30
2010-01-18,SMD-0032,BANKINDIA,NSE:BANKINDIA-EQ,384.0,392.65,382.4,391.05,279167,FYERS_HISTORY,2026-08-08T23:02:56+05:30
2010-01-19,SMD-0032,BANKINDIA,NSE:BANKINDIA-EQ,393.0,396.8,385.5,388.25,257743,FYERS_HISTORY,2026-08-08T23:02:56+05:30
2010-01-20,SMD-0032,BANKINDIA,NSE:BANKINDIA-EQ,388.3,396.45,385.65,389.35,332245,FYERS_HISTORY,2026-08-08T23:02:56+05:30
2010-01-21,SMD-0032,BANKINDIA,NSE:BANKINDIA-EQ,388.0,391.0,380.6,383.2,435061,FYERS_HISTORY,2026-08-08T23:02:56+05:30
2010-01-22,SMD-0032,BANKINDIA,NSE:BANKINDIA-EQ,380.0,394.5,374.3,391.85,739016,FYERS_HISTORY,2026-08-08T23:02:56+05:30
2010-01-25,SMD-0032,BANKINDIA,NSE:BANKINDIA-EQ,391.85,392.9,377.3,381.2,444895,FYERS_HISTORY,2026-08-08T23:02:56+05:30
2010-01-27,SMD-0032,BANKINDIA,NSE:BANKINDIA-EQ,383.5,385.7,370.1,375.65,525335,FYERS_HISTORY,2026-08-08T23:02:56+05:30
2010-01-28,SMD-0032,BANKINDIA,NSE:BANKINDIA-EQ,370.9,377.6,356.3,370.15,2348147,FYERS_HISTORY,2026-08-08T23:02:56+05:30
2010-01-29,SMD-0032,BANKINDIA,NSE:BANKINDIA-EQ,371.0,371.0,346.2,364.75,1812637,FYERS_HISTORY,2026-08-08T23:02:56+05:30
2010-02-01,SMD-0032,BANKINDIA,NSE:BANKINDIA-EQ,364.85,366.9,358.15,362.5,757864,FYERS_HISTORY,2026-08-08T23:02:56+05:30
2010-02-02,SMD-0032,BANKINDIA,NSE:BANKINDIA-EQ,365.0,368.65,356.25,358.85,560990,FYERS_HISTORY,2026-08-08T23:02:56+05:30
2010-02-03,SMD-0032,BANKINDIA,NSE:BANKINDIA-EQ,359.0,363.65,351.8,359.15,745422,FYERS_HISTORY,2026-08-08T23:02:56+05:30
2010-02-04,SMD-0032,BANKINDIA,NSE:BANKINDIA-EQ,363.0,363.0,349.0,351.35,548945,FYERS_HISTORY,2026-08-08T23:02:56+05:30
2010-02-05,SMD-0032,BANKINDIA,NSE:BANKINDIA-EQ,345.0,347.0,334.0,337.5,641120,FYERS_HISTORY,2026-08-08T23:02:56+05:30
2010-02-06,SMD-0032,BANKINDIA,NSE:BANKINDIA-EQ,340.0,344.0,338.0,340.45,49925,FYERS_HISTORY,2026-08-08T23:02:56+05:30
2010-02-08,SMD-0032,BANKINDIA,NSE:BANKINDIA-EQ,340.0,349.9,336.05,346.4,471561,FYERS_HISTORY,2026-08-08T23:02:56+05:30
2010-02-09,SMD-0032,BANKINDIA,NSE:BANKINDIA-EQ,345.0,349.0,341.2,343.6,517001,FYERS_HISTORY,2026-08-08T23:02:56+05:30
2010-02-10,SMD-0032,BANKINDIA,NSE:BANKINDIA-EQ,347.0,347.7,336.3,338.05,450843,FYERS_HISTORY,2026-08-08T23:02:56+05:30
2010-02-11,SMD-0032,BANKINDIA,NSE:BANKINDIA-EQ,337.5,342.7,336.5,339.95,395525,FYERS_HISTORY,2026-08-08T23:02:56+05:30
2010-02-15,SMD-0032,BANKINDIA,NSE:BANKINDIA-EQ,341.2,343.5,325.35,326.3,819760,FYERS_HISTORY,2026-08-08T23:02:56+05:30
2010-02-16,SMD-0032,BANKINDIA,NSE:BANKINDIA-EQ,328.05,330.8,323.1,328.7,791063,FYERS_HISTORY,2026-08-08T23:02:56+05:30
2010-02-17,SMD-0032,BANKINDIA,NSE:BANKINDIA-EQ,333.0,337.9,330.1,335.8,740110,FYERS_HISTORY,2026-08-08T23:02:56+05:30
2010-02-18,SMD-0032,BANKINDIA,NSE:BANKINDIA-EQ,336.65,342.0,332.85,335.1,1014158,FYERS_HISTORY,2026-08-08T23:02:56+05:30
2010-02-19,SMD-0032,BANKINDIA,NSE:BANKINDIA-EQ,332.0,335.6,326.25,331.0,454852,FYERS_HISTORY,2026-08-08T23:02:56+05:30
2010-02-22,SMD-0032,BANKINDIA,NSE:BANKINDIA-EQ,334.7,336.95,322.6,325.5,861972,FYERS_HISTORY,2026-08-08T23:02:56+05:30
2010-02-23,SMD-0032,BANKINDIA,NSE:BANKINDIA-EQ,324.0,327.0,321.25,323.3,469713,FYERS_HISTORY,2026-08-08T23:02:56+05:30
2010-02-24,SMD-0032,BANKINDIA,NSE:BANKINDIA-EQ,316.2,328.4,315.0,323.15,307594,FYERS_HISTORY,2026-08-08T23:02:56+05:30
2010-02-25,SMD-0032,BANKINDIA,NSE:BANKINDIA-EQ,323.7,329.4,321.1,327.3,1274789,FYERS_HISTORY,2026-08-08T23:02:56+05:30
2010-02-26,SMD-0032,BANKINDIA,NSE:BANKINDIA-EQ,328.05,337.85,325.2,333.35,1088050,FYERS_HISTORY,2026-08-08T23:02:56+05:30
2010-03-02,SMD-0032,BANKINDIA,NSE:BANKINDIA-EQ,336.9,345.4,336.0,344.2,546610,FYERS_HISTORY,2026-08-08T23:02:56+05:30
2010-03-03,SMD-0032,BANKINDIA,NSE:BANKINDIA-EQ,345.0,349.9,345.0,346.1,304523,FYERS_HISTORY,2026-08-08T23:02:56+05:30
2010-03-04,SMD-0032,BANKINDIA,NSE:BANKINDIA-EQ,353.4,353.4,338.75,340.8,710576,FYERS_HISTORY,2026-08-08T23:02:56+05:30
2010-03-05,SMD-0032,BANKINDIA,NSE:BANKINDIA-EQ,345.1,347.0,342.0,344.3,398555,FYERS_HISTORY,2026-08-08T23:02:56+05:30
2010-03-08,SMD-0032,BANKINDIA,NSE:BANKINDIA-EQ,346.9,348.9,343.05,346.9,619469,FYERS_HISTORY,2026-08-08T23:02:56+05:30
2010-03-09,SMD-0032,BANKINDIA,NSE:BANKINDIA-EQ,346.5,351.9,340.65,341.05,891941,FYERS_HISTORY,2026-08-08T23:02:56+05:30
2010-03-10,SMD-0032,BANKINDIA,NSE:BANKINDIA-EQ,341.25,343.7,335.3,337.3,758938,FYERS_HISTORY,2026-08-08T23:02:56+05:30
2010-03-11,SMD-0032,BANKINDIA,NSE:BANKINDIA-EQ,338.0,339.7,334.5,338.7,422867,FYERS_HISTORY,2026-08-08T23:02:56+05:30
2010-03-12,SMD-0032,BANKINDIA,NSE:BANKINDIA-EQ,339.0,342.9,335.0,340.05,398938,FYERS_HISTORY,2026-08-08T23:02:56+05:30
2010-03-15,SMD-0032,BANKINDIA,NSE:BANKINDIA-EQ,335.0,340.05,331.25,332.3,643141,FYERS_HISTORY,2026-08-08T23:02:56+05:30
2010-03-16,SMD-0032,BANKINDIA,NSE:BANKINDIA-EQ,331.0,331.85,326.0,328.95,643853,FYERS_HISTORY,2026-08-08T23:02:56+05:30
2010-03-17,SMD-0032,BANKINDIA,NSE:BANKINDIA-EQ,330.3,331.9,325.7,327.0,484344,FYERS_HISTORY,2026-08-08T23:02:56+05:30
2010-03-18,SMD-0032,BANKINDIA,NSE:BANKINDIA-EQ,329.8,329.8,324.7,326.65,704023,FYERS_HISTORY,2026-08-08T23:02:56+05:30
2010-03-19,SMD-0032,BANKINDIA,NSE:BANKINDIA-EQ,327.0,330.3,325.5,326.35,634234,FYERS_HISTORY,2026-08-08T23:02:56+05:30
2010-03-22,SMD-0032,BANKINDIA,NSE:BANKINDIA-EQ,310.0,326.3,310.0,317.1,892918,FYERS_HISTORY,2026-08-08T23:02:56+05:30
2010-03-23,SMD-0032,BANKINDIA,NSE:BANKINDIA-EQ,318.7,319.9,309.05,310.05,890968,FYERS_HISTORY,2026-08-08T23:02:56+05:30
2010-03-25,SMD-0032,BANKINDIA,NSE:BANKINDIA-EQ,312.2,315.0,310.05,313.9,583598,FYERS_HISTORY,2026-08-08T23:02:56+05:30
2010-03-26,SMD-0032,BANKINDIA,NSE:BANKINDIA-EQ,313.1,323.4,313.1,321.35,632842,FYERS_HISTORY,2026-08-08T23:02:56+05:30
2010-03-29,SMD-0032,BANKINDIA,NSE:BANKINDIA-EQ,325.0,329.0,323.3,326.1,445604,FYERS_HISTORY,2026-08-08T23:02:56+05:30
2010-03-30,SMD-0032,BANKINDIA,NSE:BANKINDIA-EQ,330.9,345.6,327.6,342.75,1505111,FYERS_HISTORY,2026-08-08T23:02:56+05:30
2010-03-31,SMD-0032,BANKINDIA,NSE:BANKINDIA-EQ,345.4,346.9,339.0,340.25,671219,FYERS_HISTORY,2026-08-08T23:02:56+05:30
2010-04-01,SMD-0032,BANKINDIA,NSE:BANKINDIA-EQ,341.8,348.0,341.25,346.4,426888,FYERS_HISTORY,2026-08-08T23:02:56+05:30
2010-04-05,SMD-0032,BANKINDIA,NSE:BANKINDIA-EQ,349.6,357.0,348.3,355.35,588320,FYERS_HISTORY,2026-08-08T23:02:56+05:30
2010-04-06,SMD-0032,BANKINDIA,NSE:BANKINDIA-EQ,357.0,363.1,355.05,360.8,675920,FYERS_HISTORY,2026-08-08T23:02:56+05:30
2010-04-07,SMD-0032,BANKINDIA,NSE:BANKINDIA-EQ,362.0,374.0,362.0,371.6,935050,FYERS_HISTORY,2026-08-08T23:02:56+05:30
2010-04-08,SMD-0032,BANKINDIA,NSE:BANKINDIA-EQ,371.1,374.7,356.05,358.7,779055,FYERS_HISTORY,2026-08-08T23:02:56+05:30
2010-04-09,SMD-0032,BANKINDIA,NSE:BANKINDIA-EQ,360.0,363.9,352.6,360.35,784900,FYERS_HISTORY,2026-08-08T23:02:56+05:30
2010-04-12,SMD-0032,BANKINDIA,NSE:BANKINDIA-EQ,400.0,400.0,355.7,366.85,507477,FYERS_HISTORY,2026-08-08T23:02:56+05:30
2010-04-13,SMD-0032,BANKINDIA,NSE:BANKINDIA-EQ,364.1,365.9,358.25,361.4,378735,FYERS_HISTORY,2026-08-08T23:02:56+05:30
2010-04-15,SMD-0032,BANKINDIA,NSE:BANKINDIA-EQ,363.2,368.0,356.35,357.9,317026,FYERS_HISTORY,2026-08-08T23:02:56+05:30
2010-04-16,SMD-0032,BANKINDIA,NSE:BANKINDIA-EQ,357.9,360.9,348.05,359.85,335778,FYERS_HISTORY,2026-08-08T23:02:56+05:30
2010-04-19,SMD-0032,BANKINDIA,NSE:BANKINDIA-EQ,351.0,361.7,351.0,354.65,361185,FYERS_HISTORY,2026-08-08T23:02:56+05:30
2010-04-20,SMD-0032,BANKINDIA,NSE:BANKINDIA-EQ,355.3,367.7,355.3,364.4,477693,FYERS_HISTORY,2026-08-08T23:02:56+05:30
2010-04-21,SMD-0032,BANKINDIA,NSE:BANKINDIA-EQ,368.0,371.8,363.6,364.6,429516,FYERS_HISTORY,2026-08-08T23:02:56+05:30
2010-04-22,SMD-0032,BANKINDIA,NSE:BANKINDIA-EQ,365.0,379.9,365.0,377.4,1361803,FYERS_HISTORY,2026-08-08T23:02:56+05:30
2010-04-23,SMD-0032,BANKINDIA,NSE:BANKINDIA-EQ,378.0,389.9,378.0,382.2,1769089,FYERS_HISTORY,2026-08-08T23:02:56+05:30
2010-04-26,SMD-0032,BANKINDIA,NSE:BANKINDIA-EQ,382.2,388.3,380.3,381.7,509396,FYERS_HISTORY,2026-08-08T23:02:56+05:30
2010-04-27,SMD-0032,BANKINDIA,NSE:BANKINDIA-EQ,384.7,388.7,376.35,384.9,525854,FYERS_HISTORY,2026-08-08T23:02:56+05:30
2010-04-28,SMD-0032,BANKINDIA,NSE:BANKINDIA-EQ,378.5,386.4,377.3,384.95,567855,FYERS_HISTORY,2026-08-08T23:02:56+05:30
2010-04-29,SMD-0032,BANKINDIA,NSE:BANKINDIA-EQ,385.3,394.55,382.25,384.35,904678,FYERS_HISTORY,2026-08-08T23:02:56+05:30
2010-04-30,SMD-0032,BANKINDIA,NSE:BANKINDIA-EQ,387.5,391.05,378.5,380.8,485415,FYERS_HISTORY,2026-08-08T23:02:56+05:30
2010-05-03,SMD-0032,BANKINDIA,NSE:BANKINDIA-EQ,379.0,383.85,376.3,381.95,275447,FYERS_HISTORY,2026-08-08T23:02:56+05:30
2010-05-04,SMD-0032,BANKINDIA,NSE:BANKINDIA-EQ,384.0,385.9,367.2,370.7,516041,FYERS_HISTORY,2026-08-08T23:02:56+05:30
2010-05-05,SMD-0032,BANKINDIA,NSE:BANKINDIA-EQ,365.0,376.7,362.05,374.25,1039592,FYERS_HISTORY,2026-08-08T23:02:56+05:30
2010-05-06,SMD-0032,BANKINDIA,NSE:BANKINDIA-EQ,374.25,375.5,366.5,368.55,500432,FYERS_HISTORY,2026-08-08T23:02:56+05:30
2010-05-07,SMD-0032,BANKINDIA,NSE:BANKINDIA-EQ,360.25,365.0,343.1,347.75,1166433,FYERS_HISTORY,2026-08-08T23:02:56+05:30
2010-05-10,SMD-0032,BANKINDIA,NSE:BANKINDIA-EQ,353.0,353.0,329.0,334.45,1841299,FYERS_HISTORY,2026-08-08T23:02:56+05:30
2010-05-11,SMD-0032,BANKINDIA,NSE:BANKINDIA-EQ,335.0,339.7,331.05,336.15,754814,FYERS_HISTORY,2026-08-08T23:02:56+05:30
2010-05-12,SMD-0032,BANKINDIA,NSE:BANKINDIA-EQ,336.2,337.9,332.65,335.7,600197,FYERS_HISTORY,2026-08-08T23:02:56+05:30
2010-05-13,SMD-0032,BANKINDIA,NSE:BANKINDIA-EQ,336.5,344.95,333.2,335.4,1210355,FYERS_HISTORY,2026-08-08T23:02:56+05:30
2010-05-14,SMD-0032,BANKINDIA,NSE:BANKINDIA-EQ,334.0,336.4,327.8,330.05,751394,FYERS_HISTORY,2026-08-08T23:02:56+05:30
2010-05-17,SMD-0032,BANKINDIA,NSE:BANKINDIA-EQ,323.9,330.0,318.0,329.3,905750,FYERS_HISTORY,2026-08-08T23:02:56+05:30
2010-05-18,SMD-0032,BANKINDIA,NSE:BANKINDIA-EQ,329.6,339.45,322.05,333.8,905837,FYERS_HISTORY,2026-08-08T23:02:56+05:30
2010-05-19,SMD-0032,BANKINDIA,NSE:BANKINDIA-EQ,333.85,333.85,320.4,323.45,704313,FYERS_HISTORY,2026-08-08T23:02:56+05:30
2010-05-20,SMD-0032,BANKINDIA,NSE:BANKINDIA-EQ,323.0,330.7,322.7,328.95,488001,FYERS_HISTORY,2026-08-08T23:02:56+05:30
2010-05-21,SMD-0032,BANKINDIA,NSE:BANKINDIA-EQ,324.7,324.7,310.6,321.75,983091,FYERS_HISTORY,2026-08-08T23:02:56+05:30
2010-05-24,SMD-0032,BANKINDIA,NSE:BANKINDIA-EQ,327.0,330.7,321.2,322.9,232404,FYERS_HISTORY,2026-08-08T23:02:56+05:30
2010-05-25,SMD-0032,BANKINDIA,NSE:BANKINDIA-EQ,322.0,324.6,316.0,319.8,458132,FYERS_HISTORY,2026-08-08T23:02:56+05:30
2010-05-26,SMD-0032,BANKINDIA,NSE:BANKINDIA-EQ,320.75,324.7,312.6,315.05,642783,FYERS_HISTORY,2026-08-08T23:02:56+05:30
2010-05-27,SMD-0032,BANKINDIA,NSE:BANKINDIA-EQ,316.0,319.4,311.15,316.5,565164,FYERS_HISTORY,2026-08-08T23:02:56+05:30
2010-05-28,SMD-0032,BANKINDIA,NSE:BANKINDIA-EQ,321.0,328.45,320.1,325.1,451188,FYERS_HISTORY,2026-08-08T23:02:56+05:30
2010-05-31,SMD-0032,BANKINDIA,NSE:BANKINDIA-EQ,325.1,331.45,322.1,329.65,499459,FYERS_HISTORY,2026-08-08T23:02:56+05:30
2010-06-01,SMD-0032,BANKINDIA,NSE:BANKINDIA-EQ,330.15,334.3,321.0,322.0,521012,FYERS_HISTORY,2026-08-08T23:02:56+05:30
2010-06-02,SMD-0032,BANKINDIA,NSE:BANKINDIA-EQ,324.0,331.15,320.5,327.65,353347,FYERS_HISTORY,2026-08-08T23:02:56+05:30
2010-06-03,SMD-0032,BANKINDIA,NSE:BANKINDIA-EQ,330.25,338.1,329.25,332.7,744580,FYERS_HISTORY,2026-08-08T23:02:56+05:30
2010-06-04,SMD-0032,BANKINDIA,NSE:BANKINDIA-EQ,334.0,338.9,330.25,334.3,459031,FYERS_HISTORY,2026-08-08T23:02:56+05:30
2010-06-07,SMD-0032,BANKINDIA,NSE:BANKINDIA-EQ,325.1,329.7,323.7,328.05,262178,FYERS_HISTORY,2026-08-08T23:02:56+05:30
2010-06-08,SMD-0032,BANKINDIA,NSE:BANKINDIA-EQ,328.0,335.0,323.7,324.75,522012,FYERS_HISTORY,2026-08-08T23:02:56+05:30
2010-06-09,SMD-0032,BANKINDIA,NSE:BANKINDIA-EQ,325.05,330.9,325.05,329.25,402369,FYERS_HISTORY,2026-08-08T23:02:56+05:30
2010-06-10,SMD-0032,BANKINDIA,NSE:BANKINDIA-EQ,330.05,334.0,327.8,331.8,365191,FYERS_HISTORY,2026-08-08T23:02:56+05:30
2010-06-11,SMD-0032,BANKINDIA,NSE:BANKINDIA-EQ,334.8,334.9,328.3,329.35,290731,FYERS_HISTORY,2026-08-08T23:02:56+05:30
2010-06-14,SMD-0032,BANKINDIA,NSE:BANKINDIA-EQ,333.7,334.5,330.0,332.25,302494,FYERS_HISTORY,2026-08-08T23:02:56+05:30
2010-06-15,SMD-0032,BANKINDIA,NSE:BANKINDIA-EQ,332.25,338.0,329.25,336.7,412711,FYERS_HISTORY,2026-08-08T23:02:56+05:30
2010-06-16,SMD-0032,BANKINDIA,NSE:BANKINDIA-EQ,339.8,340.35,330.0,330.65,533500,FYERS_HISTORY,2026-08-08T23:02:56+05:30
2010-06-17,SMD-0032,BANKINDIA,NSE:BANKINDIA-EQ,330.0,332.7,325.15,326.1,374317,FYERS_HISTORY,2026-08-08T23:02:56+05:30
2010-06-18,SMD-0032,BANKINDIA,NSE:BANKINDIA-EQ,326.0,334.3,325.1,333.25,630791,FYERS_HISTORY,2026-08-08T23:02:56+05:30
2010-06-21,SMD-0032,BANKINDIA,NSE:BANKINDIA-EQ,335.0,342.7,334.9,340.8,676391,FYERS_HISTORY,2026-08-08T23:02:56+05:30
2010-06-22,SMD-0032,BANKINDIA,NSE:BANKINDIA-EQ,340.0,344.95,338.0,340.9,750362,FYERS_HISTORY,2026-08-08T23:02:56+05:30
2010-06-23,SMD-0032,BANKINDIA,NSE:BANKINDIA-EQ,340.0,343.9,338.25,339.2,458943,FYERS_HISTORY,2026-08-08T23:02:56+05:30
2010-06-24,SMD-0032,BANKINDIA,NSE:BANKINDIA-EQ,340.0,350.0,340.0,348.5,1333966,FYERS_HISTORY,2026-08-08T23:02:56+05:30
2010-06-25,SMD-0032,BANKINDIA,NSE:BANKINDIA-EQ,348.0,351.7,342.6,344.35,515529,FYERS_HISTORY,2026-08-08T23:02:56+05:30
2010-06-28,SMD-0032,BANKINDIA,NSE:BANKINDIA-EQ,344.5,348.45,340.4,346.45,454783,FYERS_HISTORY,2026-08-08T23:02:56+05:30
2010-06-29,SMD-0032,BANKINDIA,NSE:BANKINDIA-EQ,345.5,349.95,344.0,345.85,556962,FYERS_HISTORY,2026-08-08T23:02:56+05:30
2010-06-30,SMD-0032,BANKINDIA,NSE:BANKINDIA-EQ,342.0,353.9,336.0,349.5,613535,FYERS_HISTORY,2026-08-08T23:02:56+05:30
2010-07-01,SMD-0032,BANKINDIA,NSE:BANKINDIA-EQ,347.5,364.1,346.1,357.0,1342039,FYERS_HISTORY,2026-08-08T23:02:56+05:30
2010-07-02,SMD-0032,BANKINDIA,NSE:BANKINDIA-EQ,359.0,362.0,354.2,357.0,633600,FYERS_HISTORY,2026-08-08T23:02:56+05:30
2010-07-05,SMD-0032,BANKINDIA,NSE:BANKINDIA-EQ,355.5,366.85,354.0,364.6,783955,FYERS_HISTORY,2026-08-08T23:02:56+05:30
2010-07-06,SMD-0032,BANKINDIA,NSE:BANKINDIA-EQ,366.2,377.7,362.85,373.9,1514526,FYERS_HISTORY,2026-08-08T23:02:56+05:30
2010-07-07,SMD-0032,BANKINDIA,NSE:BANKINDIA-EQ,375.0,375.0,367.1,368.4,939078,FYERS_HISTORY,2026-08-08T23:02:56+05:30
2010-07-08,SMD-0032,BANKINDIA,NSE:BANKINDIA-EQ,368.0,369.45,362.3,368.05,772125,FYERS_HISTORY,2026-08-08T23:02:56+05:30
2010-07-09,SMD-0032,BANKINDIA,NSE:BANKINDIA-EQ,370.0,375.0,367.25,374.25,920018,FYERS_HISTORY,2026-08-08T23:02:56+05:30
2010-07-12,SMD-0032,BANKINDIA,NSE:BANKINDIA-EQ,373.7,374.7,365.5,369.85,437829,FYERS_HISTORY,2026-08-08T23:02:56+05:30
2010-07-13,SMD-0032,BANKINDIA,NSE:BANKINDIA-EQ,372.0,383.9,369.4,376.9,1210724,FYERS_HISTORY,2026-08-08T23:02:56+05:30
2010-07-14,SMD-0032,BANKINDIA,NSE:BANKINDIA-EQ,380.0,385.0,378.0,381.6,1146900,FYERS_HISTORY,2026-08-08T23:02:56+05:30
2010-07-15,SMD-0032,BANKINDIA,NSE:BANKINDIA-EQ,379.95,392.75,379.2,390.6,971206,FYERS_HISTORY,2026-08-08T23:02:56+05:30
2010-07-16,SMD-0032,BANKINDIA,NSE:BANKINDIA-EQ,390.5,397.9,388.5,395.0,1300080,FYERS_HISTORY,2026-08-08T23:02:56+05:30
2010-07-19,SMD-0032,BANKINDIA,NSE:BANKINDIA-EQ,395.5,401.9,390.0,393.05,741753,FYERS_HISTORY,2026-08-08T23:02:56+05:30
2010-07-20,SMD-0032,BANKINDIA,NSE:BANKINDIA-EQ,395.0,403.2,394.0,398.6,1347096,FYERS_HISTORY,2026-08-08T23:02:56+05:30
2010-07-21,SMD-0032,BANKINDIA,NSE:BANKINDIA-EQ,402.2,409.8,399.0,407.95,1550889,FYERS_HISTORY,2026-08-08T23:02:56+05:30
2010-07-22,SMD-0032,BANKINDIA,NSE:BANKINDIA-EQ,406.7,408.75,401.6,403.15,1271249,FYERS_HISTORY,2026-08-08T23:02:56+05:30
2010-07-23,SMD-0032,BANKINDIA,NSE:BANKINDIA-EQ,405.85,406.9,396.1,402.95,1147630,FYERS_HISTORY,2026-08-08T23:02:56+05:30
2010-07-26,SMD-0032,BANKINDIA,NSE:BANKINDIA-EQ,405.0,405.8,391.2,393.85,717245,FYERS_HISTORY,2026-08-08T23:02:56+05:30
2010-07-27,SMD-0032,BANKINDIA,NSE:BANKINDIA-EQ,395.0,402.15,390.05,397.35,915467,FYERS_HISTORY,2026-08-08T23:02:56+05:30
2010-07-28,SMD-0032,BANKINDIA,NSE:BANKINDIA-EQ,396.8,405.0,395.15,403.2,654856,FYERS_HISTORY,2026-08-08T23:02:56+05:30
2010-07-29,SMD-0032,BANKINDIA,NSE:BANKINDIA-EQ,405.0,413.1,404.0,411.0,1468966,FYERS_HISTORY,2026-08-08T23:02:56+05:30
2010-07-30,SMD-0032,BANKINDIA,NSE:BANKINDIA-EQ,409.4,415.0,404.5,410.6,797987,FYERS_HISTORY,2026-08-08T23:02:56+05:30
2010-08-02,SMD-0032,BANKINDIA,NSE:BANKINDIA-EQ,417.7,440.9,415.8,439.4,3460179,FYERS_HISTORY,2026-08-08T23:02:56+05:30
2010-08-03,SMD-0032,BANKINDIA,NSE:BANKINDIA-EQ,440.9,441.9,435.65,437.0,1431043,FYERS_HISTORY,2026-08-08T23:02:56+05:30
2010-08-04,SMD-0032,BANKINDIA,NSE:BANKINDIA-EQ,437.0,439.9,433.1,436.85,584168,FYERS_HISTORY,2026-08-08T23:02:56+05:30
2010-08-05,SMD-0032,BANKINDIA,NSE:BANKINDIA-EQ,436.85,444.9,436.05,436.9,1169616,FYERS_HISTORY,2026-08-08T23:02:56+05:30
2010-08-06,SMD-0032,BANKINDIA,NSE:BANKINDIA-EQ,437.0,440.5,431.2,434.7,675068,FYERS_HISTORY,2026-08-08T23:02:56+05:30
2010-08-09,SMD-0032,BANKINDIA,NSE:BANKINDIA-EQ,434.0,439.8,432.0,438.65,445393,FYERS_HISTORY,2026-08-08T23:02:56+05:30
2010-08-10,SMD-0032,BANKINDIA,NSE:BANKINDIA-EQ,438.1,444.45,433.25,435.9,640151,FYERS_HISTORY,2026-08-08T23:02:56+05:30
2010-08-11,SMD-0032,BANKINDIA,NSE:BANKINDIA-EQ,435.05,440.75,435.05,438.05,542883,FYERS_HISTORY,2026-08-08T23:02:56+05:30
2010-08-12,SMD-0032,BANKINDIA,NSE:BANKINDIA-EQ,433.45,464.0,433.45,462.3,2036446,FYERS_HISTORY,2026-08-08T23:02:56+05:30
2010-08-13,SMD-0032,BANKINDIA,NSE:BANKINDIA-EQ,462.05,472.85,457.5,462.95,1085627,FYERS_HISTORY,2026-08-08T23:02:56+05:30
2010-08-16,SMD-0032,BANKINDIA,NSE:BANKINDIA-EQ,462.9,467.7,459.1,464.35,505276,FYERS_HISTORY,2026-08-08T23:02:56+05:30
2010-08-17,SMD-0032,BANKINDIA,NSE:BANKINDIA-EQ,468.75,476.4,462.4,466.4,1289121,FYERS_HISTORY,2026-08-08T23:02:56+05:30
2010-08-18,SMD-0032,BANKINDIA,NSE:BANKINDIA-EQ,467.0,469.8,455.3,461.6,789933,FYERS_HISTORY,2026-08-08T23:02:56+05:30
2010-08-19,SMD-0032,BANKINDIA,NSE:BANKINDIA-EQ,462.5,471.35,455.5,467.0,1490511,FYERS_HISTORY,2026-08-08T23:02:56+05:30
2010-08-20,SMD-0032,BANKINDIA,NSE:BANKINDIA-EQ,467.0,468.5,456.9,459.65,676260,FYERS_HISTORY,2026-08-08T23:02:56+05:30
2010-08-23,SMD-0032,BANKINDIA,NSE:BANKINDIA-EQ,459.25,465.9,455.3,463.5,588777,FYERS_HISTORY,2026-08-08T23:02:56+05:30
2010-08-24,SMD-0032,BANKINDIA,NSE:BANKINDIA-EQ,463.6,468.3,456.7,464.6,1015280,FYERS_HISTORY,2026-08-08T23:02:56+05:30
2010-08-25,SMD-0032,BANKINDIA,NSE:BANKINDIA-EQ,460.75,465.0,452.65,459.0,880692,FYERS_HISTORY,2026-08-08T23:02:56+05:30
2010-08-26,SMD-0032,BANKINDIA,NSE:BANKINDIA-EQ,457.0,473.1,457.0,463.9,2227457,FYERS_HISTORY,2026-08-08T23:02:56+05:30
2010-08-27,SMD-0032,BANKINDIA,NSE:BANKINDIA-EQ,465.0,465.0,443.5,446.8,756501,FYERS_HISTORY,2026-08-08T23:02:56+05:30
2010-08-30,SMD-0032,BANKINDIA,NSE:BANKINDIA-EQ,448.0,455.95,436.05,442.8,662818,FYERS_HISTORY,2026-08-08T23:02:56+05:30
2010-08-31,SMD-0032,BANKINDIA,NSE:BANKINDIA-EQ,441.0,448.7,437.25,442.35,1143499,FYERS_HISTORY,2026-08-08T23:02:56+05:30
2010-09-01,SMD-0032,BANKINDIA,NSE:BANKINDIA-EQ,444.1,452.6,443.35,451.6,652628,FYERS_HISTORY,2026-08-08T23:02:56+05:30
2010-09-02,SMD-0032,BANKINDIA,NSE:BANKINDIA-EQ,454.0,459.5,450.75,457.95,502808,FYERS_HISTORY,2026-08-08T23:02:56+05:30
2010-09-03,SMD-0032,BANKINDIA,NSE:BANKINDIA-EQ,459.8,466.7,456.5,464.4,454983,FYERS_HISTORY,2026-08-08T23:02:56+05:30
2010-09-06,SMD-0032,BANKINDIA,NSE:BANKINDIA-EQ,468.0,469.8,462.65,464.45,315645,FYERS_HISTORY,2026-08-08T23:02:56+05:30
2010-09-07,SMD-0032,BANKINDIA,NSE:BANKINDIA-EQ,462.0,467.7,458.1,460.3,376046,FYERS_HISTORY,2026-08-08T23:02:56+05:30
2010-09-08,SMD-0032,BANKINDIA,NSE:BANKINDIA-EQ,437.1,469.8,437.1,463.05,548390,FYERS_HISTORY,2026-08-08T23:02:56+05:30
2010-09-09,SMD-0032,BANKINDIA,NSE:BANKINDIA-EQ,463.1,492.8,462.2,489.45,2229359,FYERS_HISTORY,2026-08-08T23:02:56+05:30
2010-09-13,SMD-0032,BANKINDIA,NSE:BANKINDIA-EQ,495.0,504.7,492.0,500.0,2541983,FYERS_HISTORY,2026-08-08T23:02:56+05:30
2010-09-14,SMD-0032,BANKINDIA,NSE:BANKINDIA-EQ,504.0,504.0,494.1,496.65,1187503,FYERS_HISTORY,2026-08-08T23:02:56+05:30
2010-09-15,SMD-0032,BANKINDIA,NSE:BANKINDIA-EQ,482.1,501.9,482.1,498.8,1105040,FYERS_HISTORY,2026-08-08T23:02:56+05:30
2010-09-16,SMD-0032,BANKINDIA,NSE:BANKINDIA-EQ,496.0,504.7,468.7,486.6,1961132,FYERS_HISTORY,2026-08-08T23:02:56+05:30
2010-09-17,SMD-0032,BANKINDIA,NSE:BANKINDIA-EQ,487.5,501.75,487.2,498.45,1431204,FYERS_HISTORY,2026-08-08T23:02:56+05:30
2010-09-20,SMD-0032,BANKINDIA,NSE:BANKINDIA-EQ,495.0,501.8,493.5,496.5,880085,FYERS_HISTORY,2026-08-08T23:02:56+05:30
2010-09-21,SMD-0032,BANKINDIA,NSE:BANKINDIA-EQ,502.9,502.9,491.0,495.3,756501,FYERS_HISTORY,2026-08-08T23:02:56+05:30
2010-09-22,SMD-0032,BANKINDIA,NSE:BANKINDIA-EQ,498.0,508.8,495.75,503.2,1857061,FYERS_HISTORY,2026-08-08T23:02:56+05:30
2010-09-23,SMD-0032,BANKINDIA,NSE:BANKINDIA-EQ,503.0,506.0,495.6,499.05,1085119,FYERS_HISTORY,2026-08-08T23:02:56+05:30
2010-09-24,SMD-0032,BANKINDIA,NSE:BANKINDIA-EQ,496.25,498.9,491.75,496.55,750327,FYERS_HISTORY,2026-08-08T23:02:56+05:30
2010-09-27,SMD-0032,BANKINDIA,NSE:BANKINDIA-EQ,502.0,502.0,494.65,497.5,489167,FYERS_HISTORY,2026-08-08T23:02:56+05:30
2010-09-28,SMD-0032,BANKINDIA,NSE:BANKINDIA-EQ,497.5,517.1,492.15,515.95,2365913,FYERS_HISTORY,2026-08-08T23:02:56+05:30
2010-09-29,SMD-0032,BANKINDIA,NSE:BANKINDIA-EQ,518.2,528.6,517.05,523.5,1706308,FYERS_HISTORY,2026-08-08T23:02:56+05:30
2010-09-30,SMD-0032,BANKINDIA,NSE:BANKINDIA-EQ,520.25,525.0,512.0,517.45,808288,FYERS_HISTORY,2026-08-08T23:02:56+05:30
2010-10-01,SMD-0032,BANKINDIA,NSE:BANKINDIA-EQ,520.0,527.95,518.0,525.1,574004,FYERS_HISTORY,2026-08-08T23:02:56+05:30
2010-10-04,SMD-0032,BANKINDIA,NSE:BANKINDIA-EQ,527.25,539.2,527.25,536.35,1063202,FYERS_HISTORY,2026-08-08T23:02:56+05:30
2010-10-05,SMD-0032,BANKINDIA,NSE:BANKINDIA-EQ,535.0,558.9,534.15,553.95,1341445,FYERS_HISTORY,2026-08-08T23:02:56+05:30
2010-10-06,SMD-0032,BANKINDIA,NSE:BANKINDIA-EQ,553.0,583.9,553.0,574.75,1305864,FYERS_HISTORY,2026-08-08T23:02:56+05:30
2010-10-07,SMD-0032,BANKINDIA,NSE:BANKINDIA-EQ,575.0,589.0,568.6,575.75,1232737,FYERS_HISTORY,2026-08-08T23:02:56+05:30
2010-10-08,SMD-0032,BANKINDIA,NSE:BANKINDIA-EQ,575.0,585.9,551.1,558.45,1689952,FYERS_HISTORY,2026-08-08T23:02:56+05:30
2010-10-11,SMD-0032,BANKINDIA,NSE:BANKINDIA-EQ,564.0,567.7,556.3,559.95,635160,FYERS_HISTORY,2026-08-08T23:02:56+05:30
2010-10-12,SMD-0032,BANKINDIA,NSE:BANKINDIA-EQ,567.0,567.0,540.55,548.85,1089334,FYERS_HISTORY,2026-08-08T23:02:56+05:30
2010-10-13,SMD-0032,BANKINDIA,NSE:BANKINDIA-EQ,556.95,559.8,551.0,555.85,1438764,FYERS_HISTORY,2026-08-08T23:02:56+05:30
2010-10-14,SMD-0032,BANKINDIA,NSE:BANKINDIA-EQ,555.85,562.5,550.55,553.0,830524,FYERS_HISTORY,2026-08-08T23:02:56+05:30
2010-10-15,SMD-0032,BANKINDIA,NSE:BANKINDIA-EQ,555.0,556.75,529.0,532.7,1289154,FYERS_HISTORY,2026-08-08T23:02:56+05:30
2010-10-18,SMD-0032,BANKINDIA,NSE:BANKINDIA-EQ,535.2,535.2,524.0,531.75,1230887,FYERS_HISTORY,2026-08-08T23:02:56+05:30
2010-10-19,SMD-0032,BANKINDIA,NSE:BANKINDIA-EQ,535.75,535.75,514.0,519.25,2585341,FYERS_HISTORY,2026-08-08T23:02:56+05:30
2010-10-20,SMD-0032,BANKINDIA,NSE:BANKINDIA-EQ,518.0,532.0,512.1,527.3,1328934,FYERS_HISTORY,2026-08-08T23:02:56+05:30
2010-10-21,SMD-0032,BANKINDIA,NSE:BANKINDIA-EQ,532.85,554.55,528.5,550.7,2019045,FYERS_HISTORY,2026-08-08T23:02:56+05:30
2010-10-22,SMD-0032,BANKINDIA,NSE:BANKINDIA-EQ,555.1,563.9,535.0,537.45,3596832,FYERS_HISTORY,2026-08-08T23:02:56+05:30
2010-10-25,SMD-0032,BANKINDIA,NSE:BANKINDIA-EQ,540.0,545.0,518.15,519.8,2572278,FYERS_HISTORY,2026-08-08T23:02:56+05:30
2010-10-26,SMD-0032,BANKINDIA,NSE:BANKINDIA-EQ,520.8,529.9,518.0,523.65,1433429,FYERS_HISTORY,2026-08-08T23:02:56+05:30
2010-10-27,SMD-0032,BANKINDIA,NSE:BANKINDIA-EQ,523.35,525.9,516.0,518.6,1157426,FYERS_HISTORY,2026-08-08T23:02:56+05:30
2010-10-28,SMD-0032,BANKINDIA,NSE:BANKINDIA-EQ,520.8,521.6,498.1,501.4,3337412,FYERS_HISTORY,2026-08-08T23:02:56+05:30
2010-10-29,SMD-0032,BANKINDIA,NSE:BANKINDIA-EQ,502.05,509.85,478.2,486.55,1362032,FYERS_HISTORY,2026-08-08T23:02:56+05:30
2010-11-01,SMD-0032,BANKINDIA,NSE:BANKINDIA-EQ,493.35,503.9,483.05,500.5,950992,FYERS_HISTORY,2026-08-08T23:02:56+05:30
2010-11-02,SMD-0032,BANKINDIA,NSE:BANKINDIA-EQ,500.95,511.85,496.0,508.05,944646,FYERS_HISTORY,2026-08-08T23:02:56+05:30
2010-11-03,SMD-0032,BANKINDIA,NSE:BANKINDIA-EQ,510.25,513.4,502.6,504.3,721653,FYERS_HISTORY,2026-08-08T23:02:56+05:30
2010-11-04,SMD-0032,BANKINDIA,NSE:BANKINDIA-EQ,505.3,514.5,505.05,512.8,534487,FYERS_HISTORY,2026-08-08T23:02:56+05:30
2010-11-05,SMD-0032,BANKINDIA,NSE:BANKINDIA-EQ,516.3,516.8,508.15,510.7,120062,FYERS_HISTORY,2026-08-08T23:02:56+05:30
2010-11-08,SMD-0032,BANKINDIA,NSE:BANKINDIA-EQ,513.0,513.0,499.6,505.85,513916,FYERS_HISTORY,2026-08-08T23:02:56+05:30
2010-11-09,SMD-0032,BANKINDIA,NSE:BANKINDIA-EQ,505.5,526.8,503.4,524.55,1368113,FYERS_HISTORY,2026-08-08T23:02:56+05:30
2010-11-10,SMD-0032,BANKINDIA,NSE:BANKINDIA-EQ,529.85,529.85,515.55,518.55,702780,FYERS_HISTORY,2026-08-08T23:02:56+05:30
2010-11-11,SMD-0032,BANKINDIA,NSE:BANKINDIA-EQ,518.55,520.0,498.0,502.8,1075327,FYERS_HISTORY,2026-08-08T23:02:56+05:30
2010-11-12,SMD-0032,BANKINDIA,NSE:BANKINDIA-EQ,501.95,506.0,483.1,486.5,1011708,FYERS_HISTORY,2026-08-08T23:02:56+05:30
2010-11-15,SMD-0032,BANKINDIA,NSE:BANKINDIA-EQ,488.05,494.0,483.05,490.55,646930,FYERS_HISTORY,2026-08-08T23:02:56+05:30
2010-11-16,SMD-0032,BANKINDIA,NSE:BANKINDIA-EQ,492.0,494.8,467.0,474.4,876972,FYERS_HISTORY,2026-08-08T23:02:56+05:30
2010-11-18,SMD-0032,BANKINDIA,NSE:BANKINDIA-EQ,475.15,483.5,453.65,481.0,1176597,FYERS_HISTORY,2026-08-08T23:02:56+05:30
2010-11-19,SMD-0032,BANKINDIA,NSE:BANKINDIA-EQ,482.0,489.5,463.25,468.1,1464903,FYERS_HISTORY,2026-08-08T23:02:56+05:30
2010-11-22,SMD-0032,BANKINDIA,NSE:BANKINDIA-EQ,472.0,489.9,457.05,487.9,1690543,FYERS_HISTORY,2026-08-08T23:02:56+05:30
2010-11-23,SMD-0032,BANKINDIA,NSE:BANKINDIA-EQ,480.35,484.9,465.85,473.7,790278,FYERS_HISTORY,2026-08-08T23:02:56+05:30
2010-11-24,SMD-0032,BANKINDIA,NSE:BANKINDIA-EQ,470.1,481.45,427.85,448.65,1722523,FYERS_HISTORY,2026-08-08T23:02:56+05:30
2010-11-25,SMD-0032,BANKINDIA,NSE:BANKINDIA-EQ,445.1,446.35,415.0,418.85,4767257,FYERS_HISTORY,2026-08-08T23:02:56+05:30
2010-11-26,SMD-0032,BANKINDIA,NSE:BANKINDIA-EQ,416.0,439.8,388.35,429.1,4281298,FYERS_HISTORY,2026-08-08T23:02:56+05:30
2010-11-29,SMD-0032,BANKINDIA,NSE:BANKINDIA-EQ,430.1,459.8,429.0,454.6,2361260,FYERS_HISTORY,2026-08-08T23:02:56+05:30
2010-11-30,SMD-0032,BANKINDIA,NSE:BANKINDIA-EQ,464.9,474.4,451.2,467.8,2587431,FYERS_HISTORY,2026-08-08T23:02:56+05:30
2010-12-01,SMD-0032,BANKINDIA,NSE:BANKINDIA-EQ,465.1,486.0,431.3,483.6,1747212,FYERS_HISTORY,2026-08-08T23:02:56+05:30
2010-12-02,SMD-0032,BANKINDIA,NSE:BANKINDIA-EQ,489.8,499.15,485.05,494.15,2087865,FYERS_HISTORY,2026-08-08T23:02:56+05:30
2010-12-03,SMD-0032,BANKINDIA,NSE:BANKINDIA-EQ,494.0,494.0,472.5,481.65,2230383,FYERS_HISTORY,2026-08-08T23:02:56+05:30
2010-12-06,SMD-0032,BANKINDIA,NSE:BANKINDIA-EQ,480.1,481.2,456.1,459.35,2469811,FYERS_HISTORY,2026-08-08T23:02:56+05:30
2010-12-07,SMD-0032,BANKINDIA,NSE:BANKINDIA-EQ,458.5,460.0,435.3,440.55,3157430,FYERS_HISTORY,2026-08-08T23:02:56+05:30
2010-12-08,SMD-0032,BANKINDIA,NSE:BANKINDIA-EQ,440.0,457.9,432.5,437.3,4128143,FYERS_HISTORY,2026-08-08T23:02:56+05:30
2010-12-09,SMD-0032,BANKINDIA,NSE:BANKINDIA-EQ,440.1,445.95,418.6,425.85,1844886,FYERS_HISTORY,2026-08-08T23:02:56+05:30
2010-12-10,SMD-0032,BANKINDIA,NSE:BANKINDIA-EQ,425.1,436.9,413.5,428.8,1158137,FYERS_HISTORY,2026-08-08T23:02:56+05:30
2010-12-13,SMD-0032,BANKINDIA,NSE:BANKINDIA-EQ,433.0,446.9,430.0,445.0,1046048,FYERS_HISTORY,2026-08-08T23:02:56+05:30
2010-12-14,SMD-0032,BANKINDIA,NSE:BANKINDIA-EQ,446.6,454.8,446.6,448.9,939577,FYERS_HISTORY,2026-08-08T23:02:56+05:30
2010-12-15,SMD-0032,BANKINDIA,NSE:BANKINDIA-EQ,445.5,451.85,433.75,436.15,767894,FYERS_HISTORY,2026-08-08T23:02:56+05:30
2010-12-16,SMD-0032,BANKINDIA,NSE:BANKINDIA-EQ,437.0,444.0,431.1,438.4,929428,FYERS_HISTORY,2026-08-08T23:02:56+05:30
2010-12-20,SMD-0032,BANKINDIA,NSE:BANKINDIA-EQ,445.0,446.5,429.55,437.8,694947,FYERS_HISTORY,2026-08-08T23:02:56+05:30
2010-12-21,SMD-0032,BANKINDIA,NSE:BANKINDIA-EQ,439.0,454.9,438.25,451.0,1436904,FYERS_HISTORY,2026-08-08T23:02:56+05:30
2010-12-22,SMD-0032,BANKINDIA,NSE:BANKINDIA-EQ,453.85,458.95,443.2,445.45,828423,FYERS_HISTORY,2026-08-08T23:02:56+05:30
2010-12-23,SMD-0032,BANKINDIA,NSE:BANKINDIA-EQ,446.5,449.8,440.1,441.25,460201,FYERS_HISTORY,2026-08-08T23:02:56+05:30
2010-12-24,SMD-0032,BANKINDIA,NSE:BANKINDIA-EQ,442.0,445.5,439.0,443.1,389034,FYERS_HISTORY,2026-08-08T23:02:56+05:30
2010-12-27,SMD-0032,BANKINDIA,NSE:BANKINDIA-EQ,444.0,445.15,432.5,435.2,402803,FYERS_HISTORY,2026-08-08T23:02:56+05:30
2010-12-28,SMD-0032,BANKINDIA,NSE:BANKINDIA-EQ,436.05,438.45,425.5,426.8,535029,FYERS_HISTORY,2026-08-08T23:02:56+05:30
2010-12-29,SMD-0032,BANKINDIA,NSE:BANKINDIA-EQ,425.0,433.35,425.0,431.8,555785,FYERS_HISTORY,2026-08-08T23:02:56+05:30
2010-12-30,SMD-0032,BANKINDIA,NSE:BANKINDIA-EQ,432.7,438.0,428.0,436.65,703591,FYERS_HISTORY,2026-08-08T23:02:56+05:30
2010-12-31,SMD-0032,BANKINDIA,NSE:BANKINDIA-EQ,436.65,459.8,435.15,451.6,798738,FYERS_HISTORY,2026-08-08T23:02:56+05:30
2011-01-03,SMD-0032,BANKINDIA,NSE:BANKINDIA-EQ,445.1,459.3,445.0,451.1,342129,FYERS_HISTORY,2026-08-08T23:02:56+05:30
2011-01-04,SMD-0032,BANKINDIA,NSE:BANKINDIA-EQ,453.1,455.5,436.6,438.55,1098082,FYERS_HISTORY,2026-08-08T23:02:56+05:30
2011-01-05,SMD-0032,BANKINDIA,NSE:BANKINDIA-EQ,439.8,441.05,435.95,439.5,990855,FYERS_HISTORY,2026-08-08T23:02:56+05:30
2011-01-06,SMD-0032,BANKINDIA,NSE:BANKINDIA-EQ,440.0,449.1,439.1,443.15,1610709,FYERS_HISTORY,2026-08-08T23:02:56+05:30
2011-01-07,SMD-0032,BANKINDIA,NSE:BANKINDIA-EQ,443.15,457.45,438.5,450.1,2077414,FYERS_HISTORY,2026-08-08T23:02:56+05:30
2011-01-10,SMD-0032,BANKINDIA,NSE:BANKINDIA-EQ,452.0,452.3,436.1,439.45,950143,FYERS_HISTORY,2026-08-08T23:02:56+05:30
2011-01-11,SMD-0032,BANKINDIA,NSE:BANKINDIA-EQ,439.6,447.9,435.8,441.5,817210,FYERS_HISTORY,2026-08-08T23:02:56+05:30
2011-01-12,SMD-0032,BANKINDIA,NSE:BANKINDIA-EQ,445.0,447.3,425.0,443.95,1191324,FYERS_HISTORY,2026-08-08T23:02:56+05:30
2011-01-13,SMD-0032,BANKINDIA,NSE:BANKINDIA-EQ,445.1,451.75,424.35,427.55,1150244,FYERS_HISTORY,2026-08-08T23:02:56+05:30
2011-01-14,SMD-0032,BANKINDIA,NSE:BANKINDIA-EQ,428.65,430.0,415.15,417.05,924824,FYERS_HISTORY,2026-08-08T23:02:56+05:30
2011-01-17,SMD-0032,BANKINDIA,NSE:BANKINDIA-EQ,415.0,441.0,408.9,437.3,1647540,FYERS_HISTORY,2026-08-08T23:02:56+05:30
2011-01-18,SMD-0032,BANKINDIA,NSE:BANKINDIA-EQ,441.25,489.9,432.1,437.75,607260,FYERS_HISTORY,2026-08-08T23:02:56+05:30
2011-01-19,SMD-0032,BANKINDIA,NSE:BANKINDIA-EQ,437.65,445.85,427.05,429.55,566012,FYERS_HISTORY,2026-08-08T23:02:56+05:30
2011-01-20,SMD-0032,BANKINDIA,NSE:BANKINDIA-EQ,425.1,434.9,424.0,432.55,912427,FYERS_HISTORY,2026-08-08T23:02:56+05:30
2011-01-21,SMD-0032,BANKINDIA,NSE:BANKINDIA-EQ,434.8,464.9,433.5,460.9,2902786,FYERS_HISTORY,2026-08-08T23:02:56+05:30
2011-01-24,SMD-0032,BANKINDIA,NSE:BANKINDIA-EQ,465.0,473.65,461.9,468.0,1230682,FYERS_HISTORY,2026-08-08T23:02:56+05:30
2011-01-25,SMD-0032,BANKINDIA,NSE:BANKINDIA-EQ,468.7,474.0,461.0,468.4,1293806,FYERS_HISTORY,2026-08-08T23:02:56+05:30
2011-01-27,SMD-0032,BANKINDIA,NSE:BANKINDIA-EQ,470.0,473.95,457.0,460.55,1258402,FYERS_HISTORY,2026-08-08T23:02:56+05:30
2011-01-28,SMD-0032,BANKINDIA,NSE:BANKINDIA-EQ,460.1,460.1,432.6,437.8,1354903,FYERS_HISTORY,2026-08-08T23:02:56+05:30
2011-01-31,SMD-0032,BANKINDIA,NSE:BANKINDIA-EQ,434.8,445.45,425.1,439.1,912593,FYERS_HISTORY,2026-08-08T23:02:56+05:30
2011-02-01,SMD-0032,BANKINDIA,NSE:BANKINDIA-EQ,442.0,445.6,435.45,438.3,767843,FYERS_HISTORY,2026-08-08T23:02:56+05:30
2011-02-02,SMD-0032,BANKINDIA,NSE:BANKINDIA-EQ,442.0,449.7,440.45,444.45,523904,FYERS_HISTORY,2026-08-08T23:02:56+05:30
2011-02-03,SMD-0032,BANKINDIA,NSE:BANKINDIA-EQ,442.1,454.0,442.0,451.3,476481,FYERS_HISTORY,2026-08-08T23:02:56+05:30
2011-02-04,SMD-0032,BANKINDIA,NSE:BANKINDIA-EQ,453.0,460.0,438.05,442.2,436180,FYERS_HISTORY,2026-08-08T23:02:56+05:30
2011-02-07,SMD-0032,BANKINDIA,NSE:BANKINDIA-EQ,443.1,447.7,431.0,432.85,439413,FYERS_HISTORY,2026-08-08T23:02:56+05:30
2011-02-08,SMD-0032,BANKINDIA,NSE:BANKINDIA-EQ,435.05,437.15,409.0,412.1,949012,FYERS_HISTORY,2026-08-08T23:02:56+05:30
2011-02-09,SMD-0032,BANKINDIA,NSE:BANKINDIA-EQ,412.2,414.0,392.05,397.9,800361,FYERS_HISTORY,2026-08-08T23:02:56+05:30
2011-02-10,SMD-0032,BANKINDIA,NSE:BANKINDIA-EQ,402.0,419.5,392.0,413.5,782373,FYERS_HISTORY,2026-08-08T23:02:56+05:30
2011-02-11,SMD-0032,BANKINDIA,NSE:BANKINDIA-EQ,415.15,417.9,397.5,415.75,1015254,FYERS_HISTORY,2026-08-08T23:02:56+05:30
2011-02-14,SMD-0032,BANKINDIA,NSE:BANKINDIA-EQ,420.1,431.5,418.75,430.45,407856,FYERS_HISTORY,2026-08-08T23:02:56+05:30
2011-02-15,SMD-0032,BANKINDIA,NSE:BANKINDIA-EQ,433.7,449.0,425.15,443.4,966978,FYERS_HISTORY,2026-08-08T23:02:56+05:30
2011-02-16,SMD-0032,BANKINDIA,NSE:BANKINDIA-EQ,445.1,448.9,440.5,442.75,451184,FYERS_HISTORY,2026-08-08T23:02:56+05:30
2011-02-17,SMD-0032,BANKINDIA,NSE:BANKINDIA-EQ,446.4,454.15,436.0,448.2,1217277,FYERS_HISTORY,2026-08-08T23:02:56+05:30
2011-02-18,SMD-0032,BANKINDIA,NSE:BANKINDIA-EQ,452.95,455.9,441.0,442.85,663465,FYERS_HISTORY,2026-08-08T23:02:56+05:30
2011-02-21,SMD-0032,BANKINDIA,NSE:BANKINDIA-EQ,440.25,447.0,437.1,445.4,453092,FYERS_HISTORY,2026-08-08T23:02:56+05:30
2011-02-22,SMD-0032,BANKINDIA,NSE:BANKINDIA-EQ,445.9,445.9,433.5,437.15,785491,FYERS_HISTORY,2026-08-08T23:02:56+05:30
2011-02-23,SMD-0032,BANKINDIA,NSE:BANKINDIA-EQ,435.1,453.55,434.1,448.9,1031159,FYERS_HISTORY,2026-08-08T23:02:56+05:30
2011-02-24,SMD-0032,BANKINDIA,NSE:BANKINDIA-EQ,446.0,451.95,409.05,417.85,908011,FYERS_HISTORY,2026-08-08T23:02:56+05:30
2011-02-25,SMD-0032,BANKINDIA,NSE:BANKINDIA-EQ,425.0,443.75,415.4,436.9,761955,FYERS_HISTORY,2026-08-08T23:02:56+05:30
2011-02-28,SMD-0032,BANKINDIA,NSE:BANKINDIA-EQ,446.9,465.9,434.7,439.55,497407,FYERS_HISTORY,2026-08-08T23:02:56+05:30
2011-03-01,SMD-0032,BANKINDIA,NSE:BANKINDIA-EQ,445.1,465.8,442.6,463.1,988102,FYERS_HISTORY,2026-08-08T23:02:56+05:30
2011-03-03,SMD-0032,BANKINDIA,NSE:BANKINDIA-EQ,460.0,461.8,446.65,458.35,1895302,FYERS_HISTORY,2026-08-08T23:02:56+05:30
2011-03-04,SMD-0032,BANKINDIA,NSE:BANKINDIA-EQ,462.0,464.9,457.5,460.35,718119,FYERS_HISTORY,2026-08-08T23:02:56+05:30
2011-03-07,SMD-0032,BANKINDIA,NSE:BANKINDIA-EQ,460.0,460.0,445.5,452.5,406895,FYERS_HISTORY,2026-08-08T23:02:56+05:30
2011-03-08,SMD-0032,BANKINDIA,NSE:BANKINDIA-EQ,454.7,462.95,453.0,460.6,367355,FYERS_HISTORY,2026-08-08T23:02:56+05:30
2011-03-09,SMD-0032,BANKINDIA,NSE:BANKINDIA-EQ,463.1,472.25,463.1,470.2,982397,FYERS_HISTORY,2026-08-08T23:02:56+05:30
2011-03-10,SMD-0032,BANKINDIA,NSE:BANKINDIA-EQ,468.9,468.9,459.2,466.3,424559,FYERS_HISTORY,2026-08-08T23:02:56+05:30
2011-03-11,SMD-0032,BANKINDIA,NSE:BANKINDIA-EQ,457.0,466.0,452.3,457.25,310315,FYERS_HISTORY,2026-08-08T23:02:56+05:30
2011-03-14,SMD-0032,BANKINDIA,NSE:BANKINDIA-EQ,457.25,464.9,452.65,464.05,411692,FYERS_HISTORY,2026-08-08T23:02:56+05:30
2011-03-15,SMD-0032,BANKINDIA,NSE:BANKINDIA-EQ,456.2,465.0,442.9,458.8,550622,FYERS_HISTORY,2026-08-08T23:02:56+05:30
2011-03-16,SMD-0032,BANKINDIA,NSE:BANKINDIA-EQ,468.9,469.9,461.35,464.5,672781,FYERS_HISTORY,2026-08-08T23:02:56+05:30
2011-03-17,SMD-0032,BANKINDIA,NSE:BANKINDIA-EQ,463.3,463.3,447.1,449.35,1817749,FYERS_HISTORY,2026-08-08T23:02:56+05:30
2011-03-18,SMD-0032,BANKINDIA,NSE:BANKINDIA-EQ,453.4,453.9,432.1,435.55,1537662,FYERS_HISTORY,2026-08-08T23:02:56+05:30
2011-03-21,SMD-0032,BANKINDIA,NSE:BANKINDIA-EQ,438.0,444.3,431.0,441.8,694281,FYERS_HISTORY,2026-08-08T23:02:56+05:30
2011-03-22,SMD-0032,BANKINDIA,NSE:BANKINDIA-EQ,444.0,451.7,443.95,450.55,555041,FYERS_HISTORY,2026-08-08T23:02:56+05:30
2011-03-23,SMD-0032,BANKINDIA,NSE:BANKINDIA-EQ,447.25,453.0,444.75,449.95,723170,FYERS_HISTORY,2026-08-08T23:02:56+05:30
2011-03-24,SMD-0032,BANKINDIA,NSE:BANKINDIA-EQ,450.1,455.0,450.1,452.3,685097,FYERS_HISTORY,2026-08-08T23:02:56+05:30
2011-03-25,SMD-0032,BANKINDIA,NSE:BANKINDIA-EQ,431.95,459.5,431.95,455.65,695839,FYERS_HISTORY,2026-08-08T23:02:56+05:30
2011-03-28,SMD-0032,BANKINDIA,NSE:BANKINDIA-EQ,454.05,464.0,452.95,461.35,1037665,FYERS_HISTORY,2026-08-08T23:02:56+05:30
2011-03-29,SMD-0032,BANKINDIA,NSE:BANKINDIA-EQ,460.15,473.7,457.55,470.65,840713,FYERS_HISTORY,2026-08-08T23:02:56+05:30
2011-03-30,SMD-0032,BANKINDIA,NSE:BANKINDIA-EQ,473.0,480.0,472.0,479.05,652814,FYERS_HISTORY,2026-08-08T23:02:56+05:30
2011-03-31,SMD-0032,BANKINDIA,NSE:BANKINDIA-EQ,480.15,485.9,465.1,475.35,1190695,FYERS_HISTORY,2026-08-08T23:02:56+05:30
2011-04-01,SMD-0032,BANKINDIA,NSE:BANKINDIA-EQ,476.8,481.95,471.55,480.15,333198,FYERS_HISTORY,2026-08-08T23:02:56+05:30
2011-04-04,SMD-0032,BANKINDIA,NSE:BANKINDIA-EQ,480.0,487.9,479.0,486.9,387886,FYERS_HISTORY,2026-08-08T23:02:56+05:30
2011-04-05,SMD-0032,BANKINDIA,NSE:BANKINDIA-EQ,489.95,493.65,485.0,489.35,621889,FYERS_HISTORY,2026-08-08T23:02:56+05:30
2011-04-06,SMD-0032,BANKINDIA,NSE:BANKINDIA-EQ,490.4,493.9,480.5,483.35,369033,FYERS_HISTORY,2026-08-08T23:02:56+05:30
2011-04-07,SMD-0032,BANKINDIA,NSE:BANKINDIA-EQ,484.45,491.5,481.0,489.5,652632,FYERS_HISTORY,2026-08-08T23:02:56+05:30
2011-04-08,SMD-0032,BANKINDIA,NSE:BANKINDIA-EQ,490.45,491.8,477.5,483.55,652531,FYERS_HISTORY,2026-08-08T23:02:56+05:30
2011-04-11,SMD-0032,BANKINDIA,NSE:BANKINDIA-EQ,478.1,485.0,474.5,477.2,594103,FYERS_HISTORY,2026-08-08T23:02:56+05:30
2011-04-13,SMD-0032,BANKINDIA,NSE:BANKINDIA-EQ,475.4,488.5,473.2,486.95,1069328,FYERS_HISTORY,2026-08-08T23:02:56+05:30
2011-04-15,SMD-0032,BANKINDIA,NSE:BANKINDIA-EQ,485.95,492.45,482.75,488.1,979425,FYERS_HISTORY,2026-08-08T23:02:56+05:30
2011-04-18,SMD-0032,BANKINDIA,NSE:BANKINDIA-EQ,488.45,498.9,484.05,485.85,1208831,FYERS_HISTORY,2026-08-08T23:02:56+05:30
2011-04-19,SMD-0032,BANKINDIA,NSE:BANKINDIA-EQ,488.0,488.0,479.05,483.3,378979,FYERS_HISTORY,2026-08-08T23:02:56+05:30
2011-04-20,SMD-0032,BANKINDIA,NSE:BANKINDIA-EQ,486.85,489.9,478.9,483.15,417265,FYERS_HISTORY,2026-08-08T23:02:56+05:30
2011-04-21,SMD-0032,BANKINDIA,NSE:BANKINDIA-EQ,485.4,489.65,477.0,478.8,439309,FYERS_HISTORY,2026-08-08T23:02:56+05:30
2011-04-25,SMD-0032,BANKINDIA,NSE:BANKINDIA-EQ,480.5,486.55,480.25,484.55,245033,FYERS_HISTORY,2026-08-08T23:02:56+05:30
2011-04-26,SMD-0032,BANKINDIA,NSE:BANKINDIA-EQ,485.35,490.9,480.8,487.05,498906,FYERS_HISTORY,2026-08-08T23:02:56+05:30
2011-04-27,SMD-0032,BANKINDIA,NSE:BANKINDIA-EQ,485.4,492.0,484.1,487.0,386208,FYERS_HISTORY,2026-08-08T23:02:56+05:30
2011-04-28,SMD-0032,BANKINDIA,NSE:BANKINDIA-EQ,486.95,489.4,476.1,481.6,619669,FYERS_HISTORY,2026-08-08T23:02:56+05:30
2011-04-29,SMD-0032,BANKINDIA,NSE:BANKINDIA-EQ,480.1,482.6,452.0,457.1,593128,FYERS_HISTORY,2026-08-08T23:02:56+05:30
2011-05-02,SMD-0032,BANKINDIA,NSE:BANKINDIA-EQ,459.45,462.8,417.1,420.3,2867980,FYERS_HISTORY,2026-08-08T23:02:56+05:30
2011-05-03,SMD-0032,BANKINDIA,NSE:BANKINDIA-EQ,420.3,429.15,391.0,394.35,3582539,FYERS_HISTORY,2026-08-08T23:02:56+05:30
2011-05-04,SMD-0032,BANKINDIA,NSE:BANKINDIA-EQ,396.2,398.55,385.3,392.05,3545248,FYERS_HISTORY,2026-08-08T23:02:56+05:30
2011-05-05,SMD-0032,BANKINDIA,NSE:BANKINDIA-EQ,395.85,408.0,394.0,401.9,1917395,FYERS_HISTORY,2026-08-08T23:02:56+05:30
2011-05-06,SMD-0032,BANKINDIA,NSE:BANKINDIA-EQ,402.0,425.0,401.9,422.1,1662304,FYERS_HISTORY,2026-08-08T23:02:56+05:30
2011-05-09,SMD-0032,BANKINDIA,NSE:BANKINDIA-EQ,422.1,428.0,402.55,413.2,1011864,FYERS_HISTORY,2026-08-08T23:02:56+05:30
2011-05-10,SMD-0032,BANKINDIA,NSE:BANKINDIA-EQ,410.15,414.9,406.0,408.0,871409,FYERS_HISTORY,2026-08-08T23:02:56+05:30
2011-05-11,SMD-0032,BANKINDIA,NSE:BANKINDIA-EQ,405.35,410.8,397.2,400.25,1205237,FYERS_HISTORY,2026-08-08T23:02:56+05:30
2011-05-12,SMD-0032,BANKINDIA,NSE:BANKINDIA-EQ,400.0,404.95,393.25,394.05,1051233,FYERS_HISTORY,2026-08-08T23:02:56+05:30
2011-05-13,SMD-0032,BANKINDIA,NSE:BANKINDIA-EQ,392.5,403.6,389.2,395.9,1169589,FYERS_HISTORY,2026-08-08T23:02:56+05:30
2011-05-16,SMD-0032,BANKINDIA,NSE:BANKINDIA-EQ,395.0,397.7,389.0,393.4,875689,FYERS_HISTORY,2026-08-08T23:02:56+05:30
2011-05-17,SMD-0032,BANKINDIA,NSE:BANKINDIA-EQ,392.0,405.55,392.0,402.1,1654440,FYERS_HISTORY,2026-08-08T23:02:56+05:30
2011-05-18,SMD-0032,BANKINDIA,NSE:BANKINDIA-EQ,404.9,409.0,396.0,405.55,1015723,FYERS_HISTORY,2026-08-08T23:02:56+05:30
2011-05-19,SMD-0032,BANKINDIA,NSE:BANKINDIA-EQ,408.0,408.2,402.1,404.3,466257,FYERS_HISTORY,2026-08-08T23:02:56+05:30
2011-05-20,SMD-0032,BANKINDIA,NSE:BANKINDIA-EQ,405.0,416.0,401.5,412.7,1101564,FYERS_HISTORY,2026-08-08T23:02:56+05:30
2011-05-23,SMD-0032,BANKINDIA,NSE:BANKINDIA-EQ,412.0,418.0,401.5,412.65,1328652,FYERS_HISTORY,2026-08-08T23:02:56+05:30
2011-05-24,SMD-0032,BANKINDIA,NSE:BANKINDIA-EQ,412.45,426.0,409.05,423.2,1080931,FYERS_HISTORY,2026-08-08T23:02:56+05:30
2011-05-25,SMD-0032,BANKINDIA,NSE:BANKINDIA-EQ,421.95,439.4,420.35,429.65,2621188,FYERS_HISTORY,2026-08-08T23:02:56+05:30
2011-05-26,SMD-0032,BANKINDIA,NSE:BANKINDIA-EQ,430.05,440.0,428.45,435.15,1920964,FYERS_HISTORY,2026-08-08T23:02:56+05:30
2011-05-27,SMD-0032,BANKINDIA,NSE:BANKINDIA-EQ,435.0,440.05,424.3,435.75,893111,FYERS_HISTORY,2026-08-08T23:02:56+05:30
2011-05-30,SMD-0032,BANKINDIA,NSE:BANKINDIA-EQ,429.95,444.9,429.95,440.8,1242665,FYERS_HISTORY,2026-08-08T23:02:56+05:30
2011-05-31,SMD-0032,BANKINDIA,NSE:BANKINDIA-EQ,441.05,468.8,438.3,448.15,6879562,FYERS_HISTORY,2026-08-08T23:02:56+05:30
2011-06-01,SMD-0032,BANKINDIA,NSE:BANKINDIA-EQ,448.15,448.15,429.2,433.1,1204000,FYERS_HISTORY,2026-08-08T23:02:56+05:30
2011-06-02,SMD-0032,BANKINDIA,NSE:BANKINDIA-EQ,430.0,430.3,422.0,425.2,677333,FYERS_HISTORY,2026-08-08T23:02:56+05:30
2011-06-03,SMD-0032,BANKINDIA,NSE:BANKINDIA-EQ,429.0,433.5,419.5,424.55,682179,FYERS_HISTORY,2026-08-08T23:02:56+05:30
2011-06-06,SMD-0032,BANKINDIA,NSE:BANKINDIA-EQ,424.05,424.9,418.1,420.6,544954,FYERS_HISTORY,2026-08-08T23:02:56+05:30
2011-06-07,SMD-0032,BANKINDIA,NSE:BANKINDIA-EQ,420.0,429.9,419.95,428.35,522087,FYERS_HISTORY,2026-08-08T23:02:56+05:30
2011-06-08,SMD-0032,BANKINDIA,NSE:BANKINDIA-EQ,426.0,429.0,419.5,423.45,381916,FYERS_HISTORY,2026-08-08T23:02:56+05:30
2011-06-09,SMD-0032,BANKINDIA,NSE:BANKINDIA-EQ,424.75,429.0,422.15,427.7,303629,FYERS_HISTORY,2026-08-08T23:02:56+05:30
2011-06-10,SMD-0032,BANKINDIA,NSE:BANKINDIA-EQ,430.0,434.8,425.0,430.4,1220541,FYERS_HISTORY,2026-08-08T23:02:56+05:30
2011-06-13,SMD-0032,BANKINDIA,NSE:BANKINDIA-EQ,431.85,431.85,418.1,423.25,647297,FYERS_HISTORY,2026-08-08T23:02:56+05:30
2011-06-14,SMD-0032,BANKINDIA,NSE:BANKINDIA-EQ,424.0,425.95,415.05,416.25,957379,FYERS_HISTORY,2026-08-08T23:02:56+05:30
2011-06-15,SMD-0032,BANKINDIA,NSE:BANKINDIA-EQ,417.9,418.95,411.35,414.5,301052,FYERS_HISTORY,2026-08-08T23:02:56+05:30
2011-06-16,SMD-0032,BANKINDIA,NSE:BANKINDIA-EQ,415.4,417.85,407.0,408.35,567911,FYERS_HISTORY,2026-08-08T23:02:56+05:30
2011-06-17,SMD-0032,BANKINDIA,NSE:BANKINDIA-EQ,410.4,413.9,406.1,408.95,442100,FYERS_HISTORY,2026-08-08T23:02:56+05:30
2011-06-20,SMD-0032,BANKINDIA,NSE:BANKINDIA-EQ,410.4,413.4,405.2,408.2,305669,FYERS_HISTORY,2026-08-08T23:02:56+05:30
2011-06-21,SMD-0032,BANKINDIA,NSE:BANKINDIA-EQ,410.4,416.95,407.0,412.55,436138,FYERS_HISTORY,2026-08-08T23:02:56+05:30
2011-06-22,SMD-0032,BANKINDIA,NSE:BANKINDIA-EQ,417.45,417.45,403.15,406.15,424293,FYERS_HISTORY,2026-08-08T23:02:56+05:30
2011-06-23,SMD-0032,BANKINDIA,NSE:BANKINDIA-EQ,406.0,409.1,400.8,406.9,338637,FYERS_HISTORY,2026-08-08T23:02:56+05:30
2011-06-24,SMD-0032,BANKINDIA,NSE:BANKINDIA-EQ,409.9,413.0,407.05,411.05,778011,FYERS_HISTORY,2026-08-08T23:02:56+05:30
2011-06-27,SMD-0032,BANKINDIA,NSE:BANKINDIA-EQ,410.85,421.8,407.1,420.25,520299,FYERS_HISTORY,2026-08-08T23:02:56+05:30
2011-06-28,SMD-0032,BANKINDIA,NSE:BANKINDIA-EQ,424.0,425.85,409.6,413.9,832977,FYERS_HISTORY,2026-08-08T23:02:56+05:30
2011-06-29,SMD-0032,BANKINDIA,NSE:BANKINDIA-EQ,420.0,420.0,410.0,411.95,545427,FYERS_HISTORY,2026-08-08T23:02:56+05:30
2011-06-30,SMD-0032,BANKINDIA,NSE:BANKINDIA-EQ,414.0,417.4,411.5,413.8,1181357,FYERS_HISTORY,2026-08-08T23:02:56+05:30
2011-07-01,SMD-0032,BANKINDIA,NSE:BANKINDIA-EQ,413.0,416.0,410.1,414.2,455003,FYERS_HISTORY,2026-08-08T23:02:56+05:30
2011-07-04,SMD-0032,BANKINDIA,NSE:BANKINDIA-EQ,423.9,423.9,415.0,415.6,413155,FYERS_HISTORY,2026-08-08T23:02:56+05:30
2011-07-05,SMD-0032,BANKINDIA,NSE:BANKINDIA-EQ,417.4,417.4,411.15,414.4,416044,FYERS_HISTORY,2026-08-08T23:02:56+05:30
2011-07-06,SMD-0032,BANKINDIA,NSE:BANKINDIA-EQ,415.0,415.95,411.0,413.1,573549,FYERS_HISTORY,2026-08-08T23:02:56+05:30
2011-07-07,SMD-0032,BANKINDIA,NSE:BANKINDIA-EQ,408.0,412.5,406.5,411.85,629163,FYERS_HISTORY,2026-08-08T23:02:56+05:30
2011-07-08,SMD-0032,BANKINDIA,NSE:BANKINDIA-EQ,413.5,416.6,410.0,412.9,576942,FYERS_HISTORY,2026-08-08T23:02:56+05:30
2011-07-11,SMD-0032,BANKINDIA,NSE:BANKINDIA-EQ,410.0,416.6,405.15,408.15,530517,FYERS_HISTORY,2026-08-08T23:02:56+05:30
2011-07-12,SMD-0032,BANKINDIA,NSE:BANKINDIA-EQ,404.0,406.9,400.15,405.2,556412,FYERS_HISTORY,2026-08-08T23:02:56+05:30
2011-07-13,SMD-0032,BANKINDIA,NSE:BANKINDIA-EQ,407.05,408.65,401.0,403.0,566996,FYERS_HISTORY,2026-08-08T23:02:56+05:30
2011-07-14,SMD-0032,BANKINDIA,NSE:BANKINDIA-EQ,403.1,406.0,400.7,402.5,827730,FYERS_HISTORY,2026-08-08T23:02:56+05:30
2011-07-15,SMD-0032,BANKINDIA,NSE:BANKINDIA-EQ,402.9,408.9,401.9,405.6,510369,FYERS_HISTORY,2026-08-08T23:02:56+05:30
2011-07-18,SMD-0032,BANKINDIA,NSE:BANKINDIA-EQ,406.1,411.5,405.1,410.6,261092,FYERS_HISTORY,2026-08-08T23:02:56+05:30
2011-07-19,SMD-0032,BANKINDIA,NSE:BANKINDIA-EQ,413.9,419.4,409.0,410.55,651301,FYERS_HISTORY,2026-08-08T23:02:56+05:30
2011-07-20,SMD-0032,BANKINDIA,NSE:BANKINDIA-EQ,412.05,413.9,406.3,407.7,421736,FYERS_HISTORY,2026-08-08T23:02:56+05:30
2011-07-21,SMD-0032,BANKINDIA,NSE:BANKINDIA-EQ,408.0,413.35,406.0,408.0,491201,FYERS_HISTORY,2026-08-08T23:02:56+05:30
2011-07-22,SMD-0032,BANKINDIA,NSE:BANKINDIA-EQ,411.0,417.8,408.5,416.2,564753,FYERS_HISTORY,2026-08-08T23:02:56+05:30
2011-07-25,SMD-0032,BANKINDIA,NSE:BANKINDIA-EQ,416.4,418.0,397.2,403.3,2970052,FYERS_HISTORY,2026-08-08T23:02:56+05:30
2011-07-26,SMD-0032,BANKINDIA,NSE:BANKINDIA-EQ,399.9,402.0,382.5,388.85,2018702,FYERS_HISTORY,2026-08-08T23:02:56+05:30
2011-07-27,SMD-0032,BANKINDIA,NSE:BANKINDIA-EQ,390.0,393.0,386.55,390.6,1523001,FYERS_HISTORY,2026-08-08T23:02:56+05:30
2011-07-28,SMD-0032,BANKINDIA,NSE:BANKINDIA-EQ,391.0,399.0,384.0,397.75,1360443,FYERS_HISTORY,2026-08-08T23:02:56+05:30
2011-07-29,SMD-0032,BANKINDIA,NSE:BANKINDIA-EQ,399.5,399.85,384.0,386.1,788656,FYERS_HISTORY,2026-08-08T23:02:56+05:30
2011-08-01,SMD-0032,BANKINDIA,NSE:BANKINDIA-EQ,390.0,391.95,380.1,382.75,631315,FYERS_HISTORY,2026-08-08T23:02:56+05:30
2011-08-02,SMD-0032,BANKINDIA,NSE:BANKINDIA-EQ,382.8,382.8,373.65,375.85,484124,FYERS_HISTORY,2026-08-08T23:02:56+05:30
2011-08-03,SMD-0032,BANKINDIA,NSE:BANKINDIA-EQ,368.0,375.0,362.0,372.4,505794,FYERS_HISTORY,2026-08-08T23:02:56+05:30
2011-08-04,SMD-0032,BANKINDIA,NSE:BANKINDIA-EQ,373.5,380.2,363.0,366.7,572373,FYERS_HISTORY,2026-08-08T23:02:56+05:30
2011-08-05,SMD-0032,BANKINDIA,NSE:BANKINDIA-EQ,360.6,365.65,349.9,362.3,1211592,FYERS_HISTORY,2026-08-08T23:02:56+05:30
2011-08-08,SMD-0032,BANKINDIA,NSE:BANKINDIA-EQ,352.1,360.0,344.25,355.7,874773,FYERS_HISTORY,2026-08-08T23:02:56+05:30
2011-08-09,SMD-0032,BANKINDIA,NSE:BANKINDIA-EQ,342.0,355.0,342.0,350.5,1123835,FYERS_HISTORY,2026-08-08T23:02:56+05:30
2011-08-10,SMD-0032,BANKINDIA,NSE:BANKINDIA-EQ,360.0,360.9,345.5,350.2,702784,FYERS_HISTORY,2026-08-08T23:02:56+05:30
2011-08-11,SMD-0032,BANKINDIA,NSE:BANKINDIA-EQ,351.95,354.0,344.05,346.9,528151,FYERS_HISTORY,2026-08-08T23:02:56+05:30
2011-08-12,SMD-0032,BANKINDIA,NSE:BANKINDIA-EQ,350.6,353.2,336.7,338.4,665506,FYERS_HISTORY,2026-08-08T23:02:56+05:30
2011-08-16,SMD-0032,BANKINDIA,NSE:BANKINDIA-EQ,338.55,344.9,320.25,323.45,585896,FYERS_HISTORY,2026-08-08T23:02:56+05:30
2011-08-17,SMD-0032,BANKINDIA,NSE:BANKINDIA-EQ,323.95,328.35,316.0,321.15,473076,FYERS_HISTORY,2026-08-08T23:02:56+05:30
2011-08-18,SMD-0032,BANKINDIA,NSE:BANKINDIA-EQ,324.8,325.2,312.0,313.95,445900,FYERS_HISTORY,2026-08-08T23:02:56+05:30
2011-08-19,SMD-0032,BANKINDIA,NSE:BANKINDIA-EQ,306.1,318.8,299.95,314.05,660393,FYERS_HISTORY,2026-08-08T23:02:56+05:30
2011-08-22,SMD-0032,BANKINDIA,NSE:BANKINDIA-EQ,314.1,314.8,300.15,306.2,630166,FYERS_HISTORY,2026-08-08T23:02:56+05:30
2011-08-23,SMD-0032,BANKINDIA,NSE:BANKINDIA-EQ,307.25,321.5,305.35,319.55,758189,FYERS_HISTORY,2026-08-08T23:02:56+05:30
2011-08-24,SMD-0032,BANKINDIA,NSE:BANKINDIA-EQ,317.1,325.6,305.0,307.5,733099,FYERS_HISTORY,2026-08-08T23:02:56+05:30
2011-08-25,SMD-0032,BANKINDIA,NSE:BANKINDIA-EQ,309.9,315.0,297.8,307.15,1087982,FYERS_HISTORY,2026-08-08T23:02:56+05:30
2011-08-26,SMD-0032,BANKINDIA,NSE:BANKINDIA-EQ,308.3,314.7,289.3,297.5,880365,FYERS_HISTORY,2026-08-08T23:02:56+05:30
2011-08-29,SMD-0032,BANKINDIA,NSE:BANKINDIA-EQ,304.0,314.1,295.0,313.0,546706,FYERS_HISTORY,2026-08-08T23:02:56+05:30
2011-08-30,SMD-0032,BANKINDIA,NSE:BANKINDIA-EQ,318.0,319.0,306.15,309.1,493084,FYERS_HISTORY,2026-08-08T23:02:56+05:30
2011-09-02,SMD-0032,BANKINDIA,NSE:BANKINDIA-EQ,310.95,328.95,309.2,312.65,645804,FYERS_HISTORY,2026-08-08T23:02:56+05:30
2011-09-05,SMD-0032,BANKINDIA,NSE:BANKINDIA-EQ,309.5,321.9,307.05,320.75,614298,FYERS_HISTORY,2026-08-08T23:02:56+05:30
2011-09-06,SMD-0032,BANKINDIA,NSE:BANKINDIA-EQ,318.5,329.85,314.25,326.05,1037889,FYERS_HISTORY,2026-08-08T23:02:56+05:30
2011-09-07,SMD-0032,BANKINDIA,NSE:BANKINDIA-EQ,327.0,337.7,327.0,332.7,822225,FYERS_HISTORY,2026-08-08T23:02:56+05:30
2011-09-08,SMD-0032,BANKINDIA,NSE:BANKINDIA-EQ,329.9,338.95,329.9,334.7,715298,FYERS_HISTORY,2026-08-08T23:02:56+05:30
2011-09-09,SMD-0032,BANKINDIA,NSE:BANKINDIA-EQ,335.05,338.95,325.55,327.0,481293,FYERS_HISTORY,2026-08-08T23:02:56+05:30
2011-09-12,SMD-0032,BANKINDIA,NSE:BANKINDIA-EQ,325.0,326.0,316.0,317.7,407226,FYERS_HISTORY,2026-08-08T23:02:56+05:30
2011-09-13,SMD-0032,BANKINDIA,NSE:BANKINDIA-EQ,319.95,328.35,313.15,317.85,379535,FYERS_HISTORY,2026-08-08T23:02:56+05:30
2011-09-14,SMD-0032,BANKINDIA,NSE:BANKINDIA-EQ,319.5,327.9,316.45,324.55,542137,FYERS_HISTORY,2026-08-08T23:02:56+05:30
2011-09-15,SMD-0032,BANKINDIA,NSE:BANKINDIA-EQ,325.9,330.0,320.0,326.55,726421,FYERS_HISTORY,2026-08-08T23:02:56+05:30
2011-09-16,SMD-0032,BANKINDIA,NSE:BANKINDIA-EQ,329.9,332.0,321.2,324.15,673291,FYERS_HISTORY,2026-08-08T23:02:56+05:30
2011-09-19,SMD-0032,BANKINDIA,NSE:BANKINDIA-EQ,324.5,324.5,311.0,312.0,550112,FYERS_HISTORY,2026-08-08T23:02:56+05:30
2011-09-20,SMD-0032,BANKINDIA,NSE:BANKINDIA-EQ,311.6,319.85,309.1,318.5,506565,FYERS_HISTORY,2026-08-08T23:02:56+05:30
2011-09-21,SMD-0032,BANKINDIA,NSE:BANKINDIA-EQ,319.0,322.0,314.55,317.9,467576,FYERS_HISTORY,2026-08-08T23:02:56+05:30
2011-09-22,SMD-0032,BANKINDIA,NSE:BANKINDIA-EQ,314.75,315.75,307.0,308.65,450921,FYERS_HISTORY,2026-08-08T23:02:56+05:30
2011-09-23,SMD-0032,BANKINDIA,NSE:BANKINDIA-EQ,306.1,307.0,299.15,300.95,903352,FYERS_HISTORY,2026-08-08T23:02:56+05:30
2011-09-26,SMD-0032,BANKINDIA,NSE:BANKINDIA-EQ,303.85,305.9,292.4,301.45,684355,FYERS_HISTORY,2026-08-08T23:02:56+05:30
2011-09-27,SMD-0032,BANKINDIA,NSE:BANKINDIA-EQ,306.9,314.2,304.0,311.5,593218,FYERS_HISTORY,2026-08-08T23:02:56+05:30
2011-09-28,SMD-0032,BANKINDIA,NSE:BANKINDIA-EQ,312.1,318.25,310.7,317.05,710577,FYERS_HISTORY,2026-08-08T23:02:56+05:30
2011-09-29,SMD-0032,BANKINDIA,NSE:BANKINDIA-EQ,314.8,324.0,311.75,320.85,520617,FYERS_HISTORY,2026-08-08T23:02:56+05:30
2011-09-30,SMD-0032,BANKINDIA,NSE:BANKINDIA-EQ,320.0,324.8,312.0,315.25,600580,FYERS_HISTORY,2026-08-08T23:02:56+05:30
2011-10-03,SMD-0032,BANKINDIA,NSE:BANKINDIA-EQ,312.15,315.0,309.7,312.3,266267,FYERS_HISTORY,2026-08-08T23:02:56+05:30
2011-10-04,SMD-0032,BANKINDIA,NSE:BANKINDIA-EQ,311.1,318.5,304.0,305.85,655878,FYERS_HISTORY,2026-08-08T23:02:56+05:30
2011-10-05,SMD-0032,BANKINDIA,NSE:BANKINDIA-EQ,309.8,312.9,297.55,306.6,1040751,FYERS_HISTORY,2026-08-08T23:02:56+05:30
2011-10-07,SMD-0032,BANKINDIA,NSE:BANKINDIA-EQ,309.0,319.45,309.0,312.55,737658,FYERS_HISTORY,2026-08-08T23:02:56+05:30
2011-10-10,SMD-0032,BANKINDIA,NSE:BANKINDIA-EQ,313.0,319.9,310.0,316.9,481652,FYERS_HISTORY,2026-08-08T23:02:56+05:30
2011-10-11,SMD-0032,BANKINDIA,NSE:BANKINDIA-EQ,317.8,328.9,317.8,326.45,865949,FYERS_HISTORY,2026-08-08T23:02:56+05:30
2011-10-12,SMD-0032,BANKINDIA,NSE:BANKINDIA-EQ,328.8,332.0,325.2,328.45,451698,FYERS_HISTORY,2026-08-08T23:02:56+05:30
2011-10-13,SMD-0032,BANKINDIA,NSE:BANKINDIA-EQ,330.5,333.0,326.4,330.45,481313,FYERS_HISTORY,2026-08-08T23:02:56+05:30
2011-10-14,SMD-0032,BANKINDIA,NSE:BANKINDIA-EQ,325.05,339.8,325.05,338.4,584311,FYERS_HISTORY,2026-08-08T23:02:56+05:30
2011-10-17,SMD-0032,BANKINDIA,NSE:BANKINDIA-EQ,341.8,346.0,338.0,339.25,380143,FYERS_HISTORY,2026-08-08T23:02:56+05:30
2011-10-18,SMD-0032,BANKINDIA,NSE:BANKINDIA-EQ,338.0,338.0,330.0,335.15,431688,FYERS_HISTORY,2026-08-08T23:02:56+05:30
2011-10-19,SMD-0032,BANKINDIA,NSE:BANKINDIA-EQ,337.1,343.0,337.05,341.95,200710,FYERS_HISTORY,2026-08-08T23:02:56+05:30
2011-10-20,SMD-0032,BANKINDIA,NSE:BANKINDIA-EQ,338.95,341.9,330.45,333.9,299445,FYERS_HISTORY,2026-08-08T23:02:56+05:30
2011-10-21,SMD-0032,BANKINDIA,NSE:BANKINDIA-EQ,335.1,335.8,322.35,324.55,418558,FYERS_HISTORY,2026-08-08T23:02:56+05:30
2011-10-24,SMD-0032,BANKINDIA,NSE:BANKINDIA-EQ,328.05,335.3,321.15,323.15,419749,FYERS_HISTORY,2026-08-08T23:02:56+05:30
2011-10-25,SMD-0032,BANKINDIA,NSE:BANKINDIA-EQ,321.35,329.0,312.25,314.65,850969,FYERS_HISTORY,2026-08-08T23:02:56+05:30
2011-10-26,SMD-0032,BANKINDIA,NSE:BANKINDIA-EQ,317.45,324.0,315.0,318.5,61085,FYERS_HISTORY,2026-08-08T23:02:56+05:30
2011-10-28,SMD-0032,BANKINDIA,NSE:BANKINDIA-EQ,324.5,328.65,321.2,325.5,607092,FYERS_HISTORY,2026-08-08T23:02:56+05:30
2011-10-31,SMD-0032,BANKINDIA,NSE:BANKINDIA-EQ,321.0,334.7,319.5,332.75,423941,FYERS_HISTORY,2026-08-08T23:02:56+05:30
2011-11-01,SMD-0032,BANKINDIA,NSE:BANKINDIA-EQ,330.0,339.5,327.9,336.85,472674,FYERS_HISTORY,2026-08-08T23:02:56+05:30
2011-11-02,SMD-0032,BANKINDIA,NSE:BANKINDIA-EQ,333.4,337.5,331.35,333.45,556291,FYERS_HISTORY,2026-08-08T23:02:56+05:30
2011-11-03,SMD-0032,BANKINDIA,NSE:BANKINDIA-EQ,334.05,336.75,330.7,334.35,569381,FYERS_HISTORY,2026-08-08T23:02:56+05:30
2011-11-04,SMD-0032,BANKINDIA,NSE:BANKINDIA-EQ,336.0,343.9,335.8,341.75,949879,FYERS_HISTORY,2026-08-08T23:02:56+05:30
2011-11-08,SMD-0032,BANKINDIA,NSE:BANKINDIA-EQ,346.9,346.9,321.0,327.8,3017845,FYERS_HISTORY,2026-08-08T23:02:56+05:30
2011-11-09,SMD-0032,BANKINDIA,NSE:BANKINDIA-EQ,329.0,330.5,322.0,325.65,847082,FYERS_HISTORY,2026-08-08T23:02:56+05:30
2011-11-11,SMD-0032,BANKINDIA,NSE:BANKINDIA-EQ,322.5,333.7,321.5,331.8,1443702,FYERS_HISTORY,2026-08-08T23:02:56+05:30
2011-11-14,SMD-0032,BANKINDIA,NSE:BANKINDIA-EQ,334.75,339.0,332.85,334.95,712330,FYERS_HISTORY,2026-08-08T23:02:56+05:30
2011-11-15,SMD-0032,BANKINDIA,NSE:BANKINDIA-EQ,334.05,336.0,325.0,333.2,566770,FYERS_HISTORY,2026-08-08T23:02:56+05:30
2011-11-16,SMD-0032,BANKINDIA,NSE:BANKINDIA-EQ,329.8,340.0,320.0,335.7,736477,FYERS_HISTORY,2026-08-08T23:02:56+05:30
2011-11-17,SMD-0032,BANKINDIA,NSE:BANKINDIA-EQ,335.4,339.9,334.85,337.15,882881,FYERS_HISTORY,2026-08-08T23:02:56+05:30
2011-11-18,SMD-0032,BANKINDIA,NSE:BANKINDIA-EQ,333.9,339.3,316.4,336.2,665726,FYERS_HISTORY,2026-08-08T23:02:56+05:30
2011-11-21,SMD-0032,BANKINDIA,NSE:BANKINDIA-EQ,334.0,336.9,319.0,320.8,306324,FYERS_HISTORY,2026-08-08T23:02:56+05:30
2011-11-22,SMD-0032,BANKINDIA,NSE:BANKINDIA-EQ,321.95,332.5,318.35,328.95,340752,FYERS_HISTORY,2026-08-08T23:02:56+05:30
2011-11-23,SMD-0032,BANKINDIA,NSE:BANKINDIA-EQ,335.0,335.0,320.5,326.3,432646,FYERS_HISTORY,2026-08-08T23:02:56+05:30
2011-11-24,SMD-0032,BANKINDIA,NSE:BANKINDIA-EQ,328.0,353.0,321.1,345.15,1327587,FYERS_HISTORY,2026-08-08T23:02:56+05:30
2011-11-25,SMD-0032,BANKINDIA,NSE:BANKINDIA-EQ,342.0,342.0,325.65,328.85,544668,FYERS_HISTORY,2026-08-08T23:02:56+05:30
2011-11-28,SMD-0032,BANKINDIA,NSE:BANKINDIA-EQ,333.0,336.45,330.0,335.0,467081,FYERS_HISTORY,2026-08-08T23:02:56+05:30
2011-11-29,SMD-0032,BANKINDIA,NSE:BANKINDIA-EQ,335.0,337.9,322.9,326.45,311399,FYERS_HISTORY,2026-08-08T23:02:56+05:30
2011-11-30,SMD-0032,BANKINDIA,NSE:BANKINDIA-EQ,325.0,331.5,320.55,327.25,531271,FYERS_HISTORY,2026-08-08T23:02:56+05:30
2011-12-01,SMD-0032,BANKINDIA,NSE:BANKINDIA-EQ,330.0,339.8,330.0,333.9,434677,FYERS_HISTORY,2026-08-08T23:02:56+05:30
2011-12-02,SMD-0032,BANKINDIA,NSE:BANKINDIA-EQ,332.0,342.5,331.0,340.55,402111,FYERS_HISTORY,2026-08-08T23:02:56+05:30
2011-12-05,SMD-0032,BANKINDIA,NSE:BANKINDIA-EQ,343.0,349.55,343.0,346.65,470468,FYERS_HISTORY,2026-08-08T23:02:56+05:30
2011-12-07,SMD-0032,BANKINDIA,NSE:BANKINDIA-EQ,350.0,353.8,340.25,343.45,570271,FYERS_HISTORY,2026-08-08T23:02:56+05:30
2011-12-08,SMD-0032,BANKINDIA,NSE:BANKINDIA-EQ,343.0,344.0,333.25,336.95,323038,FYERS_HISTORY,2026-08-08T23:02:56+05:30
2011-12-09,SMD-0032,BANKINDIA,NSE:BANKINDIA-EQ,334.0,340.55,326.6,336.75,355577,FYERS_HISTORY,2026-08-08T23:02:56+05:30
2011-12-12,SMD-0032,BANKINDIA,NSE:BANKINDIA-EQ,337.9,341.8,329.1,331.85,282230,FYERS_HISTORY,2026-08-08T23:02:56+05:30
2011-12-13,SMD-0032,BANKINDIA,NSE:BANKINDIA-EQ,329.95,335.75,320.1,324.4,387920,FYERS_HISTORY,2026-08-08T23:02:56+05:30
2011-12-14,SMD-0032,BANKINDIA,NSE:BANKINDIA-EQ,323.5,327.0,318.05,319.4,397672,FYERS_HISTORY,2026-08-08T23:02:56+05:30
2011-12-15,SMD-0032,BANKINDIA,NSE:BANKINDIA-EQ,317.8,321.0,310.0,317.95,313120,FYERS_HISTORY,2026-08-08T23:02:56+05:30
2011-12-16,SMD-0032,BANKINDIA,NSE:BANKINDIA-EQ,322.75,324.0,307.0,310.05,523767,FYERS_HISTORY,2026-08-08T23:02:56+05:30
2011-12-19,SMD-0032,BANKINDIA,NSE:BANKINDIA-EQ,307.0,307.0,287.0,294.8,577436,FYERS_HISTORY,2026-08-08T23:02:56+05:30
2011-12-20,SMD-0032,BANKINDIA,NSE:BANKINDIA-EQ,298.9,298.9,275.2,279.2,671101,FYERS_HISTORY,2026-08-08T23:02:56+05:30
2011-12-21,SMD-0032,BANKINDIA,NSE:BANKINDIA-EQ,285.0,301.85,282.0,293.7,406578,FYERS_HISTORY,2026-08-08T23:02:56+05:30
2011-12-22,SMD-0032,BANKINDIA,NSE:BANKINDIA-EQ,296.75,305.0,287.15,303.7,664805,FYERS_HISTORY,2026-08-08T23:02:56+05:30
2011-12-23,SMD-0032,BANKINDIA,NSE:BANKINDIA-EQ,306.0,306.3,290.95,292.8,896440,FYERS_HISTORY,2026-08-08T23:02:56+05:30
2011-12-26,SMD-0032,BANKINDIA,NSE:BANKINDIA-EQ,293.0,296.8,288.45,292.9,573272,FYERS_HISTORY,2026-08-08T23:02:56+05:30
2011-12-27,SMD-0032,BANKINDIA,NSE:BANKINDIA-EQ,293.0,295.55,285.2,288.05,412963,FYERS_HISTORY,2026-08-08T23:02:56+05:30
2011-12-28,SMD-0032,BANKINDIA,NSE:BANKINDIA-EQ,286.0,286.5,273.85,275.7,520263,FYERS_HISTORY,2026-08-08T23:02:56+05:30
2011-12-29,SMD-0032,BANKINDIA,NSE:BANKINDIA-EQ,275.2,275.8,266.6,268.7,1388238,FYERS_HISTORY,2026-08-08T23:02:57+05:30
2011-12-30,SMD-0032,BANKINDIA,NSE:BANKINDIA-EQ,271.5,274.35,264.0,266.35,381626,FYERS_HISTORY,2026-08-08T23:02:57+05:30
2012-01-02,SMD-0032,BANKINDIA,NSE:BANKINDIA-EQ,267.25,269.8,261.0,267.1,420183,FYERS_HISTORY,2026-08-08T23:02:57+05:30
2012-01-03,SMD-0032,BANKINDIA,NSE:BANKINDIA-EQ,268.5,289.85,268.5,288.15,601110,FYERS_HISTORY,2026-08-08T23:02:57+05:30
2012-01-04,SMD-0032,BANKINDIA,NSE:BANKINDIA-EQ,288.4,291.8,282.6,287.95,528421,FYERS_HISTORY,2026-08-08T23:02:57+05:30
2012-01-05,SMD-0032,BANKINDIA,NSE:BANKINDIA-EQ,285.55,288.5,281.45,286.65,552906,FYERS_HISTORY,2026-08-08T23:02:57+05:30
2012-01-06,SMD-0032,BANKINDIA,NSE:BANKINDIA-EQ,284.0,293.0,282.75,290.9,415059,FYERS_HISTORY,2026-08-08T23:02:57+05:30
2012-01-07,SMD-0032,BANKINDIA,NSE:BANKINDIA-EQ,291.1,294.85,287.25,291.6,49941,FYERS_HISTORY,2026-08-08T23:02:57+05:30
2012-01-09,SMD-0032,BANKINDIA,NSE:BANKINDIA-EQ,302.5,311.95,287.2,293.65,323045,FYERS_HISTORY,2026-08-08T23:02:57+05:30
2012-01-10,SMD-0032,BANKINDIA,NSE:BANKINDIA-EQ,298.95,306.0,294.1,303.25,474893,FYERS_HISTORY,2026-08-08T23:02:57+05:30
2012-01-11,SMD-0032,BANKINDIA,NSE:BANKINDIA-EQ,303.9,306.9,298.7,302.9,351436,FYERS_HISTORY,2026-08-08T23:02:57+05:30
2012-01-12,SMD-0032,BANKINDIA,NSE:BANKINDIA-EQ,303.0,310.7,297.55,299.8,648045,FYERS_HISTORY,2026-08-08T23:02:57+05:30
2012-01-13,SMD-0032,BANKINDIA,NSE:BANKINDIA-EQ,300.0,304.0,295.0,301.65,816842,FYERS_HISTORY,2026-08-08T23:02:57+05:30
2012-01-16,SMD-0032,BANKINDIA,NSE:BANKINDIA-EQ,298.0,299.7,293.1,296.4,381196,FYERS_HISTORY,2026-08-08T23:02:57+05:30
2012-01-17,SMD-0032,BANKINDIA,NSE:BANKINDIA-EQ,298.5,306.15,298.5,303.2,648551,FYERS_HISTORY,2026-08-08T23:02:57+05:30
2012-01-18,SMD-0032,BANKINDIA,NSE:BANKINDIA-EQ,303.05,306.75,298.0,301.0,734345,FYERS_HISTORY,2026-08-08T23:02:57+05:30
2012-01-19,SMD-0032,BANKINDIA,NSE:BANKINDIA-EQ,305.95,309.0,301.25,306.3,590408,FYERS_HISTORY,2026-08-08T23:02:57+05:30
2012-01-20,SMD-0032,BANKINDIA,NSE:BANKINDIA-EQ,308.9,322.5,308.55,319.1,1473711,FYERS_HISTORY,2026-08-08T23:02:57+05:30
2012-01-23,SMD-0032,BANKINDIA,NSE:BANKINDIA-EQ,321.4,330.8,316.1,319.05,597404,FYERS_HISTORY,2026-08-08T23:02:57+05:30
2012-01-24,SMD-0032,BANKINDIA,NSE:BANKINDIA-EQ,322.7,345.0,316.1,339.65,1606392,FYERS_HISTORY,2026-08-08T23:02:57+05:30
2012-01-25,SMD-0032,BANKINDIA,NSE:BANKINDIA-EQ,344.0,347.65,335.5,342.6,1276259,FYERS_HISTORY,2026-08-08T23:02:57+05:30
2012-01-27,SMD-0032,BANKINDIA,NSE:BANKINDIA-EQ,345.0,365.95,336.9,352.75,4584531,FYERS_HISTORY,2026-08-08T23:02:57+05:30
2012-01-30,SMD-0032,BANKINDIA,NSE:BANKINDIA-EQ,353.0,353.0,334.0,336.1,766459,FYERS_HISTORY,2026-08-08T23:02:57+05:30
2012-01-31,SMD-0032,BANKINDIA,NSE:BANKINDIA-EQ,350.0,350.0,335.5,344.65,629787,FYERS_HISTORY,2026-08-08T23:02:57+05:30
2012-02-01,SMD-0032,BANKINDIA,NSE:BANKINDIA-EQ,345.0,345.05,337.5,340.9,516143,FYERS_HISTORY,2026-08-08T23:02:57+05:30
2012-02-02,SMD-0032,BANKINDIA,NSE:BANKINDIA-EQ,343.5,354.6,339.0,349.95,1488584,FYERS_HISTORY,2026-08-08T23:02:57+05:30
2012-02-03,SMD-0032,BANKINDIA,NSE:BANKINDIA-EQ,354.9,354.9,340.1,348.35,744968,FYERS_HISTORY,2026-08-08T23:02:57+05:30
2012-02-06,SMD-0032,BANKINDIA,NSE:BANKINDIA-EQ,354.15,355.0,340.25,344.45,1116525,FYERS_HISTORY,2026-08-08T23:02:57+05:30
2012-02-07,SMD-0032,BANKINDIA,NSE:BANKINDIA-EQ,342.0,351.8,339.0,341.3,799389,FYERS_HISTORY,2026-08-08T23:02:57+05:30
2012-02-08,SMD-0032,BANKINDIA,NSE:BANKINDIA-EQ,343.5,372.25,341.0,368.8,1724641,FYERS_HISTORY,2026-08-08T23:02:57+05:30
2012-02-09,SMD-0032,BANKINDIA,NSE:BANKINDIA-EQ,372.5,373.25,364.3,369.3,956775,FYERS_HISTORY,2026-08-08T23:02:57+05:30
2012-02-10,SMD-0032,BANKINDIA,NSE:BANKINDIA-EQ,371.7,371.7,362.0,364.9,584490,FYERS_HISTORY,2026-08-08T23:02:57+05:30
2012-02-13,SMD-0032,BANKINDIA,NSE:BANKINDIA-EQ,363.95,369.95,356.5,368.2,591025,FYERS_HISTORY,2026-08-08T23:02:57+05:30
2012-02-14,SMD-0032,BANKINDIA,NSE:BANKINDIA-EQ,369.5,377.0,368.0,374.9,656661,FYERS_HISTORY,2026-08-08T23:02:57+05:30
2012-02-15,SMD-0032,BANKINDIA,NSE:BANKINDIA-EQ,376.0,394.75,376.0,392.8,738259,FYERS_HISTORY,2026-08-08T23:02:57+05:30
2012-02-16,SMD-0032,BANKINDIA,NSE:BANKINDIA-EQ,390.0,392.55,381.1,385.7,755807,FYERS_HISTORY,2026-08-08T23:02:57+05:30
2012-02-17,SMD-0032,BANKINDIA,NSE:BANKINDIA-EQ,375.0,396.0,374.2,380.35,912852,FYERS_HISTORY,2026-08-08T23:02:57+05:30
2012-02-21,SMD-0032,BANKINDIA,NSE:BANKINDIA-EQ,382.0,402.8,381.0,396.9,1369392,FYERS_HISTORY,2026-08-08T23:02:57+05:30
2012-02-22,SMD-0032,BANKINDIA,NSE:BANKINDIA-EQ,398.9,408.0,361.0,365.45,1751710,FYERS_HISTORY,2026-08-08T23:02:57+05:30
2012-02-23,SMD-0032,BANKINDIA,NSE:BANKINDIA-EQ,380.0,380.0,358.0,376.65,1490787,FYERS_HISTORY,2026-08-08T23:02:57+05:30
2012-02-24,SMD-0032,BANKINDIA,NSE:BANKINDIA-EQ,377.9,382.7,370.0,372.6,493629,FYERS_HISTORY,2026-08-08T23:02:57+05:30
2012-02-27,SMD-0032,BANKINDIA,NSE:BANKINDIA-EQ,373.0,373.0,337.2,341.55,590121,FYERS_HISTORY,2026-08-08T23:02:57+05:30
2012-02-28,SMD-0032,BANKINDIA,NSE:BANKINDIA-EQ,344.9,378.0,343.3,374.75,1077508,FYERS_HISTORY,2026-08-08T23:02:57+05:30
2012-02-29,SMD-0032,BANKINDIA,NSE:BANKINDIA-EQ,376.95,383.8,363.55,372.25,762713,FYERS_HISTORY,2026-08-08T23:02:57+05:30
2012-03-01,SMD-0032,BANKINDIA,NSE:BANKINDIA-EQ,360.0,374.75,360.0,367.9,347544,FYERS_HISTORY,2026-08-08T23:02:57+05:30
2012-03-02,SMD-0032,BANKINDIA,NSE:BANKINDIA-EQ,372.9,375.0,363.3,368.45,717650,FYERS_HISTORY,2026-08-08T23:02:57+05:30
2012-03-03,SMD-0032,BANKINDIA,NSE:BANKINDIA-EQ,369.0,371.55,365.05,368.25,32467,FYERS_HISTORY,2026-08-08T23:02:57+05:30
2012-03-05,SMD-0032,BANKINDIA,NSE:BANKINDIA-EQ,358.1,368.0,351.05,354.8,1016385,FYERS_HISTORY,2026-08-08T23:02:57+05:30
2012-03-06,SMD-0032,BANKINDIA,NSE:BANKINDIA-EQ,352.0,370.0,346.85,352.25,571028,FYERS_HISTORY,2026-08-08T23:02:57+05:30
2012-03-07,SMD-0032,BANKINDIA,NSE:BANKINDIA-EQ,351.85,355.35,340.0,350.2,981605,FYERS_HISTORY,2026-08-08T23:02:57+05:30
2012-03-09,SMD-0032,BANKINDIA,NSE:BANKINDIA-EQ,350.0,366.9,350.0,365.3,495298,FYERS_HISTORY,2026-08-08T23:02:57+05:30
2012-03-12,SMD-0032,BANKINDIA,NSE:BANKINDIA-EQ,370.0,379.7,366.55,371.4,425958,FYERS_HISTORY,2026-08-08T23:02:57+05:30
2012-03-13,SMD-0032,BANKINDIA,NSE:BANKINDIA-EQ,375.3,378.9,369.95,372.75,517373,FYERS_HISTORY,2026-08-08T23:02:57+05:30
2012-03-14,SMD-0032,BANKINDIA,NSE:BANKINDIA-EQ,375.9,394.7,374.35,392.55,1041471,FYERS_HISTORY,2026-08-08T23:02:57+05:30
2012-03-15,SMD-0032,BANKINDIA,NSE:BANKINDIA-EQ,392.55,392.8,371.15,376.05,670269,FYERS_HISTORY,2026-08-08T23:02:57+05:30
2012-03-16,SMD-0032,BANKINDIA,NSE:BANKINDIA-EQ,375.0,390.0,357.2,359.45,1116528,FYERS_HISTORY,2026-08-08T23:02:57+05:30
2012-03-19,SMD-0032,BANKINDIA,NSE:BANKINDIA-EQ,365.0,365.0,350.55,354.1,585348,FYERS_HISTORY,2026-08-08T23:02:57+05:30
2012-03-20,SMD-0032,BANKINDIA,NSE:BANKINDIA-EQ,357.0,364.95,350.5,359.95,431867,FYERS_HISTORY,2026-08-08T23:02:57+05:30
2012-03-21,SMD-0032,BANKINDIA,NSE:BANKINDIA-EQ,360.0,372.0,357.2,370.2,394648,FYERS_HISTORY,2026-08-08T23:02:57+05:30
2012-03-22,SMD-0032,BANKINDIA,NSE:BANKINDIA-EQ,367.0,373.9,353.2,355.35,610157,FYERS_HISTORY,2026-08-08T23:02:57+05:30
2012-03-23,SMD-0032,BANKINDIA,NSE:BANKINDIA-EQ,359.9,364.4,352.0,361.05,548489,FYERS_HISTORY,2026-08-08T23:02:57+05:30
2012-03-26,SMD-0032,BANKINDIA,NSE:BANKINDIA-EQ,359.95,363.3,350.35,353.35,341682,FYERS_HISTORY,2026-08-08T23:02:57+05:30
2012-03-27,SMD-0032,BANKINDIA,NSE:BANKINDIA-EQ,359.85,367.0,354.05,362.7,555312,FYERS_HISTORY,2026-08-08T23:02:57+05:30
2012-03-28,SMD-0032,BANKINDIA,NSE:BANKINDIA-EQ,358.55,361.75,345.05,348.0,486281,FYERS_HISTORY,2026-08-08T23:02:57+05:30
2012-03-29,SMD-0032,BANKINDIA,NSE:BANKINDIA-EQ,345.05,353.0,340.2,348.75,567534,FYERS_HISTORY,2026-08-08T23:02:57+05:30
2012-03-30,SMD-0032,BANKINDIA,NSE:BANKINDIA-EQ,351.0,363.75,351.0,362.65,547776,FYERS_HISTORY,2026-08-08T23:02:57+05:30
2012-04-02,SMD-0032,BANKINDIA,NSE:BANKINDIA-EQ,389.7,389.7,360.75,367.0,308913,FYERS_HISTORY,2026-08-08T23:02:57+05:30
2012-04-03,SMD-0032,BANKINDIA,NSE:BANKINDIA-EQ,367.05,370.6,363.55,366.15,285158,FYERS_HISTORY,2026-08-08T23:02:57+05:30
2012-04-04,SMD-0032,BANKINDIA,NSE:BANKINDIA-EQ,363.05,376.0,363.05,372.4,507464,FYERS_HISTORY,2026-08-08T23:02:57+05:30
2012-04-09,SMD-0032,BANKINDIA,NSE:BANKINDIA-EQ,369.95,372.0,362.6,364.5,196961,FYERS_HISTORY,2026-08-08T23:02:57+05:30
2012-04-10,SMD-0032,BANKINDIA,NSE:BANKINDIA-EQ,366.05,368.5,358.1,365.2,315880,FYERS_HISTORY,2026-08-08T23:02:57+05:30
2012-04-11,SMD-0032,BANKINDIA,NSE:BANKINDIA-EQ,361.05,368.8,359.7,363.7,261035,FYERS_HISTORY,2026-08-08T23:02:57+05:30
2012-04-12,SMD-0032,BANKINDIA,NSE:BANKINDIA-EQ,365.0,369.8,365.0,368.55,316861,FYERS_HISTORY,2026-08-08T23:02:57+05:30
2012-04-13,SMD-0032,BANKINDIA,NSE:BANKINDIA-EQ,371.95,375.9,366.0,369.25,529859,FYERS_HISTORY,2026-08-08T23:02:57+05:30
2012-04-16,SMD-0032,BANKINDIA,NSE:BANKINDIA-EQ,368.9,379.0,368.05,377.35,329083,FYERS_HISTORY,2026-08-08T23:02:57+05:30
2012-04-17,SMD-0032,BANKINDIA,NSE:BANKINDIA-EQ,380.9,383.0,368.25,378.0,605361,FYERS_HISTORY,2026-08-08T23:02:57+05:30
2012-04-18,SMD-0032,BANKINDIA,NSE:BANKINDIA-EQ,379.7,381.35,370.1,371.8,404931,FYERS_HISTORY,2026-08-08T23:02:57+05:30
2012-04-19,SMD-0032,BANKINDIA,NSE:BANKINDIA-EQ,373.9,373.9,362.25,365.75,244882,FYERS_HISTORY,2026-08-08T23:02:57+05:30
2012-04-20,SMD-0032,BANKINDIA,NSE:BANKINDIA-EQ,363.0,366.1,356.5,357.6,418249,FYERS_HISTORY,2026-08-08T23:02:57+05:30
2012-04-23,SMD-0032,BANKINDIA,NSE:BANKINDIA-EQ,356.35,360.95,345.0,346.2,441813,FYERS_HISTORY,2026-08-08T23:02:57+05:30
2012-04-24,SMD-0032,BANKINDIA,NSE:BANKINDIA-EQ,348.0,351.9,344.0,346.6,355582,FYERS_HISTORY,2026-08-08T23:02:57+05:30
2012-04-25,SMD-0032,BANKINDIA,NSE:BANKINDIA-EQ,348.85,350.7,337.0,338.85,470132,FYERS_HISTORY,2026-08-08T23:02:57+05:30
2012-04-26,SMD-0032,BANKINDIA,NSE:BANKINDIA-EQ,340.7,340.7,326.6,331.3,677292,FYERS_HISTORY,2026-08-08T23:02:57+05:30
2012-04-27,SMD-0032,BANKINDIA,NSE:BANKINDIA-EQ,331.3,336.0,322.0,330.7,2137412,FYERS_HISTORY,2026-08-08T23:02:57+05:30
2012-04-28,SMD-0032,BANKINDIA,NSE:BANKINDIA-EQ,333.25,338.5,328.1,337.25,73440,FYERS_HISTORY,2026-08-08T23:02:57+05:30
2012-04-30,SMD-0032,BANKINDIA,NSE:BANKINDIA-EQ,339.0,360.9,338.0,353.5,3258986,FYERS_HISTORY,2026-08-08T23:02:57+05:30
2012-05-02,SMD-0032,BANKINDIA,NSE:BANKINDIA-EQ,353.5,358.6,346.55,348.5,721471,FYERS_HISTORY,2026-08-08T23:02:57+05:30
2012-05-03,SMD-0032,BANKINDIA,NSE:BANKINDIA-EQ,347.0,347.5,329.7,333.95,586895,FYERS_HISTORY,2026-08-08T23:02:57+05:30
2012-05-04,SMD-0032,BANKINDIA,NSE:BANKINDIA-EQ,334.0,340.0,323.2,329.1,958732,FYERS_HISTORY,2026-08-08T23:02:57+05:30
2012-05-07,SMD-0032,BANKINDIA,NSE:BANKINDIA-EQ,325.8,341.0,319.1,339.2,895667,FYERS_HISTORY,2026-08-08T23:02:57+05:30
2012-05-08,SMD-0032,BANKINDIA,NSE:BANKINDIA-EQ,339.0,343.85,325.3,330.4,449232,FYERS_HISTORY,2026-08-08T23:02:57+05:30
2012-05-09,SMD-0032,BANKINDIA,NSE:BANKINDIA-EQ,329.05,333.8,311.05,313.6,894307,FYERS_HISTORY,2026-08-08T23:02:57+05:30
2012-05-10,SMD-0032,BANKINDIA,NSE:BANKINDIA-EQ,315.0,317.4,309.1,313.65,782417,FYERS_HISTORY,2026-08-08T23:02:57+05:30
2012-05-11,SMD-0032,BANKINDIA,NSE:BANKINDIA-EQ,314.0,322.0,309.0,317.25,706914,FYERS_HISTORY,2026-08-08T23:02:57+05:30
2012-05-14,SMD-0032,BANKINDIA,NSE:BANKINDIA-EQ,319.95,321.95,310.25,317.05,698544,FYERS_HISTORY,2026-08-08T23:02:57+05:30
2012-05-15,SMD-0032,BANKINDIA,NSE:BANKINDIA-EQ,314.05,322.85,314.05,320.8,426691,FYERS_HISTORY,2026-08-08T23:02:57+05:30
2012-05-16,SMD-0032,BANKINDIA,NSE:BANKINDIA-EQ,316.9,316.9,304.55,307.5,565062,FYERS_HISTORY,2026-08-08T23:02:57+05:30
2012-05-17,SMD-0032,BANKINDIA,NSE:BANKINDIA-EQ,308.0,315.0,302.0,307.8,757622,FYERS_HISTORY,2026-08-08T23:02:57+05:30
2012-05-18,SMD-0032,BANKINDIA,NSE:BANKINDIA-EQ,306.85,316.0,302.1,315.05,494000,FYERS_HISTORY,2026-08-08T23:02:57+05:30
2012-05-21,SMD-0032,BANKINDIA,NSE:BANKINDIA-EQ,313.6,320.75,313.6,318.0,310672,FYERS_HISTORY,2026-08-08T23:02:57+05:30
2012-05-22,SMD-0032,BANKINDIA,NSE:BANKINDIA-EQ,319.15,323.6,305.5,307.65,516880,FYERS_HISTORY,2026-08-08T23:02:57+05:30
2012-05-23,SMD-0032,BANKINDIA,NSE:BANKINDIA-EQ,305.95,314.0,304.35,311.95,408508,FYERS_HISTORY,2026-08-08T23:02:57+05:30
2012-05-24,SMD-0032,BANKINDIA,NSE:BANKINDIA-EQ,311.0,317.9,310.6,315.85,374916,FYERS_HISTORY,2026-08-08T23:02:57+05:30
2012-05-25,SMD-0032,BANKINDIA,NSE:BANKINDIA-EQ,316.05,322.8,313.8,320.5,376942,FYERS_HISTORY,2026-08-08T23:02:57+05:30
2012-05-28,SMD-0032,BANKINDIA,NSE:BANKINDIA-EQ,321.55,332.0,321.55,329.95,420346,FYERS_HISTORY,2026-08-08T23:02:57+05:30
2012-05-29,SMD-0032,BANKINDIA,NSE:BANKINDIA-EQ,333.0,337.7,329.15,331.35,544453,FYERS_HISTORY,2026-08-08T23:02:57+05:30
2012-05-30,SMD-0032,BANKINDIA,NSE:BANKINDIA-EQ,330.95,330.95,317.55,319.8,259576,FYERS_HISTORY,2026-08-08T23:02:57+05:30
2012-05-31,SMD-0032,BANKINDIA,NSE:BANKINDIA-EQ,315.05,348.9,315.05,340.85,1358578,FYERS_HISTORY,2026-08-08T23:02:57+05:30
2012-06-01,SMD-0032,BANKINDIA,NSE:BANKINDIA-EQ,329.0,343.85,329.0,333.2,680908,FYERS_HISTORY,2026-08-08T23:02:57+05:30
2012-06-04,SMD-0032,BANKINDIA,NSE:BANKINDIA-EQ,329.0,335.0,324.2,333.0,265562,FYERS_HISTORY,2026-08-08T23:02:57+05:30
2012-06-05,SMD-0032,BANKINDIA,NSE:BANKINDIA-EQ,335.4,341.0,330.85,336.75,422603,FYERS_HISTORY,2026-08-08T23:02:57+05:30
2012-06-06,SMD-0032,BANKINDIA,NSE:BANKINDIA-EQ,334.15,345.7,334.15,343.1,575636,FYERS_HISTORY,2026-08-08T23:02:57+05:30
2012-06-07,SMD-0032,BANKINDIA,NSE:BANKINDIA-EQ,343.0,352.7,340.35,349.0,515400,FYERS_HISTORY,2026-08-08T23:02:57+05:30
2012-06-08,SMD-0032,BANKINDIA,NSE:BANKINDIA-EQ,341.5,356.0,341.0,353.6,432183,FYERS_HISTORY,2026-08-08T23:02:57+05:30
2012-06-11,SMD-0032,BANKINDIA,NSE:BANKINDIA-EQ,356.35,362.0,346.2,349.05,481356,FYERS_HISTORY,2026-08-08T23:02:57+05:30
2012-06-12,SMD-0032,BANKINDIA,NSE:BANKINDIA-EQ,347.45,359.9,345.6,358.45,473711,FYERS_HISTORY,2026-08-08T23:02:57+05:30
2012-06-13,SMD-0032,BANKINDIA,NSE:BANKINDIA-EQ,358.35,361.05,352.1,356.0,723938,FYERS_HISTORY,2026-08-08T23:02:57+05:30
2012-06-14,SMD-0032,BANKINDIA,NSE:BANKINDIA-EQ,354.05,357.9,345.0,348.1,363286,FYERS_HISTORY,2026-08-08T23:02:57+05:30
2012-06-15,SMD-0032,BANKINDIA,NSE:BANKINDIA-EQ,349.95,352.4,345.7,349.75,305690,FYERS_HISTORY,2026-08-08T23:02:57+05:30
2012-06-18,SMD-0032,BANKINDIA,NSE:BANKINDIA-EQ,352.25,355.0,335.8,340.6,496719,FYERS_HISTORY,2026-08-08T23:02:57+05:30
2012-06-19,SMD-0032,BANKINDIA,NSE:BANKINDIA-EQ,338.05,339.75,327.3,334.5,581048,FYERS_HISTORY,2026-08-08T23:02:57+05:30
2012-06-20,SMD-0032,BANKINDIA,NSE:BANKINDIA-EQ,335.05,342.4,335.05,341.6,259026,FYERS_HISTORY,2026-08-08T23:02:57+05:30
2012-06-21,SMD-0032,BANKINDIA,NSE:BANKINDIA-EQ,336.0,342.0,329.05,341.45,443519,FYERS_HISTORY,2026-08-08T23:02:57+05:30
2012-06-22,SMD-0032,BANKINDIA,NSE:BANKINDIA-EQ,340.05,349.7,338.15,344.65,705261,FYERS_HISTORY,2026-08-08T23:02:57+05:30
2012-06-25,SMD-0032,BANKINDIA,NSE:BANKINDIA-EQ,345.95,352.4,340.5,343.05,335350,FYERS_HISTORY,2026-08-08T23:02:57+05:30
2012-06-26,SMD-0032,BANKINDIA,NSE:BANKINDIA-EQ,342.45,346.45,341.8,344.6,149847,FYERS_HISTORY,2026-08-08T23:02:57+05:30
2012-06-27,SMD-0032,BANKINDIA,NSE:BANKINDIA-EQ,348.75,348.75,341.35,344.2,233552,FYERS_HISTORY,2026-08-08T23:02:57+05:30
2012-06-28,SMD-0032,BANKINDIA,NSE:BANKINDIA-EQ,346.9,348.95,340.45,345.4,484207,FYERS_HISTORY,2026-08-08T23:02:57+05:30
2012-06-29,SMD-0032,BANKINDIA,NSE:BANKINDIA-EQ,352.0,352.0,345.0,347.05,969835,FYERS_HISTORY,2026-08-08T23:02:57+05:30
2012-07-02,SMD-0032,BANKINDIA,NSE:BANKINDIA-EQ,348.95,351.9,344.5,347.9,816705,FYERS_HISTORY,2026-08-08T23:02:57+05:30
2012-07-03,SMD-0032,BANKINDIA,NSE:BANKINDIA-EQ,348.1,355.0,348.0,352.5,1234596,FYERS_HISTORY,2026-08-08T23:02:57+05:30
2012-07-04,SMD-0032,BANKINDIA,NSE:BANKINDIA-EQ,355.3,356.9,342.25,353.5,1076167,FYERS_HISTORY,2026-08-08T23:02:57+05:30
2012-07-05,SMD-0032,BANKINDIA,NSE:BANKINDIA-EQ,353.8,356.65,350.1,354.6,530190,FYERS_HISTORY,2026-08-08T23:02:57+05:30
2012-07-06,SMD-0032,BANKINDIA,NSE:BANKINDIA-EQ,355.0,355.85,348.8,351.95,434339,FYERS_HISTORY,2026-08-08T23:02:57+05:30
2012-07-09,SMD-0032,BANKINDIA,NSE:BANKINDIA-EQ,350.0,350.4,343.8,344.85,276374,FYERS_HISTORY,2026-08-08T23:02:57+05:30
2012-07-10,SMD-0032,BANKINDIA,NSE:BANKINDIA-EQ,348.8,349.0,343.15,347.8,686465,FYERS_HISTORY,2026-08-08T23:02:57+05:30
2012-07-11,SMD-0032,BANKINDIA,NSE:BANKINDIA-EQ,349.65,349.65,343.15,345.0,742562,FYERS_HISTORY,2026-08-08T23:02:57+05:30
2012-07-12,SMD-0032,BANKINDIA,NSE:BANKINDIA-EQ,343.05,344.8,338.5,340.85,270568,FYERS_HISTORY,2026-08-08T23:02:57+05:30
2012-07-13,SMD-0032,BANKINDIA,NSE:BANKINDIA-EQ,341.0,342.45,336.3,337.75,934404,FYERS_HISTORY,2026-08-08T23:02:57+05:30
2012-07-16,SMD-0032,BANKINDIA,NSE:BANKINDIA-EQ,337.0,337.85,332.3,333.65,406565,FYERS_HISTORY,2026-08-08T23:02:57+05:30
2012-07-17,SMD-0032,BANKINDIA,NSE:BANKINDIA-EQ,334.95,337.75,327.0,329.5,674690,FYERS_HISTORY,2026-08-08T23:02:57+05:30
2012-07-18,SMD-0032,BANKINDIA,NSE:BANKINDIA-EQ,325.0,331.7,314.0,329.8,279338,FYERS_HISTORY,2026-08-08T23:02:57+05:30
2012-07-19,SMD-0032,BANKINDIA,NSE:BANKINDIA-EQ,330.05,335.0,323.1,325.85,380869,FYERS_HISTORY,2026-08-08T23:02:57+05:30
2012-07-20,SMD-0032,BANKINDIA,NSE:BANKINDIA-EQ,326.05,328.25,320.1,324.55,326225,FYERS_HISTORY,2026-08-08T23:02:57+05:30
2012-07-23,SMD-0032,BANKINDIA,NSE:BANKINDIA-EQ,323.85,323.9,317.9,320.4,283606,FYERS_HISTORY,2026-08-08T23:02:57+05:30
2012-07-24,SMD-0032,BANKINDIA,NSE:BANKINDIA-EQ,320.75,324.0,320.0,321.0,220198,FYERS_HISTORY,2026-08-08T23:02:57+05:30
2012-07-25,SMD-0032,BANKINDIA,NSE:BANKINDIA-EQ,318.05,321.75,315.0,318.1,294835,FYERS_HISTORY,2026-08-08T23:02:57+05:30
2012-07-26,SMD-0032,BANKINDIA,NSE:BANKINDIA-EQ,319.55,320.9,305.6,308.0,636247,FYERS_HISTORY,2026-08-08T23:02:57+05:30
2012-07-27,SMD-0032,BANKINDIA,NSE:BANKINDIA-EQ,314.0,316.2,288.0,290.45,2451398,FYERS_HISTORY,2026-08-08T23:02:57+05:30
2012-07-30,SMD-0032,BANKINDIA,NSE:BANKINDIA-EQ,295.55,297.85,289.05,296.35,1171578,FYERS_HISTORY,2026-08-08T23:02:57+05:30
2012-07-31,SMD-0032,BANKINDIA,NSE:BANKINDIA-EQ,299.3,299.75,288.4,297.9,927767,FYERS_HISTORY,2026-08-08T23:02:57+05:30
2012-08-01,SMD-0032,BANKINDIA,NSE:BANKINDIA-EQ,296.3,300.9,295.1,297.65,676797,FYERS_HISTORY,2026-08-08T23:02:57+05:30
2012-08-02,SMD-0032,BANKINDIA,NSE:BANKINDIA-EQ,295.2,299.8,294.0,296.85,417584,FYERS_HISTORY,2026-08-08T23:02:57+05:30
2012-08-03,SMD-0032,BANKINDIA,NSE:BANKINDIA-EQ,293.05,296.05,286.0,289.1,767986,FYERS_HISTORY,2026-08-08T23:02:57+05:30
2012-08-06,SMD-0032,BANKINDIA,NSE:BANKINDIA-EQ,292.0,294.05,286.3,287.45,581324,FYERS_HISTORY,2026-08-08T23:02:57+05:30
2012-08-07,SMD-0032,BANKINDIA,NSE:BANKINDIA-EQ,288.0,291.5,286.2,288.55,845450,FYERS_HISTORY,2026-08-08T23:02:57+05:30
2012-08-08,SMD-0032,BANKINDIA,NSE:BANKINDIA-EQ,291.9,291.9,284.1,284.95,663170,FYERS_HISTORY,2026-08-08T23:02:57+05:30
2012-08-09,SMD-0032,BANKINDIA,NSE:BANKINDIA-EQ,285.0,285.95,278.0,279.95,890956,FYERS_HISTORY,2026-08-08T23:02:57+05:30
2012-08-10,SMD-0032,BANKINDIA,NSE:BANKINDIA-EQ,280.0,280.6,271.0,271.9,792316,FYERS_HISTORY,2026-08-08T23:02:57+05:30
2012-08-13,SMD-0032,BANKINDIA,NSE:BANKINDIA-EQ,270.6,274.4,266.15,271.25,881523,FYERS_HISTORY,2026-08-08T23:02:57+05:30
2012-08-14,SMD-0032,BANKINDIA,NSE:BANKINDIA-EQ,273.8,279.0,271.0,275.3,943349,FYERS_HISTORY,2026-08-08T23:02:57+05:30
2012-08-16,SMD-0032,BANKINDIA,NSE:BANKINDIA-EQ,276.75,281.8,275.6,278.25,615048,FYERS_HISTORY,2026-08-08T23:02:57+05:30
2012-08-21,SMD-0032,BANKINDIA,NSE:BANKINDIA-EQ,277.55,279.5,273.25,277.75,310039,FYERS_HISTORY,2026-08-08T23:02:57+05:30
2012-08-22,SMD-0032,BANKINDIA,NSE:BANKINDIA-EQ,276.0,280.95,275.1,279.15,431711,FYERS_HISTORY,2026-08-08T23:02:57+05:30
2012-08-23,SMD-0032,BANKINDIA,NSE:BANKINDIA-EQ,281.0,284.0,279.05,281.3,530298,FYERS_HISTORY,2026-08-08T23:02:57+05:30
2012-08-24,SMD-0032,BANKINDIA,NSE:BANKINDIA-EQ,280.05,280.45,272.0,272.6,385345,FYERS_HISTORY,2026-08-08T23:02:57+05:30
2012-08-27,SMD-0032,BANKINDIA,NSE:BANKINDIA-EQ,272.35,274.45,265.1,266.45,353472,FYERS_HISTORY,2026-08-08T23:02:57+05:30
2012-08-28,SMD-0032,BANKINDIA,NSE:BANKINDIA-EQ,265.95,267.95,261.1,265.15,306211,FYERS_HISTORY,2026-08-08T23:02:57+05:30
2012-08-29,SMD-0032,BANKINDIA,NSE:BANKINDIA-EQ,266.8,266.9,257.3,259.5,589410,FYERS_HISTORY,2026-08-08T23:02:57+05:30
2012-08-30,SMD-0032,BANKINDIA,NSE:BANKINDIA-EQ,258.0,258.0,253.8,256.9,739627,FYERS_HISTORY,2026-08-08T23:02:57+05:30
2012-08-31,SMD-0032,BANKINDIA,NSE:BANKINDIA-EQ,256.95,261.8,253.3,255.3,652479,FYERS_HISTORY,2026-08-08T23:02:57+05:30
2012-09-03,SMD-0032,BANKINDIA,NSE:BANKINDIA-EQ,255.1,258.95,254.6,255.55,346143,FYERS_HISTORY,2026-08-08T23:02:57+05:30
2012-09-04,SMD-0032,BANKINDIA,NSE:BANKINDIA-EQ,255.0,263.85,254.1,262.3,417532,FYERS_HISTORY,2026-08-08T23:02:57+05:30
2012-09-05,SMD-0032,BANKINDIA,NSE:BANKINDIA-EQ,261.7,261.95,253.55,255.0,654730,FYERS_HISTORY,2026-08-08T23:02:57+05:30
2012-09-06,SMD-0032,BANKINDIA,NSE:BANKINDIA-EQ,254.8,259.6,253.55,255.2,568781,FYERS_HISTORY,2026-08-08T23:02:57+05:30
2012-09-07,SMD-0032,BANKINDIA,NSE:BANKINDIA-EQ,257.6,262.65,257.6,259.25,736197,FYERS_HISTORY,2026-08-08T23:02:57+05:30
2012-09-08,SMD-0032,BANKINDIA,NSE:BANKINDIA-EQ,260.45,261.7,259.0,261.0,55122,FYERS_HISTORY,2026-08-08T23:02:57+05:30
2012-09-10,SMD-0032,BANKINDIA,NSE:BANKINDIA-EQ,262.3,262.4,256.35,258.35,367251,FYERS_HISTORY,2026-08-08T23:02:57+05:30
2012-09-11,SMD-0032,BANKINDIA,NSE:BANKINDIA-EQ,256.45,261.0,255.55,259.25,603776,FYERS_HISTORY,2026-08-08T23:02:57+05:30
2012-09-12,SMD-0032,BANKINDIA,NSE:BANKINDIA-EQ,260.85,264.85,260.0,263.1,587890,FYERS_HISTORY,2026-08-08T23:02:57+05:30
2012-09-13,SMD-0032,BANKINDIA,NSE:BANKINDIA-EQ,263.7,265.5,259.0,260.35,679070,FYERS_HISTORY,2026-08-08T23:02:57+05:30
2012-09-14,SMD-0032,BANKINDIA,NSE:BANKINDIA-EQ,263.4,272.8,263.4,270.1,909478,FYERS_HISTORY,2026-08-08T23:02:57+05:30
2012-09-17,SMD-0032,BANKINDIA,NSE:BANKINDIA-EQ,273.8,282.55,272.65,280.9,1071508,FYERS_HISTORY,2026-08-08T23:02:57+05:30
2012-09-18,SMD-0032,BANKINDIA,NSE:BANKINDIA-EQ,281.0,299.45,280.05,296.5,1415908,FYERS_HISTORY,2026-08-08T23:02:57+05:30
2012-09-20,SMD-0032,BANKINDIA,NSE:BANKINDIA-EQ,290.0,297.3,283.25,285.75,1894900,FYERS_HISTORY,2026-08-08T23:02:57+05:30
2012-09-21,SMD-0032,BANKINDIA,NSE:BANKINDIA-EQ,287.55,307.6,287.55,302.45,2171899,FYERS_HISTORY,2026-08-08T23:02:57+05:30
2012-09-24,SMD-0032,BANKINDIA,NSE:BANKINDIA-EQ,298.2,310.0,298.2,299.0,1947802,FYERS_HISTORY,2026-08-08T23:02:57+05:30
2012-09-25,SMD-0032,BANKINDIA,NSE:BANKINDIA-EQ,303.9,306.65,293.5,302.0,1296809,FYERS_HISTORY,2026-08-08T23:02:57+05:30
2012-09-26,SMD-0032,BANKINDIA,NSE:BANKINDIA-EQ,301.0,304.0,295.3,301.5,710704,FYERS_HISTORY,2026-08-08T23:02:57+05:30
2012-09-27,SMD-0032,BANKINDIA,NSE:BANKINDIA-EQ,298.2,308.7,297.0,305.05,2213320,FYERS_HISTORY,2026-08-08T23:02:57+05:30
2012-09-28,SMD-0032,BANKINDIA,NSE:BANKINDIA-EQ,308.7,313.8,308.0,311.2,1372484,FYERS_HISTORY,2026-08-08T23:02:57+05:30
2012-10-01,SMD-0032,BANKINDIA,NSE:BANKINDIA-EQ,312.0,314.8,307.0,309.6,802775,FYERS_HISTORY,2026-08-08T23:02:57+05:30
2012-10-03,SMD-0032,BANKINDIA,NSE:BANKINDIA-EQ,310.1,313.4,303.6,304.9,798653,FYERS_HISTORY,2026-08-08T23:02:57+05:30
2012-10-04,SMD-0032,BANKINDIA,NSE:BANKINDIA-EQ,306.25,309.8,304.1,305.3,940691,FYERS_HISTORY,2026-08-08T23:02:57+05:30
2012-10-05,SMD-0032,BANKINDIA,NSE:BANKINDIA-EQ,307.2,308.3,293.6,296.9,855019,FYERS_HISTORY,2026-08-08T23:02:57+05:30
2012-10-08,SMD-0032,BANKINDIA,NSE:BANKINDIA-EQ,297.05,303.5,293.05,297.55,958260,FYERS_HISTORY,2026-08-08T23:02:57+05:30
2012-10-09,SMD-0032,BANKINDIA,NSE:BANKINDIA-EQ,300.0,301.95,293.15,296.25,456235,FYERS_HISTORY,2026-08-08T23:02:57+05:30
2012-10-10,SMD-0032,BANKINDIA,NSE:BANKINDIA-EQ,294.6,295.9,291.2,294.6,415881,FYERS_HISTORY,2026-08-08T23:02:57+05:30
2012-10-11,SMD-0032,BANKINDIA,NSE:BANKINDIA-EQ,290.1,303.0,290.1,301.4,513086,FYERS_HISTORY,2026-08-08T23:02:57+05:30
2012-10-12,SMD-0032,BANKINDIA,NSE:BANKINDIA-EQ,301.8,307.5,300.0,301.95,632545,FYERS_HISTORY,2026-08-08T23:02:57+05:30
2012-10-15,SMD-0032,BANKINDIA,NSE:BANKINDIA-EQ,302.75,304.95,299.4,303.2,269408,FYERS_HISTORY,2026-08-08T23:02:57+05:30
2012-10-16,SMD-0032,BANKINDIA,NSE:BANKINDIA-EQ,305.0,306.0,296.5,298.0,378635,FYERS_HISTORY,2026-08-08T23:02:57+05:30
2012-10-17,SMD-0032,BANKINDIA,NSE:BANKINDIA-EQ,301.05,301.45,292.2,295.05,602564,FYERS_HISTORY,2026-08-08T23:02:57+05:30
2012-10-18,SMD-0032,BANKINDIA,NSE:BANKINDIA-EQ,297.0,303.8,295.0,302.95,400409,FYERS_HISTORY,2026-08-08T23:02:57+05:30
2012-10-19,SMD-0032,BANKINDIA,NSE:BANKINDIA-EQ,301.85,304.4,297.8,301.7,442015,FYERS_HISTORY,2026-08-08T23:02:57+05:30
2012-10-22,SMD-0032,BANKINDIA,NSE:BANKINDIA-EQ,302.5,303.7,296.8,301.2,431235,FYERS_HISTORY,2026-08-08T23:02:57+05:30
2012-10-23,SMD-0032,BANKINDIA,NSE:BANKINDIA-EQ,300.25,303.0,297.0,298.05,270521,FYERS_HISTORY,2026-08-08T23:02:57+05:30
2012-10-25,SMD-0032,BANKINDIA,NSE:BANKINDIA-EQ,299.05,302.0,295.45,297.45,1196450,FYERS_HISTORY,2026-08-08T23:02:57+05:30
2012-10-26,SMD-0032,BANKINDIA,NSE:BANKINDIA-EQ,295.7,296.65,283.9,287.15,872404,FYERS_HISTORY,2026-08-08T23:02:57+05:30
2012-10-29,SMD-0032,BANKINDIA,NSE:BANKINDIA-EQ,287.0,289.9,269.25,279.4,4089407,FYERS_HISTORY,2026-08-08T23:02:57+05:30
2012-10-30,SMD-0032,BANKINDIA,NSE:BANKINDIA-EQ,280.4,284.85,272.0,272.95,1551783,FYERS_HISTORY,2026-08-08T23:02:57+05:30
2012-10-31,SMD-0032,BANKINDIA,NSE:BANKINDIA-EQ,272.95,277.9,270.7,276.5,720252,FYERS_HISTORY,2026-08-08T23:02:57+05:30
2012-11-01,SMD-0032,BANKINDIA,NSE:BANKINDIA-EQ,277.0,281.4,275.2,279.65,430314,FYERS_HISTORY,2026-08-08T23:02:57+05:30
2012-11-02,SMD-0032,BANKINDIA,NSE:BANKINDIA-EQ,280.3,284.0,278.3,283.2,818195,FYERS_HISTORY,2026-08-08T23:02:57+05:30
2012-11-05,SMD-0032,BANKINDIA,NSE:BANKINDIA-EQ,282.05,284.9,276.1,279.4,590790,FYERS_HISTORY,2026-08-08T23:02:57+05:30
2012-11-06,SMD-0032,BANKINDIA,NSE:BANKINDIA-EQ,279.0,279.8,276.2,278.85,416407,FYERS_HISTORY,2026-08-08T23:02:57+05:30
2012-11-07,SMD-0032,BANKINDIA,NSE:BANKINDIA-EQ,278.15,290.6,278.0,288.4,1031906,FYERS_HISTORY,2026-08-08T23:02:57+05:30
2012-11-08,SMD-0032,BANKINDIA,NSE:BANKINDIA-EQ,285.0,292.85,283.2,291.2,832805,FYERS_HISTORY,2026-08-08T23:02:57+05:30
2012-11-09,SMD-0032,BANKINDIA,NSE:BANKINDIA-EQ,294.9,294.9,282.1,283.4,700242,FYERS_HISTORY,2026-08-08T23:02:57+05:30
2012-11-12,SMD-0032,BANKINDIA,NSE:BANKINDIA-EQ,284.0,285.4,281.1,283.25,376665,FYERS_HISTORY,2026-08-08T23:02:57+05:30
2012-11-13,SMD-0032,BANKINDIA,NSE:BANKINDIA-EQ,278.0,285.0,278.0,281.95,64577,FYERS_HISTORY,2026-08-08T23:02:57+05:30
2012-11-15,SMD-0032,BANKINDIA,NSE:BANKINDIA-EQ,282.0,282.0,275.05,278.8,583403,FYERS_HISTORY,2026-08-08T23:02:57+05:30
2012-11-16,SMD-0032,BANKINDIA,NSE:BANKINDIA-EQ,275.35,281.25,272.2,273.45,478192,FYERS_HISTORY,2026-08-08T23:02:57+05:30
2012-11-19,SMD-0032,BANKINDIA,NSE:BANKINDIA-EQ,274.15,275.55,269.05,272.65,313446,FYERS_HISTORY,2026-08-08T23:02:57+05:30
2012-11-20,SMD-0032,BANKINDIA,NSE:BANKINDIA-EQ,273.05,275.9,264.0,266.3,711894,FYERS_HISTORY,2026-08-08T23:02:57+05:30
2012-11-21,SMD-0032,BANKINDIA,NSE:BANKINDIA-EQ,266.0,268.4,263.1,266.4,753031,FYERS_HISTORY,2026-08-08T23:02:57+05:30
2012-11-22,SMD-0032,BANKINDIA,NSE:BANKINDIA-EQ,267.0,270.3,264.15,268.75,536395,FYERS_HISTORY,2026-08-08T23:02:57+05:30
2012-11-23,SMD-0032,BANKINDIA,NSE:BANKINDIA-EQ,269.0,271.7,268.0,270.8,458178,FYERS_HISTORY,2026-08-08T23:02:57+05:30
2012-11-26,SMD-0032,BANKINDIA,NSE:BANKINDIA-EQ,271.0,272.9,269.1,271.6,272855,FYERS_HISTORY,2026-08-08T23:02:57+05:30
2012-11-27,SMD-0032,BANKINDIA,NSE:BANKINDIA-EQ,272.0,275.0,270.35,272.85,471124,FYERS_HISTORY,2026-08-08T23:02:57+05:30
2012-11-29,SMD-0032,BANKINDIA,NSE:BANKINDIA-EQ,273.2,276.9,273.2,275.9,924100,FYERS_HISTORY,2026-08-08T23:02:57+05:30
2012-11-30,SMD-0032,BANKINDIA,NSE:BANKINDIA-EQ,277.2,282.7,277.1,280.65,1158583,FYERS_HISTORY,2026-08-08T23:02:57+05:30
2012-12-03,SMD-0032,BANKINDIA,NSE:BANKINDIA-EQ,282.0,282.75,278.1,280.1,548307,FYERS_HISTORY,2026-08-08T23:02:57+05:30
2012-12-04,SMD-0032,BANKINDIA,NSE:BANKINDIA-EQ,280.15,284.8,278.1,283.65,1023558,FYERS_HISTORY,2026-08-08T23:02:57+05:30
2012-12-05,SMD-0032,BANKINDIA,NSE:BANKINDIA-EQ,284.05,292.25,284.05,290.15,1568535,FYERS_HISTORY,2026-08-08T23:02:57+05:30
2012-12-06,SMD-0032,BANKINDIA,NSE:BANKINDIA-EQ,297.8,297.8,286.95,293.75,995457,FYERS_HISTORY,2026-08-08T23:02:57+05:30
2012-12-07,SMD-0032,BANKINDIA,NSE:BANKINDIA-EQ,295.1,298.7,290.55,293.65,897095,FYERS_HISTORY,2026-08-08T23:02:57+05:30
2012-12-10,SMD-0032,BANKINDIA,NSE:BANKINDIA-EQ,294.95,306.3,292.95,305.65,1932086,FYERS_HISTORY,2026-08-08T23:02:57+05:30
2012-12-11,SMD-0032,BANKINDIA,NSE:BANKINDIA-EQ,306.0,311.5,299.45,305.15,1501017,FYERS_HISTORY,2026-08-08T23:02:57+05:30
2012-12-12,SMD-0032,BANKINDIA,NSE:BANKINDIA-EQ,300.25,311.5,300.0,308.55,1288428,FYERS_HISTORY,2026-08-08T23:02:57+05:30
2012-12-13,SMD-0032,BANKINDIA,NSE:BANKINDIA-EQ,310.05,312.4,301.2,303.6,955904,FYERS_HISTORY,2026-08-08T23:02:57+05:30
2012-12-14,SMD-0032,BANKINDIA,NSE:BANKINDIA-EQ,303.4,311.45,301.0,309.9,983631,FYERS_HISTORY,2026-08-08T23:02:57+05:30
2012-12-17,SMD-0032,BANKINDIA,NSE:BANKINDIA-EQ,311.95,315.4,307.4,312.55,503495,FYERS_HISTORY,2026-08-08T23:02:57+05:30
2012-12-18,SMD-0032,BANKINDIA,NSE:BANKINDIA-EQ,314.0,323.0,305.2,321.6,2043545,FYERS_HISTORY,2026-08-08T23:02:57+05:30
2012-12-19,SMD-0032,BANKINDIA,NSE:BANKINDIA-EQ,325.0,332.0,323.15,327.95,1889736,FYERS_HISTORY,2026-08-08T23:02:57+05:30
2012-12-20,SMD-0032,BANKINDIA,NSE:BANKINDIA-EQ,328.5,333.15,320.15,331.5,662183,FYERS_HISTORY,2026-08-08T23:02:57+05:30
2012-12-21,SMD-0032,BANKINDIA,NSE:BANKINDIA-EQ,328.0,337.8,328.0,333.7,1354453,FYERS_HISTORY,2026-08-08T23:02:57+05:30
2012-12-24,SMD-0032,BANKINDIA,NSE:BANKINDIA-EQ,333.1,336.65,324.4,328.75,682970,FYERS_HISTORY,2026-08-08T23:02:57+05:30
2012-12-26,SMD-0032,BANKINDIA,NSE:BANKINDIA-EQ,330.05,342.4,327.5,340.65,834147,FYERS_HISTORY,2026-08-08T23:02:57+05:30
2012-12-27,SMD-0032,BANKINDIA,NSE:BANKINDIA-EQ,339.0,345.85,334.8,336.9,1225509,FYERS_HISTORY,2026-08-08T23:02:57+05:30
2012-12-28,SMD-0032,BANKINDIA,NSE:BANKINDIA-EQ,338.6,343.95,335.5,339.25,779937,FYERS_HISTORY,2026-08-08T23:02:57+05:30
2012-12-31,SMD-0032,BANKINDIA,NSE:BANKINDIA-EQ,338.55,347.55,336.95,343.0,846647,FYERS_HISTORY,2026-08-08T23:02:57+05:30
2013-01-01,SMD-0032,BANKINDIA,NSE:BANKINDIA-EQ,345.35,362.85,345.0,359.6,1767225,FYERS_HISTORY,2026-08-08T23:02:57+05:30
2013-01-02,SMD-0032,BANKINDIA,NSE:BANKINDIA-EQ,361.0,366.85,357.3,360.3,1487567,FYERS_HISTORY,2026-08-08T23:02:57+05:30
2013-01-03,SMD-0032,BANKINDIA,NSE:BANKINDIA-EQ,362.4,365.0,356.4,362.1,1041090,FYERS_HISTORY,2026-08-08T23:02:57+05:30
2013-01-04,SMD-0032,BANKINDIA,NSE:BANKINDIA-EQ,362.8,365.6,358.6,364.6,576517,FYERS_HISTORY,2026-08-08T23:02:57+05:30
2013-01-07,SMD-0032,BANKINDIA,NSE:BANKINDIA-EQ,364.95,369.45,361.8,364.3,940291,FYERS_HISTORY,2026-08-08T23:02:57+05:30
2013-01-08,SMD-0032,BANKINDIA,NSE:BANKINDIA-EQ,363.15,367.4,360.0,365.05,888912,FYERS_HISTORY,2026-08-08T23:02:57+05:30
2013-01-09,SMD-0032,BANKINDIA,NSE:BANKINDIA-EQ,367.55,372.0,366.6,368.8,966461,FYERS_HISTORY,2026-08-08T23:02:57+05:30
2013-01-10,SMD-0032,BANKINDIA,NSE:BANKINDIA-EQ,370.05,371.0,360.15,365.8,819629,FYERS_HISTORY,2026-08-08T23:02:57+05:30
2013-01-11,SMD-0032,BANKINDIA,NSE:BANKINDIA-EQ,365.5,369.5,361.05,363.9,607538,FYERS_HISTORY,2026-08-08T23:02:57+05:30
2013-01-14,SMD-0032,BANKINDIA,NSE:BANKINDIA-EQ,364.5,382.95,357.05,381.05,1226180,FYERS_HISTORY,2026-08-08T23:02:57+05:30
2013-01-15,SMD-0032,BANKINDIA,NSE:BANKINDIA-EQ,382.0,388.75,376.6,384.85,1287885,FYERS_HISTORY,2026-08-08T23:02:57+05:30
2013-01-16,SMD-0032,BANKINDIA,NSE:BANKINDIA-EQ,383.95,385.25,378.0,379.45,1543443,FYERS_HISTORY,2026-08-08T23:02:57+05:30
2013-01-17,SMD-0032,BANKINDIA,NSE:BANKINDIA-EQ,379.95,386.0,377.25,381.85,1093763,FYERS_HISTORY,2026-08-08T23:02:57+05:30
2013-01-18,SMD-0032,BANKINDIA,NSE:BANKINDIA-EQ,382.35,393.0,381.9,385.5,1017334,FYERS_HISTORY,2026-08-08T23:02:57+05:30
2013-01-21,SMD-0032,BANKINDIA,NSE:BANKINDIA-EQ,387.05,390.25,377.3,381.15,604029,FYERS_HISTORY,2026-08-08T23:02:57+05:30
2013-01-22,SMD-0032,BANKINDIA,NSE:BANKINDIA-EQ,379.05,384.75,370.75,372.55,726746,FYERS_HISTORY,2026-08-08T23:02:57+05:30
2013-01-23,SMD-0032,BANKINDIA,NSE:BANKINDIA-EQ,381.05,381.05,351.15,359.2,1589013,FYERS_HISTORY,2026-08-08T23:02:57+05:30
2013-01-24,SMD-0032,BANKINDIA,NSE:BANKINDIA-EQ,358.95,361.0,342.1,348.0,1372867,FYERS_HISTORY,2026-08-08T23:02:57+05:30
2013-01-25,SMD-0032,BANKINDIA,NSE:BANKINDIA-EQ,346.0,364.9,341.75,363.75,2089981,FYERS_HISTORY,2026-08-08T23:02:57+05:30
2013-01-28,SMD-0032,BANKINDIA,NSE:BANKINDIA-EQ,364.0,377.8,353.45,355.25,4747930,FYERS_HISTORY,2026-08-08T23:02:57+05:30
2013-01-29,SMD-0032,BANKINDIA,NSE:BANKINDIA-EQ,356.0,361.3,339.1,340.95,3241687,FYERS_HISTORY,2026-08-08T23:02:57+05:30
2013-01-30,SMD-0032,BANKINDIA,NSE:BANKINDIA-EQ,342.0,344.9,332.4,334.0,1560927,FYERS_HISTORY,2026-08-08T23:02:57+05:30
2013-01-31,SMD-0032,BANKINDIA,NSE:BANKINDIA-EQ,334.5,354.9,333.4,353.0,2793880,FYERS_HISTORY,2026-08-08T23:02:57+05:30
2013-02-01,SMD-0032,BANKINDIA,NSE:BANKINDIA-EQ,354.0,358.5,349.0,353.75,2241574,FYERS_HISTORY,2026-08-08T23:02:57+05:30
2013-02-04,SMD-0032,BANKINDIA,NSE:BANKINDIA-EQ,358.05,358.05,337.7,340.65,1002986,FYERS_HISTORY,2026-08-08T23:02:57+05:30
2013-02-05,SMD-0032,BANKINDIA,NSE:BANKINDIA-EQ,340.7,346.0,314.0,341.75,1312955,FYERS_HISTORY,2026-08-08T23:02:57+05:30
2013-02-06,SMD-0032,BANKINDIA,NSE:BANKINDIA-EQ,344.45,352.2,344.25,349.05,1168663,FYERS_HISTORY,2026-08-08T23:02:57+05:30
2013-02-07,SMD-0032,BANKINDIA,NSE:BANKINDIA-EQ,348.15,350.0,340.4,343.7,582914,FYERS_HISTORY,2026-08-08T23:02:57+05:30
2013-02-08,SMD-0032,BANKINDIA,NSE:BANKINDIA-EQ,341.25,347.5,340.15,341.8,531544,FYERS_HISTORY,2026-08-08T23:02:57+05:30
2013-02-11,SMD-0032,BANKINDIA,NSE:BANKINDIA-EQ,345.3,350.5,341.1,346.9,803213,FYERS_HISTORY,2026-08-08T23:02:57+05:30
2013-02-12,SMD-0032,BANKINDIA,NSE:BANKINDIA-EQ,347.7,352.0,335.8,341.05,1357441,FYERS_HISTORY,2026-08-08T23:02:57+05:30
2013-02-13,SMD-0032,BANKINDIA,NSE:BANKINDIA-EQ,338.0,344.9,335.0,336.9,720490,FYERS_HISTORY,2026-08-08T23:02:57+05:30
2013-02-14,SMD-0032,BANKINDIA,NSE:BANKINDIA-EQ,336.0,343.3,333.0,337.95,623500,FYERS_HISTORY,2026-08-08T23:02:57+05:30
2013-02-15,SMD-0032,BANKINDIA,NSE:BANKINDIA-EQ,338.6,340.85,333.6,339.4,515947,FYERS_HISTORY,2026-08-08T23:02:57+05:30
2013-02-18,SMD-0032,BANKINDIA,NSE:BANKINDIA-EQ,340.15,347.0,339.8,343.6,530838,FYERS_HISTORY,2026-08-08T23:02:57+05:30
2013-02-19,SMD-0032,BANKINDIA,NSE:BANKINDIA-EQ,329.65,350.0,329.65,349.2,396187,FYERS_HISTORY,2026-08-08T23:02:57+05:30
2013-02-20,SMD-0032,BANKINDIA,NSE:BANKINDIA-EQ,351.05,353.4,341.8,344.55,769823,FYERS_HISTORY,2026-08-08T23:02:57+05:30
2013-02-21,SMD-0032,BANKINDIA,NSE:BANKINDIA-EQ,342.75,347.5,337.15,340.1,631823,FYERS_HISTORY,2026-08-08T23:02:57+05:30
2013-02-22,SMD-0032,BANKINDIA,NSE:BANKINDIA-EQ,338.9,345.8,337.0,343.45,413899,FYERS_HISTORY,2026-08-08T23:02:57+05:30
2013-02-25,SMD-0032,BANKINDIA,NSE:BANKINDIA-EQ,344.95,346.5,334.2,338.8,387616,FYERS_HISTORY,2026-08-08T23:02:57+05:30
2013-02-26,SMD-0032,BANKINDIA,NSE:BANKINDIA-EQ,339.0,339.0,326.5,327.9,427845,FYERS_HISTORY,2026-08-08T23:02:57+05:30
2013-02-27,SMD-0032,BANKINDIA,NSE:BANKINDIA-EQ,327.85,339.8,326.05,337.35,921885,FYERS_HISTORY,2026-08-08T23:02:57+05:30
2013-02-28,SMD-0032,BANKINDIA,NSE:BANKINDIA-EQ,342.0,344.45,312.1,318.0,1460999,FYERS_HISTORY,2026-08-08T23:02:57+05:30
2013-03-01,SMD-0032,BANKINDIA,NSE:BANKINDIA-EQ,319.05,323.75,313.1,317.9,693319,FYERS_HISTORY,2026-08-08T23:02:57+05:30
2013-03-04,SMD-0032,BANKINDIA,NSE:BANKINDIA-EQ,318.0,323.95,306.8,309.2,1112724,FYERS_HISTORY,2026-08-08T23:02:57+05:30
2013-03-05,SMD-0032,BANKINDIA,NSE:BANKINDIA-EQ,310.3,319.8,310.3,315.2,950086,FYERS_HISTORY,2026-08-08T23:02:57+05:30
2013-03-06,SMD-0032,BANKINDIA,NSE:BANKINDIA-EQ,318.55,322.9,313.75,314.65,864562,FYERS_HISTORY,2026-08-08T23:02:57+05:30
2013-03-07,SMD-0032,BANKINDIA,NSE:BANKINDIA-EQ,326.7,326.7,312.0,314.0,1475428,FYERS_HISTORY,2026-08-08T23:02:57+05:30
2013-03-08,SMD-0032,BANKINDIA,NSE:BANKINDIA-EQ,315.05,321.55,315.0,319.4,1054947,FYERS_HISTORY,2026-08-08T23:02:57+05:30
2013-03-11,SMD-0032,BANKINDIA,NSE:BANKINDIA-EQ,322.5,325.65,318.1,323.2,678621,FYERS_HISTORY,2026-08-08T23:02:57+05:30
2013-03-12,SMD-0032,BANKINDIA,NSE:BANKINDIA-EQ,324.0,328.4,318.0,322.2,917155,FYERS_HISTORY,2026-08-08T23:02:57+05:30
2013-03-13,SMD-0032,BANKINDIA,NSE:BANKINDIA-EQ,322.2,322.2,311.55,313.15,643387,FYERS_HISTORY,2026-08-08T23:02:57+05:30
2013-03-14,SMD-0032,BANKINDIA,NSE:BANKINDIA-EQ,311.5,322.0,307.85,321.05,888409,FYERS_HISTORY,2026-08-08T23:02:57+05:30
2013-03-15,SMD-0032,BANKINDIA,NSE:BANKINDIA-EQ,323.35,329.9,321.3,322.95,1144170,FYERS_HISTORY,2026-08-08T23:02:57+05:30
2013-03-18,SMD-0032,BANKINDIA,NSE:BANKINDIA-EQ,319.8,330.6,315.2,326.7,822816,FYERS_HISTORY,2026-08-08T23:02:57+05:30
2013-03-19,SMD-0032,BANKINDIA,NSE:BANKINDIA-EQ,329.95,330.7,311.5,312.7,1128177,FYERS_HISTORY,2026-08-08T23:02:57+05:30
2013-03-20,SMD-0032,BANKINDIA,NSE:BANKINDIA-EQ,312.55,315.0,297.5,299.0,1395776,FYERS_HISTORY,2026-08-08T23:02:57+05:30
2013-03-21,SMD-0032,BANKINDIA,NSE:BANKINDIA-EQ,303.75,304.3,281.9,285.0,1415226,FYERS_HISTORY,2026-08-08T23:02:57+05:30
2013-03-22,SMD-0032,BANKINDIA,NSE:BANKINDIA-EQ,286.2,296.5,285.0,292.85,769102,FYERS_HISTORY,2026-08-08T23:02:57+05:30
2013-03-25,SMD-0032,BANKINDIA,NSE:BANKINDIA-EQ,298.15,303.95,286.1,288.75,870492,FYERS_HISTORY,2026-08-08T23:02:57+05:30
2013-03-26,SMD-0032,BANKINDIA,NSE:BANKINDIA-EQ,289.95,292.95,286.5,290.3,727050,FYERS_HISTORY,2026-08-08T23:02:57+05:30
2013-03-28,SMD-0032,BANKINDIA,NSE:BANKINDIA-EQ,292.0,304.8,286.3,302.85,1143894,FYERS_HISTORY,2026-08-08T23:02:57+05:30
2013-04-01,SMD-0032,BANKINDIA,NSE:BANKINDIA-EQ,305.9,309.9,300.9,308.75,567220,FYERS_HISTORY,2026-08-08T23:02:57+05:30
2013-04-02,SMD-0032,BANKINDIA,NSE:BANKINDIA-EQ,306.0,322.0,306.0,318.9,799192,FYERS_HISTORY,2026-08-08T23:02:57+05:30
2013-04-03,SMD-0032,BANKINDIA,NSE:BANKINDIA-EQ,316.5,318.2,305.15,306.55,693348,FYERS_HISTORY,2026-08-08T23:02:57+05:30
2013-04-04,SMD-0032,BANKINDIA,NSE:BANKINDIA-EQ,303.0,311.5,300.0,305.85,828958,FYERS_HISTORY,2026-08-08T23:02:57+05:30
2013-04-05,SMD-0032,BANKINDIA,NSE:BANKINDIA-EQ,306.0,312.9,305.0,307.15,685224,FYERS_HISTORY,2026-08-08T23:02:57+05:30
2013-04-08,SMD-0032,BANKINDIA,NSE:BANKINDIA-EQ,308.1,312.1,298.55,300.05,520809,FYERS_HISTORY,2026-08-08T23:02:57+05:30
2013-04-09,SMD-0032,BANKINDIA,NSE:BANKINDIA-EQ,302.0,305.85,294.3,295.65,694805,FYERS_HISTORY,2026-08-08T23:02:57+05:30
2013-04-10,SMD-0032,BANKINDIA,NSE:BANKINDIA-EQ,297.0,302.45,292.0,300.35,595385,FYERS_HISTORY,2026-08-08T23:02:57+05:30
2013-04-11,SMD-0032,BANKINDIA,NSE:BANKINDIA-EQ,303.7,306.1,292.15,296.5,815001,FYERS_HISTORY,2026-08-08T23:02:57+05:30
2013-04-12,SMD-0032,BANKINDIA,NSE:BANKINDIA-EQ,294.0,306.65,292.3,302.75,684629,FYERS_HISTORY,2026-08-08T23:02:57+05:30
2013-04-15,SMD-0032,BANKINDIA,NSE:BANKINDIA-EQ,299.8,315.75,299.7,313.85,878779,FYERS_HISTORY,2026-08-08T23:02:57+05:30
2013-04-16,SMD-0032,BANKINDIA,NSE:BANKINDIA-EQ,312.4,322.4,312.4,319.5,591214,FYERS_HISTORY,2026-08-08T23:02:57+05:30
2013-04-17,SMD-0032,BANKINDIA,NSE:BANKINDIA-EQ,324.0,327.7,311.4,316.1,1190441,FYERS_HISTORY,2026-08-08T23:02:57+05:30
2013-04-18,SMD-0032,BANKINDIA,NSE:BANKINDIA-EQ,316.9,338.8,313.1,330.35,1172526,FYERS_HISTORY,2026-08-08T23:02:57+05:30
2013-04-22,SMD-0032,BANKINDIA,NSE:BANKINDIA-EQ,331.5,344.95,331.5,342.15,980052,FYERS_HISTORY,2026-08-08T23:02:57+05:30
2013-04-23,SMD-0032,BANKINDIA,NSE:BANKINDIA-EQ,343.55,345.8,329.5,335.25,621015,FYERS_HISTORY,2026-08-08T23:02:57+05:30
2013-04-25,SMD-0032,BANKINDIA,NSE:BANKINDIA-EQ,336.2,342.0,334.1,337.35,754890,FYERS_HISTORY,2026-08-08T23:02:57+05:30
2013-04-26,SMD-0032,BANKINDIA,NSE:BANKINDIA-EQ,336.0,336.85,325.0,325.85,554739,FYERS_HISTORY,2026-08-08T23:02:57+05:30
2013-04-29,SMD-0032,BANKINDIA,NSE:BANKINDIA-EQ,327.0,331.6,323.4,327.65,832740,FYERS_HISTORY,2026-08-08T23:02:57+05:30
2013-04-30,SMD-0032,BANKINDIA,NSE:BANKINDIA-EQ,329.95,332.9,320.0,328.0,674838,FYERS_HISTORY,2026-08-08T23:02:57+05:30
2013-05-02,SMD-0032,BANKINDIA,NSE:BANKINDIA-EQ,328.5,337.6,326.45,334.35,577398,FYERS_HISTORY,2026-08-08T23:02:57+05:30
2013-05-03,SMD-0032,BANKINDIA,NSE:BANKINDIA-EQ,334.0,334.0,324.0,327.6,1014711,FYERS_HISTORY,2026-08-08T23:02:57+05:30
2013-05-06,SMD-0032,BANKINDIA,NSE:BANKINDIA-EQ,326.0,332.0,321.65,330.75,718116,FYERS_HISTORY,2026-08-08T23:02:57+05:30
2013-05-07,SMD-0032,BANKINDIA,NSE:BANKINDIA-EQ,331.0,335.0,328.5,332.35,505168,FYERS_HISTORY,2026-08-08T23:02:57+05:30
2013-05-08,SMD-0032,BANKINDIA,NSE:BANKINDIA-EQ,329.25,333.4,323.25,325.7,814841,FYERS_HISTORY,2026-08-08T23:02:57+05:30
2013-05-09,SMD-0032,BANKINDIA,NSE:BANKINDIA-EQ,326.4,336.4,324.5,333.15,855656,FYERS_HISTORY,2026-08-08T23:02:57+05:30
2013-05-10,SMD-0032,BANKINDIA,NSE:BANKINDIA-EQ,333.95,339.8,330.1,337.2,785997,FYERS_HISTORY,2026-08-08T23:02:57+05:30
2013-05-11,SMD-0032,BANKINDIA,NSE:BANKINDIA-EQ,336.8,341.0,334.2,339.35,150428,FYERS_HISTORY,2026-08-08T23:02:57+05:30
2013-05-13,SMD-0032,BANKINDIA,NSE:BANKINDIA-EQ,339.2,340.4,322.6,324.25,3117519,FYERS_HISTORY,2026-08-08T23:02:57+05:30
2013-05-14,SMD-0032,BANKINDIA,NSE:BANKINDIA-EQ,322.0,326.0,319.35,321.35,994900,FYERS_HISTORY,2026-08-08T23:02:57+05:30
2013-05-15,SMD-0032,BANKINDIA,NSE:BANKINDIA-EQ,323.25,333.0,323.25,328.45,1677273,FYERS_HISTORY,2026-08-08T23:02:57+05:30
2013-05-16,SMD-0032,BANKINDIA,NSE:BANKINDIA-EQ,329.8,333.9,319.3,321.7,1225719,FYERS_HISTORY,2026-08-08T23:02:57+05:30
2013-05-17,SMD-0032,BANKINDIA,NSE:BANKINDIA-EQ,322.6,327.2,320.6,324.75,1035789,FYERS_HISTORY,2026-08-08T23:02:57+05:30
2013-05-20,SMD-0032,BANKINDIA,NSE:BANKINDIA-EQ,327.0,330.0,320.0,321.6,833855,FYERS_HISTORY,2026-08-08T23:02:57+05:30
2013-05-21,SMD-0032,BANKINDIA,NSE:BANKINDIA-EQ,322.0,327.95,317.2,324.85,979167,FYERS_HISTORY,2026-08-08T23:02:57+05:30
2013-05-22,SMD-0032,BANKINDIA,NSE:BANKINDIA-EQ,325.15,327.7,314.5,316.4,765190,FYERS_HISTORY,2026-08-08T23:02:57+05:30
2013-05-23,SMD-0032,BANKINDIA,NSE:BANKINDIA-EQ,314.85,314.85,302.6,307.55,789066,FYERS_HISTORY,2026-08-08T23:02:57+05:30
2013-05-24,SMD-0032,BANKINDIA,NSE:BANKINDIA-EQ,304.0,309.0,296.85,299.3,1091602,FYERS_HISTORY,2026-08-08T23:02:57+05:30
2013-05-27,SMD-0032,BANKINDIA,NSE:BANKINDIA-EQ,297.4,300.9,291.65,298.2,1015677,FYERS_HISTORY,2026-08-08T23:02:57+05:30
2013-05-28,SMD-0032,BANKINDIA,NSE:BANKINDIA-EQ,299.0,304.95,297.95,301.1,959589,FYERS_HISTORY,2026-08-08T23:02:57+05:30
2013-05-29,SMD-0032,BANKINDIA,NSE:BANKINDIA-EQ,301.1,301.7,293.25,296.15,652500,FYERS_HISTORY,2026-08-08T23:02:57+05:30
2013-05-30,SMD-0032,BANKINDIA,NSE:BANKINDIA-EQ,293.25,300.95,293.25,297.15,1767845,FYERS_HISTORY,2026-08-08T23:02:57+05:30
2013-05-31,SMD-0032,BANKINDIA,NSE:BANKINDIA-EQ,294.5,298.7,285.0,287.75,1698629,FYERS_HISTORY,2026-08-08T23:02:57+05:30
2013-06-03,SMD-0032,BANKINDIA,NSE:BANKINDIA-EQ,288.5,294.2,285.05,290.5,935754,FYERS_HISTORY,2026-08-08T23:02:57+05:30
2013-06-04,SMD-0032,BANKINDIA,NSE:BANKINDIA-EQ,289.9,295.0,287.2,289.65,351426,FYERS_HISTORY,2026-08-08T23:02:57+05:30
2013-06-05,SMD-0032,BANKINDIA,NSE:BANKINDIA-EQ,288.55,291.8,287.0,290.1,566218,FYERS_HISTORY,2026-08-08T23:02:57+05:30
2013-06-06,SMD-0032,BANKINDIA,NSE:BANKINDIA-EQ,287.0,296.65,287.0,293.7,733033,FYERS_HISTORY,2026-08-08T23:02:57+05:30
2013-06-07,SMD-0032,BANKINDIA,NSE:BANKINDIA-EQ,294.0,298.0,289.5,290.4,609675,FYERS_HISTORY,2026-08-08T23:02:57+05:30
2013-06-10,SMD-0032,BANKINDIA,NSE:BANKINDIA-EQ,293.0,294.0,284.0,286.85,403321,FYERS_HISTORY,2026-08-08T23:02:57+05:30
2013-06-11,SMD-0032,BANKINDIA,NSE:BANKINDIA-EQ,283.6,290.65,282.35,285.4,622129,FYERS_HISTORY,2026-08-08T23:02:57+05:30
2013-06-12,SMD-0032,BANKINDIA,NSE:BANKINDIA-EQ,283.1,289.9,280.0,285.65,666971,FYERS_HISTORY,2026-08-08T23:02:57+05:30
2013-06-13,SMD-0032,BANKINDIA,NSE:BANKINDIA-EQ,283.0,286.8,279.3,280.1,695334,FYERS_HISTORY,2026-08-08T23:02:57+05:30
2013-06-14,SMD-0032,BANKINDIA,NSE:BANKINDIA-EQ,283.5,286.3,282.55,283.65,790603,FYERS_HISTORY,2026-08-08T23:02:57+05:30
2013-06-17,SMD-0032,BANKINDIA,NSE:BANKINDIA-EQ,284.4,285.2,276.95,281.25,792280,FYERS_HISTORY,2026-08-08T23:02:57+05:30
2013-06-18,SMD-0032,BANKINDIA,NSE:BANKINDIA-EQ,279.9,284.8,278.7,279.65,567414,FYERS_HISTORY,2026-08-08T23:02:57+05:30
2013-06-19,SMD-0032,BANKINDIA,NSE:BANKINDIA-EQ,277.3,282.5,277.3,280.1,619367,FYERS_HISTORY,2026-08-08T23:02:57+05:30
2013-06-20,SMD-0032,BANKINDIA,NSE:BANKINDIA-EQ,268.5,268.5,258.6,260.35,1013512,FYERS_HISTORY,2026-08-08T23:02:57+05:30
2013-06-21,SMD-0032,BANKINDIA,NSE:BANKINDIA-EQ,260.0,260.25,238.2,243.8,1276552,FYERS_HISTORY,2026-08-08T23:02:57+05:30
2013-06-24,SMD-0032,BANKINDIA,NSE:BANKINDIA-EQ,243.0,243.0,227.6,228.95,1512988,FYERS_HISTORY,2026-08-08T23:02:57+05:30
2013-06-25,SMD-0032,BANKINDIA,NSE:BANKINDIA-EQ,230.0,231.05,220.2,222.55,1405006,FYERS_HISTORY,2026-08-08T23:02:57+05:30
2013-06-26,SMD-0032,BANKINDIA,NSE:BANKINDIA-EQ,223.75,228.3,221.3,222.2,1098991,FYERS_HISTORY,2026-08-08T23:02:57+05:30
2013-06-27,SMD-0032,BANKINDIA,NSE:BANKINDIA-EQ,227.8,228.0,219.0,221.1,1131007,FYERS_HISTORY,2026-08-08T23:02:57+05:30
2013-06-28,SMD-0032,BANKINDIA,NSE:BANKINDIA-EQ,228.1,233.45,224.25,232.4,1228818,FYERS_HISTORY,2026-08-08T23:02:57+05:30
2013-07-01,SMD-0032,BANKINDIA,NSE:BANKINDIA-EQ,232.9,243.25,232.4,242.05,1003453,FYERS_HISTORY,2026-08-08T23:02:57+05:30
2013-07-02,SMD-0032,BANKINDIA,NSE:BANKINDIA-EQ,240.1,241.9,234.0,234.9,1064624,FYERS_HISTORY,2026-08-08T23:02:57+05:30
2013-07-03,SMD-0032,BANKINDIA,NSE:BANKINDIA-EQ,232.8,232.8,218.25,220.2,1333005,FYERS_HISTORY,2026-08-08T23:02:57+05:30
2013-07-04,SMD-0032,BANKINDIA,NSE:BANKINDIA-EQ,220.6,226.5,215.1,224.6,1519588,FYERS_HISTORY,2026-08-08T23:02:57+05:30
2013-07-05,SMD-0032,BANKINDIA,NSE:BANKINDIA-EQ,228.0,229.9,221.7,225.3,876360,FYERS_HISTORY,2026-08-08T23:02:57+05:30
2013-07-08,SMD-0032,BANKINDIA,NSE:BANKINDIA-EQ,223.75,227.0,216.5,225.65,901954,FYERS_HISTORY,2026-08-08T23:02:57+05:30
2013-07-09,SMD-0032,BANKINDIA,NSE:BANKINDIA-EQ,227.55,231.9,226.0,230.55,746671,FYERS_HISTORY,2026-08-08T23:02:57+05:30
2013-07-10,SMD-0032,BANKINDIA,NSE:BANKINDIA-EQ,233.9,233.9,225.0,226.7,831632,FYERS_HISTORY,2026-08-08T23:02:57+05:30
2013-07-11,SMD-0032,BANKINDIA,NSE:BANKINDIA-EQ,230.0,233.1,228.9,231.05,977147,FYERS_HISTORY,2026-08-08T23:02:57+05:30
2013-07-12,SMD-0032,BANKINDIA,NSE:BANKINDIA-EQ,233.0,234.0,225.0,227.85,1054014,FYERS_HISTORY,2026-08-08T23:02:57+05:30
2013-07-15,SMD-0032,BANKINDIA,NSE:BANKINDIA-EQ,226.2,232.4,224.6,231.25,970251,FYERS_HISTORY,2026-08-08T23:02:57+05:30
2013-07-16,SMD-0032,BANKINDIA,NSE:BANKINDIA-EQ,225.15,225.15,218.7,220.9,998511,FYERS_HISTORY,2026-08-08T23:02:57+05:30
2013-07-17,SMD-0032,BANKINDIA,NSE:BANKINDIA-EQ,222.0,223.5,211.45,213.9,1051696,FYERS_HISTORY,2026-08-08T23:02:57+05:30
2013-07-18,SMD-0032,BANKINDIA,NSE:BANKINDIA-EQ,214.1,219.85,209.5,218.3,1356154,FYERS_HISTORY,2026-08-08T23:02:57+05:30
2013-07-19,SMD-0032,BANKINDIA,NSE:BANKINDIA-EQ,219.0,219.6,210.3,211.5,1102393,FYERS_HISTORY,2026-08-08T23:02:57+05:30
2013-07-22,SMD-0032,BANKINDIA,NSE:BANKINDIA-EQ,210.1,213.8,208.25,211.15,1414173,FYERS_HISTORY,2026-08-08T23:02:57+05:30
2013-07-23,SMD-0032,BANKINDIA,NSE:BANKINDIA-EQ,213.8,217.55,213.55,215.2,883534,FYERS_HISTORY,2026-08-08T23:02:57+05:30
2013-07-24,SMD-0032,BANKINDIA,NSE:BANKINDIA-EQ,211.4,211.4,195.3,196.6,2007116,FYERS_HISTORY,2026-08-08T23:02:57+05:30
2013-07-25,SMD-0032,BANKINDIA,NSE:BANKINDIA-EQ,194.65,196.6,190.3,191.6,1872919,FYERS_HISTORY,2026-08-08T23:02:57+05:30
2013-07-26,SMD-0032,BANKINDIA,NSE:BANKINDIA-EQ,192.05,194.0,178.45,183.0,7022666,FYERS_HISTORY,2026-08-08T23:02:57+05:30
2013-07-29,SMD-0032,BANKINDIA,NSE:BANKINDIA-EQ,182.55,186.6,179.1,180.1,1679538,FYERS_HISTORY,2026-08-08T23:02:57+05:30
2013-07-30,SMD-0032,BANKINDIA,NSE:BANKINDIA-EQ,180.1,183.65,173.05,174.15,1796938,FYERS_HISTORY,2026-08-08T23:02:57+05:30
2013-07-31,SMD-0032,BANKINDIA,NSE:BANKINDIA-EQ,174.15,187.0,166.0,184.7,2359209,FYERS_HISTORY,2026-08-08T23:02:57+05:30
2013-08-01,SMD-0032,BANKINDIA,NSE:BANKINDIA-EQ,186.5,190.4,171.5,179.15,2562019,FYERS_HISTORY,2026-08-08T23:02:57+05:30
2013-08-02,SMD-0032,BANKINDIA,NSE:BANKINDIA-EQ,181.0,182.5,167.5,169.65,1519130,FYERS_HISTORY,2026-08-08T23:02:57+05:30
2013-08-05,SMD-0032,BANKINDIA,NSE:BANKINDIA-EQ,170.0,176.9,165.1,175.65,1171717,FYERS_HISTORY,2026-08-08T23:02:57+05:30
2013-08-06,SMD-0032,BANKINDIA,NSE:BANKINDIA-EQ,174.0,174.0,164.4,165.85,1382308,FYERS_HISTORY,2026-08-08T23:02:57+05:30
2013-08-07,SMD-0032,BANKINDIA,NSE:BANKINDIA-EQ,165.8,175.5,164.8,172.2,1317753,FYERS_HISTORY,2026-08-08T23:02:57+05:30
2013-08-08,SMD-0032,BANKINDIA,NSE:BANKINDIA-EQ,174.75,174.75,166.4,169.25,1671222,FYERS_HISTORY,2026-08-08T23:02:57+05:30
2013-08-12,SMD-0032,BANKINDIA,NSE:BANKINDIA-EQ,170.45,179.0,165.1,176.55,1727914,FYERS_HISTORY,2026-08-08T23:02:57+05:30
2013-08-13,SMD-0032,BANKINDIA,NSE:BANKINDIA-EQ,176.0,180.45,172.9,179.5,1449093,FYERS_HISTORY,2026-08-08T23:02:57+05:30
2013-08-14,SMD-0032,BANKINDIA,NSE:BANKINDIA-EQ,179.55,184.45,177.0,180.2,1466328,FYERS_HISTORY,2026-08-08T23:02:57+05:30
2013-08-16,SMD-0032,BANKINDIA,NSE:BANKINDIA-EQ,178.0,179.0,161.8,162.65,1760089,FYERS_HISTORY,2026-08-08T23:02:57+05:30
2013-08-19,SMD-0032,BANKINDIA,NSE:BANKINDIA-EQ,161.0,161.0,152.1,153.8,1895122,FYERS_HISTORY,2026-08-08T23:02:57+05:30
2013-08-20,SMD-0032,BANKINDIA,NSE:BANKINDIA-EQ,148.1,154.4,145.55,151.4,2798331,FYERS_HISTORY,2026-08-08T23:02:57+05:30
2013-08-21,SMD-0032,BANKINDIA,NSE:BANKINDIA-EQ,160.0,164.35,142.8,145.25,3526910,FYERS_HISTORY,2026-08-08T23:02:57+05:30
2013-08-22,SMD-0032,BANKINDIA,NSE:BANKINDIA-EQ,143.0,149.75,140.8,146.95,2851261,FYERS_HISTORY,2026-08-08T23:02:57+05:30
2013-08-23,SMD-0032,BANKINDIA,NSE:BANKINDIA-EQ,148.15,150.6,143.65,147.5,2750880,FYERS_HISTORY,2026-08-08T23:02:57+05:30
2013-08-26,SMD-0032,BANKINDIA,NSE:BANKINDIA-EQ,148.9,150.2,144.75,146.85,1901433,FYERS_HISTORY,2026-08-08T23:02:57+05:30
2013-08-27,SMD-0032,BANKINDIA,NSE:BANKINDIA-EQ,144.75,145.0,135.7,137.3,2242398,FYERS_HISTORY,2026-08-08T23:02:57+05:30
2013-08-28,SMD-0032,BANKINDIA,NSE:BANKINDIA-EQ,134.95,134.95,126.5,131.05,2457553,FYERS_HISTORY,2026-08-08T23:02:57+05:30
2013-08-29,SMD-0032,BANKINDIA,NSE:BANKINDIA-EQ,132.4,134.8,128.1,133.05,2725662,FYERS_HISTORY,2026-08-08T23:02:57+05:30
2013-08-30,SMD-0032,BANKINDIA,NSE:BANKINDIA-EQ,132.5,143.85,131.7,142.3,3614314,FYERS_HISTORY,2026-08-08T23:02:57+05:30
2013-09-02,SMD-0032,BANKINDIA,NSE:BANKINDIA-EQ,144.0,147.0,143.1,144.5,1202223,FYERS_HISTORY,2026-08-08T23:02:57+05:30
2013-09-03,SMD-0032,BANKINDIA,NSE:BANKINDIA-EQ,145.9,145.9,133.6,134.65,1738935,FYERS_HISTORY,2026-08-08T23:02:57+05:30
2013-09-04,SMD-0032,BANKINDIA,NSE:BANKINDIA-EQ,134.45,139.0,132.0,136.6,1534446,FYERS_HISTORY,2026-08-08T23:02:57+05:30
2013-09-05,SMD-0032,BANKINDIA,NSE:BANKINDIA-EQ,140.5,146.55,140.5,145.3,2697639,FYERS_HISTORY,2026-08-08T23:02:57+05:30
2013-09-06,SMD-0032,BANKINDIA,NSE:BANKINDIA-EQ,148.4,148.5,144.0,145.25,2201764,FYERS_HISTORY,2026-08-08T23:02:57+05:30
2013-09-10,SMD-0032,BANKINDIA,NSE:BANKINDIA-EQ,149.0,153.9,148.0,151.55,2753692,FYERS_HISTORY,2026-08-08T23:02:57+05:30
2013-09-11,SMD-0032,BANKINDIA,NSE:BANKINDIA-EQ,151.9,168.65,148.0,167.35,4882284,FYERS_HISTORY,2026-08-08T23:02:57+05:30
2013-09-12,SMD-0032,BANKINDIA,NSE:BANKINDIA-EQ,168.9,172.0,163.25,165.75,3186268,FYERS_HISTORY,2026-08-08T23:02:57+05:30
2013-09-13,SMD-0032,BANKINDIA,NSE:BANKINDIA-EQ,164.5,172.8,163.35,170.4,2589441,FYERS_HISTORY,2026-08-08T23:02:57+05:30
2013-09-16,SMD-0032,BANKINDIA,NSE:BANKINDIA-EQ,176.8,178.5,167.15,172.45,2172210,FYERS_HISTORY,2026-08-08T23:02:57+05:30
2013-09-17,SMD-0032,BANKINDIA,NSE:BANKINDIA-EQ,172.1,173.4,168.0,171.95,2063128,FYERS_HISTORY,2026-08-08T23:02:57+05:30
2013-09-18,SMD-0032,BANKINDIA,NSE:BANKINDIA-EQ,172.8,178.0,171.5,176.9,1461823,FYERS_HISTORY,2026-08-08T23:02:57+05:30
2013-09-19,SMD-0032,BANKINDIA,NSE:BANKINDIA-EQ,184.0,193.95,183.05,191.9,2976661,FYERS_HISTORY,2026-08-08T23:02:57+05:30
2013-09-20,SMD-0032,BANKINDIA,NSE:BANKINDIA-EQ,193.4,193.9,163.5,184.3,4272208,FYERS_HISTORY,2026-08-08T23:02:57+05:30
2013-09-23,SMD-0032,BANKINDIA,NSE:BANKINDIA-EQ,180.55,180.95,170.1,171.1,2373009,FYERS_HISTORY,2026-08-08T23:02:57+05:30
2013-09-24,SMD-0032,BANKINDIA,NSE:BANKINDIA-EQ,165.6,169.9,162.25,163.35,3623026,FYERS_HISTORY,2026-08-08T23:02:57+05:30
2013-09-25,SMD-0032,BANKINDIA,NSE:BANKINDIA-EQ,163.0,165.65,158.7,163.7,2330014,FYERS_HISTORY,2026-08-08T23:02:57+05:30
2013-09-26,SMD-0032,BANKINDIA,NSE:BANKINDIA-EQ,164.85,168.4,163.85,164.8,1900756,FYERS_HISTORY,2026-08-08T23:02:57+05:30
2013-09-27,SMD-0032,BANKINDIA,NSE:BANKINDIA-EQ,166.0,168.9,162.2,163.25,1823767,FYERS_HISTORY,2026-08-08T23:02:57+05:30
2013-09-30,SMD-0032,BANKINDIA,NSE:BANKINDIA-EQ,163.35,163.35,156.35,157.95,1789189,FYERS_HISTORY,2026-08-08T23:02:57+05:30
2013-10-01,SMD-0032,BANKINDIA,NSE:BANKINDIA-EQ,158.3,167.9,156.55,166.3,1933695,FYERS_HISTORY,2026-08-08T23:02:57+05:30
2013-10-03,SMD-0032,BANKINDIA,NSE:BANKINDIA-EQ,167.1,175.0,167.1,174.3,2080377,FYERS_HISTORY,2026-08-08T23:02:57+05:30
2013-10-04,SMD-0032,BANKINDIA,NSE:BANKINDIA-EQ,172.9,175.75,170.65,174.5,1847723,FYERS_HISTORY,2026-08-08T23:02:57+05:30
2013-10-07,SMD-0032,BANKINDIA,NSE:BANKINDIA-EQ,174.0,177.4,170.5,176.3,1526751,FYERS_HISTORY,2026-08-08T23:02:57+05:30
2013-10-08,SMD-0032,BANKINDIA,NSE:BANKINDIA-EQ,181.0,183.0,174.7,177.05,1786949,FYERS_HISTORY,2026-08-08T23:02:57+05:30
2013-10-09,SMD-0032,BANKINDIA,NSE:BANKINDIA-EQ,173.5,185.0,172.0,184.15,1920146,FYERS_HISTORY,2026-08-08T23:02:57+05:30
2013-10-10,SMD-0032,BANKINDIA,NSE:BANKINDIA-EQ,183.95,188.3,183.1,186.05,1460617,FYERS_HISTORY,2026-08-08T23:02:57+05:30
2013-10-11,SMD-0032,BANKINDIA,NSE:BANKINDIA-EQ,188.2,189.9,182.45,185.3,2848663,FYERS_HISTORY,2026-08-08T23:02:57+05:30
2013-10-14,SMD-0032,BANKINDIA,NSE:BANKINDIA-EQ,184.85,188.5,183.65,186.6,2493352,FYERS_HISTORY,2026-08-08T23:02:57+05:30
2013-10-15,SMD-0032,BANKINDIA,NSE:BANKINDIA-EQ,188.9,188.9,172.2,174.4,2046589,FYERS_HISTORY,2026-08-08T23:02:57+05:30
2013-10-17,SMD-0032,BANKINDIA,NSE:BANKINDIA-EQ,174.0,174.9,167.0,168.2,2102664,FYERS_HISTORY,2026-08-08T23:02:57+05:30
2013-10-18,SMD-0032,BANKINDIA,NSE:BANKINDIA-EQ,169.5,173.25,169.1,172.45,1829370,FYERS_HISTORY,2026-08-08T23:02:57+05:30
2013-10-21,SMD-0032,BANKINDIA,NSE:BANKINDIA-EQ,173.75,177.0,172.85,175.25,1620920,FYERS_HISTORY,2026-08-08T23:02:57+05:30
2013-10-22,SMD-0032,BANKINDIA,NSE:BANKINDIA-EQ,174.0,177.9,172.95,176.85,2288893,FYERS_HISTORY,2026-08-08T23:02:57+05:30
2013-10-23,SMD-0032,BANKINDIA,NSE:BANKINDIA-EQ,177.9,186.8,177.5,186.05,3027956,FYERS_HISTORY,2026-08-08T23:02:57+05:30
2013-10-24,SMD-0032,BANKINDIA,NSE:BANKINDIA-EQ,186.7,192.0,184.65,186.15,2695777,FYERS_HISTORY,2026-08-08T23:02:57+05:30
2013-10-25,SMD-0032,BANKINDIA,NSE:BANKINDIA-EQ,186.4,186.4,180.4,181.8,1638618,FYERS_HISTORY,2026-08-08T23:02:57+05:30
2013-10-28,SMD-0032,BANKINDIA,NSE:BANKINDIA-EQ,175.3,184.55,174.5,176.65,1330420,FYERS_HISTORY,2026-08-08T23:02:57+05:30
2013-10-29,SMD-0032,BANKINDIA,NSE:BANKINDIA-EQ,174.95,181.7,171.55,179.9,4165055,FYERS_HISTORY,2026-08-08T23:02:57+05:30
2013-10-30,SMD-0032,BANKINDIA,NSE:BANKINDIA-EQ,180.55,182.55,171.75,172.8,2840299,FYERS_HISTORY,2026-08-08T23:02:57+05:30
2013-10-31,SMD-0032,BANKINDIA,NSE:BANKINDIA-EQ,173.75,214.2,173.15,209.9,23859773,FYERS_HISTORY,2026-08-08T23:02:57+05:30
2013-11-01,SMD-0032,BANKINDIA,NSE:BANKINDIA-EQ,213.0,230.8,209.3,221.45,20503934,FYERS_HISTORY,2026-08-08T23:02:57+05:30
2013-11-03,SMD-0032,BANKINDIA,NSE:BANKINDIA-EQ,224.0,226.4,222.55,223.85,1405407,FYERS_HISTORY,2026-08-08T23:02:57+05:30
2013-11-05,SMD-0032,BANKINDIA,NSE:BANKINDIA-EQ,223.8,241.75,222.35,238.05,12548668,FYERS_HISTORY,2026-08-08T23:02:57+05:30
2013-11-06,SMD-0032,BANKINDIA,NSE:BANKINDIA-EQ,237.95,239.75,229.3,230.7,6535033,FYERS_HISTORY,2026-08-08T23:02:57+05:30
2013-11-07,SMD-0032,BANKINDIA,NSE:BANKINDIA-EQ,230.0,234.9,219.55,220.75,6418681,FYERS_HISTORY,2026-08-08T23:02:57+05:30
2013-11-08,SMD-0032,BANKINDIA,NSE:BANKINDIA-EQ,217.05,224.75,215.0,219.9,5181948,FYERS_HISTORY,2026-08-08T23:02:57+05:30
2013-11-11,SMD-0032,BANKINDIA,NSE:BANKINDIA-EQ,220.5,226.7,211.55,216.05,5481785,FYERS_HISTORY,2026-08-08T23:02:57+05:30
2013-11-12,SMD-0032,BANKINDIA,NSE:BANKINDIA-EQ,216.0,221.35,211.0,212.3,4489289,FYERS_HISTORY,2026-08-08T23:02:57+05:30
2013-11-13,SMD-0032,BANKINDIA,NSE:BANKINDIA-EQ,209.1,221.35,209.1,212.05,5585427,FYERS_HISTORY,2026-08-08T23:02:57+05:30
2013-11-14,SMD-0032,BANKINDIA,NSE:BANKINDIA-EQ,217.85,224.5,217.15,223.15,4540291,FYERS_HISTORY,2026-08-08T23:02:57+05:30
2013-11-18,SMD-0032,BANKINDIA,NSE:BANKINDIA-EQ,227.3,244.1,227.3,240.75,5427408,FYERS_HISTORY,2026-08-08T23:02:57+05:30
2013-11-19,SMD-0032,BANKINDIA,NSE:BANKINDIA-EQ,243.0,244.0,232.65,234.95,6203047,FYERS_HISTORY,2026-08-08T23:02:57+05:30
2013-11-20,SMD-0032,BANKINDIA,NSE:BANKINDIA-EQ,234.4,235.75,223.45,225.4,4927456,FYERS_HISTORY,2026-08-08T23:02:57+05:30
2013-11-21,SMD-0032,BANKINDIA,NSE:BANKINDIA-EQ,220.65,222.55,211.5,213.2,5522146,FYERS_HISTORY,2026-08-08T23:02:57+05:30
2013-11-22,SMD-0032,BANKINDIA,NSE:BANKINDIA-EQ,216.0,217.7,207.7,209.6,4569783,FYERS_HISTORY,2026-08-08T23:02:57+05:30
2013-11-25,SMD-0032,BANKINDIA,NSE:BANKINDIA-EQ,212.3,218.65,212.1,217.05,4128680,FYERS_HISTORY,2026-08-08T23:02:57+05:30
2013-11-26,SMD-0032,BANKINDIA,NSE:BANKINDIA-EQ,216.05,220.0,204.25,205.85,13595253,FYERS_HISTORY,2026-08-08T23:02:57+05:30
2013-11-27,SMD-0032,BANKINDIA,NSE:BANKINDIA-EQ,207.5,211.85,204.5,209.55,5401476,FYERS_HISTORY,2026-08-08T23:02:57+05:30
2013-11-28,SMD-0032,BANKINDIA,NSE:BANKINDIA-EQ,211.1,213.5,206.35,208.5,3469389,FYERS_HISTORY,2026-08-08T23:02:57+05:30
2013-11-29,SMD-0032,BANKINDIA,NSE:BANKINDIA-EQ,208.0,219.4,208.0,217.15,4580626,FYERS_HISTORY,2026-08-08T23:02:57+05:30
2013-12-02,SMD-0032,BANKINDIA,NSE:BANKINDIA-EQ,219.4,222.75,217.65,219.45,3126359,FYERS_HISTORY,2026-08-08T23:02:57+05:30
2013-12-03,SMD-0032,BANKINDIA,NSE:BANKINDIA-EQ,217.0,217.0,210.2,210.95,4137465,FYERS_HISTORY,2026-08-08T23:02:57+05:30
2013-12-04,SMD-0032,BANKINDIA,NSE:BANKINDIA-EQ,210.2,213.9,208.05,211.6,4640785,FYERS_HISTORY,2026-08-08T23:02:57+05:30
2013-12-05,SMD-0032,BANKINDIA,NSE:BANKINDIA-EQ,219.0,221.35,215.5,217.25,4344903,FYERS_HISTORY,2026-08-08T23:02:57+05:30
2013-12-06,SMD-0032,BANKINDIA,NSE:BANKINDIA-EQ,217.2,221.4,213.0,220.4,4934778,FYERS_HISTORY,2026-08-08T23:02:57+05:30
2013-12-09,SMD-0032,BANKINDIA,NSE:BANKINDIA-EQ,230.1,232.0,224.6,226.3,4703007,FYERS_HISTORY,2026-08-08T23:02:57+05:30
2013-12-10,SMD-0032,BANKINDIA,NSE:BANKINDIA-EQ,226.0,226.5,217.3,220.2,3755750,FYERS_HISTORY,2026-08-08T23:02:57+05:30
2013-12-11,SMD-0032,BANKINDIA,NSE:BANKINDIA-EQ,220.0,220.0,214.0,215.95,2662728,FYERS_HISTORY,2026-08-08T23:02:57+05:30
2013-12-12,SMD-0032,BANKINDIA,NSE:BANKINDIA-EQ,214.4,218.5,213.1,215.2,2605645,FYERS_HISTORY,2026-08-08T23:02:57+05:30
2013-12-13,SMD-0032,BANKINDIA,NSE:BANKINDIA-EQ,212.05,213.35,208.5,209.35,2113922,FYERS_HISTORY,2026-08-08T23:02:57+05:30
2013-12-16,SMD-0032,BANKINDIA,NSE:BANKINDIA-EQ,208.0,211.9,205.35,206.8,2624127,FYERS_HISTORY,2026-08-08T23:02:57+05:30
2013-12-17,SMD-0032,BANKINDIA,NSE:BANKINDIA-EQ,209.15,211.2,204.5,205.75,2271804,FYERS_HISTORY,2026-08-08T23:02:57+05:30
2013-12-18,SMD-0032,BANKINDIA,NSE:BANKINDIA-EQ,205.85,218.4,205.3,216.7,5708230,FYERS_HISTORY,2026-08-08T23:02:57+05:30
2013-12-19,SMD-0032,BANKINDIA,NSE:BANKINDIA-EQ,218.45,220.0,209.65,210.85,3218828,FYERS_HISTORY,2026-08-08T23:02:57+05:30
2013-12-20,SMD-0032,BANKINDIA,NSE:BANKINDIA-EQ,210.5,216.3,209.5,215.6,2342136,FYERS_HISTORY,2026-08-08T23:02:57+05:30
2013-12-23,SMD-0032,BANKINDIA,NSE:BANKINDIA-EQ,217.1,223.85,216.25,220.05,3643957,FYERS_HISTORY,2026-08-08T23:02:57+05:30
2013-12-24,SMD-0032,BANKINDIA,NSE:BANKINDIA-EQ,220.65,227.5,218.65,226.6,4088683,FYERS_HISTORY,2026-08-08T23:02:57+05:30
2013-12-26,SMD-0032,BANKINDIA,NSE:BANKINDIA-EQ,227.6,231.15,226.1,228.85,4393809,FYERS_HISTORY,2026-08-08T23:02:57+05:30
2013-12-27,SMD-0032,BANKINDIA,NSE:BANKINDIA-EQ,228.25,238.5,228.25,236.2,4398995,FYERS_HISTORY,2026-08-08T23:02:57+05:30
2013-12-30,SMD-0032,BANKINDIA,NSE:BANKINDIA-EQ,238.0,241.8,234.05,235.6,3615192,FYERS_HISTORY,2026-08-08T23:02:58+05:30
2013-12-31,SMD-0032,BANKINDIA,NSE:BANKINDIA-EQ,236.0,239.0,231.65,237.95,2435646,FYERS_HISTORY,2026-08-08T23:02:58+05:30
2014-01-01,SMD-0032,BANKINDIA,NSE:BANKINDIA-EQ,239.0,246.0,237.05,243.15,2230865,FYERS_HISTORY,2026-08-08T23:02:58+05:30
2014-01-02,SMD-0032,BANKINDIA,NSE:BANKINDIA-EQ,244.9,251.3,234.4,236.05,6453238,FYERS_HISTORY,2026-08-08T23:02:58+05:30
2014-01-03,SMD-0032,BANKINDIA,NSE:BANKINDIA-EQ,233.95,241.05,231.9,240.1,3726614,FYERS_HISTORY,2026-08-08T23:02:58+05:30
2014-01-06,SMD-0032,BANKINDIA,NSE:BANKINDIA-EQ,240.0,240.9,230.05,232.35,2935346,FYERS_HISTORY,2026-08-08T23:02:58+05:30
2014-01-07,SMD-0032,BANKINDIA,NSE:BANKINDIA-EQ,232.05,235.0,225.65,231.0,3514992,FYERS_HISTORY,2026-08-08T23:02:58+05:30
2014-01-08,SMD-0032,BANKINDIA,NSE:BANKINDIA-EQ,232.9,244.0,229.05,242.05,5315708,FYERS_HISTORY,2026-08-08T23:02:58+05:30
2014-01-09,SMD-0032,BANKINDIA,NSE:BANKINDIA-EQ,242.25,246.25,231.75,233.7,4312940,FYERS_HISTORY,2026-08-08T23:02:58+05:30
2014-01-10,SMD-0032,BANKINDIA,NSE:BANKINDIA-EQ,234.0,237.9,228.65,230.1,3219499,FYERS_HISTORY,2026-08-08T23:02:58+05:30
2014-01-13,SMD-0032,BANKINDIA,NSE:BANKINDIA-EQ,231.4,235.8,227.85,233.4,3058915,FYERS_HISTORY,2026-08-08T23:02:58+05:30
2014-01-14,SMD-0032,BANKINDIA,NSE:BANKINDIA-EQ,234.0,237.2,230.1,232.1,2138767,FYERS_HISTORY,2026-08-08T23:02:58+05:30
2014-01-15,SMD-0032,BANKINDIA,NSE:BANKINDIA-EQ,233.95,243.0,231.6,241.65,3467165,FYERS_HISTORY,2026-08-08T23:02:58+05:30
2014-01-16,SMD-0032,BANKINDIA,NSE:BANKINDIA-EQ,243.1,244.95,238.2,239.1,2869006,FYERS_HISTORY,2026-08-08T23:02:58+05:30
2014-01-17,SMD-0032,BANKINDIA,NSE:BANKINDIA-EQ,239.9,241.4,233.05,234.0,2312706,FYERS_HISTORY,2026-08-08T23:02:58+05:30
2014-01-20,SMD-0032,BANKINDIA,NSE:BANKINDIA-EQ,234.0,237.9,231.3,237.1,1769278,FYERS_HISTORY,2026-08-08T23:02:58+05:30
2014-01-21,SMD-0032,BANKINDIA,NSE:BANKINDIA-EQ,236.2,244.4,236.2,242.6,2362197,FYERS_HISTORY,2026-08-08T23:02:58+05:30
2014-01-22,SMD-0032,BANKINDIA,NSE:BANKINDIA-EQ,241.7,247.45,240.7,246.3,2655988,FYERS_HISTORY,2026-08-08T23:02:58+05:30
2014-01-23,SMD-0032,BANKINDIA,NSE:BANKINDIA-EQ,241.2,242.5,238.4,240.7,3337858,FYERS_HISTORY,2026-08-08T23:02:58+05:30
2014-01-24,SMD-0032,BANKINDIA,NSE:BANKINDIA-EQ,241.1,241.3,226.35,227.6,3458546,FYERS_HISTORY,2026-08-08T23:02:58+05:30
2014-01-27,SMD-0032,BANKINDIA,NSE:BANKINDIA-EQ,223.0,223.5,209.3,210.3,3375778,FYERS_HISTORY,2026-08-08T23:02:58+05:30
2014-01-28,SMD-0032,BANKINDIA,NSE:BANKINDIA-EQ,210.2,216.45,203.5,208.95,6108291,FYERS_HISTORY,2026-08-08T23:02:58+05:30
2014-01-29,SMD-0032,BANKINDIA,NSE:BANKINDIA-EQ,212.0,213.9,207.25,208.25,3100073,FYERS_HISTORY,2026-08-08T23:02:58+05:30
2014-01-30,SMD-0032,BANKINDIA,NSE:BANKINDIA-EQ,204.0,205.5,184.55,185.9,14289308,FYERS_HISTORY,2026-08-08T23:02:58+05:30
2014-01-31,SMD-0032,BANKINDIA,NSE:BANKINDIA-EQ,189.0,192.95,185.1,191.7,7144686,FYERS_HISTORY,2026-08-08T23:02:58+05:30
2014-02-03,SMD-0032,BANKINDIA,NSE:BANKINDIA-EQ,191.5,192.6,181.2,182.3,5884615,FYERS_HISTORY,2026-08-08T23:02:58+05:30
2014-02-04,SMD-0032,BANKINDIA,NSE:BANKINDIA-EQ,178.0,185.3,176.5,184.4,6365383,FYERS_HISTORY,2026-08-08T23:02:58+05:30
2014-02-05,SMD-0032,BANKINDIA,NSE:BANKINDIA-EQ,183.8,186.85,181.25,184.1,4059206,FYERS_HISTORY,2026-08-08T23:02:58+05:30
2014-02-06,SMD-0032,BANKINDIA,NSE:BANKINDIA-EQ,185.4,187.45,179.35,181.7,5020730,FYERS_HISTORY,2026-08-08T23:02:58+05:30
2014-02-07,SMD-0032,BANKINDIA,NSE:BANKINDIA-EQ,183.95,184.75,181.2,183.45,2728830,FYERS_HISTORY,2026-08-08T23:02:58+05:30
2014-02-10,SMD-0032,BANKINDIA,NSE:BANKINDIA-EQ,184.55,186.5,180.25,181.25,3394854,FYERS_HISTORY,2026-08-08T23:02:58+05:30
2014-02-11,SMD-0032,BANKINDIA,NSE:BANKINDIA-EQ,181.85,183.65,180.5,181.6,2014719,FYERS_HISTORY,2026-08-08T23:02:58+05:30
2014-02-12,SMD-0032,BANKINDIA,NSE:BANKINDIA-EQ,183.2,184.6,179.6,180.7,2824064,FYERS_HISTORY,2026-08-08T23:02:58+05:30
2014-02-13,SMD-0032,BANKINDIA,NSE:BANKINDIA-EQ,182.0,182.15,171.1,172.45,4202970,FYERS_HISTORY,2026-08-08T23:02:58+05:30
2014-02-14,SMD-0032,BANKINDIA,NSE:BANKINDIA-EQ,173.5,174.7,169.7,173.7,4005043,FYERS_HISTORY,2026-08-08T23:02:58+05:30
2014-02-17,SMD-0032,BANKINDIA,NSE:BANKINDIA-EQ,173.55,174.1,169.45,172.3,2393687,FYERS_HISTORY,2026-08-08T23:02:58+05:30
2014-02-18,SMD-0032,BANKINDIA,NSE:BANKINDIA-EQ,171.8,177.0,171.6,174.75,3168568,FYERS_HISTORY,2026-08-08T23:02:58+05:30
2014-02-19,SMD-0032,BANKINDIA,NSE:BANKINDIA-EQ,173.85,176.3,170.35,171.2,2999535,FYERS_HISTORY,2026-08-08T23:02:58+05:30
2014-02-20,SMD-0032,BANKINDIA,NSE:BANKINDIA-EQ,170.0,170.25,166.0,166.65,3653648,FYERS_HISTORY,2026-08-08T23:02:58+05:30
2014-02-21,SMD-0032,BANKINDIA,NSE:BANKINDIA-EQ,165.55,168.95,165.55,167.6,1994304,FYERS_HISTORY,2026-08-08T23:02:58+05:30
2014-02-24,SMD-0032,BANKINDIA,NSE:BANKINDIA-EQ,166.0,171.25,165.8,170.1,2888939,FYERS_HISTORY,2026-08-08T23:02:58+05:30
2014-02-25,SMD-0032,BANKINDIA,NSE:BANKINDIA-EQ,171.5,172.1,167.7,169.0,2439049,FYERS_HISTORY,2026-08-08T23:02:58+05:30
2014-02-26,SMD-0032,BANKINDIA,NSE:BANKINDIA-EQ,168.5,169.7,167.15,168.1,2307400,FYERS_HISTORY,2026-08-08T23:02:58+05:30
2014-02-28,SMD-0032,BANKINDIA,NSE:BANKINDIA-EQ,168.9,173.2,167.6,171.35,3678914,FYERS_HISTORY,2026-08-08T23:02:58+05:30
2014-03-03,SMD-0032,BANKINDIA,NSE:BANKINDIA-EQ,169.7,173.9,168.6,170.0,2749053,FYERS_HISTORY,2026-08-08T23:02:58+05:30
2014-03-04,SMD-0032,BANKINDIA,NSE:BANKINDIA-EQ,169.6,176.8,169.6,176.2,3251426,FYERS_HISTORY,2026-08-08T23:02:58+05:30
2014-03-05,SMD-0032,BANKINDIA,NSE:BANKINDIA-EQ,177.95,184.6,176.1,182.7,5631606,FYERS_HISTORY,2026-08-08T23:02:58+05:30
2014-03-06,SMD-0032,BANKINDIA,NSE:BANKINDIA-EQ,184.0,185.5,181.3,184.0,3707971,FYERS_HISTORY,2026-08-08T23:02:58+05:30
2014-03-07,SMD-0032,BANKINDIA,NSE:BANKINDIA-EQ,185.0,191.95,184.15,190.75,6498246,FYERS_HISTORY,2026-08-08T23:02:58+05:30
2014-03-10,SMD-0032,BANKINDIA,NSE:BANKINDIA-EQ,189.1,201.7,188.35,198.9,6531242,FYERS_HISTORY,2026-08-08T23:02:58+05:30
2014-03-11,SMD-0032,BANKINDIA,NSE:BANKINDIA-EQ,199.7,208.9,199.1,203.2,9007564,FYERS_HISTORY,2026-08-08T23:02:58+05:30
2014-03-12,SMD-0032,BANKINDIA,NSE:BANKINDIA-EQ,204.1,205.5,197.25,198.95,4614321,FYERS_HISTORY,2026-08-08T23:02:58+05:30
2014-03-13,SMD-0032,BANKINDIA,NSE:BANKINDIA-EQ,200.5,205.9,196.5,198.6,4118655,FYERS_HISTORY,2026-08-08T23:02:58+05:30
2014-03-14,SMD-0032,BANKINDIA,NSE:BANKINDIA-EQ,196.5,202.9,191.7,202.05,4902148,FYERS_HISTORY,2026-08-08T23:02:58+05:30
2014-03-18,SMD-0032,BANKINDIA,NSE:BANKINDIA-EQ,204.0,211.9,203.1,209.75,6092120,FYERS_HISTORY,2026-08-08T23:02:58+05:30
2014-03-19,SMD-0032,BANKINDIA,NSE:BANKINDIA-EQ,211.15,212.0,206.2,207.3,4718282,FYERS_HISTORY,2026-08-08T23:02:58+05:30
2014-03-20,SMD-0032,BANKINDIA,NSE:BANKINDIA-EQ,205.25,206.0,200.0,200.9,2742449,FYERS_HISTORY,2026-08-08T23:02:58+05:30
2014-03-21,SMD-0032,BANKINDIA,NSE:BANKINDIA-EQ,202.15,205.8,201.6,202.0,2409984,FYERS_HISTORY,2026-08-08T23:02:58+05:30
2014-03-22,SMD-0032,BANKINDIA,NSE:BANKINDIA-EQ,202.8,203.3,201.5,202.25,242049,FYERS_HISTORY,2026-08-08T23:02:58+05:30
2014-03-24,SMD-0032,BANKINDIA,NSE:BANKINDIA-EQ,204.0,207.1,203.5,205.3,2121553,FYERS_HISTORY,2026-08-08T23:02:58+05:30
2014-03-25,SMD-0032,BANKINDIA,NSE:BANKINDIA-EQ,206.55,209.45,205.4,206.75,2920711,FYERS_HISTORY,2026-08-08T23:02:58+05:30
2014-03-26,SMD-0032,BANKINDIA,NSE:BANKINDIA-EQ,209.7,211.6,207.5,208.9,2753797,FYERS_HISTORY,2026-08-08T23:02:58+05:30
2014-03-27,SMD-0032,BANKINDIA,NSE:BANKINDIA-EQ,208.0,215.1,208.0,211.6,6386032,FYERS_HISTORY,2026-08-08T23:02:58+05:30
2014-03-28,SMD-0032,BANKINDIA,NSE:BANKINDIA-EQ,213.0,230.5,212.6,227.95,7348758,FYERS_HISTORY,2026-08-08T23:02:58+05:30
2014-03-31,SMD-0032,BANKINDIA,NSE:BANKINDIA-EQ,232.5,237.4,225.0,228.5,5788657,FYERS_HISTORY,2026-08-08T23:02:58+05:30
2014-04-01,SMD-0032,BANKINDIA,NSE:BANKINDIA-EQ,231.0,231.7,220.7,223.9,4879312,FYERS_HISTORY,2026-08-08T23:02:58+05:30
2014-04-02,SMD-0032,BANKINDIA,NSE:BANKINDIA-EQ,226.3,237.5,223.0,235.75,4760965,FYERS_HISTORY,2026-08-08T23:02:58+05:30
2014-04-03,SMD-0032,BANKINDIA,NSE:BANKINDIA-EQ,236.1,237.1,227.5,232.15,4809774,FYERS_HISTORY,2026-08-08T23:02:58+05:30
2014-04-04,SMD-0032,BANKINDIA,NSE:BANKINDIA-EQ,230.7,236.4,228.05,233.0,3399852,FYERS_HISTORY,2026-08-08T23:02:58+05:30
2014-04-07,SMD-0032,BANKINDIA,NSE:BANKINDIA-EQ,233.0,234.7,226.0,231.15,2622083,FYERS_HISTORY,2026-08-08T23:02:58+05:30
2014-04-09,SMD-0032,BANKINDIA,NSE:BANKINDIA-EQ,233.0,241.5,231.7,240.2,5266403,FYERS_HISTORY,2026-08-08T23:02:58+05:30
2014-04-10,SMD-0032,BANKINDIA,NSE:BANKINDIA-EQ,240.5,244.7,235.5,238.1,4857418,FYERS_HISTORY,2026-08-08T23:02:58+05:30
2014-04-11,SMD-0032,BANKINDIA,NSE:BANKINDIA-EQ,235.0,238.85,232.0,234.15,3263164,FYERS_HISTORY,2026-08-08T23:02:58+05:30
2014-04-15,SMD-0032,BANKINDIA,NSE:BANKINDIA-EQ,235.0,236.0,218.85,220.6,4466020,FYERS_HISTORY,2026-08-08T23:02:58+05:30
2014-04-16,SMD-0032,BANKINDIA,NSE:BANKINDIA-EQ,220.2,223.9,211.75,213.25,4645431,FYERS_HISTORY,2026-08-08T23:02:58+05:30
2014-04-17,SMD-0032,BANKINDIA,NSE:BANKINDIA-EQ,215.25,220.45,210.75,219.6,6368765,FYERS_HISTORY,2026-08-08T23:02:58+05:30
2014-04-21,SMD-0032,BANKINDIA,NSE:BANKINDIA-EQ,221.0,231.2,220.2,227.7,4909958,FYERS_HISTORY,2026-08-08T23:02:58+05:30
2014-04-22,SMD-0032,BANKINDIA,NSE:BANKINDIA-EQ,229.15,230.0,224.5,226.75,3683296,FYERS_HISTORY,2026-08-08T23:02:58+05:30
2014-04-23,SMD-0032,BANKINDIA,NSE:BANKINDIA-EQ,227.25,234.6,225.55,232.15,7464640,FYERS_HISTORY,2026-08-08T23:02:58+05:30
2014-04-25,SMD-0032,BANKINDIA,NSE:BANKINDIA-EQ,232.5,242.3,232.15,239.85,5382689,FYERS_HISTORY,2026-08-08T23:02:58+05:30
2014-04-28,SMD-0032,BANKINDIA,NSE:BANKINDIA-EQ,237.6,245.4,235.0,243.85,4317377,FYERS_HISTORY,2026-08-08T23:02:58+05:30
2014-04-29,SMD-0032,BANKINDIA,NSE:BANKINDIA-EQ,245.0,247.0,234.4,236.45,3635200,FYERS_HISTORY,2026-08-08T23:02:58+05:30
2014-04-30,SMD-0032,BANKINDIA,NSE:BANKINDIA-EQ,235.9,244.9,230.05,234.15,5744321,FYERS_HISTORY,2026-08-08T23:02:58+05:30
2014-05-02,SMD-0032,BANKINDIA,NSE:BANKINDIA-EQ,237.0,239.55,231.75,233.05,2455425,FYERS_HISTORY,2026-08-08T23:02:58+05:30
2014-05-05,SMD-0032,BANKINDIA,NSE:BANKINDIA-EQ,234.2,243.0,230.1,241.7,4025964,FYERS_HISTORY,2026-08-08T23:02:58+05:30
2014-05-06,SMD-0032,BANKINDIA,NSE:BANKINDIA-EQ,243.7,244.9,236.25,239.6,3479655,FYERS_HISTORY,2026-08-08T23:02:58+05:30
2014-05-07,SMD-0032,BANKINDIA,NSE:BANKINDIA-EQ,240.0,242.5,235.6,237.8,3359037,FYERS_HISTORY,2026-08-08T23:02:58+05:30
2014-05-08,SMD-0032,BANKINDIA,NSE:BANKINDIA-EQ,240.75,240.75,231.5,233.0,3994289,FYERS_HISTORY,2026-08-08T23:02:58+05:30
2014-05-09,SMD-0032,BANKINDIA,NSE:BANKINDIA-EQ,232.0,245.0,230.25,242.8,4877681,FYERS_HISTORY,2026-08-08T23:02:58+05:30
2014-05-12,SMD-0032,BANKINDIA,NSE:BANKINDIA-EQ,244.0,254.35,242.45,246.25,6541825,FYERS_HISTORY,2026-08-08T23:02:58+05:30
2014-05-13,SMD-0032,BANKINDIA,NSE:BANKINDIA-EQ,249.0,260.0,246.05,252.1,6831336,FYERS_HISTORY,2026-08-08T23:02:58+05:30
2014-05-14,SMD-0032,BANKINDIA,NSE:BANKINDIA-EQ,255.15,277.5,253.1,273.05,11405376,FYERS_HISTORY,2026-08-08T23:02:58+05:30
2014-05-15,SMD-0032,BANKINDIA,NSE:BANKINDIA-EQ,274.8,281.9,259.05,263.85,15644129,FYERS_HISTORY,2026-08-08T23:02:58+05:30
2014-05-16,SMD-0032,BANKINDIA,NSE:BANKINDIA-EQ,276.0,292.0,271.85,280.35,13725749,FYERS_HISTORY,2026-08-08T23:02:58+05:30
2014-05-19,SMD-0032,BANKINDIA,NSE:BANKINDIA-EQ,286.0,302.8,284.4,299.1,7276531,FYERS_HISTORY,2026-08-08T23:02:58+05:30
2014-05-20,SMD-0032,BANKINDIA,NSE:BANKINDIA-EQ,302.0,314.85,301.0,307.75,6393164,FYERS_HISTORY,2026-08-08T23:02:58+05:30
2014-05-21,SMD-0032,BANKINDIA,NSE:BANKINDIA-EQ,309.7,316.25,301.1,307.2,4936522,FYERS_HISTORY,2026-08-08T23:02:58+05:30
2014-05-22,SMD-0032,BANKINDIA,NSE:BANKINDIA-EQ,309.9,328.5,307.1,322.35,5282202,FYERS_HISTORY,2026-08-08T23:02:58+05:30
2014-05-23,SMD-0032,BANKINDIA,NSE:BANKINDIA-EQ,325.9,353.0,321.6,344.7,6511166,FYERS_HISTORY,2026-08-08T23:02:58+05:30
2014-05-26,SMD-0032,BANKINDIA,NSE:BANKINDIA-EQ,350.0,357.0,311.85,328.85,6552964,FYERS_HISTORY,2026-08-08T23:02:58+05:30
2014-05-27,SMD-0032,BANKINDIA,NSE:BANKINDIA-EQ,328.85,329.4,309.5,317.5,4871135,FYERS_HISTORY,2026-08-08T23:02:58+05:30
2014-05-28,SMD-0032,BANKINDIA,NSE:BANKINDIA-EQ,318.0,323.05,312.7,315.25,3258847,FYERS_HISTORY,2026-08-08T23:02:58+05:30
2014-05-29,SMD-0032,BANKINDIA,NSE:BANKINDIA-EQ,317.0,329.85,316.0,325.65,4929999,FYERS_HISTORY,2026-08-08T23:02:58+05:30
2014-05-30,SMD-0032,BANKINDIA,NSE:BANKINDIA-EQ,327.0,329.45,303.2,309.25,5572500,FYERS_HISTORY,2026-08-08T23:02:58+05:30
2014-06-02,SMD-0032,BANKINDIA,NSE:BANKINDIA-EQ,311.1,325.0,310.8,323.85,6159586,FYERS_HISTORY,2026-08-08T23:02:58+05:30
2014-06-03,SMD-0032,BANKINDIA,NSE:BANKINDIA-EQ,326.5,326.75,314.2,317.7,5827691,FYERS_HISTORY,2026-08-08T23:02:58+05:30
2014-06-04,SMD-0032,BANKINDIA,NSE:BANKINDIA-EQ,317.0,327.3,316.3,322.45,5902489,FYERS_HISTORY,2026-08-08T23:02:58+05:30
2014-06-05,SMD-0032,BANKINDIA,NSE:BANKINDIA-EQ,323.9,325.2,317.0,319.75,3679548,FYERS_HISTORY,2026-08-08T23:02:58+05:30
2014-06-06,SMD-0032,BANKINDIA,NSE:BANKINDIA-EQ,322.4,330.0,320.4,325.2,9053521,FYERS_HISTORY,2026-08-08T23:02:58+05:30
2014-06-09,SMD-0032,BANKINDIA,NSE:BANKINDIA-EQ,328.5,332.7,322.1,328.65,10135161,FYERS_HISTORY,2026-08-08T23:02:58+05:30
2014-06-10,SMD-0032,BANKINDIA,NSE:BANKINDIA-EQ,330.0,330.65,317.6,321.75,7517964,FYERS_HISTORY,2026-08-08T23:02:58+05:30
2014-06-11,SMD-0032,BANKINDIA,NSE:BANKINDIA-EQ,320.25,327.3,310.5,313.65,4971440,FYERS_HISTORY,2026-08-08T23:02:58+05:30
2014-06-12,SMD-0032,BANKINDIA,NSE:BANKINDIA-EQ,310.5,315.5,304.95,309.25,4299817,FYERS_HISTORY,2026-08-08T23:02:58+05:30
2014-06-13,SMD-0032,BANKINDIA,NSE:BANKINDIA-EQ,310.0,312.5,286.6,289.65,6205397,FYERS_HISTORY,2026-08-08T23:02:58+05:30
2014-06-16,SMD-0032,BANKINDIA,NSE:BANKINDIA-EQ,286.9,292.9,275.5,289.3,4643540,FYERS_HISTORY,2026-08-08T23:02:58+05:30
2014-06-17,SMD-0032,BANKINDIA,NSE:BANKINDIA-EQ,287.0,302.0,280.0,300.1,7361748,FYERS_HISTORY,2026-08-08T23:02:58+05:30
2014-06-18,SMD-0032,BANKINDIA,NSE:BANKINDIA-EQ,302.9,306.0,287.05,290.85,6596856,FYERS_HISTORY,2026-08-08T23:02:58+05:30
2014-06-19,SMD-0032,BANKINDIA,NSE:BANKINDIA-EQ,292.0,296.45,288.65,290.35,3756593,FYERS_HISTORY,2026-08-08T23:02:58+05:30
2014-06-20,SMD-0032,BANKINDIA,NSE:BANKINDIA-EQ,287.4,290.0,280.15,281.1,3867353,FYERS_HISTORY,2026-08-08T23:02:58+05:30
2014-06-23,SMD-0032,BANKINDIA,NSE:BANKINDIA-EQ,279.05,287.4,279.05,284.6,4166934,FYERS_HISTORY,2026-08-08T23:02:58+05:30
2014-06-24,SMD-0032,BANKINDIA,NSE:BANKINDIA-EQ,285.5,294.5,285.5,291.35,4205671,FYERS_HISTORY,2026-08-08T23:02:58+05:30
2014-06-25,SMD-0032,BANKINDIA,NSE:BANKINDIA-EQ,291.0,293.5,288.5,290.4,3006949,FYERS_HISTORY,2026-08-08T23:02:58+05:30
2014-06-26,SMD-0032,BANKINDIA,NSE:BANKINDIA-EQ,291.4,296.0,288.45,290.5,4298717,FYERS_HISTORY,2026-08-08T23:02:58+05:30
2014-06-27,SMD-0032,BANKINDIA,NSE:BANKINDIA-EQ,288.5,293.35,283.3,284.7,3090679,FYERS_HISTORY,2026-08-08T23:02:58+05:30
2014-06-30,SMD-0032,BANKINDIA,NSE:BANKINDIA-EQ,284.25,303.1,284.25,301.55,5674938,FYERS_HISTORY,2026-08-08T23:02:58+05:30
2014-07-01,SMD-0032,BANKINDIA,NSE:BANKINDIA-EQ,303.6,309.8,302.35,304.5,4606726,FYERS_HISTORY,2026-08-08T23:02:58+05:30
2014-07-02,SMD-0032,BANKINDIA,NSE:BANKINDIA-EQ,307.1,308.5,302.5,304.1,3007497,FYERS_HISTORY,2026-08-08T23:02:58+05:30
2014-07-03,SMD-0032,BANKINDIA,NSE:BANKINDIA-EQ,306.0,308.9,300.1,303.8,3084914,FYERS_HISTORY,2026-08-08T23:02:58+05:30
2014-07-04,SMD-0032,BANKINDIA,NSE:BANKINDIA-EQ,303.8,306.6,297.0,304.75,2883528,FYERS_HISTORY,2026-08-08T23:02:58+05:30
2014-07-07,SMD-0032,BANKINDIA,NSE:BANKINDIA-EQ,304.2,305.9,299.65,301.5,2261678,FYERS_HISTORY,2026-08-08T23:02:58+05:30
2014-07-08,SMD-0032,BANKINDIA,NSE:BANKINDIA-EQ,301.9,304.75,280.0,284.35,3643520,FYERS_HISTORY,2026-08-08T23:02:58+05:30
2014-07-09,SMD-0032,BANKINDIA,NSE:BANKINDIA-EQ,285.0,292.5,276.3,281.65,5217346,FYERS_HISTORY,2026-08-08T23:02:58+05:30
2014-07-10,SMD-0032,BANKINDIA,NSE:BANKINDIA-EQ,280.55,293.65,264.3,280.3,9559628,FYERS_HISTORY,2026-08-08T23:02:58+05:30
2014-07-11,SMD-0032,BANKINDIA,NSE:BANKINDIA-EQ,277.55,282.2,259.3,261.75,6612420,FYERS_HISTORY,2026-08-08T23:02:58+05:30
2014-07-14,SMD-0032,BANKINDIA,NSE:BANKINDIA-EQ,262.0,272.0,256.25,268.3,5364733,FYERS_HISTORY,2026-08-08T23:02:58+05:30
2014-07-15,SMD-0032,BANKINDIA,NSE:BANKINDIA-EQ,272.0,279.8,268.65,278.6,5203101,FYERS_HISTORY,2026-08-08T23:02:58+05:30
2014-07-16,SMD-0032,BANKINDIA,NSE:BANKINDIA-EQ,282.0,285.9,278.95,285.05,4013574,FYERS_HISTORY,2026-08-08T23:02:58+05:30
2014-07-17,SMD-0032,BANKINDIA,NSE:BANKINDIA-EQ,282.2,291.4,281.65,289.8,3165966,FYERS_HISTORY,2026-08-08T23:02:58+05:30
2014-07-18,SMD-0032,BANKINDIA,NSE:BANKINDIA-EQ,287.1,293.4,281.0,289.55,4187854,FYERS_HISTORY,2026-08-08T23:02:58+05:30
2014-07-21,SMD-0032,BANKINDIA,NSE:BANKINDIA-EQ,292.4,294.35,284.6,287.05,3668316,FYERS_HISTORY,2026-08-08T23:02:58+05:30
2014-07-22,SMD-0032,BANKINDIA,NSE:BANKINDIA-EQ,288.2,289.35,282.5,285.25,3099914,FYERS_HISTORY,2026-08-08T23:02:58+05:30
2014-07-23,SMD-0032,BANKINDIA,NSE:BANKINDIA-EQ,286.5,292.0,283.1,287.25,3148006,FYERS_HISTORY,2026-08-08T23:02:58+05:30
2014-07-24,SMD-0032,BANKINDIA,NSE:BANKINDIA-EQ,289.65,302.9,286.3,299.5,7253339,FYERS_HISTORY,2026-08-08T23:02:58+05:30
2014-07-25,SMD-0032,BANKINDIA,NSE:BANKINDIA-EQ,301.0,301.85,283.55,285.7,3855037,FYERS_HISTORY,2026-08-08T23:02:58+05:30
2014-07-28,SMD-0032,BANKINDIA,NSE:BANKINDIA-EQ,286.0,289.4,281.4,283.45,2405629,FYERS_HISTORY,2026-08-08T23:02:58+05:30
2014-07-30,SMD-0032,BANKINDIA,NSE:BANKINDIA-EQ,282.55,286.45,273.25,281.25,5755491,FYERS_HISTORY,2026-08-08T23:02:58+05:30
2014-07-31,SMD-0032,BANKINDIA,NSE:BANKINDIA-EQ,281.0,281.95,273.0,274.5,3754569,FYERS_HISTORY,2026-08-08T23:02:58+05:30
2014-08-01,SMD-0032,BANKINDIA,NSE:BANKINDIA-EQ,270.0,279.8,266.4,271.75,6637095,FYERS_HISTORY,2026-08-08T23:02:58+05:30
2014-08-04,SMD-0032,BANKINDIA,NSE:BANKINDIA-EQ,274.45,281.2,272.05,279.4,2803516,FYERS_HISTORY,2026-08-08T23:02:58+05:30
2014-08-05,SMD-0032,BANKINDIA,NSE:BANKINDIA-EQ,280.1,283.5,276.05,281.0,3727111,FYERS_HISTORY,2026-08-08T23:02:58+05:30
2014-08-06,SMD-0032,BANKINDIA,NSE:BANKINDIA-EQ,278.35,280.5,273.2,274.0,2392372,FYERS_HISTORY,2026-08-08T23:02:58+05:30
2014-08-07,SMD-0032,BANKINDIA,NSE:BANKINDIA-EQ,272.05,279.3,271.5,274.4,2890130,FYERS_HISTORY,2026-08-08T23:02:58+05:30
2014-08-08,SMD-0032,BANKINDIA,NSE:BANKINDIA-EQ,271.05,271.7,264.65,267.4,2910754,FYERS_HISTORY,2026-08-08T23:02:58+05:30
2014-08-11,SMD-0032,BANKINDIA,NSE:BANKINDIA-EQ,270.0,279.3,270.0,277.95,3079164,FYERS_HISTORY,2026-08-08T23:02:58+05:30
2014-08-12,SMD-0032,BANKINDIA,NSE:BANKINDIA-EQ,278.5,279.95,272.8,277.75,2315481,FYERS_HISTORY,2026-08-08T23:02:58+05:30
2014-08-13,SMD-0032,BANKINDIA,NSE:BANKINDIA-EQ,276.1,277.0,262.25,265.6,3795101,FYERS_HISTORY,2026-08-08T23:02:58+05:30
2014-08-14,SMD-0032,BANKINDIA,NSE:BANKINDIA-EQ,266.0,275.3,263.05,274.2,3956605,FYERS_HISTORY,2026-08-08T23:02:58+05:30
2014-08-18,SMD-0032,BANKINDIA,NSE:BANKINDIA-EQ,271.55,281.5,270.95,279.15,2224767,FYERS_HISTORY,2026-08-08T23:02:58+05:30
2014-08-19,SMD-0032,BANKINDIA,NSE:BANKINDIA-EQ,281.6,282.75,276.8,278.15,2797634,FYERS_HISTORY,2026-08-08T23:02:58+05:30
2014-08-20,SMD-0032,BANKINDIA,NSE:BANKINDIA-EQ,277.05,278.9,272.6,277.2,2034806,FYERS_HISTORY,2026-08-08T23:02:58+05:30
2014-08-21,SMD-0032,BANKINDIA,NSE:BANKINDIA-EQ,275.25,290.85,275.25,289.05,4917936,FYERS_HISTORY,2026-08-08T23:02:58+05:30
2014-08-22,SMD-0032,BANKINDIA,NSE:BANKINDIA-EQ,290.75,297.5,290.2,292.7,3444873,FYERS_HISTORY,2026-08-08T23:02:58+05:30
2014-08-25,SMD-0032,BANKINDIA,NSE:BANKINDIA-EQ,293.35,296.0,283.15,284.7,1979655,FYERS_HISTORY,2026-08-08T23:02:58+05:30
2014-08-26,SMD-0032,BANKINDIA,NSE:BANKINDIA-EQ,284.25,284.25,277.0,281.5,2176708,FYERS_HISTORY,2026-08-08T23:02:58+05:30
2014-08-27,SMD-0032,BANKINDIA,NSE:BANKINDIA-EQ,283.3,284.5,279.15,281.75,1441991,FYERS_HISTORY,2026-08-08T23:02:58+05:30
2014-08-28,SMD-0032,BANKINDIA,NSE:BANKINDIA-EQ,282.25,283.75,275.0,277.45,2884735,FYERS_HISTORY,2026-08-08T23:02:58+05:30
2014-09-01,SMD-0032,BANKINDIA,NSE:BANKINDIA-EQ,278.7,289.9,278.5,288.35,2596650,FYERS_HISTORY,2026-08-08T23:02:58+05:30
2014-09-02,SMD-0032,BANKINDIA,NSE:BANKINDIA-EQ,290.0,292.4,286.0,289.0,2523640,FYERS_HISTORY,2026-08-08T23:02:58+05:30
2014-09-03,SMD-0032,BANKINDIA,NSE:BANKINDIA-EQ,290.0,295.7,286.1,291.95,2904951,FYERS_HISTORY,2026-08-08T23:02:58+05:30
2014-09-04,SMD-0032,BANKINDIA,NSE:BANKINDIA-EQ,291.0,293.2,284.1,291.5,1896154,FYERS_HISTORY,2026-08-08T23:02:58+05:30
2014-09-05,SMD-0032,BANKINDIA,NSE:BANKINDIA-EQ,290.2,294.7,284.2,286.1,2584693,FYERS_HISTORY,2026-08-08T23:02:58+05:30
2014-09-08,SMD-0032,BANKINDIA,NSE:BANKINDIA-EQ,288.6,289.55,281.4,285.9,1784988,FYERS_HISTORY,2026-08-08T23:02:58+05:30
2014-09-09,SMD-0032,BANKINDIA,NSE:BANKINDIA-EQ,285.0,287.5,282.05,283.3,1854515,FYERS_HISTORY,2026-08-08T23:02:58+05:30
2014-09-10,SMD-0032,BANKINDIA,NSE:BANKINDIA-EQ,281.25,282.5,276.5,278.25,2410388,FYERS_HISTORY,2026-08-08T23:02:58+05:30
2014-09-11,SMD-0032,BANKINDIA,NSE:BANKINDIA-EQ,279.65,288.5,279.3,287.3,3989340,FYERS_HISTORY,2026-08-08T23:02:58+05:30
2014-09-12,SMD-0032,BANKINDIA,NSE:BANKINDIA-EQ,287.35,292.0,286.1,290.6,2921382,FYERS_HISTORY,2026-08-08T23:02:58+05:30
2014-09-15,SMD-0032,BANKINDIA,NSE:BANKINDIA-EQ,288.0,298.6,285.6,295.5,3758953,FYERS_HISTORY,2026-08-08T23:02:58+05:30
2014-09-16,SMD-0032,BANKINDIA,NSE:BANKINDIA-EQ,297.1,301.4,283.3,284.9,4932043,FYERS_HISTORY,2026-08-08T23:02:58+05:30
2014-09-17,SMD-0032,BANKINDIA,NSE:BANKINDIA-EQ,287.0,289.95,283.05,286.4,1748201,FYERS_HISTORY,2026-08-08T23:02:58+05:30
2014-09-18,SMD-0032,BANKINDIA,NSE:BANKINDIA-EQ,285.2,298.0,283.2,296.2,2332353,FYERS_HISTORY,2026-08-08T23:02:58+05:30
2014-09-19,SMD-0032,BANKINDIA,NSE:BANKINDIA-EQ,297.0,299.1,288.1,289.9,1975371,FYERS_HISTORY,2026-08-08T23:02:58+05:30
2014-09-22,SMD-0032,BANKINDIA,NSE:BANKINDIA-EQ,287.0,291.45,284.7,289.2,1890663,FYERS_HISTORY,2026-08-08T23:02:58+05:30
2014-09-23,SMD-0032,BANKINDIA,NSE:BANKINDIA-EQ,288.7,291.9,273.7,278.05,2386147,FYERS_HISTORY,2026-08-08T23:02:58+05:30
2014-09-24,SMD-0032,BANKINDIA,NSE:BANKINDIA-EQ,278.0,278.05,260.0,263.7,3554687,FYERS_HISTORY,2026-08-08T23:02:58+05:30
2014-09-25,SMD-0032,BANKINDIA,NSE:BANKINDIA-EQ,264.0,265.75,238.5,242.05,4658830,FYERS_HISTORY,2026-08-08T23:02:58+05:30
2014-09-26,SMD-0032,BANKINDIA,NSE:BANKINDIA-EQ,240.0,250.0,237.05,248.65,6393404,FYERS_HISTORY,2026-08-08T23:02:58+05:30
2014-09-29,SMD-0032,BANKINDIA,NSE:BANKINDIA-EQ,250.0,251.45,239.0,240.45,3280218,FYERS_HISTORY,2026-08-08T23:02:58+05:30
2014-09-30,SMD-0032,BANKINDIA,NSE:BANKINDIA-EQ,239.1,242.95,230.05,232.0,6115345,FYERS_HISTORY,2026-08-08T23:02:58+05:30
2014-10-01,SMD-0032,BANKINDIA,NSE:BANKINDIA-EQ,230.0,237.35,226.5,232.6,4969725,FYERS_HISTORY,2026-08-08T23:02:58+05:30
2014-10-07,SMD-0032,BANKINDIA,NSE:BANKINDIA-EQ,232.5,235.0,226.0,226.95,2256987,FYERS_HISTORY,2026-08-08T23:02:58+05:30
2014-10-08,SMD-0032,BANKINDIA,NSE:BANKINDIA-EQ,224.7,233.5,224.6,231.6,3325268,FYERS_HISTORY,2026-08-08T23:02:58+05:30
2014-10-09,SMD-0032,BANKINDIA,NSE:BANKINDIA-EQ,232.55,244.8,232.55,242.6,3882426,FYERS_HISTORY,2026-08-08T23:02:58+05:30
2014-10-10,SMD-0032,BANKINDIA,NSE:BANKINDIA-EQ,238.0,245.85,235.2,238.55,3769541,FYERS_HISTORY,2026-08-08T23:02:58+05:30
2014-10-13,SMD-0032,BANKINDIA,NSE:BANKINDIA-EQ,236.2,248.8,235.1,247.65,3456544,FYERS_HISTORY,2026-08-08T23:02:58+05:30
2014-10-14,SMD-0032,BANKINDIA,NSE:BANKINDIA-EQ,249.6,258.4,247.3,255.55,4447172,FYERS_HISTORY,2026-08-08T23:02:58+05:30
2014-10-16,SMD-0032,BANKINDIA,NSE:BANKINDIA-EQ,255.0,259.55,247.6,250.5,3378252,FYERS_HISTORY,2026-08-08T23:02:58+05:30
2014-10-17,SMD-0032,BANKINDIA,NSE:BANKINDIA-EQ,252.0,259.9,248.95,257.4,3023828,FYERS_HISTORY,2026-08-08T23:02:58+05:30
2014-10-20,SMD-0032,BANKINDIA,NSE:BANKINDIA-EQ,262.0,265.95,255.2,260.55,2790457,FYERS_HISTORY,2026-08-08T23:02:58+05:30
2014-10-21,SMD-0032,BANKINDIA,NSE:BANKINDIA-EQ,260.5,269.7,260.0,267.6,3118539,FYERS_HISTORY,2026-08-08T23:02:58+05:30
2014-10-22,SMD-0032,BANKINDIA,NSE:BANKINDIA-EQ,270.2,271.4,264.1,267.5,2207116,FYERS_HISTORY,2026-08-08T23:02:58+05:30
2014-10-23,SMD-0032,BANKINDIA,NSE:BANKINDIA-EQ,268.6,269.95,265.65,266.95,246624,FYERS_HISTORY,2026-08-08T23:02:58+05:30
2014-10-27,SMD-0032,BANKINDIA,NSE:BANKINDIA-EQ,268.7,273.5,264.15,271.45,2130077,FYERS_HISTORY,2026-08-08T23:02:58+05:30
2014-10-28,SMD-0032,BANKINDIA,NSE:BANKINDIA-EQ,272.3,274.9,268.75,272.45,2569935,FYERS_HISTORY,2026-08-08T23:02:58+05:30
2014-10-29,SMD-0032,BANKINDIA,NSE:BANKINDIA-EQ,275.0,275.55,268.65,273.45,2608128,FYERS_HISTORY,2026-08-08T23:02:58+05:30
2014-10-30,SMD-0032,BANKINDIA,NSE:BANKINDIA-EQ,272.0,274.95,269.7,274.0,1734380,FYERS_HISTORY,2026-08-08T23:02:58+05:30
2014-10-31,SMD-0032,BANKINDIA,NSE:BANKINDIA-EQ,276.4,287.3,275.25,285.35,4135303,FYERS_HISTORY,2026-08-08T23:02:58+05:30
2014-11-03,SMD-0032,BANKINDIA,NSE:BANKINDIA-EQ,287.95,290.0,281.2,285.95,7033015,FYERS_HISTORY,2026-08-08T23:02:58+05:30
2014-11-05,SMD-0032,BANKINDIA,NSE:BANKINDIA-EQ,288.9,293.25,286.0,286.55,3669362,FYERS_HISTORY,2026-08-08T23:02:58+05:30
2014-11-07,SMD-0032,BANKINDIA,NSE:BANKINDIA-EQ,287.45,289.85,282.0,286.5,2757570,FYERS_HISTORY,2026-08-08T23:02:58+05:30
2014-11-10,SMD-0032,BANKINDIA,NSE:BANKINDIA-EQ,286.5,288.75,282.0,286.4,1681646,FYERS_HISTORY,2026-08-08T23:02:58+05:30
2014-11-11,SMD-0032,BANKINDIA,NSE:BANKINDIA-EQ,287.0,294.8,283.8,293.7,4381183,FYERS_HISTORY,2026-08-08T23:02:58+05:30
2014-11-12,SMD-0032,BANKINDIA,NSE:BANKINDIA-EQ,296.6,296.7,286.1,288.7,3731957,FYERS_HISTORY,2026-08-08T23:02:58+05:30
2014-11-13,SMD-0032,BANKINDIA,NSE:BANKINDIA-EQ,290.0,291.75,282.15,283.8,2216069,FYERS_HISTORY,2026-08-08T23:02:58+05:30
2014-11-14,SMD-0032,BANKINDIA,NSE:BANKINDIA-EQ,283.9,287.8,280.75,285.0,3128201,FYERS_HISTORY,2026-08-08T23:02:58+05:30
2014-11-17,SMD-0032,BANKINDIA,NSE:BANKINDIA-EQ,283.0,289.95,283.0,288.65,3497581,FYERS_HISTORY,2026-08-08T23:02:58+05:30
2014-11-18,SMD-0032,BANKINDIA,NSE:BANKINDIA-EQ,289.65,294.4,287.0,288.55,3029045,FYERS_HISTORY,2026-08-08T23:02:58+05:30
2014-11-19,SMD-0032,BANKINDIA,NSE:BANKINDIA-EQ,289.25,289.8,278.75,280.3,2893696,FYERS_HISTORY,2026-08-08T23:02:58+05:30
2014-11-20,SMD-0032,BANKINDIA,NSE:BANKINDIA-EQ,279.8,280.75,269.9,272.4,3223359,FYERS_HISTORY,2026-08-08T23:02:58+05:30
2014-11-21,SMD-0032,BANKINDIA,NSE:BANKINDIA-EQ,270.6,279.7,270.6,276.2,2426828,FYERS_HISTORY,2026-08-08T23:02:58+05:30
2014-11-24,SMD-0032,BANKINDIA,NSE:BANKINDIA-EQ,276.2,286.25,276.2,283.45,3483936,FYERS_HISTORY,2026-08-08T23:02:58+05:30
2014-11-25,SMD-0032,BANKINDIA,NSE:BANKINDIA-EQ,281.15,286.3,269.5,271.9,3022445,FYERS_HISTORY,2026-08-08T23:02:58+05:30
2014-11-26,SMD-0032,BANKINDIA,NSE:BANKINDIA-EQ,269.35,278.0,269.0,273.7,2314482,FYERS_HISTORY,2026-08-08T23:02:58+05:30
2014-11-27,SMD-0032,BANKINDIA,NSE:BANKINDIA-EQ,272.0,276.9,271.7,273.8,2358266,FYERS_HISTORY,2026-08-08T23:02:58+05:30
2014-11-28,SMD-0032,BANKINDIA,NSE:BANKINDIA-EQ,275.6,291.0,275.6,288.8,7240704,FYERS_HISTORY,2026-08-08T23:02:58+05:30
2014-12-01,SMD-0032,BANKINDIA,NSE:BANKINDIA-EQ,289.05,291.2,284.1,285.75,2434677,FYERS_HISTORY,2026-08-08T23:02:58+05:30
2014-12-02,SMD-0032,BANKINDIA,NSE:BANKINDIA-EQ,283.0,293.65,282.2,291.55,5290401,FYERS_HISTORY,2026-08-08T23:02:58+05:30
2014-12-03,SMD-0032,BANKINDIA,NSE:BANKINDIA-EQ,291.6,300.45,290.0,291.55,6426269,FYERS_HISTORY,2026-08-08T23:02:58+05:30
2014-12-04,SMD-0032,BANKINDIA,NSE:BANKINDIA-EQ,292.25,299.0,286.5,297.8,3437859,FYERS_HISTORY,2026-08-08T23:02:58+05:30
2014-12-05,SMD-0032,BANKINDIA,NSE:BANKINDIA-EQ,298.0,305.5,296.6,299.0,5483780,FYERS_HISTORY,2026-08-08T23:02:58+05:30
2014-12-08,SMD-0032,BANKINDIA,NSE:BANKINDIA-EQ,299.75,301.0,290.0,291.3,2947268,FYERS_HISTORY,2026-08-08T23:02:58+05:30
2014-12-09,SMD-0032,BANKINDIA,NSE:BANKINDIA-EQ,290.25,292.3,280.0,281.35,2739050,FYERS_HISTORY,2026-08-08T23:02:58+05:30
2014-12-10,SMD-0032,BANKINDIA,NSE:BANKINDIA-EQ,280.1,296.25,279.0,294.25,3156738,FYERS_HISTORY,2026-08-08T23:02:58+05:30
2014-12-11,SMD-0032,BANKINDIA,NSE:BANKINDIA-EQ,293.0,299.0,285.7,295.4,4350600,FYERS_HISTORY,2026-08-08T23:02:58+05:30
2014-12-12,SMD-0032,BANKINDIA,NSE:BANKINDIA-EQ,297.5,298.25,283.1,284.15,3396032,FYERS_HISTORY,2026-08-08T23:02:58+05:30
2014-12-15,SMD-0032,BANKINDIA,NSE:BANKINDIA-EQ,282.6,289.8,281.1,283.9,2617303,FYERS_HISTORY,2026-08-08T23:02:58+05:30
2014-12-16,SMD-0032,BANKINDIA,NSE:BANKINDIA-EQ,281.5,286.6,272.0,278.55,5341848,FYERS_HISTORY,2026-08-08T23:02:58+05:30
2014-12-17,SMD-0032,BANKINDIA,NSE:BANKINDIA-EQ,277.1,287.7,271.45,283.65,3732104,FYERS_HISTORY,2026-08-08T23:02:58+05:30
2014-12-18,SMD-0032,BANKINDIA,NSE:BANKINDIA-EQ,289.0,293.8,286.1,291.35,3556225,FYERS_HISTORY,2026-08-08T23:02:58+05:30
2014-12-19,SMD-0032,BANKINDIA,NSE:BANKINDIA-EQ,295.0,296.55,285.5,287.15,2816138,FYERS_HISTORY,2026-08-08T23:02:58+05:30
2014-12-22,SMD-0032,BANKINDIA,NSE:BANKINDIA-EQ,288.1,292.5,284.1,291.3,2112876,FYERS_HISTORY,2026-08-08T23:02:58+05:30
2014-12-23,SMD-0032,BANKINDIA,NSE:BANKINDIA-EQ,291.0,295.4,288.0,289.75,2472178,FYERS_HISTORY,2026-08-08T23:02:58+05:30
2014-12-24,SMD-0032,BANKINDIA,NSE:BANKINDIA-EQ,288.5,293.2,285.95,291.2,3846108,FYERS_HISTORY,2026-08-08T23:02:58+05:30
2014-12-26,SMD-0032,BANKINDIA,NSE:BANKINDIA-EQ,292.8,302.0,291.3,301.5,5032634,FYERS_HISTORY,2026-08-08T23:02:58+05:30
2014-12-29,SMD-0032,BANKINDIA,NSE:BANKINDIA-EQ,304.45,305.35,298.6,299.4,2588007,FYERS_HISTORY,2026-08-08T23:02:58+05:30
2014-12-30,SMD-0032,BANKINDIA,NSE:BANKINDIA-EQ,300.9,304.0,296.3,302.35,3530150,FYERS_HISTORY,2026-08-08T23:02:58+05:30
2014-12-31,SMD-0032,BANKINDIA,NSE:BANKINDIA-EQ,301.2,305.0,300.5,301.8,3019396,FYERS_HISTORY,2026-08-08T23:02:58+05:30
2015-01-01,SMD-0032,BANKINDIA,NSE:BANKINDIA-EQ,301.5,306.0,301.0,304.35,1916939,FYERS_HISTORY,2026-08-08T23:02:58+05:30
2015-01-02,SMD-0032,BANKINDIA,NSE:BANKINDIA-EQ,304.35,311.95,304.0,307.75,5802477,FYERS_HISTORY,2026-08-08T23:02:58+05:30
2015-01-05,SMD-0032,BANKINDIA,NSE:BANKINDIA-EQ,309.9,309.9,304.8,307.0,2744163,FYERS_HISTORY,2026-08-08T23:02:58+05:30
2015-01-06,SMD-0032,BANKINDIA,NSE:BANKINDIA-EQ,303.5,305.5,290.2,291.6,3124631,FYERS_HISTORY,2026-08-08T23:02:58+05:30
2015-01-07,SMD-0032,BANKINDIA,NSE:BANKINDIA-EQ,290.0,293.5,284.15,288.1,3067861,FYERS_HISTORY,2026-08-08T23:02:58+05:30
2015-01-08,SMD-0032,BANKINDIA,NSE:BANKINDIA-EQ,292.0,297.0,291.2,296.1,2243552,FYERS_HISTORY,2026-08-08T23:02:58+05:30
2015-01-09,SMD-0032,BANKINDIA,NSE:BANKINDIA-EQ,297.55,298.8,290.4,293.45,2604119,FYERS_HISTORY,2026-08-08T23:02:58+05:30
2015-01-12,SMD-0032,BANKINDIA,NSE:BANKINDIA-EQ,293.45,300.6,289.8,298.9,3605898,FYERS_HISTORY,2026-08-08T23:02:58+05:30
2015-01-13,SMD-0032,BANKINDIA,NSE:BANKINDIA-EQ,301.15,301.5,291.8,294.5,2533723,FYERS_HISTORY,2026-08-08T23:02:58+05:30
2015-01-14,SMD-0032,BANKINDIA,NSE:BANKINDIA-EQ,293.2,296.5,288.1,290.8,1646465,FYERS_HISTORY,2026-08-08T23:02:58+05:30
2015-01-15,SMD-0032,BANKINDIA,NSE:BANKINDIA-EQ,303.35,304.8,298.05,300.85,3286107,FYERS_HISTORY,2026-08-08T23:02:58+05:30
2015-01-16,SMD-0032,BANKINDIA,NSE:BANKINDIA-EQ,300.6,302.9,297.15,300.4,2439163,FYERS_HISTORY,2026-08-08T23:02:58+05:30
2015-01-19,SMD-0032,BANKINDIA,NSE:BANKINDIA-EQ,303.5,304.5,297.6,299.0,2136920,FYERS_HISTORY,2026-08-08T23:02:58+05:30
2015-01-20,SMD-0032,BANKINDIA,NSE:BANKINDIA-EQ,299.3,303.8,296.0,297.05,3067676,FYERS_HISTORY,2026-08-08T23:02:58+05:30
2015-01-21,SMD-0032,BANKINDIA,NSE:BANKINDIA-EQ,299.0,306.0,298.0,302.0,5614490,FYERS_HISTORY,2026-08-08T23:02:58+05:30
2015-01-22,SMD-0032,BANKINDIA,NSE:BANKINDIA-EQ,303.4,304.4,296.75,298.7,2341535,FYERS_HISTORY,2026-08-08T23:02:58+05:30
2015-01-23,SMD-0032,BANKINDIA,NSE:BANKINDIA-EQ,301.95,304.0,292.25,294.3,3224128,FYERS_HISTORY,2026-08-08T23:02:58+05:30
2015-01-27,SMD-0032,BANKINDIA,NSE:BANKINDIA-EQ,295.3,296.0,286.0,291.55,3126996,FYERS_HISTORY,2026-08-08T23:02:58+05:30
2015-01-28,SMD-0032,BANKINDIA,NSE:BANKINDIA-EQ,291.2,294.5,288.05,291.35,2091362,FYERS_HISTORY,2026-08-08T23:02:58+05:30
2015-01-29,SMD-0032,BANKINDIA,NSE:BANKINDIA-EQ,290.6,292.8,280.0,280.8,3162294,FYERS_HISTORY,2026-08-08T23:02:58+05:30
2015-01-30,SMD-0032,BANKINDIA,NSE:BANKINDIA-EQ,282.45,285.3,261.55,266.25,5203097,FYERS_HISTORY,2026-08-08T23:02:58+05:30
2015-02-02,SMD-0032,BANKINDIA,NSE:BANKINDIA-EQ,267.25,276.05,265.6,273.8,2668549,FYERS_HISTORY,2026-08-08T23:02:58+05:30
2015-02-03,SMD-0032,BANKINDIA,NSE:BANKINDIA-EQ,275.45,276.9,259.5,261.15,4795568,FYERS_HISTORY,2026-08-08T23:02:58+05:30
2015-02-04,SMD-0032,BANKINDIA,NSE:BANKINDIA-EQ,262.95,264.2,256.0,257.05,5006893,FYERS_HISTORY,2026-08-08T23:02:58+05:30
2015-02-05,SMD-0032,BANKINDIA,NSE:BANKINDIA-EQ,257.1,260.8,247.55,249.45,2722463,FYERS_HISTORY,2026-08-08T23:02:58+05:30
2015-02-06,SMD-0032,BANKINDIA,NSE:BANKINDIA-EQ,249.9,251.85,242.95,247.2,3320834,FYERS_HISTORY,2026-08-08T23:02:58+05:30
2015-02-09,SMD-0032,BANKINDIA,NSE:BANKINDIA-EQ,246.2,248.5,231.1,232.7,4691597,FYERS_HISTORY,2026-08-08T23:02:58+05:30
2015-02-10,SMD-0032,BANKINDIA,NSE:BANKINDIA-EQ,232.0,243.35,228.2,236.45,4802236,FYERS_HISTORY,2026-08-08T23:02:58+05:30
2015-02-11,SMD-0032,BANKINDIA,NSE:BANKINDIA-EQ,238.15,243.7,236.4,241.3,2741617,FYERS_HISTORY,2026-08-08T23:02:58+05:30
2015-02-12,SMD-0032,BANKINDIA,NSE:BANKINDIA-EQ,243.0,244.8,225.1,227.4,12209501,FYERS_HISTORY,2026-08-08T23:02:58+05:30
2015-02-13,SMD-0032,BANKINDIA,NSE:BANKINDIA-EQ,226.5,236.6,225.85,235.5,5100439,FYERS_HISTORY,2026-08-08T23:02:58+05:30
2015-02-16,SMD-0032,BANKINDIA,NSE:BANKINDIA-EQ,237.0,239.95,230.0,235.15,4689806,FYERS_HISTORY,2026-08-08T23:02:58+05:30
2015-02-18,SMD-0032,BANKINDIA,NSE:BANKINDIA-EQ,236.0,236.75,232.35,234.05,2347153,FYERS_HISTORY,2026-08-08T23:02:58+05:30
2015-02-19,SMD-0032,BANKINDIA,NSE:BANKINDIA-EQ,234.3,236.25,228.6,234.0,2634167,FYERS_HISTORY,2026-08-08T23:02:58+05:30
2015-02-20,SMD-0032,BANKINDIA,NSE:BANKINDIA-EQ,235.0,243.3,232.0,238.65,3471395,FYERS_HISTORY,2026-08-08T23:02:58+05:30
2015-02-23,SMD-0032,BANKINDIA,NSE:BANKINDIA-EQ,240.5,241.25,233.25,234.75,2281780,FYERS_HISTORY,2026-08-08T23:02:58+05:30
2015-02-24,SMD-0032,BANKINDIA,NSE:BANKINDIA-EQ,234.8,235.1,229.5,231.95,2772609,FYERS_HISTORY,2026-08-08T23:02:58+05:30
2015-02-25,SMD-0032,BANKINDIA,NSE:BANKINDIA-EQ,233.9,234.5,228.25,229.05,2393566,FYERS_HISTORY,2026-08-08T23:02:58+05:30
2015-02-26,SMD-0032,BANKINDIA,NSE:BANKINDIA-EQ,229.0,229.6,221.2,221.75,3702558,FYERS_HISTORY,2026-08-08T23:02:58+05:30
2015-02-27,SMD-0032,BANKINDIA,NSE:BANKINDIA-EQ,224.05,237.0,223.5,235.6,3617079,FYERS_HISTORY,2026-08-08T23:02:58+05:30
2015-02-28,SMD-0032,BANKINDIA,NSE:BANKINDIA-EQ,237.9,241.25,228.0,234.3,3920144,FYERS_HISTORY,2026-08-08T23:02:58+05:30
2015-03-02,SMD-0032,BANKINDIA,NSE:BANKINDIA-EQ,237.5,241.0,232.05,235.9,2559593,FYERS_HISTORY,2026-08-08T23:02:58+05:30
2015-03-03,SMD-0032,BANKINDIA,NSE:BANKINDIA-EQ,236.8,241.0,232.9,239.9,2425630,FYERS_HISTORY,2026-08-08T23:02:58+05:30
2015-03-04,SMD-0032,BANKINDIA,NSE:BANKINDIA-EQ,248.8,250.0,228.0,231.35,5621462,FYERS_HISTORY,2026-08-08T23:02:58+05:30
2015-03-05,SMD-0032,BANKINDIA,NSE:BANKINDIA-EQ,232.0,233.8,225.25,229.25,3549960,FYERS_HISTORY,2026-08-08T23:02:58+05:30
2015-03-09,SMD-0032,BANKINDIA,NSE:BANKINDIA-EQ,227.0,227.5,221.7,222.5,2569657,FYERS_HISTORY,2026-08-08T23:02:58+05:30
2015-03-10,SMD-0032,BANKINDIA,NSE:BANKINDIA-EQ,223.95,224.8,217.45,219.45,2999667,FYERS_HISTORY,2026-08-08T23:02:58+05:30
2015-03-11,SMD-0032,BANKINDIA,NSE:BANKINDIA-EQ,220.0,221.7,215.0,217.9,3859916,FYERS_HISTORY,2026-08-08T23:02:58+05:30
2015-03-12,SMD-0032,BANKINDIA,NSE:BANKINDIA-EQ,219.7,223.0,219.05,220.05,1887194,FYERS_HISTORY,2026-08-08T23:02:58+05:30
2015-03-13,SMD-0032,BANKINDIA,NSE:BANKINDIA-EQ,222.4,223.65,215.5,216.0,2584656,FYERS_HISTORY,2026-08-08T23:02:58+05:30
2015-03-16,SMD-0032,BANKINDIA,NSE:BANKINDIA-EQ,217.15,218.75,214.1,216.35,2028833,FYERS_HISTORY,2026-08-08T23:02:58+05:30
2015-03-17,SMD-0032,BANKINDIA,NSE:BANKINDIA-EQ,218.0,219.7,215.1,218.0,2138881,FYERS_HISTORY,2026-08-08T23:02:58+05:30
2015-03-18,SMD-0032,BANKINDIA,NSE:BANKINDIA-EQ,219.0,222.35,217.55,220.55,2025966,FYERS_HISTORY,2026-08-08T23:02:58+05:30
2015-03-19,SMD-0032,BANKINDIA,NSE:BANKINDIA-EQ,224.5,224.55,215.0,215.85,1687218,FYERS_HISTORY,2026-08-08T23:02:58+05:30
2015-03-20,SMD-0032,BANKINDIA,NSE:BANKINDIA-EQ,215.2,217.95,210.5,212.6,3012534,FYERS_HISTORY,2026-08-08T23:02:58+05:30
2015-03-23,SMD-0032,BANKINDIA,NSE:BANKINDIA-EQ,213.5,214.55,208.4,209.1,2210084,FYERS_HISTORY,2026-08-08T23:02:58+05:30
2015-03-24,SMD-0032,BANKINDIA,NSE:BANKINDIA-EQ,207.0,209.75,203.7,204.6,2917431,FYERS_HISTORY,2026-08-08T23:02:58+05:30
2015-03-25,SMD-0032,BANKINDIA,NSE:BANKINDIA-EQ,204.5,205.6,202.0,202.8,2074761,FYERS_HISTORY,2026-08-08T23:02:58+05:30
2015-03-26,SMD-0032,BANKINDIA,NSE:BANKINDIA-EQ,201.8,203.9,196.25,197.35,2921264,FYERS_HISTORY,2026-08-08T23:02:58+05:30
2015-03-27,SMD-0032,BANKINDIA,NSE:BANKINDIA-EQ,198.1,200.45,191.5,198.55,4105214,FYERS_HISTORY,2026-08-08T23:02:58+05:30
2015-03-30,SMD-0032,BANKINDIA,NSE:BANKINDIA-EQ,201.0,201.0,195.0,199.9,2289290,FYERS_HISTORY,2026-08-08T23:02:58+05:30
2015-03-31,SMD-0032,BANKINDIA,NSE:BANKINDIA-EQ,200.9,202.0,194.85,195.85,2826420,FYERS_HISTORY,2026-08-08T23:02:58+05:30
2015-04-01,SMD-0032,BANKINDIA,NSE:BANKINDIA-EQ,194.6,209.8,194.05,205.75,3396490,FYERS_HISTORY,2026-08-08T23:02:58+05:30
2015-04-06,SMD-0032,BANKINDIA,NSE:BANKINDIA-EQ,206.9,209.35,202.1,206.0,2655791,FYERS_HISTORY,2026-08-08T23:02:58+05:30
2015-04-07,SMD-0032,BANKINDIA,NSE:BANKINDIA-EQ,206.95,209.0,203.8,207.0,2767286,FYERS_HISTORY,2026-08-08T23:02:58+05:30
2015-04-08,SMD-0032,BANKINDIA,NSE:BANKINDIA-EQ,207.9,209.4,205.2,205.9,1816989,FYERS_HISTORY,2026-08-08T23:02:58+05:30
2015-04-09,SMD-0032,BANKINDIA,NSE:BANKINDIA-EQ,207.0,214.35,202.7,212.7,3897747,FYERS_HISTORY,2026-08-08T23:02:58+05:30
2015-04-10,SMD-0032,BANKINDIA,NSE:BANKINDIA-EQ,213.15,219.7,213.0,218.95,3859810,FYERS_HISTORY,2026-08-08T23:02:58+05:30
2015-04-13,SMD-0032,BANKINDIA,NSE:BANKINDIA-EQ,217.25,222.75,217.25,221.0,2529275,FYERS_HISTORY,2026-08-08T23:02:58+05:30
2015-04-15,SMD-0032,BANKINDIA,NSE:BANKINDIA-EQ,221.95,233.2,221.25,226.9,3629802,FYERS_HISTORY,2026-08-08T23:02:58+05:30
2015-04-16,SMD-0032,BANKINDIA,NSE:BANKINDIA-EQ,227.4,228.6,221.4,225.05,3545192,FYERS_HISTORY,2026-08-08T23:02:58+05:30
2015-04-17,SMD-0032,BANKINDIA,NSE:BANKINDIA-EQ,225.0,231.8,223.0,228.35,3555729,FYERS_HISTORY,2026-08-08T23:02:58+05:30
2015-04-20,SMD-0032,BANKINDIA,NSE:BANKINDIA-EQ,228.6,230.9,217.0,220.75,2699905,FYERS_HISTORY,2026-08-08T23:02:58+05:30
2015-04-21,SMD-0032,BANKINDIA,NSE:BANKINDIA-EQ,220.05,225.8,219.1,223.05,2327994,FYERS_HISTORY,2026-08-08T23:02:58+05:30
2015-04-22,SMD-0032,BANKINDIA,NSE:BANKINDIA-EQ,224.0,225.6,216.6,221.9,2404134,FYERS_HISTORY,2026-08-08T23:02:58+05:30
2015-04-23,SMD-0032,BANKINDIA,NSE:BANKINDIA-EQ,223.3,224.6,217.5,218.4,1841161,FYERS_HISTORY,2026-08-08T23:02:58+05:30
2015-04-24,SMD-0032,BANKINDIA,NSE:BANKINDIA-EQ,219.0,219.25,209.1,210.1,2758331,FYERS_HISTORY,2026-08-08T23:02:58+05:30
2015-04-27,SMD-0032,BANKINDIA,NSE:BANKINDIA-EQ,210.7,213.7,204.4,210.7,2514996,FYERS_HISTORY,2026-08-08T23:02:58+05:30
2015-04-28,SMD-0032,BANKINDIA,NSE:BANKINDIA-EQ,210.1,216.7,209.65,215.7,1882036,FYERS_HISTORY,2026-08-08T23:02:58+05:30
2015-04-29,SMD-0032,BANKINDIA,NSE:BANKINDIA-EQ,216.6,217.3,212.1,213.5,1563003,FYERS_HISTORY,2026-08-08T23:02:58+05:30
2015-04-30,SMD-0032,BANKINDIA,NSE:BANKINDIA-EQ,213.4,218.0,210.75,216.6,2755609,FYERS_HISTORY,2026-08-08T23:02:58+05:30
2015-05-04,SMD-0032,BANKINDIA,NSE:BANKINDIA-EQ,217.25,224.9,216.55,223.9,2006974,FYERS_HISTORY,2026-08-08T23:02:58+05:30
2015-05-05,SMD-0032,BANKINDIA,NSE:BANKINDIA-EQ,224.0,225.8,221.35,223.05,1082762,FYERS_HISTORY,2026-08-08T23:02:58+05:30
2015-05-06,SMD-0032,BANKINDIA,NSE:BANKINDIA-EQ,222.0,223.95,207.65,208.35,2041219,FYERS_HISTORY,2026-08-08T23:02:58+05:30
2015-05-07,SMD-0032,BANKINDIA,NSE:BANKINDIA-EQ,208.35,209.5,198.45,200.65,2276117,FYERS_HISTORY,2026-08-08T23:02:58+05:30
2015-05-08,SMD-0032,BANKINDIA,NSE:BANKINDIA-EQ,203.0,205.05,190.5,195.85,3153154,FYERS_HISTORY,2026-08-08T23:02:58+05:30
2015-05-11,SMD-0032,BANKINDIA,NSE:BANKINDIA-EQ,199.0,210.75,193.4,206.25,4893365,FYERS_HISTORY,2026-08-08T23:02:58+05:30
2015-05-12,SMD-0032,BANKINDIA,NSE:BANKINDIA-EQ,206.4,206.8,196.65,197.9,2901687,FYERS_HISTORY,2026-08-08T23:02:58+05:30
2015-05-13,SMD-0032,BANKINDIA,NSE:BANKINDIA-EQ,199.1,207.0,199.1,203.5,3698640,FYERS_HISTORY,2026-08-08T23:02:58+05:30
2015-05-14,SMD-0032,BANKINDIA,NSE:BANKINDIA-EQ,203.35,212.0,200.35,211.0,3220784,FYERS_HISTORY,2026-08-08T23:02:58+05:30
2015-05-15,SMD-0032,BANKINDIA,NSE:BANKINDIA-EQ,212.55,214.0,206.55,209.0,2714360,FYERS_HISTORY,2026-08-08T23:02:58+05:30
2015-05-18,SMD-0032,BANKINDIA,NSE:BANKINDIA-EQ,209.7,210.3,204.1,206.9,2099587,FYERS_HISTORY,2026-08-08T23:02:58+05:30
2015-05-19,SMD-0032,BANKINDIA,NSE:BANKINDIA-EQ,207.15,210.3,205.15,206.75,2458162,FYERS_HISTORY,2026-08-08T23:02:58+05:30
2015-05-20,SMD-0032,BANKINDIA,NSE:BANKINDIA-EQ,207.4,209.3,204.9,205.75,1551748,FYERS_HISTORY,2026-08-08T23:02:58+05:30
2015-05-21,SMD-0032,BANKINDIA,NSE:BANKINDIA-EQ,206.5,207.15,203.55,206.5,1463709,FYERS_HISTORY,2026-08-08T23:02:58+05:30
2015-05-22,SMD-0032,BANKINDIA,NSE:BANKINDIA-EQ,207.5,210.0,200.7,202.15,3000052,FYERS_HISTORY,2026-08-08T23:02:58+05:30
2015-05-25,SMD-0032,BANKINDIA,NSE:BANKINDIA-EQ,202.3,204.5,200.0,203.25,1723584,FYERS_HISTORY,2026-08-08T23:02:58+05:30
2015-05-26,SMD-0032,BANKINDIA,NSE:BANKINDIA-EQ,203.7,204.0,201.0,202.15,2167200,FYERS_HISTORY,2026-08-08T23:02:58+05:30
2015-05-27,SMD-0032,BANKINDIA,NSE:BANKINDIA-EQ,200.7,208.0,200.0,203.85,2819517,FYERS_HISTORY,2026-08-08T23:02:58+05:30
2015-05-28,SMD-0032,BANKINDIA,NSE:BANKINDIA-EQ,204.8,205.0,188.0,191.85,15678244,FYERS_HISTORY,2026-08-08T23:02:58+05:30
2015-05-29,SMD-0032,BANKINDIA,NSE:BANKINDIA-EQ,189.0,198.0,189.0,197.2,4663486,FYERS_HISTORY,2026-08-08T23:02:58+05:30
2015-06-01,SMD-0032,BANKINDIA,NSE:BANKINDIA-EQ,197.5,199.0,195.3,196.5,1804483,FYERS_HISTORY,2026-08-08T23:02:58+05:30
2015-06-02,SMD-0032,BANKINDIA,NSE:BANKINDIA-EQ,197.0,197.2,188.5,189.2,4190633,FYERS_HISTORY,2026-08-08T23:02:58+05:30
2015-06-03,SMD-0032,BANKINDIA,NSE:BANKINDIA-EQ,189.25,191.8,186.0,189.75,3491134,FYERS_HISTORY,2026-08-08T23:02:58+05:30
2015-06-04,SMD-0032,BANKINDIA,NSE:BANKINDIA-EQ,190.65,190.9,180.55,183.0,3807113,FYERS_HISTORY,2026-08-08T23:02:58+05:30
2015-06-05,SMD-0032,BANKINDIA,NSE:BANKINDIA-EQ,180.5,183.5,179.2,180.85,2354959,FYERS_HISTORY,2026-08-08T23:02:58+05:30
2015-06-08,SMD-0032,BANKINDIA,NSE:BANKINDIA-EQ,180.8,181.8,173.2,174.05,2579847,FYERS_HISTORY,2026-08-08T23:02:58+05:30
2015-06-09,SMD-0032,BANKINDIA,NSE:BANKINDIA-EQ,173.6,176.4,173.0,175.6,1632228,FYERS_HISTORY,2026-08-08T23:02:58+05:30
2015-06-10,SMD-0032,BANKINDIA,NSE:BANKINDIA-EQ,175.0,179.0,174.6,176.65,1550278,FYERS_HISTORY,2026-08-08T23:02:58+05:30
2015-06-11,SMD-0032,BANKINDIA,NSE:BANKINDIA-EQ,178.1,178.5,171.9,173.15,2707973,FYERS_HISTORY,2026-08-08T23:02:58+05:30
2015-06-12,SMD-0032,BANKINDIA,NSE:BANKINDIA-EQ,172.3,174.65,171.0,173.35,2341520,FYERS_HISTORY,2026-08-08T23:02:58+05:30
2015-06-15,SMD-0032,BANKINDIA,NSE:BANKINDIA-EQ,174.4,176.5,170.0,171.1,2128968,FYERS_HISTORY,2026-08-08T23:02:58+05:30
2015-06-16,SMD-0032,BANKINDIA,NSE:BANKINDIA-EQ,172.4,175.55,171.55,174.3,1827561,FYERS_HISTORY,2026-08-08T23:02:58+05:30
2015-06-17,SMD-0032,BANKINDIA,NSE:BANKINDIA-EQ,176.0,176.6,173.1,173.8,1216942,FYERS_HISTORY,2026-08-08T23:02:58+05:30
2015-06-18,SMD-0032,BANKINDIA,NSE:BANKINDIA-EQ,175.0,177.8,174.0,175.65,1956249,FYERS_HISTORY,2026-08-08T23:02:58+05:30
2015-06-19,SMD-0032,BANKINDIA,NSE:BANKINDIA-EQ,176.5,178.4,174.85,177.6,1804466,FYERS_HISTORY,2026-08-08T23:02:58+05:30
2015-06-22,SMD-0032,BANKINDIA,NSE:BANKINDIA-EQ,178.3,185.55,177.6,183.25,2393473,FYERS_HISTORY,2026-08-08T23:02:58+05:30
2015-06-23,SMD-0032,BANKINDIA,NSE:BANKINDIA-EQ,184.0,187.5,182.25,184.3,1988170,FYERS_HISTORY,2026-08-08T23:02:58+05:30
2015-06-24,SMD-0032,BANKINDIA,NSE:BANKINDIA-EQ,185.05,185.35,178.5,179.2,2304905,FYERS_HISTORY,2026-08-08T23:02:58+05:30
2015-06-25,SMD-0032,BANKINDIA,NSE:BANKINDIA-EQ,179.0,185.7,176.35,183.35,3819117,FYERS_HISTORY,2026-08-08T23:02:58+05:30
2015-06-26,SMD-0032,BANKINDIA,NSE:BANKINDIA-EQ,182.75,182.75,176.0,177.1,2537257,FYERS_HISTORY,2026-08-08T23:02:58+05:30
2015-06-29,SMD-0032,BANKINDIA,NSE:BANKINDIA-EQ,172.2,175.0,169.0,172.05,2431921,FYERS_HISTORY,2026-08-08T23:02:58+05:30
2015-06-30,SMD-0032,BANKINDIA,NSE:BANKINDIA-EQ,169.0,172.9,168.1,171.4,2356812,FYERS_HISTORY,2026-08-08T23:02:58+05:30
2015-07-01,SMD-0032,BANKINDIA,NSE:BANKINDIA-EQ,171.3,181.25,170.7,179.55,3185421,FYERS_HISTORY,2026-08-08T23:02:58+05:30
2015-07-02,SMD-0032,BANKINDIA,NSE:BANKINDIA-EQ,180.25,180.7,177.15,178.35,1556954,FYERS_HISTORY,2026-08-08T23:02:58+05:30
2015-07-03,SMD-0032,BANKINDIA,NSE:BANKINDIA-EQ,178.0,181.9,176.3,180.75,2455858,FYERS_HISTORY,2026-08-08T23:02:58+05:30
2015-07-06,SMD-0032,BANKINDIA,NSE:BANKINDIA-EQ,176.1,186.0,175.75,184.7,2360614,FYERS_HISTORY,2026-08-08T23:02:58+05:30
2015-07-07,SMD-0032,BANKINDIA,NSE:BANKINDIA-EQ,184.7,186.4,182.2,184.8,1784298,FYERS_HISTORY,2026-08-08T23:02:58+05:30
2015-07-08,SMD-0032,BANKINDIA,NSE:BANKINDIA-EQ,181.9,183.2,177.75,180.15,2324257,FYERS_HISTORY,2026-08-08T23:02:58+05:30
2015-07-09,SMD-0032,BANKINDIA,NSE:BANKINDIA-EQ,181.0,186.9,181.0,184.45,3491147,FYERS_HISTORY,2026-08-08T23:02:58+05:30
2015-07-10,SMD-0032,BANKINDIA,NSE:BANKINDIA-EQ,182.0,183.0,179.0,180.5,2787386,FYERS_HISTORY,2026-08-08T23:02:58+05:30
2015-07-13,SMD-0032,BANKINDIA,NSE:BANKINDIA-EQ,181.5,184.3,179.9,183.05,1811572,FYERS_HISTORY,2026-08-08T23:02:58+05:30
2015-07-14,SMD-0032,BANKINDIA,NSE:BANKINDIA-EQ,183.9,184.5,180.6,181.6,1450637,FYERS_HISTORY,2026-08-08T23:02:58+05:30
2015-07-15,SMD-0032,BANKINDIA,NSE:BANKINDIA-EQ,182.0,183.8,178.1,178.75,1431354,FYERS_HISTORY,2026-08-08T23:02:58+05:30
2015-07-16,SMD-0032,BANKINDIA,NSE:BANKINDIA-EQ,179.3,182.4,179.0,180.2,1296885,FYERS_HISTORY,2026-08-08T23:02:58+05:30
2015-07-17,SMD-0032,BANKINDIA,NSE:BANKINDIA-EQ,181.7,182.2,178.2,179.2,1178811,FYERS_HISTORY,2026-08-08T23:02:58+05:30
2015-07-20,SMD-0032,BANKINDIA,NSE:BANKINDIA-EQ,180.2,180.2,172.95,173.4,2012714,FYERS_HISTORY,2026-08-08T23:02:58+05:30
2015-07-21,SMD-0032,BANKINDIA,NSE:BANKINDIA-EQ,174.25,176.0,170.1,170.5,2054325,FYERS_HISTORY,2026-08-08T23:02:58+05:30
2015-07-22,SMD-0032,BANKINDIA,NSE:BANKINDIA-EQ,170.0,172.75,168.1,172.1,1116222,FYERS_HISTORY,2026-08-08T23:02:58+05:30
2015-07-23,SMD-0032,BANKINDIA,NSE:BANKINDIA-EQ,172.9,173.8,170.3,172.95,1287266,FYERS_HISTORY,2026-08-08T23:02:58+05:30
2015-07-24,SMD-0032,BANKINDIA,NSE:BANKINDIA-EQ,172.8,174.5,170.6,171.3,1036415,FYERS_HISTORY,2026-08-08T23:02:58+05:30
2015-07-27,SMD-0032,BANKINDIA,NSE:BANKINDIA-EQ,170.0,170.3,163.1,163.75,1804573,FYERS_HISTORY,2026-08-08T23:02:58+05:30
2015-07-28,SMD-0032,BANKINDIA,NSE:BANKINDIA-EQ,164.0,165.3,153.2,154.45,9024324,FYERS_HISTORY,2026-08-08T23:02:58+05:30
2015-07-29,SMD-0032,BANKINDIA,NSE:BANKINDIA-EQ,154.0,155.5,147.6,149.75,4112634,FYERS_HISTORY,2026-08-08T23:02:58+05:30
2015-07-30,SMD-0032,BANKINDIA,NSE:BANKINDIA-EQ,151.0,159.95,150.0,157.25,5759396,FYERS_HISTORY,2026-08-08T23:02:58+05:30
2015-07-31,SMD-0032,BANKINDIA,NSE:BANKINDIA-EQ,158.0,166.1,156.35,163.0,5133078,FYERS_HISTORY,2026-08-08T23:02:58+05:30
2015-08-03,SMD-0032,BANKINDIA,NSE:BANKINDIA-EQ,163.95,171.85,163.6,167.05,4762700,FYERS_HISTORY,2026-08-08T23:02:58+05:30
2015-08-04,SMD-0032,BANKINDIA,NSE:BANKINDIA-EQ,168.75,174.0,165.3,173.1,5822703,FYERS_HISTORY,2026-08-08T23:02:58+05:30
2015-08-05,SMD-0032,BANKINDIA,NSE:BANKINDIA-EQ,175.0,178.0,168.55,169.95,4543645,FYERS_HISTORY,2026-08-08T23:02:58+05:30
2015-08-06,SMD-0032,BANKINDIA,NSE:BANKINDIA-EQ,170.0,176.3,167.0,174.2,3530153,FYERS_HISTORY,2026-08-08T23:02:58+05:30
2015-08-07,SMD-0032,BANKINDIA,NSE:BANKINDIA-EQ,173.5,175.0,170.3,171.3,1973230,FYERS_HISTORY,2026-08-08T23:02:58+05:30
2015-08-10,SMD-0032,BANKINDIA,NSE:BANKINDIA-EQ,171.85,173.8,167.5,168.9,2609409,FYERS_HISTORY,2026-08-08T23:02:58+05:30
2015-08-11,SMD-0032,BANKINDIA,NSE:BANKINDIA-EQ,169.9,170.4,162.95,163.65,2303866,FYERS_HISTORY,2026-08-08T23:02:58+05:30
2015-08-12,SMD-0032,BANKINDIA,NSE:BANKINDIA-EQ,162.0,163.75,156.55,157.95,2760414,FYERS_HISTORY,2026-08-08T23:02:58+05:30
2015-08-13,SMD-0032,BANKINDIA,NSE:BANKINDIA-EQ,160.0,162.65,155.7,157.5,1961821,FYERS_HISTORY,2026-08-08T23:02:58+05:30
2015-08-14,SMD-0032,BANKINDIA,NSE:BANKINDIA-EQ,158.5,171.25,157.2,170.2,3374170,FYERS_HISTORY,2026-08-08T23:02:58+05:30
2015-08-17,SMD-0032,BANKINDIA,NSE:BANKINDIA-EQ,172.4,188.25,171.8,185.75,8654063,FYERS_HISTORY,2026-08-08T23:02:58+05:30
2015-08-18,SMD-0032,BANKINDIA,NSE:BANKINDIA-EQ,185.45,187.3,177.6,178.75,5515718,FYERS_HISTORY,2026-08-08T23:02:58+05:30
2015-08-19,SMD-0032,BANKINDIA,NSE:BANKINDIA-EQ,178.75,180.1,175.1,177.1,3375051,FYERS_HISTORY,2026-08-08T23:02:58+05:30
2015-08-20,SMD-0032,BANKINDIA,NSE:BANKINDIA-EQ,175.0,179.1,168.35,169.65,3186763,FYERS_HISTORY,2026-08-08T23:02:58+05:30
2015-08-21,SMD-0032,BANKINDIA,NSE:BANKINDIA-EQ,162.7,167.5,160.95,166.5,4432334,FYERS_HISTORY,2026-08-08T23:02:58+05:30
2015-08-24,SMD-0032,BANKINDIA,NSE:BANKINDIA-EQ,158.0,158.85,133.2,140.35,6477102,FYERS_HISTORY,2026-08-08T23:02:58+05:30
2015-08-25,SMD-0032,BANKINDIA,NSE:BANKINDIA-EQ,143.6,145.4,131.4,140.9,7510477,FYERS_HISTORY,2026-08-08T23:02:58+05:30
2015-08-26,SMD-0032,BANKINDIA,NSE:BANKINDIA-EQ,140.0,143.3,136.15,138.9,3330631,FYERS_HISTORY,2026-08-08T23:02:58+05:30
2015-08-27,SMD-0032,BANKINDIA,NSE:BANKINDIA-EQ,143.0,143.9,140.0,142.75,3377397,FYERS_HISTORY,2026-08-08T23:02:58+05:30
2015-08-28,SMD-0032,BANKINDIA,NSE:BANKINDIA-EQ,146.0,148.1,138.15,141.55,4489613,FYERS_HISTORY,2026-08-08T23:02:58+05:30
2015-08-31,SMD-0032,BANKINDIA,NSE:BANKINDIA-EQ,142.0,147.5,140.55,142.15,3325862,FYERS_HISTORY,2026-08-08T23:02:58+05:30
2015-09-01,SMD-0032,BANKINDIA,NSE:BANKINDIA-EQ,139.5,141.0,132.25,134.5,4241770,FYERS_HISTORY,2026-08-08T23:02:58+05:30
2015-09-02,SMD-0032,BANKINDIA,NSE:BANKINDIA-EQ,136.0,136.8,130.2,130.9,4335261,FYERS_HISTORY,2026-08-08T23:02:58+05:30
2015-09-03,SMD-0032,BANKINDIA,NSE:BANKINDIA-EQ,132.4,135.75,131.7,133.45,2863286,FYERS_HISTORY,2026-08-08T23:02:58+05:30
2015-09-04,SMD-0032,BANKINDIA,NSE:BANKINDIA-EQ,132.75,132.75,126.0,128.7,3791111,FYERS_HISTORY,2026-08-08T23:02:58+05:30
2015-09-07,SMD-0032,BANKINDIA,NSE:BANKINDIA-EQ,129.1,131.5,126.4,127.25,2620488,FYERS_HISTORY,2026-08-08T23:02:58+05:30
2015-09-08,SMD-0032,BANKINDIA,NSE:BANKINDIA-EQ,128.6,137.2,127.7,133.5,4054881,FYERS_HISTORY,2026-08-08T23:02:58+05:30
2015-09-09,SMD-0032,BANKINDIA,NSE:BANKINDIA-EQ,136.0,137.45,132.5,135.3,3240649,FYERS_HISTORY,2026-08-08T23:02:58+05:30
2015-09-10,SMD-0032,BANKINDIA,NSE:BANKINDIA-EQ,132.7,133.8,129.8,131.8,3204404,FYERS_HISTORY,2026-08-08T23:02:58+05:30
2015-09-11,SMD-0032,BANKINDIA,NSE:BANKINDIA-EQ,133.7,135.45,130.65,132.1,3141431,FYERS_HISTORY,2026-08-08T23:02:58+05:30
2015-09-14,SMD-0032,BANKINDIA,NSE:BANKINDIA-EQ,132.8,136.4,131.65,136.0,2397118,FYERS_HISTORY,2026-08-08T23:02:58+05:30
2015-09-15,SMD-0032,BANKINDIA,NSE:BANKINDIA-EQ,136.0,141.4,135.75,137.5,5202702,FYERS_HISTORY,2026-08-08T23:02:58+05:30
2015-09-16,SMD-0032,BANKINDIA,NSE:BANKINDIA-EQ,139.2,140.35,137.8,138.65,2509733,FYERS_HISTORY,2026-08-08T23:02:58+05:30
2015-09-18,SMD-0032,BANKINDIA,NSE:BANKINDIA-EQ,141.0,145.0,139.1,140.3,4515803,FYERS_HISTORY,2026-08-08T23:02:58+05:30
2015-09-21,SMD-0032,BANKINDIA,NSE:BANKINDIA-EQ,138.6,144.0,137.95,143.55,3278052,FYERS_HISTORY,2026-08-08T23:02:58+05:30
2015-09-22,SMD-0032,BANKINDIA,NSE:BANKINDIA-EQ,144.75,145.7,135.6,136.75,3207993,FYERS_HISTORY,2026-08-08T23:02:58+05:30
2015-09-23,SMD-0032,BANKINDIA,NSE:BANKINDIA-EQ,134.1,137.45,133.95,135.7,4722694,FYERS_HISTORY,2026-08-08T23:02:58+05:30
2015-09-24,SMD-0032,BANKINDIA,NSE:BANKINDIA-EQ,135.7,137.2,133.6,135.15,2879248,FYERS_HISTORY,2026-08-08T23:02:58+05:30
2015-09-28,SMD-0032,BANKINDIA,NSE:BANKINDIA-EQ,136.7,139.1,135.1,135.75,2031904,FYERS_HISTORY,2026-08-08T23:02:58+05:30
2015-09-29,SMD-0032,BANKINDIA,NSE:BANKINDIA-EQ,134.0,140.95,131.5,137.8,5239331,FYERS_HISTORY,2026-08-08T23:02:58+05:30
2015-09-30,SMD-0032,BANKINDIA,NSE:BANKINDIA-EQ,139.95,141.15,133.75,135.6,3170862,FYERS_HISTORY,2026-08-08T23:02:58+05:30
2015-10-01,SMD-0032,BANKINDIA,NSE:BANKINDIA-EQ,138.0,138.0,133.35,134.35,2233973,FYERS_HISTORY,2026-08-08T23:02:58+05:30
2015-10-05,SMD-0032,BANKINDIA,NSE:BANKINDIA-EQ,135.7,139.8,135.55,139.2,2366644,FYERS_HISTORY,2026-08-08T23:02:58+05:30
2015-10-06,SMD-0032,BANKINDIA,NSE:BANKINDIA-EQ,141.0,143.45,136.35,141.85,3272714,FYERS_HISTORY,2026-08-08T23:02:58+05:30
2015-10-07,SMD-0032,BANKINDIA,NSE:BANKINDIA-EQ,142.2,146.4,140.65,145.85,3387725,FYERS_HISTORY,2026-08-08T23:02:58+05:30
2015-10-08,SMD-0032,BANKINDIA,NSE:BANKINDIA-EQ,145.25,149.0,143.2,145.5,3198725,FYERS_HISTORY,2026-08-08T23:02:58+05:30
2015-10-09,SMD-0032,BANKINDIA,NSE:BANKINDIA-EQ,147.5,149.0,142.5,144.65,2618056,FYERS_HISTORY,2026-08-08T23:02:58+05:30
2015-10-12,SMD-0032,BANKINDIA,NSE:BANKINDIA-EQ,144.65,146.5,142.2,143.95,2335558,FYERS_HISTORY,2026-08-08T23:02:58+05:30
2015-10-13,SMD-0032,BANKINDIA,NSE:BANKINDIA-EQ,143.95,145.4,140.2,142.25,2083917,FYERS_HISTORY,2026-08-08T23:02:58+05:30
2015-10-14,SMD-0032,BANKINDIA,NSE:BANKINDIA-EQ,142.4,143.4,140.65,141.45,1719437,FYERS_HISTORY,2026-08-08T23:02:58+05:30
2015-10-15,SMD-0032,BANKINDIA,NSE:BANKINDIA-EQ,142.35,144.2,141.6,142.55,1522733,FYERS_HISTORY,2026-08-08T23:02:58+05:30
2015-10-16,SMD-0032,BANKINDIA,NSE:BANKINDIA-EQ,142.05,144.0,140.4,142.8,2482436,FYERS_HISTORY,2026-08-08T23:02:58+05:30
2015-10-19,SMD-0032,BANKINDIA,NSE:BANKINDIA-EQ,143.45,143.7,141.05,141.8,1273057,FYERS_HISTORY,2026-08-08T23:02:58+05:30
2015-10-20,SMD-0032,BANKINDIA,NSE:BANKINDIA-EQ,142.05,144.75,141.35,142.5,1669345,FYERS_HISTORY,2026-08-08T23:02:58+05:30
2015-10-21,SMD-0032,BANKINDIA,NSE:BANKINDIA-EQ,142.6,143.35,137.1,138.5,2432881,FYERS_HISTORY,2026-08-08T23:02:58+05:30
2015-10-23,SMD-0032,BANKINDIA,NSE:BANKINDIA-EQ,141.0,141.0,137.75,138.45,1629161,FYERS_HISTORY,2026-08-08T23:02:58+05:30
2015-10-26,SMD-0032,BANKINDIA,NSE:BANKINDIA-EQ,139.25,139.55,136.4,137.1,1478573,FYERS_HISTORY,2026-08-08T23:02:58+05:30
2015-10-27,SMD-0032,BANKINDIA,NSE:BANKINDIA-EQ,136.3,138.2,136.2,137.3,1286379,FYERS_HISTORY,2026-08-08T23:02:58+05:30
2015-10-28,SMD-0032,BANKINDIA,NSE:BANKINDIA-EQ,137.0,137.0,133.35,134.45,2043749,FYERS_HISTORY,2026-08-08T23:02:58+05:30
2015-10-29,SMD-0032,BANKINDIA,NSE:BANKINDIA-EQ,135.65,136.0,133.0,133.7,2081455,FYERS_HISTORY,2026-08-08T23:02:58+05:30
2015-10-30,SMD-0032,BANKINDIA,NSE:BANKINDIA-EQ,135.0,135.75,130.45,131.3,2210223,FYERS_HISTORY,2026-08-08T23:02:58+05:30
2015-11-02,SMD-0032,BANKINDIA,NSE:BANKINDIA-EQ,131.45,133.8,128.5,132.7,3053007,FYERS_HISTORY,2026-08-08T23:02:58+05:30
2015-11-03,SMD-0032,BANKINDIA,NSE:BANKINDIA-EQ,133.8,134.8,132.4,133.2,1923162,FYERS_HISTORY,2026-08-08T23:02:58+05:30
2015-11-04,SMD-0032,BANKINDIA,NSE:BANKINDIA-EQ,134.3,135.4,132.6,133.45,2293579,FYERS_HISTORY,2026-08-08T23:02:58+05:30
2015-11-05,SMD-0032,BANKINDIA,NSE:BANKINDIA-EQ,133.1,134.05,132.0,132.5,1439564,FYERS_HISTORY,2026-08-08T23:02:58+05:30
2015-11-06,SMD-0032,BANKINDIA,NSE:BANKINDIA-EQ,132.5,136.35,130.55,134.5,2448048,FYERS_HISTORY,2026-08-08T23:02:58+05:30
2015-11-09,SMD-0032,BANKINDIA,NSE:BANKINDIA-EQ,132.0,135.55,130.7,133.55,3577645,FYERS_HISTORY,2026-08-08T23:02:58+05:30
2015-11-10,SMD-0032,BANKINDIA,NSE:BANKINDIA-EQ,127.6,138.85,127.5,131.9,11692226,FYERS_HISTORY,2026-08-08T23:02:58+05:30
2015-11-11,SMD-0032,BANKINDIA,NSE:BANKINDIA-EQ,132.8,134.0,131.9,132.45,355945,FYERS_HISTORY,2026-08-08T23:02:58+05:30
2015-11-13,SMD-0032,BANKINDIA,NSE:BANKINDIA-EQ,131.95,131.95,129.3,130.25,2507502,FYERS_HISTORY,2026-08-08T23:02:58+05:30
2015-11-16,SMD-0032,BANKINDIA,NSE:BANKINDIA-EQ,129.85,133.8,129.55,133.05,1973356,FYERS_HISTORY,2026-08-08T23:02:58+05:30
2015-11-17,SMD-0032,BANKINDIA,NSE:BANKINDIA-EQ,134.0,134.6,131.4,131.8,1629176,FYERS_HISTORY,2026-08-08T23:02:58+05:30
2015-11-18,SMD-0032,BANKINDIA,NSE:BANKINDIA-EQ,131.55,132.8,128.1,128.6,1911277,FYERS_HISTORY,2026-08-08T23:02:58+05:30
2015-11-19,SMD-0032,BANKINDIA,NSE:BANKINDIA-EQ,129.4,130.2,128.3,128.9,1413209,FYERS_HISTORY,2026-08-08T23:02:58+05:30
2015-11-20,SMD-0032,BANKINDIA,NSE:BANKINDIA-EQ,128.95,130.85,127.2,129.6,1862420,FYERS_HISTORY,2026-08-08T23:02:58+05:30
2015-11-23,SMD-0032,BANKINDIA,NSE:BANKINDIA-EQ,130.5,131.0,128.15,128.35,1580581,FYERS_HISTORY,2026-08-08T23:02:58+05:30
2015-11-24,SMD-0032,BANKINDIA,NSE:BANKINDIA-EQ,128.0,129.1,124.1,124.6,4154323,FYERS_HISTORY,2026-08-08T23:02:58+05:30
2015-11-26,SMD-0032,BANKINDIA,NSE:BANKINDIA-EQ,124.6,127.1,123.45,126.4,3647874,FYERS_HISTORY,2026-08-08T23:02:58+05:30
2015-11-27,SMD-0032,BANKINDIA,NSE:BANKINDIA-EQ,126.4,130.95,126.0,130.3,3811943,FYERS_HISTORY,2026-08-08T23:02:58+05:30
2015-11-30,SMD-0032,BANKINDIA,NSE:BANKINDIA-EQ,130.4,132.0,130.1,131.2,1729368,FYERS_HISTORY,2026-08-08T23:02:58+05:30
2015-12-01,SMD-0032,BANKINDIA,NSE:BANKINDIA-EQ,132.0,132.2,129.9,130.6,1602300,FYERS_HISTORY,2026-08-08T23:02:58+05:30
2015-12-02,SMD-0032,BANKINDIA,NSE:BANKINDIA-EQ,130.55,131.1,126.9,127.4,2339781,FYERS_HISTORY,2026-08-08T23:02:58+05:30
2015-12-03,SMD-0032,BANKINDIA,NSE:BANKINDIA-EQ,126.75,127.65,124.8,125.3,2105290,FYERS_HISTORY,2026-08-08T23:02:58+05:30
2015-12-04,SMD-0032,BANKINDIA,NSE:BANKINDIA-EQ,124.0,125.0,123.1,123.35,1949910,FYERS_HISTORY,2026-08-08T23:02:58+05:30
2015-12-07,SMD-0032,BANKINDIA,NSE:BANKINDIA-EQ,124.6,124.95,121.4,121.75,2082903,FYERS_HISTORY,2026-08-08T23:02:58+05:30
2015-12-08,SMD-0032,BANKINDIA,NSE:BANKINDIA-EQ,121.0,122.5,117.5,118.1,3145482,FYERS_HISTORY,2026-08-08T23:02:58+05:30
2015-12-09,SMD-0032,BANKINDIA,NSE:BANKINDIA-EQ,118.0,119.2,116.6,116.9,2418597,FYERS_HISTORY,2026-08-08T23:02:58+05:30
2015-12-10,SMD-0032,BANKINDIA,NSE:BANKINDIA-EQ,117.6,118.0,115.1,116.85,2512651,FYERS_HISTORY,2026-08-08T23:02:58+05:30
2015-12-11,SMD-0032,BANKINDIA,NSE:BANKINDIA-EQ,116.9,118.75,113.25,115.25,3514803,FYERS_HISTORY,2026-08-08T23:02:58+05:30
2015-12-14,SMD-0032,BANKINDIA,NSE:BANKINDIA-EQ,113.75,117.25,113.3,115.75,2163378,FYERS_HISTORY,2026-08-08T23:02:58+05:30
2015-12-15,SMD-0032,BANKINDIA,NSE:BANKINDIA-EQ,116.0,116.7,114.7,115.8,1615647,FYERS_HISTORY,2026-08-08T23:02:58+05:30
2015-12-16,SMD-0032,BANKINDIA,NSE:BANKINDIA-EQ,116.65,117.9,115.65,115.95,1833205,FYERS_HISTORY,2026-08-08T23:02:58+05:30
2015-12-17,SMD-0032,BANKINDIA,NSE:BANKINDIA-EQ,117.0,117.95,116.1,117.3,1910998,FYERS_HISTORY,2026-08-08T23:02:58+05:30
2015-12-18,SMD-0032,BANKINDIA,NSE:BANKINDIA-EQ,117.0,120.4,116.6,117.55,3301130,FYERS_HISTORY,2026-08-08T23:02:58+05:30
2015-12-21,SMD-0032,BANKINDIA,NSE:BANKINDIA-EQ,117.95,118.8,117.6,117.95,1388962,FYERS_HISTORY,2026-08-08T23:02:58+05:30
2015-12-22,SMD-0032,BANKINDIA,NSE:BANKINDIA-EQ,119.0,119.85,116.0,116.4,2793658,FYERS_HISTORY,2026-08-08T23:02:58+05:30
2015-12-23,SMD-0032,BANKINDIA,NSE:BANKINDIA-EQ,117.1,117.95,116.85,117.65,1318932,FYERS_HISTORY,2026-08-08T23:02:58+05:30
2015-12-24,SMD-0032,BANKINDIA,NSE:BANKINDIA-EQ,117.9,118.2,116.55,117.5,1034945,FYERS_HISTORY,2026-08-08T23:02:58+05:30
2015-12-28,SMD-0032,BANKINDIA,NSE:BANKINDIA-EQ,118.0,118.8,117.2,117.85,1150013,FYERS_HISTORY,2026-08-08T23:02:59+05:30
2015-12-29,SMD-0032,BANKINDIA,NSE:BANKINDIA-EQ,118.05,118.25,116.3,116.7,1528784,FYERS_HISTORY,2026-08-08T23:02:59+05:30
2015-12-30,SMD-0032,BANKINDIA,NSE:BANKINDIA-EQ,116.9,117.7,115.0,115.35,1893165,FYERS_HISTORY,2026-08-08T23:02:59+05:30
2015-12-31,SMD-0032,BANKINDIA,NSE:BANKINDIA-EQ,115.4,115.75,114.2,114.95,1647237,FYERS_HISTORY,2026-08-08T23:02:59+05:30
2016-01-01,SMD-0032,BANKINDIA,NSE:BANKINDIA-EQ,114.9,117.75,114.6,117.35,1729723,FYERS_HISTORY,2026-08-08T23:02:59+05:30
2016-01-04,SMD-0032,BANKINDIA,NSE:BANKINDIA-EQ,116.6,117.35,113.8,114.7,1961521,FYERS_HISTORY,2026-08-08T23:02:59+05:30
2016-01-05,SMD-0032,BANKINDIA,NSE:BANKINDIA-EQ,115.2,115.35,112.8,113.9,1589405,FYERS_HISTORY,2026-08-08T23:02:59+05:30
2016-01-06,SMD-0032,BANKINDIA,NSE:BANKINDIA-EQ,114.1,117.3,113.0,114.25,2785428,FYERS_HISTORY,2026-08-08T23:02:59+05:30
2016-01-07,SMD-0032,BANKINDIA,NSE:BANKINDIA-EQ,113.05,113.1,108.65,109.05,3050214,FYERS_HISTORY,2026-08-08T23:02:59+05:30
2016-01-08,SMD-0032,BANKINDIA,NSE:BANKINDIA-EQ,109.9,110.85,109.1,109.9,1808771,FYERS_HISTORY,2026-08-08T23:02:59+05:30
2016-01-11,SMD-0032,BANKINDIA,NSE:BANKINDIA-EQ,109.0,109.85,107.05,107.5,2375792,FYERS_HISTORY,2026-08-08T23:02:59+05:30
2016-01-12,SMD-0032,BANKINDIA,NSE:BANKINDIA-EQ,107.6,108.5,103.25,104.4,2849905,FYERS_HISTORY,2026-08-08T23:02:59+05:30
2016-01-13,SMD-0032,BANKINDIA,NSE:BANKINDIA-EQ,105.6,105.6,99.1,100.2,4661852,FYERS_HISTORY,2026-08-08T23:02:59+05:30
2016-01-14,SMD-0032,BANKINDIA,NSE:BANKINDIA-EQ,97.7,99.0,95.5,98.0,3494658,FYERS_HISTORY,2026-08-08T23:02:59+05:30
2016-01-15,SMD-0032,BANKINDIA,NSE:BANKINDIA-EQ,98.9,99.05,92.65,94.55,3578252,FYERS_HISTORY,2026-08-08T23:02:59+05:30
2016-01-18,SMD-0032,BANKINDIA,NSE:BANKINDIA-EQ,95.0,96.0,90.35,92.4,4523474,FYERS_HISTORY,2026-08-08T23:02:59+05:30
2016-01-19,SMD-0032,BANKINDIA,NSE:BANKINDIA-EQ,93.0,94.75,92.15,93.75,2771182,FYERS_HISTORY,2026-08-08T23:02:59+05:30
2016-01-20,SMD-0032,BANKINDIA,NSE:BANKINDIA-EQ,91.7,92.2,90.0,91.25,3067084,FYERS_HISTORY,2026-08-08T23:02:59+05:30
2016-01-21,SMD-0032,BANKINDIA,NSE:BANKINDIA-EQ,92.8,96.5,91.5,95.35,5044834,FYERS_HISTORY,2026-08-08T23:02:59+05:30
2016-01-22,SMD-0032,BANKINDIA,NSE:BANKINDIA-EQ,96.8,101.65,96.45,100.75,5184051,FYERS_HISTORY,2026-08-08T23:02:59+05:30
2016-01-25,SMD-0032,BANKINDIA,NSE:BANKINDIA-EQ,101.6,102.9,98.9,99.6,2320163,FYERS_HISTORY,2026-08-08T23:02:59+05:30
2016-01-27,SMD-0032,BANKINDIA,NSE:BANKINDIA-EQ,100.45,102.45,97.6,99.7,4469600,FYERS_HISTORY,2026-08-08T23:02:59+05:30
2016-01-28,SMD-0032,BANKINDIA,NSE:BANKINDIA-EQ,99.3,100.7,98.4,98.95,2942482,FYERS_HISTORY,2026-08-08T23:02:59+05:30
2016-01-29,SMD-0032,BANKINDIA,NSE:BANKINDIA-EQ,98.3,100.95,95.6,100.3,3753307,FYERS_HISTORY,2026-08-08T23:02:59+05:30
2016-02-01,SMD-0032,BANKINDIA,NSE:BANKINDIA-EQ,101.45,101.5,97.1,97.75,2644126,FYERS_HISTORY,2026-08-08T23:02:59+05:30
2016-02-02,SMD-0032,BANKINDIA,NSE:BANKINDIA-EQ,98.0,100.35,96.15,96.45,3624157,FYERS_HISTORY,2026-08-08T23:02:59+05:30
2016-02-03,SMD-0032,BANKINDIA,NSE:BANKINDIA-EQ,94.5,95.3,92.0,93.0,2815253,FYERS_HISTORY,2026-08-08T23:02:59+05:30
2016-02-04,SMD-0032,BANKINDIA,NSE:BANKINDIA-EQ,93.7,95.7,91.8,93.1,2322006,FYERS_HISTORY,2026-08-08T23:02:59+05:30
2016-02-05,SMD-0032,BANKINDIA,NSE:BANKINDIA-EQ,93.55,98.45,93.4,97.75,2581617,FYERS_HISTORY,2026-08-08T23:02:59+05:30
2016-02-08,SMD-0032,BANKINDIA,NSE:BANKINDIA-EQ,97.9,105.4,97.1,102.1,6294005,FYERS_HISTORY,2026-08-08T23:02:59+05:30
2016-02-09,SMD-0032,BANKINDIA,NSE:BANKINDIA-EQ,100.0,102.2,95.5,95.75,5171167,FYERS_HISTORY,2026-08-08T23:02:59+05:30
2016-02-10,SMD-0032,BANKINDIA,NSE:BANKINDIA-EQ,94.0,95.05,89.2,90.4,5612142,FYERS_HISTORY,2026-08-08T23:02:59+05:30
2016-02-11,SMD-0032,BANKINDIA,NSE:BANKINDIA-EQ,90.0,90.1,83.2,85.2,10724568,FYERS_HISTORY,2026-08-08T23:02:59+05:30
2016-02-12,SMD-0032,BANKINDIA,NSE:BANKINDIA-EQ,83.25,87.9,80.1,84.6,6641524,FYERS_HISTORY,2026-08-08T23:02:59+05:30
2016-02-15,SMD-0032,BANKINDIA,NSE:BANKINDIA-EQ,87.0,92.55,86.7,89.4,5002032,FYERS_HISTORY,2026-08-08T23:02:59+05:30
2016-02-16,SMD-0032,BANKINDIA,NSE:BANKINDIA-EQ,91.7,91.7,84.75,85.5,4192892,FYERS_HISTORY,2026-08-08T23:02:59+05:30
2016-02-17,SMD-0032,BANKINDIA,NSE:BANKINDIA-EQ,81.7,87.65,80.4,86.05,7620821,FYERS_HISTORY,2026-08-08T23:02:59+05:30
2016-02-18,SMD-0032,BANKINDIA,NSE:BANKINDIA-EQ,87.15,89.75,84.2,85.65,3507899,FYERS_HISTORY,2026-08-08T23:02:59+05:30
2016-02-19,SMD-0032,BANKINDIA,NSE:BANKINDIA-EQ,84.0,88.5,82.2,87.4,3873367,FYERS_HISTORY,2026-08-08T23:02:59+05:30
2016-02-22,SMD-0032,BANKINDIA,NSE:BANKINDIA-EQ,87.55,88.3,85.6,86.85,1901740,FYERS_HISTORY,2026-08-08T23:02:59+05:30
2016-02-23,SMD-0032,BANKINDIA,NSE:BANKINDIA-EQ,86.4,86.9,84.0,84.65,2336849,FYERS_HISTORY,2026-08-08T23:02:59+05:30
2016-02-24,SMD-0032,BANKINDIA,NSE:BANKINDIA-EQ,84.0,87.95,83.2,85.8,3142464,FYERS_HISTORY,2026-08-08T23:02:59+05:30
2016-02-25,SMD-0032,BANKINDIA,NSE:BANKINDIA-EQ,86.25,87.9,83.2,83.8,3016168,FYERS_HISTORY,2026-08-08T23:02:59+05:30
2016-02-26,SMD-0032,BANKINDIA,NSE:BANKINDIA-EQ,85.0,85.4,82.75,83.7,3101812,FYERS_HISTORY,2026-08-08T23:02:59+05:30
2016-02-29,SMD-0032,BANKINDIA,NSE:BANKINDIA-EQ,84.1,87.1,81.3,83.3,5882581,FYERS_HISTORY,2026-08-08T23:02:59+05:30
2016-03-01,SMD-0032,BANKINDIA,NSE:BANKINDIA-EQ,84.05,87.0,84.05,86.65,3090017,FYERS_HISTORY,2026-08-08T23:02:59+05:30
2016-03-02,SMD-0032,BANKINDIA,NSE:BANKINDIA-EQ,92.0,95.3,90.55,93.1,5978757,FYERS_HISTORY,2026-08-08T23:02:59+05:30
2016-03-03,SMD-0032,BANKINDIA,NSE:BANKINDIA-EQ,95.0,95.5,90.9,92.9,3014797,FYERS_HISTORY,2026-08-08T23:02:59+05:30
2016-03-04,SMD-0032,BANKINDIA,NSE:BANKINDIA-EQ,93.9,97.5,91.5,94.4,7441721,FYERS_HISTORY,2026-08-08T23:02:59+05:30
2016-03-08,SMD-0032,BANKINDIA,NSE:BANKINDIA-EQ,94.25,95.45,92.0,92.5,3793143,FYERS_HISTORY,2026-08-08T23:02:59+05:30
2016-03-09,SMD-0032,BANKINDIA,NSE:BANKINDIA-EQ,91.75,94.9,90.8,94.2,3026326,FYERS_HISTORY,2026-08-08T23:02:59+05:30
2016-03-10,SMD-0032,BANKINDIA,NSE:BANKINDIA-EQ,93.75,95.75,92.8,93.7,2638929,FYERS_HISTORY,2026-08-08T23:02:59+05:30
2016-03-11,SMD-0032,BANKINDIA,NSE:BANKINDIA-EQ,92.3,94.2,91.6,93.3,2889247,FYERS_HISTORY,2026-08-08T23:02:59+05:30
2016-03-14,SMD-0032,BANKINDIA,NSE:BANKINDIA-EQ,95.0,95.5,92.9,93.8,2525124,FYERS_HISTORY,2026-08-08T23:02:59+05:30
2016-03-15,SMD-0032,BANKINDIA,NSE:BANKINDIA-EQ,94.0,96.5,93.7,95.0,3189199,FYERS_HISTORY,2026-08-08T23:02:59+05:30
2016-03-16,SMD-0032,BANKINDIA,NSE:BANKINDIA-EQ,94.95,96.05,93.05,95.4,3170939,FYERS_HISTORY,2026-08-08T23:02:59+05:30
2016-03-17,SMD-0032,BANKINDIA,NSE:BANKINDIA-EQ,96.5,96.9,94.45,94.85,2445670,FYERS_HISTORY,2026-08-08T23:02:59+05:30
2016-03-18,SMD-0032,BANKINDIA,NSE:BANKINDIA-EQ,95.2,97.1,94.6,96.6,2818090,FYERS_HISTORY,2026-08-08T23:02:59+05:30
2016-03-21,SMD-0032,BANKINDIA,NSE:BANKINDIA-EQ,97.3,99.35,97.2,98.95,2923261,FYERS_HISTORY,2026-08-08T23:02:59+05:30
2016-03-22,SMD-0032,BANKINDIA,NSE:BANKINDIA-EQ,98.9,99.6,96.8,98.05,2322783,FYERS_HISTORY,2026-08-08T23:02:59+05:30
2016-03-23,SMD-0032,BANKINDIA,NSE:BANKINDIA-EQ,97.65,98.0,96.2,96.55,1658447,FYERS_HISTORY,2026-08-08T23:02:59+05:30
2016-03-28,SMD-0032,BANKINDIA,NSE:BANKINDIA-EQ,96.9,96.9,93.0,93.55,2173988,FYERS_HISTORY,2026-08-08T23:02:59+05:30
2016-03-29,SMD-0032,BANKINDIA,NSE:BANKINDIA-EQ,94.7,96.0,93.75,93.95,2285015,FYERS_HISTORY,2026-08-08T23:02:59+05:30
2016-03-30,SMD-0032,BANKINDIA,NSE:BANKINDIA-EQ,95.1,98.9,94.0,96.5,6930371,FYERS_HISTORY,2026-08-08T23:02:59+05:30
2016-03-31,SMD-0032,BANKINDIA,NSE:BANKINDIA-EQ,96.5,100.15,95.2,97.05,8190169,FYERS_HISTORY,2026-08-08T23:02:59+05:30
2016-04-01,SMD-0032,BANKINDIA,NSE:BANKINDIA-EQ,96.8,101.0,96.3,100.5,5687608,FYERS_HISTORY,2026-08-08T23:02:59+05:30
2016-04-04,SMD-0032,BANKINDIA,NSE:BANKINDIA-EQ,101.65,101.8,98.5,99.75,3643248,FYERS_HISTORY,2026-08-08T23:02:59+05:30
2016-04-05,SMD-0032,BANKINDIA,NSE:BANKINDIA-EQ,99.2,99.85,93.6,94.2,5511282,FYERS_HISTORY,2026-08-08T23:02:59+05:30
2016-04-06,SMD-0032,BANKINDIA,NSE:BANKINDIA-EQ,93.85,94.45,91.45,92.85,3821363,FYERS_HISTORY,2026-08-08T23:02:59+05:30
2016-04-11,SMD-0032,BANKINDIA,NSE:BANKINDIA-EQ,91.6,93.4,90.4,92.95,2881335,FYERS_HISTORY,2026-08-08T23:02:59+05:30
2016-04-12,SMD-0032,BANKINDIA,NSE:BANKINDIA-EQ,93.15,95.05,92.75,93.95,3428066,FYERS_HISTORY,2026-08-08T23:02:59+05:30
2016-04-13,SMD-0032,BANKINDIA,NSE:BANKINDIA-EQ,95.2,97.2,94.2,94.65,4140129,FYERS_HISTORY,2026-08-08T23:02:59+05:30
2016-04-18,SMD-0032,BANKINDIA,NSE:BANKINDIA-EQ,94.65,94.95,92.05,92.6,2407971,FYERS_HISTORY,2026-08-08T23:02:59+05:30
2016-04-20,SMD-0032,BANKINDIA,NSE:BANKINDIA-EQ,93.0,95.2,91.55,94.7,3497784,FYERS_HISTORY,2026-08-08T23:02:59+05:30
2016-04-21,SMD-0032,BANKINDIA,NSE:BANKINDIA-EQ,95.6,99.2,95.4,97.1,5315279,FYERS_HISTORY,2026-08-08T23:02:59+05:30
2016-04-22,SMD-0032,BANKINDIA,NSE:BANKINDIA-EQ,96.5,99.2,96.2,97.35,4757891,FYERS_HISTORY,2026-08-08T23:02:59+05:30
2016-04-25,SMD-0032,BANKINDIA,NSE:BANKINDIA-EQ,97.45,98.4,95.5,96.5,3301797,FYERS_HISTORY,2026-08-08T23:02:59+05:30
2016-04-26,SMD-0032,BANKINDIA,NSE:BANKINDIA-EQ,96.1,98.5,95.8,97.4,3772723,FYERS_HISTORY,2026-08-08T23:02:59+05:30
2016-04-27,SMD-0032,BANKINDIA,NSE:BANKINDIA-EQ,97.45,98.45,96.35,96.8,2207445,FYERS_HISTORY,2026-08-08T23:02:59+05:30
2016-04-28,SMD-0032,BANKINDIA,NSE:BANKINDIA-EQ,97.3,98.2,95.6,95.85,3534930,FYERS_HISTORY,2026-08-08T23:02:59+05:30
2016-04-29,SMD-0032,BANKINDIA,NSE:BANKINDIA-EQ,96.15,96.4,91.5,92.5,4159048,FYERS_HISTORY,2026-08-08T23:02:59+05:30
2016-05-02,SMD-0032,BANKINDIA,NSE:BANKINDIA-EQ,91.9,92.0,89.8,90.1,3435401,FYERS_HISTORY,2026-08-08T23:02:59+05:30
2016-05-03,SMD-0032,BANKINDIA,NSE:BANKINDIA-EQ,90.3,91.05,87.4,87.65,4279793,FYERS_HISTORY,2026-08-08T23:02:59+05:30
2016-05-04,SMD-0032,BANKINDIA,NSE:BANKINDIA-EQ,87.2,88.8,85.2,85.65,3387479,FYERS_HISTORY,2026-08-08T23:02:59+05:30
2016-05-05,SMD-0032,BANKINDIA,NSE:BANKINDIA-EQ,85.2,87.2,84.8,85.95,2863214,FYERS_HISTORY,2026-08-08T23:02:59+05:30
2016-05-06,SMD-0032,BANKINDIA,NSE:BANKINDIA-EQ,85.65,87.0,85.25,86.55,3140212,FYERS_HISTORY,2026-08-08T23:02:59+05:30
2016-05-09,SMD-0032,BANKINDIA,NSE:BANKINDIA-EQ,87.0,89.5,86.75,89.2,2429553,FYERS_HISTORY,2026-08-08T23:02:59+05:30
2016-05-10,SMD-0032,BANKINDIA,NSE:BANKINDIA-EQ,89.5,89.5,87.9,89.0,1754393,FYERS_HISTORY,2026-08-08T23:02:59+05:30
2016-05-11,SMD-0032,BANKINDIA,NSE:BANKINDIA-EQ,87.8,88.75,85.9,86.65,3328381,FYERS_HISTORY,2026-08-08T23:02:59+05:30
2016-05-12,SMD-0032,BANKINDIA,NSE:BANKINDIA-EQ,87.3,87.85,85.8,87.0,2159528,FYERS_HISTORY,2026-08-08T23:02:59+05:30
2016-05-13,SMD-0032,BANKINDIA,NSE:BANKINDIA-EQ,87.0,87.1,85.4,85.7,2005429,FYERS_HISTORY,2026-08-08T23:02:59+05:30
2016-05-16,SMD-0032,BANKINDIA,NSE:BANKINDIA-EQ,85.1,85.25,81.8,83.0,3676779,FYERS_HISTORY,2026-08-08T23:02:59+05:30
2016-05-17,SMD-0032,BANKINDIA,NSE:BANKINDIA-EQ,83.65,85.8,82.75,84.05,3100153,FYERS_HISTORY,2026-08-08T23:02:59+05:30
2016-05-18,SMD-0032,BANKINDIA,NSE:BANKINDIA-EQ,83.3,85.5,82.5,85.25,3549493,FYERS_HISTORY,2026-08-08T23:02:59+05:30
2016-05-19,SMD-0032,BANKINDIA,NSE:BANKINDIA-EQ,85.75,86.1,82.15,82.4,3226300,FYERS_HISTORY,2026-08-08T23:02:59+05:30
2016-05-20,SMD-0032,BANKINDIA,NSE:BANKINDIA-EQ,82.25,82.45,80.6,81.25,4284085,FYERS_HISTORY,2026-08-08T23:02:59+05:30
2016-05-23,SMD-0032,BANKINDIA,NSE:BANKINDIA-EQ,81.8,82.05,79.4,80.85,3642944,FYERS_HISTORY,2026-08-08T23:02:59+05:30
2016-05-24,SMD-0032,BANKINDIA,NSE:BANKINDIA-EQ,81.0,81.0,79.05,80.45,3124838,FYERS_HISTORY,2026-08-08T23:02:59+05:30
2016-05-25,SMD-0032,BANKINDIA,NSE:BANKINDIA-EQ,79.95,83.75,78.4,83.1,9275156,FYERS_HISTORY,2026-08-08T23:02:59+05:30
2016-05-26,SMD-0032,BANKINDIA,NSE:BANKINDIA-EQ,83.0,85.95,81.45,85.25,4093543,FYERS_HISTORY,2026-08-08T23:02:59+05:30
2016-05-27,SMD-0032,BANKINDIA,NSE:BANKINDIA-EQ,85.0,88.3,85.0,86.95,3391925,FYERS_HISTORY,2026-08-08T23:02:59+05:30
2016-05-30,SMD-0032,BANKINDIA,NSE:BANKINDIA-EQ,87.55,88.45,85.5,86.35,2839140,FYERS_HISTORY,2026-08-08T23:02:59+05:30
2016-05-31,SMD-0032,BANKINDIA,NSE:BANKINDIA-EQ,85.1,87.2,83.1,86.65,6867433,FYERS_HISTORY,2026-08-08T23:02:59+05:30
2016-06-01,SMD-0032,BANKINDIA,NSE:BANKINDIA-EQ,87.35,88.2,85.35,85.95,3296423,FYERS_HISTORY,2026-08-08T23:02:59+05:30
2016-06-02,SMD-0032,BANKINDIA,NSE:BANKINDIA-EQ,85.8,86.9,83.95,86.6,3368450,FYERS_HISTORY,2026-08-08T23:02:59+05:30
2016-06-03,SMD-0032,BANKINDIA,NSE:BANKINDIA-EQ,87.0,87.5,83.6,84.1,3156311,FYERS_HISTORY,2026-08-08T23:02:59+05:30
2016-06-06,SMD-0032,BANKINDIA,NSE:BANKINDIA-EQ,84.1,85.6,83.65,84.5,2249221,FYERS_HISTORY,2026-08-08T23:02:59+05:30
2016-06-07,SMD-0032,BANKINDIA,NSE:BANKINDIA-EQ,84.95,86.95,84.45,85.65,3706776,FYERS_HISTORY,2026-08-08T23:02:59+05:30
2016-06-08,SMD-0032,BANKINDIA,NSE:BANKINDIA-EQ,85.95,89.0,85.4,88.45,5130303,FYERS_HISTORY,2026-08-08T23:02:59+05:30
2016-06-09,SMD-0032,BANKINDIA,NSE:BANKINDIA-EQ,88.0,91.6,87.9,89.85,5332185,FYERS_HISTORY,2026-08-08T23:02:59+05:30
2016-06-10,SMD-0032,BANKINDIA,NSE:BANKINDIA-EQ,89.55,90.6,88.25,89.0,3243039,FYERS_HISTORY,2026-08-08T23:02:59+05:30
2016-06-13,SMD-0032,BANKINDIA,NSE:BANKINDIA-EQ,88.0,88.1,86.3,87.3,2262216,FYERS_HISTORY,2026-08-08T23:02:59+05:30
2016-06-14,SMD-0032,BANKINDIA,NSE:BANKINDIA-EQ,88.1,90.9,87.8,90.45,5200930,FYERS_HISTORY,2026-08-08T23:02:59+05:30
2016-06-15,SMD-0032,BANKINDIA,NSE:BANKINDIA-EQ,91.55,92.4,90.35,91.15,6180735,FYERS_HISTORY,2026-08-08T23:02:59+05:30
2016-06-16,SMD-0032,BANKINDIA,NSE:BANKINDIA-EQ,90.6,93.6,89.3,93.1,8124569,FYERS_HISTORY,2026-08-08T23:02:59+05:30
2016-06-17,SMD-0032,BANKINDIA,NSE:BANKINDIA-EQ,93.7,94.4,91.85,93.9,5707556,FYERS_HISTORY,2026-08-08T23:02:59+05:30
2016-06-20,SMD-0032,BANKINDIA,NSE:BANKINDIA-EQ,92.9,97.4,91.9,96.65,8091168,FYERS_HISTORY,2026-08-08T23:02:59+05:30
2016-06-21,SMD-0032,BANKINDIA,NSE:BANKINDIA-EQ,96.8,98.1,95.8,96.2,6725903,FYERS_HISTORY,2026-08-08T23:02:59+05:30
2016-06-22,SMD-0032,BANKINDIA,NSE:BANKINDIA-EQ,96.75,97.25,95.1,95.65,3647967,FYERS_HISTORY,2026-08-08T23:02:59+05:30
2016-06-23,SMD-0032,BANKINDIA,NSE:BANKINDIA-EQ,96.2,96.85,95.4,96.4,2971355,FYERS_HISTORY,2026-08-08T23:02:59+05:30
2016-06-24,SMD-0032,BANKINDIA,NSE:BANKINDIA-EQ,93.0,95.45,89.6,94.95,8110613,FYERS_HISTORY,2026-08-08T23:02:59+05:30
2016-06-27,SMD-0032,BANKINDIA,NSE:BANKINDIA-EQ,95.3,99.7,94.5,98.9,7054560,FYERS_HISTORY,2026-08-08T23:02:59+05:30
2016-06-28,SMD-0032,BANKINDIA,NSE:BANKINDIA-EQ,99.05,100.9,98.95,99.9,5285255,FYERS_HISTORY,2026-08-08T23:02:59+05:30
2016-06-29,SMD-0032,BANKINDIA,NSE:BANKINDIA-EQ,100.65,101.4,99.8,100.05,3567381,FYERS_HISTORY,2026-08-08T23:02:59+05:30
2016-06-30,SMD-0032,BANKINDIA,NSE:BANKINDIA-EQ,100.75,101.95,100.6,101.25,3488166,FYERS_HISTORY,2026-08-08T23:02:59+05:30
2016-07-01,SMD-0032,BANKINDIA,NSE:BANKINDIA-EQ,101.95,105.6,101.1,104.2,7381680,FYERS_HISTORY,2026-08-08T23:02:59+05:30
2016-07-04,SMD-0032,BANKINDIA,NSE:BANKINDIA-EQ,105.25,110.7,105.05,109.4,9114032,FYERS_HISTORY,2026-08-08T23:02:59+05:30
2016-07-05,SMD-0032,BANKINDIA,NSE:BANKINDIA-EQ,109.7,113.45,109.2,110.4,6019537,FYERS_HISTORY,2026-08-08T23:02:59+05:30
2016-07-07,SMD-0032,BANKINDIA,NSE:BANKINDIA-EQ,111.0,112.95,108.7,109.45,5879057,FYERS_HISTORY,2026-08-08T23:02:59+05:30
2016-07-08,SMD-0032,BANKINDIA,NSE:BANKINDIA-EQ,111.45,111.45,105.8,108.1,5909045,FYERS_HISTORY,2026-08-08T23:02:59+05:30
2016-07-11,SMD-0032,BANKINDIA,NSE:BANKINDIA-EQ,112.2,114.0,111.1,113.7,7056424,FYERS_HISTORY,2026-08-08T23:02:59+05:30
2016-07-12,SMD-0032,BANKINDIA,NSE:BANKINDIA-EQ,114.7,116.0,112.25,113.95,8414276,FYERS_HISTORY,2026-08-08T23:02:59+05:30
2016-07-13,SMD-0032,BANKINDIA,NSE:BANKINDIA-EQ,114.1,114.9,110.45,112.1,4787631,FYERS_HISTORY,2026-08-08T23:02:59+05:30
2016-07-14,SMD-0032,BANKINDIA,NSE:BANKINDIA-EQ,112.95,117.7,112.2,116.95,11716147,FYERS_HISTORY,2026-08-08T23:02:59+05:30
2016-07-15,SMD-0032,BANKINDIA,NSE:BANKINDIA-EQ,117.4,117.65,113.9,114.65,7489510,FYERS_HISTORY,2026-08-08T23:02:59+05:30
2016-07-18,SMD-0032,BANKINDIA,NSE:BANKINDIA-EQ,115.7,115.95,110.0,110.65,5720772,FYERS_HISTORY,2026-08-08T23:02:59+05:30
2016-07-19,SMD-0032,BANKINDIA,NSE:BANKINDIA-EQ,111.4,113.7,108.1,111.65,9708007,FYERS_HISTORY,2026-08-08T23:02:59+05:30
2016-07-20,SMD-0032,BANKINDIA,NSE:BANKINDIA-EQ,111.75,111.75,109.2,109.75,4743668,FYERS_HISTORY,2026-08-08T23:02:59+05:30
2016-07-21,SMD-0032,BANKINDIA,NSE:BANKINDIA-EQ,109.45,111.7,106.55,107.15,5398730,FYERS_HISTORY,2026-08-08T23:02:59+05:30
2016-07-22,SMD-0032,BANKINDIA,NSE:BANKINDIA-EQ,105.5,107.3,104.0,106.25,5457406,FYERS_HISTORY,2026-08-08T23:02:59+05:30
2016-07-25,SMD-0032,BANKINDIA,NSE:BANKINDIA-EQ,105.5,110.9,104.5,109.85,8368044,FYERS_HISTORY,2026-08-08T23:02:59+05:30
2016-07-26,SMD-0032,BANKINDIA,NSE:BANKINDIA-EQ,110.0,114.8,109.85,110.55,7756183,FYERS_HISTORY,2026-08-08T23:02:59+05:30
2016-07-27,SMD-0032,BANKINDIA,NSE:BANKINDIA-EQ,111.0,113.35,110.0,112.3,5446934,FYERS_HISTORY,2026-08-08T23:02:59+05:30
2016-07-28,SMD-0032,BANKINDIA,NSE:BANKINDIA-EQ,113.2,114.0,109.8,110.65,5517005,FYERS_HISTORY,2026-08-08T23:02:59+05:30
2016-07-29,SMD-0032,BANKINDIA,NSE:BANKINDIA-EQ,110.9,112.45,109.25,111.65,4549256,FYERS_HISTORY,2026-08-08T23:02:59+05:30
2016-08-01,SMD-0032,BANKINDIA,NSE:BANKINDIA-EQ,111.9,113.0,108.5,109.8,4396893,FYERS_HISTORY,2026-08-08T23:02:59+05:30
2016-08-02,SMD-0032,BANKINDIA,NSE:BANKINDIA-EQ,109.5,111.6,108.6,109.75,4180449,FYERS_HISTORY,2026-08-08T23:02:59+05:30
2016-08-03,SMD-0032,BANKINDIA,NSE:BANKINDIA-EQ,109.5,112.9,108.0,108.8,5656361,FYERS_HISTORY,2026-08-08T23:02:59+05:30
2016-08-04,SMD-0032,BANKINDIA,NSE:BANKINDIA-EQ,110.0,111.3,108.25,110.35,6201261,FYERS_HISTORY,2026-08-08T23:02:59+05:30
2016-08-05,SMD-0032,BANKINDIA,NSE:BANKINDIA-EQ,111.9,112.7,110.75,111.45,3711766,FYERS_HISTORY,2026-08-08T23:02:59+05:30
2016-08-08,SMD-0032,BANKINDIA,NSE:BANKINDIA-EQ,112.0,112.3,109.75,110.15,3683468,FYERS_HISTORY,2026-08-08T23:02:59+05:30
2016-08-09,SMD-0032,BANKINDIA,NSE:BANKINDIA-EQ,110.4,112.45,110.1,110.4,3974802,FYERS_HISTORY,2026-08-08T23:02:59+05:30
2016-08-10,SMD-0032,BANKINDIA,NSE:BANKINDIA-EQ,111.0,111.0,105.75,106.3,4694359,FYERS_HISTORY,2026-08-08T23:02:59+05:30
2016-08-11,SMD-0032,BANKINDIA,NSE:BANKINDIA-EQ,104.25,105.8,102.65,103.6,3910495,FYERS_HISTORY,2026-08-08T23:02:59+05:30
2016-08-12,SMD-0032,BANKINDIA,NSE:BANKINDIA-EQ,102.5,115.65,101.3,114.1,26181420,FYERS_HISTORY,2026-08-08T23:02:59+05:30
2016-08-16,SMD-0032,BANKINDIA,NSE:BANKINDIA-EQ,114.9,115.7,111.15,112.0,10481434,FYERS_HISTORY,2026-08-08T23:02:59+05:30
2016-08-17,SMD-0032,BANKINDIA,NSE:BANKINDIA-EQ,111.95,113.85,110.15,112.6,6706086,FYERS_HISTORY,2026-08-08T23:02:59+05:30
2016-08-18,SMD-0032,BANKINDIA,NSE:BANKINDIA-EQ,113.3,114.15,112.3,112.65,3901724,FYERS_HISTORY,2026-08-08T23:02:59+05:30
2016-08-19,SMD-0032,BANKINDIA,NSE:BANKINDIA-EQ,112.8,114.2,111.4,113.25,6000584,FYERS_HISTORY,2026-08-08T23:02:59+05:30
2016-08-22,SMD-0032,BANKINDIA,NSE:BANKINDIA-EQ,113.9,114.8,112.4,113.8,4430878,FYERS_HISTORY,2026-08-08T23:02:59+05:30
2016-08-23,SMD-0032,BANKINDIA,NSE:BANKINDIA-EQ,114.0,115.5,112.5,115.05,5748042,FYERS_HISTORY,2026-08-08T23:02:59+05:30
2016-08-24,SMD-0032,BANKINDIA,NSE:BANKINDIA-EQ,114.8,115.95,113.35,114.4,5505666,FYERS_HISTORY,2026-08-08T23:02:59+05:30
2016-08-25,SMD-0032,BANKINDIA,NSE:BANKINDIA-EQ,114.75,115.8,112.0,113.05,5726498,FYERS_HISTORY,2026-08-08T23:02:59+05:30
2016-08-26,SMD-0032,BANKINDIA,NSE:BANKINDIA-EQ,113.4,114.4,110.55,110.9,4246009,FYERS_HISTORY,2026-08-08T23:02:59+05:30
2016-08-29,SMD-0032,BANKINDIA,NSE:BANKINDIA-EQ,110.9,111.7,109.9,111.35,3146965,FYERS_HISTORY,2026-08-08T23:02:59+05:30
2016-08-30,SMD-0032,BANKINDIA,NSE:BANKINDIA-EQ,111.9,117.4,111.9,116.5,7659265,FYERS_HISTORY,2026-08-08T23:02:59+05:30
2016-08-31,SMD-0032,BANKINDIA,NSE:BANKINDIA-EQ,116.95,119.3,116.5,117.25,7450067,FYERS_HISTORY,2026-08-08T23:02:59+05:30
2016-09-01,SMD-0032,BANKINDIA,NSE:BANKINDIA-EQ,116.7,118.0,113.0,114.15,4153555,FYERS_HISTORY,2026-08-08T23:02:59+05:30
2016-09-02,SMD-0032,BANKINDIA,NSE:BANKINDIA-EQ,114.65,117.6,114.15,117.05,4086382,FYERS_HISTORY,2026-08-08T23:02:59+05:30
2016-09-06,SMD-0032,BANKINDIA,NSE:BANKINDIA-EQ,118.4,120.2,117.2,119.4,6265899,FYERS_HISTORY,2026-08-08T23:02:59+05:30
2016-09-07,SMD-0032,BANKINDIA,NSE:BANKINDIA-EQ,120.0,125.9,118.7,123.0,11115364,FYERS_HISTORY,2026-08-08T23:02:59+05:30
2016-09-08,SMD-0032,BANKINDIA,NSE:BANKINDIA-EQ,123.9,126.1,123.1,124.1,5174266,FYERS_HISTORY,2026-08-08T23:02:59+05:30
2016-09-09,SMD-0032,BANKINDIA,NSE:BANKINDIA-EQ,124.0,124.95,121.5,123.4,5397663,FYERS_HISTORY,2026-08-08T23:02:59+05:30
2016-09-12,SMD-0032,BANKINDIA,NSE:BANKINDIA-EQ,120.1,121.85,114.9,115.9,4984084,FYERS_HISTORY,2026-08-08T23:02:59+05:30
2016-09-14,SMD-0032,BANKINDIA,NSE:BANKINDIA-EQ,116.1,121.8,115.3,121.3,5154351,FYERS_HISTORY,2026-08-08T23:02:59+05:30
2016-09-15,SMD-0032,BANKINDIA,NSE:BANKINDIA-EQ,121.5,121.5,117.5,119.15,4407968,FYERS_HISTORY,2026-08-08T23:02:59+05:30
2016-09-16,SMD-0032,BANKINDIA,NSE:BANKINDIA-EQ,120.3,123.4,116.1,116.55,8715480,FYERS_HISTORY,2026-08-08T23:02:59+05:30
2016-09-19,SMD-0032,BANKINDIA,NSE:BANKINDIA-EQ,118.4,118.6,116.6,117.15,3379242,FYERS_HISTORY,2026-08-08T23:02:59+05:30
2016-09-20,SMD-0032,BANKINDIA,NSE:BANKINDIA-EQ,117.8,118.45,116.4,116.8,3136685,FYERS_HISTORY,2026-08-08T23:02:59+05:30
2016-09-21,SMD-0032,BANKINDIA,NSE:BANKINDIA-EQ,117.5,117.9,115.2,115.85,2754127,FYERS_HISTORY,2026-08-08T23:02:59+05:30
2016-09-22,SMD-0032,BANKINDIA,NSE:BANKINDIA-EQ,119.6,119.9,117.2,119.65,4352403,FYERS_HISTORY,2026-08-08T23:02:59+05:30
2016-09-23,SMD-0032,BANKINDIA,NSE:BANKINDIA-EQ,120.0,120.5,118.2,118.45,4061303,FYERS_HISTORY,2026-08-08T23:02:59+05:30
2016-09-26,SMD-0032,BANKINDIA,NSE:BANKINDIA-EQ,117.95,119.75,117.1,117.7,3760199,FYERS_HISTORY,2026-08-08T23:02:59+05:30
2016-09-27,SMD-0032,BANKINDIA,NSE:BANKINDIA-EQ,118.3,118.75,116.1,116.55,3026909,FYERS_HISTORY,2026-08-08T23:02:59+05:30
2016-09-28,SMD-0032,BANKINDIA,NSE:BANKINDIA-EQ,116.7,121.15,116.6,120.0,4807962,FYERS_HISTORY,2026-08-08T23:02:59+05:30
2016-09-29,SMD-0032,BANKINDIA,NSE:BANKINDIA-EQ,121.2,121.8,109.55,110.15,9674968,FYERS_HISTORY,2026-08-08T23:02:59+05:30
2016-09-30,SMD-0032,BANKINDIA,NSE:BANKINDIA-EQ,110.4,114.0,108.0,112.5,6582397,FYERS_HISTORY,2026-08-08T23:02:59+05:30
2016-10-03,SMD-0032,BANKINDIA,NSE:BANKINDIA-EQ,113.95,116.8,113.7,116.4,3656595,FYERS_HISTORY,2026-08-08T23:02:59+05:30
2016-10-04,SMD-0032,BANKINDIA,NSE:BANKINDIA-EQ,117.0,121.3,115.4,119.05,6860647,FYERS_HISTORY,2026-08-08T23:02:59+05:30
2016-10-05,SMD-0032,BANKINDIA,NSE:BANKINDIA-EQ,120.0,121.85,119.05,119.65,5434949,FYERS_HISTORY,2026-08-08T23:02:59+05:30
2016-10-06,SMD-0032,BANKINDIA,NSE:BANKINDIA-EQ,119.4,120.45,115.7,116.65,4672771,FYERS_HISTORY,2026-08-08T23:02:59+05:30
2016-10-07,SMD-0032,BANKINDIA,NSE:BANKINDIA-EQ,117.25,118.25,116.0,116.95,4269812,FYERS_HISTORY,2026-08-08T23:02:59+05:30
2016-10-10,SMD-0032,BANKINDIA,NSE:BANKINDIA-EQ,117.7,118.5,115.75,116.1,2102516,FYERS_HISTORY,2026-08-08T23:02:59+05:30
2016-10-13,SMD-0032,BANKINDIA,NSE:BANKINDIA-EQ,115.0,115.3,109.45,111.0,5859136,FYERS_HISTORY,2026-08-08T23:02:59+05:30
2016-10-14,SMD-0032,BANKINDIA,NSE:BANKINDIA-EQ,111.6,112.9,110.65,112.05,3575069,FYERS_HISTORY,2026-08-08T23:02:59+05:30
2016-10-17,SMD-0032,BANKINDIA,NSE:BANKINDIA-EQ,112.3,113.55,110.15,110.7,3359840,FYERS_HISTORY,2026-08-08T23:02:59+05:30
2016-10-18,SMD-0032,BANKINDIA,NSE:BANKINDIA-EQ,111.5,113.3,110.2,112.7,3218947,FYERS_HISTORY,2026-08-08T23:02:59+05:30
2016-10-19,SMD-0032,BANKINDIA,NSE:BANKINDIA-EQ,112.95,113.85,112.3,112.8,2592986,FYERS_HISTORY,2026-08-08T23:02:59+05:30
2016-10-20,SMD-0032,BANKINDIA,NSE:BANKINDIA-EQ,112.95,115.8,112.95,114.45,4552538,FYERS_HISTORY,2026-08-08T23:02:59+05:30
2016-10-21,SMD-0032,BANKINDIA,NSE:BANKINDIA-EQ,114.45,114.5,112.15,113.35,3036755,FYERS_HISTORY,2026-08-08T23:02:59+05:30
2016-10-24,SMD-0032,BANKINDIA,NSE:BANKINDIA-EQ,114.1,115.9,113.9,114.95,3197241,FYERS_HISTORY,2026-08-08T23:02:59+05:30
2016-10-25,SMD-0032,BANKINDIA,NSE:BANKINDIA-EQ,115.15,115.65,113.65,114.05,2253616,FYERS_HISTORY,2026-08-08T23:02:59+05:30
2016-10-26,SMD-0032,BANKINDIA,NSE:BANKINDIA-EQ,113.6,115.7,112.6,114.15,3439597,FYERS_HISTORY,2026-08-08T23:02:59+05:30
2016-10-27,SMD-0032,BANKINDIA,NSE:BANKINDIA-EQ,113.1,114.45,112.05,113.55,2724206,FYERS_HISTORY,2026-08-08T23:02:59+05:30
2016-10-28,SMD-0032,BANKINDIA,NSE:BANKINDIA-EQ,113.9,115.75,113.55,114.85,2562939,FYERS_HISTORY,2026-08-08T23:02:59+05:30
2016-10-30,SMD-0032,BANKINDIA,NSE:BANKINDIA-EQ,115.4,115.45,114.15,114.65,301355,FYERS_HISTORY,2026-08-08T23:02:59+05:30
2016-11-01,SMD-0032,BANKINDIA,NSE:BANKINDIA-EQ,114.3,115.5,113.3,113.85,1460779,FYERS_HISTORY,2026-08-08T23:02:59+05:30
2016-11-02,SMD-0032,BANKINDIA,NSE:BANKINDIA-EQ,112.4,112.5,108.7,109.1,4083659,FYERS_HISTORY,2026-08-08T23:02:59+05:30
2016-11-03,SMD-0032,BANKINDIA,NSE:BANKINDIA-EQ,108.6,110.75,108.15,108.75,2541459,FYERS_HISTORY,2026-08-08T23:02:59+05:30
2016-11-04,SMD-0032,BANKINDIA,NSE:BANKINDIA-EQ,109.75,109.75,105.7,106.25,2632923,FYERS_HISTORY,2026-08-08T23:02:59+05:30
2016-11-07,SMD-0032,BANKINDIA,NSE:BANKINDIA-EQ,107.15,109.4,106.7,108.7,2629608,FYERS_HISTORY,2026-08-08T23:02:59+05:30
2016-11-08,SMD-0032,BANKINDIA,NSE:BANKINDIA-EQ,109.0,109.9,107.8,109.0,2056221,FYERS_HISTORY,2026-08-08T23:02:59+05:30
2016-11-09,SMD-0032,BANKINDIA,NSE:BANKINDIA-EQ,102.0,110.65,99.65,109.75,6562333,FYERS_HISTORY,2026-08-08T23:02:59+05:30
2016-11-10,SMD-0032,BANKINDIA,NSE:BANKINDIA-EQ,112.0,125.2,111.0,124.15,21205199,FYERS_HISTORY,2026-08-08T23:02:59+05:30
2016-11-11,SMD-0032,BANKINDIA,NSE:BANKINDIA-EQ,122.9,128.75,120.75,122.05,13150957,FYERS_HISTORY,2026-08-08T23:02:59+05:30
2016-11-15,SMD-0032,BANKINDIA,NSE:BANKINDIA-EQ,123.95,126.9,118.1,123.25,11054523,FYERS_HISTORY,2026-08-08T23:02:59+05:30
2016-11-16,SMD-0032,BANKINDIA,NSE:BANKINDIA-EQ,126.6,127.4,120.0,121.1,6221454,FYERS_HISTORY,2026-08-08T23:02:59+05:30
2016-11-17,SMD-0032,BANKINDIA,NSE:BANKINDIA-EQ,121.55,123.65,118.85,119.8,4435328,FYERS_HISTORY,2026-08-08T23:02:59+05:30
2016-11-18,SMD-0032,BANKINDIA,NSE:BANKINDIA-EQ,120.6,124.0,119.05,121.5,4781031,FYERS_HISTORY,2026-08-08T23:02:59+05:30
2016-11-21,SMD-0032,BANKINDIA,NSE:BANKINDIA-EQ,122.95,123.4,116.4,117.15,7795290,FYERS_HISTORY,2026-08-08T23:02:59+05:30
2016-11-22,SMD-0032,BANKINDIA,NSE:BANKINDIA-EQ,118.55,118.9,114.15,117.15,5097412,FYERS_HISTORY,2026-08-08T23:02:59+05:30
2016-11-23,SMD-0032,BANKINDIA,NSE:BANKINDIA-EQ,118.0,118.6,116.2,117.3,2683883,FYERS_HISTORY,2026-08-08T23:02:59+05:30
2016-11-24,SMD-0032,BANKINDIA,NSE:BANKINDIA-EQ,116.8,120.6,115.5,120.05,6253340,FYERS_HISTORY,2026-08-08T23:02:59+05:30
2016-11-25,SMD-0032,BANKINDIA,NSE:BANKINDIA-EQ,121.5,122.95,120.15,121.4,3886441,FYERS_HISTORY,2026-08-08T23:02:59+05:30
2016-11-28,SMD-0032,BANKINDIA,NSE:BANKINDIA-EQ,117.9,121.0,116.3,117.9,4104514,FYERS_HISTORY,2026-08-08T23:02:59+05:30
2016-11-29,SMD-0032,BANKINDIA,NSE:BANKINDIA-EQ,118.2,119.6,115.75,116.45,3325502,FYERS_HISTORY,2026-08-08T23:02:59+05:30
2016-11-30,SMD-0032,BANKINDIA,NSE:BANKINDIA-EQ,116.9,120.0,116.5,119.5,4203214,FYERS_HISTORY,2026-08-08T23:02:59+05:30
2016-12-01,SMD-0032,BANKINDIA,NSE:BANKINDIA-EQ,119.0,120.8,116.35,116.8,3086047,FYERS_HISTORY,2026-08-08T23:02:59+05:30
2016-12-02,SMD-0032,BANKINDIA,NSE:BANKINDIA-EQ,115.0,118.65,114.25,116.2,4700250,FYERS_HISTORY,2026-08-08T23:02:59+05:30
2016-12-05,SMD-0032,BANKINDIA,NSE:BANKINDIA-EQ,115.85,118.0,115.25,117.4,3083909,FYERS_HISTORY,2026-08-08T23:02:59+05:30
2016-12-06,SMD-0032,BANKINDIA,NSE:BANKINDIA-EQ,118.0,118.4,116.55,117.0,2531825,FYERS_HISTORY,2026-08-08T23:02:59+05:30
2016-12-07,SMD-0032,BANKINDIA,NSE:BANKINDIA-EQ,117.6,118.1,113.5,114.25,4076370,FYERS_HISTORY,2026-08-08T23:02:59+05:30
2016-12-08,SMD-0032,BANKINDIA,NSE:BANKINDIA-EQ,115.0,116.65,114.4,114.7,2995595,FYERS_HISTORY,2026-08-08T23:02:59+05:30
2016-12-09,SMD-0032,BANKINDIA,NSE:BANKINDIA-EQ,115.85,117.5,114.7,117.05,3846596,FYERS_HISTORY,2026-08-08T23:02:59+05:30
2016-12-12,SMD-0032,BANKINDIA,NSE:BANKINDIA-EQ,117.7,117.7,115.1,115.65,2082108,FYERS_HISTORY,2026-08-08T23:02:59+05:30
2016-12-13,SMD-0032,BANKINDIA,NSE:BANKINDIA-EQ,115.9,116.3,114.25,115.0,1879647,FYERS_HISTORY,2026-08-08T23:02:59+05:30
2016-12-14,SMD-0032,BANKINDIA,NSE:BANKINDIA-EQ,115.0,115.6,113.7,113.9,1668227,FYERS_HISTORY,2026-08-08T23:02:59+05:30
2016-12-15,SMD-0032,BANKINDIA,NSE:BANKINDIA-EQ,112.5,115.45,112.1,114.0,2042204,FYERS_HISTORY,2026-08-08T23:02:59+05:30
2016-12-16,SMD-0032,BANKINDIA,NSE:BANKINDIA-EQ,114.5,114.75,113.0,113.5,1268045,FYERS_HISTORY,2026-08-08T23:02:59+05:30
2016-12-19,SMD-0032,BANKINDIA,NSE:BANKINDIA-EQ,113.5,113.85,111.85,112.5,1592113,FYERS_HISTORY,2026-08-08T23:02:59+05:30
2016-12-20,SMD-0032,BANKINDIA,NSE:BANKINDIA-EQ,112.4,113.25,109.7,110.4,2292476,FYERS_HISTORY,2026-08-08T23:02:59+05:30
2016-12-21,SMD-0032,BANKINDIA,NSE:BANKINDIA-EQ,110.65,111.4,108.6,109.1,2649256,FYERS_HISTORY,2026-08-08T23:02:59+05:30
2016-12-22,SMD-0032,BANKINDIA,NSE:BANKINDIA-EQ,108.75,109.45,107.3,107.65,1837748,FYERS_HISTORY,2026-08-08T23:02:59+05:30
2016-12-23,SMD-0032,BANKINDIA,NSE:BANKINDIA-EQ,107.9,108.65,106.75,107.05,1937319,FYERS_HISTORY,2026-08-08T23:02:59+05:30
2016-12-26,SMD-0032,BANKINDIA,NSE:BANKINDIA-EQ,106.7,106.75,102.95,103.5,2024903,FYERS_HISTORY,2026-08-08T23:02:59+05:30
2016-12-27,SMD-0032,BANKINDIA,NSE:BANKINDIA-EQ,103.05,105.0,102.75,104.75,1819990,FYERS_HISTORY,2026-08-08T23:02:59+05:30
2016-12-28,SMD-0032,BANKINDIA,NSE:BANKINDIA-EQ,105.3,107.15,103.85,104.25,2370261,FYERS_HISTORY,2026-08-08T23:02:59+05:30
2016-12-29,SMD-0032,BANKINDIA,NSE:BANKINDIA-EQ,103.35,106.85,102.75,105.35,3680668,FYERS_HISTORY,2026-08-08T23:02:59+05:30
2016-12-30,SMD-0032,BANKINDIA,NSE:BANKINDIA-EQ,106.3,108.4,105.5,107.25,3067129,FYERS_HISTORY,2026-08-08T23:02:59+05:30
2017-01-02,SMD-0032,BANKINDIA,NSE:BANKINDIA-EQ,107.75,108.25,105.75,107.45,1948756,FYERS_HISTORY,2026-08-08T23:02:59+05:30
2017-01-03,SMD-0032,BANKINDIA,NSE:BANKINDIA-EQ,107.45,109.4,106.65,108.35,1945442,FYERS_HISTORY,2026-08-08T23:02:59+05:30
2017-01-04,SMD-0032,BANKINDIA,NSE:BANKINDIA-EQ,108.25,109.0,107.25,107.7,1551444,FYERS_HISTORY,2026-08-08T23:02:59+05:30
2017-01-05,SMD-0032,BANKINDIA,NSE:BANKINDIA-EQ,108.4,109.9,108.2,109.55,1681563,FYERS_HISTORY,2026-08-08T23:02:59+05:30
2017-01-06,SMD-0032,BANKINDIA,NSE:BANKINDIA-EQ,109.9,111.9,109.7,110.55,2126290,FYERS_HISTORY,2026-08-08T23:02:59+05:30
2017-01-09,SMD-0032,BANKINDIA,NSE:BANKINDIA-EQ,111.25,111.8,110.1,111.2,1217696,FYERS_HISTORY,2026-08-08T23:02:59+05:30
2017-01-10,SMD-0032,BANKINDIA,NSE:BANKINDIA-EQ,111.5,111.95,110.3,111.25,1346360,FYERS_HISTORY,2026-08-08T23:02:59+05:30
2017-01-11,SMD-0032,BANKINDIA,NSE:BANKINDIA-EQ,112.0,114.8,111.75,114.25,3021697,FYERS_HISTORY,2026-08-08T23:02:59+05:30
2017-01-12,SMD-0032,BANKINDIA,NSE:BANKINDIA-EQ,115.1,115.4,113.35,114.15,1848355,FYERS_HISTORY,2026-08-08T23:02:59+05:30
2017-01-13,SMD-0032,BANKINDIA,NSE:BANKINDIA-EQ,114.8,114.8,112.85,114.0,1771669,FYERS_HISTORY,2026-08-08T23:02:59+05:30
2017-01-16,SMD-0032,BANKINDIA,NSE:BANKINDIA-EQ,114.0,115.7,113.75,115.35,1950670,FYERS_HISTORY,2026-08-08T23:02:59+05:30
2017-01-17,SMD-0032,BANKINDIA,NSE:BANKINDIA-EQ,115.8,116.75,114.4,115.05,1886859,FYERS_HISTORY,2026-08-08T23:02:59+05:30
2017-01-18,SMD-0032,BANKINDIA,NSE:BANKINDIA-EQ,115.1,116.2,114.45,115.2,1497600,FYERS_HISTORY,2026-08-08T23:02:59+05:30
2017-01-19,SMD-0032,BANKINDIA,NSE:BANKINDIA-EQ,115.4,116.65,114.1,115.6,1890361,FYERS_HISTORY,2026-08-08T23:02:59+05:30
2017-01-20,SMD-0032,BANKINDIA,NSE:BANKINDIA-EQ,115.25,116.1,112.05,112.35,1972392,FYERS_HISTORY,2026-08-08T23:02:59+05:30
2017-01-23,SMD-0032,BANKINDIA,NSE:BANKINDIA-EQ,111.95,114.5,111.15,114.15,1539471,FYERS_HISTORY,2026-08-08T23:02:59+05:30
2017-01-24,SMD-0032,BANKINDIA,NSE:BANKINDIA-EQ,114.55,115.7,114.25,114.85,1925095,FYERS_HISTORY,2026-08-08T23:02:59+05:30
2017-01-25,SMD-0032,BANKINDIA,NSE:BANKINDIA-EQ,115.6,115.6,113.45,115.05,2931315,FYERS_HISTORY,2026-08-08T23:02:59+05:30
2017-01-27,SMD-0032,BANKINDIA,NSE:BANKINDIA-EQ,116.5,118.25,115.5,117.05,4975696,FYERS_HISTORY,2026-08-08T23:02:59+05:30
2017-01-30,SMD-0032,BANKINDIA,NSE:BANKINDIA-EQ,116.55,123.6,115.7,120.3,7180324,FYERS_HISTORY,2026-08-08T23:02:59+05:30
2017-01-31,SMD-0032,BANKINDIA,NSE:BANKINDIA-EQ,120.0,120.4,117.15,117.65,2200898,FYERS_HISTORY,2026-08-08T23:02:59+05:30
2017-02-01,SMD-0032,BANKINDIA,NSE:BANKINDIA-EQ,117.9,121.6,117.4,121.15,4748611,FYERS_HISTORY,2026-08-08T23:02:59+05:30
2017-02-02,SMD-0032,BANKINDIA,NSE:BANKINDIA-EQ,121.75,126.2,119.4,125.25,5086596,FYERS_HISTORY,2026-08-08T23:02:59+05:30
2017-02-03,SMD-0032,BANKINDIA,NSE:BANKINDIA-EQ,125.95,133.9,125.55,132.95,10877464,FYERS_HISTORY,2026-08-08T23:02:59+05:30
2017-02-06,SMD-0032,BANKINDIA,NSE:BANKINDIA-EQ,134.75,135.75,131.05,132.5,4918430,FYERS_HISTORY,2026-08-08T23:02:59+05:30
2017-02-07,SMD-0032,BANKINDIA,NSE:BANKINDIA-EQ,132.35,135.8,130.4,133.25,5420168,FYERS_HISTORY,2026-08-08T23:02:59+05:30
2017-02-08,SMD-0032,BANKINDIA,NSE:BANKINDIA-EQ,133.95,133.95,129.5,132.7,3141295,FYERS_HISTORY,2026-08-08T23:02:59+05:30
2017-02-09,SMD-0032,BANKINDIA,NSE:BANKINDIA-EQ,133.8,138.5,130.5,136.85,16251543,FYERS_HISTORY,2026-08-08T23:02:59+05:30
2017-02-10,SMD-0032,BANKINDIA,NSE:BANKINDIA-EQ,137.95,138.25,133.1,133.9,5121092,FYERS_HISTORY,2026-08-08T23:02:59+05:30
2017-02-13,SMD-0032,BANKINDIA,NSE:BANKINDIA-EQ,134.0,134.25,126.6,128.75,5892227,FYERS_HISTORY,2026-08-08T23:02:59+05:30
2017-02-14,SMD-0032,BANKINDIA,NSE:BANKINDIA-EQ,128.9,129.9,126.3,128.6,3138195,FYERS_HISTORY,2026-08-08T23:02:59+05:30
2017-02-15,SMD-0032,BANKINDIA,NSE:BANKINDIA-EQ,128.5,129.3,123.45,123.75,5027701,FYERS_HISTORY,2026-08-08T23:02:59+05:30
2017-02-16,SMD-0032,BANKINDIA,NSE:BANKINDIA-EQ,124.55,127.25,123.2,125.45,4237844,FYERS_HISTORY,2026-08-08T23:02:59+05:30
2017-02-17,SMD-0032,BANKINDIA,NSE:BANKINDIA-EQ,126.75,127.0,123.9,124.5,2633546,FYERS_HISTORY,2026-08-08T23:02:59+05:30
2017-02-20,SMD-0032,BANKINDIA,NSE:BANKINDIA-EQ,124.8,126.6,123.3,126.0,2095807,FYERS_HISTORY,2026-08-08T23:02:59+05:30
2017-02-21,SMD-0032,BANKINDIA,NSE:BANKINDIA-EQ,127.2,130.1,125.7,128.1,3124184,FYERS_HISTORY,2026-08-08T23:02:59+05:30
2017-02-22,SMD-0032,BANKINDIA,NSE:BANKINDIA-EQ,129.0,129.75,127.05,127.75,2857954,FYERS_HISTORY,2026-08-08T23:02:59+05:30
2017-02-23,SMD-0032,BANKINDIA,NSE:BANKINDIA-EQ,127.5,129.0,126.4,127.5,3811654,FYERS_HISTORY,2026-08-08T23:02:59+05:30
2017-02-27,SMD-0032,BANKINDIA,NSE:BANKINDIA-EQ,127.7,127.7,124.1,125.15,2408075,FYERS_HISTORY,2026-08-08T23:02:59+05:30
2017-02-28,SMD-0032,BANKINDIA,NSE:BANKINDIA-EQ,125.35,129.3,125.15,128.8,3349979,FYERS_HISTORY,2026-08-08T23:02:59+05:30
2017-03-01,SMD-0032,BANKINDIA,NSE:BANKINDIA-EQ,128.6,131.3,128.05,128.75,2979313,FYERS_HISTORY,2026-08-08T23:02:59+05:30
2017-03-02,SMD-0032,BANKINDIA,NSE:BANKINDIA-EQ,129.9,130.7,125.3,125.95,3073889,FYERS_HISTORY,2026-08-08T23:02:59+05:30
2017-03-03,SMD-0032,BANKINDIA,NSE:BANKINDIA-EQ,125.65,127.0,125.15,125.75,1601098,FYERS_HISTORY,2026-08-08T23:02:59+05:30
2017-03-06,SMD-0032,BANKINDIA,NSE:BANKINDIA-EQ,126.25,129.25,126.2,128.35,3022971,FYERS_HISTORY,2026-08-08T23:02:59+05:30
2017-03-07,SMD-0032,BANKINDIA,NSE:BANKINDIA-EQ,128.8,128.85,125.85,126.2,1915896,FYERS_HISTORY,2026-08-08T23:02:59+05:30
2017-03-08,SMD-0032,BANKINDIA,NSE:BANKINDIA-EQ,126.2,127.3,123.3,125.1,3447405,FYERS_HISTORY,2026-08-08T23:02:59+05:30
2017-03-09,SMD-0032,BANKINDIA,NSE:BANKINDIA-EQ,124.5,126.1,123.7,124.25,1870916,FYERS_HISTORY,2026-08-08T23:02:59+05:30
2017-03-10,SMD-0032,BANKINDIA,NSE:BANKINDIA-EQ,125.2,125.8,122.85,123.45,1659841,FYERS_HISTORY,2026-08-08T23:02:59+05:30
2017-03-14,SMD-0032,BANKINDIA,NSE:BANKINDIA-EQ,127.85,127.85,123.5,123.9,2748605,FYERS_HISTORY,2026-08-08T23:02:59+05:30
2017-03-15,SMD-0032,BANKINDIA,NSE:BANKINDIA-EQ,124.6,128.7,124.0,126.25,3345607,FYERS_HISTORY,2026-08-08T23:02:59+05:30
2017-03-16,SMD-0032,BANKINDIA,NSE:BANKINDIA-EQ,127.5,129.15,126.4,128.35,2958467,FYERS_HISTORY,2026-08-08T23:02:59+05:30
2017-03-17,SMD-0032,BANKINDIA,NSE:BANKINDIA-EQ,129.0,129.05,126.0,126.95,2423037,FYERS_HISTORY,2026-08-08T23:02:59+05:30
2017-03-20,SMD-0032,BANKINDIA,NSE:BANKINDIA-EQ,127.3,129.9,126.35,128.9,2994945,FYERS_HISTORY,2026-08-08T23:02:59+05:30
2017-03-21,SMD-0032,BANKINDIA,NSE:BANKINDIA-EQ,129.25,131.4,127.5,128.6,3576953,FYERS_HISTORY,2026-08-08T23:02:59+05:30
2017-03-22,SMD-0032,BANKINDIA,NSE:BANKINDIA-EQ,127.35,127.65,125.55,125.8,2230088,FYERS_HISTORY,2026-08-08T23:02:59+05:30
2017-03-23,SMD-0032,BANKINDIA,NSE:BANKINDIA-EQ,126.55,127.2,125.3,126.5,1939771,FYERS_HISTORY,2026-08-08T23:02:59+05:30
2017-03-24,SMD-0032,BANKINDIA,NSE:BANKINDIA-EQ,126.8,135.8,126.8,133.05,12793047,FYERS_HISTORY,2026-08-08T23:02:59+05:30
2017-03-27,SMD-0032,BANKINDIA,NSE:BANKINDIA-EQ,132.25,136.85,132.25,135.9,6225880,FYERS_HISTORY,2026-08-08T23:02:59+05:30
2017-03-28,SMD-0032,BANKINDIA,NSE:BANKINDIA-EQ,136.8,137.75,135.15,135.95,3249704,FYERS_HISTORY,2026-08-08T23:02:59+05:30
2017-03-29,SMD-0032,BANKINDIA,NSE:BANKINDIA-EQ,137.0,140.45,135.1,138.4,6351155,FYERS_HISTORY,2026-08-08T23:02:59+05:30
2017-03-30,SMD-0032,BANKINDIA,NSE:BANKINDIA-EQ,138.4,141.4,138.0,138.5,7554582,FYERS_HISTORY,2026-08-08T23:02:59+05:30
2017-03-31,SMD-0032,BANKINDIA,NSE:BANKINDIA-EQ,139.35,142.4,137.4,139.25,6049376,FYERS_HISTORY,2026-08-08T23:02:59+05:30
2017-04-03,SMD-0032,BANKINDIA,NSE:BANKINDIA-EQ,139.8,140.65,138.5,139.4,2357992,FYERS_HISTORY,2026-08-08T23:02:59+05:30
2017-04-05,SMD-0032,BANKINDIA,NSE:BANKINDIA-EQ,139.9,144.2,138.7,143.0,5477904,FYERS_HISTORY,2026-08-08T23:02:59+05:30
2017-04-06,SMD-0032,BANKINDIA,NSE:BANKINDIA-EQ,142.6,143.6,140.8,141.9,3485791,FYERS_HISTORY,2026-08-08T23:02:59+05:30
2017-04-07,SMD-0032,BANKINDIA,NSE:BANKINDIA-EQ,141.0,144.4,139.7,141.1,6278796,FYERS_HISTORY,2026-08-08T23:02:59+05:30
2017-04-10,SMD-0032,BANKINDIA,NSE:BANKINDIA-EQ,141.0,146.3,140.2,145.6,5179845,FYERS_HISTORY,2026-08-08T23:02:59+05:30
2017-04-11,SMD-0032,BANKINDIA,NSE:BANKINDIA-EQ,145.6,150.4,145.0,149.65,5115360,FYERS_HISTORY,2026-08-08T23:02:59+05:30
2017-04-12,SMD-0032,BANKINDIA,NSE:BANKINDIA-EQ,149.65,150.7,145.1,147.65,6028649,FYERS_HISTORY,2026-08-08T23:02:59+05:30
2017-04-13,SMD-0032,BANKINDIA,NSE:BANKINDIA-EQ,146.5,151.45,146.5,149.35,3733086,FYERS_HISTORY,2026-08-08T23:02:59+05:30
2017-04-17,SMD-0032,BANKINDIA,NSE:BANKINDIA-EQ,147.85,149.7,145.85,147.2,3242781,FYERS_HISTORY,2026-08-08T23:02:59+05:30
2017-04-18,SMD-0032,BANKINDIA,NSE:BANKINDIA-EQ,147.55,155.6,147.5,151.4,7998502,FYERS_HISTORY,2026-08-08T23:02:59+05:30
2017-04-19,SMD-0032,BANKINDIA,NSE:BANKINDIA-EQ,152.0,153.3,148.5,149.15,4588938,FYERS_HISTORY,2026-08-08T23:02:59+05:30
2017-04-20,SMD-0032,BANKINDIA,NSE:BANKINDIA-EQ,149.6,152.9,148.75,151.85,3766175,FYERS_HISTORY,2026-08-08T23:02:59+05:30
2017-04-21,SMD-0032,BANKINDIA,NSE:BANKINDIA-EQ,151.8,153.5,149.15,150.45,2915689,FYERS_HISTORY,2026-08-08T23:02:59+05:30
2017-04-24,SMD-0032,BANKINDIA,NSE:BANKINDIA-EQ,151.35,154.5,149.75,153.35,4180584,FYERS_HISTORY,2026-08-08T23:02:59+05:30
2017-04-25,SMD-0032,BANKINDIA,NSE:BANKINDIA-EQ,154.35,159.55,153.5,158.45,6672994,FYERS_HISTORY,2026-08-08T23:02:59+05:30
2017-04-26,SMD-0032,BANKINDIA,NSE:BANKINDIA-EQ,158.5,166.45,157.3,163.7,6889329,FYERS_HISTORY,2026-08-08T23:02:59+05:30
2017-04-27,SMD-0032,BANKINDIA,NSE:BANKINDIA-EQ,162.4,188.25,159.5,178.5,14970959,FYERS_HISTORY,2026-08-08T23:02:59+05:30
2017-04-28,SMD-0032,BANKINDIA,NSE:BANKINDIA-EQ,174.0,189.55,171.7,186.8,18081940,FYERS_HISTORY,2026-08-08T23:02:59+05:30
2017-05-02,SMD-0032,BANKINDIA,NSE:BANKINDIA-EQ,185.4,188.0,177.55,179.8,8440338,FYERS_HISTORY,2026-08-08T23:02:59+05:30
2017-05-03,SMD-0032,BANKINDIA,NSE:BANKINDIA-EQ,180.7,190.4,179.7,185.25,9999014,FYERS_HISTORY,2026-08-08T23:02:59+05:30
2017-05-04,SMD-0032,BANKINDIA,NSE:BANKINDIA-EQ,188.6,193.5,186.2,192.3,8217136,FYERS_HISTORY,2026-08-08T23:02:59+05:30
2017-05-05,SMD-0032,BANKINDIA,NSE:BANKINDIA-EQ,192.55,197.2,179.75,183.6,17363212,FYERS_HISTORY,2026-08-08T23:02:59+05:30
2017-05-08,SMD-0032,BANKINDIA,NSE:BANKINDIA-EQ,183.0,187.35,179.6,185.35,4279831,FYERS_HISTORY,2026-08-08T23:02:59+05:30
2017-05-09,SMD-0032,BANKINDIA,NSE:BANKINDIA-EQ,184.7,186.35,180.2,181.1,4070805,FYERS_HISTORY,2026-08-08T23:02:59+05:30
2017-05-10,SMD-0032,BANKINDIA,NSE:BANKINDIA-EQ,181.9,182.85,178.55,180.85,3412189,FYERS_HISTORY,2026-08-08T23:02:59+05:30
2017-05-11,SMD-0032,BANKINDIA,NSE:BANKINDIA-EQ,182.0,186.4,180.5,182.4,5027509,FYERS_HISTORY,2026-08-08T23:02:59+05:30
2017-05-12,SMD-0032,BANKINDIA,NSE:BANKINDIA-EQ,183.2,184.4,176.8,178.85,3452159,FYERS_HISTORY,2026-08-08T23:02:59+05:30
2017-05-15,SMD-0032,BANKINDIA,NSE:BANKINDIA-EQ,179.2,181.95,179.15,181.1,2790326,FYERS_HISTORY,2026-08-08T23:02:59+05:30
2017-05-16,SMD-0032,BANKINDIA,NSE:BANKINDIA-EQ,181.9,188.7,177.85,187.35,7638157,FYERS_HISTORY,2026-08-08T23:02:59+05:30
2017-05-17,SMD-0032,BANKINDIA,NSE:BANKINDIA-EQ,188.0,188.65,184.2,184.85,4020333,FYERS_HISTORY,2026-08-08T23:02:59+05:30
2017-05-18,SMD-0032,BANKINDIA,NSE:BANKINDIA-EQ,182.5,185.5,177.3,179.15,3967723,FYERS_HISTORY,2026-08-08T23:02:59+05:30
2017-05-19,SMD-0032,BANKINDIA,NSE:BANKINDIA-EQ,179.95,183.95,176.25,178.3,4500374,FYERS_HISTORY,2026-08-08T23:02:59+05:30
2017-05-22,SMD-0032,BANKINDIA,NSE:BANKINDIA-EQ,180.0,181.4,155.55,158.5,25971009,FYERS_HISTORY,2026-08-08T23:02:59+05:30
2017-05-23,SMD-0032,BANKINDIA,NSE:BANKINDIA-EQ,155.75,157.0,144.55,146.45,22790140,FYERS_HISTORY,2026-08-08T23:02:59+05:30
2017-05-24,SMD-0032,BANKINDIA,NSE:BANKINDIA-EQ,144.9,148.4,140.2,141.2,13991145,FYERS_HISTORY,2026-08-08T23:02:59+05:30
2017-05-25,SMD-0032,BANKINDIA,NSE:BANKINDIA-EQ,142.25,151.75,139.2,148.95,12548730,FYERS_HISTORY,2026-08-08T23:02:59+05:30
2017-05-26,SMD-0032,BANKINDIA,NSE:BANKINDIA-EQ,147.95,150.65,144.5,148.65,6277558,FYERS_HISTORY,2026-08-08T23:02:59+05:30
2017-05-29,SMD-0032,BANKINDIA,NSE:BANKINDIA-EQ,148.4,150.4,142.05,142.85,4544011,FYERS_HISTORY,2026-08-08T23:02:59+05:30
2017-05-30,SMD-0032,BANKINDIA,NSE:BANKINDIA-EQ,142.4,147.7,141.0,146.85,5280472,FYERS_HISTORY,2026-08-08T23:02:59+05:30
2017-05-31,SMD-0032,BANKINDIA,NSE:BANKINDIA-EQ,147.1,148.15,140.55,141.35,8700966,FYERS_HISTORY,2026-08-08T23:02:59+05:30
2017-06-01,SMD-0032,BANKINDIA,NSE:BANKINDIA-EQ,141.95,144.5,140.7,143.9,5150911,FYERS_HISTORY,2026-08-08T23:02:59+05:30
2017-06-02,SMD-0032,BANKINDIA,NSE:BANKINDIA-EQ,145.0,147.4,142.25,145.85,4927876,FYERS_HISTORY,2026-08-08T23:02:59+05:30
2017-06-05,SMD-0032,BANKINDIA,NSE:BANKINDIA-EQ,147.0,148.0,145.55,146.5,3246349,FYERS_HISTORY,2026-08-08T23:02:59+05:30
2017-06-06,SMD-0032,BANKINDIA,NSE:BANKINDIA-EQ,146.95,147.5,142.1,142.55,3920950,FYERS_HISTORY,2026-08-08T23:02:59+05:30
2017-06-07,SMD-0032,BANKINDIA,NSE:BANKINDIA-EQ,143.0,146.7,141.8,145.2,4980958,FYERS_HISTORY,2026-08-08T23:02:59+05:30
2017-06-08,SMD-0032,BANKINDIA,NSE:BANKINDIA-EQ,146.1,146.85,143.4,143.65,2644767,FYERS_HISTORY,2026-08-08T23:02:59+05:30
2017-06-09,SMD-0032,BANKINDIA,NSE:BANKINDIA-EQ,143.2,145.25,142.0,143.3,4352446,FYERS_HISTORY,2026-08-08T23:02:59+05:30
2017-06-12,SMD-0032,BANKINDIA,NSE:BANKINDIA-EQ,141.95,142.4,137.3,137.8,6386199,FYERS_HISTORY,2026-08-08T23:02:59+05:30
2017-06-13,SMD-0032,BANKINDIA,NSE:BANKINDIA-EQ,137.5,139.1,136.5,137.65,5779965,FYERS_HISTORY,2026-08-08T23:02:59+05:30
2017-06-14,SMD-0032,BANKINDIA,NSE:BANKINDIA-EQ,138.25,140.4,136.2,139.85,6475916,FYERS_HISTORY,2026-08-08T23:02:59+05:30
2017-06-15,SMD-0032,BANKINDIA,NSE:BANKINDIA-EQ,139.7,141.6,137.55,139.05,5771231,FYERS_HISTORY,2026-08-08T23:02:59+05:30
2017-06-16,SMD-0032,BANKINDIA,NSE:BANKINDIA-EQ,139.6,140.1,137.1,138.35,2525670,FYERS_HISTORY,2026-08-08T23:02:59+05:30
2017-06-19,SMD-0032,BANKINDIA,NSE:BANKINDIA-EQ,138.65,140.6,137.65,138.55,3286151,FYERS_HISTORY,2026-08-08T23:02:59+05:30
2017-06-20,SMD-0032,BANKINDIA,NSE:BANKINDIA-EQ,138.8,138.8,136.75,137.25,2393015,FYERS_HISTORY,2026-08-08T23:02:59+05:30
2017-06-21,SMD-0032,BANKINDIA,NSE:BANKINDIA-EQ,136.7,138.75,136.25,137.5,2700980,FYERS_HISTORY,2026-08-08T23:02:59+05:30
2017-06-22,SMD-0032,BANKINDIA,NSE:BANKINDIA-EQ,137.6,138.45,135.35,136.35,2391716,FYERS_HISTORY,2026-08-08T23:02:59+05:30
2017-06-23,SMD-0032,BANKINDIA,NSE:BANKINDIA-EQ,136.4,137.1,132.75,134.0,3606642,FYERS_HISTORY,2026-08-08T23:02:59+05:30
2017-06-27,SMD-0032,BANKINDIA,NSE:BANKINDIA-EQ,134.15,134.8,127.55,133.55,7436014,FYERS_HISTORY,2026-08-08T23:02:59+05:30
2017-06-28,SMD-0032,BANKINDIA,NSE:BANKINDIA-EQ,132.0,137.65,131.35,136.75,4789755,FYERS_HISTORY,2026-08-08T23:02:59+05:30
2017-06-29,SMD-0032,BANKINDIA,NSE:BANKINDIA-EQ,137.25,141.5,135.65,138.45,4580182,FYERS_HISTORY,2026-08-08T23:02:59+05:30
2017-06-30,SMD-0032,BANKINDIA,NSE:BANKINDIA-EQ,138.1,140.25,137.3,139.7,3554105,FYERS_HISTORY,2026-08-08T23:02:59+05:30
2017-07-03,SMD-0032,BANKINDIA,NSE:BANKINDIA-EQ,139.8,141.0,138.55,139.7,2106386,FYERS_HISTORY,2026-08-08T23:02:59+05:30
2017-07-04,SMD-0032,BANKINDIA,NSE:BANKINDIA-EQ,139.55,140.25,136.2,137.0,2963920,FYERS_HISTORY,2026-08-08T23:02:59+05:30
2017-07-05,SMD-0032,BANKINDIA,NSE:BANKINDIA-EQ,137.0,138.75,136.25,137.65,1867260,FYERS_HISTORY,2026-08-08T23:02:59+05:30
2017-07-06,SMD-0032,BANKINDIA,NSE:BANKINDIA-EQ,137.9,141.65,137.8,140.45,4031020,FYERS_HISTORY,2026-08-08T23:02:59+05:30
2017-07-07,SMD-0032,BANKINDIA,NSE:BANKINDIA-EQ,140.25,142.85,140.15,141.2,2799509,FYERS_HISTORY,2026-08-08T23:02:59+05:30
2017-07-10,SMD-0032,BANKINDIA,NSE:BANKINDIA-EQ,155.0,155.0,141.9,149.2,1912180,FYERS_HISTORY,2026-08-08T23:02:59+05:30
2017-07-11,SMD-0032,BANKINDIA,NSE:BANKINDIA-EQ,149.25,150.9,143.8,144.4,3163798,FYERS_HISTORY,2026-08-08T23:02:59+05:30
2017-07-12,SMD-0032,BANKINDIA,NSE:BANKINDIA-EQ,145.0,146.05,141.9,145.3,3261707,FYERS_HISTORY,2026-08-08T23:02:59+05:30
2017-07-13,SMD-0032,BANKINDIA,NSE:BANKINDIA-EQ,147.3,147.5,143.65,144.35,2145058,FYERS_HISTORY,2026-08-08T23:02:59+05:30
2017-07-14,SMD-0032,BANKINDIA,NSE:BANKINDIA-EQ,144.5,148.35,142.6,146.95,4634722,FYERS_HISTORY,2026-08-08T23:02:59+05:30
2017-07-17,SMD-0032,BANKINDIA,NSE:BANKINDIA-EQ,146.95,148.8,145.5,148.1,2428000,FYERS_HISTORY,2026-08-08T23:02:59+05:30
2017-07-18,SMD-0032,BANKINDIA,NSE:BANKINDIA-EQ,148.05,154.5,147.65,152.65,8758277,FYERS_HISTORY,2026-08-08T23:02:59+05:30
2017-07-19,SMD-0032,BANKINDIA,NSE:BANKINDIA-EQ,154.5,156.95,153.4,155.95,3746395,FYERS_HISTORY,2026-08-08T23:02:59+05:30
2017-07-20,SMD-0032,BANKINDIA,NSE:BANKINDIA-EQ,155.65,155.65,150.75,151.25,3884428,FYERS_HISTORY,2026-08-08T23:02:59+05:30
2017-07-21,SMD-0032,BANKINDIA,NSE:BANKINDIA-EQ,151.7,155.5,151.0,154.9,3855732,FYERS_HISTORY,2026-08-08T23:02:59+05:30
2017-07-24,SMD-0032,BANKINDIA,NSE:BANKINDIA-EQ,155.0,160.9,154.6,159.8,6273145,FYERS_HISTORY,2026-08-08T23:02:59+05:30
2017-07-25,SMD-0032,BANKINDIA,NSE:BANKINDIA-EQ,160.2,164.5,159.1,163.95,5935421,FYERS_HISTORY,2026-08-08T23:02:59+05:30
2017-07-26,SMD-0032,BANKINDIA,NSE:BANKINDIA-EQ,164.55,164.55,159.3,160.6,4721192,FYERS_HISTORY,2026-08-08T23:02:59+05:30
2017-07-27,SMD-0032,BANKINDIA,NSE:BANKINDIA-EQ,161.0,163.85,154.05,154.9,8224121,FYERS_HISTORY,2026-08-08T23:02:59+05:30
2017-07-28,SMD-0032,BANKINDIA,NSE:BANKINDIA-EQ,153.5,162.9,152.6,162.25,6683617,FYERS_HISTORY,2026-08-08T23:02:59+05:30
2017-07-31,SMD-0032,BANKINDIA,NSE:BANKINDIA-EQ,162.1,167.45,158.3,166.0,7993428,FYERS_HISTORY,2026-08-08T23:02:59+05:30
2017-08-01,SMD-0032,BANKINDIA,NSE:BANKINDIA-EQ,166.0,167.6,161.45,162.3,4327687,FYERS_HISTORY,2026-08-08T23:02:59+05:30
2017-08-02,SMD-0032,BANKINDIA,NSE:BANKINDIA-EQ,163.0,163.9,159.35,161.55,4716409,FYERS_HISTORY,2026-08-08T23:02:59+05:30
2017-08-03,SMD-0032,BANKINDIA,NSE:BANKINDIA-EQ,160.8,160.85,153.05,154.75,5438753,FYERS_HISTORY,2026-08-08T23:02:59+05:30
2017-08-04,SMD-0032,BANKINDIA,NSE:BANKINDIA-EQ,155.1,159.0,153.1,158.45,4949392,FYERS_HISTORY,2026-08-08T23:02:59+05:30
2017-08-07,SMD-0032,BANKINDIA,NSE:BANKINDIA-EQ,159.0,159.6,156.7,158.05,2783549,FYERS_HISTORY,2026-08-08T23:02:59+05:30
2017-08-08,SMD-0032,BANKINDIA,NSE:BANKINDIA-EQ,158.5,158.9,151.65,152.55,5572082,FYERS_HISTORY,2026-08-08T23:02:59+05:30
2017-08-09,SMD-0032,BANKINDIA,NSE:BANKINDIA-EQ,151.5,163.5,149.0,158.45,21791934,FYERS_HISTORY,2026-08-08T23:02:59+05:30
2017-08-10,SMD-0032,BANKINDIA,NSE:BANKINDIA-EQ,154.0,156.0,145.1,148.15,13264178,FYERS_HISTORY,2026-08-08T23:02:59+05:30
2017-08-11,SMD-0032,BANKINDIA,NSE:BANKINDIA-EQ,145.0,149.35,140.0,143.05,8380224,FYERS_HISTORY,2026-08-08T23:02:59+05:30
2017-08-14,SMD-0032,BANKINDIA,NSE:BANKINDIA-EQ,145.0,147.9,143.15,144.95,4518645,FYERS_HISTORY,2026-08-08T23:02:59+05:30
2017-08-16,SMD-0032,BANKINDIA,NSE:BANKINDIA-EQ,146.8,147.9,141.55,147.05,5354114,FYERS_HISTORY,2026-08-08T23:02:59+05:30
2017-08-17,SMD-0032,BANKINDIA,NSE:BANKINDIA-EQ,147.7,150.35,145.15,145.75,4468028,FYERS_HISTORY,2026-08-08T23:02:59+05:30
2017-08-18,SMD-0032,BANKINDIA,NSE:BANKINDIA-EQ,144.05,144.5,141.2,143.35,4729302,FYERS_HISTORY,2026-08-08T23:02:59+05:30
2017-08-21,SMD-0032,BANKINDIA,NSE:BANKINDIA-EQ,144.3,145.45,138.5,139.5,3331293,FYERS_HISTORY,2026-08-08T23:02:59+05:30
2017-08-22,SMD-0032,BANKINDIA,NSE:BANKINDIA-EQ,140.75,141.65,137.3,139.15,3706438,FYERS_HISTORY,2026-08-08T23:02:59+05:30
2017-08-23,SMD-0032,BANKINDIA,NSE:BANKINDIA-EQ,140.0,144.9,140.0,143.8,6957028,FYERS_HISTORY,2026-08-08T23:02:59+05:30
2017-08-24,SMD-0032,BANKINDIA,NSE:BANKINDIA-EQ,143.45,145.5,141.2,144.15,4681415,FYERS_HISTORY,2026-08-08T23:02:59+05:30
2017-08-28,SMD-0032,BANKINDIA,NSE:BANKINDIA-EQ,145.0,145.65,142.85,143.75,4176278,FYERS_HISTORY,2026-08-08T23:02:59+05:30
2017-08-29,SMD-0032,BANKINDIA,NSE:BANKINDIA-EQ,142.0,145.55,140.75,141.65,5334375,FYERS_HISTORY,2026-08-08T23:02:59+05:30
2017-08-30,SMD-0032,BANKINDIA,NSE:BANKINDIA-EQ,143.5,144.0,141.6,143.0,2367920,FYERS_HISTORY,2026-08-08T23:02:59+05:30
2017-08-31,SMD-0032,BANKINDIA,NSE:BANKINDIA-EQ,143.9,145.0,141.3,144.2,4077427,FYERS_HISTORY,2026-08-08T23:02:59+05:30
2017-09-01,SMD-0032,BANKINDIA,NSE:BANKINDIA-EQ,144.8,146.35,143.3,143.9,2137535,FYERS_HISTORY,2026-08-08T23:02:59+05:30
2017-09-04,SMD-0032,BANKINDIA,NSE:BANKINDIA-EQ,143.7,145.0,140.55,142.35,3561248,FYERS_HISTORY,2026-08-08T23:02:59+05:30
2017-09-05,SMD-0032,BANKINDIA,NSE:BANKINDIA-EQ,142.5,144.9,142.0,144.1,1909572,FYERS_HISTORY,2026-08-08T23:02:59+05:30
2017-09-06,SMD-0032,BANKINDIA,NSE:BANKINDIA-EQ,143.0,144.65,142.25,143.05,1962563,FYERS_HISTORY,2026-08-08T23:02:59+05:30
2017-09-07,SMD-0032,BANKINDIA,NSE:BANKINDIA-EQ,143.0,145.4,143.0,143.85,1794511,FYERS_HISTORY,2026-08-08T23:02:59+05:30
2017-09-08,SMD-0032,BANKINDIA,NSE:BANKINDIA-EQ,144.0,144.9,140.7,141.55,2017297,FYERS_HISTORY,2026-08-08T23:02:59+05:30
2017-09-11,SMD-0032,BANKINDIA,NSE:BANKINDIA-EQ,142.95,143.9,141.95,143.15,1350599,FYERS_HISTORY,2026-08-08T23:02:59+05:30
2017-09-12,SMD-0032,BANKINDIA,NSE:BANKINDIA-EQ,143.5,146.65,142.8,145.45,2373001,FYERS_HISTORY,2026-08-08T23:02:59+05:30
2017-09-13,SMD-0032,BANKINDIA,NSE:BANKINDIA-EQ,145.5,150.6,145.1,148.95,3898514,FYERS_HISTORY,2026-08-08T23:02:59+05:30
2017-09-14,SMD-0032,BANKINDIA,NSE:BANKINDIA-EQ,150.5,153.85,149.75,153.25,4004817,FYERS_HISTORY,2026-08-08T23:02:59+05:30
2017-09-15,SMD-0032,BANKINDIA,NSE:BANKINDIA-EQ,152.5,156.15,151.25,154.7,3107081,FYERS_HISTORY,2026-08-08T23:02:59+05:30
2017-09-18,SMD-0032,BANKINDIA,NSE:BANKINDIA-EQ,155.6,156.65,154.1,154.6,1666274,FYERS_HISTORY,2026-08-08T23:02:59+05:30
2017-09-19,SMD-0032,BANKINDIA,NSE:BANKINDIA-EQ,154.2,156.0,151.8,154.85,1954638,FYERS_HISTORY,2026-08-08T23:02:59+05:30
2017-09-20,SMD-0032,BANKINDIA,NSE:BANKINDIA-EQ,155.0,157.8,153.9,156.4,2260287,FYERS_HISTORY,2026-08-08T23:02:59+05:30
2017-09-21,SMD-0032,BANKINDIA,NSE:BANKINDIA-EQ,156.4,157.0,150.85,151.5,2476861,FYERS_HISTORY,2026-08-08T23:02:59+05:30
2017-09-22,SMD-0032,BANKINDIA,NSE:BANKINDIA-EQ,151.4,151.4,144.55,145.25,2332550,FYERS_HISTORY,2026-08-08T23:02:59+05:30
2017-09-25,SMD-0032,BANKINDIA,NSE:BANKINDIA-EQ,144.8,145.9,139.1,143.1,2605183,FYERS_HISTORY,2026-08-08T23:02:59+05:30
2017-09-26,SMD-0032,BANKINDIA,NSE:BANKINDIA-EQ,143.4,145.0,142.2,144.1,2011626,FYERS_HISTORY,2026-08-08T23:02:59+05:30
2017-09-27,SMD-0032,BANKINDIA,NSE:BANKINDIA-EQ,145.0,145.45,137.1,138.25,2630949,FYERS_HISTORY,2026-08-08T23:02:59+05:30
2017-09-28,SMD-0032,BANKINDIA,NSE:BANKINDIA-EQ,137.25,140.85,136.55,138.55,2413259,FYERS_HISTORY,2026-08-08T23:02:59+05:30
2017-09-29,SMD-0032,BANKINDIA,NSE:BANKINDIA-EQ,139.3,140.25,137.0,137.55,1507760,FYERS_HISTORY,2026-08-08T23:02:59+05:30
2017-10-03,SMD-0032,BANKINDIA,NSE:BANKINDIA-EQ,138.6,139.65,136.85,137.75,2453773,FYERS_HISTORY,2026-08-08T23:02:59+05:30
2017-10-04,SMD-0032,BANKINDIA,NSE:BANKINDIA-EQ,138.7,139.7,136.8,138.0,2588716,FYERS_HISTORY,2026-08-08T23:02:59+05:30
2017-10-05,SMD-0032,BANKINDIA,NSE:BANKINDIA-EQ,138.4,141.1,137.5,139.45,2506638,FYERS_HISTORY,2026-08-08T23:02:59+05:30
2017-10-06,SMD-0032,BANKINDIA,NSE:BANKINDIA-EQ,140.4,142.25,140.0,141.65,1845582,FYERS_HISTORY,2026-08-08T23:02:59+05:30
2017-10-09,SMD-0032,BANKINDIA,NSE:BANKINDIA-EQ,141.4,141.4,138.3,139.25,2274636,FYERS_HISTORY,2026-08-08T23:02:59+05:30
2017-10-10,SMD-0032,BANKINDIA,NSE:BANKINDIA-EQ,140.0,140.9,139.25,139.6,1216887,FYERS_HISTORY,2026-08-08T23:02:59+05:30
2017-10-11,SMD-0032,BANKINDIA,NSE:BANKINDIA-EQ,139.65,141.0,134.0,134.95,2407771,FYERS_HISTORY,2026-08-08T23:02:59+05:30
2017-10-12,SMD-0032,BANKINDIA,NSE:BANKINDIA-EQ,133.65,135.2,131.0,132.4,6286860,FYERS_HISTORY,2026-08-08T23:02:59+05:30
2017-10-13,SMD-0032,BANKINDIA,NSE:BANKINDIA-EQ,132.7,136.65,131.8,136.0,3990417,FYERS_HISTORY,2026-08-08T23:02:59+05:30
2017-10-16,SMD-0032,BANKINDIA,NSE:BANKINDIA-EQ,137.0,139.85,136.3,137.25,3376696,FYERS_HISTORY,2026-08-08T23:02:59+05:30
2017-10-17,SMD-0032,BANKINDIA,NSE:BANKINDIA-EQ,137.3,139.4,136.8,137.6,2043742,FYERS_HISTORY,2026-08-08T23:02:59+05:30
2017-10-18,SMD-0032,BANKINDIA,NSE:BANKINDIA-EQ,137.0,138.8,135.5,136.65,1950660,FYERS_HISTORY,2026-08-08T23:02:59+05:30
2017-10-19,SMD-0032,BANKINDIA,NSE:BANKINDIA-EQ,137.0,137.05,133.45,134.75,440739,FYERS_HISTORY,2026-08-08T23:02:59+05:30
2017-10-23,SMD-0032,BANKINDIA,NSE:BANKINDIA-EQ,134.7,135.75,133.95,134.9,1988373,FYERS_HISTORY,2026-08-08T23:02:59+05:30
2017-10-24,SMD-0032,BANKINDIA,NSE:BANKINDIA-EQ,135.4,142.4,135.1,140.55,3542957,FYERS_HISTORY,2026-08-08T23:02:59+05:30
2017-10-25,SMD-0032,BANKINDIA,NSE:BANKINDIA-EQ,154.6,189.75,154.6,188.5,27437445,FYERS_HISTORY,2026-08-08T23:02:59+05:30
2017-10-26,SMD-0032,BANKINDIA,NSE:BANKINDIA-EQ,191.0,200.8,182.55,192.95,18982931,FYERS_HISTORY,2026-08-08T23:02:59+05:30
2017-10-27,SMD-0032,BANKINDIA,NSE:BANKINDIA-EQ,190.95,191.75,179.8,181.05,7784616,FYERS_HISTORY,2026-08-08T23:02:59+05:30
2017-10-30,SMD-0032,BANKINDIA,NSE:BANKINDIA-EQ,181.05,190.25,179.85,185.35,6302824,FYERS_HISTORY,2026-08-08T23:02:59+05:30
2017-10-31,SMD-0032,BANKINDIA,NSE:BANKINDIA-EQ,185.4,194.4,183.5,191.1,8658672,FYERS_HISTORY,2026-08-08T23:02:59+05:30
2017-11-01,SMD-0032,BANKINDIA,NSE:BANKINDIA-EQ,194.7,197.9,192.15,194.15,5543303,FYERS_HISTORY,2026-08-08T23:02:59+05:30
2017-11-02,SMD-0032,BANKINDIA,NSE:BANKINDIA-EQ,195.45,197.5,192.2,194.25,3913625,FYERS_HISTORY,2026-08-08T23:02:59+05:30
2017-11-03,SMD-0032,BANKINDIA,NSE:BANKINDIA-EQ,196.15,203.4,192.9,201.1,6884941,FYERS_HISTORY,2026-08-08T23:02:59+05:30
2017-11-06,SMD-0032,BANKINDIA,NSE:BANKINDIA-EQ,200.7,207.95,199.55,205.65,5879474,FYERS_HISTORY,2026-08-08T23:02:59+05:30
2017-11-07,SMD-0032,BANKINDIA,NSE:BANKINDIA-EQ,205.65,206.25,193.35,195.15,4693222,FYERS_HISTORY,2026-08-08T23:02:59+05:30
2017-11-08,SMD-0032,BANKINDIA,NSE:BANKINDIA-EQ,195.55,199.9,191.7,193.9,4985671,FYERS_HISTORY,2026-08-08T23:02:59+05:30
2017-11-09,SMD-0032,BANKINDIA,NSE:BANKINDIA-EQ,196.7,201.5,195.3,200.05,7350347,FYERS_HISTORY,2026-08-08T23:02:59+05:30
2017-11-10,SMD-0032,BANKINDIA,NSE:BANKINDIA-EQ,201.65,209.7,192.25,196.35,20073514,FYERS_HISTORY,2026-08-08T23:02:59+05:30
2017-11-13,SMD-0032,BANKINDIA,NSE:BANKINDIA-EQ,198.9,202.5,196.0,199.0,5583258,FYERS_HISTORY,2026-08-08T23:02:59+05:30
2017-11-14,SMD-0032,BANKINDIA,NSE:BANKINDIA-EQ,199.35,200.3,194.5,195.6,3791109,FYERS_HISTORY,2026-08-08T23:02:59+05:30
2017-11-15,SMD-0032,BANKINDIA,NSE:BANKINDIA-EQ,193.5,200.3,192.9,197.4,4669222,FYERS_HISTORY,2026-08-08T23:02:59+05:30
2017-11-16,SMD-0032,BANKINDIA,NSE:BANKINDIA-EQ,199.25,209.7,198.4,207.5,6755846,FYERS_HISTORY,2026-08-08T23:02:59+05:30
2017-11-17,SMD-0032,BANKINDIA,NSE:BANKINDIA-EQ,213.0,216.8,206.7,207.85,6501124,FYERS_HISTORY,2026-08-08T23:02:59+05:30
2017-11-20,SMD-0032,BANKINDIA,NSE:BANKINDIA-EQ,205.5,207.45,203.7,205.3,3913462,FYERS_HISTORY,2026-08-08T23:02:59+05:30
2017-11-21,SMD-0032,BANKINDIA,NSE:BANKINDIA-EQ,205.75,206.9,200.4,201.5,2957999,FYERS_HISTORY,2026-08-08T23:02:59+05:30
2017-11-22,SMD-0032,BANKINDIA,NSE:BANKINDIA-EQ,202.7,205.4,198.3,202.65,4377593,FYERS_HISTORY,2026-08-08T23:02:59+05:30
2017-11-23,SMD-0032,BANKINDIA,NSE:BANKINDIA-EQ,204.55,205.5,200.25,202.6,4596573,FYERS_HISTORY,2026-08-08T23:02:59+05:30
2017-11-24,SMD-0032,BANKINDIA,NSE:BANKINDIA-EQ,204.9,204.9,199.65,200.4,3317473,FYERS_HISTORY,2026-08-08T23:02:59+05:30
2017-11-27,SMD-0032,BANKINDIA,NSE:BANKINDIA-EQ,198.9,201.4,197.9,200.4,3179283,FYERS_HISTORY,2026-08-08T23:02:59+05:30
2017-11-28,SMD-0032,BANKINDIA,NSE:BANKINDIA-EQ,200.35,200.45,198.15,199.15,2415726,FYERS_HISTORY,2026-08-08T23:02:59+05:30
2017-11-29,SMD-0032,BANKINDIA,NSE:BANKINDIA-EQ,199.7,200.65,196.35,197.1,2166969,FYERS_HISTORY,2026-08-08T23:02:59+05:30
2017-11-30,SMD-0032,BANKINDIA,NSE:BANKINDIA-EQ,196.2,197.75,194.05,195.65,2599266,FYERS_HISTORY,2026-08-08T23:02:59+05:30
2017-12-01,SMD-0032,BANKINDIA,NSE:BANKINDIA-EQ,196.0,198.0,186.0,187.35,3716807,FYERS_HISTORY,2026-08-08T23:02:59+05:30
2017-12-04,SMD-0032,BANKINDIA,NSE:BANKINDIA-EQ,187.9,189.3,183.6,185.3,3414781,FYERS_HISTORY,2026-08-08T23:02:59+05:30
2017-12-05,SMD-0032,BANKINDIA,NSE:BANKINDIA-EQ,184.3,186.25,180.0,184.0,4111276,FYERS_HISTORY,2026-08-08T23:02:59+05:30
2017-12-06,SMD-0032,BANKINDIA,NSE:BANKINDIA-EQ,183.4,184.8,180.35,182.3,2400095,FYERS_HISTORY,2026-08-08T23:02:59+05:30
2017-12-07,SMD-0032,BANKINDIA,NSE:BANKINDIA-EQ,182.0,188.0,181.65,186.75,2385352,FYERS_HISTORY,2026-08-08T23:02:59+05:30
2017-12-08,SMD-0032,BANKINDIA,NSE:BANKINDIA-EQ,186.0,188.6,184.45,185.25,1625902,FYERS_HISTORY,2026-08-08T23:02:59+05:30
2017-12-11,SMD-0032,BANKINDIA,NSE:BANKINDIA-EQ,186.9,186.95,181.3,181.9,1790530,FYERS_HISTORY,2026-08-08T23:02:59+05:30
2017-12-12,SMD-0032,BANKINDIA,NSE:BANKINDIA-EQ,181.9,184.9,178.2,179.4,2121316,FYERS_HISTORY,2026-08-08T23:02:59+05:30
2017-12-13,SMD-0032,BANKINDIA,NSE:BANKINDIA-EQ,177.65,178.5,172.5,174.1,4489870,FYERS_HISTORY,2026-08-08T23:02:59+05:30
2017-12-14,SMD-0032,BANKINDIA,NSE:BANKINDIA-EQ,175.0,176.8,172.3,174.95,2775774,FYERS_HISTORY,2026-08-08T23:02:59+05:30
2017-12-15,SMD-0032,BANKINDIA,NSE:BANKINDIA-EQ,177.25,181.95,176.1,176.95,4002784,FYERS_HISTORY,2026-08-08T23:02:59+05:30
2017-12-18,SMD-0032,BANKINDIA,NSE:BANKINDIA-EQ,176.95,183.5,168.35,181.05,5035091,FYERS_HISTORY,2026-08-08T23:02:59+05:30
2017-12-19,SMD-0032,BANKINDIA,NSE:BANKINDIA-EQ,182.9,182.9,179.8,181.25,1735181,FYERS_HISTORY,2026-08-08T23:02:59+05:30
2017-12-20,SMD-0032,BANKINDIA,NSE:BANKINDIA-EQ,180.5,180.8,171.45,174.1,4480509,FYERS_HISTORY,2026-08-08T23:02:59+05:30
2017-12-21,SMD-0032,BANKINDIA,NSE:BANKINDIA-EQ,172.25,173.8,170.1,172.7,3852677,FYERS_HISTORY,2026-08-08T23:02:59+05:30
2017-12-22,SMD-0032,BANKINDIA,NSE:BANKINDIA-EQ,172.0,175.2,170.0,171.15,3666803,FYERS_HISTORY,2026-08-08T23:02:59+05:30
2017-12-26,SMD-0032,BANKINDIA,NSE:BANKINDIA-EQ,171.0,172.75,168.1,171.75,2516318,FYERS_HISTORY,2026-08-08T23:02:59+05:30
2017-12-27,SMD-0032,BANKINDIA,NSE:BANKINDIA-EQ,172.0,173.9,170.5,171.85,2242927,FYERS_HISTORY,2026-08-08T23:03:00+05:30
2017-12-28,SMD-0032,BANKINDIA,NSE:BANKINDIA-EQ,171.0,172.3,168.4,169.75,3375484,FYERS_HISTORY,2026-08-08T23:03:00+05:30
2017-12-29,SMD-0032,BANKINDIA,NSE:BANKINDIA-EQ,171.35,172.25,169.2,169.75,1753004,FYERS_HISTORY,2026-08-08T23:03:00+05:30
2018-01-01,SMD-0032,BANKINDIA,NSE:BANKINDIA-EQ,176.0,176.0,169.0,169.9,4712424,FYERS_HISTORY,2026-08-08T23:03:00+05:30
2018-01-02,SMD-0032,BANKINDIA,NSE:BANKINDIA-EQ,171.95,171.95,164.9,167.3,2637700,FYERS_HISTORY,2026-08-08T23:03:00+05:30
2018-01-03,SMD-0032,BANKINDIA,NSE:BANKINDIA-EQ,167.3,170.0,166.65,168.35,2542967,FYERS_HISTORY,2026-08-08T23:03:00+05:30
2018-01-04,SMD-0032,BANKINDIA,NSE:BANKINDIA-EQ,171.95,177.1,168.85,174.65,8222419,FYERS_HISTORY,2026-08-08T23:03:00+05:30
2018-01-05,SMD-0032,BANKINDIA,NSE:BANKINDIA-EQ,176.7,177.15,171.55,172.25,2954958,FYERS_HISTORY,2026-08-08T23:03:00+05:30
2018-01-08,SMD-0032,BANKINDIA,NSE:BANKINDIA-EQ,172.5,174.25,169.9,170.4,1859110,FYERS_HISTORY,2026-08-08T23:03:00+05:30
2018-01-09,SMD-0032,BANKINDIA,NSE:BANKINDIA-EQ,170.7,172.8,169.2,170.25,2212541,FYERS_HISTORY,2026-08-08T23:03:00+05:30
2018-01-10,SMD-0032,BANKINDIA,NSE:BANKINDIA-EQ,170.85,171.4,164.1,165.0,3634803,FYERS_HISTORY,2026-08-08T23:03:00+05:30
2018-01-11,SMD-0032,BANKINDIA,NSE:BANKINDIA-EQ,164.6,167.5,164.35,166.05,2389660,FYERS_HISTORY,2026-08-08T23:03:00+05:30
2018-01-12,SMD-0032,BANKINDIA,NSE:BANKINDIA-EQ,167.0,167.9,161.35,162.65,3838063,FYERS_HISTORY,2026-08-08T23:03:00+05:30
2018-01-15,SMD-0032,BANKINDIA,NSE:BANKINDIA-EQ,163.1,164.95,162.0,162.4,2114876,FYERS_HISTORY,2026-08-08T23:03:00+05:30
2018-01-16,SMD-0032,BANKINDIA,NSE:BANKINDIA-EQ,162.35,163.0,155.55,156.9,3986223,FYERS_HISTORY,2026-08-08T23:03:00+05:30
2018-01-17,SMD-0032,BANKINDIA,NSE:BANKINDIA-EQ,156.9,165.35,155.0,164.7,5006454,FYERS_HISTORY,2026-08-08T23:03:00+05:30
2018-01-18,SMD-0032,BANKINDIA,NSE:BANKINDIA-EQ,166.95,168.4,158.2,160.5,4614200,FYERS_HISTORY,2026-08-08T23:03:00+05:30
2018-01-19,SMD-0032,BANKINDIA,NSE:BANKINDIA-EQ,161.2,165.55,159.1,164.95,3467324,FYERS_HISTORY,2026-08-08T23:03:00+05:30
2018-01-22,SMD-0032,BANKINDIA,NSE:BANKINDIA-EQ,163.4,165.2,160.8,164.3,2797130,FYERS_HISTORY,2026-08-08T23:03:00+05:30
2018-01-23,SMD-0032,BANKINDIA,NSE:BANKINDIA-EQ,164.0,170.5,163.3,169.3,4612077,FYERS_HISTORY,2026-08-08T23:03:00+05:30
2018-01-24,SMD-0032,BANKINDIA,NSE:BANKINDIA-EQ,169.1,174.0,164.55,172.45,7758266,FYERS_HISTORY,2026-08-08T23:03:00+05:30
2018-01-25,SMD-0032,BANKINDIA,NSE:BANKINDIA-EQ,181.05,183.25,168.1,169.4,12825427,FYERS_HISTORY,2026-08-08T23:03:00+05:30
2018-01-29,SMD-0032,BANKINDIA,NSE:BANKINDIA-EQ,170.95,171.35,162.8,163.7,2443271,FYERS_HISTORY,2026-08-08T23:03:00+05:30
2018-01-30,SMD-0032,BANKINDIA,NSE:BANKINDIA-EQ,163.0,164.95,160.6,161.7,4593332,FYERS_HISTORY,2026-08-08T23:03:00+05:30
2018-01-31,SMD-0032,BANKINDIA,NSE:BANKINDIA-EQ,161.95,162.7,155.5,157.2,4510152,FYERS_HISTORY,2026-08-08T23:03:00+05:30
2018-02-01,SMD-0032,BANKINDIA,NSE:BANKINDIA-EQ,157.0,158.95,152.75,153.5,3735400,FYERS_HISTORY,2026-08-08T23:03:00+05:30
2018-02-02,SMD-0032,BANKINDIA,NSE:BANKINDIA-EQ,151.85,152.15,146.1,147.55,5425726,FYERS_HISTORY,2026-08-08T23:03:00+05:30
2018-02-05,SMD-0032,BANKINDIA,NSE:BANKINDIA-EQ,144.0,149.9,142.25,147.2,3706252,FYERS_HISTORY,2026-08-08T23:03:00+05:30
2018-02-06,SMD-0032,BANKINDIA,NSE:BANKINDIA-EQ,139.8,145.45,136.95,142.6,4104306,FYERS_HISTORY,2026-08-08T23:03:00+05:30
2018-02-07,SMD-0032,BANKINDIA,NSE:BANKINDIA-EQ,146.7,146.9,140.1,141.0,5177805,FYERS_HISTORY,2026-08-08T23:03:00+05:30
2018-02-08,SMD-0032,BANKINDIA,NSE:BANKINDIA-EQ,141.0,145.85,141.0,142.35,3860590,FYERS_HISTORY,2026-08-08T23:03:00+05:30
2018-02-09,SMD-0032,BANKINDIA,NSE:BANKINDIA-EQ,139.0,143.65,138.55,142.2,3180829,FYERS_HISTORY,2026-08-08T23:03:00+05:30
2018-02-12,SMD-0032,BANKINDIA,NSE:BANKINDIA-EQ,143.0,147.15,141.8,144.85,5262434,FYERS_HISTORY,2026-08-08T23:03:00+05:30
2018-02-14,SMD-0032,BANKINDIA,NSE:BANKINDIA-EQ,140.25,141.45,132.7,133.55,15650006,FYERS_HISTORY,2026-08-08T23:03:00+05:30
2018-02-15,SMD-0032,BANKINDIA,NSE:BANKINDIA-EQ,130.95,135.3,130.55,133.35,7422937,FYERS_HISTORY,2026-08-08T23:03:00+05:30
2018-02-16,SMD-0032,BANKINDIA,NSE:BANKINDIA-EQ,133.6,134.95,128.05,130.45,6105039,FYERS_HISTORY,2026-08-08T23:03:00+05:30
2018-02-19,SMD-0032,BANKINDIA,NSE:BANKINDIA-EQ,125.0,130.4,119.55,125.0,12593130,FYERS_HISTORY,2026-08-08T23:03:00+05:30
2018-02-20,SMD-0032,BANKINDIA,NSE:BANKINDIA-EQ,122.0,132.85,121.7,129.5,15415199,FYERS_HISTORY,2026-08-08T23:03:00+05:30
2018-02-21,SMD-0032,BANKINDIA,NSE:BANKINDIA-EQ,132.0,132.5,126.35,128.75,7918645,FYERS_HISTORY,2026-08-08T23:03:00+05:30
2018-02-22,SMD-0032,BANKINDIA,NSE:BANKINDIA-EQ,127.05,129.95,126.75,129.0,5169081,FYERS_HISTORY,2026-08-08T23:03:00+05:30
2018-02-23,SMD-0032,BANKINDIA,NSE:BANKINDIA-EQ,129.0,130.95,126.45,128.95,3975621,FYERS_HISTORY,2026-08-08T23:03:00+05:30
2018-02-26,SMD-0032,BANKINDIA,NSE:BANKINDIA-EQ,129.85,129.85,125.8,127.25,4317893,FYERS_HISTORY,2026-08-08T23:03:00+05:30
2018-02-27,SMD-0032,BANKINDIA,NSE:BANKINDIA-EQ,126.7,127.0,116.6,118.45,11523076,FYERS_HISTORY,2026-08-08T23:03:00+05:30
2018-02-28,SMD-0032,BANKINDIA,NSE:BANKINDIA-EQ,114.1,118.4,112.1,116.2,17307583,FYERS_HISTORY,2026-08-08T23:03:00+05:30
2018-03-01,SMD-0032,BANKINDIA,NSE:BANKINDIA-EQ,115.55,116.8,112.65,113.15,9463499,FYERS_HISTORY,2026-08-08T23:03:00+05:30
2018-03-05,SMD-0032,BANKINDIA,NSE:BANKINDIA-EQ,112.0,114.1,109.6,110.65,8339823,FYERS_HISTORY,2026-08-08T23:03:00+05:30
2018-03-06,SMD-0032,BANKINDIA,NSE:BANKINDIA-EQ,112.05,113.0,101.9,103.5,12955555,FYERS_HISTORY,2026-08-08T23:03:00+05:30
2018-03-07,SMD-0032,BANKINDIA,NSE:BANKINDIA-EQ,101.4,103.5,98.0,101.05,15043424,FYERS_HISTORY,2026-08-08T23:03:00+05:30
2018-03-08,SMD-0032,BANKINDIA,NSE:BANKINDIA-EQ,101.6,102.15,96.75,99.65,13123265,FYERS_HISTORY,2026-08-08T23:03:00+05:30
2018-03-09,SMD-0032,BANKINDIA,NSE:BANKINDIA-EQ,100.75,100.75,97.15,97.65,7189203,FYERS_HISTORY,2026-08-08T23:03:00+05:30
2018-03-12,SMD-0032,BANKINDIA,NSE:BANKINDIA-EQ,97.7,98.95,91.35,95.1,13853663,FYERS_HISTORY,2026-08-08T23:03:00+05:30
2018-03-13,SMD-0032,BANKINDIA,NSE:BANKINDIA-EQ,94.95,109.35,94.1,102.15,68002667,FYERS_HISTORY,2026-08-08T23:03:00+05:30
2018-03-14,SMD-0032,BANKINDIA,NSE:BANKINDIA-EQ,100.55,104.3,98.0,103.05,34606382,FYERS_HISTORY,2026-08-08T23:03:00+05:30
2018-03-15,SMD-0032,BANKINDIA,NSE:BANKINDIA-EQ,103.15,105.85,102.0,103.7,17268108,FYERS_HISTORY,2026-08-08T23:03:00+05:30
2018-03-16,SMD-0032,BANKINDIA,NSE:BANKINDIA-EQ,102.55,107.35,102.15,104.0,19255322,FYERS_HISTORY,2026-08-08T23:03:00+05:30
2018-03-19,SMD-0032,BANKINDIA,NSE:BANKINDIA-EQ,104.8,105.9,98.7,100.4,14579471,FYERS_HISTORY,2026-08-08T23:03:00+05:30
2018-03-20,SMD-0032,BANKINDIA,NSE:BANKINDIA-EQ,98.0,102.35,96.5,100.7,15975916,FYERS_HISTORY,2026-08-08T23:03:00+05:30
2018-03-21,SMD-0032,BANKINDIA,NSE:BANKINDIA-EQ,104.0,104.85,102.1,103.6,12944669,FYERS_HISTORY,2026-08-08T23:03:00+05:30
2018-03-22,SMD-0032,BANKINDIA,NSE:BANKINDIA-EQ,102.55,104.75,101.3,102.35,6627386,FYERS_HISTORY,2026-08-08T23:03:00+05:30
2018-03-23,SMD-0032,BANKINDIA,NSE:BANKINDIA-EQ,98.0,99.35,96.25,97.45,8452627,FYERS_HISTORY,2026-08-08T23:03:00+05:30
2018-03-26,SMD-0032,BANKINDIA,NSE:BANKINDIA-EQ,95.15,102.55,95.1,102.05,13305684,FYERS_HISTORY,2026-08-08T23:03:00+05:30
2018-03-27,SMD-0032,BANKINDIA,NSE:BANKINDIA-EQ,105.2,107.35,101.8,105.3,13149721,FYERS_HISTORY,2026-08-08T23:03:00+05:30
2018-03-28,SMD-0032,BANKINDIA,NSE:BANKINDIA-EQ,104.1,107.3,102.9,103.55,9063592,FYERS_HISTORY,2026-08-08T23:03:00+05:30
2018-04-02,SMD-0032,BANKINDIA,NSE:BANKINDIA-EQ,103.65,105.2,101.8,104.65,5525344,FYERS_HISTORY,2026-08-08T23:03:00+05:30
2018-04-03,SMD-0032,BANKINDIA,NSE:BANKINDIA-EQ,105.4,109.6,105.4,107.7,10346916,FYERS_HISTORY,2026-08-08T23:03:00+05:30
2018-04-04,SMD-0032,BANKINDIA,NSE:BANKINDIA-EQ,108.1,109.3,103.05,103.45,8498931,FYERS_HISTORY,2026-08-08T23:03:00+05:30
2018-04-05,SMD-0032,BANKINDIA,NSE:BANKINDIA-EQ,105.4,112.9,105.15,111.1,13193553,FYERS_HISTORY,2026-08-08T23:03:00+05:30
2018-04-06,SMD-0032,BANKINDIA,NSE:BANKINDIA-EQ,110.9,113.9,108.1,113.1,19481082,FYERS_HISTORY,2026-08-08T23:03:00+05:30
2018-04-09,SMD-0032,BANKINDIA,NSE:BANKINDIA-EQ,113.2,117.25,112.0,116.05,15258877,FYERS_HISTORY,2026-08-08T23:03:00+05:30
2018-04-10,SMD-0032,BANKINDIA,NSE:BANKINDIA-EQ,117.0,118.7,114.2,115.55,10714939,FYERS_HISTORY,2026-08-08T23:03:00+05:30
2018-04-11,SMD-0032,BANKINDIA,NSE:BANKINDIA-EQ,115.65,115.65,111.5,112.35,7721057,FYERS_HISTORY,2026-08-08T23:03:00+05:30
2018-04-12,SMD-0032,BANKINDIA,NSE:BANKINDIA-EQ,112.0,113.15,109.45,110.3,6507545,FYERS_HISTORY,2026-08-08T23:03:00+05:30
2018-04-13,SMD-0032,BANKINDIA,NSE:BANKINDIA-EQ,111.0,113.1,110.4,111.05,6760225,FYERS_HISTORY,2026-08-08T23:03:00+05:30
2018-04-16,SMD-0032,BANKINDIA,NSE:BANKINDIA-EQ,110.0,111.45,108.3,110.3,5587460,FYERS_HISTORY,2026-08-08T23:03:00+05:30
2018-04-17,SMD-0032,BANKINDIA,NSE:BANKINDIA-EQ,110.4,112.6,109.3,109.85,6640933,FYERS_HISTORY,2026-08-08T23:03:00+05:30
2018-04-18,SMD-0032,BANKINDIA,NSE:BANKINDIA-EQ,110.8,112.2,108.45,109.05,7949925,FYERS_HISTORY,2026-08-08T23:03:00+05:30
2018-04-19,SMD-0032,BANKINDIA,NSE:BANKINDIA-EQ,109.05,110.4,108.15,109.1,4485083,FYERS_HISTORY,2026-08-08T23:03:00+05:30
2018-04-20,SMD-0032,BANKINDIA,NSE:BANKINDIA-EQ,108.5,108.7,101.2,102.35,14906894,FYERS_HISTORY,2026-08-08T23:03:00+05:30
2018-04-23,SMD-0032,BANKINDIA,NSE:BANKINDIA-EQ,101.95,104.0,99.95,102.5,9095306,FYERS_HISTORY,2026-08-08T23:03:00+05:30
2018-04-24,SMD-0032,BANKINDIA,NSE:BANKINDIA-EQ,102.2,103.1,100.65,101.05,4717072,FYERS_HISTORY,2026-08-08T23:03:00+05:30
2018-04-25,SMD-0032,BANKINDIA,NSE:BANKINDIA-EQ,100.5,100.95,96.9,97.3,7567573,FYERS_HISTORY,2026-08-08T23:03:00+05:30
2018-04-26,SMD-0032,BANKINDIA,NSE:BANKINDIA-EQ,97.35,99.05,96.4,98.4,6197987,FYERS_HISTORY,2026-08-08T23:03:00+05:30
2018-04-27,SMD-0032,BANKINDIA,NSE:BANKINDIA-EQ,99.0,104.8,99.0,102.0,11614370,FYERS_HISTORY,2026-08-08T23:03:00+05:30
2018-04-30,SMD-0032,BANKINDIA,NSE:BANKINDIA-EQ,102.95,105.2,102.55,104.05,6106253,FYERS_HISTORY,2026-08-08T23:03:00+05:30
2018-05-02,SMD-0032,BANKINDIA,NSE:BANKINDIA-EQ,104.0,105.15,100.4,101.5,4545389,FYERS_HISTORY,2026-08-08T23:03:00+05:30
2018-05-03,SMD-0032,BANKINDIA,NSE:BANKINDIA-EQ,101.75,102.8,99.9,101.15,4458903,FYERS_HISTORY,2026-08-08T23:03:00+05:30
2018-05-04,SMD-0032,BANKINDIA,NSE:BANKINDIA-EQ,101.1,103.7,99.2,100.2,5290527,FYERS_HISTORY,2026-08-08T23:03:00+05:30
2018-05-07,SMD-0032,BANKINDIA,NSE:BANKINDIA-EQ,101.4,103.95,101.0,102.3,6904908,FYERS_HISTORY,2026-08-08T23:03:00+05:30
2018-05-08,SMD-0032,BANKINDIA,NSE:BANKINDIA-EQ,103.05,107.4,100.2,104.6,10341744,FYERS_HISTORY,2026-08-08T23:03:00+05:30
2018-05-09,SMD-0032,BANKINDIA,NSE:BANKINDIA-EQ,103.65,105.0,102.2,103.3,4883976,FYERS_HISTORY,2026-08-08T23:03:00+05:30
2018-05-10,SMD-0032,BANKINDIA,NSE:BANKINDIA-EQ,103.4,104.1,99.5,100.0,5035176,FYERS_HISTORY,2026-08-08T23:03:00+05:30
2018-05-11,SMD-0032,BANKINDIA,NSE:BANKINDIA-EQ,100.0,101.2,98.1,100.0,4759345,FYERS_HISTORY,2026-08-08T23:03:00+05:30
2018-05-14,SMD-0032,BANKINDIA,NSE:BANKINDIA-EQ,100.2,102.75,98.4,99.25,6181106,FYERS_HISTORY,2026-08-08T23:03:00+05:30
2018-05-15,SMD-0032,BANKINDIA,NSE:BANKINDIA-EQ,99.2,101.45,96.7,97.3,6029013,FYERS_HISTORY,2026-08-08T23:03:00+05:30
2018-05-16,SMD-0032,BANKINDIA,NSE:BANKINDIA-EQ,96.85,97.2,92.85,95.1,9432726,FYERS_HISTORY,2026-08-08T23:03:00+05:30
2018-05-17,SMD-0032,BANKINDIA,NSE:BANKINDIA-EQ,95.5,98.25,94.2,95.55,5360239,FYERS_HISTORY,2026-08-08T23:03:00+05:30
2018-05-18,SMD-0032,BANKINDIA,NSE:BANKINDIA-EQ,95.3,96.2,92.75,93.45,5325271,FYERS_HISTORY,2026-08-08T23:03:00+05:30
2018-05-21,SMD-0032,BANKINDIA,NSE:BANKINDIA-EQ,98.95,100.0,94.7,97.95,16790634,FYERS_HISTORY,2026-08-08T23:03:00+05:30
2018-05-22,SMD-0032,BANKINDIA,NSE:BANKINDIA-EQ,98.0,101.5,96.1,98.8,10502276,FYERS_HISTORY,2026-08-08T23:03:00+05:30
2018-05-23,SMD-0032,BANKINDIA,NSE:BANKINDIA-EQ,98.4,103.3,97.65,98.65,12510685,FYERS_HISTORY,2026-08-08T23:03:00+05:30
2018-05-24,SMD-0032,BANKINDIA,NSE:BANKINDIA-EQ,99.0,100.9,98.15,99.85,8712178,FYERS_HISTORY,2026-08-08T23:03:00+05:30
2018-05-25,SMD-0032,BANKINDIA,NSE:BANKINDIA-EQ,100.0,103.8,99.35,103.05,8637147,FYERS_HISTORY,2026-08-08T23:03:00+05:30
2018-05-28,SMD-0032,BANKINDIA,NSE:BANKINDIA-EQ,106.45,108.8,104.5,107.75,14368980,FYERS_HISTORY,2026-08-08T23:03:00+05:30
2018-05-29,SMD-0032,BANKINDIA,NSE:BANKINDIA-EQ,106.0,106.0,101.1,101.6,18636555,FYERS_HISTORY,2026-08-08T23:03:00+05:30
2018-05-30,SMD-0032,BANKINDIA,NSE:BANKINDIA-EQ,99.5,102.4,99.4,100.9,8171045,FYERS_HISTORY,2026-08-08T23:03:00+05:30
2018-05-31,SMD-0032,BANKINDIA,NSE:BANKINDIA-EQ,101.1,101.9,98.15,98.6,7244763,FYERS_HISTORY,2026-08-08T23:03:00+05:30
2018-06-01,SMD-0032,BANKINDIA,NSE:BANKINDIA-EQ,99.0,99.85,96.2,96.7,7678145,FYERS_HISTORY,2026-08-08T23:03:00+05:30
2018-06-04,SMD-0032,BANKINDIA,NSE:BANKINDIA-EQ,97.1,97.9,94.0,94.7,5405199,FYERS_HISTORY,2026-08-08T23:03:00+05:30
2018-06-05,SMD-0032,BANKINDIA,NSE:BANKINDIA-EQ,94.5,95.25,92.4,93.4,5972770,FYERS_HISTORY,2026-08-08T23:03:00+05:30
2018-06-06,SMD-0032,BANKINDIA,NSE:BANKINDIA-EQ,93.4,96.7,93.05,96.0,8978676,FYERS_HISTORY,2026-08-08T23:03:00+05:30
2018-06-07,SMD-0032,BANKINDIA,NSE:BANKINDIA-EQ,96.6,99.7,96.1,98.55,9231782,FYERS_HISTORY,2026-08-08T23:03:00+05:30
2018-06-08,SMD-0032,BANKINDIA,NSE:BANKINDIA-EQ,98.5,101.4,97.15,100.7,8883427,FYERS_HISTORY,2026-08-08T23:03:00+05:30
2018-06-11,SMD-0032,BANKINDIA,NSE:BANKINDIA-EQ,100.7,103.0,99.25,100.15,8020709,FYERS_HISTORY,2026-08-08T23:03:00+05:30
2018-06-12,SMD-0032,BANKINDIA,NSE:BANKINDIA-EQ,99.95,101.85,99.5,101.4,5893023,FYERS_HISTORY,2026-08-08T23:03:00+05:30
2018-06-13,SMD-0032,BANKINDIA,NSE:BANKINDIA-EQ,101.9,104.9,101.0,102.7,7733837,FYERS_HISTORY,2026-08-08T23:03:00+05:30
2018-06-14,SMD-0032,BANKINDIA,NSE:BANKINDIA-EQ,102.05,103.55,101.2,102.7,5316434,FYERS_HISTORY,2026-08-08T23:03:00+05:30
2018-06-15,SMD-0032,BANKINDIA,NSE:BANKINDIA-EQ,103.1,103.85,97.7,98.45,7435682,FYERS_HISTORY,2026-08-08T23:03:00+05:30
2018-06-18,SMD-0032,BANKINDIA,NSE:BANKINDIA-EQ,98.25,98.95,97.25,97.5,3747554,FYERS_HISTORY,2026-08-08T23:03:00+05:30
2018-06-19,SMD-0032,BANKINDIA,NSE:BANKINDIA-EQ,97.3,99.45,94.55,95.1,7150780,FYERS_HISTORY,2026-08-08T23:03:00+05:30
2018-06-20,SMD-0032,BANKINDIA,NSE:BANKINDIA-EQ,95.15,96.25,94.4,95.2,5151382,FYERS_HISTORY,2026-08-08T23:03:00+05:30
2018-06-21,SMD-0032,BANKINDIA,NSE:BANKINDIA-EQ,95.1,95.65,93.3,93.6,4582684,FYERS_HISTORY,2026-08-08T23:03:00+05:30
2018-06-22,SMD-0032,BANKINDIA,NSE:BANKINDIA-EQ,93.75,94.95,92.5,94.55,5108924,FYERS_HISTORY,2026-08-08T23:03:00+05:30
2018-06-25,SMD-0032,BANKINDIA,NSE:BANKINDIA-EQ,94.35,95.2,91.75,92.1,4280210,FYERS_HISTORY,2026-08-08T23:03:00+05:30
2018-06-26,SMD-0032,BANKINDIA,NSE:BANKINDIA-EQ,91.0,93.2,90.5,92.2,6768293,FYERS_HISTORY,2026-08-08T23:03:00+05:30
2018-06-27,SMD-0032,BANKINDIA,NSE:BANKINDIA-EQ,92.4,92.7,88.0,88.7,5519339,FYERS_HISTORY,2026-08-08T23:03:00+05:30
2018-06-28,SMD-0032,BANKINDIA,NSE:BANKINDIA-EQ,87.7,89.2,84.5,85.15,7837017,FYERS_HISTORY,2026-08-08T23:03:00+05:30
2018-06-29,SMD-0032,BANKINDIA,NSE:BANKINDIA-EQ,86.25,88.15,85.5,87.5,6714586,FYERS_HISTORY,2026-08-08T23:03:00+05:30
2018-07-02,SMD-0032,BANKINDIA,NSE:BANKINDIA-EQ,88.0,89.15,84.5,87.95,6926828,FYERS_HISTORY,2026-08-08T23:03:00+05:30
2018-07-03,SMD-0032,BANKINDIA,NSE:BANKINDIA-EQ,87.2,88.8,86.2,86.95,4944188,FYERS_HISTORY,2026-08-08T23:03:00+05:30
2018-07-04,SMD-0032,BANKINDIA,NSE:BANKINDIA-EQ,87.0,87.5,85.0,85.9,4868538,FYERS_HISTORY,2026-08-08T23:03:00+05:30
2018-07-05,SMD-0032,BANKINDIA,NSE:BANKINDIA-EQ,85.9,86.65,85.0,85.4,4456332,FYERS_HISTORY,2026-08-08T23:03:00+05:30
2018-07-06,SMD-0032,BANKINDIA,NSE:BANKINDIA-EQ,85.8,87.8,85.0,86.65,7174857,FYERS_HISTORY,2026-08-08T23:03:00+05:30
2018-07-09,SMD-0032,BANKINDIA,NSE:BANKINDIA-EQ,87.9,89.6,86.95,89.2,5942998,FYERS_HISTORY,2026-08-08T23:03:00+05:30
2018-07-10,SMD-0032,BANKINDIA,NSE:BANKINDIA-EQ,89.5,91.2,89.05,90.4,5904232,FYERS_HISTORY,2026-08-08T23:03:00+05:30
2018-07-11,SMD-0032,BANKINDIA,NSE:BANKINDIA-EQ,89.8,90.6,85.55,86.0,6540939,FYERS_HISTORY,2026-08-08T23:03:00+05:30
2018-07-12,SMD-0032,BANKINDIA,NSE:BANKINDIA-EQ,86.5,88.05,84.5,84.85,6974458,FYERS_HISTORY,2026-08-08T23:03:00+05:30
2018-07-13,SMD-0032,BANKINDIA,NSE:BANKINDIA-EQ,85.45,85.45,80.85,81.7,8574292,FYERS_HISTORY,2026-08-08T23:03:00+05:30
2018-07-16,SMD-0032,BANKINDIA,NSE:BANKINDIA-EQ,82.0,82.0,76.8,77.5,5272685,FYERS_HISTORY,2026-08-08T23:03:00+05:30
2018-07-17,SMD-0032,BANKINDIA,NSE:BANKINDIA-EQ,77.0,82.45,76.5,81.95,9434073,FYERS_HISTORY,2026-08-08T23:03:00+05:30
2018-07-18,SMD-0032,BANKINDIA,NSE:BANKINDIA-EQ,82.7,83.15,77.1,79.05,9328796,FYERS_HISTORY,2026-08-08T23:03:00+05:30
2018-07-19,SMD-0032,BANKINDIA,NSE:BANKINDIA-EQ,79.5,84.3,77.7,82.75,11185400,FYERS_HISTORY,2026-08-08T23:03:00+05:30
2018-07-20,SMD-0032,BANKINDIA,NSE:BANKINDIA-EQ,82.25,83.9,81.55,83.25,7259483,FYERS_HISTORY,2026-08-08T23:03:00+05:30
2018-07-23,SMD-0032,BANKINDIA,NSE:BANKINDIA-EQ,82.35,86.8,81.5,86.35,8445233,FYERS_HISTORY,2026-08-08T23:03:00+05:30
2018-07-24,SMD-0032,BANKINDIA,NSE:BANKINDIA-EQ,86.5,88.75,86.0,87.85,7091530,FYERS_HISTORY,2026-08-08T23:03:00+05:30
2018-07-25,SMD-0032,BANKINDIA,NSE:BANKINDIA-EQ,88.0,89.4,86.75,88.2,5919512,FYERS_HISTORY,2026-08-08T23:03:00+05:30
2018-07-26,SMD-0032,BANKINDIA,NSE:BANKINDIA-EQ,89.65,96.5,88.7,95.6,14916998,FYERS_HISTORY,2026-08-08T23:03:00+05:30
2018-07-27,SMD-0032,BANKINDIA,NSE:BANKINDIA-EQ,96.7,99.45,95.7,97.8,13219917,FYERS_HISTORY,2026-08-08T23:03:00+05:30
2018-07-30,SMD-0032,BANKINDIA,NSE:BANKINDIA-EQ,99.0,104.15,98.85,103.25,15015297,FYERS_HISTORY,2026-08-08T23:03:00+05:30
2018-07-31,SMD-0032,BANKINDIA,NSE:BANKINDIA-EQ,103.5,104.35,93.3,94.4,39904156,FYERS_HISTORY,2026-08-08T23:03:00+05:30
2018-08-01,SMD-0032,BANKINDIA,NSE:BANKINDIA-EQ,94.0,96.35,93.0,95.35,15797718,FYERS_HISTORY,2026-08-08T23:03:00+05:30
2018-08-02,SMD-0032,BANKINDIA,NSE:BANKINDIA-EQ,94.4,95.7,92.6,94.65,8841351,FYERS_HISTORY,2026-08-08T23:03:00+05:30
2018-08-03,SMD-0032,BANKINDIA,NSE:BANKINDIA-EQ,94.6,96.75,94.5,95.65,7722981,FYERS_HISTORY,2026-08-08T23:03:00+05:30
2018-08-06,SMD-0032,BANKINDIA,NSE:BANKINDIA-EQ,96.0,98.2,95.7,97.5,8261126,FYERS_HISTORY,2026-08-08T23:03:00+05:30
2018-08-07,SMD-0032,BANKINDIA,NSE:BANKINDIA-EQ,98.0,98.35,94.2,94.95,7886180,FYERS_HISTORY,2026-08-08T23:03:00+05:30
2018-08-08,SMD-0032,BANKINDIA,NSE:BANKINDIA-EQ,95.7,95.9,93.35,94.0,5602605,FYERS_HISTORY,2026-08-08T23:03:00+05:30
2018-08-09,SMD-0032,BANKINDIA,NSE:BANKINDIA-EQ,95.15,98.8,94.75,98.0,11522528,FYERS_HISTORY,2026-08-08T23:03:00+05:30
2018-08-10,SMD-0032,BANKINDIA,NSE:BANKINDIA-EQ,98.4,98.4,92.75,93.6,11674121,FYERS_HISTORY,2026-08-08T23:03:00+05:30
2018-08-13,SMD-0032,BANKINDIA,NSE:BANKINDIA-EQ,93.0,93.0,88.05,90.0,7508900,FYERS_HISTORY,2026-08-08T23:03:00+05:30
2018-08-14,SMD-0032,BANKINDIA,NSE:BANKINDIA-EQ,90.8,91.8,89.15,90.45,7662377,FYERS_HISTORY,2026-08-08T23:03:00+05:30
2018-08-16,SMD-0032,BANKINDIA,NSE:BANKINDIA-EQ,90.2,91.5,87.75,88.85,6402432,FYERS_HISTORY,2026-08-08T23:03:00+05:30
2018-08-17,SMD-0032,BANKINDIA,NSE:BANKINDIA-EQ,90.15,93.9,90.15,93.3,12970922,FYERS_HISTORY,2026-08-08T23:03:00+05:30
2018-08-20,SMD-0032,BANKINDIA,NSE:BANKINDIA-EQ,94.25,96.0,93.0,95.6,7281785,FYERS_HISTORY,2026-08-08T23:03:00+05:30
2018-08-21,SMD-0032,BANKINDIA,NSE:BANKINDIA-EQ,95.9,96.85,94.6,95.95,6258726,FYERS_HISTORY,2026-08-08T23:03:00+05:30
2018-08-23,SMD-0032,BANKINDIA,NSE:BANKINDIA-EQ,96.0,96.35,92.0,93.85,8908729,FYERS_HISTORY,2026-08-08T23:03:00+05:30
2018-08-24,SMD-0032,BANKINDIA,NSE:BANKINDIA-EQ,93.5,94.7,92.6,93.1,5545129,FYERS_HISTORY,2026-08-08T23:03:00+05:30
2018-08-27,SMD-0032,BANKINDIA,NSE:BANKINDIA-EQ,93.5,95.85,93.5,94.75,6329518,FYERS_HISTORY,2026-08-08T23:03:00+05:30
2018-08-28,SMD-0032,BANKINDIA,NSE:BANKINDIA-EQ,95.0,95.0,90.6,91.5,8445521,FYERS_HISTORY,2026-08-08T23:03:00+05:30
2018-08-29,SMD-0032,BANKINDIA,NSE:BANKINDIA-EQ,91.9,95.8,91.4,95.25,9749862,FYERS_HISTORY,2026-08-08T23:03:00+05:30
2018-08-30,SMD-0032,BANKINDIA,NSE:BANKINDIA-EQ,95.6,100.7,93.85,99.85,14271823,FYERS_HISTORY,2026-08-08T23:03:00+05:30
2018-08-31,SMD-0032,BANKINDIA,NSE:BANKINDIA-EQ,99.0,101.0,96.45,100.45,11090429,FYERS_HISTORY,2026-08-08T23:03:00+05:30
2018-09-03,SMD-0032,BANKINDIA,NSE:BANKINDIA-EQ,100.7,103.0,99.0,99.65,8751388,FYERS_HISTORY,2026-08-08T23:03:00+05:30
2018-09-04,SMD-0032,BANKINDIA,NSE:BANKINDIA-EQ,99.4,99.8,94.7,94.95,8643715,FYERS_HISTORY,2026-08-08T23:03:00+05:30
2018-09-05,SMD-0032,BANKINDIA,NSE:BANKINDIA-EQ,94.9,95.2,91.3,94.1,8864529,FYERS_HISTORY,2026-08-08T23:03:00+05:30
2018-09-06,SMD-0032,BANKINDIA,NSE:BANKINDIA-EQ,94.9,95.55,92.35,93.65,6785011,FYERS_HISTORY,2026-08-08T23:03:00+05:30
2018-09-07,SMD-0032,BANKINDIA,NSE:BANKINDIA-EQ,93.9,94.8,92.4,94.15,5737097,FYERS_HISTORY,2026-08-08T23:03:00+05:30
2018-09-10,SMD-0032,BANKINDIA,NSE:BANKINDIA-EQ,92.8,93.85,91.5,92.0,6073063,FYERS_HISTORY,2026-08-08T23:03:00+05:30
2018-09-11,SMD-0032,BANKINDIA,NSE:BANKINDIA-EQ,92.3,93.9,90.25,90.7,7993270,FYERS_HISTORY,2026-08-08T23:03:00+05:30
2018-09-12,SMD-0032,BANKINDIA,NSE:BANKINDIA-EQ,91.0,92.1,89.15,91.3,8634365,FYERS_HISTORY,2026-08-08T23:03:00+05:30
2018-09-14,SMD-0032,BANKINDIA,NSE:BANKINDIA-EQ,92.5,93.9,92.05,93.2,5742873,FYERS_HISTORY,2026-08-08T23:03:00+05:30
2018-09-17,SMD-0032,BANKINDIA,NSE:BANKINDIA-EQ,93.5,94.8,92.0,93.45,8048159,FYERS_HISTORY,2026-08-08T23:03:00+05:30
2018-09-18,SMD-0032,BANKINDIA,NSE:BANKINDIA-EQ,92.7,94.95,87.6,89.8,13925708,FYERS_HISTORY,2026-08-08T23:03:00+05:30
2018-09-19,SMD-0032,BANKINDIA,NSE:BANKINDIA-EQ,90.55,91.4,88.5,90.15,6443158,FYERS_HISTORY,2026-08-08T23:03:00+05:30
2018-09-21,SMD-0032,BANKINDIA,NSE:BANKINDIA-EQ,91.0,91.9,81.15,86.45,9518376,FYERS_HISTORY,2026-08-08T23:03:00+05:30
2018-09-24,SMD-0032,BANKINDIA,NSE:BANKINDIA-EQ,87.0,87.9,82.7,83.5,8101723,FYERS_HISTORY,2026-08-08T23:03:00+05:30
2018-09-25,SMD-0032,BANKINDIA,NSE:BANKINDIA-EQ,83.0,84.7,80.45,84.25,9917421,FYERS_HISTORY,2026-08-08T23:03:00+05:30
2018-09-26,SMD-0032,BANKINDIA,NSE:BANKINDIA-EQ,84.7,85.4,81.75,83.85,8849865,FYERS_HISTORY,2026-08-08T23:03:00+05:30
2018-09-27,SMD-0032,BANKINDIA,NSE:BANKINDIA-EQ,83.75,84.35,79.85,80.45,6606824,FYERS_HISTORY,2026-08-08T23:03:00+05:30
2018-09-28,SMD-0032,BANKINDIA,NSE:BANKINDIA-EQ,80.6,81.35,75.8,76.9,10815113,FYERS_HISTORY,2026-08-08T23:03:00+05:30
2018-10-01,SMD-0032,BANKINDIA,NSE:BANKINDIA-EQ,76.7,81.2,73.45,79.15,10042107,FYERS_HISTORY,2026-08-08T23:03:00+05:30
2018-10-03,SMD-0032,BANKINDIA,NSE:BANKINDIA-EQ,78.95,83.95,78.1,80.6,9719469,FYERS_HISTORY,2026-08-08T23:03:00+05:30
2018-10-04,SMD-0032,BANKINDIA,NSE:BANKINDIA-EQ,78.85,81.65,77.1,79.1,7927360,FYERS_HISTORY,2026-08-08T23:03:00+05:30
2018-10-05,SMD-0032,BANKINDIA,NSE:BANKINDIA-EQ,78.9,79.95,75.5,76.8,7698118,FYERS_HISTORY,2026-08-08T23:03:00+05:30
2018-10-08,SMD-0032,BANKINDIA,NSE:BANKINDIA-EQ,76.6,77.5,74.0,76.0,7324522,FYERS_HISTORY,2026-08-08T23:03:00+05:30
2018-10-09,SMD-0032,BANKINDIA,NSE:BANKINDIA-EQ,76.7,77.0,73.55,75.4,7103320,FYERS_HISTORY,2026-08-08T23:03:00+05:30
2018-10-10,SMD-0032,BANKINDIA,NSE:BANKINDIA-EQ,75.3,80.8,74.7,79.35,8179463,FYERS_HISTORY,2026-08-08T23:03:00+05:30
2018-10-11,SMD-0032,BANKINDIA,NSE:BANKINDIA-EQ,75.35,78.2,74.9,75.6,7185158,FYERS_HISTORY,2026-08-08T23:03:00+05:30
2018-10-12,SMD-0032,BANKINDIA,NSE:BANKINDIA-EQ,76.55,78.55,76.5,77.15,4733008,FYERS_HISTORY,2026-08-08T23:03:00+05:30
2018-10-15,SMD-0032,BANKINDIA,NSE:BANKINDIA-EQ,77.4,78.1,75.75,77.45,5148901,FYERS_HISTORY,2026-08-08T23:03:00+05:30
2018-10-16,SMD-0032,BANKINDIA,NSE:BANKINDIA-EQ,77.75,80.45,77.55,80.05,5700198,FYERS_HISTORY,2026-08-08T23:03:00+05:30
2018-10-17,SMD-0032,BANKINDIA,NSE:BANKINDIA-EQ,81.55,81.9,76.45,76.75,6810399,FYERS_HISTORY,2026-08-08T23:03:00+05:30
2018-10-19,SMD-0032,BANKINDIA,NSE:BANKINDIA-EQ,76.2,78.2,75.75,76.8,5077319,FYERS_HISTORY,2026-08-08T23:03:00+05:30
2018-10-22,SMD-0032,BANKINDIA,NSE:BANKINDIA-EQ,77.5,77.75,75.1,75.4,5588405,FYERS_HISTORY,2026-08-08T23:03:00+05:30
2018-10-23,SMD-0032,BANKINDIA,NSE:BANKINDIA-EQ,74.8,75.75,74.15,75.4,4610971,FYERS_HISTORY,2026-08-08T23:03:00+05:30
2018-10-24,SMD-0032,BANKINDIA,NSE:BANKINDIA-EQ,76.5,77.05,74.65,75.95,4629032,FYERS_HISTORY,2026-08-08T23:03:00+05:30
2018-10-25,SMD-0032,BANKINDIA,NSE:BANKINDIA-EQ,75.05,76.6,73.2,74.9,6155722,FYERS_HISTORY,2026-08-08T23:03:00+05:30
2018-10-26,SMD-0032,BANKINDIA,NSE:BANKINDIA-EQ,75.7,75.95,73.8,74.55,5300359,FYERS_HISTORY,2026-08-08T23:03:00+05:30
2018-10-29,SMD-0032,BANKINDIA,NSE:BANKINDIA-EQ,74.8,81.95,74.3,81.1,9190684,FYERS_HISTORY,2026-08-08T23:03:00+05:30
2018-10-30,SMD-0032,BANKINDIA,NSE:BANKINDIA-EQ,80.75,88.0,80.25,84.35,13718542,FYERS_HISTORY,2026-08-08T23:03:00+05:30
2018-10-31,SMD-0032,BANKINDIA,NSE:BANKINDIA-EQ,85.5,86.7,82.7,86.0,8568254,FYERS_HISTORY,2026-08-08T23:03:00+05:30
2018-11-01,SMD-0032,BANKINDIA,NSE:BANKINDIA-EQ,86.1,87.65,84.9,86.05,6032960,FYERS_HISTORY,2026-08-08T23:03:00+05:30
2018-11-02,SMD-0032,BANKINDIA,NSE:BANKINDIA-EQ,87.0,90.45,83.8,84.25,10494652,FYERS_HISTORY,2026-08-08T23:03:00+05:30
2018-11-05,SMD-0032,BANKINDIA,NSE:BANKINDIA-EQ,83.8,86.6,83.0,86.0,6286227,FYERS_HISTORY,2026-08-08T23:03:00+05:30
2018-11-06,SMD-0032,BANKINDIA,NSE:BANKINDIA-EQ,86.5,87.4,85.1,85.9,5154173,FYERS_HISTORY,2026-08-08T23:03:00+05:30
2018-11-07,SMD-0032,BANKINDIA,NSE:BANKINDIA-EQ,86.9,86.9,86.0,86.35,549292,FYERS_HISTORY,2026-08-08T23:03:00+05:30
2018-11-09,SMD-0032,BANKINDIA,NSE:BANKINDIA-EQ,86.05,93.0,86.05,91.7,18802084,FYERS_HISTORY,2026-08-08T23:03:00+05:30
2018-11-12,SMD-0032,BANKINDIA,NSE:BANKINDIA-EQ,92.2,92.4,86.3,87.15,11535975,FYERS_HISTORY,2026-08-08T23:03:00+05:30
2018-11-13,SMD-0032,BANKINDIA,NSE:BANKINDIA-EQ,85.2,85.45,79.6,81.0,34691996,FYERS_HISTORY,2026-08-08T23:03:00+05:30
2018-11-14,SMD-0032,BANKINDIA,NSE:BANKINDIA-EQ,81.55,83.85,81.1,82.5,13011145,FYERS_HISTORY,2026-08-08T23:03:00+05:30
2018-11-15,SMD-0032,BANKINDIA,NSE:BANKINDIA-EQ,82.55,84.8,80.75,84.3,9257148,FYERS_HISTORY,2026-08-08T23:03:00+05:30
2018-11-16,SMD-0032,BANKINDIA,NSE:BANKINDIA-EQ,84.5,89.25,83.35,88.15,13103035,FYERS_HISTORY,2026-08-08T23:03:00+05:30
2018-11-19,SMD-0032,BANKINDIA,NSE:BANKINDIA-EQ,88.7,89.9,85.1,87.45,12566521,FYERS_HISTORY,2026-08-08T23:03:00+05:30
2018-11-20,SMD-0032,BANKINDIA,NSE:BANKINDIA-EQ,86.4,88.1,82.9,85.85,13867586,FYERS_HISTORY,2026-08-08T23:03:00+05:30
2018-11-21,SMD-0032,BANKINDIA,NSE:BANKINDIA-EQ,86.2,89.0,85.75,87.5,9371109,FYERS_HISTORY,2026-08-08T23:03:00+05:30
2018-11-22,SMD-0032,BANKINDIA,NSE:BANKINDIA-EQ,87.7,88.0,85.35,86.0,8669323,FYERS_HISTORY,2026-08-08T23:03:00+05:30
2018-11-26,SMD-0032,BANKINDIA,NSE:BANKINDIA-EQ,86.1,86.9,82.3,84.55,10604798,FYERS_HISTORY,2026-08-08T23:03:00+05:30
2018-11-27,SMD-0032,BANKINDIA,NSE:BANKINDIA-EQ,85.0,86.5,83.85,85.75,7821923,FYERS_HISTORY,2026-08-08T23:03:00+05:30
2018-11-28,SMD-0032,BANKINDIA,NSE:BANKINDIA-EQ,86.65,86.9,82.5,82.85,8668702,FYERS_HISTORY,2026-08-08T23:03:00+05:30
2018-11-29,SMD-0032,BANKINDIA,NSE:BANKINDIA-EQ,83.5,86.45,81.75,85.3,9104052,FYERS_HISTORY,2026-08-08T23:03:00+05:30
2018-11-30,SMD-0032,BANKINDIA,NSE:BANKINDIA-EQ,85.8,86.25,84.1,84.85,5259126,FYERS_HISTORY,2026-08-08T23:03:00+05:30
2018-12-03,SMD-0032,BANKINDIA,NSE:BANKINDIA-EQ,84.55,89.3,84.55,88.65,9515981,FYERS_HISTORY,2026-08-08T23:03:00+05:30
2018-12-04,SMD-0032,BANKINDIA,NSE:BANKINDIA-EQ,89.0,89.9,85.3,85.6,9172839,FYERS_HISTORY,2026-08-08T23:03:00+05:30
2018-12-05,SMD-0032,BANKINDIA,NSE:BANKINDIA-EQ,85.05,85.9,82.65,83.45,8043908,FYERS_HISTORY,2026-08-08T23:03:00+05:30
2018-12-06,SMD-0032,BANKINDIA,NSE:BANKINDIA-EQ,82.8,83.0,80.55,80.95,7310142,FYERS_HISTORY,2026-08-08T23:03:00+05:30
2018-12-07,SMD-0032,BANKINDIA,NSE:BANKINDIA-EQ,81.5,81.85,78.3,79.55,9034326,FYERS_HISTORY,2026-08-08T23:03:00+05:30
2018-12-10,SMD-0032,BANKINDIA,NSE:BANKINDIA-EQ,78.0,78.95,77.1,77.65,5315105,FYERS_HISTORY,2026-08-08T23:03:00+05:30
2018-12-11,SMD-0032,BANKINDIA,NSE:BANKINDIA-EQ,76.4,80.4,76.1,79.5,10333920,FYERS_HISTORY,2026-08-08T23:03:00+05:30
2018-12-12,SMD-0032,BANKINDIA,NSE:BANKINDIA-EQ,81.0,86.5,81.0,85.6,22428523,FYERS_HISTORY,2026-08-08T23:03:00+05:30
2018-12-13,SMD-0032,BANKINDIA,NSE:BANKINDIA-EQ,86.0,88.15,85.65,86.35,11830019,FYERS_HISTORY,2026-08-08T23:03:00+05:30
2018-12-14,SMD-0032,BANKINDIA,NSE:BANKINDIA-EQ,86.35,88.6,86.05,88.0,11003643,FYERS_HISTORY,2026-08-08T23:03:00+05:30
2018-12-17,SMD-0032,BANKINDIA,NSE:BANKINDIA-EQ,88.0,89.1,87.45,88.45,6003651,FYERS_HISTORY,2026-08-08T23:03:00+05:30
2018-12-18,SMD-0032,BANKINDIA,NSE:BANKINDIA-EQ,87.75,92.1,87.7,91.45,13811770,FYERS_HISTORY,2026-08-08T23:03:00+05:30
2018-12-19,SMD-0032,BANKINDIA,NSE:BANKINDIA-EQ,92.0,98.4,91.5,97.35,20987292,FYERS_HISTORY,2026-08-08T23:03:00+05:30
2018-12-20,SMD-0032,BANKINDIA,NSE:BANKINDIA-EQ,97.3,100.25,95.6,97.5,22261202,FYERS_HISTORY,2026-08-08T23:03:00+05:30
2018-12-21,SMD-0032,BANKINDIA,NSE:BANKINDIA-EQ,98.4,99.25,95.4,97.9,13158696,FYERS_HISTORY,2026-08-08T23:03:00+05:30
2018-12-24,SMD-0032,BANKINDIA,NSE:BANKINDIA-EQ,98.45,101.9,96.7,100.9,16027081,FYERS_HISTORY,2026-08-08T23:03:00+05:30
2018-12-26,SMD-0032,BANKINDIA,NSE:BANKINDIA-EQ,100.2,101.55,97.05,100.65,17019629,FYERS_HISTORY,2026-08-08T23:03:00+05:30
2018-12-27,SMD-0032,BANKINDIA,NSE:BANKINDIA-EQ,103.1,103.7,101.05,101.8,20801965,FYERS_HISTORY,2026-08-08T23:03:00+05:30
2018-12-28,SMD-0032,BANKINDIA,NSE:BANKINDIA-EQ,103.15,103.55,102.05,102.95,11861429,FYERS_HISTORY,2026-08-08T23:03:00+05:30
2018-12-31,SMD-0032,BANKINDIA,NSE:BANKINDIA-EQ,103.95,105.15,103.3,104.1,11927697,FYERS_HISTORY,2026-08-08T23:03:00+05:30
2019-01-01,SMD-0032,BANKINDIA,NSE:BANKINDIA-EQ,104.55,107.15,103.7,106.35,11779714,FYERS_HISTORY,2026-08-08T23:03:00+05:30
2019-01-02,SMD-0032,BANKINDIA,NSE:BANKINDIA-EQ,106.25,107.9,103.8,104.8,16984848,FYERS_HISTORY,2026-08-08T23:03:00+05:30
2019-01-03,SMD-0032,BANKINDIA,NSE:BANKINDIA-EQ,104.85,107.1,104.0,105.75,12299077,FYERS_HISTORY,2026-08-08T23:03:00+05:30
2019-01-04,SMD-0032,BANKINDIA,NSE:BANKINDIA-EQ,106.1,109.3,105.3,108.7,13165314,FYERS_HISTORY,2026-08-08T23:03:00+05:30
2019-01-07,SMD-0032,BANKINDIA,NSE:BANKINDIA-EQ,109.6,110.15,105.7,106.4,8123090,FYERS_HISTORY,2026-08-08T23:03:00+05:30
2019-01-08,SMD-0032,BANKINDIA,NSE:BANKINDIA-EQ,105.75,109.3,105.1,108.8,9794700,FYERS_HISTORY,2026-08-08T23:03:00+05:30
2019-01-09,SMD-0032,BANKINDIA,NSE:BANKINDIA-EQ,109.75,109.75,104.2,105.45,13267879,FYERS_HISTORY,2026-08-08T23:03:00+05:30
2019-01-10,SMD-0032,BANKINDIA,NSE:BANKINDIA-EQ,105.45,107.1,105.15,106.1,6715175,FYERS_HISTORY,2026-08-08T23:03:00+05:30
2019-01-11,SMD-0032,BANKINDIA,NSE:BANKINDIA-EQ,106.45,106.8,102.65,103.25,9438958,FYERS_HISTORY,2026-08-08T23:03:00+05:30
2019-01-14,SMD-0032,BANKINDIA,NSE:BANKINDIA-EQ,102.7,105.15,100.7,104.0,11068475,FYERS_HISTORY,2026-08-08T23:03:00+05:30
2019-01-15,SMD-0032,BANKINDIA,NSE:BANKINDIA-EQ,104.6,104.85,103.05,104.1,5804977,FYERS_HISTORY,2026-08-08T23:03:00+05:30
2019-01-16,SMD-0032,BANKINDIA,NSE:BANKINDIA-EQ,104.0,106.5,103.65,105.3,6408689,FYERS_HISTORY,2026-08-08T23:03:00+05:30
2019-01-17,SMD-0032,BANKINDIA,NSE:BANKINDIA-EQ,105.6,105.85,102.8,104.35,5644751,FYERS_HISTORY,2026-08-08T23:03:00+05:30
2019-01-18,SMD-0032,BANKINDIA,NSE:BANKINDIA-EQ,104.4,104.8,102.25,102.65,5684518,FYERS_HISTORY,2026-08-08T23:03:00+05:30
2019-01-21,SMD-0032,BANKINDIA,NSE:BANKINDIA-EQ,102.85,104.6,99.65,100.65,8168459,FYERS_HISTORY,2026-08-08T23:03:00+05:30
2019-01-22,SMD-0032,BANKINDIA,NSE:BANKINDIA-EQ,99.9,100.6,97.4,97.85,6434495,FYERS_HISTORY,2026-08-08T23:03:00+05:30
2019-01-23,SMD-0032,BANKINDIA,NSE:BANKINDIA-EQ,98.0,98.65,96.35,97.1,5267979,FYERS_HISTORY,2026-08-08T23:03:00+05:30
2019-01-24,SMD-0032,BANKINDIA,NSE:BANKINDIA-EQ,97.05,97.95,96.35,97.3,5449282,FYERS_HISTORY,2026-08-08T23:03:00+05:30
2019-01-25,SMD-0032,BANKINDIA,NSE:BANKINDIA-EQ,97.8,98.95,93.75,94.45,7123775,FYERS_HISTORY,2026-08-08T23:03:00+05:30
2019-01-28,SMD-0032,BANKINDIA,NSE:BANKINDIA-EQ,94.9,95.55,85.4,90.6,9725854,FYERS_HISTORY,2026-08-08T23:03:00+05:30
2019-01-29,SMD-0032,BANKINDIA,NSE:BANKINDIA-EQ,85.5,100.2,85.5,98.15,50522736,FYERS_HISTORY,2026-08-08T23:03:00+05:30
2019-01-30,SMD-0032,BANKINDIA,NSE:BANKINDIA-EQ,98.1,100.2,95.55,99.15,14637481,FYERS_HISTORY,2026-08-08T23:03:00+05:30
2019-01-31,SMD-0032,BANKINDIA,NSE:BANKINDIA-EQ,99.4,104.7,97.3,102.8,13627828,FYERS_HISTORY,2026-08-08T23:03:00+05:30
2019-02-01,SMD-0032,BANKINDIA,NSE:BANKINDIA-EQ,106.4,106.65,88.85,94.85,25180357,FYERS_HISTORY,2026-08-08T23:03:00+05:30
2019-02-04,SMD-0032,BANKINDIA,NSE:BANKINDIA-EQ,94.5,95.3,90.4,93.25,9729435,FYERS_HISTORY,2026-08-08T23:03:00+05:30
2019-02-05,SMD-0032,BANKINDIA,NSE:BANKINDIA-EQ,93.45,94.2,89.35,90.95,8987658,FYERS_HISTORY,2026-08-08T23:03:00+05:30
2019-02-06,SMD-0032,BANKINDIA,NSE:BANKINDIA-EQ,91.65,92.5,87.35,91.9,9854021,FYERS_HISTORY,2026-08-08T23:03:00+05:30
2019-02-07,SMD-0032,BANKINDIA,NSE:BANKINDIA-EQ,91.5,95.2,90.8,92.05,9023352,FYERS_HISTORY,2026-08-08T23:03:00+05:30
2019-02-08,SMD-0032,BANKINDIA,NSE:BANKINDIA-EQ,91.4,91.4,85.9,86.55,12532032,FYERS_HISTORY,2026-08-08T23:03:00+05:30
2019-02-11,SMD-0032,BANKINDIA,NSE:BANKINDIA-EQ,86.3,87.0,84.05,84.7,5596055,FYERS_HISTORY,2026-08-08T23:03:00+05:30
2019-02-12,SMD-0032,BANKINDIA,NSE:BANKINDIA-EQ,84.75,85.7,82.3,82.95,7317079,FYERS_HISTORY,2026-08-08T23:03:00+05:30
2019-02-13,SMD-0032,BANKINDIA,NSE:BANKINDIA-EQ,83.25,83.65,80.9,81.65,6409243,FYERS_HISTORY,2026-08-08T23:03:00+05:30
2019-02-14,SMD-0032,BANKINDIA,NSE:BANKINDIA-EQ,81.05,83.85,79.9,82.8,10152708,FYERS_HISTORY,2026-08-08T23:03:00+05:30
2019-02-15,SMD-0032,BANKINDIA,NSE:BANKINDIA-EQ,82.75,82.8,79.3,80.2,8123327,FYERS_HISTORY,2026-08-08T23:03:00+05:30
2019-02-18,SMD-0032,BANKINDIA,NSE:BANKINDIA-EQ,80.15,81.4,77.5,78.65,6787894,FYERS_HISTORY,2026-08-08T23:03:00+05:30
2019-02-19,SMD-0032,BANKINDIA,NSE:BANKINDIA-EQ,78.9,83.6,78.65,81.1,11757622,FYERS_HISTORY,2026-08-08T23:03:00+05:30
2019-02-20,SMD-0032,BANKINDIA,NSE:BANKINDIA-EQ,81.0,82.9,80.75,81.85,6905288,FYERS_HISTORY,2026-08-08T23:03:00+05:30
2019-02-21,SMD-0032,BANKINDIA,NSE:BANKINDIA-EQ,85.1,85.8,82.95,83.25,13401572,FYERS_HISTORY,2026-08-08T23:03:00+05:30
2019-02-22,SMD-0032,BANKINDIA,NSE:BANKINDIA-EQ,82.55,84.6,82.55,83.0,6463463,FYERS_HISTORY,2026-08-08T23:03:00+05:30
2019-02-25,SMD-0032,BANKINDIA,NSE:BANKINDIA-EQ,83.1,83.6,81.95,82.9,5586375,FYERS_HISTORY,2026-08-08T23:03:00+05:30
2019-02-26,SMD-0032,BANKINDIA,NSE:BANKINDIA-EQ,81.7,82.1,79.45,81.15,6563004,FYERS_HISTORY,2026-08-08T23:03:00+05:30
2019-02-27,SMD-0032,BANKINDIA,NSE:BANKINDIA-EQ,81.6,84.1,80.5,81.65,10063668,FYERS_HISTORY,2026-08-08T23:03:00+05:30
2019-02-28,SMD-0032,BANKINDIA,NSE:BANKINDIA-EQ,82.0,83.45,81.6,83.1,5339038,FYERS_HISTORY,2026-08-08T23:03:00+05:30
2019-03-01,SMD-0032,BANKINDIA,NSE:BANKINDIA-EQ,83.2,88.25,83.15,87.5,13952084,FYERS_HISTORY,2026-08-08T23:03:00+05:30
2019-03-05,SMD-0032,BANKINDIA,NSE:BANKINDIA-EQ,88.3,91.6,87.8,90.75,11636958,FYERS_HISTORY,2026-08-08T23:03:00+05:30
2019-03-06,SMD-0032,BANKINDIA,NSE:BANKINDIA-EQ,90.5,92.45,89.2,89.8,9593204,FYERS_HISTORY,2026-08-08T23:03:00+05:30
2019-03-07,SMD-0032,BANKINDIA,NSE:BANKINDIA-EQ,90.0,92.3,88.45,90.7,11420223,FYERS_HISTORY,2026-08-08T23:03:00+05:30
2019-03-08,SMD-0032,BANKINDIA,NSE:BANKINDIA-EQ,90.85,91.4,88.4,88.8,8168221,FYERS_HISTORY,2026-08-08T23:03:00+05:30
2019-03-11,SMD-0032,BANKINDIA,NSE:BANKINDIA-EQ,88.55,92.75,88.55,92.25,10662535,FYERS_HISTORY,2026-08-08T23:03:00+05:30
2019-03-12,SMD-0032,BANKINDIA,NSE:BANKINDIA-EQ,93.7,94.5,91.45,92.45,10690301,FYERS_HISTORY,2026-08-08T23:03:00+05:30
2019-03-13,SMD-0032,BANKINDIA,NSE:BANKINDIA-EQ,92.45,93.4,90.5,92.05,7883178,FYERS_HISTORY,2026-08-08T23:03:00+05:30
2019-03-14,SMD-0032,BANKINDIA,NSE:BANKINDIA-EQ,92.5,93.3,90.85,92.35,8124067,FYERS_HISTORY,2026-08-08T23:03:00+05:30
2019-03-15,SMD-0032,BANKINDIA,NSE:BANKINDIA-EQ,92.9,95.0,92.7,93.15,11633846,FYERS_HISTORY,2026-08-08T23:03:00+05:30
2019-03-18,SMD-0032,BANKINDIA,NSE:BANKINDIA-EQ,93.2,95.55,92.8,95.05,8252958,FYERS_HISTORY,2026-08-08T23:03:00+05:30
2019-03-19,SMD-0032,BANKINDIA,NSE:BANKINDIA-EQ,95.95,103.15,95.3,100.6,27944350,FYERS_HISTORY,2026-08-08T23:03:00+05:30
2019-03-20,SMD-0032,BANKINDIA,NSE:BANKINDIA-EQ,100.85,101.75,98.55,100.55,15540939,FYERS_HISTORY,2026-08-08T23:03:00+05:30
2019-03-22,SMD-0032,BANKINDIA,NSE:BANKINDIA-EQ,101.3,101.9,98.05,98.6,8803257,FYERS_HISTORY,2026-08-08T23:03:00+05:30
2019-03-25,SMD-0032,BANKINDIA,NSE:BANKINDIA-EQ,97.0,99.3,96.45,98.5,8032860,FYERS_HISTORY,2026-08-08T23:03:00+05:30
2019-03-26,SMD-0032,BANKINDIA,NSE:BANKINDIA-EQ,99.05,102.5,98.8,101.85,7946467,FYERS_HISTORY,2026-08-08T23:03:00+05:30
2019-03-27,SMD-0032,BANKINDIA,NSE:BANKINDIA-EQ,102.4,103.7,101.55,103.15,11566973,FYERS_HISTORY,2026-08-08T23:03:00+05:30
2019-03-28,SMD-0032,BANKINDIA,NSE:BANKINDIA-EQ,103.0,106.5,102.8,105.85,12405815,FYERS_HISTORY,2026-08-08T23:03:00+05:30
2019-03-29,SMD-0032,BANKINDIA,NSE:BANKINDIA-EQ,106.4,106.9,103.3,104.25,11198651,FYERS_HISTORY,2026-08-08T23:03:00+05:30
2019-04-01,SMD-0032,BANKINDIA,NSE:BANKINDIA-EQ,104.8,108.15,103.9,104.65,10096894,FYERS_HISTORY,2026-08-08T23:03:00+05:30
2019-04-02,SMD-0032,BANKINDIA,NSE:BANKINDIA-EQ,104.9,107.8,103.3,105.6,11545420,FYERS_HISTORY,2026-08-08T23:03:00+05:30
2019-04-03,SMD-0032,BANKINDIA,NSE:BANKINDIA-EQ,106.2,107.4,101.35,101.7,10979283,FYERS_HISTORY,2026-08-08T23:03:00+05:30
2019-04-04,SMD-0032,BANKINDIA,NSE:BANKINDIA-EQ,101.65,104.6,100.5,101.1,11702884,FYERS_HISTORY,2026-08-08T23:03:00+05:30
2019-04-05,SMD-0032,BANKINDIA,NSE:BANKINDIA-EQ,101.7,102.4,99.5,100.8,6556229,FYERS_HISTORY,2026-08-08T23:03:00+05:30
2019-04-08,SMD-0032,BANKINDIA,NSE:BANKINDIA-EQ,101.5,103.1,97.9,98.5,8836550,FYERS_HISTORY,2026-08-08T23:03:00+05:30
2019-04-09,SMD-0032,BANKINDIA,NSE:BANKINDIA-EQ,98.9,102.85,97.55,102.25,10873813,FYERS_HISTORY,2026-08-08T23:03:00+05:30
2019-04-10,SMD-0032,BANKINDIA,NSE:BANKINDIA-EQ,101.9,103.5,100.2,100.5,8176340,FYERS_HISTORY,2026-08-08T23:03:00+05:30
2019-04-11,SMD-0032,BANKINDIA,NSE:BANKINDIA-EQ,100.65,101.25,98.7,99.4,7104380,FYERS_HISTORY,2026-08-08T23:03:00+05:30
2019-04-12,SMD-0032,BANKINDIA,NSE:BANKINDIA-EQ,99.4,100.1,97.7,99.55,7444154,FYERS_HISTORY,2026-08-08T23:03:00+05:30
2019-04-15,SMD-0032,BANKINDIA,NSE:BANKINDIA-EQ,99.6,101.2,98.8,99.05,5242978,FYERS_HISTORY,2026-08-08T23:03:00+05:30
2019-04-16,SMD-0032,BANKINDIA,NSE:BANKINDIA-EQ,99.2,99.95,98.55,98.95,4279945,FYERS_HISTORY,2026-08-08T23:03:00+05:30
2019-04-18,SMD-0032,BANKINDIA,NSE:BANKINDIA-EQ,99.05,99.6,96.05,96.75,5875305,FYERS_HISTORY,2026-08-08T23:03:00+05:30
2019-04-22,SMD-0032,BANKINDIA,NSE:BANKINDIA-EQ,96.15,96.25,91.8,92.5,5808200,FYERS_HISTORY,2026-08-08T23:03:00+05:30
2019-04-23,SMD-0032,BANKINDIA,NSE:BANKINDIA-EQ,91.9,93.75,91.25,91.65,6059894,FYERS_HISTORY,2026-08-08T23:03:00+05:30
2019-04-24,SMD-0032,BANKINDIA,NSE:BANKINDIA-EQ,92.5,93.55,91.0,93.05,6643762,FYERS_HISTORY,2026-08-08T23:03:00+05:30
2019-04-25,SMD-0032,BANKINDIA,NSE:BANKINDIA-EQ,93.05,93.8,91.5,91.9,6583138,FYERS_HISTORY,2026-08-08T23:03:00+05:30
2019-04-26,SMD-0032,BANKINDIA,NSE:BANKINDIA-EQ,92.4,92.75,91.25,92.3,5312132,FYERS_HISTORY,2026-08-08T23:03:00+05:30
2019-04-30,SMD-0032,BANKINDIA,NSE:BANKINDIA-EQ,92.2,92.2,87.0,88.25,8356446,FYERS_HISTORY,2026-08-08T23:03:00+05:30
2019-05-02,SMD-0032,BANKINDIA,NSE:BANKINDIA-EQ,87.15,91.4,87.15,88.95,8135666,FYERS_HISTORY,2026-08-08T23:03:00+05:30
2019-05-03,SMD-0032,BANKINDIA,NSE:BANKINDIA-EQ,89.3,90.7,88.95,89.7,4856188,FYERS_HISTORY,2026-08-08T23:03:00+05:30
2019-05-06,SMD-0032,BANKINDIA,NSE:BANKINDIA-EQ,87.0,89.25,87.0,87.75,3474372,FYERS_HISTORY,2026-08-08T23:03:00+05:30
2019-05-07,SMD-0032,BANKINDIA,NSE:BANKINDIA-EQ,88.25,88.7,84.25,84.75,5049227,FYERS_HISTORY,2026-08-08T23:03:00+05:30
2019-05-08,SMD-0032,BANKINDIA,NSE:BANKINDIA-EQ,84.3,85.7,83.35,83.9,5829503,FYERS_HISTORY,2026-08-08T23:03:00+05:30
2019-05-09,SMD-0032,BANKINDIA,NSE:BANKINDIA-EQ,83.8,84.95,83.4,84.15,4983729,FYERS_HISTORY,2026-08-08T23:03:00+05:30
2019-05-10,SMD-0032,BANKINDIA,NSE:BANKINDIA-EQ,84.3,86.65,84.25,85.5,7727714,FYERS_HISTORY,2026-08-08T23:03:00+05:30
2019-05-13,SMD-0032,BANKINDIA,NSE:BANKINDIA-EQ,85.2,85.7,80.05,80.7,7493263,FYERS_HISTORY,2026-08-08T23:03:00+05:30
2019-05-14,SMD-0032,BANKINDIA,NSE:BANKINDIA-EQ,80.2,83.6,78.95,82.9,7552638,FYERS_HISTORY,2026-08-08T23:03:00+05:30
2019-05-15,SMD-0032,BANKINDIA,NSE:BANKINDIA-EQ,83.0,83.4,79.85,80.15,6508069,FYERS_HISTORY,2026-08-08T23:03:00+05:30
2019-05-16,SMD-0032,BANKINDIA,NSE:BANKINDIA-EQ,80.7,83.2,79.3,81.65,19413943,FYERS_HISTORY,2026-08-08T23:03:00+05:30
2019-05-17,SMD-0032,BANKINDIA,NSE:BANKINDIA-EQ,81.3,82.35,79.6,81.7,12824142,FYERS_HISTORY,2026-08-08T23:03:00+05:30
2019-05-20,SMD-0032,BANKINDIA,NSE:BANKINDIA-EQ,86.0,90.6,84.55,89.9,15415198,FYERS_HISTORY,2026-08-08T23:03:00+05:30
2019-05-21,SMD-0032,BANKINDIA,NSE:BANKINDIA-EQ,90.5,91.45,87.15,88.1,10255781,FYERS_HISTORY,2026-08-08T23:03:00+05:30
2019-05-22,SMD-0032,BANKINDIA,NSE:BANKINDIA-EQ,88.2,90.4,86.9,89.65,9187082,FYERS_HISTORY,2026-08-08T23:03:00+05:30
2019-05-23,SMD-0032,BANKINDIA,NSE:BANKINDIA-EQ,93.0,96.3,88.4,89.2,17428202,FYERS_HISTORY,2026-08-08T23:03:00+05:30
2019-05-24,SMD-0032,BANKINDIA,NSE:BANKINDIA-EQ,90.0,97.5,89.9,96.7,17144294,FYERS_HISTORY,2026-08-08T23:03:00+05:30
2019-05-27,SMD-0032,BANKINDIA,NSE:BANKINDIA-EQ,96.6,99.45,96.25,98.4,11227667,FYERS_HISTORY,2026-08-08T23:03:00+05:30
2019-05-28,SMD-0032,BANKINDIA,NSE:BANKINDIA-EQ,98.5,101.2,96.8,99.1,11634268,FYERS_HISTORY,2026-08-08T23:03:00+05:30
2019-05-29,SMD-0032,BANKINDIA,NSE:BANKINDIA-EQ,98.9,98.9,96.0,96.4,5351808,FYERS_HISTORY,2026-08-08T23:03:00+05:30
2019-05-30,SMD-0032,BANKINDIA,NSE:BANKINDIA-EQ,96.8,98.0,95.2,97.55,6071809,FYERS_HISTORY,2026-08-08T23:03:00+05:30
2019-05-31,SMD-0032,BANKINDIA,NSE:BANKINDIA-EQ,98.5,99.2,92.8,94.65,11253655,FYERS_HISTORY,2026-08-08T23:03:00+05:30
2019-06-03,SMD-0032,BANKINDIA,NSE:BANKINDIA-EQ,94.85,95.6,93.25,95.25,6556319,FYERS_HISTORY,2026-08-08T23:03:00+05:30
2019-06-04,SMD-0032,BANKINDIA,NSE:BANKINDIA-EQ,94.7,98.5,94.5,96.4,10527117,FYERS_HISTORY,2026-08-08T23:03:00+05:30
2019-06-06,SMD-0032,BANKINDIA,NSE:BANKINDIA-EQ,95.0,95.6,90.1,90.7,12264824,FYERS_HISTORY,2026-08-08T23:03:00+05:30
2019-06-07,SMD-0032,BANKINDIA,NSE:BANKINDIA-EQ,90.15,91.5,88.65,89.75,8164977,FYERS_HISTORY,2026-08-08T23:03:00+05:30
2019-06-10,SMD-0032,BANKINDIA,NSE:BANKINDIA-EQ,90.55,91.8,86.55,87.35,7853962,FYERS_HISTORY,2026-08-08T23:03:00+05:30
2019-06-11,SMD-0032,BANKINDIA,NSE:BANKINDIA-EQ,87.3,89.25,86.65,88.6,6919788,FYERS_HISTORY,2026-08-08T23:03:00+05:30
2019-06-12,SMD-0032,BANKINDIA,NSE:BANKINDIA-EQ,88.4,89.85,87.3,87.9,6499682,FYERS_HISTORY,2026-08-08T23:03:00+05:30
2019-06-13,SMD-0032,BANKINDIA,NSE:BANKINDIA-EQ,87.5,88.0,83.95,86.5,8001310,FYERS_HISTORY,2026-08-08T23:03:00+05:30
2019-06-14,SMD-0032,BANKINDIA,NSE:BANKINDIA-EQ,86.45,87.7,85.6,86.2,5077698,FYERS_HISTORY,2026-08-08T23:03:00+05:30
2019-06-17,SMD-0032,BANKINDIA,NSE:BANKINDIA-EQ,86.0,87.1,84.1,84.3,5086736,FYERS_HISTORY,2026-08-08T23:03:00+05:30
2019-06-18,SMD-0032,BANKINDIA,NSE:BANKINDIA-EQ,84.4,85.8,83.35,84.3,5809152,FYERS_HISTORY,2026-08-08T23:03:00+05:30
2019-06-19,SMD-0032,BANKINDIA,NSE:BANKINDIA-EQ,84.95,85.65,81.9,82.65,5980486,FYERS_HISTORY,2026-08-08T23:03:00+05:30
2019-06-20,SMD-0032,BANKINDIA,NSE:BANKINDIA-EQ,83.0,86.0,82.2,85.65,5651858,FYERS_HISTORY,2026-08-08T23:03:00+05:30
2019-06-21,SMD-0032,BANKINDIA,NSE:BANKINDIA-EQ,85.6,87.65,84.5,86.95,6140827,FYERS_HISTORY,2026-08-08T23:03:00+05:30
2019-06-24,SMD-0032,BANKINDIA,NSE:BANKINDIA-EQ,87.0,88.0,85.85,86.35,4248911,FYERS_HISTORY,2026-08-08T23:03:00+05:30
2019-06-25,SMD-0032,BANKINDIA,NSE:BANKINDIA-EQ,86.0,87.05,85.75,86.55,3697250,FYERS_HISTORY,2026-08-08T23:03:00+05:30
2019-06-26,SMD-0032,BANKINDIA,NSE:BANKINDIA-EQ,86.25,89.95,85.9,88.8,5926489,FYERS_HISTORY,2026-08-08T23:03:00+05:30
2019-06-27,SMD-0032,BANKINDIA,NSE:BANKINDIA-EQ,88.55,89.85,87.45,88.4,5244888,FYERS_HISTORY,2026-08-08T23:03:00+05:30
2019-06-28,SMD-0032,BANKINDIA,NSE:BANKINDIA-EQ,88.5,93.0,87.85,90.15,15393522,FYERS_HISTORY,2026-08-08T23:03:00+05:30
2019-07-01,SMD-0032,BANKINDIA,NSE:BANKINDIA-EQ,90.9,91.5,88.85,90.7,8806840,FYERS_HISTORY,2026-08-08T23:03:00+05:30
2019-07-02,SMD-0032,BANKINDIA,NSE:BANKINDIA-EQ,91.4,91.4,88.4,90.2,6249938,FYERS_HISTORY,2026-08-08T23:03:00+05:30
2019-07-03,SMD-0032,BANKINDIA,NSE:BANKINDIA-EQ,90.6,93.0,90.05,92.5,7918243,FYERS_HISTORY,2026-08-08T23:03:00+05:30
2019-07-04,SMD-0032,BANKINDIA,NSE:BANKINDIA-EQ,93.4,95.8,93.35,94.5,15369281,FYERS_HISTORY,2026-08-08T23:03:00+05:30
2019-07-05,SMD-0032,BANKINDIA,NSE:BANKINDIA-EQ,95.05,96.4,92.45,93.95,16998790,FYERS_HISTORY,2026-08-08T23:03:00+05:30
2019-07-08,SMD-0032,BANKINDIA,NSE:BANKINDIA-EQ,93.6,93.6,81.6,84.45,19045284,FYERS_HISTORY,2026-08-08T23:03:00+05:30
2019-07-09,SMD-0032,BANKINDIA,NSE:BANKINDIA-EQ,84.25,86.5,83.45,85.6,11074406,FYERS_HISTORY,2026-08-08T23:03:00+05:30
2019-07-10,SMD-0032,BANKINDIA,NSE:BANKINDIA-EQ,86.75,86.9,84.15,85.3,9679981,FYERS_HISTORY,2026-08-08T23:03:00+05:30
2019-07-11,SMD-0032,BANKINDIA,NSE:BANKINDIA-EQ,85.8,87.65,84.4,86.85,8097948,FYERS_HISTORY,2026-08-08T23:03:00+05:30
2019-07-12,SMD-0032,BANKINDIA,NSE:BANKINDIA-EQ,86.7,87.95,85.7,87.05,6270238,FYERS_HISTORY,2026-08-08T23:03:00+05:30
2019-07-15,SMD-0032,BANKINDIA,NSE:BANKINDIA-EQ,87.4,87.4,83.1,83.95,8032740,FYERS_HISTORY,2026-08-08T23:03:00+05:30
2019-07-16,SMD-0032,BANKINDIA,NSE:BANKINDIA-EQ,83.95,85.15,82.85,84.9,7187017,FYERS_HISTORY,2026-08-08T23:03:00+05:30
2019-07-17,SMD-0032,BANKINDIA,NSE:BANKINDIA-EQ,85.3,85.95,83.7,84.9,7977374,FYERS_HISTORY,2026-08-08T23:03:00+05:30
2019-07-18,SMD-0032,BANKINDIA,NSE:BANKINDIA-EQ,84.95,85.5,81.6,82.15,9321591,FYERS_HISTORY,2026-08-08T23:03:00+05:30
2019-07-19,SMD-0032,BANKINDIA,NSE:BANKINDIA-EQ,82.9,83.3,80.0,80.15,7077546,FYERS_HISTORY,2026-08-08T23:03:00+05:30
2019-07-22,SMD-0032,BANKINDIA,NSE:BANKINDIA-EQ,80.0,81.0,78.8,80.65,7350038,FYERS_HISTORY,2026-08-08T23:03:00+05:30
2019-07-23,SMD-0032,BANKINDIA,NSE:BANKINDIA-EQ,81.4,81.75,78.0,78.65,7696668,FYERS_HISTORY,2026-08-08T23:03:00+05:30
2019-07-24,SMD-0032,BANKINDIA,NSE:BANKINDIA-EQ,78.6,78.95,76.0,76.5,8391943,FYERS_HISTORY,2026-08-08T23:03:00+05:30
2019-07-25,SMD-0032,BANKINDIA,NSE:BANKINDIA-EQ,76.65,77.5,74.4,75.4,7457025,FYERS_HISTORY,2026-08-08T23:03:00+05:30
2019-07-26,SMD-0032,BANKINDIA,NSE:BANKINDIA-EQ,75.65,78.3,74.85,76.05,10020072,FYERS_HISTORY,2026-08-08T23:03:00+05:30
2019-07-29,SMD-0032,BANKINDIA,NSE:BANKINDIA-EQ,76.5,76.9,74.25,75.7,7533538,FYERS_HISTORY,2026-08-08T23:03:00+05:30
2019-07-30,SMD-0032,BANKINDIA,NSE:BANKINDIA-EQ,75.95,76.5,69.8,70.8,25218546,FYERS_HISTORY,2026-08-08T23:03:00+05:30
2019-07-31,SMD-0032,BANKINDIA,NSE:BANKINDIA-EQ,70.95,72.5,70.3,72.2,9210827,FYERS_HISTORY,2026-08-08T23:03:00+05:30
2019-08-01,SMD-0032,BANKINDIA,NSE:BANKINDIA-EQ,71.9,71.95,69.25,70.2,8692057,FYERS_HISTORY,2026-08-08T23:03:00+05:30
2019-08-02,SMD-0032,BANKINDIA,NSE:BANKINDIA-EQ,69.75,71.2,68.1,69.75,9706091,FYERS_HISTORY,2026-08-08T23:03:00+05:30
2019-08-05,SMD-0032,BANKINDIA,NSE:BANKINDIA-EQ,69.0,69.6,66.1,68.95,8773480,FYERS_HISTORY,2026-08-08T23:03:00+05:30
2019-08-06,SMD-0032,BANKINDIA,NSE:BANKINDIA-EQ,68.5,70.5,68.05,69.9,7955510,FYERS_HISTORY,2026-08-08T23:03:00+05:30
2019-08-07,SMD-0032,BANKINDIA,NSE:BANKINDIA-EQ,70.0,70.9,66.35,66.75,9827192,FYERS_HISTORY,2026-08-08T23:03:00+05:30
2019-08-08,SMD-0032,BANKINDIA,NSE:BANKINDIA-EQ,67.5,69.45,66.4,68.85,7998702,FYERS_HISTORY,2026-08-08T23:03:00+05:30
2019-08-09,SMD-0032,BANKINDIA,NSE:BANKINDIA-EQ,69.25,70.15,67.2,68.05,8803936,FYERS_HISTORY,2026-08-08T23:03:00+05:30
2019-08-13,SMD-0032,BANKINDIA,NSE:BANKINDIA-EQ,69.2,69.45,66.1,66.7,5875135,FYERS_HISTORY,2026-08-08T23:03:00+05:30
2019-08-14,SMD-0032,BANKINDIA,NSE:BANKINDIA-EQ,67.1,68.2,66.25,67.75,6393034,FYERS_HISTORY,2026-08-08T23:03:00+05:30
2019-08-16,SMD-0032,BANKINDIA,NSE:BANKINDIA-EQ,67.25,70.0,66.45,69.4,7078429,FYERS_HISTORY,2026-08-08T23:03:00+05:30
2019-08-19,SMD-0032,BANKINDIA,NSE:BANKINDIA-EQ,69.7,70.4,68.5,69.0,5732410,FYERS_HISTORY,2026-08-08T23:03:00+05:30
2019-08-20,SMD-0032,BANKINDIA,NSE:BANKINDIA-EQ,68.85,69.0,65.6,66.55,8621332,FYERS_HISTORY,2026-08-08T23:03:00+05:30
2019-08-21,SMD-0032,BANKINDIA,NSE:BANKINDIA-EQ,66.55,67.65,64.35,65.05,7592307,FYERS_HISTORY,2026-08-08T23:03:00+05:30
2019-08-22,SMD-0032,BANKINDIA,NSE:BANKINDIA-EQ,65.0,65.25,61.75,62.4,8158794,FYERS_HISTORY,2026-08-08T23:03:00+05:30
2019-08-23,SMD-0032,BANKINDIA,NSE:BANKINDIA-EQ,62.4,64.95,61.4,64.4,8929326,FYERS_HISTORY,2026-08-08T23:03:00+05:30
2019-08-26,SMD-0032,BANKINDIA,NSE:BANKINDIA-EQ,67.95,68.35,65.05,66.85,13280468,FYERS_HISTORY,2026-08-08T23:03:00+05:30
2019-08-27,SMD-0032,BANKINDIA,NSE:BANKINDIA-EQ,67.5,69.95,67.15,69.3,9111173,FYERS_HISTORY,2026-08-08T23:03:00+05:30
2019-08-28,SMD-0032,BANKINDIA,NSE:BANKINDIA-EQ,69.25,70.65,66.7,67.7,7898518,FYERS_HISTORY,2026-08-08T23:03:00+05:30
2019-08-29,SMD-0032,BANKINDIA,NSE:BANKINDIA-EQ,67.25,68.05,64.65,65.9,6960975,FYERS_HISTORY,2026-08-08T23:03:00+05:30
2019-08-30,SMD-0032,BANKINDIA,NSE:BANKINDIA-EQ,66.6,67.0,63.75,65.55,10180707,FYERS_HISTORY,2026-08-08T23:03:00+05:30
2019-09-03,SMD-0032,BANKINDIA,NSE:BANKINDIA-EQ,63.15,65.45,62.4,62.85,7387096,FYERS_HISTORY,2026-08-08T23:03:00+05:30
2019-09-04,SMD-0032,BANKINDIA,NSE:BANKINDIA-EQ,63.05,64.5,62.1,63.85,7188225,FYERS_HISTORY,2026-08-08T23:03:00+05:30
2019-09-05,SMD-0032,BANKINDIA,NSE:BANKINDIA-EQ,64.1,64.3,62.4,63.7,6886376,FYERS_HISTORY,2026-08-08T23:03:00+05:30
2019-09-06,SMD-0032,BANKINDIA,NSE:BANKINDIA-EQ,63.8,64.9,62.8,63.7,6979117,FYERS_HISTORY,2026-08-08T23:03:00+05:30
2019-09-09,SMD-0032,BANKINDIA,NSE:BANKINDIA-EQ,63.45,66.35,63.1,66.1,7933209,FYERS_HISTORY,2026-08-08T23:03:00+05:30
2019-09-11,SMD-0032,BANKINDIA,NSE:BANKINDIA-EQ,66.15,68.45,65.85,68.15,6813652,FYERS_HISTORY,2026-08-08T23:03:00+05:30
2019-09-12,SMD-0032,BANKINDIA,NSE:BANKINDIA-EQ,68.3,69.75,67.9,68.25,8691994,FYERS_HISTORY,2026-08-08T23:03:00+05:30
2019-09-13,SMD-0032,BANKINDIA,NSE:BANKINDIA-EQ,67.85,69.65,66.0,69.1,7542764,FYERS_HISTORY,2026-08-08T23:03:00+05:30
2019-09-16,SMD-0032,BANKINDIA,NSE:BANKINDIA-EQ,68.25,69.7,67.6,68.4,6411448,FYERS_HISTORY,2026-08-08T23:03:00+05:30
2019-09-17,SMD-0032,BANKINDIA,NSE:BANKINDIA-EQ,68.1,68.55,64.5,64.75,7062169,FYERS_HISTORY,2026-08-08T23:03:00+05:30
2019-09-18,SMD-0032,BANKINDIA,NSE:BANKINDIA-EQ,65.45,66.1,64.45,64.95,6316170,FYERS_HISTORY,2026-08-08T23:03:00+05:30
2019-09-19,SMD-0032,BANKINDIA,NSE:BANKINDIA-EQ,65.0,65.15,62.5,63.4,6386322,FYERS_HISTORY,2026-08-08T23:03:00+05:30
2019-09-20,SMD-0032,BANKINDIA,NSE:BANKINDIA-EQ,63.4,69.7,61.95,68.65,16038537,FYERS_HISTORY,2026-08-08T23:03:00+05:30
2019-09-23,SMD-0032,BANKINDIA,NSE:BANKINDIA-EQ,70.5,72.2,67.5,71.6,13946736,FYERS_HISTORY,2026-08-08T23:03:00+05:30
2019-09-24,SMD-0032,BANKINDIA,NSE:BANKINDIA-EQ,71.4,72.85,69.7,70.6,11693496,FYERS_HISTORY,2026-08-08T23:03:00+05:30
2019-09-25,SMD-0032,BANKINDIA,NSE:BANKINDIA-EQ,70.4,70.4,65.7,66.45,10350823,FYERS_HISTORY,2026-08-08T23:03:00+05:30
2019-09-26,SMD-0032,BANKINDIA,NSE:BANKINDIA-EQ,66.3,69.15,66.25,67.8,8909032,FYERS_HISTORY,2026-08-08T23:03:00+05:30
2019-09-27,SMD-0032,BANKINDIA,NSE:BANKINDIA-EQ,67.4,67.75,64.8,66.2,9184518,FYERS_HISTORY,2026-08-08T23:03:00+05:30
2019-09-30,SMD-0032,BANKINDIA,NSE:BANKINDIA-EQ,66.2,66.2,62.35,62.95,12141961,FYERS_HISTORY,2026-08-08T23:03:00+05:30
2019-10-01,SMD-0032,BANKINDIA,NSE:BANKINDIA-EQ,63.5,64.05,58.7,61.1,11637480,FYERS_HISTORY,2026-08-08T23:03:00+05:30
2019-10-03,SMD-0032,BANKINDIA,NSE:BANKINDIA-EQ,60.9,62.5,59.45,61.9,9250868,FYERS_HISTORY,2026-08-08T23:03:00+05:30
2019-10-04,SMD-0032,BANKINDIA,NSE:BANKINDIA-EQ,62.2,62.7,59.85,60.35,10620824,FYERS_HISTORY,2026-08-08T23:03:00+05:30
2019-10-07,SMD-0032,BANKINDIA,NSE:BANKINDIA-EQ,60.35,60.75,58.8,59.5,6710375,FYERS_HISTORY,2026-08-08T23:03:00+05:30
2019-10-09,SMD-0032,BANKINDIA,NSE:BANKINDIA-EQ,59.25,62.2,57.45,61.6,11049824,FYERS_HISTORY,2026-08-08T23:03:00+05:30
2019-10-10,SMD-0032,BANKINDIA,NSE:BANKINDIA-EQ,61.0,61.25,59.25,59.9,7031788,FYERS_HISTORY,2026-08-08T23:03:00+05:30
2019-10-11,SMD-0032,BANKINDIA,NSE:BANKINDIA-EQ,60.25,61.4,58.3,59.5,13567988,FYERS_HISTORY,2026-08-08T23:03:00+05:30
2019-10-14,SMD-0032,BANKINDIA,NSE:BANKINDIA-EQ,59.85,61.85,59.1,60.05,11056726,FYERS_HISTORY,2026-08-08T23:03:00+05:30
2019-10-15,SMD-0032,BANKINDIA,NSE:BANKINDIA-EQ,60.2,61.6,59.65,61.25,6295769,FYERS_HISTORY,2026-08-08T23:03:00+05:30
2019-10-16,SMD-0032,BANKINDIA,NSE:BANKINDIA-EQ,61.65,62.6,60.3,61.0,6945121,FYERS_HISTORY,2026-08-08T23:03:00+05:30
2019-10-17,SMD-0032,BANKINDIA,NSE:BANKINDIA-EQ,60.7,64.15,60.5,63.7,8292352,FYERS_HISTORY,2026-08-08T23:03:00+05:30
2019-10-18,SMD-0032,BANKINDIA,NSE:BANKINDIA-EQ,63.55,65.3,62.55,64.2,9549933,FYERS_HISTORY,2026-08-08T23:03:00+05:30
2019-10-22,SMD-0032,BANKINDIA,NSE:BANKINDIA-EQ,64.0,66.85,63.7,64.3,8759605,FYERS_HISTORY,2026-08-08T23:03:00+05:30
2019-10-23,SMD-0032,BANKINDIA,NSE:BANKINDIA-EQ,64.5,66.8,63.6,66.25,6537540,FYERS_HISTORY,2026-08-08T23:03:00+05:30
2019-10-24,SMD-0032,BANKINDIA,NSE:BANKINDIA-EQ,66.65,67.2,63.1,64.05,8562173,FYERS_HISTORY,2026-08-08T23:03:00+05:30
2019-10-25,SMD-0032,BANKINDIA,NSE:BANKINDIA-EQ,64.1,66.45,63.05,65.85,8463208,FYERS_HISTORY,2026-08-08T23:03:00+05:30
2019-10-27,SMD-0032,BANKINDIA,NSE:BANKINDIA-EQ,66.15,66.75,65.6,66.1,702637,FYERS_HISTORY,2026-08-08T23:03:00+05:30
2019-10-29,SMD-0032,BANKINDIA,NSE:BANKINDIA-EQ,65.9,68.5,65.5,67.2,6293802,FYERS_HISTORY,2026-08-08T23:03:00+05:30
2019-10-30,SMD-0032,BANKINDIA,NSE:BANKINDIA-EQ,67.55,71.4,66.9,71.05,11650110,FYERS_HISTORY,2026-08-08T23:03:00+05:30
2019-10-31,SMD-0032,BANKINDIA,NSE:BANKINDIA-EQ,72.0,72.65,70.9,71.25,14024205,FYERS_HISTORY,2026-08-08T23:03:00+05:30
2019-11-01,SMD-0032,BANKINDIA,NSE:BANKINDIA-EQ,71.5,75.55,70.4,71.0,40226962,FYERS_HISTORY,2026-08-08T23:03:00+05:30
2019-11-04,SMD-0032,BANKINDIA,NSE:BANKINDIA-EQ,71.25,73.15,71.0,71.35,13445702,FYERS_HISTORY,2026-08-08T23:03:00+05:30
2019-11-05,SMD-0032,BANKINDIA,NSE:BANKINDIA-EQ,71.35,72.65,70.1,70.4,9819361,FYERS_HISTORY,2026-08-08T23:03:00+05:30
2019-11-06,SMD-0032,BANKINDIA,NSE:BANKINDIA-EQ,70.3,70.9,68.65,69.95,12651773,FYERS_HISTORY,2026-08-08T23:03:00+05:30
2019-11-07,SMD-0032,BANKINDIA,NSE:BANKINDIA-EQ,70.25,70.65,68.05,68.75,7872854,FYERS_HISTORY,2026-08-08T23:03:00+05:30
2019-11-08,SMD-0032,BANKINDIA,NSE:BANKINDIA-EQ,68.0,69.2,66.1,66.45,8076600,FYERS_HISTORY,2026-08-08T23:03:00+05:30
2019-11-11,SMD-0032,BANKINDIA,NSE:BANKINDIA-EQ,66.1,67.65,66.0,67.15,5110559,FYERS_HISTORY,2026-08-08T23:03:00+05:30
2019-11-13,SMD-0032,BANKINDIA,NSE:BANKINDIA-EQ,67.2,67.75,65.0,65.5,5485479,FYERS_HISTORY,2026-08-08T23:03:00+05:30
2019-11-14,SMD-0032,BANKINDIA,NSE:BANKINDIA-EQ,65.55,66.75,63.9,66.25,7293774,FYERS_HISTORY,2026-08-08T23:03:00+05:30
2019-11-15,SMD-0032,BANKINDIA,NSE:BANKINDIA-EQ,66.6,71.25,66.6,69.35,19836274,FYERS_HISTORY,2026-08-08T23:03:00+05:30
2019-11-18,SMD-0032,BANKINDIA,NSE:BANKINDIA-EQ,69.65,71.6,68.9,71.3,10705199,FYERS_HISTORY,2026-08-08T23:03:00+05:30
2019-11-19,SMD-0032,BANKINDIA,NSE:BANKINDIA-EQ,71.5,75.4,70.8,74.1,20170328,FYERS_HISTORY,2026-08-08T23:03:00+05:30
2019-11-20,SMD-0032,BANKINDIA,NSE:BANKINDIA-EQ,74.95,76.15,72.8,73.6,16356384,FYERS_HISTORY,2026-08-08T23:03:00+05:30
2019-11-21,SMD-0032,BANKINDIA,NSE:BANKINDIA-EQ,74.45,74.85,72.85,73.15,7478130,FYERS_HISTORY,2026-08-08T23:03:00+05:30
2019-11-22,SMD-0032,BANKINDIA,NSE:BANKINDIA-EQ,73.25,74.15,72.25,73.05,9925433,FYERS_HISTORY,2026-08-08T23:03:00+05:30
2019-11-25,SMD-0032,BANKINDIA,NSE:BANKINDIA-EQ,73.15,74.85,72.7,74.6,7777899,FYERS_HISTORY,2026-08-08T23:03:00+05:30
2019-11-26,SMD-0032,BANKINDIA,NSE:BANKINDIA-EQ,75.1,78.15,73.15,74.55,19932357,FYERS_HISTORY,2026-08-08T23:03:00+05:30
2019-11-27,SMD-0032,BANKINDIA,NSE:BANKINDIA-EQ,75.25,77.4,74.8,76.85,9202396,FYERS_HISTORY,2026-08-08T23:03:00+05:30
2019-11-28,SMD-0032,BANKINDIA,NSE:BANKINDIA-EQ,77.15,79.8,76.25,77.4,16993173,FYERS_HISTORY,2026-08-08T23:03:00+05:30
2019-11-29,SMD-0032,BANKINDIA,NSE:BANKINDIA-EQ,77.0,77.95,75.5,75.9,4333117,FYERS_HISTORY,2026-08-08T23:03:00+05:30
2019-12-02,SMD-0032,BANKINDIA,NSE:BANKINDIA-EQ,76.5,76.5,74.35,74.9,2888461,FYERS_HISTORY,2026-08-08T23:03:00+05:30
2019-12-03,SMD-0032,BANKINDIA,NSE:BANKINDIA-EQ,75.0,75.25,70.85,71.4,2992850,FYERS_HISTORY,2026-08-08T23:03:00+05:30
2019-12-04,SMD-0032,BANKINDIA,NSE:BANKINDIA-EQ,70.75,72.5,70.05,72.2,3921450,FYERS_HISTORY,2026-08-08T23:03:00+05:30
2019-12-05,SMD-0032,BANKINDIA,NSE:BANKINDIA-EQ,72.4,73.35,70.5,70.95,3390760,FYERS_HISTORY,2026-08-08T23:03:00+05:30
2019-12-06,SMD-0032,BANKINDIA,NSE:BANKINDIA-EQ,71.3,71.6,67.65,68.4,3078818,FYERS_HISTORY,2026-08-08T23:03:00+05:30
2019-12-09,SMD-0032,BANKINDIA,NSE:BANKINDIA-EQ,68.05,69.5,67.25,68.3,2964339,FYERS_HISTORY,2026-08-08T23:03:00+05:30
2019-12-10,SMD-0032,BANKINDIA,NSE:BANKINDIA-EQ,68.75,68.95,66.8,67.05,2186009,FYERS_HISTORY,2026-08-08T23:03:00+05:30
2019-12-11,SMD-0032,BANKINDIA,NSE:BANKINDIA-EQ,67.15,68.35,65.85,68.05,2611531,FYERS_HISTORY,2026-08-08T23:03:00+05:30
2019-12-12,SMD-0032,BANKINDIA,NSE:BANKINDIA-EQ,68.45,69.2,68.2,68.8,2218573,FYERS_HISTORY,2026-08-08T23:03:00+05:30
2019-12-13,SMD-0032,BANKINDIA,NSE:BANKINDIA-EQ,69.15,71.3,69.1,70.9,4419601,FYERS_HISTORY,2026-08-08T23:03:00+05:30
2019-12-16,SMD-0032,BANKINDIA,NSE:BANKINDIA-EQ,71.5,72.4,70.55,71.05,2650660,FYERS_HISTORY,2026-08-08T23:03:00+05:30
2019-12-17,SMD-0032,BANKINDIA,NSE:BANKINDIA-EQ,71.4,72.3,70.8,71.25,1839246,FYERS_HISTORY,2026-08-08T23:03:00+05:30
2019-12-18,SMD-0032,BANKINDIA,NSE:BANKINDIA-EQ,71.2,73.55,69.4,71.35,2478131,FYERS_HISTORY,2026-08-08T23:03:00+05:30
2019-12-19,SMD-0032,BANKINDIA,NSE:BANKINDIA-EQ,71.7,72.0,70.5,71.45,2082189,FYERS_HISTORY,2026-08-08T23:03:00+05:30
2019-12-20,SMD-0032,BANKINDIA,NSE:BANKINDIA-EQ,71.5,72.2,69.0,69.9,3206039,FYERS_HISTORY,2026-08-08T23:03:00+05:30
2019-12-23,SMD-0032,BANKINDIA,NSE:BANKINDIA-EQ,69.9,70.3,68.85,69.6,1972983,FYERS_HISTORY,2026-08-08T23:03:00+05:30
2019-12-24,SMD-0032,BANKINDIA,NSE:BANKINDIA-EQ,69.75,69.9,68.85,69.15,1315830,FYERS_HISTORY,2026-08-08T23:03:00+05:30
2019-12-26,SMD-0032,BANKINDIA,NSE:BANKINDIA-EQ,69.4,71.8,68.6,70.95,2397295,FYERS_HISTORY,2026-08-08T23:03:00+05:30
2019-12-27,SMD-0032,BANKINDIA,NSE:BANKINDIA-EQ,71.45,72.75,71.1,71.8,2886692,FYERS_HISTORY,2026-08-08T23:03:01+05:30
2019-12-30,SMD-0032,BANKINDIA,NSE:BANKINDIA-EQ,71.75,71.75,69.5,69.75,2749884,FYERS_HISTORY,2026-08-08T23:03:01+05:30
2019-12-31,SMD-0032,BANKINDIA,NSE:BANKINDIA-EQ,69.6,71.4,69.5,70.4,2871913,FYERS_HISTORY,2026-08-08T23:03:01+05:30
2020-01-01,SMD-0032,BANKINDIA,NSE:BANKINDIA-EQ,70.1,71.1,69.6,70.45,1611534,FYERS_HISTORY,2026-08-08T23:03:01+05:30
2020-01-02,SMD-0032,BANKINDIA,NSE:BANKINDIA-EQ,70.1,71.75,69.6,71.25,2310241,FYERS_HISTORY,2026-08-08T23:03:01+05:30
2020-01-03,SMD-0032,BANKINDIA,NSE:BANKINDIA-EQ,70.8,71.1,70.0,70.7,1432268,FYERS_HISTORY,2026-08-08T23:03:01+05:30
2020-01-06,SMD-0032,BANKINDIA,NSE:BANKINDIA-EQ,70.0,70.1,67.65,68.6,2189295,FYERS_HISTORY,2026-08-08T23:03:01+05:30
2020-01-07,SMD-0032,BANKINDIA,NSE:BANKINDIA-EQ,69.05,69.9,67.85,68.55,1841065,FYERS_HISTORY,2026-08-08T23:03:01+05:30
2020-01-08,SMD-0032,BANKINDIA,NSE:BANKINDIA-EQ,67.6,68.5,66.8,67.85,1572645,FYERS_HISTORY,2026-08-08T23:03:01+05:30
2020-01-09,SMD-0032,BANKINDIA,NSE:BANKINDIA-EQ,68.9,69.45,68.4,68.75,1894825,FYERS_HISTORY,2026-08-08T23:03:01+05:30
2020-01-10,SMD-0032,BANKINDIA,NSE:BANKINDIA-EQ,69.0,69.75,68.15,68.85,1918919,FYERS_HISTORY,2026-08-08T23:03:01+05:30
2020-01-13,SMD-0032,BANKINDIA,NSE:BANKINDIA-EQ,68.7,69.45,68.2,68.85,1384949,FYERS_HISTORY,2026-08-08T23:03:01+05:30
2020-01-14,SMD-0032,BANKINDIA,NSE:BANKINDIA-EQ,68.8,69.2,68.3,68.85,1505771,FYERS_HISTORY,2026-08-08T23:03:01+05:30
2020-01-15,SMD-0032,BANKINDIA,NSE:BANKINDIA-EQ,68.6,69.5,68.3,69.15,1320376,FYERS_HISTORY,2026-08-08T23:03:01+05:30
2020-01-16,SMD-0032,BANKINDIA,NSE:BANKINDIA-EQ,69.0,69.6,68.7,69.1,1517048,FYERS_HISTORY,2026-08-08T23:03:01+05:30
2020-01-17,SMD-0032,BANKINDIA,NSE:BANKINDIA-EQ,68.9,69.6,68.3,68.85,1423339,FYERS_HISTORY,2026-08-08T23:03:01+05:30
2020-01-20,SMD-0032,BANKINDIA,NSE:BANKINDIA-EQ,69.1,69.45,66.75,67.05,2130478,FYERS_HISTORY,2026-08-08T23:03:01+05:30
2020-01-21,SMD-0032,BANKINDIA,NSE:BANKINDIA-EQ,66.8,67.75,66.7,67.35,1239835,FYERS_HISTORY,2026-08-08T23:03:01+05:30
2020-01-22,SMD-0032,BANKINDIA,NSE:BANKINDIA-EQ,67.6,67.8,66.7,67.45,1081492,FYERS_HISTORY,2026-08-08T23:03:01+05:30
2020-01-23,SMD-0032,BANKINDIA,NSE:BANKINDIA-EQ,67.25,68.2,67.05,67.55,1465295,FYERS_HISTORY,2026-08-08T23:03:01+05:30
2020-01-24,SMD-0032,BANKINDIA,NSE:BANKINDIA-EQ,67.65,68.35,67.25,67.7,1160432,FYERS_HISTORY,2026-08-08T23:03:01+05:30
2020-01-27,SMD-0032,BANKINDIA,NSE:BANKINDIA-EQ,67.0,67.45,66.8,66.95,1099606,FYERS_HISTORY,2026-08-08T23:03:01+05:30
2020-01-28,SMD-0032,BANKINDIA,NSE:BANKINDIA-EQ,67.0,67.3,65.9,66.3,1276379,FYERS_HISTORY,2026-08-08T23:03:01+05:30
2020-01-29,SMD-0032,BANKINDIA,NSE:BANKINDIA-EQ,66.9,67.2,66.2,66.45,846686,FYERS_HISTORY,2026-08-08T23:03:01+05:30
2020-01-30,SMD-0032,BANKINDIA,NSE:BANKINDIA-EQ,67.0,67.0,65.8,66.1,728343,FYERS_HISTORY,2026-08-08T23:03:01+05:30
2020-01-31,SMD-0032,BANKINDIA,NSE:BANKINDIA-EQ,66.55,68.95,65.15,67.8,6726700,FYERS_HISTORY,2026-08-08T23:03:01+05:30
2020-02-01,SMD-0032,BANKINDIA,NSE:BANKINDIA-EQ,68.85,68.85,64.5,65.25,1585214,FYERS_HISTORY,2026-08-08T23:03:01+05:30
2020-02-03,SMD-0032,BANKINDIA,NSE:BANKINDIA-EQ,64.5,65.7,64.15,65.1,1136112,FYERS_HISTORY,2026-08-08T23:03:01+05:30
2020-02-04,SMD-0032,BANKINDIA,NSE:BANKINDIA-EQ,65.1,66.1,64.8,65.55,1323547,FYERS_HISTORY,2026-08-08T23:03:01+05:30
2020-02-05,SMD-0032,BANKINDIA,NSE:BANKINDIA-EQ,65.5,66.3,64.6,65.05,949755,FYERS_HISTORY,2026-08-08T23:03:01+05:30
2020-02-06,SMD-0032,BANKINDIA,NSE:BANKINDIA-EQ,65.8,67.2,64.65,65.0,2449303,FYERS_HISTORY,2026-08-08T23:03:01+05:30
2020-02-07,SMD-0032,BANKINDIA,NSE:BANKINDIA-EQ,65.05,65.7,64.25,64.75,1269896,FYERS_HISTORY,2026-08-08T23:03:01+05:30
2020-02-10,SMD-0032,BANKINDIA,NSE:BANKINDIA-EQ,64.75,65.0,64.0,64.65,1012501,FYERS_HISTORY,2026-08-08T23:03:01+05:30
2020-02-11,SMD-0032,BANKINDIA,NSE:BANKINDIA-EQ,65.1,65.4,63.9,64.4,955718,FYERS_HISTORY,2026-08-08T23:03:01+05:30
2020-02-12,SMD-0032,BANKINDIA,NSE:BANKINDIA-EQ,64.8,64.9,63.1,63.45,861663,FYERS_HISTORY,2026-08-08T23:03:01+05:30
2020-02-13,SMD-0032,BANKINDIA,NSE:BANKINDIA-EQ,63.35,63.8,62.75,63.1,1047518,FYERS_HISTORY,2026-08-08T23:03:01+05:30
2020-02-14,SMD-0032,BANKINDIA,NSE:BANKINDIA-EQ,63.25,63.55,62.65,63.05,999669,FYERS_HISTORY,2026-08-08T23:03:01+05:30
2020-02-17,SMD-0032,BANKINDIA,NSE:BANKINDIA-EQ,63.05,63.3,60.8,61.15,1263934,FYERS_HISTORY,2026-08-08T23:03:01+05:30
2020-02-18,SMD-0032,BANKINDIA,NSE:BANKINDIA-EQ,60.6,60.8,58.45,60.3,1608057,FYERS_HISTORY,2026-08-08T23:03:01+05:30
2020-02-19,SMD-0032,BANKINDIA,NSE:BANKINDIA-EQ,60.6,61.8,59.7,60.35,1388779,FYERS_HISTORY,2026-08-08T23:03:01+05:30
2020-02-20,SMD-0032,BANKINDIA,NSE:BANKINDIA-EQ,60.3,60.95,59.55,59.95,1351308,FYERS_HISTORY,2026-08-08T23:03:01+05:30
2020-02-24,SMD-0032,BANKINDIA,NSE:BANKINDIA-EQ,59.0,59.7,58.5,58.8,1024784,FYERS_HISTORY,2026-08-08T23:03:01+05:30
2020-02-25,SMD-0032,BANKINDIA,NSE:BANKINDIA-EQ,59.0,59.3,58.0,58.35,1045929,FYERS_HISTORY,2026-08-08T23:03:01+05:30
2020-02-26,SMD-0032,BANKINDIA,NSE:BANKINDIA-EQ,57.9,58.05,56.55,56.9,1283896,FYERS_HISTORY,2026-08-08T23:03:01+05:30
2020-02-27,SMD-0032,BANKINDIA,NSE:BANKINDIA-EQ,56.85,56.85,54.5,55.3,1287501,FYERS_HISTORY,2026-08-08T23:03:01+05:30
2020-02-28,SMD-0032,BANKINDIA,NSE:BANKINDIA-EQ,53.55,53.75,50.3,51.05,1960487,FYERS_HISTORY,2026-08-08T23:03:01+05:30
2020-03-02,SMD-0032,BANKINDIA,NSE:BANKINDIA-EQ,51.25,54.2,49.3,50.05,1861547,FYERS_HISTORY,2026-08-08T23:03:01+05:30
2020-03-03,SMD-0032,BANKINDIA,NSE:BANKINDIA-EQ,50.8,51.0,49.0,49.35,1622792,FYERS_HISTORY,2026-08-08T23:03:01+05:30
2020-03-04,SMD-0032,BANKINDIA,NSE:BANKINDIA-EQ,49.6,50.3,47.7,48.2,2801651,FYERS_HISTORY,2026-08-08T23:03:01+05:30
2020-03-05,SMD-0032,BANKINDIA,NSE:BANKINDIA-EQ,48.2,49.35,47.7,48.25,3033072,FYERS_HISTORY,2026-08-08T23:03:01+05:30
2020-03-06,SMD-0032,BANKINDIA,NSE:BANKINDIA-EQ,45.05,46.4,44.5,45.5,2142612,FYERS_HISTORY,2026-08-08T23:03:01+05:30
2020-03-09,SMD-0032,BANKINDIA,NSE:BANKINDIA-EQ,42.6,43.6,40.0,40.45,3130422,FYERS_HISTORY,2026-08-08T23:03:01+05:30
2020-03-11,SMD-0032,BANKINDIA,NSE:BANKINDIA-EQ,40.5,41.2,38.5,38.9,3779481,FYERS_HISTORY,2026-08-08T23:03:01+05:30
2020-03-12,SMD-0032,BANKINDIA,NSE:BANKINDIA-EQ,35.0,35.9,33.5,33.75,3306910,FYERS_HISTORY,2026-08-08T23:03:01+05:30
2020-03-13,SMD-0032,BANKINDIA,NSE:BANKINDIA-EQ,31.0,37.1,30.4,36.8,3636454,FYERS_HISTORY,2026-08-08T23:03:01+05:30
2020-03-16,SMD-0032,BANKINDIA,NSE:BANKINDIA-EQ,36.3,36.55,34.05,35.5,2450397,FYERS_HISTORY,2026-08-08T23:03:01+05:30
2020-03-17,SMD-0032,BANKINDIA,NSE:BANKINDIA-EQ,35.5,37.1,35.0,35.85,2106997,FYERS_HISTORY,2026-08-08T23:03:01+05:30
2020-03-18,SMD-0032,BANKINDIA,NSE:BANKINDIA-EQ,36.1,37.4,34.0,35.95,1995977,FYERS_HISTORY,2026-08-08T23:03:01+05:30
2020-03-19,SMD-0032,BANKINDIA,NSE:BANKINDIA-EQ,34.5,36.85,33.65,35.45,1975725,FYERS_HISTORY,2026-08-08T23:03:01+05:30
2020-03-20,SMD-0032,BANKINDIA,NSE:BANKINDIA-EQ,36.0,36.7,35.0,35.45,2237714,FYERS_HISTORY,2026-08-08T23:03:01+05:30
2020-03-23,SMD-0032,BANKINDIA,NSE:BANKINDIA-EQ,32.3,34.4,31.95,31.95,1233031,FYERS_HISTORY,2026-08-08T23:03:01+05:30
2020-03-24,SMD-0032,BANKINDIA,NSE:BANKINDIA-EQ,32.9,33.3,31.0,31.75,1182402,FYERS_HISTORY,2026-08-08T23:03:01+05:30
2020-03-25,SMD-0032,BANKINDIA,NSE:BANKINDIA-EQ,31.95,32.7,30.9,31.75,1027126,FYERS_HISTORY,2026-08-08T23:03:01+05:30
2020-03-26,SMD-0032,BANKINDIA,NSE:BANKINDIA-EQ,31.85,34.75,31.75,33.15,1386758,FYERS_HISTORY,2026-08-08T23:03:01+05:30
2020-03-27,SMD-0032,BANKINDIA,NSE:BANKINDIA-EQ,34.0,35.65,33.0,33.25,1901680,FYERS_HISTORY,2026-08-08T23:03:01+05:30
2020-03-30,SMD-0032,BANKINDIA,NSE:BANKINDIA-EQ,33.25,33.45,32.1,32.35,859584,FYERS_HISTORY,2026-08-08T23:03:01+05:30
2020-03-31,SMD-0032,BANKINDIA,NSE:BANKINDIA-EQ,33.1,33.25,31.95,32.25,1066729,FYERS_HISTORY,2026-08-08T23:03:01+05:30
2020-04-01,SMD-0032,BANKINDIA,NSE:BANKINDIA-EQ,32.3,32.7,32.1,32.4,727916,FYERS_HISTORY,2026-08-08T23:03:01+05:30
2020-04-03,SMD-0032,BANKINDIA,NSE:BANKINDIA-EQ,32.45,32.9,31.7,32.55,713521,FYERS_HISTORY,2026-08-08T23:03:01+05:30
2020-04-07,SMD-0032,BANKINDIA,NSE:BANKINDIA-EQ,32.7,33.5,32.6,32.95,900678,FYERS_HISTORY,2026-08-08T23:03:01+05:30
2020-04-08,SMD-0032,BANKINDIA,NSE:BANKINDIA-EQ,32.7,34.75,32.5,33.35,1236627,FYERS_HISTORY,2026-08-08T23:03:01+05:30
2020-04-09,SMD-0032,BANKINDIA,NSE:BANKINDIA-EQ,34.2,35.25,33.4,34.35,2268719,FYERS_HISTORY,2026-08-08T23:03:01+05:30
2020-04-13,SMD-0032,BANKINDIA,NSE:BANKINDIA-EQ,34.3,34.7,33.65,34.0,1137243,FYERS_HISTORY,2026-08-08T23:03:01+05:30
2020-04-15,SMD-0032,BANKINDIA,NSE:BANKINDIA-EQ,34.05,34.7,33.7,34.3,1323418,FYERS_HISTORY,2026-08-08T23:03:01+05:30
2020-04-16,SMD-0032,BANKINDIA,NSE:BANKINDIA-EQ,34.3,34.55,33.8,34.4,853251,FYERS_HISTORY,2026-08-08T23:03:01+05:30
2020-04-17,SMD-0032,BANKINDIA,NSE:BANKINDIA-EQ,35.75,35.75,33.5,34.1,2336563,FYERS_HISTORY,2026-08-08T23:03:01+05:30
2020-04-20,SMD-0032,BANKINDIA,NSE:BANKINDIA-EQ,34.95,37.85,33.75,35.95,11350586,FYERS_HISTORY,2026-08-08T23:03:01+05:30
2020-04-21,SMD-0032,BANKINDIA,NSE:BANKINDIA-EQ,35.0,35.9,34.5,34.9,4390644,FYERS_HISTORY,2026-08-08T23:03:01+05:30
2020-04-22,SMD-0032,BANKINDIA,NSE:BANKINDIA-EQ,34.55,34.95,33.8,34.3,3724578,FYERS_HISTORY,2026-08-08T23:03:01+05:30
2020-04-23,SMD-0032,BANKINDIA,NSE:BANKINDIA-EQ,34.4,35.15,34.3,34.45,2659058,FYERS_HISTORY,2026-08-08T23:03:01+05:30
2020-04-24,SMD-0032,BANKINDIA,NSE:BANKINDIA-EQ,34.1,34.4,33.5,33.6,3680914,FYERS_HISTORY,2026-08-08T23:03:01+05:30
2020-04-27,SMD-0032,BANKINDIA,NSE:BANKINDIA-EQ,34.0,34.2,33.5,33.75,3617200,FYERS_HISTORY,2026-08-08T23:03:01+05:30
2020-04-28,SMD-0032,BANKINDIA,NSE:BANKINDIA-EQ,33.95,34.8,33.6,34.3,3606089,FYERS_HISTORY,2026-08-08T23:03:01+05:30
2020-04-29,SMD-0032,BANKINDIA,NSE:BANKINDIA-EQ,34.6,35.1,34.3,34.55,3079171,FYERS_HISTORY,2026-08-08T23:03:01+05:30
2020-04-30,SMD-0032,BANKINDIA,NSE:BANKINDIA-EQ,35.2,36.2,34.9,35.2,7918011,FYERS_HISTORY,2026-08-08T23:03:01+05:30
2020-05-04,SMD-0032,BANKINDIA,NSE:BANKINDIA-EQ,35.2,35.2,33.5,33.7,3622631,FYERS_HISTORY,2026-08-08T23:03:01+05:30
2020-05-05,SMD-0032,BANKINDIA,NSE:BANKINDIA-EQ,33.7,34.4,32.3,32.6,5854625,FYERS_HISTORY,2026-08-08T23:03:01+05:30
2020-05-06,SMD-0032,BANKINDIA,NSE:BANKINDIA-EQ,32.9,32.9,31.6,32.6,2972391,FYERS_HISTORY,2026-08-08T23:03:01+05:30
2020-05-07,SMD-0032,BANKINDIA,NSE:BANKINDIA-EQ,32.5,33.2,32.1,32.5,2307551,FYERS_HISTORY,2026-08-08T23:03:01+05:30
2020-05-08,SMD-0032,BANKINDIA,NSE:BANKINDIA-EQ,33.2,33.2,32.0,32.15,1513945,FYERS_HISTORY,2026-08-08T23:03:01+05:30
2020-05-11,SMD-0032,BANKINDIA,NSE:BANKINDIA-EQ,32.3,32.95,31.6,32.65,2991644,FYERS_HISTORY,2026-08-08T23:03:01+05:30
2020-05-12,SMD-0032,BANKINDIA,NSE:BANKINDIA-EQ,32.55,33.1,31.85,32.85,1975008,FYERS_HISTORY,2026-08-08T23:03:01+05:30
2020-05-13,SMD-0032,BANKINDIA,NSE:BANKINDIA-EQ,34.55,34.8,33.15,34.15,3917355,FYERS_HISTORY,2026-08-08T23:03:01+05:30
2020-05-14,SMD-0032,BANKINDIA,NSE:BANKINDIA-EQ,33.75,34.4,33.05,33.85,3945976,FYERS_HISTORY,2026-08-08T23:03:01+05:30
2020-05-15,SMD-0032,BANKINDIA,NSE:BANKINDIA-EQ,33.7,33.95,33.3,33.45,2139277,FYERS_HISTORY,2026-08-08T23:03:01+05:30
2020-05-18,SMD-0032,BANKINDIA,NSE:BANKINDIA-EQ,33.25,33.35,31.65,32.0,2849502,FYERS_HISTORY,2026-08-08T23:03:01+05:30
2020-05-19,SMD-0032,BANKINDIA,NSE:BANKINDIA-EQ,32.4,32.4,31.15,31.35,2671342,FYERS_HISTORY,2026-08-08T23:03:01+05:30
2020-05-20,SMD-0032,BANKINDIA,NSE:BANKINDIA-EQ,31.4,31.65,31.0,31.4,2046726,FYERS_HISTORY,2026-08-08T23:03:01+05:30
2020-05-21,SMD-0032,BANKINDIA,NSE:BANKINDIA-EQ,31.5,32.55,31.3,31.7,2711866,FYERS_HISTORY,2026-08-08T23:03:01+05:30
2020-05-22,SMD-0032,BANKINDIA,NSE:BANKINDIA-EQ,31.45,32.5,31.2,31.5,3541947,FYERS_HISTORY,2026-08-08T23:03:01+05:30
2020-05-26,SMD-0032,BANKINDIA,NSE:BANKINDIA-EQ,31.85,31.95,31.2,31.4,1004592,FYERS_HISTORY,2026-08-08T23:03:01+05:30
2020-05-27,SMD-0032,BANKINDIA,NSE:BANKINDIA-EQ,31.5,32.2,31.3,32.0,2044998,FYERS_HISTORY,2026-08-08T23:03:01+05:30
2020-05-28,SMD-0032,BANKINDIA,NSE:BANKINDIA-EQ,32.05,32.85,31.9,32.05,1662013,FYERS_HISTORY,2026-08-08T23:03:01+05:30
2020-05-29,SMD-0032,BANKINDIA,NSE:BANKINDIA-EQ,31.55,31.8,31.05,31.45,3082936,FYERS_HISTORY,2026-08-08T23:03:01+05:30
2020-06-01,SMD-0032,BANKINDIA,NSE:BANKINDIA-EQ,32.2,34.9,31.9,34.55,7335035,FYERS_HISTORY,2026-08-08T23:03:01+05:30
2020-06-02,SMD-0032,BANKINDIA,NSE:BANKINDIA-EQ,35.0,35.45,34.15,35.2,3623696,FYERS_HISTORY,2026-08-08T23:03:01+05:30
2020-06-03,SMD-0032,BANKINDIA,NSE:BANKINDIA-EQ,36.2,41.75,35.65,39.5,11133317,FYERS_HISTORY,2026-08-08T23:03:01+05:30
2020-06-04,SMD-0032,BANKINDIA,NSE:BANKINDIA-EQ,39.5,41.4,39.45,40.65,7278079,FYERS_HISTORY,2026-08-08T23:03:01+05:30
2020-06-05,SMD-0032,BANKINDIA,NSE:BANKINDIA-EQ,41.6,42.8,41.0,42.1,6044364,FYERS_HISTORY,2026-08-08T23:03:01+05:30
2020-06-08,SMD-0032,BANKINDIA,NSE:BANKINDIA-EQ,43.5,43.8,41.8,42.35,3643791,FYERS_HISTORY,2026-08-08T23:03:01+05:30
2020-06-09,SMD-0032,BANKINDIA,NSE:BANKINDIA-EQ,42.35,42.8,40.55,41.05,4657746,FYERS_HISTORY,2026-08-08T23:03:01+05:30
2020-06-10,SMD-0032,BANKINDIA,NSE:BANKINDIA-EQ,41.05,42.75,40.55,42.2,3190269,FYERS_HISTORY,2026-08-08T23:03:01+05:30
2020-06-11,SMD-0032,BANKINDIA,NSE:BANKINDIA-EQ,42.0,43.0,40.6,40.95,2810968,FYERS_HISTORY,2026-08-08T23:03:01+05:30
2020-06-12,SMD-0032,BANKINDIA,NSE:BANKINDIA-EQ,38.0,41.0,38.0,40.8,2445328,FYERS_HISTORY,2026-08-08T23:03:01+05:30
2020-06-15,SMD-0032,BANKINDIA,NSE:BANKINDIA-EQ,41.3,48.95,40.95,48.15,22181779,FYERS_HISTORY,2026-08-08T23:03:01+05:30
2020-06-16,SMD-0032,BANKINDIA,NSE:BANKINDIA-EQ,49.65,52.5,48.15,49.75,33492218,FYERS_HISTORY,2026-08-08T23:03:01+05:30
2020-06-17,SMD-0032,BANKINDIA,NSE:BANKINDIA-EQ,49.65,50.4,47.8,49.35,9659626,FYERS_HISTORY,2026-08-08T23:03:01+05:30
2020-06-18,SMD-0032,BANKINDIA,NSE:BANKINDIA-EQ,48.05,52.7,48.05,51.2,8532361,FYERS_HISTORY,2026-08-08T23:03:01+05:30
2020-06-19,SMD-0032,BANKINDIA,NSE:BANKINDIA-EQ,51.75,52.4,50.8,51.45,6665069,FYERS_HISTORY,2026-08-08T23:03:01+05:30
2020-06-22,SMD-0032,BANKINDIA,NSE:BANKINDIA-EQ,52.5,52.9,51.6,52.05,4681285,FYERS_HISTORY,2026-08-08T23:03:01+05:30
2020-06-23,SMD-0032,BANKINDIA,NSE:BANKINDIA-EQ,51.9,53.4,51.65,53.0,5359900,FYERS_HISTORY,2026-08-08T23:03:01+05:30
2020-06-24,SMD-0032,BANKINDIA,NSE:BANKINDIA-EQ,53.9,58.9,53.15,55.0,13010740,FYERS_HISTORY,2026-08-08T23:03:01+05:30
2020-06-25,SMD-0032,BANKINDIA,NSE:BANKINDIA-EQ,55.9,58.5,48.3,50.25,29600469,FYERS_HISTORY,2026-08-08T23:03:01+05:30
2020-06-26,SMD-0032,BANKINDIA,NSE:BANKINDIA-EQ,51.2,52.3,50.2,51.35,8346330,FYERS_HISTORY,2026-08-08T23:03:01+05:30
2020-06-29,SMD-0032,BANKINDIA,NSE:BANKINDIA-EQ,51.65,51.65,49.4,49.65,3934958,FYERS_HISTORY,2026-08-08T23:03:01+05:30
2020-06-30,SMD-0032,BANKINDIA,NSE:BANKINDIA-EQ,50.1,50.7,47.0,48.8,2590310,FYERS_HISTORY,2026-08-08T23:03:01+05:30
2020-07-01,SMD-0032,BANKINDIA,NSE:BANKINDIA-EQ,49.0,50.5,48.05,50.15,4126731,FYERS_HISTORY,2026-08-08T23:03:01+05:30
2020-07-02,SMD-0032,BANKINDIA,NSE:BANKINDIA-EQ,50.6,50.8,49.5,49.95,2402349,FYERS_HISTORY,2026-08-08T23:03:01+05:30
2020-07-03,SMD-0032,BANKINDIA,NSE:BANKINDIA-EQ,50.5,52.7,49.2,50.55,4885261,FYERS_HISTORY,2026-08-08T23:03:01+05:30
2020-07-06,SMD-0032,BANKINDIA,NSE:BANKINDIA-EQ,50.55,50.95,49.0,49.85,3417213,FYERS_HISTORY,2026-08-08T23:03:01+05:30
2020-07-07,SMD-0032,BANKINDIA,NSE:BANKINDIA-EQ,49.65,50.45,49.2,49.55,2720420,FYERS_HISTORY,2026-08-08T23:03:01+05:30
2020-07-08,SMD-0032,BANKINDIA,NSE:BANKINDIA-EQ,49.8,52.0,49.5,49.9,7808684,FYERS_HISTORY,2026-08-08T23:03:01+05:30
2020-07-09,SMD-0032,BANKINDIA,NSE:BANKINDIA-EQ,50.05,50.9,49.7,50.1,2847686,FYERS_HISTORY,2026-08-08T23:03:01+05:30
2020-07-10,SMD-0032,BANKINDIA,NSE:BANKINDIA-EQ,49.9,50.3,49.0,49.3,2784390,FYERS_HISTORY,2026-08-08T23:03:01+05:30
2020-07-13,SMD-0032,BANKINDIA,NSE:BANKINDIA-EQ,49.9,49.9,48.0,48.25,1888289,FYERS_HISTORY,2026-08-08T23:03:01+05:30
2020-07-14,SMD-0032,BANKINDIA,NSE:BANKINDIA-EQ,48.2,48.2,46.5,46.75,1421423,FYERS_HISTORY,2026-08-08T23:03:01+05:30
2020-07-15,SMD-0032,BANKINDIA,NSE:BANKINDIA-EQ,47.05,47.65,46.15,46.4,1759677,FYERS_HISTORY,2026-08-08T23:03:01+05:30
2020-07-16,SMD-0032,BANKINDIA,NSE:BANKINDIA-EQ,46.8,46.9,45.1,45.65,1876323,FYERS_HISTORY,2026-08-08T23:03:01+05:30
2020-07-17,SMD-0032,BANKINDIA,NSE:BANKINDIA-EQ,46.15,46.8,45.85,46.55,1973111,FYERS_HISTORY,2026-08-08T23:03:01+05:30
2020-07-20,SMD-0032,BANKINDIA,NSE:BANKINDIA-EQ,47.9,47.9,46.8,47.1,2126017,FYERS_HISTORY,2026-08-08T23:03:01+05:30
2020-07-21,SMD-0032,BANKINDIA,NSE:BANKINDIA-EQ,51.0,51.6,49.65,50.25,11253714,FYERS_HISTORY,2026-08-08T23:03:01+05:30
2020-07-22,SMD-0032,BANKINDIA,NSE:BANKINDIA-EQ,50.25,50.6,48.45,48.55,2540505,FYERS_HISTORY,2026-08-08T23:03:01+05:30
2020-07-23,SMD-0032,BANKINDIA,NSE:BANKINDIA-EQ,48.25,48.85,48.0,48.4,1985882,FYERS_HISTORY,2026-08-08T23:03:01+05:30
2020-07-24,SMD-0032,BANKINDIA,NSE:BANKINDIA-EQ,48.0,48.0,47.1,47.45,1927916,FYERS_HISTORY,2026-08-08T23:03:01+05:30
2020-07-27,SMD-0032,BANKINDIA,NSE:BANKINDIA-EQ,47.4,47.45,45.75,45.9,1406512,FYERS_HISTORY,2026-08-08T23:03:01+05:30
2020-07-28,SMD-0032,BANKINDIA,NSE:BANKINDIA-EQ,46.0,46.6,45.2,45.7,1985849,FYERS_HISTORY,2026-08-08T23:03:01+05:30
2020-07-29,SMD-0032,BANKINDIA,NSE:BANKINDIA-EQ,46.3,48.3,45.8,46.75,4871166,FYERS_HISTORY,2026-08-08T23:03:01+05:30
2020-07-30,SMD-0032,BANKINDIA,NSE:BANKINDIA-EQ,47.3,49.4,45.0,46.35,5029389,FYERS_HISTORY,2026-08-08T23:03:01+05:30
2020-07-31,SMD-0032,BANKINDIA,NSE:BANKINDIA-EQ,46.5,47.7,45.7,47.05,2236543,FYERS_HISTORY,2026-08-08T23:03:01+05:30
2020-08-03,SMD-0032,BANKINDIA,NSE:BANKINDIA-EQ,47.7,50.4,47.05,48.15,11207502,FYERS_HISTORY,2026-08-08T23:03:01+05:30
2020-08-04,SMD-0032,BANKINDIA,NSE:BANKINDIA-EQ,49.2,49.8,48.45,48.9,3645354,FYERS_HISTORY,2026-08-08T23:03:01+05:30
2020-08-05,SMD-0032,BANKINDIA,NSE:BANKINDIA-EQ,48.9,49.35,48.05,48.3,2126975,FYERS_HISTORY,2026-08-08T23:03:01+05:30
2020-08-06,SMD-0032,BANKINDIA,NSE:BANKINDIA-EQ,48.4,49.1,48.0,48.6,1810969,FYERS_HISTORY,2026-08-08T23:03:01+05:30
2020-08-07,SMD-0032,BANKINDIA,NSE:BANKINDIA-EQ,48.5,49.8,48.1,48.95,2735923,FYERS_HISTORY,2026-08-08T23:03:01+05:30
2020-08-10,SMD-0032,BANKINDIA,NSE:BANKINDIA-EQ,49.2,49.45,48.5,48.8,1194082,FYERS_HISTORY,2026-08-08T23:03:01+05:30
2020-08-11,SMD-0032,BANKINDIA,NSE:BANKINDIA-EQ,48.7,49.3,47.9,48.15,2031765,FYERS_HISTORY,2026-08-08T23:03:01+05:30
2020-08-12,SMD-0032,BANKINDIA,NSE:BANKINDIA-EQ,48.9,50.2,48.25,49.05,6040828,FYERS_HISTORY,2026-08-08T23:03:01+05:30
2020-08-13,SMD-0032,BANKINDIA,NSE:BANKINDIA-EQ,49.3,49.55,47.85,48.4,1820359,FYERS_HISTORY,2026-08-08T23:03:01+05:30
2020-08-14,SMD-0032,BANKINDIA,NSE:BANKINDIA-EQ,48.9,48.95,46.8,47.4,2380615,FYERS_HISTORY,2026-08-08T23:03:01+05:30
2020-08-17,SMD-0032,BANKINDIA,NSE:BANKINDIA-EQ,47.6,47.8,46.5,46.8,1328982,FYERS_HISTORY,2026-08-08T23:03:01+05:30
2020-08-18,SMD-0032,BANKINDIA,NSE:BANKINDIA-EQ,46.5,47.2,46.15,46.5,1774522,FYERS_HISTORY,2026-08-08T23:03:01+05:30
2020-08-19,SMD-0032,BANKINDIA,NSE:BANKINDIA-EQ,47.25,49.1,46.75,48.65,6523650,FYERS_HISTORY,2026-08-08T23:03:01+05:30
2020-08-20,SMD-0032,BANKINDIA,NSE:BANKINDIA-EQ,47.65,48.75,47.5,48.0,3236826,FYERS_HISTORY,2026-08-08T23:03:01+05:30
2020-08-21,SMD-0032,BANKINDIA,NSE:BANKINDIA-EQ,48.9,49.0,48.0,48.2,2415443,FYERS_HISTORY,2026-08-08T23:03:01+05:30
2020-08-24,SMD-0032,BANKINDIA,NSE:BANKINDIA-EQ,48.5,48.6,47.7,47.9,1262831,FYERS_HISTORY,2026-08-08T23:03:01+05:30
2020-08-25,SMD-0032,BANKINDIA,NSE:BANKINDIA-EQ,48.3,48.6,47.55,47.75,2631183,FYERS_HISTORY,2026-08-08T23:03:01+05:30
2020-08-26,SMD-0032,BANKINDIA,NSE:BANKINDIA-EQ,47.8,48.65,47.25,48.4,2622810,FYERS_HISTORY,2026-08-08T23:03:01+05:30
2020-08-27,SMD-0032,BANKINDIA,NSE:BANKINDIA-EQ,48.6,51.1,48.15,49.9,6899464,FYERS_HISTORY,2026-08-08T23:03:01+05:30
2020-08-28,SMD-0032,BANKINDIA,NSE:BANKINDIA-EQ,50.45,53.5,50.1,52.55,14248949,FYERS_HISTORY,2026-08-08T23:03:01+05:30
2020-08-31,SMD-0032,BANKINDIA,NSE:BANKINDIA-EQ,59.0,59.0,51.3,54.35,32556464,FYERS_HISTORY,2026-08-08T23:03:01+05:30
2020-09-01,SMD-0032,BANKINDIA,NSE:BANKINDIA-EQ,54.45,54.75,51.1,52.1,4928342,FYERS_HISTORY,2026-08-08T23:03:01+05:30
2020-09-02,SMD-0032,BANKINDIA,NSE:BANKINDIA-EQ,51.95,52.1,50.2,51.4,4234612,FYERS_HISTORY,2026-08-08T23:03:01+05:30
2020-09-03,SMD-0032,BANKINDIA,NSE:BANKINDIA-EQ,51.3,52.25,50.2,50.55,3059406,FYERS_HISTORY,2026-08-08T23:03:01+05:30
2020-09-04,SMD-0032,BANKINDIA,NSE:BANKINDIA-EQ,49.9,49.9,48.35,48.55,3450531,FYERS_HISTORY,2026-08-08T23:03:01+05:30
2020-09-07,SMD-0032,BANKINDIA,NSE:BANKINDIA-EQ,48.55,49.25,47.75,47.85,1554070,FYERS_HISTORY,2026-08-08T23:03:01+05:30
2020-09-08,SMD-0032,BANKINDIA,NSE:BANKINDIA-EQ,47.8,48.15,46.0,46.5,1515077,FYERS_HISTORY,2026-08-08T23:03:01+05:30
2020-09-09,SMD-0032,BANKINDIA,NSE:BANKINDIA-EQ,46.0,46.0,44.65,45.3,1854054,FYERS_HISTORY,2026-08-08T23:03:01+05:30
2020-09-10,SMD-0032,BANKINDIA,NSE:BANKINDIA-EQ,45.8,49.5,45.7,48.9,4562592,FYERS_HISTORY,2026-08-08T23:03:01+05:30
2020-09-11,SMD-0032,BANKINDIA,NSE:BANKINDIA-EQ,49.0,49.0,47.05,47.65,2588631,FYERS_HISTORY,2026-08-08T23:03:01+05:30
2020-09-14,SMD-0032,BANKINDIA,NSE:BANKINDIA-EQ,47.75,48.3,46.7,47.25,2549198,FYERS_HISTORY,2026-08-08T23:03:01+05:30
2020-09-15,SMD-0032,BANKINDIA,NSE:BANKINDIA-EQ,47.75,47.75,46.2,46.55,2216657,FYERS_HISTORY,2026-08-08T23:03:01+05:30
2020-09-16,SMD-0032,BANKINDIA,NSE:BANKINDIA-EQ,46.6,47.2,45.3,46.1,2784780,FYERS_HISTORY,2026-08-08T23:03:01+05:30
2020-09-17,SMD-0032,BANKINDIA,NSE:BANKINDIA-EQ,45.8,46.4,45.0,45.35,2888431,FYERS_HISTORY,2026-08-08T23:03:01+05:30
2020-09-18,SMD-0032,BANKINDIA,NSE:BANKINDIA-EQ,45.5,45.8,44.1,44.3,2759526,FYERS_HISTORY,2026-08-08T23:03:01+05:30
2020-09-21,SMD-0032,BANKINDIA,NSE:BANKINDIA-EQ,44.5,44.9,41.15,42.1,3407434,FYERS_HISTORY,2026-08-08T23:03:01+05:30
2020-09-22,SMD-0032,BANKINDIA,NSE:BANKINDIA-EQ,42.0,42.0,40.1,41.0,3418400,FYERS_HISTORY,2026-08-08T23:03:01+05:30
2020-09-23,SMD-0032,BANKINDIA,NSE:BANKINDIA-EQ,41.5,41.9,39.7,40.45,3600437,FYERS_HISTORY,2026-08-08T23:03:01+05:30
2020-09-24,SMD-0032,BANKINDIA,NSE:BANKINDIA-EQ,39.85,39.85,38.95,39.25,1524111,FYERS_HISTORY,2026-08-08T23:03:01+05:30
2020-09-25,SMD-0032,BANKINDIA,NSE:BANKINDIA-EQ,39.25,40.55,38.55,40.15,2391345,FYERS_HISTORY,2026-08-08T23:03:01+05:30
2020-09-28,SMD-0032,BANKINDIA,NSE:BANKINDIA-EQ,40.8,42.35,40.6,42.1,1877972,FYERS_HISTORY,2026-08-08T23:03:01+05:30
2020-09-29,SMD-0032,BANKINDIA,NSE:BANKINDIA-EQ,42.5,42.7,40.9,41.35,1155009,FYERS_HISTORY,2026-08-08T23:03:01+05:30
2020-09-30,SMD-0032,BANKINDIA,NSE:BANKINDIA-EQ,41.05,41.4,40.5,40.65,1096243,FYERS_HISTORY,2026-08-08T23:03:01+05:30
2020-10-01,SMD-0032,BANKINDIA,NSE:BANKINDIA-EQ,41.0,41.65,40.5,40.85,1421405,FYERS_HISTORY,2026-08-08T23:03:01+05:30
2020-10-05,SMD-0032,BANKINDIA,NSE:BANKINDIA-EQ,41.1,41.7,40.4,40.75,1335539,FYERS_HISTORY,2026-08-08T23:03:01+05:30
2020-10-06,SMD-0032,BANKINDIA,NSE:BANKINDIA-EQ,41.0,41.2,40.1,40.45,1025940,FYERS_HISTORY,2026-08-08T23:03:01+05:30
2020-10-07,SMD-0032,BANKINDIA,NSE:BANKINDIA-EQ,40.55,40.8,40.0,40.1,923084,FYERS_HISTORY,2026-08-08T23:03:01+05:30
2020-10-08,SMD-0032,BANKINDIA,NSE:BANKINDIA-EQ,40.55,41.75,40.3,40.5,1862604,FYERS_HISTORY,2026-08-08T23:03:01+05:30
2020-10-09,SMD-0032,BANKINDIA,NSE:BANKINDIA-EQ,40.9,42.05,40.25,41.55,2742453,FYERS_HISTORY,2026-08-08T23:03:01+05:30
2020-10-12,SMD-0032,BANKINDIA,NSE:BANKINDIA-EQ,41.7,42.55,40.6,41.05,1854830,FYERS_HISTORY,2026-08-08T23:03:01+05:30
2020-10-13,SMD-0032,BANKINDIA,NSE:BANKINDIA-EQ,40.9,41.15,40.2,40.4,1310734,FYERS_HISTORY,2026-08-08T23:03:01+05:30
2020-10-14,SMD-0032,BANKINDIA,NSE:BANKINDIA-EQ,40.0,40.8,39.6,40.3,2353471,FYERS_HISTORY,2026-08-08T23:03:01+05:30
2020-10-15,SMD-0032,BANKINDIA,NSE:BANKINDIA-EQ,40.75,41.0,39.4,39.55,1711614,FYERS_HISTORY,2026-08-08T23:03:01+05:30
2020-10-16,SMD-0032,BANKINDIA,NSE:BANKINDIA-EQ,39.5,40.25,39.2,39.4,2071928,FYERS_HISTORY,2026-08-08T23:03:01+05:30
2020-10-19,SMD-0032,BANKINDIA,NSE:BANKINDIA-EQ,39.7,41.1,39.5,40.6,2656016,FYERS_HISTORY,2026-08-08T23:03:01+05:30
2020-10-20,SMD-0032,BANKINDIA,NSE:BANKINDIA-EQ,40.65,40.65,39.75,40.05,1053710,FYERS_HISTORY,2026-08-08T23:03:01+05:30
2020-10-21,SMD-0032,BANKINDIA,NSE:BANKINDIA-EQ,40.4,41.0,39.8,40.2,1458271,FYERS_HISTORY,2026-08-08T23:03:01+05:30
2020-10-22,SMD-0032,BANKINDIA,NSE:BANKINDIA-EQ,40.15,40.4,39.7,40.0,1160906,FYERS_HISTORY,2026-08-08T23:03:01+05:30
2020-10-23,SMD-0032,BANKINDIA,NSE:BANKINDIA-EQ,40.25,40.5,39.95,40.2,940568,FYERS_HISTORY,2026-08-08T23:03:01+05:30
2020-10-26,SMD-0032,BANKINDIA,NSE:BANKINDIA-EQ,40.0,40.75,39.75,39.95,1526351,FYERS_HISTORY,2026-08-08T23:03:01+05:30
2020-10-27,SMD-0032,BANKINDIA,NSE:BANKINDIA-EQ,40.05,40.2,39.45,39.8,820525,FYERS_HISTORY,2026-08-08T23:03:01+05:30
2020-10-28,SMD-0032,BANKINDIA,NSE:BANKINDIA-EQ,39.6,39.9,39.35,39.55,618138,FYERS_HISTORY,2026-08-08T23:03:01+05:30
2020-10-29,SMD-0032,BANKINDIA,NSE:BANKINDIA-EQ,39.1,39.4,38.75,38.95,902115,FYERS_HISTORY,2026-08-08T23:03:01+05:30
2020-10-30,SMD-0032,BANKINDIA,NSE:BANKINDIA-EQ,39.1,39.5,38.2,38.6,1124981,FYERS_HISTORY,2026-08-08T23:03:01+05:30
2020-11-02,SMD-0032,BANKINDIA,NSE:BANKINDIA-EQ,38.9,39.65,38.3,39.05,2119763,FYERS_HISTORY,2026-08-08T23:03:01+05:30
2020-11-03,SMD-0032,BANKINDIA,NSE:BANKINDIA-EQ,39.9,40.2,39.2,39.4,1825746,FYERS_HISTORY,2026-08-08T23:03:01+05:30
2020-11-04,SMD-0032,BANKINDIA,NSE:BANKINDIA-EQ,39.5,39.6,38.75,39.35,1160021,FYERS_HISTORY,2026-08-08T23:03:01+05:30
2020-11-05,SMD-0032,BANKINDIA,NSE:BANKINDIA-EQ,39.55,40.4,39.55,39.85,1762068,FYERS_HISTORY,2026-08-08T23:03:01+05:30
2020-11-06,SMD-0032,BANKINDIA,NSE:BANKINDIA-EQ,40.45,41.9,40.3,41.1,7153117,FYERS_HISTORY,2026-08-08T23:03:01+05:30
2020-11-09,SMD-0032,BANKINDIA,NSE:BANKINDIA-EQ,42.0,42.2,40.8,41.0,2361035,FYERS_HISTORY,2026-08-08T23:03:01+05:30
2020-11-10,SMD-0032,BANKINDIA,NSE:BANKINDIA-EQ,41.1,41.8,40.9,41.25,3041406,FYERS_HISTORY,2026-08-08T23:03:01+05:30
2020-11-11,SMD-0032,BANKINDIA,NSE:BANKINDIA-EQ,41.3,41.9,40.8,41.0,2310206,FYERS_HISTORY,2026-08-08T23:03:01+05:30
2020-11-12,SMD-0032,BANKINDIA,NSE:BANKINDIA-EQ,41.0,41.15,40.4,40.55,1240317,FYERS_HISTORY,2026-08-08T23:03:01+05:30
2020-11-13,SMD-0032,BANKINDIA,NSE:BANKINDIA-EQ,40.5,40.65,39.9,40.45,1233360,FYERS_HISTORY,2026-08-08T23:03:01+05:30
2020-11-14,SMD-0032,BANKINDIA,NSE:BANKINDIA-EQ,40.85,41.05,40.65,40.9,361643,FYERS_HISTORY,2026-08-08T23:03:01+05:30
2020-11-17,SMD-0032,BANKINDIA,NSE:BANKINDIA-EQ,41.1,41.5,40.75,40.9,1776083,FYERS_HISTORY,2026-08-08T23:03:01+05:30
2020-11-18,SMD-0032,BANKINDIA,NSE:BANKINDIA-EQ,40.8,42.25,40.6,41.85,3850816,FYERS_HISTORY,2026-08-08T23:03:01+05:30
2020-11-19,SMD-0032,BANKINDIA,NSE:BANKINDIA-EQ,41.85,42.55,41.1,41.35,3552630,FYERS_HISTORY,2026-08-08T23:03:01+05:30
2020-11-20,SMD-0032,BANKINDIA,NSE:BANKINDIA-EQ,41.5,45.05,41.05,43.95,11649124,FYERS_HISTORY,2026-08-08T23:03:01+05:30
2020-11-23,SMD-0032,BANKINDIA,NSE:BANKINDIA-EQ,44.7,44.75,42.75,43.5,3034568,FYERS_HISTORY,2026-08-08T23:03:01+05:30
2020-11-24,SMD-0032,BANKINDIA,NSE:BANKINDIA-EQ,44.0,44.05,43.25,43.75,1639286,FYERS_HISTORY,2026-08-08T23:03:01+05:30
2020-11-25,SMD-0032,BANKINDIA,NSE:BANKINDIA-EQ,44.0,46.45,43.65,44.35,11320938,FYERS_HISTORY,2026-08-08T23:03:01+05:30
2020-11-26,SMD-0032,BANKINDIA,NSE:BANKINDIA-EQ,44.7,44.9,44.0,44.65,3487617,FYERS_HISTORY,2026-08-08T23:03:01+05:30
2020-11-27,SMD-0032,BANKINDIA,NSE:BANKINDIA-EQ,44.9,46.2,44.8,45.05,4827782,FYERS_HISTORY,2026-08-08T23:03:01+05:30
2020-12-01,SMD-0032,BANKINDIA,NSE:BANKINDIA-EQ,45.45,47.2,45.1,46.6,5725794,FYERS_HISTORY,2026-08-08T23:03:01+05:30
2020-12-02,SMD-0032,BANKINDIA,NSE:BANKINDIA-EQ,47.15,48.8,46.75,47.45,6978212,FYERS_HISTORY,2026-08-08T23:03:01+05:30
2020-12-03,SMD-0032,BANKINDIA,NSE:BANKINDIA-EQ,47.9,49.45,47.7,48.75,8918677,FYERS_HISTORY,2026-08-08T23:03:01+05:30
2020-12-04,SMD-0032,BANKINDIA,NSE:BANKINDIA-EQ,49.5,49.9,48.0,48.7,7358048,FYERS_HISTORY,2026-08-08T23:03:01+05:30
2020-12-07,SMD-0032,BANKINDIA,NSE:BANKINDIA-EQ,48.9,49.4,48.25,48.85,3793769,FYERS_HISTORY,2026-08-08T23:03:01+05:30
2020-12-08,SMD-0032,BANKINDIA,NSE:BANKINDIA-EQ,49.35,53.8,48.9,53.0,19303810,FYERS_HISTORY,2026-08-08T23:03:01+05:30
2020-12-09,SMD-0032,BANKINDIA,NSE:BANKINDIA-EQ,54.0,55.0,52.75,53.25,11616363,FYERS_HISTORY,2026-08-08T23:03:01+05:30
2020-12-10,SMD-0032,BANKINDIA,NSE:BANKINDIA-EQ,53.05,53.05,50.65,51.6,5215158,FYERS_HISTORY,2026-08-08T23:03:01+05:30
2020-12-11,SMD-0032,BANKINDIA,NSE:BANKINDIA-EQ,51.95,52.85,50.8,51.15,5790771,FYERS_HISTORY,2026-08-08T23:03:01+05:30
2020-12-14,SMD-0032,BANKINDIA,NSE:BANKINDIA-EQ,51.8,53.3,51.6,52.8,5390168,FYERS_HISTORY,2026-08-08T23:03:01+05:30
2020-12-15,SMD-0032,BANKINDIA,NSE:BANKINDIA-EQ,52.7,52.7,51.6,52.15,3586916,FYERS_HISTORY,2026-08-08T23:03:01+05:30
2020-12-16,SMD-0032,BANKINDIA,NSE:BANKINDIA-EQ,52.5,53.0,50.55,51.5,2842067,FYERS_HISTORY,2026-08-08T23:03:01+05:30
2020-12-17,SMD-0032,BANKINDIA,NSE:BANKINDIA-EQ,51.5,52.2,50.05,50.4,3262585,FYERS_HISTORY,2026-08-08T23:03:01+05:30
2020-12-18,SMD-0032,BANKINDIA,NSE:BANKINDIA-EQ,50.8,50.9,48.9,49.6,4122456,FYERS_HISTORY,2026-08-08T23:03:01+05:30
2020-12-21,SMD-0032,BANKINDIA,NSE:BANKINDIA-EQ,49.9,51.45,45.15,47.25,10206874,FYERS_HISTORY,2026-08-08T23:03:01+05:30
2020-12-22,SMD-0032,BANKINDIA,NSE:BANKINDIA-EQ,47.6,48.5,45.1,47.25,6077688,FYERS_HISTORY,2026-08-08T23:03:01+05:30
2020-12-23,SMD-0032,BANKINDIA,NSE:BANKINDIA-EQ,47.35,48.95,47.35,48.7,3018069,FYERS_HISTORY,2026-08-08T23:03:01+05:30
2020-12-24,SMD-0032,BANKINDIA,NSE:BANKINDIA-EQ,49.35,49.75,48.6,48.9,2688514,FYERS_HISTORY,2026-08-08T23:03:01+05:30
2020-12-28,SMD-0032,BANKINDIA,NSE:BANKINDIA-EQ,49.0,49.9,49.0,49.4,3613475,FYERS_HISTORY,2026-08-08T23:03:01+05:30
2020-12-29,SMD-0032,BANKINDIA,NSE:BANKINDIA-EQ,50.0,50.85,49.05,49.4,3514879,FYERS_HISTORY,2026-08-08T23:03:01+05:30
2020-12-30,SMD-0032,BANKINDIA,NSE:BANKINDIA-EQ,49.8,49.9,48.8,49.2,3155428,FYERS_HISTORY,2026-08-08T23:03:01+05:30
2020-12-31,SMD-0032,BANKINDIA,NSE:BANKINDIA-EQ,48.6,49.6,48.5,48.7,2335432,FYERS_HISTORY,2026-08-08T23:03:01+05:30
2021-01-01,SMD-0032,BANKINDIA,NSE:BANKINDIA-EQ,49.0,50.4,48.8,50.15,3975811,FYERS_HISTORY,2026-08-08T23:03:01+05:30
2021-01-04,SMD-0032,BANKINDIA,NSE:BANKINDIA-EQ,50.65,50.95,50.0,50.35,3442715,FYERS_HISTORY,2026-08-08T23:03:01+05:30
2021-01-05,SMD-0032,BANKINDIA,NSE:BANKINDIA-EQ,50.0,50.75,49.5,50.55,3742764,FYERS_HISTORY,2026-08-08T23:03:01+05:30
2021-01-06,SMD-0032,BANKINDIA,NSE:BANKINDIA-EQ,51.0,52.45,50.6,51.2,7617139,FYERS_HISTORY,2026-08-08T23:03:01+05:30
2021-01-07,SMD-0032,BANKINDIA,NSE:BANKINDIA-EQ,51.95,52.15,51.0,51.15,2850900,FYERS_HISTORY,2026-08-08T23:03:01+05:30
2021-01-08,SMD-0032,BANKINDIA,NSE:BANKINDIA-EQ,51.5,51.95,50.6,50.9,2473192,FYERS_HISTORY,2026-08-08T23:03:01+05:30
2021-01-11,SMD-0032,BANKINDIA,NSE:BANKINDIA-EQ,51.35,51.45,49.25,49.85,1668085,FYERS_HISTORY,2026-08-08T23:03:01+05:30
2021-01-12,SMD-0032,BANKINDIA,NSE:BANKINDIA-EQ,49.8,54.7,48.55,53.9,14786188,FYERS_HISTORY,2026-08-08T23:03:01+05:30
2021-01-13,SMD-0032,BANKINDIA,NSE:BANKINDIA-EQ,54.0,56.75,52.55,54.3,22583101,FYERS_HISTORY,2026-08-08T23:03:01+05:30
2021-01-14,SMD-0032,BANKINDIA,NSE:BANKINDIA-EQ,54.3,55.5,53.75,54.85,9496409,FYERS_HISTORY,2026-08-08T23:03:01+05:30
2021-01-15,SMD-0032,BANKINDIA,NSE:BANKINDIA-EQ,54.8,55.25,53.0,53.55,7511542,FYERS_HISTORY,2026-08-08T23:03:01+05:30
2021-01-18,SMD-0032,BANKINDIA,NSE:BANKINDIA-EQ,53.95,54.8,51.5,52.4,6013471,FYERS_HISTORY,2026-08-08T23:03:01+05:30
2021-01-19,SMD-0032,BANKINDIA,NSE:BANKINDIA-EQ,52.4,54.15,52.35,53.25,4132622,FYERS_HISTORY,2026-08-08T23:03:01+05:30
2021-01-20,SMD-0032,BANKINDIA,NSE:BANKINDIA-EQ,53.65,54.9,53.0,53.85,6396782,FYERS_HISTORY,2026-08-08T23:03:01+05:30
2021-01-21,SMD-0032,BANKINDIA,NSE:BANKINDIA-EQ,54.6,54.65,52.45,52.85,5208979,FYERS_HISTORY,2026-08-08T23:03:01+05:30
2021-01-22,SMD-0032,BANKINDIA,NSE:BANKINDIA-EQ,53.0,53.2,50.7,51.0,3205981,FYERS_HISTORY,2026-08-08T23:03:01+05:30
2021-01-25,SMD-0032,BANKINDIA,NSE:BANKINDIA-EQ,51.5,51.75,49.55,50.4,3353735,FYERS_HISTORY,2026-08-08T23:03:01+05:30
2021-01-27,SMD-0032,BANKINDIA,NSE:BANKINDIA-EQ,50.0,50.7,48.65,49.05,3430898,FYERS_HISTORY,2026-08-08T23:03:01+05:30
2021-01-28,SMD-0032,BANKINDIA,NSE:BANKINDIA-EQ,48.1,49.25,47.9,48.55,3092605,FYERS_HISTORY,2026-08-08T23:03:01+05:30
2021-01-29,SMD-0032,BANKINDIA,NSE:BANKINDIA-EQ,49.0,51.05,48.8,49.8,4690747,FYERS_HISTORY,2026-08-08T23:03:01+05:30
2021-02-01,SMD-0032,BANKINDIA,NSE:BANKINDIA-EQ,49.85,55.4,49.6,53.45,10537553,FYERS_HISTORY,2026-08-08T23:03:01+05:30
2021-02-02,SMD-0032,BANKINDIA,NSE:BANKINDIA-EQ,54.0,55.15,51.6,53.4,11979786,FYERS_HISTORY,2026-08-08T23:03:01+05:30
2021-02-03,SMD-0032,BANKINDIA,NSE:BANKINDIA-EQ,53.9,54.9,52.5,54.0,8584468,FYERS_HISTORY,2026-08-08T23:03:01+05:30
2021-02-04,SMD-0032,BANKINDIA,NSE:BANKINDIA-EQ,53.9,57.95,53.15,57.4,24069542,FYERS_HISTORY,2026-08-08T23:03:01+05:30
2021-02-05,SMD-0032,BANKINDIA,NSE:BANKINDIA-EQ,58.5,63.45,58.5,59.55,31909754,FYERS_HISTORY,2026-08-08T23:03:01+05:30
2021-02-08,SMD-0032,BANKINDIA,NSE:BANKINDIA-EQ,60.35,62.45,58.15,59.05,8201504,FYERS_HISTORY,2026-08-08T23:03:01+05:30
2021-02-09,SMD-0032,BANKINDIA,NSE:BANKINDIA-EQ,59.15,62.0,57.35,59.25,11395962,FYERS_HISTORY,2026-08-08T23:03:01+05:30
2021-02-10,SMD-0032,BANKINDIA,NSE:BANKINDIA-EQ,59.8,61.85,58.6,60.8,13888342,FYERS_HISTORY,2026-08-08T23:03:01+05:30
2021-02-11,SMD-0032,BANKINDIA,NSE:BANKINDIA-EQ,61.0,62.05,59.15,59.8,5963601,FYERS_HISTORY,2026-08-08T23:03:01+05:30
2021-02-12,SMD-0032,BANKINDIA,NSE:BANKINDIA-EQ,59.25,60.55,58.6,58.85,4074956,FYERS_HISTORY,2026-08-08T23:03:01+05:30
2021-02-15,SMD-0032,BANKINDIA,NSE:BANKINDIA-EQ,59.2,60.15,58.55,58.85,3945828,FYERS_HISTORY,2026-08-08T23:03:01+05:30
2021-02-16,SMD-0032,BANKINDIA,NSE:BANKINDIA-EQ,63.5,70.6,62.3,70.6,57354880,FYERS_HISTORY,2026-08-08T23:03:01+05:30
2021-02-17,SMD-0032,BANKINDIA,NSE:BANKINDIA-EQ,71.7,84.7,71.0,84.7,105678632,FYERS_HISTORY,2026-08-08T23:03:01+05:30
2021-02-18,SMD-0032,BANKINDIA,NSE:BANKINDIA-EQ,88.85,93.15,87.5,93.15,45153208,FYERS_HISTORY,2026-08-08T23:03:01+05:30
2021-02-19,SMD-0032,BANKINDIA,NSE:BANKINDIA-EQ,95.9,101.4,83.85,84.3,65963704,FYERS_HISTORY,2026-08-08T23:03:01+05:30
2021-02-22,SMD-0032,BANKINDIA,NSE:BANKINDIA-EQ,82.5,88.75,77.6,87.2,37712527,FYERS_HISTORY,2026-08-08T23:03:01+05:30
2021-02-23,SMD-0032,BANKINDIA,NSE:BANKINDIA-EQ,86.7,88.3,82.65,83.55,14036172,FYERS_HISTORY,2026-08-08T23:03:01+05:30
2021-02-24,SMD-0032,BANKINDIA,NSE:BANKINDIA-EQ,84.6,90.25,84.2,87.15,15407692,FYERS_HISTORY,2026-08-08T23:03:01+05:30
2021-02-25,SMD-0032,BANKINDIA,NSE:BANKINDIA-EQ,88.7,89.7,86.05,86.5,9856511,FYERS_HISTORY,2026-08-08T23:03:01+05:30
2021-02-26,SMD-0032,BANKINDIA,NSE:BANKINDIA-EQ,84.0,84.9,82.1,82.45,6626295,FYERS_HISTORY,2026-08-08T23:03:01+05:30
2021-03-01,SMD-0032,BANKINDIA,NSE:BANKINDIA-EQ,83.3,84.2,80.6,80.9,4473304,FYERS_HISTORY,2026-08-08T23:03:01+05:30
2021-03-02,SMD-0032,BANKINDIA,NSE:BANKINDIA-EQ,81.4,82.6,80.1,80.4,4179426,FYERS_HISTORY,2026-08-08T23:03:01+05:30
2021-03-03,SMD-0032,BANKINDIA,NSE:BANKINDIA-EQ,81.1,84.85,80.3,80.65,7910798,FYERS_HISTORY,2026-08-08T23:03:01+05:30
2021-03-04,SMD-0032,BANKINDIA,NSE:BANKINDIA-EQ,80.05,81.85,79.5,79.7,4502499,FYERS_HISTORY,2026-08-08T23:03:01+05:30
2021-03-05,SMD-0032,BANKINDIA,NSE:BANKINDIA-EQ,80.0,80.5,76.5,76.9,4836960,FYERS_HISTORY,2026-08-08T23:03:01+05:30
2021-03-08,SMD-0032,BANKINDIA,NSE:BANKINDIA-EQ,81.8,84.55,79.7,81.55,14980157,FYERS_HISTORY,2026-08-08T23:03:01+05:30
2021-03-09,SMD-0032,BANKINDIA,NSE:BANKINDIA-EQ,82.2,82.8,77.25,77.9,6577597,FYERS_HISTORY,2026-08-08T23:03:01+05:30
2021-03-10,SMD-0032,BANKINDIA,NSE:BANKINDIA-EQ,78.7,79.1,76.55,76.95,3786508,FYERS_HISTORY,2026-08-08T23:03:01+05:30
2021-03-12,SMD-0032,BANKINDIA,NSE:BANKINDIA-EQ,77.85,78.5,75.2,75.85,3944641,FYERS_HISTORY,2026-08-08T23:03:01+05:30
2021-03-15,SMD-0032,BANKINDIA,NSE:BANKINDIA-EQ,76.4,76.55,72.65,73.6,4152352,FYERS_HISTORY,2026-08-08T23:03:01+05:30
2021-03-16,SMD-0032,BANKINDIA,NSE:BANKINDIA-EQ,74.2,74.2,71.6,71.95,3631166,FYERS_HISTORY,2026-08-08T23:03:01+05:30
2021-03-17,SMD-0032,BANKINDIA,NSE:BANKINDIA-EQ,72.35,72.6,68.15,68.6,3843901,FYERS_HISTORY,2026-08-08T23:03:01+05:30
2021-03-18,SMD-0032,BANKINDIA,NSE:BANKINDIA-EQ,69.6,70.1,64.65,65.3,5656035,FYERS_HISTORY,2026-08-08T23:03:01+05:30
2021-03-19,SMD-0032,BANKINDIA,NSE:BANKINDIA-EQ,64.25,67.0,62.5,66.7,6748587,FYERS_HISTORY,2026-08-08T23:03:01+05:30
2021-03-22,SMD-0032,BANKINDIA,NSE:BANKINDIA-EQ,67.0,69.25,66.35,68.4,4182860,FYERS_HISTORY,2026-08-08T23:03:01+05:30
2021-03-23,SMD-0032,BANKINDIA,NSE:BANKINDIA-EQ,69.35,75.2,69.05,75.2,12223535,FYERS_HISTORY,2026-08-08T23:03:01+05:30
2021-03-24,SMD-0032,BANKINDIA,NSE:BANKINDIA-EQ,78.0,80.9,70.7,72.1,19427869,FYERS_HISTORY,2026-08-08T23:03:01+05:30
2021-03-25,SMD-0032,BANKINDIA,NSE:BANKINDIA-EQ,72.4,72.65,67.75,69.25,7119787,FYERS_HISTORY,2026-08-08T23:03:01+05:30
2021-03-26,SMD-0032,BANKINDIA,NSE:BANKINDIA-EQ,70.5,71.9,69.3,69.7,4904308,FYERS_HISTORY,2026-08-08T23:03:01+05:30
2021-03-30,SMD-0032,BANKINDIA,NSE:BANKINDIA-EQ,70.05,70.3,69.1,69.75,3178425,FYERS_HISTORY,2026-08-08T23:03:01+05:30
2021-03-31,SMD-0032,BANKINDIA,NSE:BANKINDIA-EQ,70.4,70.6,67.35,67.85,4906544,FYERS_HISTORY,2026-08-08T23:03:01+05:30
2021-04-01,SMD-0032,BANKINDIA,NSE:BANKINDIA-EQ,69.45,72.3,68.9,69.9,10593022,FYERS_HISTORY,2026-08-08T23:03:01+05:30
2021-04-05,SMD-0032,BANKINDIA,NSE:BANKINDIA-EQ,69.7,69.7,66.55,67.25,4030619,FYERS_HISTORY,2026-08-08T23:03:01+05:30
2021-04-06,SMD-0032,BANKINDIA,NSE:BANKINDIA-EQ,67.2,67.8,65.5,66.6,3229177,FYERS_HISTORY,2026-08-08T23:03:01+05:30
2021-04-07,SMD-0032,BANKINDIA,NSE:BANKINDIA-EQ,66.6,69.85,66.55,68.7,6008751,FYERS_HISTORY,2026-08-08T23:03:01+05:30
2021-04-08,SMD-0032,BANKINDIA,NSE:BANKINDIA-EQ,69.45,69.5,68.0,68.2,2677241,FYERS_HISTORY,2026-08-08T23:03:01+05:30
2021-04-09,SMD-0032,BANKINDIA,NSE:BANKINDIA-EQ,68.3,75.5,67.6,74.5,26856958,FYERS_HISTORY,2026-08-08T23:03:01+05:30
2021-04-12,SMD-0032,BANKINDIA,NSE:BANKINDIA-EQ,71.1,71.85,63.65,66.65,14200290,FYERS_HISTORY,2026-08-08T23:03:01+05:30
2021-04-13,SMD-0032,BANKINDIA,NSE:BANKINDIA-EQ,67.6,73.45,66.15,71.5,17595747,FYERS_HISTORY,2026-08-08T23:03:01+05:30
2021-04-15,SMD-0032,BANKINDIA,NSE:BANKINDIA-EQ,70.0,70.0,67.7,69.15,8185033,FYERS_HISTORY,2026-08-08T23:03:01+05:30
2021-04-16,SMD-0032,BANKINDIA,NSE:BANKINDIA-EQ,69.5,72.25,69.15,69.65,7972743,FYERS_HISTORY,2026-08-08T23:03:01+05:30
2021-04-19,SMD-0032,BANKINDIA,NSE:BANKINDIA-EQ,66.05,66.9,63.85,64.6,7952903,FYERS_HISTORY,2026-08-08T23:03:01+05:30
2021-04-20,SMD-0032,BANKINDIA,NSE:BANKINDIA-EQ,65.8,66.5,64.0,64.6,5247880,FYERS_HISTORY,2026-08-08T23:03:01+05:30
2021-04-22,SMD-0032,BANKINDIA,NSE:BANKINDIA-EQ,64.0,64.9,62.6,64.15,4740342,FYERS_HISTORY,2026-08-08T23:03:01+05:30
2021-04-23,SMD-0032,BANKINDIA,NSE:BANKINDIA-EQ,64.5,66.5,63.8,65.15,6556715,FYERS_HISTORY,2026-08-08T23:03:01+05:30
2021-04-26,SMD-0032,BANKINDIA,NSE:BANKINDIA-EQ,65.85,66.5,64.9,65.25,3484853,FYERS_HISTORY,2026-08-08T23:03:01+05:30
2021-04-27,SMD-0032,BANKINDIA,NSE:BANKINDIA-EQ,65.35,66.4,65.3,66.0,3011145,FYERS_HISTORY,2026-08-08T23:03:01+05:30
2021-04-28,SMD-0032,BANKINDIA,NSE:BANKINDIA-EQ,66.8,68.5,66.5,68.15,5277940,FYERS_HISTORY,2026-08-08T23:03:01+05:30
2021-04-29,SMD-0032,BANKINDIA,NSE:BANKINDIA-EQ,68.6,69.2,66.65,67.5,5084967,FYERS_HISTORY,2026-08-08T23:03:01+05:30
2021-04-30,SMD-0032,BANKINDIA,NSE:BANKINDIA-EQ,67.0,67.8,65.0,66.35,4098425,FYERS_HISTORY,2026-08-08T23:03:01+05:30
2021-05-03,SMD-0032,BANKINDIA,NSE:BANKINDIA-EQ,65.0,66.35,64.6,65.55,3219945,FYERS_HISTORY,2026-08-08T23:03:01+05:30
2021-05-04,SMD-0032,BANKINDIA,NSE:BANKINDIA-EQ,66.2,71.65,66.1,68.55,17402333,FYERS_HISTORY,2026-08-08T23:03:01+05:30
2021-05-05,SMD-0032,BANKINDIA,NSE:BANKINDIA-EQ,69.6,70.8,68.85,69.2,6705529,FYERS_HISTORY,2026-08-08T23:03:01+05:30
2021-05-06,SMD-0032,BANKINDIA,NSE:BANKINDIA-EQ,69.9,70.5,67.85,68.3,6158532,FYERS_HISTORY,2026-08-08T23:03:01+05:30
2021-05-07,SMD-0032,BANKINDIA,NSE:BANKINDIA-EQ,68.8,69.4,67.2,67.65,3171817,FYERS_HISTORY,2026-08-08T23:03:01+05:30
2021-05-10,SMD-0032,BANKINDIA,NSE:BANKINDIA-EQ,68.5,70.05,67.6,68.0,6378808,FYERS_HISTORY,2026-08-08T23:03:01+05:30
2021-05-11,SMD-0032,BANKINDIA,NSE:BANKINDIA-EQ,67.6,69.85,66.5,69.4,9099978,FYERS_HISTORY,2026-08-08T23:03:01+05:30
2021-05-12,SMD-0032,BANKINDIA,NSE:BANKINDIA-EQ,69.4,74.6,69.3,72.75,21376954,FYERS_HISTORY,2026-08-08T23:03:01+05:30
2021-05-14,SMD-0032,BANKINDIA,NSE:BANKINDIA-EQ,74.0,77.65,73.55,74.25,25880789,FYERS_HISTORY,2026-08-08T23:03:01+05:30
2021-05-17,SMD-0032,BANKINDIA,NSE:BANKINDIA-EQ,74.85,76.4,74.5,75.5,9055814,FYERS_HISTORY,2026-08-08T23:03:01+05:30
2021-05-18,SMD-0032,BANKINDIA,NSE:BANKINDIA-EQ,76.15,76.9,73.85,74.65,6185711,FYERS_HISTORY,2026-08-08T23:03:01+05:30
2021-05-19,SMD-0032,BANKINDIA,NSE:BANKINDIA-EQ,74.5,82.75,73.75,77.5,39436913,FYERS_HISTORY,2026-08-08T23:03:01+05:30
2021-05-20,SMD-0032,BANKINDIA,NSE:BANKINDIA-EQ,78.35,78.5,75.5,77.45,8545884,FYERS_HISTORY,2026-08-08T23:03:01+05:30
2021-05-21,SMD-0032,BANKINDIA,NSE:BANKINDIA-EQ,78.1,80.0,77.1,78.4,12668355,FYERS_HISTORY,2026-08-08T23:03:01+05:30
2021-05-24,SMD-0032,BANKINDIA,NSE:BANKINDIA-EQ,79.2,79.8,78.3,78.85,8330642,FYERS_HISTORY,2026-08-08T23:03:01+05:30
2021-05-25,SMD-0032,BANKINDIA,NSE:BANKINDIA-EQ,79.4,79.8,76.5,77.0,5709900,FYERS_HISTORY,2026-08-08T23:03:01+05:30
2021-05-26,SMD-0032,BANKINDIA,NSE:BANKINDIA-EQ,77.1,77.75,76.1,76.9,4089734,FYERS_HISTORY,2026-08-08T23:03:01+05:30
2021-05-27,SMD-0032,BANKINDIA,NSE:BANKINDIA-EQ,77.0,78.2,76.15,77.0,4795650,FYERS_HISTORY,2026-08-08T23:03:01+05:30
2021-05-28,SMD-0032,BANKINDIA,NSE:BANKINDIA-EQ,78.0,79.45,76.95,77.55,9115066,FYERS_HISTORY,2026-08-08T23:03:01+05:30
2021-05-31,SMD-0032,BANKINDIA,NSE:BANKINDIA-EQ,77.9,78.1,76.35,77.2,4394510,FYERS_HISTORY,2026-08-08T23:03:01+05:30
2021-06-01,SMD-0032,BANKINDIA,NSE:BANKINDIA-EQ,77.7,77.75,76.05,76.2,2994219,FYERS_HISTORY,2026-08-08T23:03:01+05:30
2021-06-02,SMD-0032,BANKINDIA,NSE:BANKINDIA-EQ,76.2,79.35,76.1,78.35,8624520,FYERS_HISTORY,2026-08-08T23:03:01+05:30
2021-06-03,SMD-0032,BANKINDIA,NSE:BANKINDIA-EQ,79.25,81.2,78.95,80.2,17351338,FYERS_HISTORY,2026-08-08T23:03:01+05:30
2021-06-04,SMD-0032,BANKINDIA,NSE:BANKINDIA-EQ,80.85,84.8,80.55,82.4,44924053,FYERS_HISTORY,2026-08-08T23:03:01+05:30
2021-06-07,SMD-0032,BANKINDIA,NSE:BANKINDIA-EQ,82.4,87.0,81.1,84.6,19082021,FYERS_HISTORY,2026-08-08T23:03:01+05:30
2021-06-08,SMD-0032,BANKINDIA,NSE:BANKINDIA-EQ,84.9,84.9,81.4,82.1,10293202,FYERS_HISTORY,2026-08-08T23:03:01+05:30
2021-06-09,SMD-0032,BANKINDIA,NSE:BANKINDIA-EQ,82.6,83.45,79.5,80.25,8019375,FYERS_HISTORY,2026-08-08T23:03:01+05:30
2021-06-10,SMD-0032,BANKINDIA,NSE:BANKINDIA-EQ,80.8,81.9,80.4,80.75,5122960,FYERS_HISTORY,2026-08-08T23:03:01+05:30
2021-06-11,SMD-0032,BANKINDIA,NSE:BANKINDIA-EQ,80.75,81.65,80.1,80.4,3704868,FYERS_HISTORY,2026-08-08T23:03:01+05:30
2021-06-14,SMD-0032,BANKINDIA,NSE:BANKINDIA-EQ,80.6,80.95,78.1,79.2,6897282,FYERS_HISTORY,2026-08-08T23:03:01+05:30
2021-06-15,SMD-0032,BANKINDIA,NSE:BANKINDIA-EQ,79.95,80.8,79.15,79.6,3841393,FYERS_HISTORY,2026-08-08T23:03:01+05:30
2021-06-16,SMD-0032,BANKINDIA,NSE:BANKINDIA-EQ,79.7,80.45,78.25,78.45,3793556,FYERS_HISTORY,2026-08-08T23:03:01+05:30
2021-06-17,SMD-0032,BANKINDIA,NSE:BANKINDIA-EQ,78.0,78.9,76.8,77.1,3570633,FYERS_HISTORY,2026-08-08T23:03:01+05:30
2021-06-18,SMD-0032,BANKINDIA,NSE:BANKINDIA-EQ,77.7,77.85,73.8,75.25,4973255,FYERS_HISTORY,2026-08-08T23:03:01+05:30
2021-06-21,SMD-0032,BANKINDIA,NSE:BANKINDIA-EQ,74.5,82.0,73.1,79.05,14843808,FYERS_HISTORY,2026-08-08T23:03:01+05:30
2021-06-22,SMD-0032,BANKINDIA,NSE:BANKINDIA-EQ,80.0,81.5,78.2,78.75,6004846,FYERS_HISTORY,2026-08-08T23:03:01+05:30
2021-06-23,SMD-0032,BANKINDIA,NSE:BANKINDIA-EQ,79.45,79.45,78.1,78.3,3209585,FYERS_HISTORY,2026-08-08T23:03:01+05:30
2021-06-24,SMD-0032,BANKINDIA,NSE:BANKINDIA-EQ,78.8,78.8,76.5,77.0,2876335,FYERS_HISTORY,2026-08-08T23:03:01+05:30
2021-06-25,SMD-0032,BANKINDIA,NSE:BANKINDIA-EQ,77.4,79.25,77.0,77.65,3450125,FYERS_HISTORY,2026-08-08T23:03:01+05:30
2021-06-28,SMD-0032,BANKINDIA,NSE:BANKINDIA-EQ,78.2,81.3,78.0,80.5,9694122,FYERS_HISTORY,2026-08-08T23:03:01+05:30
2021-06-29,SMD-0032,BANKINDIA,NSE:BANKINDIA-EQ,80.7,80.7,78.1,78.65,3942390,FYERS_HISTORY,2026-08-08T23:03:01+05:30
2021-06-30,SMD-0032,BANKINDIA,NSE:BANKINDIA-EQ,78.8,80.75,77.6,77.9,5285263,FYERS_HISTORY,2026-08-08T23:03:01+05:30
2021-07-01,SMD-0032,BANKINDIA,NSE:BANKINDIA-EQ,78.4,78.75,77.4,77.65,2461643,FYERS_HISTORY,2026-08-08T23:03:01+05:30
2021-07-02,SMD-0032,BANKINDIA,NSE:BANKINDIA-EQ,78.05,78.5,76.8,77.05,2410006,FYERS_HISTORY,2026-08-08T23:03:01+05:30
2021-07-05,SMD-0032,BANKINDIA,NSE:BANKINDIA-EQ,77.85,77.85,76.85,76.95,2451575,FYERS_HISTORY,2026-08-08T23:03:01+05:30
2021-07-06,SMD-0032,BANKINDIA,NSE:BANKINDIA-EQ,77.25,77.85,76.35,76.5,2776089,FYERS_HISTORY,2026-08-08T23:03:01+05:30
2021-07-07,SMD-0032,BANKINDIA,NSE:BANKINDIA-EQ,76.6,76.95,75.85,76.15,1996736,FYERS_HISTORY,2026-08-08T23:03:01+05:30
2021-07-08,SMD-0032,BANKINDIA,NSE:BANKINDIA-EQ,76.55,76.85,75.3,75.6,1887000,FYERS_HISTORY,2026-08-08T23:03:01+05:30
2021-07-09,SMD-0032,BANKINDIA,NSE:BANKINDIA-EQ,75.6,76.05,74.85,75.35,1905578,FYERS_HISTORY,2026-08-08T23:03:01+05:30
2021-07-12,SMD-0032,BANKINDIA,NSE:BANKINDIA-EQ,75.9,76.4,75.35,75.55,1572192,FYERS_HISTORY,2026-08-08T23:03:01+05:30
2021-07-13,SMD-0032,BANKINDIA,NSE:BANKINDIA-EQ,75.65,77.2,75.65,76.3,2484174,FYERS_HISTORY,2026-08-08T23:03:01+05:30
2021-07-14,SMD-0032,BANKINDIA,NSE:BANKINDIA-EQ,76.3,76.3,75.35,75.85,2230365,FYERS_HISTORY,2026-08-08T23:03:01+05:30
2021-07-15,SMD-0032,BANKINDIA,NSE:BANKINDIA-EQ,76.1,76.3,75.25,75.45,1460483,FYERS_HISTORY,2026-08-08T23:03:01+05:30
2021-07-16,SMD-0032,BANKINDIA,NSE:BANKINDIA-EQ,75.6,75.8,75.05,75.2,1243604,FYERS_HISTORY,2026-08-08T23:03:01+05:30
2021-07-19,SMD-0032,BANKINDIA,NSE:BANKINDIA-EQ,74.95,74.95,73.5,73.9,1960982,FYERS_HISTORY,2026-08-08T23:03:01+05:30
2021-07-20,SMD-0032,BANKINDIA,NSE:BANKINDIA-EQ,73.9,73.9,71.1,71.5,2777371,FYERS_HISTORY,2026-08-08T23:03:01+05:30
2021-07-22,SMD-0032,BANKINDIA,NSE:BANKINDIA-EQ,72.3,73.0,71.85,72.2,1538232,FYERS_HISTORY,2026-08-08T23:03:01+05:30
2021-07-23,SMD-0032,BANKINDIA,NSE:BANKINDIA-EQ,71.8,73.75,71.55,72.75,2440865,FYERS_HISTORY,2026-08-08T23:03:01+05:30
2021-07-26,SMD-0032,BANKINDIA,NSE:BANKINDIA-EQ,72.9,72.9,71.5,71.85,1260084,FYERS_HISTORY,2026-08-08T23:03:01+05:30
2021-07-27,SMD-0032,BANKINDIA,NSE:BANKINDIA-EQ,72.0,72.95,70.25,70.85,2044140,FYERS_HISTORY,2026-08-08T23:03:01+05:30
2021-07-28,SMD-0032,BANKINDIA,NSE:BANKINDIA-EQ,71.35,71.4,69.35,69.9,1878525,FYERS_HISTORY,2026-08-08T23:03:01+05:30
2021-07-29,SMD-0032,BANKINDIA,NSE:BANKINDIA-EQ,70.35,72.0,69.75,71.65,2677815,FYERS_HISTORY,2026-08-08T23:03:01+05:30
2021-07-30,SMD-0032,BANKINDIA,NSE:BANKINDIA-EQ,71.65,75.2,71.5,74.4,4353217,FYERS_HISTORY,2026-08-08T23:03:01+05:30
2021-08-02,SMD-0032,BANKINDIA,NSE:BANKINDIA-EQ,75.6,76.3,73.6,74.2,4479220,FYERS_HISTORY,2026-08-08T23:03:01+05:30
2021-08-03,SMD-0032,BANKINDIA,NSE:BANKINDIA-EQ,74.3,76.65,74.1,74.35,7526644,FYERS_HISTORY,2026-08-08T23:03:01+05:30
2021-08-04,SMD-0032,BANKINDIA,NSE:BANKINDIA-EQ,74.5,74.95,71.8,72.6,4163795,FYERS_HISTORY,2026-08-08T23:03:01+05:30
2021-08-05,SMD-0032,BANKINDIA,NSE:BANKINDIA-EQ,72.0,72.65,70.6,70.85,2215337,FYERS_HISTORY,2026-08-08T23:03:01+05:30
2021-08-06,SMD-0032,BANKINDIA,NSE:BANKINDIA-EQ,71.2,71.9,69.8,70.9,3527252,FYERS_HISTORY,2026-08-08T23:03:01+05:30
2021-08-09,SMD-0032,BANKINDIA,NSE:BANKINDIA-EQ,71.0,71.4,69.0,69.7,2008718,FYERS_HISTORY,2026-08-08T23:03:01+05:30
2021-08-10,SMD-0032,BANKINDIA,NSE:BANKINDIA-EQ,69.6,70.4,66.9,67.4,2212138,FYERS_HISTORY,2026-08-08T23:03:01+05:30
2021-08-11,SMD-0032,BANKINDIA,NSE:BANKINDIA-EQ,67.9,67.95,66.0,67.45,2024384,FYERS_HISTORY,2026-08-08T23:03:01+05:30
2021-08-12,SMD-0032,BANKINDIA,NSE:BANKINDIA-EQ,68.35,69.65,67.6,68.85,1943902,FYERS_HISTORY,2026-08-08T23:03:01+05:30
2021-08-13,SMD-0032,BANKINDIA,NSE:BANKINDIA-EQ,68.8,69.15,68.0,68.4,1052480,FYERS_HISTORY,2026-08-08T23:03:01+05:30
2021-08-16,SMD-0032,BANKINDIA,NSE:BANKINDIA-EQ,68.3,68.8,67.45,67.75,796042,FYERS_HISTORY,2026-08-08T23:03:01+05:30
2021-08-17,SMD-0032,BANKINDIA,NSE:BANKINDIA-EQ,67.45,67.7,66.2,66.7,1220698,FYERS_HISTORY,2026-08-08T23:03:01+05:30
2021-08-18,SMD-0032,BANKINDIA,NSE:BANKINDIA-EQ,66.6,67.7,66.4,66.7,1481974,FYERS_HISTORY,2026-08-08T23:03:01+05:30
2021-08-20,SMD-0032,BANKINDIA,NSE:BANKINDIA-EQ,66.0,66.45,64.0,64.15,2067455,FYERS_HISTORY,2026-08-08T23:03:01+05:30
2021-08-23,SMD-0032,BANKINDIA,NSE:BANKINDIA-EQ,65.0,65.15,62.1,62.5,1924760,FYERS_HISTORY,2026-08-08T23:03:01+05:30
2021-08-24,SMD-0032,BANKINDIA,NSE:BANKINDIA-EQ,62.2,63.9,62.0,63.5,1519655,FYERS_HISTORY,2026-08-08T23:03:01+05:30
2021-08-25,SMD-0032,BANKINDIA,NSE:BANKINDIA-EQ,64.0,65.4,63.65,64.85,1719411,FYERS_HISTORY,2026-08-08T23:03:01+05:30
2021-08-26,SMD-0032,BANKINDIA,NSE:BANKINDIA-EQ,65.75,66.35,65.1,65.75,2186113,FYERS_HISTORY,2026-08-08T23:03:01+05:30
2021-08-27,SMD-0032,BANKINDIA,NSE:BANKINDIA-EQ,65.3,68.5,64.7,67.4,2313695,FYERS_HISTORY,2026-08-08T23:03:01+05:30
2021-08-30,SMD-0032,BANKINDIA,NSE:BANKINDIA-EQ,68.55,68.55,67.5,67.95,1798366,FYERS_HISTORY,2026-08-08T23:03:01+05:30
2021-08-31,SMD-0032,BANKINDIA,NSE:BANKINDIA-EQ,68.45,68.45,66.0,66.35,3740761,FYERS_HISTORY,2026-08-08T23:03:01+05:30
2021-09-01,SMD-0032,BANKINDIA,NSE:BANKINDIA-EQ,66.2,66.75,63.2,63.55,6550446,FYERS_HISTORY,2026-08-08T23:03:01+05:30
2021-09-02,SMD-0032,BANKINDIA,NSE:BANKINDIA-EQ,62.5,62.5,59.0,59.6,20950755,FYERS_HISTORY,2026-08-08T23:03:01+05:30
2021-09-03,SMD-0032,BANKINDIA,NSE:BANKINDIA-EQ,60.0,61.5,59.15,59.3,10983099,FYERS_HISTORY,2026-08-08T23:03:01+05:30
2021-09-06,SMD-0032,BANKINDIA,NSE:BANKINDIA-EQ,60.7,60.7,59.65,59.9,5921285,FYERS_HISTORY,2026-08-08T23:03:01+05:30
2021-09-07,SMD-0032,BANKINDIA,NSE:BANKINDIA-EQ,60.2,60.2,57.75,57.95,7600953,FYERS_HISTORY,2026-08-08T23:03:01+05:30
2021-09-08,SMD-0032,BANKINDIA,NSE:BANKINDIA-EQ,57.95,58.85,57.3,57.5,7441491,FYERS_HISTORY,2026-08-08T23:03:01+05:30
2021-09-09,SMD-0032,BANKINDIA,NSE:BANKINDIA-EQ,57.8,57.95,57.0,57.2,5585134,FYERS_HISTORY,2026-08-08T23:03:01+05:30
2021-09-13,SMD-0032,BANKINDIA,NSE:BANKINDIA-EQ,57.45,57.45,56.05,56.2,5607025,FYERS_HISTORY,2026-08-08T23:03:01+05:30
2021-09-14,SMD-0032,BANKINDIA,NSE:BANKINDIA-EQ,56.3,56.7,55.95,56.1,5561610,FYERS_HISTORY,2026-08-08T23:03:01+05:30
2021-09-15,SMD-0032,BANKINDIA,NSE:BANKINDIA-EQ,56.3,57.4,55.85,56.8,10023714,FYERS_HISTORY,2026-08-08T23:03:01+05:30
2021-09-16,SMD-0032,BANKINDIA,NSE:BANKINDIA-EQ,57.5,60.45,57.2,60.05,21060444,FYERS_HISTORY,2026-08-08T23:03:01+05:30
2021-09-17,SMD-0032,BANKINDIA,NSE:BANKINDIA-EQ,61.0,61.95,57.5,58.25,17871450,FYERS_HISTORY,2026-08-08T23:03:01+05:30
2021-09-20,SMD-0032,BANKINDIA,NSE:BANKINDIA-EQ,57.5,57.95,55.3,55.95,6615910,FYERS_HISTORY,2026-08-08T23:03:01+05:30
2021-09-21,SMD-0032,BANKINDIA,NSE:BANKINDIA-EQ,55.95,56.25,54.45,54.7,8907778,FYERS_HISTORY,2026-08-08T23:03:01+05:30
2021-09-22,SMD-0032,BANKINDIA,NSE:BANKINDIA-EQ,55.2,56.1,54.35,54.5,6817850,FYERS_HISTORY,2026-08-08T23:03:01+05:30
2021-09-23,SMD-0032,BANKINDIA,NSE:BANKINDIA-EQ,55.25,55.75,54.4,54.6,5921861,FYERS_HISTORY,2026-08-08T23:03:01+05:30
2021-09-24,SMD-0032,BANKINDIA,NSE:BANKINDIA-EQ,55.05,55.15,53.45,53.95,6334580,FYERS_HISTORY,2026-08-08T23:03:01+05:30
2021-09-27,SMD-0032,BANKINDIA,NSE:BANKINDIA-EQ,54.05,54.4,52.95,53.1,6480025,FYERS_HISTORY,2026-08-08T23:03:01+05:30
2021-09-28,SMD-0032,BANKINDIA,NSE:BANKINDIA-EQ,53.6,54.0,52.75,53.05,7944198,FYERS_HISTORY,2026-08-08T23:03:01+05:30
2021-09-29,SMD-0032,BANKINDIA,NSE:BANKINDIA-EQ,52.9,55.75,52.7,55.1,19661029,FYERS_HISTORY,2026-08-08T23:03:01+05:30
2021-09-30,SMD-0032,BANKINDIA,NSE:BANKINDIA-EQ,55.6,57.9,55.25,55.5,18235786,FYERS_HISTORY,2026-08-08T23:03:01+05:30
2021-10-01,SMD-0032,BANKINDIA,NSE:BANKINDIA-EQ,55.4,56.8,54.7,56.6,13022709,FYERS_HISTORY,2026-08-08T23:03:01+05:30
2021-10-04,SMD-0032,BANKINDIA,NSE:BANKINDIA-EQ,57.25,57.95,57.0,57.8,8897221,FYERS_HISTORY,2026-08-08T23:03:01+05:30
2021-10-05,SMD-0032,BANKINDIA,NSE:BANKINDIA-EQ,58.0,58.5,57.3,57.5,6895984,FYERS_HISTORY,2026-08-08T23:03:01+05:30
2021-10-06,SMD-0032,BANKINDIA,NSE:BANKINDIA-EQ,57.9,58.4,55.9,56.1,8508015,FYERS_HISTORY,2026-08-08T23:03:01+05:30
2021-10-07,SMD-0032,BANKINDIA,NSE:BANKINDIA-EQ,57.0,57.2,56.25,56.4,3860147,FYERS_HISTORY,2026-08-08T23:03:01+05:30
2021-10-08,SMD-0032,BANKINDIA,NSE:BANKINDIA-EQ,56.9,57.85,55.5,57.5,9076192,FYERS_HISTORY,2026-08-08T23:03:01+05:30
2021-10-11,SMD-0032,BANKINDIA,NSE:BANKINDIA-EQ,57.95,58.8,57.5,57.7,8307657,FYERS_HISTORY,2026-08-08T23:03:01+05:30
2021-10-12,SMD-0032,BANKINDIA,NSE:BANKINDIA-EQ,57.6,59.4,57.25,58.6,14028096,FYERS_HISTORY,2026-08-08T23:03:01+05:30
2021-10-13,SMD-0032,BANKINDIA,NSE:BANKINDIA-EQ,59.5,60.4,59.0,59.25,19093199,FYERS_HISTORY,2026-08-08T23:03:01+05:30
2021-10-14,SMD-0032,BANKINDIA,NSE:BANKINDIA-EQ,59.75,61.2,59.3,59.85,15139531,FYERS_HISTORY,2026-08-08T23:03:01+05:30
2021-10-18,SMD-0032,BANKINDIA,NSE:BANKINDIA-EQ,60.5,62.65,60.2,62.2,24206735,FYERS_HISTORY,2026-08-08T23:03:01+05:30
2021-10-19,SMD-0032,BANKINDIA,NSE:BANKINDIA-EQ,62.8,63.4,60.0,60.3,13669837,FYERS_HISTORY,2026-08-08T23:03:01+05:30
2021-10-20,SMD-0032,BANKINDIA,NSE:BANKINDIA-EQ,60.5,61.2,58.8,59.6,11046290,FYERS_HISTORY,2026-08-08T23:03:01+05:30
2021-10-21,SMD-0032,BANKINDIA,NSE:BANKINDIA-EQ,60.25,62.6,59.6,61.25,16145454,FYERS_HISTORY,2026-08-08T23:03:01+05:30
2021-10-22,SMD-0032,BANKINDIA,NSE:BANKINDIA-EQ,61.8,62.75,60.2,60.95,12534305,FYERS_HISTORY,2026-08-08T23:03:01+05:30
2021-10-25,SMD-0032,BANKINDIA,NSE:BANKINDIA-EQ,61.55,62.7,59.6,61.1,14912840,FYERS_HISTORY,2026-08-08T23:03:01+05:30
2021-10-26,SMD-0032,BANKINDIA,NSE:BANKINDIA-EQ,61.35,63.25,61.05,61.85,13826130,FYERS_HISTORY,2026-08-08T23:03:01+05:30
2021-10-27,SMD-0032,BANKINDIA,NSE:BANKINDIA-EQ,62.35,64.7,61.9,62.8,21745209,FYERS_HISTORY,2026-08-08T23:03:01+05:30
2021-10-28,SMD-0032,BANKINDIA,NSE:BANKINDIA-EQ,62.6,62.6,59.0,59.45,10323547,FYERS_HISTORY,2026-08-08T23:03:01+05:30
2021-10-29,SMD-0032,BANKINDIA,NSE:BANKINDIA-EQ,59.45,60.7,56.85,59.9,13745789,FYERS_HISTORY,2026-08-08T23:03:01+05:30
2021-11-01,SMD-0032,BANKINDIA,NSE:BANKINDIA-EQ,60.4,60.95,59.65,60.4,5215816,FYERS_HISTORY,2026-08-08T23:03:01+05:30
2021-11-02,SMD-0032,BANKINDIA,NSE:BANKINDIA-EQ,60.85,63.35,60.25,62.55,20875822,FYERS_HISTORY,2026-08-08T23:03:01+05:30
2021-11-03,SMD-0032,BANKINDIA,NSE:BANKINDIA-EQ,63.3,63.8,62.2,62.6,13309695,FYERS_HISTORY,2026-08-08T23:03:01+05:30
2021-11-04,SMD-0032,BANKINDIA,NSE:BANKINDIA-EQ,63.3,63.5,62.9,63.1,2090104,FYERS_HISTORY,2026-08-08T23:03:01+05:30
2021-11-08,SMD-0032,BANKINDIA,NSE:BANKINDIA-EQ,63.5,63.95,62.3,63.2,8960699,FYERS_HISTORY,2026-08-08T23:03:01+05:30
2021-11-09,SMD-0032,BANKINDIA,NSE:BANKINDIA-EQ,63.45,65.55,63.15,64.95,18959426,FYERS_HISTORY,2026-08-08T23:03:01+05:30
2021-11-10,SMD-0032,BANKINDIA,NSE:BANKINDIA-EQ,64.9,65.8,64.05,64.3,13374524,FYERS_HISTORY,2026-08-08T23:03:01+05:30
2021-11-11,SMD-0032,BANKINDIA,NSE:BANKINDIA-EQ,64.5,64.65,61.85,62.25,8901813,FYERS_HISTORY,2026-08-08T23:03:01+05:30
2021-11-12,SMD-0032,BANKINDIA,NSE:BANKINDIA-EQ,62.8,62.85,61.2,61.75,5821598,FYERS_HISTORY,2026-08-08T23:03:01+05:30
2021-11-15,SMD-0032,BANKINDIA,NSE:BANKINDIA-EQ,62.35,62.5,60.65,61.35,4614352,FYERS_HISTORY,2026-08-08T23:03:01+05:30
2021-11-16,SMD-0032,BANKINDIA,NSE:BANKINDIA-EQ,61.3,61.8,59.45,59.8,5125242,FYERS_HISTORY,2026-08-08T23:03:01+05:30
2021-11-17,SMD-0032,BANKINDIA,NSE:BANKINDIA-EQ,59.7,60.8,59.3,59.5,3951051,FYERS_HISTORY,2026-08-08T23:03:01+05:30
2021-11-18,SMD-0032,BANKINDIA,NSE:BANKINDIA-EQ,59.8,60.4,58.75,59.05,4595163,FYERS_HISTORY,2026-08-08T23:03:01+05:30
2021-11-22,SMD-0032,BANKINDIA,NSE:BANKINDIA-EQ,59.35,59.6,56.3,56.95,7907691,FYERS_HISTORY,2026-08-08T23:03:01+05:30
2021-11-23,SMD-0032,BANKINDIA,NSE:BANKINDIA-EQ,56.35,58.8,56.1,58.5,4410488,FYERS_HISTORY,2026-08-08T23:03:01+05:30
2021-11-24,SMD-0032,BANKINDIA,NSE:BANKINDIA-EQ,59.55,60.35,58.2,58.35,6640369,FYERS_HISTORY,2026-08-08T23:03:01+05:30
2021-11-25,SMD-0032,BANKINDIA,NSE:BANKINDIA-EQ,58.5,59.1,57.4,57.7,5157952,FYERS_HISTORY,2026-08-08T23:03:01+05:30
2021-11-26,SMD-0032,BANKINDIA,NSE:BANKINDIA-EQ,57.2,57.7,56.5,56.7,4476910,FYERS_HISTORY,2026-08-08T23:03:01+05:30
2021-11-29,SMD-0032,BANKINDIA,NSE:BANKINDIA-EQ,56.75,57.0,54.35,54.85,5387964,FYERS_HISTORY,2026-08-08T23:03:01+05:30
2021-11-30,SMD-0032,BANKINDIA,NSE:BANKINDIA-EQ,55.2,56.35,54.1,54.3,4918548,FYERS_HISTORY,2026-08-08T23:03:01+05:30
2021-12-01,SMD-0032,BANKINDIA,NSE:BANKINDIA-EQ,55.0,55.2,53.6,54.1,6598767,FYERS_HISTORY,2026-08-08T23:03:01+05:30
2021-12-02,SMD-0032,BANKINDIA,NSE:BANKINDIA-EQ,54.1,54.7,53.55,54.35,5969700,FYERS_HISTORY,2026-08-08T23:03:01+05:30
2021-12-03,SMD-0032,BANKINDIA,NSE:BANKINDIA-EQ,54.5,55.1,54.0,54.1,4572992,FYERS_HISTORY,2026-08-08T23:03:01+05:30
2021-12-06,SMD-0032,BANKINDIA,NSE:BANKINDIA-EQ,54.45,54.6,53.65,53.75,3721794,FYERS_HISTORY,2026-08-08T23:03:01+05:30
2021-12-07,SMD-0032,BANKINDIA,NSE:BANKINDIA-EQ,54.25,54.5,53.85,53.95,4130803,FYERS_HISTORY,2026-08-08T23:03:01+05:30
2021-12-08,SMD-0032,BANKINDIA,NSE:BANKINDIA-EQ,54.35,55.25,54.2,54.8,5244866,FYERS_HISTORY,2026-08-08T23:03:01+05:30
2021-12-09,SMD-0032,BANKINDIA,NSE:BANKINDIA-EQ,55.1,55.5,54.5,54.85,4716248,FYERS_HISTORY,2026-08-08T23:03:01+05:30
2021-12-10,SMD-0032,BANKINDIA,NSE:BANKINDIA-EQ,55.0,57.5,54.75,57.2,9649608,FYERS_HISTORY,2026-08-08T23:03:01+05:30
2021-12-13,SMD-0032,BANKINDIA,NSE:BANKINDIA-EQ,57.9,58.8,57.05,57.25,5895670,FYERS_HISTORY,2026-08-08T23:03:01+05:30
2021-12-14,SMD-0032,BANKINDIA,NSE:BANKINDIA-EQ,56.75,57.05,56.0,56.15,5048826,FYERS_HISTORY,2026-08-08T23:03:01+05:30
2021-12-15,SMD-0032,BANKINDIA,NSE:BANKINDIA-EQ,56.15,56.6,55.4,55.75,2450234,FYERS_HISTORY,2026-08-08T23:03:01+05:30
2021-12-16,SMD-0032,BANKINDIA,NSE:BANKINDIA-EQ,56.3,56.35,54.55,54.85,3348844,FYERS_HISTORY,2026-08-08T23:03:01+05:30
2021-12-17,SMD-0032,BANKINDIA,NSE:BANKINDIA-EQ,54.8,55.1,52.3,52.7,6252100,FYERS_HISTORY,2026-08-08T23:03:01+05:30
2021-12-20,SMD-0032,BANKINDIA,NSE:BANKINDIA-EQ,52.4,52.4,48.8,49.55,8348746,FYERS_HISTORY,2026-08-08T23:03:01+05:30
2021-12-21,SMD-0032,BANKINDIA,NSE:BANKINDIA-EQ,50.4,51.6,50.0,50.8,4840284,FYERS_HISTORY,2026-08-08T23:03:01+05:30
2021-12-22,SMD-0032,BANKINDIA,NSE:BANKINDIA-EQ,51.0,51.95,51.0,51.55,3641393,FYERS_HISTORY,2026-08-08T23:03:01+05:30
2021-12-23,SMD-0032,BANKINDIA,NSE:BANKINDIA-EQ,52.05,53.1,51.8,52.7,3880884,FYERS_HISTORY,2026-08-08T23:03:01+05:30
2021-12-24,SMD-0032,BANKINDIA,NSE:BANKINDIA-EQ,53.15,53.15,51.35,51.55,3560899,FYERS_HISTORY,2026-08-08T23:03:01+05:30
2021-12-27,SMD-0032,BANKINDIA,NSE:BANKINDIA-EQ,51.0,51.45,50.4,51.1,3252759,FYERS_HISTORY,2026-08-08T23:03:02+05:30
2021-12-28,SMD-0032,BANKINDIA,NSE:BANKINDIA-EQ,51.3,51.6,50.85,51.35,3332730,FYERS_HISTORY,2026-08-08T23:03:02+05:30
2021-12-29,SMD-0032,BANKINDIA,NSE:BANKINDIA-EQ,51.45,52.0,51.15,51.35,3053199,FYERS_HISTORY,2026-08-08T23:03:02+05:30
2021-12-30,SMD-0032,BANKINDIA,NSE:BANKINDIA-EQ,51.4,51.5,50.8,50.85,2802538,FYERS_HISTORY,2026-08-08T23:03:02+05:30
2021-12-31,SMD-0032,BANKINDIA,NSE:BANKINDIA-EQ,50.45,51.6,50.4,51.4,2777199,FYERS_HISTORY,2026-08-08T23:03:02+05:30
2022-01-03,SMD-0032,BANKINDIA,NSE:BANKINDIA-EQ,51.65,52.8,51.4,52.65,4204439,FYERS_HISTORY,2026-08-08T23:03:02+05:30
2022-01-04,SMD-0032,BANKINDIA,NSE:BANKINDIA-EQ,52.9,53.3,52.3,52.95,4090067,FYERS_HISTORY,2026-08-08T23:03:02+05:30
2022-01-05,SMD-0032,BANKINDIA,NSE:BANKINDIA-EQ,52.95,54.25,52.7,54.1,5343001,FYERS_HISTORY,2026-08-08T23:03:02+05:30
2022-01-06,SMD-0032,BANKINDIA,NSE:BANKINDIA-EQ,53.75,54.45,53.35,53.95,4967189,FYERS_HISTORY,2026-08-08T23:03:02+05:30
2022-01-07,SMD-0032,BANKINDIA,NSE:BANKINDIA-EQ,54.15,55.35,53.8,54.45,6613802,FYERS_HISTORY,2026-08-08T23:03:02+05:30
2022-01-10,SMD-0032,BANKINDIA,NSE:BANKINDIA-EQ,54.5,55.7,54.35,55.45,5548302,FYERS_HISTORY,2026-08-08T23:03:02+05:30
2022-01-11,SMD-0032,BANKINDIA,NSE:BANKINDIA-EQ,55.4,55.5,54.6,54.7,3094992,FYERS_HISTORY,2026-08-08T23:03:02+05:30
2022-01-12,SMD-0032,BANKINDIA,NSE:BANKINDIA-EQ,55.2,55.4,54.45,54.65,3600004,FYERS_HISTORY,2026-08-08T23:03:02+05:30
2022-01-13,SMD-0032,BANKINDIA,NSE:BANKINDIA-EQ,54.9,54.9,54.1,54.2,5021357,FYERS_HISTORY,2026-08-08T23:03:02+05:30
2022-01-14,SMD-0032,BANKINDIA,NSE:BANKINDIA-EQ,54.0,54.9,53.8,54.4,3221669,FYERS_HISTORY,2026-08-08T23:03:02+05:30
2022-01-17,SMD-0032,BANKINDIA,NSE:BANKINDIA-EQ,54.7,55.6,54.1,54.35,4734738,FYERS_HISTORY,2026-08-08T23:03:02+05:30
2022-01-18,SMD-0032,BANKINDIA,NSE:BANKINDIA-EQ,54.6,54.75,53.0,53.2,4661053,FYERS_HISTORY,2026-08-08T23:03:02+05:30
2022-01-19,SMD-0032,BANKINDIA,NSE:BANKINDIA-EQ,53.3,54.35,52.8,54.1,4250299,FYERS_HISTORY,2026-08-08T23:03:02+05:30
2022-01-20,SMD-0032,BANKINDIA,NSE:BANKINDIA-EQ,54.25,54.7,53.4,53.8,3742604,FYERS_HISTORY,2026-08-08T23:03:02+05:30
2022-01-21,SMD-0032,BANKINDIA,NSE:BANKINDIA-EQ,53.4,53.5,52.05,52.3,4196698,FYERS_HISTORY,2026-08-08T23:03:02+05:30
2022-01-24,SMD-0032,BANKINDIA,NSE:BANKINDIA-EQ,52.0,52.6,50.6,51.15,5174254,FYERS_HISTORY,2026-08-08T23:03:02+05:30
2022-01-25,SMD-0032,BANKINDIA,NSE:BANKINDIA-EQ,51.1,52.65,50.35,52.35,5523751,FYERS_HISTORY,2026-08-08T23:03:02+05:30
2022-01-27,SMD-0032,BANKINDIA,NSE:BANKINDIA-EQ,51.75,56.0,51.5,55.15,12318436,FYERS_HISTORY,2026-08-08T23:03:02+05:30
2022-01-28,SMD-0032,BANKINDIA,NSE:BANKINDIA-EQ,55.85,57.45,55.0,55.25,13957307,FYERS_HISTORY,2026-08-08T23:03:02+05:30
2022-01-31,SMD-0032,BANKINDIA,NSE:BANKINDIA-EQ,56.0,56.6,53.75,54.3,14917995,FYERS_HISTORY,2026-08-08T23:03:02+05:30
2022-02-01,SMD-0032,BANKINDIA,NSE:BANKINDIA-EQ,54.9,55.9,54.0,55.05,11296542,FYERS_HISTORY,2026-08-08T23:03:02+05:30
2022-02-02,SMD-0032,BANKINDIA,NSE:BANKINDIA-EQ,55.45,57.9,55.25,57.75,15904957,FYERS_HISTORY,2026-08-08T23:03:02+05:30
2022-02-03,SMD-0032,BANKINDIA,NSE:BANKINDIA-EQ,58.25,59.6,57.5,58.45,17408255,FYERS_HISTORY,2026-08-08T23:03:02+05:30
2022-02-04,SMD-0032,BANKINDIA,NSE:BANKINDIA-EQ,58.9,59.4,56.2,56.5,17236563,FYERS_HISTORY,2026-08-08T23:03:02+05:30
2022-02-07,SMD-0032,BANKINDIA,NSE:BANKINDIA-EQ,57.0,59.4,56.2,57.75,21473785,FYERS_HISTORY,2026-08-08T23:03:02+05:30
2022-02-08,SMD-0032,BANKINDIA,NSE:BANKINDIA-EQ,58.1,58.5,55.8,57.35,12214209,FYERS_HISTORY,2026-08-08T23:03:02+05:30
2022-02-09,SMD-0032,BANKINDIA,NSE:BANKINDIA-EQ,57.6,57.95,56.5,56.65,5690067,FYERS_HISTORY,2026-08-08T23:03:02+05:30
2022-02-10,SMD-0032,BANKINDIA,NSE:BANKINDIA-EQ,56.9,57.7,56.0,56.25,6821612,FYERS_HISTORY,2026-08-08T23:03:02+05:30
2022-02-11,SMD-0032,BANKINDIA,NSE:BANKINDIA-EQ,55.75,56.4,55.05,55.15,4763279,FYERS_HISTORY,2026-08-08T23:03:02+05:30
2022-02-14,SMD-0032,BANKINDIA,NSE:BANKINDIA-EQ,54.0,54.0,52.0,52.15,7844973,FYERS_HISTORY,2026-08-08T23:03:02+05:30
2022-02-15,SMD-0032,BANKINDIA,NSE:BANKINDIA-EQ,52.25,53.6,51.55,53.35,6126993,FYERS_HISTORY,2026-08-08T23:03:02+05:30
2022-02-16,SMD-0032,BANKINDIA,NSE:BANKINDIA-EQ,53.85,54.2,52.7,53.0,6023209,FYERS_HISTORY,2026-08-08T23:03:02+05:30
2022-02-17,SMD-0032,BANKINDIA,NSE:BANKINDIA-EQ,53.2,53.7,52.05,52.2,4528693,FYERS_HISTORY,2026-08-08T23:03:02+05:30
2022-02-18,SMD-0032,BANKINDIA,NSE:BANKINDIA-EQ,52.0,53.1,51.75,52.55,4048923,FYERS_HISTORY,2026-08-08T23:03:02+05:30
2022-02-21,SMD-0032,BANKINDIA,NSE:BANKINDIA-EQ,52.55,52.55,51.0,51.35,3767416,FYERS_HISTORY,2026-08-08T23:03:02+05:30
2022-02-22,SMD-0032,BANKINDIA,NSE:BANKINDIA-EQ,50.0,50.5,49.6,50.2,4096988,FYERS_HISTORY,2026-08-08T23:03:02+05:30
2022-02-23,SMD-0032,BANKINDIA,NSE:BANKINDIA-EQ,51.0,51.5,50.65,51.0,2991216,FYERS_HISTORY,2026-08-08T23:03:02+05:30
2022-02-24,SMD-0032,BANKINDIA,NSE:BANKINDIA-EQ,49.4,49.6,43.15,44.25,9879327,FYERS_HISTORY,2026-08-08T23:03:02+05:30
2022-02-25,SMD-0032,BANKINDIA,NSE:BANKINDIA-EQ,46.2,48.65,46.0,46.8,10832499,FYERS_HISTORY,2026-08-08T23:03:02+05:30
2022-02-28,SMD-0032,BANKINDIA,NSE:BANKINDIA-EQ,46.0,47.2,45.8,46.85,5337520,FYERS_HISTORY,2026-08-08T23:03:02+05:30
2022-03-02,SMD-0032,BANKINDIA,NSE:BANKINDIA-EQ,46.55,48.0,46.35,47.75,4888063,FYERS_HISTORY,2026-08-08T23:03:02+05:30
2022-03-03,SMD-0032,BANKINDIA,NSE:BANKINDIA-EQ,48.35,48.75,46.95,47.05,4374803,FYERS_HISTORY,2026-08-08T23:03:02+05:30
2022-03-04,SMD-0032,BANKINDIA,NSE:BANKINDIA-EQ,46.8,47.35,46.3,46.7,4254099,FYERS_HISTORY,2026-08-08T23:03:02+05:30
2022-03-07,SMD-0032,BANKINDIA,NSE:BANKINDIA-EQ,45.85,47.1,45.05,46.25,5200513,FYERS_HISTORY,2026-08-08T23:03:02+05:30
2022-03-08,SMD-0032,BANKINDIA,NSE:BANKINDIA-EQ,46.5,47.6,46.4,47.35,4069886,FYERS_HISTORY,2026-08-08T23:03:02+05:30
2022-03-09,SMD-0032,BANKINDIA,NSE:BANKINDIA-EQ,47.9,48.45,47.25,48.1,3650384,FYERS_HISTORY,2026-08-08T23:03:02+05:30
2022-03-10,SMD-0032,BANKINDIA,NSE:BANKINDIA-EQ,49.75,50.3,47.8,48.6,6526938,FYERS_HISTORY,2026-08-08T23:03:02+05:30
2022-03-11,SMD-0032,BANKINDIA,NSE:BANKINDIA-EQ,48.6,49.1,48.3,48.7,2835461,FYERS_HISTORY,2026-08-08T23:03:02+05:30
2022-03-14,SMD-0032,BANKINDIA,NSE:BANKINDIA-EQ,48.7,49.25,48.1,48.85,3272209,FYERS_HISTORY,2026-08-08T23:03:02+05:30
2022-03-15,SMD-0032,BANKINDIA,NSE:BANKINDIA-EQ,49.0,49.25,47.0,47.3,5049202,FYERS_HISTORY,2026-08-08T23:03:02+05:30
2022-03-16,SMD-0032,BANKINDIA,NSE:BANKINDIA-EQ,48.25,48.65,47.85,48.45,3188507,FYERS_HISTORY,2026-08-08T23:03:02+05:30
2022-03-17,SMD-0032,BANKINDIA,NSE:BANKINDIA-EQ,48.9,49.2,47.75,48.05,4434530,FYERS_HISTORY,2026-08-08T23:03:02+05:30
2022-03-21,SMD-0032,BANKINDIA,NSE:BANKINDIA-EQ,48.15,48.7,47.2,47.45,3195326,FYERS_HISTORY,2026-08-08T23:03:02+05:30
2022-03-22,SMD-0032,BANKINDIA,NSE:BANKINDIA-EQ,47.8,47.95,47.0,47.8,2787479,FYERS_HISTORY,2026-08-08T23:03:02+05:30
2022-03-23,SMD-0032,BANKINDIA,NSE:BANKINDIA-EQ,48.05,48.6,47.2,47.3,3644054,FYERS_HISTORY,2026-08-08T23:03:02+05:30
2022-03-24,SMD-0032,BANKINDIA,NSE:BANKINDIA-EQ,47.4,47.8,47.0,47.2,2940010,FYERS_HISTORY,2026-08-08T23:03:02+05:30
2022-03-25,SMD-0032,BANKINDIA,NSE:BANKINDIA-EQ,47.6,47.6,46.7,46.8,3292493,FYERS_HISTORY,2026-08-08T23:03:02+05:30
2022-03-28,SMD-0032,BANKINDIA,NSE:BANKINDIA-EQ,46.9,46.95,45.7,46.0,4142874,FYERS_HISTORY,2026-08-08T23:03:02+05:30
2022-03-29,SMD-0032,BANKINDIA,NSE:BANKINDIA-EQ,46.2,46.55,45.05,45.4,4689148,FYERS_HISTORY,2026-08-08T23:03:02+05:30
2022-03-30,SMD-0032,BANKINDIA,NSE:BANKINDIA-EQ,46.0,47.9,45.5,46.9,6841967,FYERS_HISTORY,2026-08-08T23:03:02+05:30
2022-03-31,SMD-0032,BANKINDIA,NSE:BANKINDIA-EQ,47.0,47.5,45.7,45.85,4568692,FYERS_HISTORY,2026-08-08T23:03:02+05:30
2022-04-01,SMD-0032,BANKINDIA,NSE:BANKINDIA-EQ,45.8,48.6,45.8,48.3,6312197,FYERS_HISTORY,2026-08-08T23:03:02+05:30
2022-04-04,SMD-0032,BANKINDIA,NSE:BANKINDIA-EQ,48.6,49.6,48.6,49.25,4558914,FYERS_HISTORY,2026-08-08T23:03:02+05:30
2022-04-05,SMD-0032,BANKINDIA,NSE:BANKINDIA-EQ,49.6,51.5,49.2,50.75,7772528,FYERS_HISTORY,2026-08-08T23:03:02+05:30
2022-04-06,SMD-0032,BANKINDIA,NSE:BANKINDIA-EQ,50.65,52.4,50.15,52.1,6394097,FYERS_HISTORY,2026-08-08T23:03:02+05:30
2022-04-07,SMD-0032,BANKINDIA,NSE:BANKINDIA-EQ,52.25,53.7,50.45,50.85,8484966,FYERS_HISTORY,2026-08-08T23:03:02+05:30
2022-04-08,SMD-0032,BANKINDIA,NSE:BANKINDIA-EQ,51.1,52.7,51.1,52.45,6653342,FYERS_HISTORY,2026-08-08T23:03:02+05:30
2022-04-11,SMD-0032,BANKINDIA,NSE:BANKINDIA-EQ,52.3,53.1,52.0,52.15,3817247,FYERS_HISTORY,2026-08-08T23:03:02+05:30
2022-04-12,SMD-0032,BANKINDIA,NSE:BANKINDIA-EQ,52.1,52.2,50.4,51.0,3440331,FYERS_HISTORY,2026-08-08T23:03:02+05:30
2022-04-13,SMD-0032,BANKINDIA,NSE:BANKINDIA-EQ,51.5,51.7,50.95,51.2,2623329,FYERS_HISTORY,2026-08-08T23:03:02+05:30
2022-04-18,SMD-0032,BANKINDIA,NSE:BANKINDIA-EQ,50.75,50.75,49.75,50.1,2064525,FYERS_HISTORY,2026-08-08T23:03:02+05:30
2022-04-19,SMD-0032,BANKINDIA,NSE:BANKINDIA-EQ,50.5,50.85,48.5,49.45,3305214,FYERS_HISTORY,2026-08-08T23:03:02+05:30
2022-04-20,SMD-0032,BANKINDIA,NSE:BANKINDIA-EQ,49.65,50.3,49.4,49.6,2614259,FYERS_HISTORY,2026-08-08T23:03:02+05:30
2022-04-21,SMD-0032,BANKINDIA,NSE:BANKINDIA-EQ,50.0,50.3,49.8,50.05,1733196,FYERS_HISTORY,2026-08-08T23:03:02+05:30
2022-04-22,SMD-0032,BANKINDIA,NSE:BANKINDIA-EQ,49.7,50.1,49.4,49.55,1448552,FYERS_HISTORY,2026-08-08T23:03:02+05:30
2022-04-25,SMD-0032,BANKINDIA,NSE:BANKINDIA-EQ,49.0,49.2,48.55,48.75,1920086,FYERS_HISTORY,2026-08-08T23:03:02+05:30
2022-04-26,SMD-0032,BANKINDIA,NSE:BANKINDIA-EQ,49.5,50.0,48.9,49.15,2380972,FYERS_HISTORY,2026-08-08T23:03:02+05:30
2022-04-27,SMD-0032,BANKINDIA,NSE:BANKINDIA-EQ,48.95,49.1,48.25,48.8,1419803,FYERS_HISTORY,2026-08-08T23:03:02+05:30
2022-04-28,SMD-0032,BANKINDIA,NSE:BANKINDIA-EQ,48.9,49.2,48.3,48.6,1590974,FYERS_HISTORY,2026-08-08T23:03:02+05:30
2022-04-29,SMD-0032,BANKINDIA,NSE:BANKINDIA-EQ,48.85,49.2,48.0,48.15,2023278,FYERS_HISTORY,2026-08-08T23:03:02+05:30
2022-05-02,SMD-0032,BANKINDIA,NSE:BANKINDIA-EQ,48.25,48.3,47.35,47.7,1515510,FYERS_HISTORY,2026-08-08T23:03:02+05:30
2022-05-04,SMD-0032,BANKINDIA,NSE:BANKINDIA-EQ,48.0,48.1,46.0,46.55,2966841,FYERS_HISTORY,2026-08-08T23:03:02+05:30
2022-05-05,SMD-0032,BANKINDIA,NSE:BANKINDIA-EQ,46.95,47.25,45.45,45.75,2431280,FYERS_HISTORY,2026-08-08T23:03:02+05:30
2022-05-06,SMD-0032,BANKINDIA,NSE:BANKINDIA-EQ,45.4,46.3,44.8,46.0,2936589,FYERS_HISTORY,2026-08-08T23:03:02+05:30
2022-05-09,SMD-0032,BANKINDIA,NSE:BANKINDIA-EQ,45.9,45.9,44.9,45.5,2093620,FYERS_HISTORY,2026-08-08T23:03:02+05:30
2022-05-10,SMD-0032,BANKINDIA,NSE:BANKINDIA-EQ,45.8,46.1,45.0,45.25,2160619,FYERS_HISTORY,2026-08-08T23:03:02+05:30
2022-05-11,SMD-0032,BANKINDIA,NSE:BANKINDIA-EQ,45.3,45.4,43.1,43.85,3298635,FYERS_HISTORY,2026-08-08T23:03:02+05:30
2022-05-12,SMD-0032,BANKINDIA,NSE:BANKINDIA-EQ,43.6,43.6,40.5,41.0,4639508,FYERS_HISTORY,2026-08-08T23:03:02+05:30
2022-05-13,SMD-0032,BANKINDIA,NSE:BANKINDIA-EQ,41.8,43.45,41.55,42.1,3817134,FYERS_HISTORY,2026-08-08T23:03:02+05:30
2022-05-16,SMD-0032,BANKINDIA,NSE:BANKINDIA-EQ,42.8,43.6,42.25,43.35,2017686,FYERS_HISTORY,2026-08-08T23:03:02+05:30
2022-05-17,SMD-0032,BANKINDIA,NSE:BANKINDIA-EQ,43.7,44.95,43.55,44.8,1984117,FYERS_HISTORY,2026-08-08T23:03:02+05:30
2022-05-18,SMD-0032,BANKINDIA,NSE:BANKINDIA-EQ,44.8,45.9,44.25,44.6,2214315,FYERS_HISTORY,2026-08-08T23:03:02+05:30
2022-05-19,SMD-0032,BANKINDIA,NSE:BANKINDIA-EQ,43.7,43.85,43.2,43.6,1739318,FYERS_HISTORY,2026-08-08T23:03:02+05:30
2022-05-20,SMD-0032,BANKINDIA,NSE:BANKINDIA-EQ,44.6,45.2,44.35,45.05,1698052,FYERS_HISTORY,2026-08-08T23:03:02+05:30
2022-05-23,SMD-0032,BANKINDIA,NSE:BANKINDIA-EQ,45.7,46.95,44.65,46.3,2756798,FYERS_HISTORY,2026-08-08T23:03:02+05:30
2022-05-24,SMD-0032,BANKINDIA,NSE:BANKINDIA-EQ,46.6,48.4,46.0,47.15,9403078,FYERS_HISTORY,2026-08-08T23:03:02+05:30
2022-05-25,SMD-0032,BANKINDIA,NSE:BANKINDIA-EQ,47.9,47.9,45.0,45.6,3316371,FYERS_HISTORY,2026-08-08T23:03:02+05:30
2022-05-26,SMD-0032,BANKINDIA,NSE:BANKINDIA-EQ,45.95,46.25,44.25,45.7,3593193,FYERS_HISTORY,2026-08-08T23:03:02+05:30
2022-05-27,SMD-0032,BANKINDIA,NSE:BANKINDIA-EQ,46.2,47.15,45.55,46.95,3164732,FYERS_HISTORY,2026-08-08T23:03:02+05:30
2022-05-30,SMD-0032,BANKINDIA,NSE:BANKINDIA-EQ,47.45,48.9,47.3,48.6,3559557,FYERS_HISTORY,2026-08-08T23:03:02+05:30
2022-05-31,SMD-0032,BANKINDIA,NSE:BANKINDIA-EQ,48.2,49.2,47.8,47.95,2292211,FYERS_HISTORY,2026-08-08T23:03:02+05:30
2022-06-01,SMD-0032,BANKINDIA,NSE:BANKINDIA-EQ,47.9,48.3,47.35,47.95,1578253,FYERS_HISTORY,2026-08-08T23:03:02+05:30
2022-06-02,SMD-0032,BANKINDIA,NSE:BANKINDIA-EQ,47.9,48.75,47.6,48.3,2277858,FYERS_HISTORY,2026-08-08T23:03:02+05:30
2022-06-03,SMD-0032,BANKINDIA,NSE:BANKINDIA-EQ,48.7,48.9,47.15,47.4,2101572,FYERS_HISTORY,2026-08-08T23:03:02+05:30
2022-06-06,SMD-0032,BANKINDIA,NSE:BANKINDIA-EQ,47.55,47.65,46.35,46.75,1059376,FYERS_HISTORY,2026-08-08T23:03:02+05:30
2022-06-07,SMD-0032,BANKINDIA,NSE:BANKINDIA-EQ,46.4,47.25,46.15,46.95,1220243,FYERS_HISTORY,2026-08-08T23:03:02+05:30
2022-06-08,SMD-0032,BANKINDIA,NSE:BANKINDIA-EQ,47.2,47.6,46.55,46.8,1494680,FYERS_HISTORY,2026-08-08T23:03:02+05:30
2022-06-09,SMD-0032,BANKINDIA,NSE:BANKINDIA-EQ,46.65,47.0,46.05,46.5,1250659,FYERS_HISTORY,2026-08-08T23:03:02+05:30
2022-06-10,SMD-0032,BANKINDIA,NSE:BANKINDIA-EQ,46.15,46.4,45.9,46.15,1257265,FYERS_HISTORY,2026-08-08T23:03:02+05:30
2022-06-13,SMD-0032,BANKINDIA,NSE:BANKINDIA-EQ,45.1,45.25,44.5,44.85,1443357,FYERS_HISTORY,2026-08-08T23:03:02+05:30
2022-06-14,SMD-0032,BANKINDIA,NSE:BANKINDIA-EQ,44.0,45.15,44.0,44.3,1742941,FYERS_HISTORY,2026-08-08T23:03:02+05:30
2022-06-15,SMD-0032,BANKINDIA,NSE:BANKINDIA-EQ,44.45,44.75,44.2,44.45,972030,FYERS_HISTORY,2026-08-08T23:03:02+05:30
2022-06-16,SMD-0032,BANKINDIA,NSE:BANKINDIA-EQ,45.0,45.25,42.1,42.45,2138593,FYERS_HISTORY,2026-08-08T23:03:02+05:30
2022-06-17,SMD-0032,BANKINDIA,NSE:BANKINDIA-EQ,42.25,42.85,40.8,41.65,2110256,FYERS_HISTORY,2026-08-08T23:03:02+05:30
2022-06-20,SMD-0032,BANKINDIA,NSE:BANKINDIA-EQ,41.9,42.1,40.4,41.05,2040547,FYERS_HISTORY,2026-08-08T23:03:02+05:30
2022-06-21,SMD-0032,BANKINDIA,NSE:BANKINDIA-EQ,41.5,42.8,41.5,42.45,1798720,FYERS_HISTORY,2026-08-08T23:03:02+05:30
2022-06-22,SMD-0032,BANKINDIA,NSE:BANKINDIA-EQ,42.4,44.4,41.4,44.0,4711196,FYERS_HISTORY,2026-08-08T23:03:02+05:30
2022-06-23,SMD-0032,BANKINDIA,NSE:BANKINDIA-EQ,44.6,44.6,42.75,43.9,2306111,FYERS_HISTORY,2026-08-08T23:03:02+05:30
2022-06-24,SMD-0032,BANKINDIA,NSE:BANKINDIA-EQ,44.05,46.0,43.95,45.5,2295336,FYERS_HISTORY,2026-08-08T23:03:02+05:30
2022-06-27,SMD-0032,BANKINDIA,NSE:BANKINDIA-EQ,46.5,46.6,45.15,45.55,1299777,FYERS_HISTORY,2026-08-08T23:03:02+05:30
2022-06-28,SMD-0032,BANKINDIA,NSE:BANKINDIA-EQ,45.4,45.55,44.6,44.9,1271193,FYERS_HISTORY,2026-08-08T23:03:02+05:30
2022-06-29,SMD-0032,BANKINDIA,NSE:BANKINDIA-EQ,44.7,44.9,44.0,44.1,1358709,FYERS_HISTORY,2026-08-08T23:03:02+05:30
2022-06-30,SMD-0032,BANKINDIA,NSE:BANKINDIA-EQ,44.1,44.8,44.0,44.35,1149518,FYERS_HISTORY,2026-08-08T23:03:02+05:30
2022-07-01,SMD-0032,BANKINDIA,NSE:BANKINDIA-EQ,44.2,45.0,43.9,44.75,1053018,FYERS_HISTORY,2026-08-08T23:03:02+05:30
2022-07-04,SMD-0032,BANKINDIA,NSE:BANKINDIA-EQ,44.9,45.9,44.75,45.65,1497489,FYERS_HISTORY,2026-08-08T23:03:02+05:30
2022-07-05,SMD-0032,BANKINDIA,NSE:BANKINDIA-EQ,46.0,46.35,45.7,45.85,1429722,FYERS_HISTORY,2026-08-08T23:03:02+05:30
2022-07-06,SMD-0032,BANKINDIA,NSE:BANKINDIA-EQ,45.85,47.0,45.5,46.65,1725570,FYERS_HISTORY,2026-08-08T23:03:02+05:30
2022-07-07,SMD-0032,BANKINDIA,NSE:BANKINDIA-EQ,45.6,46.6,45.4,46.0,3191027,FYERS_HISTORY,2026-08-08T23:03:02+05:30
2022-07-08,SMD-0032,BANKINDIA,NSE:BANKINDIA-EQ,46.25,46.4,45.0,45.75,1557552,FYERS_HISTORY,2026-08-08T23:03:02+05:30
2022-07-11,SMD-0032,BANKINDIA,NSE:BANKINDIA-EQ,45.5,46.7,45.15,46.5,2423291,FYERS_HISTORY,2026-08-08T23:03:02+05:30
2022-07-12,SMD-0032,BANKINDIA,NSE:BANKINDIA-EQ,46.5,46.7,45.8,46.5,2124174,FYERS_HISTORY,2026-08-08T23:03:02+05:30
2022-07-13,SMD-0032,BANKINDIA,NSE:BANKINDIA-EQ,46.9,47.1,45.9,46.15,1980793,FYERS_HISTORY,2026-08-08T23:03:02+05:30
2022-07-14,SMD-0032,BANKINDIA,NSE:BANKINDIA-EQ,46.2,46.75,45.3,45.75,1208839,FYERS_HISTORY,2026-08-08T23:03:02+05:30
2022-07-15,SMD-0032,BANKINDIA,NSE:BANKINDIA-EQ,46.0,46.0,45.1,45.6,790116,FYERS_HISTORY,2026-08-08T23:03:02+05:30
2022-07-18,SMD-0032,BANKINDIA,NSE:BANKINDIA-EQ,46.0,47.3,45.8,46.9,3021071,FYERS_HISTORY,2026-08-08T23:03:02+05:30
2022-07-19,SMD-0032,BANKINDIA,NSE:BANKINDIA-EQ,46.9,47.55,46.7,47.4,2337191,FYERS_HISTORY,2026-08-08T23:03:02+05:30
2022-07-20,SMD-0032,BANKINDIA,NSE:BANKINDIA-EQ,48.0,48.3,47.55,48.0,2736221,FYERS_HISTORY,2026-08-08T23:03:02+05:30
2022-07-21,SMD-0032,BANKINDIA,NSE:BANKINDIA-EQ,47.95,49.65,47.6,49.15,4096964,FYERS_HISTORY,2026-08-08T23:03:02+05:30
2022-07-22,SMD-0032,BANKINDIA,NSE:BANKINDIA-EQ,49.25,49.9,48.7,49.05,2748317,FYERS_HISTORY,2026-08-08T23:03:02+05:30
2022-07-25,SMD-0032,BANKINDIA,NSE:BANKINDIA-EQ,49.05,49.05,48.05,48.25,1583087,FYERS_HISTORY,2026-08-08T23:03:02+05:30
2022-07-26,SMD-0032,BANKINDIA,NSE:BANKINDIA-EQ,48.25,48.4,46.2,46.45,2774840,FYERS_HISTORY,2026-08-08T23:03:02+05:30
2022-07-27,SMD-0032,BANKINDIA,NSE:BANKINDIA-EQ,46.5,48.5,46.3,48.05,2848851,FYERS_HISTORY,2026-08-08T23:03:02+05:30
2022-07-28,SMD-0032,BANKINDIA,NSE:BANKINDIA-EQ,48.2,48.7,47.65,48.0,2010471,FYERS_HISTORY,2026-08-08T23:03:02+05:30
2022-07-29,SMD-0032,BANKINDIA,NSE:BANKINDIA-EQ,48.2,48.7,47.5,47.7,2128517,FYERS_HISTORY,2026-08-08T23:03:02+05:30
2022-08-01,SMD-0032,BANKINDIA,NSE:BANKINDIA-EQ,47.95,49.4,47.5,49.15,3184117,FYERS_HISTORY,2026-08-08T23:03:02+05:30
2022-08-02,SMD-0032,BANKINDIA,NSE:BANKINDIA-EQ,48.95,52.0,48.6,50.4,16733540,FYERS_HISTORY,2026-08-08T23:03:02+05:30
2022-08-03,SMD-0032,BANKINDIA,NSE:BANKINDIA-EQ,50.05,50.2,48.85,49.3,3324877,FYERS_HISTORY,2026-08-08T23:03:02+05:30
2022-08-04,SMD-0032,BANKINDIA,NSE:BANKINDIA-EQ,49.5,50.0,48.1,48.75,3217118,FYERS_HISTORY,2026-08-08T23:03:02+05:30
2022-08-05,SMD-0032,BANKINDIA,NSE:BANKINDIA-EQ,49.2,49.5,48.3,48.75,2595425,FYERS_HISTORY,2026-08-08T23:03:02+05:30
2022-08-08,SMD-0032,BANKINDIA,NSE:BANKINDIA-EQ,48.75,49.25,48.25,48.65,1433148,FYERS_HISTORY,2026-08-08T23:03:02+05:30
2022-08-10,SMD-0032,BANKINDIA,NSE:BANKINDIA-EQ,48.7,48.95,48.05,48.3,1320089,FYERS_HISTORY,2026-08-08T23:03:02+05:30
2022-08-11,SMD-0032,BANKINDIA,NSE:BANKINDIA-EQ,48.8,49.7,48.6,49.1,3035252,FYERS_HISTORY,2026-08-08T23:03:02+05:30
2022-08-12,SMD-0032,BANKINDIA,NSE:BANKINDIA-EQ,49.2,49.7,48.9,49.25,2103438,FYERS_HISTORY,2026-08-08T23:03:02+05:30
2022-08-16,SMD-0032,BANKINDIA,NSE:BANKINDIA-EQ,49.7,49.8,48.8,49.1,2116380,FYERS_HISTORY,2026-08-08T23:03:02+05:30
2022-08-17,SMD-0032,BANKINDIA,NSE:BANKINDIA-EQ,49.25,51.1,49.2,50.6,4163085,FYERS_HISTORY,2026-08-08T23:03:02+05:30
2022-08-18,SMD-0032,BANKINDIA,NSE:BANKINDIA-EQ,50.5,51.7,50.1,50.9,4653861,FYERS_HISTORY,2026-08-08T23:03:02+05:30
2022-08-19,SMD-0032,BANKINDIA,NSE:BANKINDIA-EQ,51.4,51.6,49.5,49.85,2839285,FYERS_HISTORY,2026-08-08T23:03:02+05:30
2022-08-22,SMD-0032,BANKINDIA,NSE:BANKINDIA-EQ,49.75,49.8,48.6,48.75,1570820,FYERS_HISTORY,2026-08-08T23:03:02+05:30
2022-08-23,SMD-0032,BANKINDIA,NSE:BANKINDIA-EQ,48.5,49.15,48.3,49.0,1918402,FYERS_HISTORY,2026-08-08T23:03:02+05:30
2022-08-24,SMD-0032,BANKINDIA,NSE:BANKINDIA-EQ,48.9,49.85,48.75,49.55,1752669,FYERS_HISTORY,2026-08-08T23:03:02+05:30
2022-08-25,SMD-0032,BANKINDIA,NSE:BANKINDIA-EQ,49.95,52.4,49.75,51.65,9369040,FYERS_HISTORY,2026-08-08T23:03:02+05:30
2022-08-26,SMD-0032,BANKINDIA,NSE:BANKINDIA-EQ,52.0,53.2,51.6,51.9,4897072,FYERS_HISTORY,2026-08-08T23:03:02+05:30
2022-08-29,SMD-0032,BANKINDIA,NSE:BANKINDIA-EQ,50.7,51.4,50.0,50.9,2230074,FYERS_HISTORY,2026-08-08T23:03:02+05:30
2022-08-30,SMD-0032,BANKINDIA,NSE:BANKINDIA-EQ,51.4,52.2,51.2,51.9,2617837,FYERS_HISTORY,2026-08-08T23:03:02+05:30
2022-09-01,SMD-0032,BANKINDIA,NSE:BANKINDIA-EQ,51.55,52.7,51.35,51.6,2919668,FYERS_HISTORY,2026-08-08T23:03:02+05:30
2022-09-02,SMD-0032,BANKINDIA,NSE:BANKINDIA-EQ,51.9,52.2,50.65,50.9,1944978,FYERS_HISTORY,2026-08-08T23:03:02+05:30
2022-09-05,SMD-0032,BANKINDIA,NSE:BANKINDIA-EQ,50.9,51.8,50.6,50.9,3405749,FYERS_HISTORY,2026-08-08T23:03:02+05:30
2022-09-06,SMD-0032,BANKINDIA,NSE:BANKINDIA-EQ,51.3,51.95,50.55,51.0,4416307,FYERS_HISTORY,2026-08-08T23:03:02+05:30
2022-09-07,SMD-0032,BANKINDIA,NSE:BANKINDIA-EQ,50.7,51.45,50.6,51.2,2631352,FYERS_HISTORY,2026-08-08T23:03:02+05:30
2022-09-08,SMD-0032,BANKINDIA,NSE:BANKINDIA-EQ,51.7,53.0,51.5,52.6,7345847,FYERS_HISTORY,2026-08-08T23:03:02+05:30
2022-09-09,SMD-0032,BANKINDIA,NSE:BANKINDIA-EQ,53.0,53.4,51.7,52.05,4680889,FYERS_HISTORY,2026-08-08T23:03:02+05:30
2022-09-12,SMD-0032,BANKINDIA,NSE:BANKINDIA-EQ,52.45,52.75,52.05,52.45,4294747,FYERS_HISTORY,2026-08-08T23:03:02+05:30
2022-09-13,SMD-0032,BANKINDIA,NSE:BANKINDIA-EQ,52.75,53.25,52.4,52.65,5055236,FYERS_HISTORY,2026-08-08T23:03:02+05:30
2022-09-14,SMD-0032,BANKINDIA,NSE:BANKINDIA-EQ,51.5,53.5,51.1,53.05,6800826,FYERS_HISTORY,2026-08-08T23:03:02+05:30
2022-09-15,SMD-0032,BANKINDIA,NSE:BANKINDIA-EQ,53.5,54.45,52.6,53.0,5534460,FYERS_HISTORY,2026-08-08T23:03:02+05:30
2022-09-16,SMD-0032,BANKINDIA,NSE:BANKINDIA-EQ,52.85,52.95,50.85,51.1,4546535,FYERS_HISTORY,2026-08-08T23:03:02+05:30
2022-09-19,SMD-0032,BANKINDIA,NSE:BANKINDIA-EQ,51.25,53.15,51.0,52.55,5056765,FYERS_HISTORY,2026-08-08T23:03:02+05:30
2022-09-20,SMD-0032,BANKINDIA,NSE:BANKINDIA-EQ,52.95,53.4,52.05,52.2,4406321,FYERS_HISTORY,2026-08-08T23:03:02+05:30
2022-09-21,SMD-0032,BANKINDIA,NSE:BANKINDIA-EQ,52.35,52.75,51.6,51.75,2279941,FYERS_HISTORY,2026-08-08T23:03:02+05:30
2022-09-22,SMD-0032,BANKINDIA,NSE:BANKINDIA-EQ,51.6,52.4,51.05,51.2,4175237,FYERS_HISTORY,2026-08-08T23:03:02+05:30
2022-09-23,SMD-0032,BANKINDIA,NSE:BANKINDIA-EQ,51.2,51.45,49.5,49.95,3019475,FYERS_HISTORY,2026-08-08T23:03:02+05:30
2022-09-26,SMD-0032,BANKINDIA,NSE:BANKINDIA-EQ,49.25,49.45,46.95,47.4,3113162,FYERS_HISTORY,2026-08-08T23:03:02+05:30
2022-09-27,SMD-0032,BANKINDIA,NSE:BANKINDIA-EQ,47.85,48.2,46.25,46.75,3889659,FYERS_HISTORY,2026-08-08T23:03:02+05:30
2022-09-28,SMD-0032,BANKINDIA,NSE:BANKINDIA-EQ,46.2,47.25,46.0,46.1,2669603,FYERS_HISTORY,2026-08-08T23:03:02+05:30
2022-09-29,SMD-0032,BANKINDIA,NSE:BANKINDIA-EQ,46.55,49.75,45.85,48.2,4034029,FYERS_HISTORY,2026-08-08T23:03:02+05:30
2022-09-30,SMD-0032,BANKINDIA,NSE:BANKINDIA-EQ,47.65,49.4,47.2,48.2,4214203,FYERS_HISTORY,2026-08-08T23:03:02+05:30
2022-10-03,SMD-0032,BANKINDIA,NSE:BANKINDIA-EQ,48.15,48.4,47.05,47.3,1949872,FYERS_HISTORY,2026-08-08T23:03:02+05:30
2022-10-04,SMD-0032,BANKINDIA,NSE:BANKINDIA-EQ,48.0,48.3,47.5,48.0,3105252,FYERS_HISTORY,2026-08-08T23:03:02+05:30
2022-10-06,SMD-0032,BANKINDIA,NSE:BANKINDIA-EQ,48.5,48.95,48.3,48.5,1766243,FYERS_HISTORY,2026-08-08T23:03:02+05:30
2022-10-07,SMD-0032,BANKINDIA,NSE:BANKINDIA-EQ,48.15,49.0,48.0,48.85,1640232,FYERS_HISTORY,2026-08-08T23:03:02+05:30
2022-10-10,SMD-0032,BANKINDIA,NSE:BANKINDIA-EQ,48.2,48.4,47.5,47.6,2561677,FYERS_HISTORY,2026-08-08T23:03:02+05:30
2022-10-11,SMD-0032,BANKINDIA,NSE:BANKINDIA-EQ,47.7,47.95,46.8,46.9,1460402,FYERS_HISTORY,2026-08-08T23:03:02+05:30
2022-10-12,SMD-0032,BANKINDIA,NSE:BANKINDIA-EQ,47.15,47.8,46.9,47.15,1835280,FYERS_HISTORY,2026-08-08T23:03:02+05:30
2022-10-13,SMD-0032,BANKINDIA,NSE:BANKINDIA-EQ,47.2,47.45,46.15,46.3,1699594,FYERS_HISTORY,2026-08-08T23:03:02+05:30
2022-10-14,SMD-0032,BANKINDIA,NSE:BANKINDIA-EQ,46.9,47.3,46.3,46.6,1973949,FYERS_HISTORY,2026-08-08T23:03:02+05:30
2022-10-17,SMD-0032,BANKINDIA,NSE:BANKINDIA-EQ,46.75,47.2,46.2,46.9,3043504,FYERS_HISTORY,2026-08-08T23:03:02+05:30
2022-10-18,SMD-0032,BANKINDIA,NSE:BANKINDIA-EQ,47.2,48.95,47.1,48.1,6650448,FYERS_HISTORY,2026-08-08T23:03:02+05:30
2022-10-19,SMD-0032,BANKINDIA,NSE:BANKINDIA-EQ,48.6,49.2,48.4,48.55,4604215,FYERS_HISTORY,2026-08-08T23:03:02+05:30
2022-10-20,SMD-0032,BANKINDIA,NSE:BANKINDIA-EQ,48.2,50.0,48.1,49.7,4755561,FYERS_HISTORY,2026-08-08T23:03:02+05:30
2022-10-21,SMD-0032,BANKINDIA,NSE:BANKINDIA-EQ,49.35,52.0,49.35,50.5,7941385,FYERS_HISTORY,2026-08-08T23:03:02+05:30
2022-10-24,SMD-0032,BANKINDIA,NSE:BANKINDIA-EQ,51.0,51.7,51.0,51.25,1271612,FYERS_HISTORY,2026-08-08T23:03:02+05:30
2022-10-25,SMD-0032,BANKINDIA,NSE:BANKINDIA-EQ,51.1,57.55,50.5,56.45,33792078,FYERS_HISTORY,2026-08-08T23:03:02+05:30
2022-10-27,SMD-0032,BANKINDIA,NSE:BANKINDIA-EQ,56.5,58.15,55.8,57.3,16947608,FYERS_HISTORY,2026-08-08T23:03:02+05:30
2022-10-28,SMD-0032,BANKINDIA,NSE:BANKINDIA-EQ,57.0,59.1,56.7,58.7,20684616,FYERS_HISTORY,2026-08-08T23:03:02+05:30
2022-10-31,SMD-0032,BANKINDIA,NSE:BANKINDIA-EQ,59.55,60.75,58.3,60.25,17616159,FYERS_HISTORY,2026-08-08T23:03:02+05:30
2022-11-01,SMD-0032,BANKINDIA,NSE:BANKINDIA-EQ,60.5,62.35,60.1,61.8,22673305,FYERS_HISTORY,2026-08-08T23:03:02+05:30
2022-11-02,SMD-0032,BANKINDIA,NSE:BANKINDIA-EQ,62.0,62.15,59.25,61.0,14712379,FYERS_HISTORY,2026-08-08T23:03:02+05:30
2022-11-03,SMD-0032,BANKINDIA,NSE:BANKINDIA-EQ,60.8,64.8,60.3,64.0,45789813,FYERS_HISTORY,2026-08-08T23:03:02+05:30
2022-11-04,SMD-0032,BANKINDIA,NSE:BANKINDIA-EQ,65.4,68.0,65.35,66.95,51275333,FYERS_HISTORY,2026-08-08T23:03:02+05:30
2022-11-07,SMD-0032,BANKINDIA,NSE:BANKINDIA-EQ,68.9,71.0,68.1,70.65,37785088,FYERS_HISTORY,2026-08-08T23:03:02+05:30
2022-11-09,SMD-0032,BANKINDIA,NSE:BANKINDIA-EQ,71.25,77.7,69.4,76.95,66064082,FYERS_HISTORY,2026-08-08T23:03:02+05:30
2022-11-10,SMD-0032,BANKINDIA,NSE:BANKINDIA-EQ,76.0,77.5,72.25,73.7,28076509,FYERS_HISTORY,2026-08-08T23:03:02+05:30
2022-11-11,SMD-0032,BANKINDIA,NSE:BANKINDIA-EQ,75.35,76.0,74.0,74.6,17506025,FYERS_HISTORY,2026-08-08T23:03:02+05:30
2022-11-14,SMD-0032,BANKINDIA,NSE:BANKINDIA-EQ,74.1,76.45,72.8,75.05,12588052,FYERS_HISTORY,2026-08-08T23:03:02+05:30
2022-11-15,SMD-0032,BANKINDIA,NSE:BANKINDIA-EQ,75.5,75.5,73.5,74.25,8312658,FYERS_HISTORY,2026-08-08T23:03:02+05:30
2022-11-16,SMD-0032,BANKINDIA,NSE:BANKINDIA-EQ,74.2,75.5,73.5,74.05,10919208,FYERS_HISTORY,2026-08-08T23:03:02+05:30
2022-11-17,SMD-0032,BANKINDIA,NSE:BANKINDIA-EQ,73.85,75.35,73.4,74.3,8874301,FYERS_HISTORY,2026-08-08T23:03:02+05:30
2022-11-18,SMD-0032,BANKINDIA,NSE:BANKINDIA-EQ,74.7,77.9,74.0,75.1,23611698,FYERS_HISTORY,2026-08-08T23:03:02+05:30
2022-11-21,SMD-0032,BANKINDIA,NSE:BANKINDIA-EQ,75.0,78.4,74.65,77.1,19948870,FYERS_HISTORY,2026-08-08T23:03:02+05:30
2022-11-22,SMD-0032,BANKINDIA,NSE:BANKINDIA-EQ,78.5,80.95,77.35,80.45,28943108,FYERS_HISTORY,2026-08-08T23:03:02+05:30
2022-11-23,SMD-0032,BANKINDIA,NSE:BANKINDIA-EQ,81.0,81.0,78.35,79.35,18982148,FYERS_HISTORY,2026-08-08T23:03:02+05:30
2022-11-24,SMD-0032,BANKINDIA,NSE:BANKINDIA-EQ,79.6,83.25,79.6,81.3,26150814,FYERS_HISTORY,2026-08-08T23:03:02+05:30
2022-11-25,SMD-0032,BANKINDIA,NSE:BANKINDIA-EQ,82.05,84.6,81.0,81.8,17424428,FYERS_HISTORY,2026-08-08T23:03:02+05:30
2022-11-28,SMD-0032,BANKINDIA,NSE:BANKINDIA-EQ,81.8,83.15,79.7,81.25,11460216,FYERS_HISTORY,2026-08-08T23:03:02+05:30
2022-11-29,SMD-0032,BANKINDIA,NSE:BANKINDIA-EQ,81.6,85.5,81.15,83.75,22577829,FYERS_HISTORY,2026-08-08T23:03:02+05:30
2022-11-30,SMD-0032,BANKINDIA,NSE:BANKINDIA-EQ,84.2,85.0,81.8,82.3,10057927,FYERS_HISTORY,2026-08-08T23:03:02+05:30
2022-12-01,SMD-0032,BANKINDIA,NSE:BANKINDIA-EQ,82.55,84.0,80.15,83.1,16662882,FYERS_HISTORY,2026-08-08T23:03:02+05:30
2022-12-02,SMD-0032,BANKINDIA,NSE:BANKINDIA-EQ,82.5,85.7,82.5,84.55,19118072,FYERS_HISTORY,2026-08-08T23:03:02+05:30
2022-12-05,SMD-0032,BANKINDIA,NSE:BANKINDIA-EQ,85.1,87.5,84.9,86.3,16512468,FYERS_HISTORY,2026-08-08T23:03:02+05:30
2022-12-06,SMD-0032,BANKINDIA,NSE:BANKINDIA-EQ,87.5,94.9,87.35,90.3,64566563,FYERS_HISTORY,2026-08-08T23:03:02+05:30
2022-12-07,SMD-0032,BANKINDIA,NSE:BANKINDIA-EQ,91.7,95.2,90.55,92.85,40632070,FYERS_HISTORY,2026-08-08T23:03:02+05:30
2022-12-08,SMD-0032,BANKINDIA,NSE:BANKINDIA-EQ,93.6,101.2,93.45,100.2,65938068,FYERS_HISTORY,2026-08-08T23:03:02+05:30
2022-12-09,SMD-0032,BANKINDIA,NSE:BANKINDIA-EQ,101.8,102.85,90.7,95.25,64253084,FYERS_HISTORY,2026-08-08T23:03:02+05:30
2022-12-12,SMD-0032,BANKINDIA,NSE:BANKINDIA-EQ,94.6,99.1,93.2,98.0,32045806,FYERS_HISTORY,2026-08-08T23:03:02+05:30
2022-12-13,SMD-0032,BANKINDIA,NSE:BANKINDIA-EQ,98.5,102.95,97.3,101.8,38377035,FYERS_HISTORY,2026-08-08T23:03:02+05:30
2022-12-14,SMD-0032,BANKINDIA,NSE:BANKINDIA-EQ,102.3,102.7,98.8,99.55,28459879,FYERS_HISTORY,2026-08-08T23:03:02+05:30
2022-12-15,SMD-0032,BANKINDIA,NSE:BANKINDIA-EQ,99.8,103.5,94.0,94.45,54070468,FYERS_HISTORY,2026-08-08T23:03:02+05:30
2022-12-16,SMD-0032,BANKINDIA,NSE:BANKINDIA-EQ,94.5,95.65,90.6,91.05,31214748,FYERS_HISTORY,2026-08-08T23:03:02+05:30
2022-12-19,SMD-0032,BANKINDIA,NSE:BANKINDIA-EQ,91.55,92.45,88.5,90.05,22859602,FYERS_HISTORY,2026-08-08T23:03:02+05:30
2022-12-20,SMD-0032,BANKINDIA,NSE:BANKINDIA-EQ,90.8,90.8,87.45,88.5,15966771,FYERS_HISTORY,2026-08-08T23:03:02+05:30
2022-12-21,SMD-0032,BANKINDIA,NSE:BANKINDIA-EQ,89.0,93.95,85.55,86.6,36766532,FYERS_HISTORY,2026-08-08T23:03:02+05:30
2022-12-22,SMD-0032,BANKINDIA,NSE:BANKINDIA-EQ,87.75,88.85,81.15,83.15,34029343,FYERS_HISTORY,2026-08-08T23:03:02+05:30
2022-12-23,SMD-0032,BANKINDIA,NSE:BANKINDIA-EQ,82.1,82.5,76.65,77.4,33696758,FYERS_HISTORY,2026-08-08T23:03:02+05:30
2022-12-26,SMD-0032,BANKINDIA,NSE:BANKINDIA-EQ,77.4,88.7,75.0,87.45,44666926,FYERS_HISTORY,2026-08-08T23:03:02+05:30
2022-12-27,SMD-0032,BANKINDIA,NSE:BANKINDIA-EQ,89.25,90.5,86.7,88.9,28152129,FYERS_HISTORY,2026-08-08T23:03:02+05:30
2022-12-28,SMD-0032,BANKINDIA,NSE:BANKINDIA-EQ,89.3,91.45,85.1,87.15,29300061,FYERS_HISTORY,2026-08-08T23:03:02+05:30
2022-12-29,SMD-0032,BANKINDIA,NSE:BANKINDIA-EQ,86.7,87.45,84.3,86.2,26957053,FYERS_HISTORY,2026-08-08T23:03:02+05:30
2022-12-30,SMD-0032,BANKINDIA,NSE:BANKINDIA-EQ,87.3,89.75,86.75,88.25,23297296,FYERS_HISTORY,2026-08-08T23:03:02+05:30
2023-01-02,SMD-0032,BANKINDIA,NSE:BANKINDIA-EQ,88.95,92.4,88.25,91.5,24017164,FYERS_HISTORY,2026-08-08T23:03:02+05:30
2023-01-03,SMD-0032,BANKINDIA,NSE:BANKINDIA-EQ,92.3,94.5,92.15,93.7,28822322,FYERS_HISTORY,2026-08-08T23:03:02+05:30
2023-01-04,SMD-0032,BANKINDIA,NSE:BANKINDIA-EQ,94.55,95.9,92.15,94.15,32925860,FYERS_HISTORY,2026-08-08T23:03:02+05:30
2023-01-05,SMD-0032,BANKINDIA,NSE:BANKINDIA-EQ,94.5,95.9,92.1,94.2,23254902,FYERS_HISTORY,2026-08-08T23:03:02+05:30
2023-01-06,SMD-0032,BANKINDIA,NSE:BANKINDIA-EQ,94.85,95.2,92.55,93.45,14508676,FYERS_HISTORY,2026-08-08T23:03:02+05:30
2023-01-09,SMD-0032,BANKINDIA,NSE:BANKINDIA-EQ,94.2,96.0,93.3,95.25,18826588,FYERS_HISTORY,2026-08-08T23:03:02+05:30
2023-01-10,SMD-0032,BANKINDIA,NSE:BANKINDIA-EQ,95.5,95.5,90.95,91.85,13471211,FYERS_HISTORY,2026-08-08T23:03:02+05:30
2023-01-11,SMD-0032,BANKINDIA,NSE:BANKINDIA-EQ,92.2,95.3,89.85,94.85,26419316,FYERS_HISTORY,2026-08-08T23:03:02+05:30
2023-01-12,SMD-0032,BANKINDIA,NSE:BANKINDIA-EQ,95.0,95.2,93.45,94.85,13399632,FYERS_HISTORY,2026-08-08T23:03:02+05:30
2023-01-13,SMD-0032,BANKINDIA,NSE:BANKINDIA-EQ,95.25,97.0,94.15,96.4,20195109,FYERS_HISTORY,2026-08-08T23:03:02+05:30
2023-01-16,SMD-0032,BANKINDIA,NSE:BANKINDIA-EQ,96.6,101.3,96.5,97.85,29233309,FYERS_HISTORY,2026-08-08T23:03:02+05:30
2023-01-17,SMD-0032,BANKINDIA,NSE:BANKINDIA-EQ,98.9,100.0,89.65,93.4,70466402,FYERS_HISTORY,2026-08-08T23:03:02+05:30
2023-01-18,SMD-0032,BANKINDIA,NSE:BANKINDIA-EQ,92.05,92.65,89.0,89.35,43303240,FYERS_HISTORY,2026-08-08T23:03:02+05:30
2023-01-19,SMD-0032,BANKINDIA,NSE:BANKINDIA-EQ,89.3,90.9,88.8,90.05,20169417,FYERS_HISTORY,2026-08-08T23:03:02+05:30
2023-01-20,SMD-0032,BANKINDIA,NSE:BANKINDIA-EQ,90.45,91.2,89.65,90.2,16244437,FYERS_HISTORY,2026-08-08T23:03:02+05:30
2023-01-23,SMD-0032,BANKINDIA,NSE:BANKINDIA-EQ,90.7,91.25,86.55,87.6,8169869,FYERS_HISTORY,2026-08-08T23:03:02+05:30
2023-01-24,SMD-0032,BANKINDIA,NSE:BANKINDIA-EQ,88.1,88.5,84.8,85.8,9460911,FYERS_HISTORY,2026-08-08T23:03:02+05:30
2023-01-25,SMD-0032,BANKINDIA,NSE:BANKINDIA-EQ,85.25,85.8,80.75,82.55,17793136,FYERS_HISTORY,2026-08-08T23:03:02+05:30
2023-01-27,SMD-0032,BANKINDIA,NSE:BANKINDIA-EQ,82.55,83.4,75.9,77.9,22272182,FYERS_HISTORY,2026-08-08T23:03:02+05:30
2023-01-30,SMD-0032,BANKINDIA,NSE:BANKINDIA-EQ,77.9,81.15,76.0,78.35,18527169,FYERS_HISTORY,2026-08-08T23:03:02+05:30
2023-01-31,SMD-0032,BANKINDIA,NSE:BANKINDIA-EQ,79.05,84.3,78.2,82.7,19018759,FYERS_HISTORY,2026-08-08T23:03:02+05:30
2023-02-01,SMD-0032,BANKINDIA,NSE:BANKINDIA-EQ,84.0,85.75,77.8,79.7,25489251,FYERS_HISTORY,2026-08-08T23:03:02+05:30
2023-02-02,SMD-0032,BANKINDIA,NSE:BANKINDIA-EQ,79.0,80.7,76.5,77.75,12734571,FYERS_HISTORY,2026-08-08T23:03:02+05:30
2023-02-03,SMD-0032,BANKINDIA,NSE:BANKINDIA-EQ,78.25,80.4,76.65,79.75,17282156,FYERS_HISTORY,2026-08-08T23:03:02+05:30
2023-02-06,SMD-0032,BANKINDIA,NSE:BANKINDIA-EQ,80.2,81.0,78.75,79.1,7402174,FYERS_HISTORY,2026-08-08T23:03:02+05:30
2023-02-07,SMD-0032,BANKINDIA,NSE:BANKINDIA-EQ,79.45,79.45,77.6,78.0,5804796,FYERS_HISTORY,2026-08-08T23:03:02+05:30
2023-02-08,SMD-0032,BANKINDIA,NSE:BANKINDIA-EQ,78.4,80.9,77.7,80.45,9001344,FYERS_HISTORY,2026-08-08T23:03:02+05:30
2023-02-09,SMD-0032,BANKINDIA,NSE:BANKINDIA-EQ,80.45,81.65,79.25,80.6,8404132,FYERS_HISTORY,2026-08-08T23:03:02+05:30
2023-02-10,SMD-0032,BANKINDIA,NSE:BANKINDIA-EQ,80.15,84.1,79.4,79.85,19524652,FYERS_HISTORY,2026-08-08T23:03:02+05:30
2023-02-13,SMD-0032,BANKINDIA,NSE:BANKINDIA-EQ,80.0,80.35,78.45,79.2,5646626,FYERS_HISTORY,2026-08-08T23:03:02+05:30
2023-02-14,SMD-0032,BANKINDIA,NSE:BANKINDIA-EQ,79.0,79.1,76.05,77.75,10354152,FYERS_HISTORY,2026-08-08T23:03:02+05:30
2023-02-15,SMD-0032,BANKINDIA,NSE:BANKINDIA-EQ,77.2,78.6,76.85,78.2,5509405,FYERS_HISTORY,2026-08-08T23:03:02+05:30
2023-02-16,SMD-0032,BANKINDIA,NSE:BANKINDIA-EQ,78.65,79.2,76.85,77.65,5018615,FYERS_HISTORY,2026-08-08T23:03:02+05:30
2023-02-17,SMD-0032,BANKINDIA,NSE:BANKINDIA-EQ,76.95,77.4,75.0,75.55,7763798,FYERS_HISTORY,2026-08-08T23:03:02+05:30
2023-02-20,SMD-0032,BANKINDIA,NSE:BANKINDIA-EQ,75.7,76.15,74.7,75.6,6669799,FYERS_HISTORY,2026-08-08T23:03:02+05:30
2023-02-21,SMD-0032,BANKINDIA,NSE:BANKINDIA-EQ,75.75,75.9,70.35,70.9,22735891,FYERS_HISTORY,2026-08-08T23:03:02+05:30
2023-02-22,SMD-0032,BANKINDIA,NSE:BANKINDIA-EQ,70.15,71.85,69.5,70.2,11728238,FYERS_HISTORY,2026-08-08T23:03:02+05:30
2023-02-23,SMD-0032,BANKINDIA,NSE:BANKINDIA-EQ,70.2,71.9,68.25,71.15,10931607,FYERS_HISTORY,2026-08-08T23:03:02+05:30
2023-02-24,SMD-0032,BANKINDIA,NSE:BANKINDIA-EQ,71.8,72.0,69.65,70.1,9112691,FYERS_HISTORY,2026-08-08T23:03:02+05:30
2023-02-27,SMD-0032,BANKINDIA,NSE:BANKINDIA-EQ,69.5,70.4,66.05,66.9,23297557,FYERS_HISTORY,2026-08-08T23:03:02+05:30
2023-02-28,SMD-0032,BANKINDIA,NSE:BANKINDIA-EQ,67.65,71.4,67.55,70.85,15510921,FYERS_HISTORY,2026-08-08T23:03:02+05:30
2023-03-01,SMD-0032,BANKINDIA,NSE:BANKINDIA-EQ,71.0,74.4,69.8,74.05,17157626,FYERS_HISTORY,2026-08-08T23:03:02+05:30
2023-03-02,SMD-0032,BANKINDIA,NSE:BANKINDIA-EQ,74.2,75.95,72.6,75.65,17236985,FYERS_HISTORY,2026-08-08T23:03:02+05:30
2023-03-03,SMD-0032,BANKINDIA,NSE:BANKINDIA-EQ,76.3,80.9,76.3,80.3,27596572,FYERS_HISTORY,2026-08-08T23:03:02+05:30
2023-03-06,SMD-0032,BANKINDIA,NSE:BANKINDIA-EQ,80.7,85.9,79.8,81.15,26494355,FYERS_HISTORY,2026-08-08T23:03:02+05:30
2023-03-08,SMD-0032,BANKINDIA,NSE:BANKINDIA-EQ,80.5,80.7,79.2,79.95,9029996,FYERS_HISTORY,2026-08-08T23:03:02+05:30
2023-03-09,SMD-0032,BANKINDIA,NSE:BANKINDIA-EQ,80.15,81.6,78.65,79.35,14861735,FYERS_HISTORY,2026-08-08T23:03:02+05:30
2023-03-10,SMD-0032,BANKINDIA,NSE:BANKINDIA-EQ,79.0,79.0,75.5,76.25,10309135,FYERS_HISTORY,2026-08-08T23:03:02+05:30
2023-03-13,SMD-0032,BANKINDIA,NSE:BANKINDIA-EQ,76.3,78.3,74.6,75.25,12354157,FYERS_HISTORY,2026-08-08T23:03:02+05:30
2023-03-14,SMD-0032,BANKINDIA,NSE:BANKINDIA-EQ,75.25,75.25,70.35,70.85,18030771,FYERS_HISTORY,2026-08-08T23:03:02+05:30
2023-03-15,SMD-0032,BANKINDIA,NSE:BANKINDIA-EQ,72.0,73.6,69.0,69.8,14039598,FYERS_HISTORY,2026-08-08T23:03:02+05:30
2023-03-16,SMD-0032,BANKINDIA,NSE:BANKINDIA-EQ,70.0,71.9,67.9,71.4,17883910,FYERS_HISTORY,2026-08-08T23:03:02+05:30
2023-03-17,SMD-0032,BANKINDIA,NSE:BANKINDIA-EQ,72.7,75.85,71.55,74.55,29072424,FYERS_HISTORY,2026-08-08T23:03:02+05:30
2023-03-20,SMD-0032,BANKINDIA,NSE:BANKINDIA-EQ,74.6,74.6,71.6,72.45,17859106,FYERS_HISTORY,2026-08-08T23:03:02+05:30
2023-03-21,SMD-0032,BANKINDIA,NSE:BANKINDIA-EQ,73.5,73.8,72.35,73.45,8241954,FYERS_HISTORY,2026-08-08T23:03:02+05:30
2023-03-22,SMD-0032,BANKINDIA,NSE:BANKINDIA-EQ,73.1,75.6,73.1,74.65,10284502,FYERS_HISTORY,2026-08-08T23:03:02+05:30
2023-03-23,SMD-0032,BANKINDIA,NSE:BANKINDIA-EQ,74.4,74.45,73.0,73.4,7946657,FYERS_HISTORY,2026-08-08T23:03:02+05:30
2023-03-24,SMD-0032,BANKINDIA,NSE:BANKINDIA-EQ,73.5,73.95,69.6,70.35,9332025,FYERS_HISTORY,2026-08-08T23:03:02+05:30
2023-03-27,SMD-0032,BANKINDIA,NSE:BANKINDIA-EQ,70.85,71.5,67.6,69.05,11732479,FYERS_HISTORY,2026-08-08T23:03:02+05:30
2023-03-28,SMD-0032,BANKINDIA,NSE:BANKINDIA-EQ,69.45,72.8,69.15,71.55,12632993,FYERS_HISTORY,2026-08-08T23:03:02+05:30
2023-03-29,SMD-0032,BANKINDIA,NSE:BANKINDIA-EQ,71.45,77.95,71.05,76.9,20079281,FYERS_HISTORY,2026-08-08T23:03:02+05:30
2023-03-31,SMD-0032,BANKINDIA,NSE:BANKINDIA-EQ,76.9,77.9,74.1,74.65,12444105,FYERS_HISTORY,2026-08-08T23:03:02+05:30
2023-04-03,SMD-0032,BANKINDIA,NSE:BANKINDIA-EQ,75.0,76.45,74.1,75.95,8102076,FYERS_HISTORY,2026-08-08T23:03:02+05:30
2023-04-05,SMD-0032,BANKINDIA,NSE:BANKINDIA-EQ,76.1,77.8,75.3,77.45,10567616,FYERS_HISTORY,2026-08-08T23:03:02+05:30
2023-04-06,SMD-0032,BANKINDIA,NSE:BANKINDIA-EQ,77.25,78.4,75.7,76.75,10106794,FYERS_HISTORY,2026-08-08T23:03:02+05:30
2023-04-10,SMD-0032,BANKINDIA,NSE:BANKINDIA-EQ,77.05,77.4,75.0,75.4,5221913,FYERS_HISTORY,2026-08-08T23:03:02+05:30
2023-04-11,SMD-0032,BANKINDIA,NSE:BANKINDIA-EQ,76.15,78.2,76.0,76.75,8243733,FYERS_HISTORY,2026-08-08T23:03:02+05:30
2023-04-12,SMD-0032,BANKINDIA,NSE:BANKINDIA-EQ,77.1,77.15,75.0,75.4,5357265,FYERS_HISTORY,2026-08-08T23:03:02+05:30
2023-04-13,SMD-0032,BANKINDIA,NSE:BANKINDIA-EQ,75.65,77.65,74.75,77.05,9394191,FYERS_HISTORY,2026-08-08T23:03:02+05:30
2023-04-17,SMD-0032,BANKINDIA,NSE:BANKINDIA-EQ,77.05,80.25,76.2,79.95,16077036,FYERS_HISTORY,2026-08-08T23:03:02+05:30
2023-04-18,SMD-0032,BANKINDIA,NSE:BANKINDIA-EQ,80.4,81.9,80.05,80.75,14038890,FYERS_HISTORY,2026-08-08T23:03:02+05:30
2023-04-19,SMD-0032,BANKINDIA,NSE:BANKINDIA-EQ,80.95,82.25,79.6,80.15,11415718,FYERS_HISTORY,2026-08-08T23:03:02+05:30
2023-04-20,SMD-0032,BANKINDIA,NSE:BANKINDIA-EQ,80.45,81.2,78.3,78.95,7351282,FYERS_HISTORY,2026-08-08T23:03:02+05:30
2023-04-21,SMD-0032,BANKINDIA,NSE:BANKINDIA-EQ,79.3,79.3,76.55,77.15,7446780,FYERS_HISTORY,2026-08-08T23:03:02+05:30
2023-04-24,SMD-0032,BANKINDIA,NSE:BANKINDIA-EQ,77.6,79.95,76.95,79.7,9303016,FYERS_HISTORY,2026-08-08T23:03:02+05:30
2023-04-25,SMD-0032,BANKINDIA,NSE:BANKINDIA-EQ,80.2,82.3,79.6,80.05,13250540,FYERS_HISTORY,2026-08-08T23:03:02+05:30
2023-04-26,SMD-0032,BANKINDIA,NSE:BANKINDIA-EQ,80.0,80.75,79.05,79.95,7990462,FYERS_HISTORY,2026-08-08T23:03:02+05:30
2023-04-27,SMD-0032,BANKINDIA,NSE:BANKINDIA-EQ,80.0,81.4,79.65,81.2,7354407,FYERS_HISTORY,2026-08-08T23:03:02+05:30
2023-04-28,SMD-0032,BANKINDIA,NSE:BANKINDIA-EQ,81.7,84.5,81.7,84.0,17197134,FYERS_HISTORY,2026-08-08T23:03:02+05:30
2023-05-02,SMD-0032,BANKINDIA,NSE:BANKINDIA-EQ,84.8,86.75,84.25,84.7,15211839,FYERS_HISTORY,2026-08-08T23:03:02+05:30
2023-05-03,SMD-0032,BANKINDIA,NSE:BANKINDIA-EQ,84.0,85.7,82.7,83.65,9115680,FYERS_HISTORY,2026-08-08T23:03:02+05:30
2023-05-04,SMD-0032,BANKINDIA,NSE:BANKINDIA-EQ,83.9,86.8,83.7,86.35,12588309,FYERS_HISTORY,2026-08-08T23:03:02+05:30
2023-05-05,SMD-0032,BANKINDIA,NSE:BANKINDIA-EQ,86.5,89.2,85.6,86.2,21390482,FYERS_HISTORY,2026-08-08T23:03:02+05:30
2023-05-08,SMD-0032,BANKINDIA,NSE:BANKINDIA-EQ,82.0,82.9,79.15,81.15,31978754,FYERS_HISTORY,2026-08-08T23:03:02+05:30
2023-05-09,SMD-0032,BANKINDIA,NSE:BANKINDIA-EQ,82.0,82.75,78.15,79.05,12625095,FYERS_HISTORY,2026-08-08T23:03:02+05:30
2023-05-10,SMD-0032,BANKINDIA,NSE:BANKINDIA-EQ,78.95,79.1,77.2,78.1,9066616,FYERS_HISTORY,2026-08-08T23:03:02+05:30
2023-05-11,SMD-0032,BANKINDIA,NSE:BANKINDIA-EQ,78.9,79.15,77.85,78.25,5788684,FYERS_HISTORY,2026-08-08T23:03:02+05:30
2023-05-12,SMD-0032,BANKINDIA,NSE:BANKINDIA-EQ,78.0,78.4,77.25,77.5,5123202,FYERS_HISTORY,2026-08-08T23:03:02+05:30
2023-05-15,SMD-0032,BANKINDIA,NSE:BANKINDIA-EQ,77.45,79.1,76.25,78.45,6984746,FYERS_HISTORY,2026-08-08T23:03:02+05:30
2023-05-16,SMD-0032,BANKINDIA,NSE:BANKINDIA-EQ,79.0,80.35,76.9,77.1,9467943,FYERS_HISTORY,2026-08-08T23:03:02+05:30
2023-05-17,SMD-0032,BANKINDIA,NSE:BANKINDIA-EQ,77.3,78.2,75.85,76.55,7285701,FYERS_HISTORY,2026-08-08T23:03:02+05:30
2023-05-18,SMD-0032,BANKINDIA,NSE:BANKINDIA-EQ,77.2,77.85,76.0,76.35,4464221,FYERS_HISTORY,2026-08-08T23:03:02+05:30
2023-05-19,SMD-0032,BANKINDIA,NSE:BANKINDIA-EQ,76.4,76.75,75.05,75.7,4778259,FYERS_HISTORY,2026-08-08T23:03:02+05:30
2023-05-22,SMD-0032,BANKINDIA,NSE:BANKINDIA-EQ,75.75,75.95,74.8,75.3,4437252,FYERS_HISTORY,2026-08-08T23:03:02+05:30
2023-05-23,SMD-0032,BANKINDIA,NSE:BANKINDIA-EQ,75.7,75.9,74.3,74.7,4756333,FYERS_HISTORY,2026-08-08T23:03:02+05:30
2023-05-24,SMD-0032,BANKINDIA,NSE:BANKINDIA-EQ,74.55,75.0,73.3,73.55,4709974,FYERS_HISTORY,2026-08-08T23:03:02+05:30
2023-05-25,SMD-0032,BANKINDIA,NSE:BANKINDIA-EQ,73.45,73.5,72.0,72.5,7233513,FYERS_HISTORY,2026-08-08T23:03:02+05:30
2023-05-26,SMD-0032,BANKINDIA,NSE:BANKINDIA-EQ,72.8,75.0,72.6,74.55,7290651,FYERS_HISTORY,2026-08-08T23:03:02+05:30
2023-05-29,SMD-0032,BANKINDIA,NSE:BANKINDIA-EQ,75.4,75.8,74.7,75.15,5170603,FYERS_HISTORY,2026-08-08T23:03:02+05:30
2023-05-30,SMD-0032,BANKINDIA,NSE:BANKINDIA-EQ,75.15,75.5,74.5,74.85,2703655,FYERS_HISTORY,2026-08-08T23:03:02+05:30
2023-05-31,SMD-0032,BANKINDIA,NSE:BANKINDIA-EQ,74.5,74.85,73.5,73.75,6186430,FYERS_HISTORY,2026-08-08T23:03:02+05:30
2023-06-01,SMD-0032,BANKINDIA,NSE:BANKINDIA-EQ,73.8,75.1,73.45,74.5,7783523,FYERS_HISTORY,2026-08-08T23:03:02+05:30
2023-06-02,SMD-0032,BANKINDIA,NSE:BANKINDIA-EQ,74.95,75.4,74.3,74.6,6158885,FYERS_HISTORY,2026-08-08T23:03:02+05:30
2023-06-05,SMD-0032,BANKINDIA,NSE:BANKINDIA-EQ,75.2,75.3,74.1,74.25,3887735,FYERS_HISTORY,2026-08-08T23:03:02+05:30
2023-06-06,SMD-0032,BANKINDIA,NSE:BANKINDIA-EQ,74.35,74.6,73.75,74.05,2567455,FYERS_HISTORY,2026-08-08T23:03:02+05:30
2023-06-07,SMD-0032,BANKINDIA,NSE:BANKINDIA-EQ,74.2,74.8,74.05,74.2,3214305,FYERS_HISTORY,2026-08-08T23:03:02+05:30
2023-06-08,SMD-0032,BANKINDIA,NSE:BANKINDIA-EQ,74.5,75.0,74.0,74.2,4211618,FYERS_HISTORY,2026-08-08T23:03:02+05:30
2023-06-09,SMD-0032,BANKINDIA,NSE:BANKINDIA-EQ,74.2,74.45,72.5,72.7,4983983,FYERS_HISTORY,2026-08-08T23:03:02+05:30
2023-06-12,SMD-0032,BANKINDIA,NSE:BANKINDIA-EQ,73.0,73.55,72.75,73.05,3158863,FYERS_HISTORY,2026-08-08T23:03:02+05:30
2023-06-13,SMD-0032,BANKINDIA,NSE:BANKINDIA-EQ,73.6,74.0,73.3,73.7,3543341,FYERS_HISTORY,2026-08-08T23:03:02+05:30
2023-06-14,SMD-0032,BANKINDIA,NSE:BANKINDIA-EQ,74.0,74.5,73.8,74.2,3568679,FYERS_HISTORY,2026-08-08T23:03:02+05:30
2023-06-15,SMD-0032,BANKINDIA,NSE:BANKINDIA-EQ,74.2,74.75,73.0,73.2,5009673,FYERS_HISTORY,2026-08-08T23:03:02+05:30
2023-06-16,SMD-0032,BANKINDIA,NSE:BANKINDIA-EQ,73.7,74.25,72.8,73.15,6492267,FYERS_HISTORY,2026-08-08T23:03:02+05:30
2023-06-19,SMD-0032,BANKINDIA,NSE:BANKINDIA-EQ,73.6,75.9,73.45,75.15,12205690,FYERS_HISTORY,2026-08-08T23:03:02+05:30
2023-06-20,SMD-0032,BANKINDIA,NSE:BANKINDIA-EQ,73.95,74.7,73.8,74.45,7523953,FYERS_HISTORY,2026-08-08T23:03:02+05:30
2023-06-21,SMD-0032,BANKINDIA,NSE:BANKINDIA-EQ,74.6,74.9,73.2,73.4,7530352,FYERS_HISTORY,2026-08-08T23:03:02+05:30
2023-06-22,SMD-0032,BANKINDIA,NSE:BANKINDIA-EQ,73.7,73.95,72.6,72.85,3923509,FYERS_HISTORY,2026-08-08T23:03:02+05:30
2023-06-23,SMD-0032,BANKINDIA,NSE:BANKINDIA-EQ,73.0,73.0,71.15,71.55,4549019,FYERS_HISTORY,2026-08-08T23:03:02+05:30
2023-06-26,SMD-0032,BANKINDIA,NSE:BANKINDIA-EQ,71.45,71.6,69.5,70.95,7102096,FYERS_HISTORY,2026-08-08T23:03:02+05:30
2023-06-27,SMD-0032,BANKINDIA,NSE:BANKINDIA-EQ,70.5,72.6,70.5,72.35,6269307,FYERS_HISTORY,2026-08-08T23:03:02+05:30
2023-06-28,SMD-0032,BANKINDIA,NSE:BANKINDIA-EQ,72.75,73.9,71.7,72.15,5174057,FYERS_HISTORY,2026-08-08T23:03:02+05:30
2023-06-30,SMD-0032,BANKINDIA,NSE:BANKINDIA-EQ,72.5,73.9,71.75,73.6,7980285,FYERS_HISTORY,2026-08-08T23:03:02+05:30
2023-07-03,SMD-0032,BANKINDIA,NSE:BANKINDIA-EQ,74.2,77.55,74.0,77.3,19809313,FYERS_HISTORY,2026-08-08T23:03:02+05:30
2023-07-04,SMD-0032,BANKINDIA,NSE:BANKINDIA-EQ,77.95,80.45,76.7,80.25,30069423,FYERS_HISTORY,2026-08-08T23:03:02+05:30
2023-07-05,SMD-0032,BANKINDIA,NSE:BANKINDIA-EQ,80.6,81.15,79.45,80.25,13088977,FYERS_HISTORY,2026-08-08T23:03:02+05:30
2023-07-06,SMD-0032,BANKINDIA,NSE:BANKINDIA-EQ,80.2,81.95,79.75,80.6,9871399,FYERS_HISTORY,2026-08-08T23:03:02+05:30
2023-07-07,SMD-0032,BANKINDIA,NSE:BANKINDIA-EQ,80.3,81.1,78.4,79.75,12677351,FYERS_HISTORY,2026-08-08T23:03:02+05:30
2023-07-10,SMD-0032,BANKINDIA,NSE:BANKINDIA-EQ,79.9,80.45,77.8,78.25,10973971,FYERS_HISTORY,2026-08-08T23:03:02+05:30
2023-07-11,SMD-0032,BANKINDIA,NSE:BANKINDIA-EQ,78.6,78.9,77.4,77.65,6322004,FYERS_HISTORY,2026-08-08T23:03:02+05:30
2023-07-12,SMD-0032,BANKINDIA,NSE:BANKINDIA-EQ,78.1,79.95,77.9,79.3,10304142,FYERS_HISTORY,2026-08-08T23:03:02+05:30
2023-07-13,SMD-0032,BANKINDIA,NSE:BANKINDIA-EQ,79.6,80.45,76.8,77.25,8681612,FYERS_HISTORY,2026-08-08T23:03:02+05:30
2023-07-14,SMD-0032,BANKINDIA,NSE:BANKINDIA-EQ,77.85,78.3,76.75,77.85,8828498,FYERS_HISTORY,2026-08-08T23:03:02+05:30
2023-07-17,SMD-0032,BANKINDIA,NSE:BANKINDIA-EQ,78.1,79.95,77.65,79.75,7560542,FYERS_HISTORY,2026-08-08T23:03:02+05:30
2023-07-18,SMD-0032,BANKINDIA,NSE:BANKINDIA-EQ,80.15,81.0,78.8,79.3,9588130,FYERS_HISTORY,2026-08-08T23:03:02+05:30
2023-07-19,SMD-0032,BANKINDIA,NSE:BANKINDIA-EQ,79.7,80.45,78.6,80.25,8972188,FYERS_HISTORY,2026-08-08T23:03:02+05:30
2023-07-20,SMD-0032,BANKINDIA,NSE:BANKINDIA-EQ,80.3,83.9,80.0,83.2,34870282,FYERS_HISTORY,2026-08-08T23:03:02+05:30
2023-07-21,SMD-0032,BANKINDIA,NSE:BANKINDIA-EQ,84.0,84.9,83.6,84.45,15655189,FYERS_HISTORY,2026-08-08T23:03:02+05:30
2023-07-24,SMD-0032,BANKINDIA,NSE:BANKINDIA-EQ,84.75,86.3,83.65,84.35,17605173,FYERS_HISTORY,2026-08-08T23:03:02+05:30
2023-07-25,SMD-0032,BANKINDIA,NSE:BANKINDIA-EQ,84.8,85.75,82.5,83.05,9984464,FYERS_HISTORY,2026-08-08T23:03:02+05:30
2023-07-26,SMD-0032,BANKINDIA,NSE:BANKINDIA-EQ,83.3,85.1,82.7,84.25,8179237,FYERS_HISTORY,2026-08-08T23:03:02+05:30
2023-07-27,SMD-0032,BANKINDIA,NSE:BANKINDIA-EQ,84.75,85.6,83.7,84.75,9344357,FYERS_HISTORY,2026-08-08T23:03:02+05:30
2023-07-28,SMD-0032,BANKINDIA,NSE:BANKINDIA-EQ,84.9,85.45,81.8,84.0,10525169,FYERS_HISTORY,2026-08-08T23:03:02+05:30
2023-07-31,SMD-0032,BANKINDIA,NSE:BANKINDIA-EQ,86.0,86.8,85.0,85.35,21713178,FYERS_HISTORY,2026-08-08T23:03:02+05:30
2023-08-01,SMD-0032,BANKINDIA,NSE:BANKINDIA-EQ,85.95,87.95,85.55,85.8,20269483,FYERS_HISTORY,2026-08-08T23:03:02+05:30
2023-08-02,SMD-0032,BANKINDIA,NSE:BANKINDIA-EQ,85.5,86.45,82.55,83.5,12747571,FYERS_HISTORY,2026-08-08T23:03:02+05:30
2023-08-03,SMD-0032,BANKINDIA,NSE:BANKINDIA-EQ,83.8,84.25,82.85,83.65,8008032,FYERS_HISTORY,2026-08-08T23:03:02+05:30
2023-08-04,SMD-0032,BANKINDIA,NSE:BANKINDIA-EQ,84.05,85.4,83.65,84.2,7655878,FYERS_HISTORY,2026-08-08T23:03:02+05:30
2023-08-07,SMD-0032,BANKINDIA,NSE:BANKINDIA-EQ,84.0,84.5,83.0,83.25,4625262,FYERS_HISTORY,2026-08-08T23:03:02+05:30
2023-08-08,SMD-0032,BANKINDIA,NSE:BANKINDIA-EQ,83.6,86.25,83.1,85.95,12696187,FYERS_HISTORY,2026-08-08T23:03:02+05:30
2023-08-09,SMD-0032,BANKINDIA,NSE:BANKINDIA-EQ,86.8,87.95,85.3,87.75,14066381,FYERS_HISTORY,2026-08-08T23:03:02+05:30
2023-08-10,SMD-0032,BANKINDIA,NSE:BANKINDIA-EQ,87.6,88.3,85.7,86.2,10867234,FYERS_HISTORY,2026-08-08T23:03:02+05:30
2023-08-11,SMD-0032,BANKINDIA,NSE:BANKINDIA-EQ,86.6,90.35,86.25,87.25,29715786,FYERS_HISTORY,2026-08-08T23:03:02+05:30
2023-08-14,SMD-0032,BANKINDIA,NSE:BANKINDIA-EQ,86.9,89.95,85.1,89.7,15929019,FYERS_HISTORY,2026-08-08T23:03:02+05:30
2023-08-16,SMD-0032,BANKINDIA,NSE:BANKINDIA-EQ,89.0,90.9,88.4,89.55,18683050,FYERS_HISTORY,2026-08-08T23:03:02+05:30
2023-08-17,SMD-0032,BANKINDIA,NSE:BANKINDIA-EQ,89.5,90.95,89.0,89.35,13724577,FYERS_HISTORY,2026-08-08T23:03:02+05:30
2023-08-18,SMD-0032,BANKINDIA,NSE:BANKINDIA-EQ,89.2,91.9,88.4,91.25,22087157,FYERS_HISTORY,2026-08-08T23:03:02+05:30
2023-08-21,SMD-0032,BANKINDIA,NSE:BANKINDIA-EQ,91.45,91.6,89.2,89.5,10901499,FYERS_HISTORY,2026-08-08T23:03:02+05:30
2023-08-22,SMD-0032,BANKINDIA,NSE:BANKINDIA-EQ,89.8,91.0,88.5,88.65,9926681,FYERS_HISTORY,2026-08-08T23:03:02+05:30
2023-08-23,SMD-0032,BANKINDIA,NSE:BANKINDIA-EQ,88.9,90.9,88.45,89.55,12574484,FYERS_HISTORY,2026-08-08T23:03:02+05:30
2023-08-24,SMD-0032,BANKINDIA,NSE:BANKINDIA-EQ,90.2,90.75,86.8,87.45,10811228,FYERS_HISTORY,2026-08-08T23:03:02+05:30
2023-08-25,SMD-0032,BANKINDIA,NSE:BANKINDIA-EQ,86.9,87.85,85.35,86.15,8544973,FYERS_HISTORY,2026-08-08T23:03:02+05:30
2023-08-28,SMD-0032,BANKINDIA,NSE:BANKINDIA-EQ,86.65,88.25,86.25,86.9,6758273,FYERS_HISTORY,2026-08-08T23:03:02+05:30
2023-08-29,SMD-0032,BANKINDIA,NSE:BANKINDIA-EQ,87.15,87.6,86.05,86.35,7258228,FYERS_HISTORY,2026-08-08T23:03:02+05:30
2023-08-30,SMD-0032,BANKINDIA,NSE:BANKINDIA-EQ,86.75,88.2,86.55,87.5,6583569,FYERS_HISTORY,2026-08-08T23:03:02+05:30
2023-08-31,SMD-0032,BANKINDIA,NSE:BANKINDIA-EQ,87.8,88.05,85.5,85.8,5857331,FYERS_HISTORY,2026-08-08T23:03:02+05:30
2023-09-01,SMD-0032,BANKINDIA,NSE:BANKINDIA-EQ,85.8,88.5,85.25,88.0,10411546,FYERS_HISTORY,2026-08-08T23:03:02+05:30
2023-09-04,SMD-0032,BANKINDIA,NSE:BANKINDIA-EQ,88.5,90.8,88.2,89.4,15278755,FYERS_HISTORY,2026-08-08T23:03:02+05:30
2023-09-05,SMD-0032,BANKINDIA,NSE:BANKINDIA-EQ,89.65,94.5,89.65,93.4,39876277,FYERS_HISTORY,2026-08-08T23:03:02+05:30
2023-09-06,SMD-0032,BANKINDIA,NSE:BANKINDIA-EQ,93.8,94.4,91.7,92.85,12765884,FYERS_HISTORY,2026-08-08T23:03:02+05:30
2023-09-07,SMD-0032,BANKINDIA,NSE:BANKINDIA-EQ,93.1,94.45,92.65,93.35,10326143,FYERS_HISTORY,2026-08-08T23:03:02+05:30
2023-09-08,SMD-0032,BANKINDIA,NSE:BANKINDIA-EQ,93.65,93.85,92.6,93.0,11270995,FYERS_HISTORY,2026-08-08T23:03:02+05:30
2023-09-11,SMD-0032,BANKINDIA,NSE:BANKINDIA-EQ,93.9,99.2,93.75,98.8,49237004,FYERS_HISTORY,2026-08-08T23:03:02+05:30
2023-09-12,SMD-0032,BANKINDIA,NSE:BANKINDIA-EQ,100.1,101.7,95.4,98.45,48918012,FYERS_HISTORY,2026-08-08T23:03:02+05:30
2023-09-13,SMD-0032,BANKINDIA,NSE:BANKINDIA-EQ,98.4,104.55,96.7,103.55,51789143,FYERS_HISTORY,2026-08-08T23:03:02+05:30
2023-09-14,SMD-0032,BANKINDIA,NSE:BANKINDIA-EQ,105.1,108.4,104.65,107.25,48219117,FYERS_HISTORY,2026-08-08T23:03:02+05:30
2023-09-15,SMD-0032,BANKINDIA,NSE:BANKINDIA-EQ,107.65,109.45,104.45,105.75,31986443,FYERS_HISTORY,2026-08-08T23:03:02+05:30
2023-09-18,SMD-0032,BANKINDIA,NSE:BANKINDIA-EQ,105.55,113.7,105.0,109.7,55632514,FYERS_HISTORY,2026-08-08T23:03:02+05:30
2023-09-20,SMD-0032,BANKINDIA,NSE:BANKINDIA-EQ,109.35,113.8,105.1,106.1,38895249,FYERS_HISTORY,2026-08-08T23:03:02+05:30
2023-09-21,SMD-0032,BANKINDIA,NSE:BANKINDIA-EQ,106.65,110.4,105.95,107.3,33573298,FYERS_HISTORY,2026-08-08T23:03:02+05:30
2023-09-22,SMD-0032,BANKINDIA,NSE:BANKINDIA-EQ,108.5,111.7,107.5,109.2,24986113,FYERS_HISTORY,2026-08-08T23:03:02+05:30
2023-09-25,SMD-0032,BANKINDIA,NSE:BANKINDIA-EQ,109.85,110.5,106.05,106.55,14756857,FYERS_HISTORY,2026-08-08T23:03:02+05:30
2023-09-26,SMD-0032,BANKINDIA,NSE:BANKINDIA-EQ,107.0,109.4,107.0,108.25,13880012,FYERS_HISTORY,2026-08-08T23:03:02+05:30
2023-09-27,SMD-0032,BANKINDIA,NSE:BANKINDIA-EQ,108.2,109.45,106.3,108.35,14479172,FYERS_HISTORY,2026-08-08T23:03:02+05:30
2023-09-28,SMD-0032,BANKINDIA,NSE:BANKINDIA-EQ,108.8,110.95,103.1,105.05,24324010,FYERS_HISTORY,2026-08-08T23:03:02+05:30
2023-09-29,SMD-0032,BANKINDIA,NSE:BANKINDIA-EQ,106.0,110.1,106.0,109.4,13059779,FYERS_HISTORY,2026-08-08T23:03:02+05:30
2023-10-03,SMD-0032,BANKINDIA,NSE:BANKINDIA-EQ,108.5,113.1,108.2,112.8,23964066,FYERS_HISTORY,2026-08-08T23:03:02+05:30
2023-10-04,SMD-0032,BANKINDIA,NSE:BANKINDIA-EQ,112.5,113.8,108.1,110.0,23703834,FYERS_HISTORY,2026-08-08T23:03:02+05:30
2023-10-05,SMD-0032,BANKINDIA,NSE:BANKINDIA-EQ,111.0,112.25,109.05,109.9,13307549,FYERS_HISTORY,2026-08-08T23:03:02+05:30
2023-10-06,SMD-0032,BANKINDIA,NSE:BANKINDIA-EQ,110.0,110.5,106.85,108.55,10844920,FYERS_HISTORY,2026-08-08T23:03:02+05:30
2023-10-09,SMD-0032,BANKINDIA,NSE:BANKINDIA-EQ,107.0,107.25,103.5,104.3,11296760,FYERS_HISTORY,2026-08-08T23:03:02+05:30
2023-10-10,SMD-0032,BANKINDIA,NSE:BANKINDIA-EQ,104.3,107.7,104.3,107.3,9813428,FYERS_HISTORY,2026-08-08T23:03:02+05:30
2023-10-11,SMD-0032,BANKINDIA,NSE:BANKINDIA-EQ,107.9,109.0,106.6,106.9,8100970,FYERS_HISTORY,2026-08-08T23:03:02+05:30
2023-10-12,SMD-0032,BANKINDIA,NSE:BANKINDIA-EQ,107.4,108.65,106.7,107.8,5295195,FYERS_HISTORY,2026-08-08T23:03:02+05:30
2023-10-13,SMD-0032,BANKINDIA,NSE:BANKINDIA-EQ,107.0,107.6,105.55,106.1,5427301,FYERS_HISTORY,2026-08-08T23:03:02+05:30
2023-10-16,SMD-0032,BANKINDIA,NSE:BANKINDIA-EQ,106.0,106.45,104.95,105.2,6200368,FYERS_HISTORY,2026-08-08T23:03:02+05:30
2023-10-17,SMD-0032,BANKINDIA,NSE:BANKINDIA-EQ,105.95,107.6,105.05,106.05,5475020,FYERS_HISTORY,2026-08-08T23:03:02+05:30
2023-10-18,SMD-0032,BANKINDIA,NSE:BANKINDIA-EQ,106.3,106.8,104.1,104.7,4623981,FYERS_HISTORY,2026-08-08T23:03:02+05:30
2023-10-19,SMD-0032,BANKINDIA,NSE:BANKINDIA-EQ,104.4,104.8,103.0,103.3,6123613,FYERS_HISTORY,2026-08-08T23:03:02+05:30
2023-10-20,SMD-0032,BANKINDIA,NSE:BANKINDIA-EQ,103.25,104.3,98.4,99.6,10264340,FYERS_HISTORY,2026-08-08T23:03:02+05:30
2023-10-23,SMD-0032,BANKINDIA,NSE:BANKINDIA-EQ,100.0,101.1,89.75,90.8,22089801,FYERS_HISTORY,2026-08-08T23:03:02+05:30
2023-10-25,SMD-0032,BANKINDIA,NSE:BANKINDIA-EQ,91.7,94.6,88.5,89.35,19966700,FYERS_HISTORY,2026-08-08T23:03:02+05:30
2023-10-26,SMD-0032,BANKINDIA,NSE:BANKINDIA-EQ,89.1,91.45,86.4,90.25,17580514,FYERS_HISTORY,2026-08-08T23:03:02+05:30
2023-10-27,SMD-0032,BANKINDIA,NSE:BANKINDIA-EQ,91.25,97.55,91.25,96.8,27867753,FYERS_HISTORY,2026-08-08T23:03:02+05:30
2023-10-30,SMD-0032,BANKINDIA,NSE:BANKINDIA-EQ,97.3,97.45,94.7,95.65,9072361,FYERS_HISTORY,2026-08-08T23:03:02+05:30
2023-10-31,SMD-0032,BANKINDIA,NSE:BANKINDIA-EQ,96.6,99.1,95.4,95.85,13279697,FYERS_HISTORY,2026-08-08T23:03:02+05:30
2023-11-01,SMD-0032,BANKINDIA,NSE:BANKINDIA-EQ,96.05,98.7,95.05,98.05,11806551,FYERS_HISTORY,2026-08-08T23:03:02+05:30
2023-11-02,SMD-0032,BANKINDIA,NSE:BANKINDIA-EQ,99.3,102.35,99.0,100.1,13718201,FYERS_HISTORY,2026-08-08T23:03:02+05:30
2023-11-03,SMD-0032,BANKINDIA,NSE:BANKINDIA-EQ,101.2,101.7,98.4,99.0,9467653,FYERS_HISTORY,2026-08-08T23:03:02+05:30
2023-11-06,SMD-0032,BANKINDIA,NSE:BANKINDIA-EQ,101.9,102.0,100.1,100.9,11697575,FYERS_HISTORY,2026-08-08T23:03:02+05:30
2023-11-07,SMD-0032,BANKINDIA,NSE:BANKINDIA-EQ,101.0,103.9,100.4,103.2,11403064,FYERS_HISTORY,2026-08-08T23:03:02+05:30
2023-11-08,SMD-0032,BANKINDIA,NSE:BANKINDIA-EQ,103.7,105.4,103.45,103.9,7833095,FYERS_HISTORY,2026-08-08T23:03:02+05:30
2023-11-09,SMD-0032,BANKINDIA,NSE:BANKINDIA-EQ,104.3,105.5,103.6,103.95,7545149,FYERS_HISTORY,2026-08-08T23:03:02+05:30
2023-11-10,SMD-0032,BANKINDIA,NSE:BANKINDIA-EQ,103.7,103.8,102.5,103.0,5236922,FYERS_HISTORY,2026-08-08T23:03:02+05:30
2023-11-12,SMD-0032,BANKINDIA,NSE:BANKINDIA-EQ,103.9,104.55,103.65,104.15,1425105,FYERS_HISTORY,2026-08-08T23:03:02+05:30
2023-11-13,SMD-0032,BANKINDIA,NSE:BANKINDIA-EQ,104.15,108.2,102.65,107.4,21374622,FYERS_HISTORY,2026-08-08T23:03:02+05:30
2023-11-15,SMD-0032,BANKINDIA,NSE:BANKINDIA-EQ,109.1,110.8,107.6,108.0,13710851,FYERS_HISTORY,2026-08-08T23:03:02+05:30
2023-11-16,SMD-0032,BANKINDIA,NSE:BANKINDIA-EQ,108.2,108.2,106.0,106.7,5727373,FYERS_HISTORY,2026-08-08T23:03:02+05:30
2023-11-17,SMD-0032,BANKINDIA,NSE:BANKINDIA-EQ,104.9,105.45,103.35,103.95,8836732,FYERS_HISTORY,2026-08-08T23:03:02+05:30
2023-11-20,SMD-0032,BANKINDIA,NSE:BANKINDIA-EQ,104.2,106.1,103.9,104.55,6618098,FYERS_HISTORY,2026-08-08T23:03:02+05:30
2023-11-21,SMD-0032,BANKINDIA,NSE:BANKINDIA-EQ,105.15,105.9,104.4,105.15,6732684,FYERS_HISTORY,2026-08-08T23:03:02+05:30
2023-11-22,SMD-0032,BANKINDIA,NSE:BANKINDIA-EQ,105.3,105.3,103.55,104.0,9377801,FYERS_HISTORY,2026-08-08T23:03:02+05:30
2023-11-23,SMD-0032,BANKINDIA,NSE:BANKINDIA-EQ,104.5,105.05,103.85,104.15,3203905,FYERS_HISTORY,2026-08-08T23:03:02+05:30
2023-11-24,SMD-0032,BANKINDIA,NSE:BANKINDIA-EQ,104.45,105.15,103.1,103.55,3629578,FYERS_HISTORY,2026-08-08T23:03:02+05:30
2023-11-28,SMD-0032,BANKINDIA,NSE:BANKINDIA-EQ,103.55,106.7,102.9,105.1,7248889,FYERS_HISTORY,2026-08-08T23:03:02+05:30
2023-11-29,SMD-0032,BANKINDIA,NSE:BANKINDIA-EQ,105.95,106.7,105.35,105.85,5188935,FYERS_HISTORY,2026-08-08T23:03:02+05:30
2023-11-30,SMD-0032,BANKINDIA,NSE:BANKINDIA-EQ,105.95,106.3,103.5,103.75,4169016,FYERS_HISTORY,2026-08-08T23:03:02+05:30
2023-12-01,SMD-0032,BANKINDIA,NSE:BANKINDIA-EQ,104.5,109.05,104.2,107.5,23926731,FYERS_HISTORY,2026-08-08T23:03:02+05:30
2023-12-04,SMD-0032,BANKINDIA,NSE:BANKINDIA-EQ,112.0,112.0,108.6,109.2,22576787,FYERS_HISTORY,2026-08-08T23:03:02+05:30
2023-12-05,SMD-0032,BANKINDIA,NSE:BANKINDIA-EQ,110.9,111.8,108.8,110.2,17447010,FYERS_HISTORY,2026-08-08T23:03:02+05:30
2023-12-06,SMD-0032,BANKINDIA,NSE:BANKINDIA-EQ,112.8,117.7,110.1,116.65,48116745,FYERS_HISTORY,2026-08-08T23:03:02+05:30
2023-12-07,SMD-0032,BANKINDIA,NSE:BANKINDIA-EQ,118.0,118.25,113.25,113.7,29741220,FYERS_HISTORY,2026-08-08T23:03:02+05:30
2023-12-08,SMD-0032,BANKINDIA,NSE:BANKINDIA-EQ,113.95,116.1,112.4,114.3,17984221,FYERS_HISTORY,2026-08-08T23:03:02+05:30
2023-12-11,SMD-0032,BANKINDIA,NSE:BANKINDIA-EQ,114.9,120.0,114.85,118.45,31923235,FYERS_HISTORY,2026-08-08T23:03:02+05:30
2023-12-12,SMD-0032,BANKINDIA,NSE:BANKINDIA-EQ,119.9,120.9,114.75,115.7,28197994,FYERS_HISTORY,2026-08-08T23:03:02+05:30
2023-12-13,SMD-0032,BANKINDIA,NSE:BANKINDIA-EQ,108.55,113.0,108.2,112.15,165698665,FYERS_HISTORY,2026-08-08T23:03:02+05:30
2023-12-14,SMD-0032,BANKINDIA,NSE:BANKINDIA-EQ,114.8,114.8,111.2,111.6,37411189,FYERS_HISTORY,2026-08-08T23:03:02+05:30
2023-12-15,SMD-0032,BANKINDIA,NSE:BANKINDIA-EQ,112.5,113.8,109.85,112.55,40633750,FYERS_HISTORY,2026-08-08T23:03:02+05:30
2023-12-18,SMD-0032,BANKINDIA,NSE:BANKINDIA-EQ,113.0,113.0,110.8,111.5,24936286,FYERS_HISTORY,2026-08-08T23:03:02+05:30
2023-12-19,SMD-0032,BANKINDIA,NSE:BANKINDIA-EQ,111.5,114.7,109.6,113.35,37200565,FYERS_HISTORY,2026-08-08T23:03:02+05:30
2023-12-20,SMD-0032,BANKINDIA,NSE:BANKINDIA-EQ,114.0,114.4,107.0,107.85,33538886,FYERS_HISTORY,2026-08-08T23:03:02+05:30
2023-12-21,SMD-0032,BANKINDIA,NSE:BANKINDIA-EQ,107.0,110.2,105.5,109.5,24228179,FYERS_HISTORY,2026-08-08T23:03:02+05:30
2023-12-22,SMD-0032,BANKINDIA,NSE:BANKINDIA-EQ,110.25,113.6,110.15,111.8,20798348,FYERS_HISTORY,2026-08-08T23:03:02+05:30
2023-12-26,SMD-0032,BANKINDIA,NSE:BANKINDIA-EQ,112.25,112.45,109.1,109.5,12596950,FYERS_HISTORY,2026-08-08T23:03:03+05:30
2023-12-27,SMD-0032,BANKINDIA,NSE:BANKINDIA-EQ,110.25,112.2,110.1,110.95,14699470,FYERS_HISTORY,2026-08-08T23:03:03+05:30
2023-12-28,SMD-0032,BANKINDIA,NSE:BANKINDIA-EQ,111.8,114.1,110.4,113.5,27428060,FYERS_HISTORY,2026-08-08T23:03:03+05:30
2023-12-29,SMD-0032,BANKINDIA,NSE:BANKINDIA-EQ,113.65,115.0,111.75,112.6,22161483,FYERS_HISTORY,2026-08-08T23:03:03+05:30
2024-01-01,SMD-0032,BANKINDIA,NSE:BANKINDIA-EQ,113.2,114.2,112.35,113.05,16485079,FYERS_HISTORY,2026-08-08T23:03:03+05:30
2024-01-02,SMD-0032,BANKINDIA,NSE:BANKINDIA-EQ,113.15,115.0,111.95,114.4,23191028,FYERS_HISTORY,2026-08-08T23:03:03+05:30
2024-01-03,SMD-0032,BANKINDIA,NSE:BANKINDIA-EQ,114.5,116.95,113.4,116.2,30456365,FYERS_HISTORY,2026-08-08T23:03:03+05:30
2024-01-04,SMD-0032,BANKINDIA,NSE:BANKINDIA-EQ,116.3,118.95,116.3,118.65,31814561,FYERS_HISTORY,2026-08-08T23:03:03+05:30
2024-01-05,SMD-0032,BANKINDIA,NSE:BANKINDIA-EQ,119.0,122.4,117.3,118.85,38103338,FYERS_HISTORY,2026-08-08T23:03:03+05:30
2024-01-08,SMD-0032,BANKINDIA,NSE:BANKINDIA-EQ,119.0,119.95,117.15,118.35,23456985,FYERS_HISTORY,2026-08-08T23:03:03+05:30
2024-01-09,SMD-0032,BANKINDIA,NSE:BANKINDIA-EQ,119.0,120.2,118.05,118.8,13742428,FYERS_HISTORY,2026-08-08T23:03:03+05:30
2024-01-10,SMD-0032,BANKINDIA,NSE:BANKINDIA-EQ,118.5,118.5,116.6,118.2,10101844,FYERS_HISTORY,2026-08-08T23:03:03+05:30
2024-01-11,SMD-0032,BANKINDIA,NSE:BANKINDIA-EQ,120.6,121.85,120.2,121.0,24879727,FYERS_HISTORY,2026-08-08T23:03:03+05:30
2024-01-12,SMD-0032,BANKINDIA,NSE:BANKINDIA-EQ,121.75,130.1,121.0,129.1,54706093,FYERS_HISTORY,2026-08-08T23:03:03+05:30
2024-01-15,SMD-0032,BANKINDIA,NSE:BANKINDIA-EQ,129.9,133.2,127.4,130.9,54780976,FYERS_HISTORY,2026-08-08T23:03:03+05:30
2024-01-16,SMD-0032,BANKINDIA,NSE:BANKINDIA-EQ,130.9,136.9,129.6,134.55,33801884,FYERS_HISTORY,2026-08-08T23:03:03+05:30
2024-01-17,SMD-0032,BANKINDIA,NSE:BANKINDIA-EQ,131.4,136.3,130.05,132.75,28568989,FYERS_HISTORY,2026-08-08T23:03:03+05:30
2024-01-18,SMD-0032,BANKINDIA,NSE:BANKINDIA-EQ,132.0,135.1,127.95,134.35,28936853,FYERS_HISTORY,2026-08-08T23:03:03+05:30
2024-01-19,SMD-0032,BANKINDIA,NSE:BANKINDIA-EQ,135.45,137.4,133.6,135.2,14991995,FYERS_HISTORY,2026-08-08T23:03:03+05:30
2024-01-20,SMD-0032,BANKINDIA,NSE:BANKINDIA-EQ,136.15,139.0,134.55,137.45,11531215,FYERS_HISTORY,2026-08-08T23:03:03+05:30
2024-01-23,SMD-0032,BANKINDIA,NSE:BANKINDIA-EQ,138.9,139.7,128.8,131.8,24563193,FYERS_HISTORY,2026-08-08T23:03:03+05:30
2024-01-24,SMD-0032,BANKINDIA,NSE:BANKINDIA-EQ,131.8,136.85,126.55,133.15,19268806,FYERS_HISTORY,2026-08-08T23:03:03+05:30
2024-01-25,SMD-0032,BANKINDIA,NSE:BANKINDIA-EQ,133.65,135.9,130.6,131.5,12029308,FYERS_HISTORY,2026-08-08T23:03:03+05:30
2024-01-29,SMD-0032,BANKINDIA,NSE:BANKINDIA-EQ,132.5,136.65,132.4,135.5,16380958,FYERS_HISTORY,2026-08-08T23:03:03+05:30
2024-01-30,SMD-0032,BANKINDIA,NSE:BANKINDIA-EQ,136.7,140.0,135.0,138.65,21776835,FYERS_HISTORY,2026-08-08T23:03:03+05:30
2024-01-31,SMD-0032,BANKINDIA,NSE:BANKINDIA-EQ,139.25,141.4,136.3,138.95,18743903,FYERS_HISTORY,2026-08-08T23:03:03+05:30
2024-02-01,SMD-0032,BANKINDIA,NSE:BANKINDIA-EQ,139.75,146.2,136.9,145.4,39021958,FYERS_HISTORY,2026-08-08T23:03:03+05:30
2024-02-02,SMD-0032,BANKINDIA,NSE:BANKINDIA-EQ,146.5,156.25,145.95,151.55,43049310,FYERS_HISTORY,2026-08-08T23:03:03+05:30
2024-02-05,SMD-0032,BANKINDIA,NSE:BANKINDIA-EQ,147.1,147.1,137.5,138.6,72223881,FYERS_HISTORY,2026-08-08T23:03:03+05:30
2024-02-06,SMD-0032,BANKINDIA,NSE:BANKINDIA-EQ,139.0,139.6,130.55,133.7,41258558,FYERS_HISTORY,2026-08-08T23:03:03+05:30
2024-02-07,SMD-0032,BANKINDIA,NSE:BANKINDIA-EQ,136.0,140.3,135.55,137.35,32381185,FYERS_HISTORY,2026-08-08T23:03:03+05:30
2024-02-08,SMD-0032,BANKINDIA,NSE:BANKINDIA-EQ,139.8,144.8,139.55,141.65,44308819,FYERS_HISTORY,2026-08-08T23:03:03+05:30
2024-02-09,SMD-0032,BANKINDIA,NSE:BANKINDIA-EQ,142.65,143.1,134.05,137.25,21954850,FYERS_HISTORY,2026-08-08T23:03:03+05:30
2024-02-12,SMD-0032,BANKINDIA,NSE:BANKINDIA-EQ,138.25,138.4,124.45,128.5,21067330,FYERS_HISTORY,2026-08-08T23:03:03+05:30
2024-02-13,SMD-0032,BANKINDIA,NSE:BANKINDIA-EQ,128.55,132.95,128.0,131.05,18000556,FYERS_HISTORY,2026-08-08T23:03:03+05:30
2024-02-14,SMD-0032,BANKINDIA,NSE:BANKINDIA-EQ,128.0,136.25,127.0,135.8,13531486,FYERS_HISTORY,2026-08-08T23:03:03+05:30
2024-02-15,SMD-0032,BANKINDIA,NSE:BANKINDIA-EQ,136.85,143.45,136.55,142.95,25972974,FYERS_HISTORY,2026-08-08T23:03:03+05:30
2024-02-16,SMD-0032,BANKINDIA,NSE:BANKINDIA-EQ,146.5,149.5,143.1,144.05,34806902,FYERS_HISTORY,2026-08-08T23:03:03+05:30
2024-02-19,SMD-0032,BANKINDIA,NSE:BANKINDIA-EQ,145.0,146.0,141.3,142.8,10942695,FYERS_HISTORY,2026-08-08T23:03:03+05:30
2024-02-20,SMD-0032,BANKINDIA,NSE:BANKINDIA-EQ,144.1,144.35,141.2,141.95,8657283,FYERS_HISTORY,2026-08-08T23:03:03+05:30
2024-02-21,SMD-0032,BANKINDIA,NSE:BANKINDIA-EQ,142.65,146.45,140.4,141.2,15922241,FYERS_HISTORY,2026-08-08T23:03:03+05:30
2024-02-22,SMD-0032,BANKINDIA,NSE:BANKINDIA-EQ,141.8,142.3,136.5,139.25,17728329,FYERS_HISTORY,2026-08-08T23:03:03+05:30
2024-02-23,SMD-0032,BANKINDIA,NSE:BANKINDIA-EQ,140.0,140.75,136.0,136.85,15595124,FYERS_HISTORY,2026-08-08T23:03:03+05:30
2024-02-26,SMD-0032,BANKINDIA,NSE:BANKINDIA-EQ,137.0,137.8,135.8,136.7,7667258,FYERS_HISTORY,2026-08-08T23:03:03+05:30
2024-02-27,SMD-0032,BANKINDIA,NSE:BANKINDIA-EQ,136.0,137.7,134.0,135.8,10123884,FYERS_HISTORY,2026-08-08T23:03:03+05:30
2024-02-28,SMD-0032,BANKINDIA,NSE:BANKINDIA-EQ,136.3,136.7,130.25,132.6,11162257,FYERS_HISTORY,2026-08-08T23:03:03+05:30
2024-02-29,SMD-0032,BANKINDIA,NSE:BANKINDIA-EQ,132.6,134.25,128.8,131.45,27788093,FYERS_HISTORY,2026-08-08T23:03:03+05:30
2024-03-01,SMD-0032,BANKINDIA,NSE:BANKINDIA-EQ,134.9,137.2,133.9,136.4,10702960,FYERS_HISTORY,2026-08-08T23:03:03+05:30
2024-03-02,SMD-0032,BANKINDIA,NSE:BANKINDIA-EQ,137.4,137.8,135.8,137.5,1498903,FYERS_HISTORY,2026-08-08T23:03:03+05:30
2024-03-04,SMD-0032,BANKINDIA,NSE:BANKINDIA-EQ,138.4,139.95,135.9,139.45,13083002,FYERS_HISTORY,2026-08-08T23:03:03+05:30
2024-03-05,SMD-0032,BANKINDIA,NSE:BANKINDIA-EQ,138.05,145.2,138.05,143.7,30920424,FYERS_HISTORY,2026-08-08T23:03:03+05:30
2024-03-06,SMD-0032,BANKINDIA,NSE:BANKINDIA-EQ,143.35,147.0,139.95,145.3,35383879,FYERS_HISTORY,2026-08-08T23:03:03+05:30
2024-03-07,SMD-0032,BANKINDIA,NSE:BANKINDIA-EQ,144.8,148.15,144.55,145.95,17449961,FYERS_HISTORY,2026-08-08T23:03:03+05:30
2024-03-11,SMD-0032,BANKINDIA,NSE:BANKINDIA-EQ,147.3,149.45,142.8,143.9,16358360,FYERS_HISTORY,2026-08-08T23:03:03+05:30
2024-03-12,SMD-0032,BANKINDIA,NSE:BANKINDIA-EQ,144.0,144.65,138.1,140.2,13318583,FYERS_HISTORY,2026-08-08T23:03:03+05:30
2024-03-13,SMD-0032,BANKINDIA,NSE:BANKINDIA-EQ,140.75,142.1,126.9,128.45,21197858,FYERS_HISTORY,2026-08-08T23:03:03+05:30
2024-03-14,SMD-0032,BANKINDIA,NSE:BANKINDIA-EQ,127.0,133.5,125.1,130.4,18478220,FYERS_HISTORY,2026-08-08T23:03:03+05:30
2024-03-15,SMD-0032,BANKINDIA,NSE:BANKINDIA-EQ,130.8,135.6,125.6,134.3,25112860,FYERS_HISTORY,2026-08-08T23:03:03+05:30
2024-03-18,SMD-0032,BANKINDIA,NSE:BANKINDIA-EQ,134.0,135.25,131.3,133.1,10652375,FYERS_HISTORY,2026-08-08T23:03:03+05:30
2024-03-19,SMD-0032,BANKINDIA,NSE:BANKINDIA-EQ,133.1,134.7,131.2,133.9,11009392,FYERS_HISTORY,2026-08-08T23:03:03+05:30
2024-03-20,SMD-0032,BANKINDIA,NSE:BANKINDIA-EQ,134.05,135.6,128.1,131.45,8243643,FYERS_HISTORY,2026-08-08T23:03:03+05:30
2024-03-21,SMD-0032,BANKINDIA,NSE:BANKINDIA-EQ,134.15,136.25,133.95,134.6,8302052,FYERS_HISTORY,2026-08-08T23:03:03+05:30
2024-03-22,SMD-0032,BANKINDIA,NSE:BANKINDIA-EQ,135.7,137.7,134.9,135.8,8881966,FYERS_HISTORY,2026-08-08T23:03:03+05:30
2024-03-26,SMD-0032,BANKINDIA,NSE:BANKINDIA-EQ,135.85,136.95,133.05,133.5,9406196,FYERS_HISTORY,2026-08-08T23:03:03+05:30
2024-03-27,SMD-0032,BANKINDIA,NSE:BANKINDIA-EQ,134.65,135.0,131.4,131.9,8724839,FYERS_HISTORY,2026-08-08T23:03:03+05:30
2024-03-28,SMD-0032,BANKINDIA,NSE:BANKINDIA-EQ,133.2,137.85,132.8,137.05,13378241,FYERS_HISTORY,2026-08-08T23:03:03+05:30
2024-04-01,SMD-0032,BANKINDIA,NSE:BANKINDIA-EQ,134.0,142.7,133.9,140.85,19130984,FYERS_HISTORY,2026-08-08T23:03:03+05:30
2024-04-02,SMD-0032,BANKINDIA,NSE:BANKINDIA-EQ,140.65,143.0,139.3,140.75,11621470,FYERS_HISTORY,2026-08-08T23:03:03+05:30
2024-04-03,SMD-0032,BANKINDIA,NSE:BANKINDIA-EQ,140.6,146.25,138.3,145.3,27889662,FYERS_HISTORY,2026-08-08T23:03:03+05:30
2024-04-04,SMD-0032,BANKINDIA,NSE:BANKINDIA-EQ,147.2,151.3,145.75,147.45,31794824,FYERS_HISTORY,2026-08-08T23:03:03+05:30
2024-04-05,SMD-0032,BANKINDIA,NSE:BANKINDIA-EQ,147.45,149.5,145.1,148.5,13754759,FYERS_HISTORY,2026-08-08T23:03:03+05:30
2024-04-08,SMD-0032,BANKINDIA,NSE:BANKINDIA-EQ,148.5,150.7,143.45,144.2,10648467,FYERS_HISTORY,2026-08-08T23:03:03+05:30
2024-04-09,SMD-0032,BANKINDIA,NSE:BANKINDIA-EQ,145.55,146.5,141.2,141.85,8617456,FYERS_HISTORY,2026-08-08T23:03:03+05:30
2024-04-10,SMD-0032,BANKINDIA,NSE:BANKINDIA-EQ,142.3,145.4,141.2,144.45,10630745,FYERS_HISTORY,2026-08-08T23:03:03+05:30
2024-04-12,SMD-0032,BANKINDIA,NSE:BANKINDIA-EQ,143.7,146.2,143.0,143.6,7894694,FYERS_HISTORY,2026-08-08T23:03:03+05:30
2024-04-15,SMD-0032,BANKINDIA,NSE:BANKINDIA-EQ,138.0,140.75,136.25,138.75,8646073,FYERS_HISTORY,2026-08-08T23:03:03+05:30
2024-04-16,SMD-0032,BANKINDIA,NSE:BANKINDIA-EQ,137.8,139.9,137.05,138.45,4486047,FYERS_HISTORY,2026-08-08T23:03:03+05:30
2024-04-18,SMD-0032,BANKINDIA,NSE:BANKINDIA-EQ,138.9,141.95,136.85,137.8,5817755,FYERS_HISTORY,2026-08-08T23:03:03+05:30
2024-04-19,SMD-0032,BANKINDIA,NSE:BANKINDIA-EQ,135.0,137.5,133.2,135.75,8745605,FYERS_HISTORY,2026-08-08T23:03:03+05:30
2024-04-22,SMD-0032,BANKINDIA,NSE:BANKINDIA-EQ,139.0,141.9,137.5,141.25,9355760,FYERS_HISTORY,2026-08-08T23:03:03+05:30
2024-04-23,SMD-0032,BANKINDIA,NSE:BANKINDIA-EQ,142.65,145.3,140.8,144.3,14355630,FYERS_HISTORY,2026-08-08T23:03:03+05:30
2024-04-24,SMD-0032,BANKINDIA,NSE:BANKINDIA-EQ,144.5,145.35,143.6,144.45,5045213,FYERS_HISTORY,2026-08-08T23:03:03+05:30
2024-04-25,SMD-0032,BANKINDIA,NSE:BANKINDIA-EQ,144.5,152.15,144.1,150.35,26477024,FYERS_HISTORY,2026-08-08T23:03:03+05:30
2024-04-26,SMD-0032,BANKINDIA,NSE:BANKINDIA-EQ,151.6,154.4,149.2,150.35,16215350,FYERS_HISTORY,2026-08-08T23:03:03+05:30
2024-04-29,SMD-0032,BANKINDIA,NSE:BANKINDIA-EQ,151.65,156.2,150.75,155.65,27238149,FYERS_HISTORY,2026-08-08T23:03:03+05:30
2024-04-30,SMD-0032,BANKINDIA,NSE:BANKINDIA-EQ,156.85,157.95,154.1,155.1,15978504,FYERS_HISTORY,2026-08-08T23:03:03+05:30
2024-05-02,SMD-0032,BANKINDIA,NSE:BANKINDIA-EQ,155.4,156.4,151.1,151.65,9130409,FYERS_HISTORY,2026-08-08T23:03:03+05:30
2024-05-03,SMD-0032,BANKINDIA,NSE:BANKINDIA-EQ,153.0,153.0,148.25,149.8,9411856,FYERS_HISTORY,2026-08-08T23:03:03+05:30
2024-05-06,SMD-0032,BANKINDIA,NSE:BANKINDIA-EQ,150.5,150.65,140.7,146.1,19028324,FYERS_HISTORY,2026-08-08T23:03:03+05:30
2024-05-07,SMD-0032,BANKINDIA,NSE:BANKINDIA-EQ,146.1,147.4,139.3,140.95,12901348,FYERS_HISTORY,2026-08-08T23:03:03+05:30
2024-05-08,SMD-0032,BANKINDIA,NSE:BANKINDIA-EQ,140.95,145.15,139.7,142.2,12838726,FYERS_HISTORY,2026-08-08T23:03:03+05:30
2024-05-09,SMD-0032,BANKINDIA,NSE:BANKINDIA-EQ,143.3,144.4,138.15,139.0,10552927,FYERS_HISTORY,2026-08-08T23:03:03+05:30
2024-05-10,SMD-0032,BANKINDIA,NSE:BANKINDIA-EQ,140.0,140.9,136.6,138.75,10533907,FYERS_HISTORY,2026-08-08T23:03:03+05:30
2024-05-13,SMD-0032,BANKINDIA,NSE:BANKINDIA-EQ,128.0,131.0,121.5,124.6,57308261,FYERS_HISTORY,2026-08-08T23:03:03+05:30
2024-05-14,SMD-0032,BANKINDIA,NSE:BANKINDIA-EQ,126.4,126.8,122.0,122.85,24312119,FYERS_HISTORY,2026-08-08T23:03:03+05:30
2024-05-15,SMD-0032,BANKINDIA,NSE:BANKINDIA-EQ,124.1,128.1,123.75,124.6,17075065,FYERS_HISTORY,2026-08-08T23:03:03+05:30
2024-05-16,SMD-0032,BANKINDIA,NSE:BANKINDIA-EQ,126.0,126.7,120.8,121.7,20908061,FYERS_HISTORY,2026-08-08T23:03:03+05:30
2024-05-17,SMD-0032,BANKINDIA,NSE:BANKINDIA-EQ,122.8,124.1,122.35,123.05,11055315,FYERS_HISTORY,2026-08-08T23:03:03+05:30
2024-05-18,SMD-0032,BANKINDIA,NSE:BANKINDIA-EQ,123.6,124.6,123.6,124.4,1468049,FYERS_HISTORY,2026-08-08T23:03:03+05:30
2024-05-21,SMD-0032,BANKINDIA,NSE:BANKINDIA-EQ,124.8,126.0,122.75,123.2,16225214,FYERS_HISTORY,2026-08-08T23:03:03+05:30
2024-05-22,SMD-0032,BANKINDIA,NSE:BANKINDIA-EQ,124.2,127.4,123.95,126.8,14805581,FYERS_HISTORY,2026-08-08T23:03:03+05:30
2024-05-23,SMD-0032,BANKINDIA,NSE:BANKINDIA-EQ,127.6,130.8,127.6,129.15,13782938,FYERS_HISTORY,2026-08-08T23:03:03+05:30
2024-05-24,SMD-0032,BANKINDIA,NSE:BANKINDIA-EQ,129.25,131.2,128.9,129.9,9755587,FYERS_HISTORY,2026-08-08T23:03:03+05:30
2024-05-27,SMD-0032,BANKINDIA,NSE:BANKINDIA-EQ,130.75,133.7,129.0,132.45,16918404,FYERS_HISTORY,2026-08-08T23:03:03+05:30
2024-05-28,SMD-0032,BANKINDIA,NSE:BANKINDIA-EQ,133.05,134.5,128.0,130.4,14334121,FYERS_HISTORY,2026-08-08T23:03:03+05:30
2024-05-29,SMD-0032,BANKINDIA,NSE:BANKINDIA-EQ,129.35,130.8,128.35,129.55,8418504,FYERS_HISTORY,2026-08-08T23:03:03+05:30
2024-05-30,SMD-0032,BANKINDIA,NSE:BANKINDIA-EQ,128.25,130.95,127.5,128.05,7601982,FYERS_HISTORY,2026-08-08T23:03:03+05:30
2024-05-31,SMD-0032,BANKINDIA,NSE:BANKINDIA-EQ,128.55,129.8,125.5,128.7,15463943,FYERS_HISTORY,2026-08-08T23:03:03+05:30
2024-06-03,SMD-0032,BANKINDIA,NSE:BANKINDIA-EQ,135.0,137.45,133.15,135.55,34037315,FYERS_HISTORY,2026-08-08T23:03:03+05:30
2024-06-04,SMD-0032,BANKINDIA,NSE:BANKINDIA-EQ,135.85,135.85,110.2,116.35,49514325,FYERS_HISTORY,2026-08-08T23:03:03+05:30
2024-06-05,SMD-0032,BANKINDIA,NSE:BANKINDIA-EQ,119.0,120.6,109.55,116.95,39376239,FYERS_HISTORY,2026-08-08T23:03:03+05:30
2024-06-06,SMD-0032,BANKINDIA,NSE:BANKINDIA-EQ,119.0,122.25,117.4,117.85,35581829,FYERS_HISTORY,2026-08-08T23:03:03+05:30
2024-06-07,SMD-0032,BANKINDIA,NSE:BANKINDIA-EQ,118.6,121.4,117.9,121.05,15029332,FYERS_HISTORY,2026-08-08T23:03:03+05:30
2024-06-10,SMD-0032,BANKINDIA,NSE:BANKINDIA-EQ,122.0,125.45,122.0,123.34,16610021,FYERS_HISTORY,2026-08-08T23:03:03+05:30
2024-06-11,SMD-0032,BANKINDIA,NSE:BANKINDIA-EQ,124.25,124.33,122.4,123.01,11182412,FYERS_HISTORY,2026-08-08T23:03:03+05:30
2024-06-12,SMD-0032,BANKINDIA,NSE:BANKINDIA-EQ,123.7,125.3,122.63,124.06,17063890,FYERS_HISTORY,2026-08-08T23:03:03+05:30
2024-06-13,SMD-0032,BANKINDIA,NSE:BANKINDIA-EQ,125.0,126.2,124.05,124.51,10097817,FYERS_HISTORY,2026-08-08T23:03:03+05:30
2024-06-14,SMD-0032,BANKINDIA,NSE:BANKINDIA-EQ,124.9,126.39,124.11,125.76,11737543,FYERS_HISTORY,2026-08-08T23:03:03+05:30
2024-06-18,SMD-0032,BANKINDIA,NSE:BANKINDIA-EQ,124.9,124.9,121.82,122.22,19283739,FYERS_HISTORY,2026-08-08T23:03:03+05:30
2024-06-19,SMD-0032,BANKINDIA,NSE:BANKINDIA-EQ,122.8,124.05,121.38,122.89,12551561,FYERS_HISTORY,2026-08-08T23:03:03+05:30
2024-06-20,SMD-0032,BANKINDIA,NSE:BANKINDIA-EQ,122.8,123.95,122.56,122.98,8706010,FYERS_HISTORY,2026-08-08T23:03:03+05:30
2024-06-21,SMD-0032,BANKINDIA,NSE:BANKINDIA-EQ,123.5,123.65,121.1,121.6,9886490,FYERS_HISTORY,2026-08-08T23:03:03+05:30
2024-06-24,SMD-0032,BANKINDIA,NSE:BANKINDIA-EQ,121.4,121.45,119.37,120.51,10217149,FYERS_HISTORY,2026-08-08T23:03:03+05:30
2024-06-25,SMD-0032,BANKINDIA,NSE:BANKINDIA-EQ,121.25,123.6,119.75,123.3,12003890,FYERS_HISTORY,2026-08-08T23:03:03+05:30
2024-06-26,SMD-0032,BANKINDIA,NSE:BANKINDIA-EQ,123.0,124.46,122.24,123.9,10064059,FYERS_HISTORY,2026-08-08T23:03:03+05:30
2024-06-27,SMD-0032,BANKINDIA,NSE:BANKINDIA-EQ,123.11,123.76,119.88,120.89,10452879,FYERS_HISTORY,2026-08-08T23:03:03+05:30
2024-06-28,SMD-0032,BANKINDIA,NSE:BANKINDIA-EQ,121.68,123.6,120.1,120.51,9504554,FYERS_HISTORY,2026-08-08T23:03:03+05:30
2024-07-01,SMD-0032,BANKINDIA,NSE:BANKINDIA-EQ,120.8,121.4,119.91,121.01,5636426,FYERS_HISTORY,2026-08-08T23:03:03+05:30
2024-07-02,SMD-0032,BANKINDIA,NSE:BANKINDIA-EQ,121.24,121.55,117.3,117.8,11457472,FYERS_HISTORY,2026-08-08T23:03:03+05:30
2024-07-03,SMD-0032,BANKINDIA,NSE:BANKINDIA-EQ,118.5,119.3,117.89,118.3,8004538,FYERS_HISTORY,2026-08-08T23:03:03+05:30
2024-07-04,SMD-0032,BANKINDIA,NSE:BANKINDIA-EQ,119.0,119.3,117.5,118.64,8346070,FYERS_HISTORY,2026-08-08T23:03:03+05:30
2024-07-05,SMD-0032,BANKINDIA,NSE:BANKINDIA-EQ,118.9,121.45,118.55,120.45,8038993,FYERS_HISTORY,2026-08-08T23:03:03+05:30
2024-07-08,SMD-0032,BANKINDIA,NSE:BANKINDIA-EQ,120.6,121.2,119.5,120.96,7363153,FYERS_HISTORY,2026-08-08T23:03:03+05:30
2024-07-09,SMD-0032,BANKINDIA,NSE:BANKINDIA-EQ,121.4,125.9,120.96,123.66,20126207,FYERS_HISTORY,2026-08-08T23:03:03+05:30
2024-07-10,SMD-0032,BANKINDIA,NSE:BANKINDIA-EQ,124.0,124.3,119.0,122.47,12071610,FYERS_HISTORY,2026-08-08T23:03:03+05:30
2024-07-11,SMD-0032,BANKINDIA,NSE:BANKINDIA-EQ,122.7,122.85,120.4,121.98,7049342,FYERS_HISTORY,2026-08-08T23:03:03+05:30
2024-07-12,SMD-0032,BANKINDIA,NSE:BANKINDIA-EQ,122.0,124.2,119.65,120.29,7470847,FYERS_HISTORY,2026-08-08T23:03:03+05:30
2024-07-15,SMD-0032,BANKINDIA,NSE:BANKINDIA-EQ,120.53,125.05,119.7,123.72,19866405,FYERS_HISTORY,2026-08-08T23:03:03+05:30
2024-07-16,SMD-0032,BANKINDIA,NSE:BANKINDIA-EQ,123.99,124.45,121.81,123.03,7294961,FYERS_HISTORY,2026-08-08T23:03:03+05:30
2024-07-18,SMD-0032,BANKINDIA,NSE:BANKINDIA-EQ,123.02,125.09,121.5,123.64,16067348,FYERS_HISTORY,2026-08-08T23:03:03+05:30
2024-07-19,SMD-0032,BANKINDIA,NSE:BANKINDIA-EQ,123.64,123.89,120.5,120.89,7642979,FYERS_HISTORY,2026-08-08T23:03:03+05:30
2024-07-22,SMD-0032,BANKINDIA,NSE:BANKINDIA-EQ,120.0,122.45,118.3,122.01,7851832,FYERS_HISTORY,2026-08-08T23:03:03+05:30
2024-07-23,SMD-0032,BANKINDIA,NSE:BANKINDIA-EQ,122.2,122.29,117.0,119.29,7691292,FYERS_HISTORY,2026-08-08T23:03:03+05:30
2024-07-24,SMD-0032,BANKINDIA,NSE:BANKINDIA-EQ,119.99,122.46,119.39,120.34,8868180,FYERS_HISTORY,2026-08-08T23:03:03+05:30
2024-07-25,SMD-0032,BANKINDIA,NSE:BANKINDIA-EQ,119.81,120.59,118.5,118.78,5203991,FYERS_HISTORY,2026-08-08T23:03:03+05:30
2024-07-26,SMD-0032,BANKINDIA,NSE:BANKINDIA-EQ,118.85,120.39,118.21,119.37,7556629,FYERS_HISTORY,2026-08-08T23:03:03+05:30
2024-07-29,SMD-0032,BANKINDIA,NSE:BANKINDIA-EQ,120.85,126.16,120.4,125.14,24362585,FYERS_HISTORY,2026-08-08T23:03:03+05:30
2024-07-30,SMD-0032,BANKINDIA,NSE:BANKINDIA-EQ,125.75,126.96,125.02,125.82,7669460,FYERS_HISTORY,2026-08-08T23:03:03+05:30
2024-07-31,SMD-0032,BANKINDIA,NSE:BANKINDIA-EQ,126.0,126.45,125.03,125.8,5064752,FYERS_HISTORY,2026-08-08T23:03:03+05:30
2024-08-01,SMD-0032,BANKINDIA,NSE:BANKINDIA-EQ,126.53,126.65,125.35,126.11,7225687,FYERS_HISTORY,2026-08-08T23:03:03+05:30
2024-08-02,SMD-0032,BANKINDIA,NSE:BANKINDIA-EQ,124.06,128.2,122.55,126.24,14492663,FYERS_HISTORY,2026-08-08T23:03:03+05:30
2024-08-05,SMD-0032,BANKINDIA,NSE:BANKINDIA-EQ,123.6,124.5,119.5,122.35,20938121,FYERS_HISTORY,2026-08-08T23:03:03+05:30
2024-08-06,SMD-0032,BANKINDIA,NSE:BANKINDIA-EQ,123.1,124.9,118.21,118.93,8017235,FYERS_HISTORY,2026-08-08T23:03:03+05:30
2024-08-07,SMD-0032,BANKINDIA,NSE:BANKINDIA-EQ,122.0,122.25,118.3,118.87,7853002,FYERS_HISTORY,2026-08-08T23:03:03+05:30
2024-08-08,SMD-0032,BANKINDIA,NSE:BANKINDIA-EQ,118.9,121.4,117.25,119.38,10734357,FYERS_HISTORY,2026-08-08T23:03:03+05:30
2024-08-09,SMD-0032,BANKINDIA,NSE:BANKINDIA-EQ,119.64,121.15,117.95,118.95,8235427,FYERS_HISTORY,2026-08-08T23:03:03+05:30
2024-08-12,SMD-0032,BANKINDIA,NSE:BANKINDIA-EQ,118.79,119.5,117.5,117.98,4432969,FYERS_HISTORY,2026-08-08T23:03:03+05:30
2024-08-13,SMD-0032,BANKINDIA,NSE:BANKINDIA-EQ,118.09,118.75,115.01,115.73,8949764,FYERS_HISTORY,2026-08-08T23:03:03+05:30
2024-08-14,SMD-0032,BANKINDIA,NSE:BANKINDIA-EQ,116.0,116.39,114.0,114.79,4845249,FYERS_HISTORY,2026-08-08T23:03:03+05:30
2024-08-16,SMD-0032,BANKINDIA,NSE:BANKINDIA-EQ,115.95,116.74,115.54,116.01,3826316,FYERS_HISTORY,2026-08-08T23:03:03+05:30
2024-08-19,SMD-0032,BANKINDIA,NSE:BANKINDIA-EQ,116.95,118.8,116.69,117.32,3373191,FYERS_HISTORY,2026-08-08T23:03:03+05:30
2024-08-20,SMD-0032,BANKINDIA,NSE:BANKINDIA-EQ,118.07,120.15,117.5,119.25,5367129,FYERS_HISTORY,2026-08-08T23:03:03+05:30
2024-08-21,SMD-0032,BANKINDIA,NSE:BANKINDIA-EQ,119.8,119.8,118.65,119.44,2412949,FYERS_HISTORY,2026-08-08T23:03:03+05:30
2024-08-22,SMD-0032,BANKINDIA,NSE:BANKINDIA-EQ,120.01,121.25,119.51,120.98,4976967,FYERS_HISTORY,2026-08-08T23:03:03+05:30
2024-08-23,SMD-0032,BANKINDIA,NSE:BANKINDIA-EQ,121.43,121.5,120.09,120.56,4407329,FYERS_HISTORY,2026-08-08T23:03:03+05:30
2024-08-26,SMD-0032,BANKINDIA,NSE:BANKINDIA-EQ,121.0,121.49,117.1,117.57,12124682,FYERS_HISTORY,2026-08-08T23:03:03+05:30
2024-08-27,SMD-0032,BANKINDIA,NSE:BANKINDIA-EQ,118.0,118.8,117.62,118.54,3507110,FYERS_HISTORY,2026-08-08T23:03:03+05:30
2024-08-28,SMD-0032,BANKINDIA,NSE:BANKINDIA-EQ,118.95,119.2,117.8,117.93,2033737,FYERS_HISTORY,2026-08-08T23:03:03+05:30
2024-08-29,SMD-0032,BANKINDIA,NSE:BANKINDIA-EQ,117.5,118.15,116.5,116.99,6780777,FYERS_HISTORY,2026-08-08T23:03:03+05:30
2024-08-30,SMD-0032,BANKINDIA,NSE:BANKINDIA-EQ,117.5,118.53,117.45,117.74,2452499,FYERS_HISTORY,2026-08-08T23:03:03+05:30
2024-09-02,SMD-0032,BANKINDIA,NSE:BANKINDIA-EQ,118.79,118.79,116.65,117.4,3784509,FYERS_HISTORY,2026-08-08T23:03:03+05:30
2024-09-03,SMD-0032,BANKINDIA,NSE:BANKINDIA-EQ,118.0,119.39,117.16,118.9,5373501,FYERS_HISTORY,2026-08-08T23:03:03+05:30
2024-09-04,SMD-0032,BANKINDIA,NSE:BANKINDIA-EQ,117.74,118.25,116.85,117.93,4975266,FYERS_HISTORY,2026-08-08T23:03:03+05:30
2024-09-05,SMD-0032,BANKINDIA,NSE:BANKINDIA-EQ,118.19,118.45,117.0,117.26,3748813,FYERS_HISTORY,2026-08-08T23:03:03+05:30
2024-09-06,SMD-0032,BANKINDIA,NSE:BANKINDIA-EQ,118.0,118.09,115.25,115.75,5934006,FYERS_HISTORY,2026-08-08T23:03:03+05:30
2024-09-09,SMD-0032,BANKINDIA,NSE:BANKINDIA-EQ,115.0,115.58,112.31,113.43,8367849,FYERS_HISTORY,2026-08-08T23:03:03+05:30
2024-09-10,SMD-0032,BANKINDIA,NSE:BANKINDIA-EQ,114.11,114.97,112.2,112.43,4932265,FYERS_HISTORY,2026-08-08T23:03:03+05:30
2024-09-11,SMD-0032,BANKINDIA,NSE:BANKINDIA-EQ,113.2,113.2,110.9,111.23,6176713,FYERS_HISTORY,2026-08-08T23:03:03+05:30
2024-09-12,SMD-0032,BANKINDIA,NSE:BANKINDIA-EQ,112.0,112.49,110.22,110.86,5439526,FYERS_HISTORY,2026-08-08T23:03:03+05:30
2024-09-13,SMD-0032,BANKINDIA,NSE:BANKINDIA-EQ,111.55,113.85,110.92,112.36,5278568,FYERS_HISTORY,2026-08-08T23:03:03+05:30
2024-09-16,SMD-0032,BANKINDIA,NSE:BANKINDIA-EQ,112.89,115.25,112.52,113.01,5555617,FYERS_HISTORY,2026-08-08T23:03:03+05:30
2024-09-17,SMD-0032,BANKINDIA,NSE:BANKINDIA-EQ,113.45,113.5,112.03,112.28,2727821,FYERS_HISTORY,2026-08-08T23:03:03+05:30
2024-09-18,SMD-0032,BANKINDIA,NSE:BANKINDIA-EQ,112.39,112.42,110.5,110.76,3149002,FYERS_HISTORY,2026-08-08T23:03:03+05:30
2024-09-19,SMD-0032,BANKINDIA,NSE:BANKINDIA-EQ,111.84,111.84,109.51,110.0,5563088,FYERS_HISTORY,2026-08-08T23:03:03+05:30
2024-09-20,SMD-0032,BANKINDIA,NSE:BANKINDIA-EQ,110.73,110.79,109.72,110.3,4333880,FYERS_HISTORY,2026-08-08T23:03:03+05:30
2024-09-23,SMD-0032,BANKINDIA,NSE:BANKINDIA-EQ,111.15,113.59,110.3,112.39,6797090,FYERS_HISTORY,2026-08-08T23:03:03+05:30
2024-09-24,SMD-0032,BANKINDIA,NSE:BANKINDIA-EQ,112.95,112.95,111.8,111.96,4405905,FYERS_HISTORY,2026-08-08T23:03:03+05:30
2024-09-25,SMD-0032,BANKINDIA,NSE:BANKINDIA-EQ,112.28,112.28,110.3,110.54,3870712,FYERS_HISTORY,2026-08-08T23:03:03+05:30
2024-09-26,SMD-0032,BANKINDIA,NSE:BANKINDIA-EQ,110.95,111.85,109.66,110.51,4939056,FYERS_HISTORY,2026-08-08T23:03:03+05:30
2024-09-27,SMD-0032,BANKINDIA,NSE:BANKINDIA-EQ,110.9,111.44,110.18,110.77,6063334,FYERS_HISTORY,2026-08-08T23:03:03+05:30
2024-09-30,SMD-0032,BANKINDIA,NSE:BANKINDIA-EQ,110.82,111.3,109.7,110.6,5267144,FYERS_HISTORY,2026-08-08T23:03:03+05:30
2024-10-01,SMD-0032,BANKINDIA,NSE:BANKINDIA-EQ,110.75,111.69,110.51,110.89,3541577,FYERS_HISTORY,2026-08-08T23:03:03+05:30
2024-10-03,SMD-0032,BANKINDIA,NSE:BANKINDIA-EQ,109.17,109.95,108.6,109.27,3787250,FYERS_HISTORY,2026-08-08T23:03:03+05:30
2024-10-04,SMD-0032,BANKINDIA,NSE:BANKINDIA-EQ,109.29,109.64,106.8,108.76,5400033,FYERS_HISTORY,2026-08-08T23:03:03+05:30
2024-10-07,SMD-0032,BANKINDIA,NSE:BANKINDIA-EQ,109.0,109.46,103.92,105.52,5658321,FYERS_HISTORY,2026-08-08T23:03:03+05:30
2024-10-08,SMD-0032,BANKINDIA,NSE:BANKINDIA-EQ,105.3,107.28,101.07,105.94,5918241,FYERS_HISTORY,2026-08-08T23:03:03+05:30
2024-10-09,SMD-0032,BANKINDIA,NSE:BANKINDIA-EQ,107.4,107.7,105.0,105.38,3576172,FYERS_HISTORY,2026-08-08T23:03:03+05:30
2024-10-10,SMD-0032,BANKINDIA,NSE:BANKINDIA-EQ,106.09,106.5,105.1,105.47,2888761,FYERS_HISTORY,2026-08-08T23:03:03+05:30
2024-10-11,SMD-0032,BANKINDIA,NSE:BANKINDIA-EQ,105.47,105.99,105.05,105.53,1870268,FYERS_HISTORY,2026-08-08T23:03:03+05:30
2024-10-14,SMD-0032,BANKINDIA,NSE:BANKINDIA-EQ,105.91,106.3,104.33,104.71,3004596,FYERS_HISTORY,2026-08-08T23:03:03+05:30
2024-10-15,SMD-0032,BANKINDIA,NSE:BANKINDIA-EQ,105.0,105.59,104.36,104.68,2454679,FYERS_HISTORY,2026-08-08T23:03:03+05:30
2024-10-16,SMD-0032,BANKINDIA,NSE:BANKINDIA-EQ,104.66,105.25,104.35,104.83,2453578,FYERS_HISTORY,2026-08-08T23:03:03+05:30
2024-10-17,SMD-0032,BANKINDIA,NSE:BANKINDIA-EQ,104.85,105.39,103.76,104.68,2476072,FYERS_HISTORY,2026-08-08T23:03:03+05:30
2024-10-18,SMD-0032,BANKINDIA,NSE:BANKINDIA-EQ,104.0,105.9,102.82,104.82,3787617,FYERS_HISTORY,2026-08-08T23:03:03+05:30
2024-10-21,SMD-0032,BANKINDIA,NSE:BANKINDIA-EQ,105.3,106.18,103.3,104.11,3539723,FYERS_HISTORY,2026-08-08T23:03:03+05:30
2024-10-22,SMD-0032,BANKINDIA,NSE:BANKINDIA-EQ,104.48,104.48,99.3,99.9,8322247,FYERS_HISTORY,2026-08-08T23:03:03+05:30
2024-10-23,SMD-0032,BANKINDIA,NSE:BANKINDIA-EQ,99.78,100.45,96.5,98.91,5957517,FYERS_HISTORY,2026-08-08T23:03:03+05:30
2024-10-24,SMD-0032,BANKINDIA,NSE:BANKINDIA-EQ,98.94,100.95,98.35,99.23,9111566,FYERS_HISTORY,2026-08-08T23:03:03+05:30
2024-10-25,SMD-0032,BANKINDIA,NSE:BANKINDIA-EQ,99.78,99.78,96.0,96.56,6505468,FYERS_HISTORY,2026-08-08T23:03:03+05:30
2024-10-28,SMD-0032,BANKINDIA,NSE:BANKINDIA-EQ,98.0,101.05,96.6,100.19,6797633,FYERS_HISTORY,2026-08-08T23:03:03+05:30
2024-10-29,SMD-0032,BANKINDIA,NSE:BANKINDIA-EQ,100.64,102.95,99.51,102.63,5039745,FYERS_HISTORY,2026-08-08T23:03:03+05:30
2024-10-30,SMD-0032,BANKINDIA,NSE:BANKINDIA-EQ,102.5,108.64,102.24,107.34,16153252,FYERS_HISTORY,2026-08-08T23:03:03+05:30
2024-10-31,SMD-0032,BANKINDIA,NSE:BANKINDIA-EQ,107.5,109.5,106.41,108.69,5828107,FYERS_HISTORY,2026-08-08T23:03:03+05:30
2024-11-01,SMD-0032,BANKINDIA,NSE:BANKINDIA-EQ,109.3,110.79,107.21,110.18,2774089,FYERS_HISTORY,2026-08-08T23:03:03+05:30
2024-11-04,SMD-0032,BANKINDIA,NSE:BANKINDIA-EQ,110.44,110.44,106.86,108.33,4062781,FYERS_HISTORY,2026-08-08T23:03:03+05:30
2024-11-05,SMD-0032,BANKINDIA,NSE:BANKINDIA-EQ,108.24,111.45,107.33,110.37,6602415,FYERS_HISTORY,2026-08-08T23:03:03+05:30
2024-11-06,SMD-0032,BANKINDIA,NSE:BANKINDIA-EQ,112.0,114.39,110.85,113.76,10552466,FYERS_HISTORY,2026-08-08T23:03:03+05:30
2024-11-07,SMD-0032,BANKINDIA,NSE:BANKINDIA-EQ,113.69,115.0,112.62,113.07,5585389,FYERS_HISTORY,2026-08-08T23:03:03+05:30
2024-11-08,SMD-0032,BANKINDIA,NSE:BANKINDIA-EQ,112.99,113.4,110.37,111.64,3799518,FYERS_HISTORY,2026-08-08T23:03:03+05:30
2024-11-11,SMD-0032,BANKINDIA,NSE:BANKINDIA-EQ,111.03,115.0,111.03,112.2,9862906,FYERS_HISTORY,2026-08-08T23:03:03+05:30
2024-11-12,SMD-0032,BANKINDIA,NSE:BANKINDIA-EQ,111.98,114.36,108.0,108.69,11559079,FYERS_HISTORY,2026-08-08T23:03:03+05:30
2024-11-13,SMD-0032,BANKINDIA,NSE:BANKINDIA-EQ,108.3,108.3,104.26,104.74,6511151,FYERS_HISTORY,2026-08-08T23:03:03+05:30
2024-11-14,SMD-0032,BANKINDIA,NSE:BANKINDIA-EQ,106.0,106.9,103.8,104.3,3862235,FYERS_HISTORY,2026-08-08T23:03:03+05:30
2024-11-18,SMD-0032,BANKINDIA,NSE:BANKINDIA-EQ,104.4,104.8,101.5,103.07,6355112,FYERS_HISTORY,2026-08-08T23:03:03+05:30
2024-11-19,SMD-0032,BANKINDIA,NSE:BANKINDIA-EQ,103.49,107.6,103.43,104.57,5196762,FYERS_HISTORY,2026-08-08T23:03:03+05:30
2024-11-21,SMD-0032,BANKINDIA,NSE:BANKINDIA-EQ,104.81,104.84,100.7,101.52,5927171,FYERS_HISTORY,2026-08-08T23:03:03+05:30
2024-11-22,SMD-0032,BANKINDIA,NSE:BANKINDIA-EQ,102.6,103.6,101.8,103.06,4958015,FYERS_HISTORY,2026-08-08T23:03:03+05:30
2024-11-25,SMD-0032,BANKINDIA,NSE:BANKINDIA-EQ,106.59,108.15,105.34,107.0,6394173,FYERS_HISTORY,2026-08-08T23:03:03+05:30
2024-11-26,SMD-0032,BANKINDIA,NSE:BANKINDIA-EQ,107.5,107.97,106.6,107.79,3020229,FYERS_HISTORY,2026-08-08T23:03:03+05:30
2024-11-27,SMD-0032,BANKINDIA,NSE:BANKINDIA-EQ,108.51,112.2,107.35,111.53,7682086,FYERS_HISTORY,2026-08-08T23:03:03+05:30
2024-11-28,SMD-0032,BANKINDIA,NSE:BANKINDIA-EQ,111.9,114.63,109.84,111.9,11794214,FYERS_HISTORY,2026-08-08T23:03:03+05:30
2024-11-29,SMD-0032,BANKINDIA,NSE:BANKINDIA-EQ,112.14,114.7,108.82,110.5,13029139,FYERS_HISTORY,2026-08-08T23:03:03+05:30
2024-12-02,SMD-0032,BANKINDIA,NSE:BANKINDIA-EQ,110.35,110.7,107.45,110.12,11469057,FYERS_HISTORY,2026-08-08T23:03:03+05:30
2024-12-03,SMD-0032,BANKINDIA,NSE:BANKINDIA-EQ,109.85,114.2,109.85,114.02,10340458,FYERS_HISTORY,2026-08-08T23:03:03+05:30
2024-12-04,SMD-0032,BANKINDIA,NSE:BANKINDIA-EQ,114.6,118.85,114.26,117.88,25931163,FYERS_HISTORY,2026-08-08T23:03:03+05:30
2024-12-05,SMD-0032,BANKINDIA,NSE:BANKINDIA-EQ,118.7,119.51,116.2,118.32,11603457,FYERS_HISTORY,2026-08-08T23:03:03+05:30
2024-12-06,SMD-0032,BANKINDIA,NSE:BANKINDIA-EQ,118.5,120.5,116.57,117.81,12310232,FYERS_HISTORY,2026-08-08T23:03:03+05:30
2024-12-09,SMD-0032,BANKINDIA,NSE:BANKINDIA-EQ,117.6,118.38,115.61,115.88,5912817,FYERS_HISTORY,2026-08-08T23:03:03+05:30
2024-12-10,SMD-0032,BANKINDIA,NSE:BANKINDIA-EQ,116.2,116.83,115.0,115.4,5298245,FYERS_HISTORY,2026-08-08T23:03:03+05:30
2024-12-11,SMD-0032,BANKINDIA,NSE:BANKINDIA-EQ,115.84,116.09,114.11,114.3,3907762,FYERS_HISTORY,2026-08-08T23:03:03+05:30
2024-12-12,SMD-0032,BANKINDIA,NSE:BANKINDIA-EQ,114.48,114.78,112.48,113.01,4084044,FYERS_HISTORY,2026-08-08T23:03:03+05:30
2024-12-13,SMD-0032,BANKINDIA,NSE:BANKINDIA-EQ,112.55,113.61,109.81,113.05,6821762,FYERS_HISTORY,2026-08-08T23:03:03+05:30
2024-12-16,SMD-0032,BANKINDIA,NSE:BANKINDIA-EQ,112.54,115.6,112.54,114.25,4725717,FYERS_HISTORY,2026-08-08T23:03:03+05:30
2024-12-17,SMD-0032,BANKINDIA,NSE:BANKINDIA-EQ,113.99,114.3,110.0,110.23,6740261,FYERS_HISTORY,2026-08-08T23:03:03+05:30
2024-12-18,SMD-0032,BANKINDIA,NSE:BANKINDIA-EQ,110.23,110.5,107.46,107.95,10177305,FYERS_HISTORY,2026-08-08T23:03:03+05:30
2024-12-19,SMD-0032,BANKINDIA,NSE:BANKINDIA-EQ,105.83,107.42,105.31,106.55,4796423,FYERS_HISTORY,2026-08-08T23:03:03+05:30
2024-12-20,SMD-0032,BANKINDIA,NSE:BANKINDIA-EQ,106.55,107.15,102.7,103.03,7041416,FYERS_HISTORY,2026-08-08T23:03:03+05:30
2024-12-23,SMD-0032,BANKINDIA,NSE:BANKINDIA-EQ,103.5,104.75,102.0,102.43,7040251,FYERS_HISTORY,2026-08-08T23:03:03+05:30
2024-12-24,SMD-0032,BANKINDIA,NSE:BANKINDIA-EQ,102.5,102.92,101.86,102.35,4645820,FYERS_HISTORY,2026-08-08T23:03:03+05:30
2024-12-26,SMD-0032,BANKINDIA,NSE:BANKINDIA-EQ,102.31,104.47,102.02,103.17,7724432,FYERS_HISTORY,2026-08-08T23:03:03+05:30
2024-12-27,SMD-0032,BANKINDIA,NSE:BANKINDIA-EQ,102.85,103.99,102.61,102.8,3177526,FYERS_HISTORY,2026-08-08T23:03:03+05:30
2024-12-30,SMD-0032,BANKINDIA,NSE:BANKINDIA-EQ,102.61,103.59,100.41,100.93,6848363,FYERS_HISTORY,2026-08-08T23:03:03+05:30
2024-12-31,SMD-0032,BANKINDIA,NSE:BANKINDIA-EQ,101.0,102.44,100.22,101.9,6050468,FYERS_HISTORY,2026-08-08T23:03:03+05:30
2025-01-01,SMD-0032,BANKINDIA,NSE:BANKINDIA-EQ,101.8,103.2,101.06,102.64,3260501,FYERS_HISTORY,2026-08-08T23:03:03+05:30
2025-01-02,SMD-0032,BANKINDIA,NSE:BANKINDIA-EQ,104.28,105.19,100.81,103.78,14259943,FYERS_HISTORY,2026-08-08T23:03:03+05:30
2025-01-03,SMD-0032,BANKINDIA,NSE:BANKINDIA-EQ,104.19,107.15,104.05,104.72,12858263,FYERS_HISTORY,2026-08-08T23:03:03+05:30
2025-01-06,SMD-0032,BANKINDIA,NSE:BANKINDIA-EQ,106.0,106.32,99.26,99.81,12258443,FYERS_HISTORY,2026-08-08T23:03:03+05:30
2025-01-07,SMD-0032,BANKINDIA,NSE:BANKINDIA-EQ,100.17,101.13,99.53,100.21,6149090,FYERS_HISTORY,2026-08-08T23:03:03+05:30
2025-01-08,SMD-0032,BANKINDIA,NSE:BANKINDIA-EQ,100.21,101.0,98.52,100.11,7748353,FYERS_HISTORY,2026-08-08T23:03:03+05:30
2025-01-09,SMD-0032,BANKINDIA,NSE:BANKINDIA-EQ,100.0,100.16,98.36,98.68,4710225,FYERS_HISTORY,2026-08-08T23:03:03+05:30
2025-01-10,SMD-0032,BANKINDIA,NSE:BANKINDIA-EQ,98.31,98.7,94.0,94.27,10132531,FYERS_HISTORY,2026-08-08T23:03:03+05:30
2025-01-13,SMD-0032,BANKINDIA,NSE:BANKINDIA-EQ,93.27,94.37,90.05,90.35,9889266,FYERS_HISTORY,2026-08-08T23:03:03+05:30
2025-01-14,SMD-0032,BANKINDIA,NSE:BANKINDIA-EQ,90.51,95.44,90.51,94.62,17015919,FYERS_HISTORY,2026-08-08T23:03:03+05:30
2025-01-15,SMD-0032,BANKINDIA,NSE:BANKINDIA-EQ,95.86,96.71,93.89,96.13,7021894,FYERS_HISTORY,2026-08-08T23:03:03+05:30
2025-01-16,SMD-0032,BANKINDIA,NSE:BANKINDIA-EQ,97.29,100.6,97.29,99.74,8542663,FYERS_HISTORY,2026-08-08T23:03:03+05:30
2025-01-17,SMD-0032,BANKINDIA,NSE:BANKINDIA-EQ,99.0,100.67,98.74,100.23,5277338,FYERS_HISTORY,2026-08-08T23:03:03+05:30
2025-01-20,SMD-0032,BANKINDIA,NSE:BANKINDIA-EQ,100.23,102.86,99.59,101.67,5601585,FYERS_HISTORY,2026-08-08T23:03:03+05:30
2025-01-21,SMD-0032,BANKINDIA,NSE:BANKINDIA-EQ,102.0,102.24,99.89,100.06,3640500,FYERS_HISTORY,2026-08-08T23:03:03+05:30
2025-01-22,SMD-0032,BANKINDIA,NSE:BANKINDIA-EQ,100.0,100.26,96.85,99.03,4809029,FYERS_HISTORY,2026-08-08T23:03:03+05:30
2025-01-23,SMD-0032,BANKINDIA,NSE:BANKINDIA-EQ,99.0,100.34,97.91,99.71,3393691,FYERS_HISTORY,2026-08-08T23:03:03+05:30
2025-01-24,SMD-0032,BANKINDIA,NSE:BANKINDIA-EQ,99.95,101.0,98.0,98.37,4111994,FYERS_HISTORY,2026-08-08T23:03:03+05:30
2025-01-27,SMD-0032,BANKINDIA,NSE:BANKINDIA-EQ,100.0,105.8,99.11,104.29,62764655,FYERS_HISTORY,2026-08-08T23:03:03+05:30
2025-01-28,SMD-0032,BANKINDIA,NSE:BANKINDIA-EQ,103.82,111.21,103.8,109.51,52405075,FYERS_HISTORY,2026-08-08T23:03:03+05:30
2025-01-29,SMD-0032,BANKINDIA,NSE:BANKINDIA-EQ,108.91,111.17,107.92,110.82,13568733,FYERS_HISTORY,2026-08-08T23:03:03+05:30
2025-01-30,SMD-0032,BANKINDIA,NSE:BANKINDIA-EQ,110.82,113.19,110.25,111.23,11344654,FYERS_HISTORY,2026-08-08T23:03:03+05:30
2025-01-31,SMD-0032,BANKINDIA,NSE:BANKINDIA-EQ,112.0,113.1,110.33,112.52,9417605,FYERS_HISTORY,2026-08-08T23:03:03+05:30
2025-02-01,SMD-0032,BANKINDIA,NSE:BANKINDIA-EQ,112.9,112.9,106.33,108.28,10476590,FYERS_HISTORY,2026-08-08T23:03:03+05:30
2025-02-03,SMD-0032,BANKINDIA,NSE:BANKINDIA-EQ,106.0,106.43,103.46,103.92,13485224,FYERS_HISTORY,2026-08-08T23:03:03+05:30
2025-02-04,SMD-0032,BANKINDIA,NSE:BANKINDIA-EQ,104.95,109.49,104.9,106.86,12915454,FYERS_HISTORY,2026-08-08T23:03:03+05:30
2025-02-05,SMD-0032,BANKINDIA,NSE:BANKINDIA-EQ,107.95,110.14,107.5,107.89,10574281,FYERS_HISTORY,2026-08-08T23:03:03+05:30
2025-02-06,SMD-0032,BANKINDIA,NSE:BANKINDIA-EQ,108.7,109.12,107.2,107.63,9397668,FYERS_HISTORY,2026-08-08T23:03:03+05:30
2025-02-07,SMD-0032,BANKINDIA,NSE:BANKINDIA-EQ,107.99,109.62,104.89,106.16,13415003,FYERS_HISTORY,2026-08-08T23:03:03+05:30
2025-02-10,SMD-0032,BANKINDIA,NSE:BANKINDIA-EQ,106.81,106.81,103.2,103.93,5384683,FYERS_HISTORY,2026-08-08T23:03:03+05:30
2025-02-11,SMD-0032,BANKINDIA,NSE:BANKINDIA-EQ,103.99,104.29,100.7,101.22,5308829,FYERS_HISTORY,2026-08-08T23:03:03+05:30
2025-02-12,SMD-0032,BANKINDIA,NSE:BANKINDIA-EQ,101.25,102.95,97.92,102.5,8692391,FYERS_HISTORY,2026-08-08T23:03:03+05:30
2025-02-13,SMD-0032,BANKINDIA,NSE:BANKINDIA-EQ,103.49,103.71,100.55,101.1,6063347,FYERS_HISTORY,2026-08-08T23:03:03+05:30
2025-02-14,SMD-0032,BANKINDIA,NSE:BANKINDIA-EQ,101.68,102.0,97.68,99.3,6099055,FYERS_HISTORY,2026-08-08T23:03:03+05:30
2025-02-17,SMD-0032,BANKINDIA,NSE:BANKINDIA-EQ,99.0,99.21,96.3,99.03,5421187,FYERS_HISTORY,2026-08-08T23:03:03+05:30
2025-02-18,SMD-0032,BANKINDIA,NSE:BANKINDIA-EQ,99.0,99.65,95.5,96.0,8872125,FYERS_HISTORY,2026-08-08T23:03:03+05:30
2025-02-19,SMD-0032,BANKINDIA,NSE:BANKINDIA-EQ,96.0,99.97,95.41,99.37,8383145,FYERS_HISTORY,2026-08-08T23:03:03+05:30
2025-02-20,SMD-0032,BANKINDIA,NSE:BANKINDIA-EQ,98.9,104.99,98.5,104.74,12657368,FYERS_HISTORY,2026-08-08T23:03:03+05:30
2025-02-21,SMD-0032,BANKINDIA,NSE:BANKINDIA-EQ,103.8,104.42,100.56,101.51,10401247,FYERS_HISTORY,2026-08-08T23:03:03+05:30
2025-02-24,SMD-0032,BANKINDIA,NSE:BANKINDIA-EQ,101.2,101.8,99.86,100.89,6007057,FYERS_HISTORY,2026-08-08T23:03:03+05:30
2025-02-25,SMD-0032,BANKINDIA,NSE:BANKINDIA-EQ,101.38,101.72,97.75,98.08,4698591,FYERS_HISTORY,2026-08-08T23:03:03+05:30
2025-02-27,SMD-0032,BANKINDIA,NSE:BANKINDIA-EQ,98.09,98.92,96.05,96.58,8392622,FYERS_HISTORY,2026-08-08T23:03:03+05:30
2025-02-28,SMD-0032,BANKINDIA,NSE:BANKINDIA-EQ,96.5,97.4,94.78,95.16,9648668,FYERS_HISTORY,2026-08-08T23:03:03+05:30
2025-03-03,SMD-0032,BANKINDIA,NSE:BANKINDIA-EQ,95.9,96.68,92.7,95.52,8400268,FYERS_HISTORY,2026-08-08T23:03:03+05:30
2025-03-04,SMD-0032,BANKINDIA,NSE:BANKINDIA-EQ,95.0,97.33,93.9,95.9,9010467,FYERS_HISTORY,2026-08-08T23:03:03+05:30
2025-03-05,SMD-0032,BANKINDIA,NSE:BANKINDIA-EQ,96.4,98.65,96.2,97.88,9515677,FYERS_HISTORY,2026-08-08T23:03:03+05:30
2025-03-06,SMD-0032,BANKINDIA,NSE:BANKINDIA-EQ,99.79,100.25,97.5,97.92,10401338,FYERS_HISTORY,2026-08-08T23:03:03+05:30
2025-03-07,SMD-0032,BANKINDIA,NSE:BANKINDIA-EQ,97.55,98.4,96.69,97.41,7561031,FYERS_HISTORY,2026-08-08T23:03:03+05:30
2025-03-10,SMD-0032,BANKINDIA,NSE:BANKINDIA-EQ,97.65,97.68,94.0,94.39,6998486,FYERS_HISTORY,2026-08-08T23:03:03+05:30
2025-03-11,SMD-0032,BANKINDIA,NSE:BANKINDIA-EQ,93.4,95.4,92.66,94.99,6909115,FYERS_HISTORY,2026-08-08T23:03:03+05:30
2025-03-12,SMD-0032,BANKINDIA,NSE:BANKINDIA-EQ,95.94,95.95,93.19,93.96,6578981,FYERS_HISTORY,2026-08-08T23:03:03+05:30
2025-03-13,SMD-0032,BANKINDIA,NSE:BANKINDIA-EQ,94.8,95.39,93.75,94.12,5522916,FYERS_HISTORY,2026-08-08T23:03:03+05:30
2025-03-17,SMD-0032,BANKINDIA,NSE:BANKINDIA-EQ,94.25,95.29,94.22,94.8,4495889,FYERS_HISTORY,2026-08-08T23:03:03+05:30
2025-03-18,SMD-0032,BANKINDIA,NSE:BANKINDIA-EQ,95.39,98.99,95.0,98.58,9944352,FYERS_HISTORY,2026-08-08T23:03:03+05:30
2025-03-19,SMD-0032,BANKINDIA,NSE:BANKINDIA-EQ,99.0,103.99,98.7,103.21,14730072,FYERS_HISTORY,2026-08-08T23:03:03+05:30
2025-03-20,SMD-0032,BANKINDIA,NSE:BANKINDIA-EQ,103.93,104.45,101.8,102.4,6730020,FYERS_HISTORY,2026-08-08T23:03:03+05:30
2025-03-21,SMD-0032,BANKINDIA,NSE:BANKINDIA-EQ,102.98,106.1,102.03,105.84,9871684,FYERS_HISTORY,2026-08-08T23:03:03+05:30
2025-03-24,SMD-0032,BANKINDIA,NSE:BANKINDIA-EQ,106.4,108.9,106.03,107.64,9980825,FYERS_HISTORY,2026-08-08T23:03:03+05:30
2025-03-25,SMD-0032,BANKINDIA,NSE:BANKINDIA-EQ,109.0,109.19,104.81,105.96,8193377,FYERS_HISTORY,2026-08-08T23:03:03+05:30
2025-03-26,SMD-0032,BANKINDIA,NSE:BANKINDIA-EQ,105.92,107.41,105.0,105.41,7981147,FYERS_HISTORY,2026-08-08T23:03:03+05:30
2025-03-27,SMD-0032,BANKINDIA,NSE:BANKINDIA-EQ,104.3,108.63,104.07,107.8,13735931,FYERS_HISTORY,2026-08-08T23:03:03+05:30
2025-03-28,SMD-0032,BANKINDIA,NSE:BANKINDIA-EQ,107.8,109.1,106.75,107.12,9918716,FYERS_HISTORY,2026-08-08T23:03:03+05:30
2025-04-01,SMD-0032,BANKINDIA,NSE:BANKINDIA-EQ,106.52,111.5,106.26,110.29,12089356,FYERS_HISTORY,2026-08-08T23:03:03+05:30
2025-04-02,SMD-0032,BANKINDIA,NSE:BANKINDIA-EQ,111.05,112.1,108.05,111.55,7907441,FYERS_HISTORY,2026-08-08T23:03:03+05:30
2025-04-03,SMD-0032,BANKINDIA,NSE:BANKINDIA-EQ,110.25,118.15,109.58,114.92,27606403,FYERS_HISTORY,2026-08-08T23:03:03+05:30
2025-04-04,SMD-0032,BANKINDIA,NSE:BANKINDIA-EQ,114.75,115.81,110.63,111.49,15100808,FYERS_HISTORY,2026-08-08T23:03:03+05:30
2025-04-07,SMD-0032,BANKINDIA,NSE:BANKINDIA-EQ,103.99,108.49,103.0,105.77,10220616,FYERS_HISTORY,2026-08-08T23:03:03+05:30
2025-04-08,SMD-0032,BANKINDIA,NSE:BANKINDIA-EQ,108.39,110.0,107.2,109.25,7718332,FYERS_HISTORY,2026-08-08T23:03:03+05:30
2025-04-09,SMD-0032,BANKINDIA,NSE:BANKINDIA-EQ,108.9,109.09,104.51,106.76,9301804,FYERS_HISTORY,2026-08-08T23:03:03+05:30
2025-04-11,SMD-0032,BANKINDIA,NSE:BANKINDIA-EQ,108.6,109.7,107.13,108.16,4886516,FYERS_HISTORY,2026-08-08T23:03:03+05:30
2025-04-15,SMD-0032,BANKINDIA,NSE:BANKINDIA-EQ,109.26,111.78,108.85,111.36,5998656,FYERS_HISTORY,2026-08-08T23:03:03+05:30
2025-04-16,SMD-0032,BANKINDIA,NSE:BANKINDIA-EQ,112.0,116.3,111.53,115.48,14837452,FYERS_HISTORY,2026-08-08T23:03:03+05:30
2025-04-17,SMD-0032,BANKINDIA,NSE:BANKINDIA-EQ,116.0,117.8,114.8,117.1,17071220,FYERS_HISTORY,2026-08-08T23:03:03+05:30
2025-04-21,SMD-0032,BANKINDIA,NSE:BANKINDIA-EQ,117.11,121.53,117.11,119.87,14653740,FYERS_HISTORY,2026-08-08T23:03:03+05:30
2025-04-22,SMD-0032,BANKINDIA,NSE:BANKINDIA-EQ,120.65,121.65,118.54,118.83,9232904,FYERS_HISTORY,2026-08-08T23:03:03+05:30
2025-04-23,SMD-0032,BANKINDIA,NSE:BANKINDIA-EQ,119.43,119.57,114.82,117.78,10905130,FYERS_HISTORY,2026-08-08T23:03:03+05:30
2025-04-24,SMD-0032,BANKINDIA,NSE:BANKINDIA-EQ,117.69,119.19,116.79,118.57,5724055,FYERS_HISTORY,2026-08-08T23:03:03+05:30
2025-04-25,SMD-0032,BANKINDIA,NSE:BANKINDIA-EQ,118.57,118.57,113.7,115.29,10250155,FYERS_HISTORY,2026-08-08T23:03:03+05:30
2025-04-28,SMD-0032,BANKINDIA,NSE:BANKINDIA-EQ,115.29,119.2,115.29,118.38,7601791,FYERS_HISTORY,2026-08-08T23:03:03+05:30
2025-04-29,SMD-0032,BANKINDIA,NSE:BANKINDIA-EQ,119.7,121.55,117.16,117.82,10126876,FYERS_HISTORY,2026-08-08T23:03:03+05:30
2025-04-30,SMD-0032,BANKINDIA,NSE:BANKINDIA-EQ,117.79,117.79,114.58,115.15,6188498,FYERS_HISTORY,2026-08-08T23:03:03+05:30
2025-05-02,SMD-0032,BANKINDIA,NSE:BANKINDIA-EQ,115.21,117.33,114.8,115.38,5180525,FYERS_HISTORY,2026-08-08T23:03:03+05:30
2025-05-05,SMD-0032,BANKINDIA,NSE:BANKINDIA-EQ,115.9,116.72,114.71,116.36,4171126,FYERS_HISTORY,2026-08-08T23:03:03+05:30
2025-05-06,SMD-0032,BANKINDIA,NSE:BANKINDIA-EQ,116.8,116.8,108.6,109.07,9655744,FYERS_HISTORY,2026-08-08T23:03:03+05:30
2025-05-07,SMD-0032,BANKINDIA,NSE:BANKINDIA-EQ,107.41,110.8,107.25,109.19,10750031,FYERS_HISTORY,2026-08-08T23:03:03+05:30
2025-05-08,SMD-0032,BANKINDIA,NSE:BANKINDIA-EQ,110.19,112.25,105.5,107.86,9753681,FYERS_HISTORY,2026-08-08T23:03:03+05:30
2025-05-09,SMD-0032,BANKINDIA,NSE:BANKINDIA-EQ,104.2,111.22,104.2,110.22,9757040,FYERS_HISTORY,2026-08-08T23:03:03+05:30
2025-05-12,SMD-0032,BANKINDIA,NSE:BANKINDIA-EQ,115.03,115.8,108.82,110.09,35316475,FYERS_HISTORY,2026-08-08T23:03:03+05:30
2025-05-13,SMD-0032,BANKINDIA,NSE:BANKINDIA-EQ,110.5,115.14,110.5,112.56,24284878,FYERS_HISTORY,2026-08-08T23:03:03+05:30
2025-05-14,SMD-0032,BANKINDIA,NSE:BANKINDIA-EQ,113.13,114.9,112.72,113.86,10275111,FYERS_HISTORY,2026-08-08T23:03:03+05:30
2025-05-15,SMD-0032,BANKINDIA,NSE:BANKINDIA-EQ,114.34,114.6,113.1,114.05,6667061,FYERS_HISTORY,2026-08-08T23:03:03+05:30
2025-05-16,SMD-0032,BANKINDIA,NSE:BANKINDIA-EQ,114.7,115.35,114.1,114.33,8365646,FYERS_HISTORY,2026-08-08T23:03:03+05:30
2025-05-19,SMD-0032,BANKINDIA,NSE:BANKINDIA-EQ,115.09,119.8,114.57,117.94,22160038,FYERS_HISTORY,2026-08-08T23:03:03+05:30
2025-05-20,SMD-0032,BANKINDIA,NSE:BANKINDIA-EQ,118.7,119.29,115.75,116.17,10161179,FYERS_HISTORY,2026-08-08T23:03:03+05:30
2025-05-21,SMD-0032,BANKINDIA,NSE:BANKINDIA-EQ,116.0,118.3,115.11,117.96,9954905,FYERS_HISTORY,2026-08-08T23:03:03+05:30
2025-05-22,SMD-0032,BANKINDIA,NSE:BANKINDIA-EQ,117.2,118.55,115.2,116.45,8075716,FYERS_HISTORY,2026-08-08T23:03:03+05:30
2025-05-23,SMD-0032,BANKINDIA,NSE:BANKINDIA-EQ,117.0,117.74,115.85,117.06,9294500,FYERS_HISTORY,2026-08-08T23:03:03+05:30
2025-05-26,SMD-0032,BANKINDIA,NSE:BANKINDIA-EQ,117.4,118.4,116.56,117.31,5189915,FYERS_HISTORY,2026-08-08T23:03:03+05:30
2025-05-27,SMD-0032,BANKINDIA,NSE:BANKINDIA-EQ,117.6,117.72,116.1,116.72,9834280,FYERS_HISTORY,2026-08-08T23:03:03+05:30
2025-05-28,SMD-0032,BANKINDIA,NSE:BANKINDIA-EQ,117.2,120.25,116.95,119.94,18821556,FYERS_HISTORY,2026-08-08T23:03:03+05:30
2025-05-29,SMD-0032,BANKINDIA,NSE:BANKINDIA-EQ,121.01,121.44,118.5,119.21,8543658,FYERS_HISTORY,2026-08-08T23:03:03+05:30
2025-05-30,SMD-0032,BANKINDIA,NSE:BANKINDIA-EQ,119.65,122.61,117.8,121.94,17477465,FYERS_HISTORY,2026-08-08T23:03:03+05:30
2025-06-02,SMD-0032,BANKINDIA,NSE:BANKINDIA-EQ,122.78,125.8,121.82,125.25,20837438,FYERS_HISTORY,2026-08-08T23:03:03+05:30
2025-06-03,SMD-0032,BANKINDIA,NSE:BANKINDIA-EQ,126.0,127.46,123.58,124.59,13925152,FYERS_HISTORY,2026-08-08T23:03:03+05:30
2025-06-04,SMD-0032,BANKINDIA,NSE:BANKINDIA-EQ,124.94,125.79,123.1,124.89,5810092,FYERS_HISTORY,2026-08-08T23:03:03+05:30
2025-06-05,SMD-0032,BANKINDIA,NSE:BANKINDIA-EQ,125.5,125.99,123.65,124.25,4686895,FYERS_HISTORY,2026-08-08T23:03:03+05:30
2025-06-06,SMD-0032,BANKINDIA,NSE:BANKINDIA-EQ,124.5,126.75,122.91,124.38,12062024,FYERS_HISTORY,2026-08-08T23:03:03+05:30
2025-06-09,SMD-0032,BANKINDIA,NSE:BANKINDIA-EQ,125.6,129.99,125.4,129.31,23756753,FYERS_HISTORY,2026-08-08T23:03:03+05:30
2025-06-10,SMD-0032,BANKINDIA,NSE:BANKINDIA-EQ,130.1,130.24,125.91,126.28,15719168,FYERS_HISTORY,2026-08-08T23:03:03+05:30
2025-06-11,SMD-0032,BANKINDIA,NSE:BANKINDIA-EQ,126.9,126.9,123.4,123.95,13176717,FYERS_HISTORY,2026-08-08T23:03:03+05:30
2025-06-12,SMD-0032,BANKINDIA,NSE:BANKINDIA-EQ,124.22,125.15,122.29,122.77,8820490,FYERS_HISTORY,2026-08-08T23:03:03+05:30
2025-06-13,SMD-0032,BANKINDIA,NSE:BANKINDIA-EQ,119.0,121.45,118.42,121.19,8562642,FYERS_HISTORY,2026-08-08T23:03:03+05:30
2025-06-16,SMD-0032,BANKINDIA,NSE:BANKINDIA-EQ,121.69,121.69,118.36,121.55,9464721,FYERS_HISTORY,2026-08-08T23:03:03+05:30
2025-06-17,SMD-0032,BANKINDIA,NSE:BANKINDIA-EQ,122.89,122.89,119.25,119.65,10245273,FYERS_HISTORY,2026-08-08T23:03:03+05:30
2025-06-18,SMD-0032,BANKINDIA,NSE:BANKINDIA-EQ,119.85,120.7,118.84,119.68,10339326,FYERS_HISTORY,2026-08-08T23:03:03+05:30
2025-06-19,SMD-0032,BANKINDIA,NSE:BANKINDIA-EQ,118.65,119.3,114.47,115.68,21418540,FYERS_HISTORY,2026-08-08T23:03:03+05:30
2025-06-20,SMD-0032,BANKINDIA,NSE:BANKINDIA-EQ,111.56,115.0,111.56,113.18,14597819,FYERS_HISTORY,2026-08-08T23:03:03+05:30
2025-06-23,SMD-0032,BANKINDIA,NSE:BANKINDIA-EQ,112.0,114.6,112.0,114.41,9318649,FYERS_HISTORY,2026-08-08T23:03:03+05:30
2025-06-24,SMD-0032,BANKINDIA,NSE:BANKINDIA-EQ,115.99,117.36,114.85,115.27,10047772,FYERS_HISTORY,2026-08-08T23:03:03+05:30
2025-06-25,SMD-0032,BANKINDIA,NSE:BANKINDIA-EQ,116.25,116.59,115.2,116.15,7116589,FYERS_HISTORY,2026-08-08T23:03:03+05:30
2025-06-26,SMD-0032,BANKINDIA,NSE:BANKINDIA-EQ,116.25,117.25,115.41,116.95,8706576,FYERS_HISTORY,2026-08-08T23:03:03+05:30
2025-06-27,SMD-0032,BANKINDIA,NSE:BANKINDIA-EQ,117.4,120.4,116.5,116.77,17380242,FYERS_HISTORY,2026-08-08T23:03:03+05:30
2025-06-30,SMD-0032,BANKINDIA,NSE:BANKINDIA-EQ,117.55,119.7,117.35,118.56,14142517,FYERS_HISTORY,2026-08-08T23:03:03+05:30
2025-07-01,SMD-0032,BANKINDIA,NSE:BANKINDIA-EQ,119.12,121.5,117.57,121.09,18672483,FYERS_HISTORY,2026-08-08T23:03:03+05:30
2025-07-02,SMD-0032,BANKINDIA,NSE:BANKINDIA-EQ,121.09,121.63,118.75,119.26,9878461,FYERS_HISTORY,2026-08-08T23:03:03+05:30
2025-07-03,SMD-0032,BANKINDIA,NSE:BANKINDIA-EQ,119.8,119.8,117.8,118.49,6579528,FYERS_HISTORY,2026-08-08T23:03:03+05:30
2025-07-04,SMD-0032,BANKINDIA,NSE:BANKINDIA-EQ,118.8,119.35,116.93,117.81,7342255,FYERS_HISTORY,2026-08-08T23:03:03+05:30
2025-07-07,SMD-0032,BANKINDIA,NSE:BANKINDIA-EQ,118.4,119.14,117.4,117.72,10444935,FYERS_HISTORY,2026-08-08T23:03:03+05:30
2025-07-08,SMD-0032,BANKINDIA,NSE:BANKINDIA-EQ,117.77,118.58,116.05,116.96,6656174,FYERS_HISTORY,2026-08-08T23:03:03+05:30
2025-07-09,SMD-0032,BANKINDIA,NSE:BANKINDIA-EQ,117.39,117.39,115.6,115.91,6151277,FYERS_HISTORY,2026-08-08T23:03:03+05:30
2025-07-10,SMD-0032,BANKINDIA,NSE:BANKINDIA-EQ,116.21,116.46,113.8,114.42,7637030,FYERS_HISTORY,2026-08-08T23:03:03+05:30
2025-07-11,SMD-0032,BANKINDIA,NSE:BANKINDIA-EQ,114.19,115.45,113.57,114.56,6809477,FYERS_HISTORY,2026-08-08T23:03:03+05:30
2025-07-14,SMD-0032,BANKINDIA,NSE:BANKINDIA-EQ,114.26,115.87,113.84,114.98,5246766,FYERS_HISTORY,2026-08-08T23:03:03+05:30
2025-07-15,SMD-0032,BANKINDIA,NSE:BANKINDIA-EQ,115.25,116.36,114.75,115.79,5544394,FYERS_HISTORY,2026-08-08T23:03:03+05:30
2025-07-16,SMD-0032,BANKINDIA,NSE:BANKINDIA-EQ,115.82,118.4,115.54,118.02,8212544,FYERS_HISTORY,2026-08-08T23:03:03+05:30
2025-07-17,SMD-0032,BANKINDIA,NSE:BANKINDIA-EQ,118.31,118.47,115.86,116.1,7477336,FYERS_HISTORY,2026-08-08T23:03:03+05:30
2025-07-18,SMD-0032,BANKINDIA,NSE:BANKINDIA-EQ,116.39,116.75,114.9,115.02,4493397,FYERS_HISTORY,2026-08-08T23:03:03+05:30
2025-07-21,SMD-0032,BANKINDIA,NSE:BANKINDIA-EQ,115.0,115.55,113.84,114.67,3793957,FYERS_HISTORY,2026-08-08T23:03:03+05:30
2025-07-22,SMD-0032,BANKINDIA,NSE:BANKINDIA-EQ,114.99,115.15,112.9,113.13,4405528,FYERS_HISTORY,2026-08-08T23:03:03+05:30
2025-07-23,SMD-0032,BANKINDIA,NSE:BANKINDIA-EQ,113.45,113.55,112.34,113.23,4181125,FYERS_HISTORY,2026-08-08T23:03:03+05:30
2025-07-24,SMD-0032,BANKINDIA,NSE:BANKINDIA-EQ,113.3,115.5,112.25,114.69,6534344,FYERS_HISTORY,2026-08-08T23:03:03+05:30
2025-07-25,SMD-0032,BANKINDIA,NSE:BANKINDIA-EQ,114.7,116.35,112.6,113.14,11398412,FYERS_HISTORY,2026-08-08T23:03:03+05:30
2025-07-28,SMD-0032,BANKINDIA,NSE:BANKINDIA-EQ,113.1,115.35,111.2,111.5,8540528,FYERS_HISTORY,2026-08-08T23:03:03+05:30
2025-07-29,SMD-0032,BANKINDIA,NSE:BANKINDIA-EQ,111.31,112.71,110.3,112.17,6272053,FYERS_HISTORY,2026-08-08T23:03:03+05:30
2025-07-30,SMD-0032,BANKINDIA,NSE:BANKINDIA-EQ,112.9,116.1,112.9,114.14,22481500,FYERS_HISTORY,2026-08-08T23:03:03+05:30
2025-07-31,SMD-0032,BANKINDIA,NSE:BANKINDIA-EQ,112.7,113.58,111.03,111.38,7807247,FYERS_HISTORY,2026-08-08T23:03:03+05:30
2025-08-01,SMD-0032,BANKINDIA,NSE:BANKINDIA-EQ,111.38,111.61,108.81,109.29,6982193,FYERS_HISTORY,2026-08-08T23:03:03+05:30
2025-08-04,SMD-0032,BANKINDIA,NSE:BANKINDIA-EQ,109.79,111.98,109.2,111.69,5251839,FYERS_HISTORY,2026-08-08T23:03:03+05:30
2025-08-05,SMD-0032,BANKINDIA,NSE:BANKINDIA-EQ,111.65,112.12,110.22,110.72,3565443,FYERS_HISTORY,2026-08-05T19:55:34+05:30
2025-08-06,SMD-0032,BANKINDIA,NSE:BANKINDIA-EQ,111.2,112.58,110.0,111.71,8129316,FYERS_HISTORY,2026-08-05T19:55:34+05:30
2025-08-07,SMD-0032,BANKINDIA,NSE:BANKINDIA-EQ,110.55,112.25,109.3,111.91,8568226,FYERS_HISTORY,2026-08-05T19:55:34+05:30
2025-08-08,SMD-0032,BANKINDIA,NSE:BANKINDIA-EQ,112.0,112.05,110.18,110.63,3578107,FYERS_HISTORY,2026-08-05T19:55:34+05:30
2025-08-11,SMD-0032,BANKINDIA,NSE:BANKINDIA-EQ,110.64,113.45,110.55,113.2,7458908,FYERS_HISTORY,2026-08-05T19:55:34+05:30
2025-08-12,SMD-0032,BANKINDIA,NSE:BANKINDIA-EQ,113.29,113.91,112.93,113.51,3083473,FYERS_HISTORY,2026-08-05T19:55:34+05:30
2025-08-13,SMD-0032,BANKINDIA,NSE:BANKINDIA-EQ,113.51,114.63,112.81,113.56,3141791,FYERS_HISTORY,2026-08-05T19:55:34+05:30
2025-08-14,SMD-0032,BANKINDIA,NSE:BANKINDIA-EQ,113.64,113.9,112.6,113.19,2291942,FYERS_HISTORY,2026-08-05T19:55:34+05:30
2025-08-18,SMD-0032,BANKINDIA,NSE:BANKINDIA-EQ,114.03,115.29,113.84,114.86,4616495,FYERS_HISTORY,2026-08-05T19:55:34+05:30
2025-08-19,SMD-0032,BANKINDIA,NSE:BANKINDIA-EQ,114.93,116.65,114.4,116.49,5680882,FYERS_HISTORY,2026-08-05T19:55:34+05:30
2025-08-20,SMD-0032,BANKINDIA,NSE:BANKINDIA-EQ,116.49,117.31,115.9,116.33,2600256,FYERS_HISTORY,2026-08-05T19:55:34+05:30
2025-08-21,SMD-0032,BANKINDIA,NSE:BANKINDIA-EQ,116.55,117.0,115.75,115.95,2228690,FYERS_HISTORY,2026-08-05T19:55:34+05:30
2025-08-22,SMD-0032,BANKINDIA,NSE:BANKINDIA-EQ,115.8,116.84,115.2,115.46,4478996,FYERS_HISTORY,2026-08-05T19:55:34+05:30
2025-08-25,SMD-0032,BANKINDIA,NSE:BANKINDIA-EQ,115.46,116.16,114.76,114.97,2758723,FYERS_HISTORY,2026-08-05T19:55:34+05:30
2025-08-26,SMD-0032,BANKINDIA,NSE:BANKINDIA-EQ,114.75,115.0,112.1,112.38,3769151,FYERS_HISTORY,2026-08-05T19:55:34+05:30
2025-08-28,SMD-0032,BANKINDIA,NSE:BANKINDIA-EQ,112.43,112.77,110.05,110.27,4000540,FYERS_HISTORY,2026-08-05T19:55:34+05:30
2025-08-29,SMD-0032,BANKINDIA,NSE:BANKINDIA-EQ,110.87,111.74,109.85,110.29,4167804,FYERS_HISTORY,2026-08-05T19:55:34+05:30
2025-09-01,SMD-0032,BANKINDIA,NSE:BANKINDIA-EQ,110.76,112.1,110.68,111.89,2212254,FYERS_HISTORY,2026-08-05T19:55:34+05:30
2025-09-02,SMD-0032,BANKINDIA,NSE:BANKINDIA-EQ,112.3,113.88,111.42,112.92,4219395,FYERS_HISTORY,2026-08-05T19:55:34+05:30
2025-09-03,SMD-0032,BANKINDIA,NSE:BANKINDIA-EQ,113.0,113.77,112.89,113.57,2145524,FYERS_HISTORY,2026-08-05T19:55:34+05:30
2025-09-04,SMD-0032,BANKINDIA,NSE:BANKINDIA-EQ,114.08,114.8,112.01,112.14,3068333,FYERS_HISTORY,2026-08-05T19:55:34+05:30
2025-09-05,SMD-0032,BANKINDIA,NSE:BANKINDIA-EQ,112.39,113.13,111.33,112.57,2803336,FYERS_HISTORY,2026-08-05T19:55:34+05:30
2025-09-08,SMD-0032,BANKINDIA,NSE:BANKINDIA-EQ,113.0,114.1,112.51,113.2,3338930,FYERS_HISTORY,2026-08-05T19:55:34+05:30
2025-09-09,SMD-0032,BANKINDIA,NSE:BANKINDIA-EQ,113.78,113.79,112.51,112.77,3781116,FYERS_HISTORY,2026-08-05T19:55:34+05:30
2025-09-10,SMD-0032,BANKINDIA,NSE:BANKINDIA-EQ,113.04,117.81,112.9,117.49,10642889,FYERS_HISTORY,2026-08-05T19:55:34+05:30
2025-09-11,SMD-0032,BANKINDIA,NSE:BANKINDIA-EQ,117.55,121.2,117.3,118.1,15107871,FYERS_HISTORY,2026-08-05T19:55:34+05:30
2025-09-12,SMD-0032,BANKINDIA,NSE:BANKINDIA-EQ,118.85,119.35,116.5,117.34,4937371,FYERS_HISTORY,2026-08-05T19:55:34+05:30
2025-09-15,SMD-0032,BANKINDIA,NSE:BANKINDIA-EQ,117.5,118.94,117.0,117.99,4276523,FYERS_HISTORY,2026-08-05T19:55:34+05:30
2025-09-16,SMD-0032,BANKINDIA,NSE:BANKINDIA-EQ,118.08,118.5,117.1,117.53,3693614,FYERS_HISTORY,2026-08-05T19:55:34+05:30
2025-09-17,SMD-0032,BANKINDIA,NSE:BANKINDIA-EQ,117.7,120.0,117.02,119.64,11992878,FYERS_HISTORY,2026-08-05T19:55:34+05:30
2025-09-18,SMD-0032,BANKINDIA,NSE:BANKINDIA-EQ,120.2,120.75,118.21,119.01,8424454,FYERS_HISTORY,2026-08-05T19:55:34+05:30
2025-09-19,SMD-0032,BANKINDIA,NSE:BANKINDIA-EQ,119.0,121.25,118.92,120.47,8984418,FYERS_HISTORY,2026-08-05T19:55:34+05:30
2025-09-22,SMD-0032,BANKINDIA,NSE:BANKINDIA-EQ,120.47,121.7,119.88,120.53,7134399,FYERS_HISTORY,2026-08-05T19:55:34+05:30
2025-09-23,SMD-0032,BANKINDIA,NSE:BANKINDIA-EQ,120.53,121.85,119.27,121.43,6971134,FYERS_HISTORY,2026-08-05T19:55:34+05:30
2025-09-24,SMD-0032,BANKINDIA,NSE:BANKINDIA-EQ,122.17,123.87,120.35,120.99,11500294,FYERS_HISTORY,2026-08-05T19:55:34+05:30
2025-09-25,SMD-0032,BANKINDIA,NSE:BANKINDIA-EQ,120.9,121.19,119.26,119.76,4855466,FYERS_HISTORY,2026-08-05T19:55:34+05:30
2025-09-26,SMD-0032,BANKINDIA,NSE:BANKINDIA-EQ,119.54,119.88,116.0,116.33,6173940,FYERS_HISTORY,2026-08-05T19:55:34+05:30
2025-09-29,SMD-0032,BANKINDIA,NSE:BANKINDIA-EQ,116.61,119.9,116.26,118.77,6351712,FYERS_HISTORY,2026-08-05T19:55:34+05:30
2025-09-30,SMD-0032,BANKINDIA,NSE:BANKINDIA-EQ,119.0,123.93,118.9,123.41,18078558,FYERS_HISTORY,2026-08-05T19:55:34+05:30
2025-10-01,SMD-0032,BANKINDIA,NSE:BANKINDIA-EQ,123.7,125.7,122.33,124.63,14344547,FYERS_HISTORY,2026-08-05T19:55:34+05:30
2025-10-03,SMD-0032,BANKINDIA,NSE:BANKINDIA-EQ,124.65,125.95,123.65,125.53,9233400,FYERS_HISTORY,2026-08-05T19:55:34+05:30
2025-10-06,SMD-0032,BANKINDIA,NSE:BANKINDIA-EQ,125.95,126.45,124.03,126.04,7570833,FYERS_HISTORY,2026-08-05T19:55:34+05:30
2025-10-07,SMD-0032,BANKINDIA,NSE:BANKINDIA-EQ,127.75,129.45,125.97,126.24,17946269,FYERS_HISTORY,2026-08-05T19:55:34+05:30
2025-10-08,SMD-0032,BANKINDIA,NSE:BANKINDIA-EQ,126.65,126.69,123.7,124.83,7459860,FYERS_HISTORY,2026-08-05T19:55:34+05:30
2025-10-09,SMD-0032,BANKINDIA,NSE:BANKINDIA-EQ,124.83,126.42,124.5,125.79,4607824,FYERS_HISTORY,2026-08-05T19:55:34+05:30
2025-10-10,SMD-0032,BANKINDIA,NSE:BANKINDIA-EQ,126.0,127.66,125.55,126.77,8734998,FYERS_HISTORY,2026-08-05T19:55:34+05:30
2025-10-13,SMD-0032,BANKINDIA,NSE:BANKINDIA-EQ,127.0,127.35,124.8,126.86,8765224,FYERS_HISTORY,2026-08-05T19:55:34+05:30
2025-10-14,SMD-0032,BANKINDIA,NSE:BANKINDIA-EQ,126.99,127.24,123.72,124.3,6962918,FYERS_HISTORY,2026-08-05T19:55:34+05:30
2025-10-15,SMD-0032,BANKINDIA,NSE:BANKINDIA-EQ,124.55,127.0,124.36,126.34,6501734,FYERS_HISTORY,2026-08-05T19:55:34+05:30
2025-10-16,SMD-0032,BANKINDIA,NSE:BANKINDIA-EQ,126.97,127.31,125.01,125.42,4927467,FYERS_HISTORY,2026-08-05T19:55:34+05:30
2025-10-17,SMD-0032,BANKINDIA,NSE:BANKINDIA-EQ,125.42,126.5,122.2,123.11,9571915,FYERS_HISTORY,2026-08-05T19:55:34+05:30
2025-10-20,SMD-0032,BANKINDIA,NSE:BANKINDIA-EQ,124.51,130.45,123.9,129.77,27195370,FYERS_HISTORY,2026-08-05T19:55:34+05:30
2025-10-21,SMD-0032,BANKINDIA,NSE:BANKINDIA-EQ,130.55,131.49,130.0,130.26,3759439,FYERS_HISTORY,2026-08-05T19:55:34+05:30
2025-10-23,SMD-0032,BANKINDIA,NSE:BANKINDIA-EQ,131.0,136.6,130.78,135.53,32054251,FYERS_HISTORY,2026-08-05T19:55:34+05:30
2025-10-24,SMD-0032,BANKINDIA,NSE:BANKINDIA-EQ,135.01,136.1,133.2,133.9,8071441,FYERS_HISTORY,2026-08-05T19:55:34+05:30
2025-10-27,SMD-0032,BANKINDIA,NSE:BANKINDIA-EQ,134.19,140.95,133.73,139.71,26494042,FYERS_HISTORY,2026-08-05T19:55:34+05:30
2025-10-28,SMD-0032,BANKINDIA,NSE:BANKINDIA-EQ,139.71,142.0,139.32,141.09,23439322,FYERS_HISTORY,2026-08-05T19:55:34+05:30
2025-10-29,SMD-0032,BANKINDIA,NSE:BANKINDIA-EQ,141.73,142.33,139.88,140.77,14121917,FYERS_HISTORY,2026-08-05T19:55:34+05:30
2025-10-30,SMD-0032,BANKINDIA,NSE:BANKINDIA-EQ,140.0,141.71,138.25,138.84,14652512,FYERS_HISTORY,2026-08-05T19:55:34+05:30
2025-10-31,SMD-0032,BANKINDIA,NSE:BANKINDIA-EQ,138.8,142.71,138.4,139.88,19520445,FYERS_HISTORY,2026-08-05T19:55:34+05:30
2025-11-03,SMD-0032,BANKINDIA,NSE:BANKINDIA-EQ,140.54,142.95,140.2,142.13,10891336,FYERS_HISTORY,2026-08-05T19:55:34+05:30
2025-11-04,SMD-0032,BANKINDIA,NSE:BANKINDIA-EQ,142.28,143.33,141.0,142.16,21244500,FYERS_HISTORY,2026-08-05T19:55:34+05:30
2025-11-06,SMD-0032,BANKINDIA,NSE:BANKINDIA-EQ,142.0,142.46,139.77,140.17,8872753,FYERS_HISTORY,2026-08-05T19:55:34+05:30
2025-11-07,SMD-0032,BANKINDIA,NSE:BANKINDIA-EQ,140.0,144.88,138.55,144.58,15852911,FYERS_HISTORY,2026-08-05T19:55:34+05:30
2025-11-10,SMD-0032,BANKINDIA,NSE:BANKINDIA-EQ,145.55,146.7,144.0,145.94,13305840,FYERS_HISTORY,2026-08-05T19:55:34+05:30
2025-11-11,SMD-0032,BANKINDIA,NSE:BANKINDIA-EQ,145.94,146.37,142.0,145.51,12078028,FYERS_HISTORY,2026-08-05T19:55:34+05:30
2025-11-12,SMD-0032,BANKINDIA,NSE:BANKINDIA-EQ,146.0,147.8,145.2,146.66,7678828,FYERS_HISTORY,2026-08-05T19:55:34+05:30
2025-11-13,SMD-0032,BANKINDIA,NSE:BANKINDIA-EQ,146.8,147.14,144.12,144.62,6531155,FYERS_HISTORY,2026-08-05T19:55:34+05:30
2025-11-14,SMD-0032,BANKINDIA,NSE:BANKINDIA-EQ,144.05,146.8,144.0,146.52,4683129,FYERS_HISTORY,2026-08-05T19:55:34+05:30
2025-11-17,SMD-0032,BANKINDIA,NSE:BANKINDIA-EQ,147.25,150.05,146.75,147.35,11822101,FYERS_HISTORY,2026-08-05T19:55:34+05:30
2025-11-18,SMD-0032,BANKINDIA,NSE:BANKINDIA-EQ,147.41,148.7,146.21,146.49,5679286,FYERS_HISTORY,2026-08-05T19:55:34+05:30
2025-11-19,SMD-0032,BANKINDIA,NSE:BANKINDIA-EQ,146.5,148.77,145.32,148.59,6008229,FYERS_HISTORY,2026-08-05T19:55:34+05:30
2025-11-20,SMD-0032,BANKINDIA,NSE:BANKINDIA-EQ,148.61,149.24,147.22,147.72,6792534,FYERS_HISTORY,2026-08-05T19:55:34+05:30
2025-11-21,SMD-0032,BANKINDIA,NSE:BANKINDIA-EQ,147.5,148.26,144.76,145.46,6836506,FYERS_HISTORY,2026-08-05T19:55:34+05:30
2025-11-24,SMD-0032,BANKINDIA,NSE:BANKINDIA-EQ,145.46,147.6,144.99,145.85,5975367,FYERS_HISTORY,2026-08-05T19:55:34+05:30
2025-11-25,SMD-0032,BANKINDIA,NSE:BANKINDIA-EQ,145.5,147.6,145.11,147.21,5835383,FYERS_HISTORY,2026-08-05T19:55:34+05:30
2025-11-26,SMD-0032,BANKINDIA,NSE:BANKINDIA-EQ,148.0,151.43,147.52,148.85,11556248,FYERS_HISTORY,2026-08-05T19:55:34+05:30
2025-11-27,SMD-0032,BANKINDIA,NSE:BANKINDIA-EQ,149.36,149.69,145.85,147.64,7775331,FYERS_HISTORY,2026-08-05T19:55:34+05:30
2025-11-28,SMD-0032,BANKINDIA,NSE:BANKINDIA-EQ,147.69,147.8,146.2,147.14,4416863,FYERS_HISTORY,2026-08-05T19:55:34+05:30
2025-12-01,SMD-0032,BANKINDIA,NSE:BANKINDIA-EQ,147.5,149.04,146.35,147.24,6729070,FYERS_HISTORY,2026-08-05T19:55:34+05:30
2025-12-02,SMD-0032,BANKINDIA,NSE:BANKINDIA-EQ,147.24,149.4,145.28,145.73,10708531,FYERS_HISTORY,2026-08-05T19:55:34+05:30
2025-12-03,SMD-0032,BANKINDIA,NSE:BANKINDIA-EQ,146.09,146.09,139.08,140.3,9346948,FYERS_HISTORY,2026-08-05T19:55:34+05:30
2025-12-04,SMD-0032,BANKINDIA,NSE:BANKINDIA-EQ,140.0,142.75,139.72,141.52,8328312,FYERS_HISTORY,2026-08-05T19:55:34+05:30
2025-12-05,SMD-0032,BANKINDIA,NSE:BANKINDIA-EQ,141.5,143.78,140.76,143.11,4937787,FYERS_HISTORY,2026-08-05T19:55:34+05:30
2025-12-08,SMD-0032,BANKINDIA,NSE:BANKINDIA-EQ,142.35,142.89,136.77,138.15,7093668,FYERS_HISTORY,2026-08-05T19:55:34+05:30
2025-12-09,SMD-0032,BANKINDIA,NSE:BANKINDIA-EQ,137.93,141.9,136.71,141.64,10059178,FYERS_HISTORY,2026-08-05T19:55:34+05:30
2025-12-10,SMD-0032,BANKINDIA,NSE:BANKINDIA-EQ,140.41,142.13,137.5,138.16,11795693,FYERS_HISTORY,2026-08-05T19:55:34+05:30
2025-12-11,SMD-0032,BANKINDIA,NSE:BANKINDIA-EQ,139.0,141.79,138.76,140.76,7263380,FYERS_HISTORY,2026-08-05T19:55:34+05:30
2025-12-12,SMD-0032,BANKINDIA,NSE:BANKINDIA-EQ,141.0,141.57,139.83,141.12,3210687,FYERS_HISTORY,2026-08-05T19:55:34+05:30
2025-12-15,SMD-0032,BANKINDIA,NSE:BANKINDIA-EQ,141.1,142.3,140.14,141.77,2748359,FYERS_HISTORY,2026-08-05T19:55:34+05:30
2025-12-16,SMD-0032,BANKINDIA,NSE:BANKINDIA-EQ,141.8,142.0,138.46,139.38,5150925,FYERS_HISTORY,2026-08-05T19:55:34+05:30
2025-12-17,SMD-0032,BANKINDIA,NSE:BANKINDIA-EQ,139.38,142.8,139.1,141.96,6426422,FYERS_HISTORY,2026-08-05T19:55:34+05:30
2025-12-18,SMD-0032,BANKINDIA,NSE:BANKINDIA-EQ,142.24,143.49,141.12,142.3,5612515,FYERS_HISTORY,2026-08-05T19:55:34+05:30
2025-12-19,SMD-0032,BANKINDIA,NSE:BANKINDIA-EQ,142.0,143.4,141.78,143.21,4035757,FYERS_HISTORY,2026-08-05T19:55:34+05:30
2025-12-22,SMD-0032,BANKINDIA,NSE:BANKINDIA-EQ,143.23,143.75,142.26,142.72,7693720,FYERS_HISTORY,2026-08-05T19:55:34+05:30
2025-12-23,SMD-0032,BANKINDIA,NSE:BANKINDIA-EQ,143.01,143.55,140.59,140.89,3701448,FYERS_HISTORY,2026-08-05T19:55:34+05:30
2025-12-24,SMD-0032,BANKINDIA,NSE:BANKINDIA-EQ,141.21,141.65,139.37,139.78,4090710,FYERS_HISTORY,2026-08-05T19:55:34+05:30
2025-12-26,SMD-0032,BANKINDIA,NSE:BANKINDIA-EQ,140.0,140.68,139.15,139.77,2470349,FYERS_HISTORY,2026-08-05T19:55:34+05:30
2025-12-29,SMD-0032,BANKINDIA,NSE:BANKINDIA-EQ,139.77,140.36,138.66,139.91,5185660,FYERS_HISTORY,2026-08-05T19:55:34+05:30
2025-12-30,SMD-0032,BANKINDIA,NSE:BANKINDIA-EQ,139.91,142.5,138.11,142.01,15268073,FYERS_HISTORY,2026-08-05T19:55:34+05:30
2025-12-31,SMD-0032,BANKINDIA,NSE:BANKINDIA-EQ,142.5,144.89,141.2,143.85,9324922,FYERS_HISTORY,2026-08-05T19:55:34+05:30
2026-01-01,SMD-0032,BANKINDIA,NSE:BANKINDIA-EQ,144.1,147.79,143.51,146.99,7447505,FYERS_HISTORY,2026-08-05T19:55:34+05:30
2026-01-02,SMD-0032,BANKINDIA,NSE:BANKINDIA-EQ,147.5,150.3,146.82,149.22,9401609,FYERS_HISTORY,2026-08-05T19:55:34+05:30
2026-01-05,SMD-0032,BANKINDIA,NSE:BANKINDIA-EQ,150.9,152.33,148.0,149.89,9650550,FYERS_HISTORY,2026-08-05T19:55:34+05:30
2026-01-06,SMD-0032,BANKINDIA,NSE:BANKINDIA-EQ,149.99,153.24,149.63,150.66,11879226,FYERS_HISTORY,2026-08-05T19:55:34+05:30
2026-01-07,SMD-0032,BANKINDIA,NSE:BANKINDIA-EQ,150.66,151.97,149.71,151.49,5035903,FYERS_HISTORY,2026-08-05T19:55:34+05:30
2026-01-08,SMD-0032,BANKINDIA,NSE:BANKINDIA-EQ,151.0,151.39,146.3,146.93,6830925,FYERS_HISTORY,2026-08-05T19:55:34+05:30
2026-01-09,SMD-0032,BANKINDIA,NSE:BANKINDIA-EQ,146.5,150.05,145.2,146.02,6843545,FYERS_HISTORY,2026-08-05T19:55:34+05:30
2026-01-12,SMD-0032,BANKINDIA,NSE:BANKINDIA-EQ,145.99,149.99,142.9,145.89,8324371,FYERS_HISTORY,2026-08-05T19:55:34+05:30
2026-01-13,SMD-0032,BANKINDIA,NSE:BANKINDIA-EQ,146.9,147.98,145.8,147.56,5614349,FYERS_HISTORY,2026-08-05T19:55:34+05:30
2026-01-14,SMD-0032,BANKINDIA,NSE:BANKINDIA-EQ,147.76,153.73,146.12,152.87,16837377,FYERS_HISTORY,2026-08-05T19:55:34+05:30
2026-01-16,SMD-0032,BANKINDIA,NSE:BANKINDIA-EQ,153.5,157.58,153.45,157.34,17659016,FYERS_HISTORY,2026-08-05T19:55:34+05:30
2026-01-19,SMD-0032,BANKINDIA,NSE:BANKINDIA-EQ,157.6,164.34,157.0,163.05,35194066,FYERS_HISTORY,2026-08-05T19:55:34+05:30
2026-01-20,SMD-0032,BANKINDIA,NSE:BANKINDIA-EQ,163.05,165.33,159.1,159.75,19736674,FYERS_HISTORY,2026-08-05T19:55:34+05:30
2026-01-21,SMD-0032,BANKINDIA,NSE:BANKINDIA-EQ,160.0,162.54,156.24,157.48,17533985,FYERS_HISTORY,2026-08-05T19:55:34+05:30
2026-01-22,SMD-0032,BANKINDIA,NSE:BANKINDIA-EQ,161.0,168.4,161.0,166.42,42718644,FYERS_HISTORY,2026-08-05T19:55:34+05:30
2026-01-23,SMD-0032,BANKINDIA,NSE:BANKINDIA-EQ,166.16,166.3,159.06,159.65,15396336,FYERS_HISTORY,2026-08-05T19:55:34+05:30
2026-01-27,SMD-0032,BANKINDIA,NSE:BANKINDIA-EQ,160.2,164.25,158.7,163.17,17486540,FYERS_HISTORY,2026-08-05T19:55:34+05:30
2026-01-28,SMD-0032,BANKINDIA,NSE:BANKINDIA-EQ,163.95,167.68,162.37,167.34,15122267,FYERS_HISTORY,2026-08-05T19:55:34+05:30
2026-01-29,SMD-0032,BANKINDIA,NSE:BANKINDIA-EQ,167.7,169.9,163.12,164.91,18770105,FYERS_HISTORY,2026-08-05T19:55:34+05:30
2026-01-30,SMD-0032,BANKINDIA,NSE:BANKINDIA-EQ,164.0,167.43,162.0,164.1,11736534,FYERS_HISTORY,2026-08-05T19:55:34+05:30
2026-02-01,SMD-0032,BANKINDIA,NSE:BANKINDIA-EQ,164.11,164.12,149.01,150.44,18084329,FYERS_HISTORY,2026-08-05T19:55:34+05:30
2026-02-02,SMD-0032,BANKINDIA,NSE:BANKINDIA-EQ,150.44,152.4,146.4,151.67,17969570,FYERS_HISTORY,2026-08-05T19:55:34+05:30
2026-02-03,SMD-0032,BANKINDIA,NSE:BANKINDIA-EQ,158.0,160.87,155.61,158.01,19569935,FYERS_HISTORY,2026-08-05T19:55:34+05:30
2026-02-04,SMD-0032,BANKINDIA,NSE:BANKINDIA-EQ,158.0,161.55,156.2,160.93,8224127,FYERS_HISTORY,2026-08-05T19:55:34+05:30
2026-02-05,SMD-0032,BANKINDIA,NSE:BANKINDIA-EQ,160.95,164.87,160.83,163.46,12318378,FYERS_HISTORY,2026-08-05T19:55:34+05:30
2026-02-06,SMD-0032,BANKINDIA,NSE:BANKINDIA-EQ,163.38,164.85,161.0,163.66,12267604,FYERS_HISTORY,2026-08-05T19:55:34+05:30
2026-02-09,SMD-0032,BANKINDIA,NSE:BANKINDIA-EQ,166.0,170.5,165.69,168.41,14437299,FYERS_HISTORY,2026-08-05T19:55:34+05:30
2026-02-10,SMD-0032,BANKINDIA,NSE:BANKINDIA-EQ,168.5,168.94,165.35,167.57,6303083,FYERS_HISTORY,2026-08-05T19:55:34+05:30
2026-02-11,SMD-0032,BANKINDIA,NSE:BANKINDIA-EQ,167.5,167.6,163.11,167.13,8276865,FYERS_HISTORY,2026-08-05T19:55:34+05:30
2026-02-12,SMD-0032,BANKINDIA,NSE:BANKINDIA-EQ,166.2,166.9,163.54,165.28,5243794,FYERS_HISTORY,2026-08-05T19:55:34+05:30
2026-02-13,SMD-0032,BANKINDIA,NSE:BANKINDIA-EQ,164.1,164.45,161.26,161.79,8120034,FYERS_HISTORY,2026-08-05T19:55:34+05:30
2026-02-16,SMD-0032,BANKINDIA,NSE:BANKINDIA-EQ,161.0,166.21,159.56,165.61,9299801,FYERS_HISTORY,2026-08-05T19:55:34+05:30
2026-02-17,SMD-0032,BANKINDIA,NSE:BANKINDIA-EQ,165.6,171.0,165.0,170.21,15325479,FYERS_HISTORY,2026-08-05T19:55:34+05:30
2026-02-18,SMD-0032,BANKINDIA,NSE:BANKINDIA-EQ,171.26,173.29,170.45,172.55,11782447,FYERS_HISTORY,2026-08-05T19:55:34+05:30
2026-02-19,SMD-0032,BANKINDIA,NSE:BANKINDIA-EQ,172.33,173.45,168.35,169.16,6852486,FYERS_HISTORY,2026-08-05T19:55:34+05:30
2026-02-20,SMD-0032,BANKINDIA,NSE:BANKINDIA-EQ,169.0,172.62,168.16,171.7,7073597,FYERS_HISTORY,2026-08-05T19:55:34+05:30
2026-02-23,SMD-0032,BANKINDIA,NSE:BANKINDIA-EQ,172.41,174.67,171.83,174.13,9288166,FYERS_HISTORY,2026-08-05T19:55:34+05:30
2026-02-24,SMD-0032,BANKINDIA,NSE:BANKINDIA-EQ,174.0,178.22,173.02,175.5,22315167,FYERS_HISTORY,2026-08-05T19:55:34+05:30
2026-02-25,SMD-0032,BANKINDIA,NSE:BANKINDIA-EQ,175.8,176.35,173.7,175.58,9784182,FYERS_HISTORY,2026-08-05T19:55:34+05:30
2026-02-26,SMD-0032,BANKINDIA,NSE:BANKINDIA-EQ,175.58,177.9,174.75,177.2,8488762,FYERS_HISTORY,2026-08-05T19:55:34+05:30
2026-02-27,SMD-0032,BANKINDIA,NSE:BANKINDIA-EQ,177.0,178.36,175.18,176.05,6371509,FYERS_HISTORY,2026-08-05T19:55:34+05:30
2026-03-02,SMD-0032,BANKINDIA,NSE:BANKINDIA-EQ,170.5,174.4,170.07,172.3,11169455,FYERS_HISTORY,2026-08-05T19:55:34+05:30
2026-03-04,SMD-0032,BANKINDIA,NSE:BANKINDIA-EQ,168.8,169.03,160.63,163.39,13624211,FYERS_HISTORY,2026-08-05T19:55:34+05:30
2026-03-05,SMD-0032,BANKINDIA,NSE:BANKINDIA-EQ,164.5,167.29,162.03,164.18,11180767,FYERS_HISTORY,2026-08-05T19:55:34+05:30
2026-03-06,SMD-0032,BANKINDIA,NSE:BANKINDIA-EQ,163.5,164.21,159.13,159.58,7458169,FYERS_HISTORY,2026-08-05T19:55:34+05:30
2026-03-09,SMD-0032,BANKINDIA,NSE:BANKINDIA-EQ,154.0,155.08,147.85,151.29,13124009,FYERS_HISTORY,2026-08-05T19:55:34+05:30
2026-03-10,SMD-0032,BANKINDIA,NSE:BANKINDIA-EQ,154.0,156.95,151.54,156.17,6865878,FYERS_HISTORY,2026-08-05T19:55:34+05:30
2026-03-11,SMD-0032,BANKINDIA,NSE:BANKINDIA-EQ,156.95,157.7,153.78,154.3,6073597,FYERS_HISTORY,2026-08-05T19:55:34+05:30
2026-03-12,SMD-0032,BANKINDIA,NSE:BANKINDIA-EQ,151.0,156.6,149.81,154.78,6364616,FYERS_HISTORY,2026-08-05T19:55:34+05:30
2026-03-13,SMD-0032,BANKINDIA,NSE:BANKINDIA-EQ,154.06,154.65,149.7,150.2,9551217,FYERS_HISTORY,2026-08-05T19:55:34+05:30
2026-03-16,SMD-0032,BANKINDIA,NSE:BANKINDIA-EQ,149.0,151.84,146.88,150.67,10444439,FYERS_HISTORY,2026-08-05T19:55:34+05:30
2026-03-17,SMD-0032,BANKINDIA,NSE:BANKINDIA-EQ,151.1,151.75,148.54,151.38,8579109,FYERS_HISTORY,2026-08-05T19:55:34+05:30
2026-03-18,SMD-0032,BANKINDIA,NSE:BANKINDIA-EQ,151.77,154.19,151.73,152.45,6122539,FYERS_HISTORY,2026-08-05T19:55:34+05:30
2026-03-19,SMD-0032,BANKINDIA,NSE:BANKINDIA-EQ,148.61,149.91,144.72,145.77,7145447,FYERS_HISTORY,2026-08-05T19:55:34+05:30
2026-03-20,SMD-0032,BANKINDIA,NSE:BANKINDIA-EQ,146.95,152.69,146.95,150.49,12913188,FYERS_HISTORY,2026-08-05T19:55:34+05:30
2026-03-23,SMD-0032,BANKINDIA,NSE:BANKINDIA-EQ,148.8,148.8,143.01,143.73,9048350,FYERS_HISTORY,2026-08-05T19:55:34+05:30
2026-03-24,SMD-0032,BANKINDIA,NSE:BANKINDIA-EQ,147.0,148.59,144.9,146.33,5828421,FYERS_HISTORY,2026-08-05T19:55:34+05:30
2026-03-25,SMD-0032,BANKINDIA,NSE:BANKINDIA-EQ,148.0,150.8,147.81,149.5,8785495,FYERS_HISTORY,2026-08-05T19:55:34+05:30
2026-03-27,SMD-0032,BANKINDIA,NSE:BANKINDIA-EQ,148.52,148.52,143.05,144.99,14692046,FYERS_HISTORY,2026-08-05T19:55:34+05:30
2026-03-30,SMD-0032,BANKINDIA,NSE:BANKINDIA-EQ,141.11,142.92,136.2,136.99,11661437,FYERS_HISTORY,2026-08-05T19:55:34+05:30
2026-04-01,SMD-0032,BANKINDIA,NSE:BANKINDIA-EQ,142.81,144.78,139.64,141.7,13202443,FYERS_HISTORY,2026-08-05T19:55:34+05:30
2026-04-02,SMD-0032,BANKINDIA,NSE:BANKINDIA-EQ,139.5,139.8,134.52,139.16,9218922,FYERS_HISTORY,2026-08-05T19:55:34+05:30
2026-04-06,SMD-0032,BANKINDIA,NSE:BANKINDIA-EQ,140.38,145.49,137.88,143.05,14321009,FYERS_HISTORY,2026-08-05T19:55:34+05:30
2026-04-07,SMD-0032,BANKINDIA,NSE:BANKINDIA-EQ,142.05,142.05,136.13,137.55,27177315,FYERS_HISTORY,2026-08-05T19:55:34+05:30
2026-04-08,SMD-0032,BANKINDIA,NSE:BANKINDIA-EQ,144.0,147.5,143.08,146.49,17553137,FYERS_HISTORY,2026-08-05T19:55:34+05:30
2026-04-09,SMD-0032,BANKINDIA,NSE:BANKINDIA-EQ,146.48,148.55,143.45,144.29,12609816,FYERS_HISTORY,2026-08-05T19:55:34+05:30
2026-04-10,SMD-0032,BANKINDIA,NSE:BANKINDIA-EQ,146.5,148.49,145.75,147.93,9728052,FYERS_HISTORY,2026-08-05T19:55:34+05:30
2026-04-13,SMD-0032,BANKINDIA,NSE:BANKINDIA-EQ,142.95,145.35,141.05,144.97,11779572,FYERS_HISTORY,2026-08-05T19:55:34+05:30
2026-04-15,SMD-0032,BANKINDIA,NSE:BANKINDIA-EQ,147.71,149.93,147.15,147.7,9048315,FYERS_HISTORY,2026-08-05T19:55:34+05:30
2026-04-16,SMD-0032,BANKINDIA,NSE:BANKINDIA-EQ,148.65,151.0,147.84,148.86,9550976,FYERS_HISTORY,2026-08-05T19:55:34+05:30
2026-04-17,SMD-0032,BANKINDIA,NSE:BANKINDIA-EQ,148.86,149.47,146.65,148.1,8807839,FYERS_HISTORY,2026-08-05T19:55:34+05:30
2026-04-20,SMD-0032,BANKINDIA,NSE:BANKINDIA-EQ,148.0,151.0,146.01,148.31,9439402,FYERS_HISTORY,2026-08-05T19:55:34+05:30
2026-04-21,SMD-0032,BANKINDIA,NSE:BANKINDIA-EQ,149.5,151.25,149.05,149.83,7154993,FYERS_HISTORY,2026-08-05T19:55:34+05:30
2026-04-22,SMD-0032,BANKINDIA,NSE:BANKINDIA-EQ,149.83,154.34,149.18,152.92,15080884,FYERS_HISTORY,2026-08-05T19:55:34+05:30
2026-04-23,SMD-0032,BANKINDIA,NSE:BANKINDIA-EQ,152.01,153.48,149.33,150.86,14160285,FYERS_HISTORY,2026-08-05T19:55:34+05:30
2026-04-24,SMD-0032,BANKINDIA,NSE:BANKINDIA-EQ,150.75,151.46,145.78,147.44,13803000,FYERS_HISTORY,2026-08-05T19:55:34+05:30
2026-04-27,SMD-0032,BANKINDIA,NSE:BANKINDIA-EQ,148.6,149.8,147.25,147.51,4845169,FYERS_HISTORY,2026-08-05T19:55:34+05:30
2026-04-28,SMD-0032,BANKINDIA,NSE:BANKINDIA-EQ,144.0,145.6,141.67,144.25,15483742,FYERS_HISTORY,2026-08-05T19:55:34+05:30
2026-04-29,SMD-0032,BANKINDIA,NSE:BANKINDIA-EQ,145.0,147.25,142.72,143.21,9711019,FYERS_HISTORY,2026-08-05T19:55:34+05:30
2026-04-30,SMD-0032,BANKINDIA,NSE:BANKINDIA-EQ,142.21,142.3,138.83,139.87,10512024,FYERS_HISTORY,2026-08-05T19:55:34+05:30
2026-05-04,SMD-0032,BANKINDIA,NSE:BANKINDIA-EQ,140.01,142.6,138.23,138.66,11205255,FYERS_HISTORY,2026-08-05T19:55:34+05:30
2026-05-05,SMD-0032,BANKINDIA,NSE:BANKINDIA-EQ,138.7,139.69,136.74,138.58,8548754,FYERS_HISTORY,2026-08-05T19:55:34+05:30
2026-05-06,SMD-0032,BANKINDIA,NSE:BANKINDIA-EQ,140.5,143.25,138.4,142.34,21321991,FYERS_HISTORY,2026-08-05T19:55:34+05:30
2026-05-07,SMD-0032,BANKINDIA,NSE:BANKINDIA-EQ,143.25,143.59,139.7,140.37,10811865,FYERS_HISTORY,2026-08-05T19:55:34+05:30
2026-05-08,SMD-0032,BANKINDIA,NSE:BANKINDIA-EQ,140.25,140.25,138.16,139.77,10454713,FYERS_HISTORY,2026-08-05T19:55:34+05:30
2026-05-11,SMD-0032,BANKINDIA,NSE:BANKINDIA-EQ,143.0,146.4,141.6,143.86,31970908,FYERS_HISTORY,2026-08-05T19:55:34+05:30
2026-05-12,SMD-0032,BANKINDIA,NSE:BANKINDIA-EQ,143.01,143.98,139.83,140.14,9840646,FYERS_HISTORY,2026-08-05T19:55:34+05:30
2026-05-13,SMD-0032,BANKINDIA,NSE:BANKINDIA-EQ,140.2,142.4,138.65,140.59,7974427,FYERS_HISTORY,2026-08-05T19:55:34+05:30
2026-05-14,SMD-0032,BANKINDIA,NSE:BANKINDIA-EQ,141.65,144.5,139.85,143.95,9541746,FYERS_HISTORY,2026-08-05T19:55:34+05:30
2026-05-15,SMD-0032,BANKINDIA,NSE:BANKINDIA-EQ,144.99,146.09,142.0,142.26,8539888,FYERS_HISTORY,2026-08-05T19:55:34+05:30
2026-05-18,SMD-0032,BANKINDIA,NSE:BANKINDIA-EQ,141.0,141.0,137.49,138.22,12262451,FYERS_HISTORY,2026-08-05T19:55:34+05:30
2026-05-19,SMD-0032,BANKINDIA,NSE:BANKINDIA-EQ,139.69,139.9,138.02,138.64,12748150,FYERS_HISTORY,2026-08-05T19:55:34+05:30
2026-05-20,SMD-0032,BANKINDIA,NSE:BANKINDIA-EQ,138.3,139.89,136.5,139.17,12319759,FYERS_HISTORY,2026-08-05T19:55:34+05:30
2026-05-21,SMD-0032,BANKINDIA,NSE:BANKINDIA-EQ,141.25,141.7,138.8,139.23,7439205,FYERS_HISTORY,2026-08-05T19:55:34+05:30
2026-05-22,SMD-0032,BANKINDIA,NSE:BANKINDIA-EQ,139.5,140.2,139.1,139.92,5789870,FYERS_HISTORY,2026-08-05T19:55:34+05:30
2026-05-25,SMD-0032,BANKINDIA,NSE:BANKINDIA-EQ,141.6,146.5,141.15,146.01,12177599,FYERS_HISTORY,2026-08-05T19:55:34+05:30
2026-05-26,SMD-0032,BANKINDIA,NSE:BANKINDIA-EQ,146.01,147.01,144.0,144.99,12544549,FYERS_HISTORY,2026-08-05T19:55:34+05:30
2026-05-27,SMD-0032,BANKINDIA,NSE:BANKINDIA-EQ,145.49,147.49,145.08,147.0,12172304,FYERS_HISTORY,2026-08-05T19:55:34+05:30
2026-05-29,SMD-0032,BANKINDIA,NSE:BANKINDIA-EQ,142.48,144.16,139.5,139.91,12099858,FYERS_HISTORY,2026-08-05T19:55:34+05:30
2026-06-01,SMD-0032,BANKINDIA,NSE:BANKINDIA-EQ,140.3,140.86,136.39,136.74,7863805,FYERS_HISTORY,2026-08-05T19:55:34+05:30
2026-06-02,SMD-0032,BANKINDIA,NSE:BANKINDIA-EQ,136.7,138.18,134.6,137.29,7422302,FYERS_HISTORY,2026-08-05T19:55:34+05:30
2026-06-03,SMD-0032,BANKINDIA,NSE:BANKINDIA-EQ,137.68,140.53,134.7,139.92,7726413,FYERS_HISTORY,2026-08-05T19:55:34+05:30
2026-06-04,SMD-0032,BANKINDIA,NSE:BANKINDIA-EQ,139.85,140.63,138.35,139.69,6349575,FYERS_HISTORY,2026-08-05T19:55:34+05:30
2026-06-05,SMD-0032,BANKINDIA,NSE:BANKINDIA-EQ,139.9,143.37,139.8,141.46,12702704,FYERS_HISTORY,2026-08-05T19:55:34+05:30
2026-06-08,SMD-0032,BANKINDIA,NSE:BANKINDIA-EQ,139.21,144.24,139.09,140.08,7531562,FYERS_HISTORY,2026-08-05T19:55:34+05:30
2026-06-09,SMD-0032,BANKINDIA,NSE:BANKINDIA-EQ,140.2,148.0,140.2,147.72,22007536,FYERS_HISTORY,2026-08-05T19:55:34+05:30
2026-06-10,SMD-0032,BANKINDIA,NSE:BANKINDIA-EQ,147.32,149.19,144.15,144.86,12647039,FYERS_HISTORY,2026-08-05T19:55:34+05:30
2026-06-11,SMD-0032,BANKINDIA,NSE:BANKINDIA-EQ,144.4,144.4,140.21,141.38,11181743,FYERS_HISTORY,2026-08-05T19:55:34+05:30
2026-06-12,SMD-0032,BANKINDIA,NSE:BANKINDIA-EQ,144.0,145.95,141.91,145.68,9184204,FYERS_HISTORY,2026-08-05T19:55:34+05:30
2026-06-15,SMD-0032,BANKINDIA,NSE:BANKINDIA-EQ,149.0,151.0,145.84,146.23,7545257,FYERS_HISTORY,2026-08-05T19:55:34+05:30
2026-06-16,SMD-0032,BANKINDIA,NSE:BANKINDIA-EQ,146.8,148.3,144.12,145.67,6079628,FYERS_HISTORY,2026-08-05T19:55:34+05:30
2026-06-17,SMD-0032,BANKINDIA,NSE:BANKINDIA-EQ,145.99,147.84,144.78,147.14,8514850,FYERS_HISTORY,2026-08-05T19:55:34+05:30
2026-06-18,SMD-0032,BANKINDIA,NSE:BANKINDIA-EQ,147.75,148.5,146.21,147.67,6679500,FYERS_HISTORY,2026-08-05T19:55:34+05:30
2026-06-19,SMD-0032,BANKINDIA,NSE:BANKINDIA-EQ,147.4,147.44,145.3,146.57,10500090,FYERS_HISTORY,2026-08-05T19:55:34+05:30
2026-06-22,SMD-0032,BANKINDIA,NSE:BANKINDIA-EQ,146.6,147.26,145.25,146.09,7688929,FYERS_HISTORY,2026-08-05T19:55:34+05:30
2026-06-23,SMD-0032,BANKINDIA,NSE:BANKINDIA-EQ,146.09,146.4,143.44,144.51,10393055,FYERS_HISTORY,2026-08-05T19:55:34+05:30
2026-06-24,SMD-0032,BANKINDIA,NSE:BANKINDIA-EQ,144.2,145.77,143.33,144.15,7017990,FYERS_HISTORY,2026-08-05T19:55:34+05:30
2026-06-25,SMD-0032,BANKINDIA,NSE:BANKINDIA-EQ,145.36,146.1,144.17,144.72,6879658,FYERS_HISTORY,2026-08-05T19:55:34+05:30
2026-06-29,SMD-0032,BANKINDIA,NSE:BANKINDIA-EQ,145.0,145.1,141.5,142.55,13540640,FYERS_HISTORY,2026-08-05T19:55:34+05:30
2026-06-30,SMD-0032,BANKINDIA,NSE:BANKINDIA-EQ,143.0,143.5,140.1,140.4,7187490,FYERS_HISTORY,2026-08-05T19:55:34+05:30
2026-07-01,SMD-0032,BANKINDIA,NSE:BANKINDIA-EQ,140.65,142.5,140.13,141.64,3923577,FYERS_HISTORY,2026-08-05T19:55:34+05:30
2026-07-02,SMD-0032,BANKINDIA,NSE:BANKINDIA-EQ,141.88,145.65,140.06,144.96,14023902,FYERS_HISTORY,2026-08-05T19:55:34+05:30
2026-07-03,SMD-0032,BANKINDIA,NSE:BANKINDIA-EQ,145.64,147.11,142.75,144.05,8081817,FYERS_HISTORY,2026-08-05T19:55:34+05:30
2026-07-06,SMD-0032,BANKINDIA,NSE:BANKINDIA-EQ,143.64,144.61,139.4,139.8,12694277,FYERS_HISTORY,2026-08-05T19:55:34+05:30
2026-07-07,SMD-0032,BANKINDIA,NSE:BANKINDIA-EQ,140.5,142.9,139.99,142.41,11079712,FYERS_HISTORY,2026-08-05T19:55:34+05:30
2026-07-08,SMD-0032,BANKINDIA,NSE:BANKINDIA-EQ,141.73,141.75,134.01,135.12,14342743,FYERS_HISTORY,2026-08-05T19:55:34+05:30
2026-07-09,SMD-0032,BANKINDIA,NSE:BANKINDIA-EQ,135.6,139.23,135.44,138.53,8302820,FYERS_HISTORY,2026-08-05T19:55:34+05:30
2026-07-10,SMD-0032,BANKINDIA,NSE:BANKINDIA-EQ,139.8,146.9,139.5,144.9,14184717,FYERS_HISTORY,2026-08-05T19:55:34+05:30
2026-07-13,SMD-0032,BANKINDIA,NSE:BANKINDIA-EQ,143.99,145.9,142.56,145.59,9795111,FYERS_HISTORY,2026-08-05T19:55:34+05:30
2026-07-14,SMD-0032,BANKINDIA,NSE:BANKINDIA-EQ,144.89,146.13,141.35,141.87,7245592,FYERS_HISTORY,2026-08-05T19:55:34+05:30
2026-07-15,SMD-0032,BANKINDIA,NSE:BANKINDIA-EQ,142.7,147.48,142.56,145.21,14148660,FYERS_HISTORY,2026-08-05T19:55:34+05:30
2026-07-16,SMD-0032,BANKINDIA,NSE:BANKINDIA-EQ,145.3,146.45,142.85,143.33,4441430,FYERS_HISTORY,2026-08-05T19:55:34+05:30
2026-07-17,SMD-0032,BANKINDIA,NSE:BANKINDIA-EQ,143.5,144.2,141.77,143.17,4520145,FYERS_HISTORY,2026-08-05T19:55:34+05:30
2026-07-20,SMD-0032,BANKINDIA,NSE:BANKINDIA-EQ,143.0,147.78,142.66,146.95,13068497,FYERS_HISTORY,2026-08-05T19:55:34+05:30
2026-07-21,SMD-0032,BANKINDIA,NSE:BANKINDIA-EQ,147.1,149.33,146.33,147.1,12651707,FYERS_HISTORY,2026-08-05T19:55:34+05:30
2026-07-22,SMD-0032,BANKINDIA,NSE:BANKINDIA-EQ,147.08,147.08,142.45,143.99,9684026,FYERS_HISTORY,2026-08-05T19:55:34+05:30
2026-07-23,SMD-0032,BANKINDIA,NSE:BANKINDIA-EQ,143.34,143.81,141.52,142.2,5841420,FYERS_HISTORY,2026-08-05T19:55:34+05:30
2026-07-24,SMD-0032,BANKINDIA,NSE:BANKINDIA-EQ,142.0,143.2,139.82,142.62,7635246,FYERS_HISTORY,2026-08-05T19:55:34+05:30
2026-07-27,SMD-0032,BANKINDIA,NSE:BANKINDIA-EQ,145.0,145.39,136.55,137.87,26282058,FYERS_HISTORY,2026-08-05T19:55:34+05:30
2026-07-28,SMD-0032,BANKINDIA,NSE:BANKINDIA-EQ,138.0,138.2,135.62,136.32,8337190,FYERS_HISTORY,2026-08-05T19:55:34+05:30
2026-07-29,SMD-0032,BANKINDIA,NSE:BANKINDIA-EQ,137.0,138.3,136.44,137.65,8293430,FYERS_HISTORY,2026-08-05T19:55:34+05:30
2026-07-30,SMD-0032,BANKINDIA,NSE:BANKINDIA-EQ,137.05,137.69,136.05,137.22,5363657,FYERS_HISTORY,2026-08-05T19:55:34+05:30
2026-07-31,SMD-0032,BANKINDIA,NSE:BANKINDIA-EQ,138.0,138.68,136.87,137.95,5768166,FYERS_HISTORY,2026-08-05T19:55:34+05:30
2026-08-03,SMD-0032,BANKINDIA,NSE:BANKINDIA-EQ,139.01,141.66,139.01,140.5,8509334,FYERS_HISTORY,2026-08-05T19:55:34+05:30
2026-08-04,SMD-0032,BANKINDIA,NSE:BANKINDIA-EQ,140.29,141.25,138.92,140.44,5544174,FYERS_HISTORY,2026-08-05T19:55:34+05:30
2026-08-05,SMD-0032,BANKINDIA,NSE:BANKINDIA-EQ,140.99,142.8,140.56,141.0,6726554,FYERS_HISTORY,2026-08-05T19:55:34+05:30
2026-08-06,SMD-0032,BANKINDIA,NSE:BANKINDIA-EQ,141.7,143.17,140.61,142.66,6155628,FYERS_HISTORY,2026-08-08T23:03:04+05:30
2026-08-07,SMD-0032,BANKINDIA,NSE:BANKINDIA-EQ,142.95,145.14,142.0,145.0,8569425,FYERS_HISTORY,2026-08-08T23:03:04+05:30
