trade_date,segment,source,instrument,underlying,symbol,expiry,strike,option_type,open,high,low,close,last_price,settle_price,volume,turnover,open_interest,change_in_oi,source_row_number,source_provider,source_format,contract_type,aqsd_underlying
2026-07-16,FO,NSE,STF,ABCAPITAL,ABCAPITAL,2026-08-25,,,405.05,408.0,401.6,402.35,402.5,402.35,45,56380940.0,914500,21700,50,NSE,UDIFF F&O BHAVCOPY,FUTURE,ABCAPITAL
2026-07-16,FO,NSE,STF,ABCAPITAL,ABCAPITAL,2026-07-28,,,406.5,406.5,399.15,400.15,399.9,400.15,838,1044055510.0,38281900,-260400,71,NSE,UDIFF F&O BHAVCOPY,FUTURE,ABCAPITAL
2026-07-16,FO,NSE,STF,ABCAPITAL,ABCAPITAL,2026-09-29,,,407.85,407.85,404.4,404.6,404.5,404.6,8,10060275.0,210800,21700,73,NSE,UDIFF F&O BHAVCOPY,FUTURE,ABCAPITAL
2026-07-16,FO,NSE,STF,ADANIENSOL,ADANIENSOL,2026-08-25,,,1711.0,1758.0,1700.5,1705.8,1705.0,1705.8,388,451516207.5,288225,103950,183,NSE,UDIFF F&O BHAVCOPY,FUTURE,ADANIENSOL
2026-07-16,FO,NSE,STF,ADANIENSOL,ADANIENSOL,2026-09-29,,,1714.0,1765.0,1711.0,1717.5,1715.0,1717.5,34,39869347.5,23625,5400,228,NSE,UDIFF F&O BHAVCOPY,FUTURE,ADANIENSOL
2026-07-16,FO,NSE,STF,ADANIENSOL,ADANIENSOL,2026-07-28,,,1699.8,1751.0,1692.5,1696.6,1694.3,1696.6,4242,4927507492.5,19059975,75600,242,NSE,UDIFF F&O BHAVCOPY,FUTURE,ADANIENSOL
2026-07-16,FO,NSE,STF,GODFRYPHLP,GODFRYPHLP,2026-08-25,,,2084.0,2117.0,2064.0,2108.4,2114.8,2108.4,309,178605570.0,189200,17050,337,NSE,UDIFF F&O BHAVCOPY,FUTURE,GODFRYPHLP
2026-07-16,FO,NSE,STF,GODFRYPHLP,GODFRYPHLP,2026-09-29,,,2070.0,2109.2,2070.0,2107.4,2107.8,2107.4,32,18411112.5,14025,4400,343,NSE,UDIFF F&O BHAVCOPY,FUTURE,GODFRYPHLP
2026-07-16,FO,NSE,STF,GODFRYPHLP,GODFRYPHLP,2026-07-28,,,2117.8,2138.0,2093.0,2129.9,2130.4,2129.9,841,490093642.5,1794925,-15125,344,NSE,UDIFF F&O BHAVCOPY,FUTURE,GODFRYPHLP
2026-07-16,FO,NSE,STF,INDHOTEL,INDHOTEL,2026-07-28,,,743.0,744.55,732.3,734.0,733.95,734.0,3604,2657684950.0,26258000,127000,412,NSE,UDIFF F&O BHAVCOPY,FUTURE,INDHOTEL
2026-07-16,FO,NSE,STF,INDHOTEL,INDHOTEL,2026-08-25,,,747.25,747.25,736.6,737.8,737.95,737.8,269,199127750.0,498000,113000,490,NSE,UDIFF F&O BHAVCOPY,FUTURE,INDHOTEL
2026-07-16,FO,NSE,STF,INDHOTEL,INDHOTEL,2026-09-29,,,743.95,747.0,743.95,743.95,743.95,741.4,4,2978850.0,46000,1000,491,NSE,UDIFF F&O BHAVCOPY,FUTURE,INDHOTEL
2026-07-16,FO,NSE,STF,INDIANB,INDIANB,2026-09-29,,,838.0,840.0,825.0,825.8,825.0,825.8,35,29106600.0,97000,12000,658,NSE,UDIFF F&O BHAVCOPY,FUTURE,INDIANB
2026-07-16,FO,NSE,STF,INDIANB,INDIANB,2026-07-28,,,834.45,842.0,820.7,822.0,822.75,822.0,1526,1263774150.0,17432000,-42000,733,NSE,UDIFF F&O BHAVCOPY,FUTURE,INDIANB
2026-07-16,FO,NSE,STF,INDIANB,INDIANB,2026-08-25,,,833.35,842.8,823.0,824.2,824.5,824.2,162,134349800.0,1065000,67000,754,NSE,UDIFF F&O BHAVCOPY,FUTURE,INDIANB
2026-07-16,FO,NSE,STF,INOXWIND,INOXWIND,2026-07-28,,,79.42,80.73,78.6,78.91,78.89,78.91,1443,733906816.0,105427200,-550400,785,NSE,UDIFF F&O BHAVCOPY,FUTURE,INOXWIND
2026-07-16,FO,NSE,STF,INOXWIND,INOXWIND,2026-09-29,,,81.54,81.54,79.55,79.93,80.0,79.93,27,13849792.0,1395200,153600,786,NSE,UDIFF F&O BHAVCOPY,FUTURE,INOXWIND
2026-07-16,FO,NSE,STF,INOXWIND,INOXWIND,2026-08-25,,,80.51,81.21,79.04,79.37,79.43,79.37,364,186127040.0,11520000,1036800,815,NSE,UDIFF F&O BHAVCOPY,FUTURE,INOXWIND
2026-07-16,FO,NSE,STF,JINDALSTEL,JINDALSTEL,2026-09-29,,,1044.0,1044.4,1040.4,1043.8,1044.4,1043.8,14,9130875.0,30000,0,904,NSE,UDIFF F&O BHAVCOPY,FUTURE,JINDALSTEL
2026-07-16,FO,NSE,STF,JINDALSTEL,JINDALSTEL,2026-08-25,,,1050.0,1050.0,1031.0,1035.1,1035.4,1035.1,120,77864000.0,342500,46875,924,NSE,UDIFF F&O BHAVCOPY,FUTURE,JINDALSTEL
2026-07-16,FO,NSE,STF,JINDALSTEL,JINDALSTEL,2026-07-28,,,1048.9,1048.9,1025.6,1031.0,1032.5,1031.0,1559,1009991375.0,13946250,-1875,1005,NSE,UDIFF F&O BHAVCOPY,FUTURE,JINDALSTEL
2026-07-16,FO,NSE,STF,MPHASIS,MPHASIS,2026-08-25,,,2391.6,2409.5,2359.1,2367.0,2374.6,2367.0,101,66230010.0,83875,2475,1022,NSE,UDIFF F&O BHAVCOPY,FUTURE,MPHASIS
2026-07-16,FO,NSE,STF,MPHASIS,MPHASIS,2026-09-29,,,2412.4,2412.4,2390.3,2390.3,2390.3,2383.8,3,1984152.5,5775,825,1136,NSE,UDIFF F&O BHAVCOPY,FUTURE,MPHASIS
2026-07-16,FO,NSE,STF,MPHASIS,MPHASIS,2026-07-28,,,2378.6,2395.0,2349.5,2361.1,2376.8,2361.1,1330,866384530.0,4915625,-31350,1223,NSE,UDIFF F&O BHAVCOPY,FUTURE,MPHASIS
2026-07-16,FO,NSE,STF,NESTLEIND,NESTLEIND,2026-08-25,,,1440.4,1443.0,1428.5,1432.2,1431.8,1432.2,86,61742100.0,256000,11500,1336,NSE,UDIFF F&O BHAVCOPY,FUTURE,NESTLEIND
2026-07-16,FO,NSE,STF,NESTLEIND,NESTLEIND,2026-07-28,,,1430.0,1437.5,1420.0,1425.2,1424.4,1425.2,1259,898420800.0,10933500,111000,1350,NSE,UDIFF F&O BHAVCOPY,FUTURE,NESTLEIND
2026-07-16,FO,NSE,STF,NESTLEIND,NESTLEIND,2026-09-29,,,1449.9,1449.9,1437.1,1441.3,1441.3,1441.3,6,4332000.0,1071000,-500,1408,NSE,UDIFF F&O BHAVCOPY,FUTURE,NESTLEIND
2026-07-16,FO,NSE,STF,NTPC,NTPC,2026-07-28,,,345.4,347.05,343.0,343.3,343.3,343.3,3359,1739345700.0,124788000,573000,1528,NSE,UDIFF F&O BHAVCOPY,FUTURE,NTPC
2026-07-16,FO,NSE,STF,NTPC,NTPC,2026-09-29,,,346.1,347.3,343.6,344.05,343.6,344.05,499,258763050.0,7498500,630000,1550,NSE,UDIFF F&O BHAVCOPY,FUTURE,NTPC
2026-07-16,FO,NSE,STF,NTPC,NTPC,2026-08-25,,,345.9,346.9,343.0,343.25,343.0,343.25,987,511460625.0,7879500,1069500,1551,NSE,UDIFF F&O BHAVCOPY,FUTURE,NTPC
2026-07-16,FO,NSE,STF,PRESTIGE,PRESTIGE,2026-09-29,,,1698.4,1698.4,1676.9,1676.9,1676.9,1664.0,2,1518885.0,5400,900,1618,NSE,UDIFF F&O BHAVCOPY,FUTURE,PRESTIGE
2026-07-16,FO,NSE,STF,PRESTIGE,PRESTIGE,2026-07-28,,,1682.3,1693.4,1637.7,1648.7,1656.5,1648.7,3100,2312375985.0,5141250,269550,1664,NSE,UDIFF F&O BHAVCOPY,FUTURE,PRESTIGE
2026-07-16,FO,NSE,STF,PRESTIGE,PRESTIGE,2026-08-25,,,1695.3,1696.0,1646.7,1655.2,1662.0,1655.2,87,65227680.0,56700,7650,1718,NSE,UDIFF F&O BHAVCOPY,FUTURE,PRESTIGE
2026-07-16,FO,NSE,STF,RBLBANK,RBLBANK,2026-08-25,,,372.0,372.0,363.25,365.45,366.6,365.45,284,330013945.0,1930400,301625,1809,NSE,UDIFF F&O BHAVCOPY,FUTURE,RBLBANK
2026-07-16,FO,NSE,STF,RBLBANK,RBLBANK,2026-07-28,,,374.45,374.45,362.4,364.5,365.0,364.5,7308,8465026408.75,47091600,7721600,1818,NSE,UDIFF F&O BHAVCOPY,FUTURE,RBLBANK
2026-07-16,FO,NSE,STF,RBLBANK,RBLBANK,2026-09-29,,,368.0,369.9,365.0,368.55,368.55,367.75,9,10486707.5,98425,19050,1874,NSE,UDIFF F&O BHAVCOPY,FUTURE,RBLBANK
2026-07-16,FO,NSE,STF,SHREECEM,SHREECEM,2026-07-28,,,26810.0,27195.0,26775.0,26905.0,26780.0,26905.0,1063,716510500.0,345675,-3050,1968,NSE,UDIFF F&O BHAVCOPY,FUTURE,SHREECEM
2026-07-16,FO,NSE,STF,SHREECEM,SHREECEM,2026-09-29,,,0.0,0.0,0.0,26540.0,26540.0,27370.0,0,0.0,200,0,1998,NSE,UDIFF F&O BHAVCOPY,FUTURE,SHREECEM
2026-07-16,FO,NSE,STF,SHREECEM,SHREECEM,2026-08-25,,,26735.0,26955.0,26650.0,26730.0,26650.0,26730.0,46,30805250.0,7100,400,2035,NSE,UDIFF F&O BHAVCOPY,FUTURE,SHREECEM
2026-07-16,FO,NSE,STF,TATAELXSI,TATAELXSI,2026-08-25,,,3440.0,3501.8,3434.1,3442.6,3440.1,3442.6,2715,1176128800.0,1557125,121625,2090,NSE,UDIFF F&O BHAVCOPY,FUTURE,TATAELXSI
2026-07-16,FO,NSE,STF,TATAELXSI,TATAELXSI,2026-09-29,,,3418.9,3451.0,3403.5,3411.9,3406.5,3411.9,221,94693800.0,101625,2500,2116,NSE,UDIFF F&O BHAVCOPY,FUTURE,TATAELXSI
2026-07-16,FO,NSE,STF,TATAELXSI,TATAELXSI,2026-07-28,,,3499.5,3564.6,3475.5,3509.7,3506.5,3509.7,6018,2653262025.0,3440375,-117375,2180,NSE,UDIFF F&O BHAVCOPY,FUTURE,TATAELXSI
2026-07-16,FO,NSE,STF,TATASTEEL,TATASTEEL,2026-07-28,,,186.1,187.1,185.15,185.73,185.76,185.73,3591,1838655665.0,184588250,-2576750,2296,NSE,UDIFF F&O BHAVCOPY,FUTURE,TATASTEEL
2026-07-16,FO,NSE,STF,TATASTEEL,TATASTEEL,2026-09-29,,,187.81,189.14,187.55,187.97,188.0,187.97,87,45040655.0,7614750,101750,2330,NSE,UDIFF F&O BHAVCOPY,FUTURE,TATASTEEL
2026-07-16,FO,NSE,STF,TATASTEEL,TATASTEEL,2026-08-25,,,187.02,188.2,186.12,186.75,186.7,186.75,686,353179200.0,17443250,825000,2374,NSE,UDIFF F&O BHAVCOPY,FUTURE,TATASTEEL
2026-07-16,FO,NSE,STF,TCS,TCS,2026-09-29,,,2172.0,2207.1,2172.0,2183.7,2186.7,2183.7,1102,543688582.5,711450,63675,2383,NSE,UDIFF F&O BHAVCOPY,FUTURE,TCS
2026-07-16,FO,NSE,STF,TCS,TCS,2026-07-28,,,2195.0,2223.0,2187.2,2198.6,2197.7,2198.6,34464,17125676302.5,39976875,-2201175,2526,NSE,UDIFF F&O BHAVCOPY,FUTURE,TCS
2026-07-16,FO,NSE,STF,TCS,TCS,2026-08-25,,,2165.0,2210.9,2165.0,2187.3,2187.1,2187.3,12314,6088541220.0,6156225,1801350,2527,NSE,UDIFF F&O BHAVCOPY,FUTURE,TCS
2026-07-16,FO,NSE,STF,ADANIPOWER,ADANIPOWER,2026-07-28,,,222.0,222.5,216.8,217.11,217.37,217.11,6331,4941781937.5,147999500,2364300,2616,NSE,UDIFF F&O BHAVCOPY,FUTURE,ADANIPOWER
2026-07-16,FO,NSE,STF,ADANIPOWER,ADANIPOWER,2026-09-29,,,223.1,224.99,219.46,219.86,220.0,219.86,641,505688305.5,2900350,2101600,2617,NSE,UDIFF F&O BHAVCOPY,FUTURE,ADANIPOWER
2026-07-16,FO,NSE,STF,ADANIPOWER,ADANIPOWER,2026-08-25,,,222.0,223.55,218.0,218.33,218.64,218.33,1002,787315627.5,12602500,1352550,2693,NSE,UDIFF F&O BHAVCOPY,FUTURE,ADANIPOWER
2026-07-16,FO,NSE,STF,AMBUJACEM,AMBUJACEM,2026-09-29,,,442.5,445.25,440.0,440.0,440.0,439.5,16,8499120.0,122400,12000,2757,NSE,UDIFF F&O BHAVCOPY,FUTURE,AMBUJACEM
2026-07-16,FO,NSE,STF,AMBUJACEM,AMBUJACEM,2026-08-25,,,439.9,443.5,436.15,436.7,436.75,436.7,322,170000580.0,2538000,225600,2760,NSE,UDIFF F&O BHAVCOPY,FUTURE,AMBUJACEM
2026-07-16,FO,NSE,STF,AMBUJACEM,AMBUJACEM,2026-07-28,,,436.35,441.5,433.6,434.45,434.0,434.45,2292,1202728020.0,81297600,-330000,2840,NSE,UDIFF F&O BHAVCOPY,FUTURE,AMBUJACEM
2026-07-16,FO,NSE,STF,APLAPOLLO,APLAPOLLO,2026-07-28,,,1822.0,1827.0,1792.8,1797.2,1798.5,1797.2,815,514885665.0,5784800,19950,2894,NSE,UDIFF F&O BHAVCOPY,FUTURE,APLAPOLLO
2026-07-16,FO,NSE,STF,APLAPOLLO,APLAPOLLO,2026-08-25,,,1821.0,1824.4,1801.4,1803.3,1805.7,1803.3,58,36768830.0,116550,6650,2914,NSE,UDIFF F&O BHAVCOPY,FUTURE,APLAPOLLO
2026-07-16,FO,NSE,STF,APLAPOLLO,APLAPOLLO,2026-09-29,,,1827.7,1835.0,1811.0,1811.0,1811.0,1816.8,11,7039760.0,4900,-350,2991,NSE,UDIFF F&O BHAVCOPY,FUTURE,APLAPOLLO
2026-07-16,FO,NSE,STF,AUROPHARMA,AUROPHARMA,2026-07-28,,,1551.5,1566.3,1548.3,1551.8,1554.7,1551.8,1187,1016455880.0,11399850,63250,3070,NSE,UDIFF F&O BHAVCOPY,FUTURE,AUROPHARMA
2026-07-16,FO,NSE,STF,AUROPHARMA,AUROPHARMA,2026-08-25,,,1557.7,1571.8,1555.0,1558.6,1560.1,1558.6,106,91240050.0,158400,23100,3079,NSE,UDIFF F&O BHAVCOPY,FUTURE,AUROPHARMA
2026-07-16,FO,NSE,STF,AUROPHARMA,AUROPHARMA,2026-09-29,,,1574.4,1574.4,1566.0,1566.0,1566.0,1569.4,2,1727220.0,17600,550,3089,NSE,UDIFF F&O BHAVCOPY,FUTURE,AUROPHARMA
2026-07-16,FO,NSE,STF,BAJAJHLDNG,BAJAJHLDNG,2026-09-29,,,10529.0,10529.0,10529.0,10529.0,10529.0,10559.0,1,789675.0,750,75,3222,NSE,UDIFF F&O BHAVCOPY,FUTURE,BAJAJHLDNG
2026-07-16,FO,NSE,STF,BAJAJHLDNG,BAJAJHLDNG,2026-07-28,,,10696.0,10696.0,10406.0,10452.0,10430.0,10452.0,318,249514800.0,306225,1500,3248,NSE,UDIFF F&O BHAVCOPY,FUTURE,BAJAJHLDNG
2026-07-16,FO,NSE,STF,BAJAJHLDNG,BAJAJHLDNG,2026-08-25,,,10552.0,10580.0,10480.0,10504.0,10510.0,10504.0,49,38708625.0,11625,975,3293,NSE,UDIFF F&O BHAVCOPY,FUTURE,BAJAJHLDNG
2026-07-16,FO,NSE,IDF,BANKNIFTY,BANKNIFTY,2026-08-25,,,58205.8,58340.4,57905.4,58070.8,58100.0,58070.8,2352,4099889658.0,384060,44430,3501,NSE,UDIFF F&O BHAVCOPY,FUTURE,BANKNIFTY
2026-07-16,FO,NSE,IDF,BANKNIFTY,BANKNIFTY,2026-07-28,,,57989.0,58060.0,57610.0,57791.0,57823.8,57791.0,13470,23363790852.0,2025900,24030,3858,NSE,UDIFF F&O BHAVCOPY,FUTURE,BANKNIFTY
2026-07-16,FO,NSE,IDF,BANKNIFTY,BANKNIFTY,2026-09-29,,,58649.8,58750.0,58333.0,58478.6,58499.0,58478.6,702,1232068110.0,75390,7230,4059,NSE,UDIFF F&O BHAVCOPY,FUTURE,BANKNIFTY
2026-07-16,FO,NSE,STF,BSE,BSE,2026-08-25,,,3775.2,3775.2,3700.0,3704.4,3709.0,3704.4,942,701216140.0,593000,72400,4375,NSE,UDIFF F&O BHAVCOPY,FUTURE,BSE
2026-07-16,FO,NSE,STF,BSE,BSE,2026-09-29,,,3765.0,3776.0,3708.0,3710.8,3710.0,3710.8,207,154697900.0,97200,11000,4425,NSE,UDIFF F&O BHAVCOPY,FUTURE,BSE
2026-07-16,FO,NSE,STF,BSE,BSE,2026-07-28,,,3773.0,3778.0,3680.1,3688.5,3689.9,3688.5,8287,6143174700.0,8176800,-30800,4430,NSE,UDIFF F&O BHAVCOPY,FUTURE,BSE
2026-07-16,FO,NSE,STF,CDSL,CDSL,2026-08-25,,,1432.0,1433.7,1396.3,1398.8,1400.0,1398.8,634,423626755.0,1561325,104025,4465,NSE,UDIFF F&O BHAVCOPY,FUTURE,CDSL
2026-07-16,FO,NSE,STF,CDSL,CDSL,2026-09-29,,,1424.0,1424.3,1400.0,1401.8,1403.2,1401.8,106,70990222.5,239875,26125,4503,NSE,UDIFF F&O BHAVCOPY,FUTURE,CDSL
2026-07-16,FO,NSE,STF,CDSL,CDSL,2026-07-28,,,1431.1,1435.1,1396.6,1399.4,1400.0,1399.4,3588,2399564625.0,8830725,64600,4512,NSE,UDIFF F&O BHAVCOPY,FUTURE,CDSL
2026-07-16,FO,NSE,STF,CONCOR,CONCOR,2026-09-29,,,497.0,497.0,491.0,493.9,493.9,493.9,28,17302937.5,173750,18750,4591,NSE,UDIFF F&O BHAVCOPY,FUTURE,CONCOR
2026-07-16,FO,NSE,STF,CONCOR,CONCOR,2026-08-25,,,496.0,496.05,488.15,491.7,491.3,491.7,221,136024750.0,2265000,146250,4750,NSE,UDIFF F&O BHAVCOPY,FUTURE,CONCOR
2026-07-16,FO,NSE,STF,CONCOR,CONCOR,2026-07-28,,,496.0,496.0,486.25,490.55,490.45,490.55,1165,714941500.0,20102500,-582500,4760,NSE,UDIFF F&O BHAVCOPY,FUTURE,CONCOR
2026-07-16,FO,NSE,STF,DALBHARAT,DALBHARAT,2026-08-25,,,1837.9,1843.4,1826.0,1838.4,1840.0,1838.4,76,45316797.5,61425,4225,4808,NSE,UDIFF F&O BHAVCOPY,FUTURE,DALBHARAT
2026-07-16,FO,NSE,STF,DALBHARAT,DALBHARAT,2026-07-28,,,1840.0,1840.0,1819.9,1833.1,1832.3,1833.1,1540,916105092.5,4791150,107900,4869,NSE,UDIFF F&O BHAVCOPY,FUTURE,DALBHARAT
2026-07-16,FO,NSE,STF,EICHERMOT,EICHERMOT,2026-07-28,,,7391.0,7470.0,7391.0,7424.0,7420.0,7424.0,3486,2588270700.0,3846100,-31900,4927,NSE,UDIFF F&O BHAVCOPY,FUTURE,EICHERMOT
2026-07-16,FO,NSE,STF,EICHERMOT,EICHERMOT,2026-09-29,,,7410.0,7460.0,7400.0,7423.5,7427.0,7423.5,26,19327250.0,207600,-600,5026,NSE,UDIFF F&O BHAVCOPY,FUTURE,EICHERMOT
2026-07-16,FO,NSE,STF,EICHERMOT,EICHERMOT,2026-08-25,,,7396.5,7425.0,7350.0,7382.5,7375.5,7382.5,171,126307850.0,270700,4700,5051,NSE,UDIFF F&O BHAVCOPY,FUTURE,EICHERMOT
2026-07-16,FO,NSE,STF,INDIGO,INDIGO,2026-09-29,,,5180.5,5329.0,5180.5,5317.5,5302.5,5317.5,67,53187525.0,334650,2850,5065,NSE,UDIFF F&O BHAVCOPY,FUTURE,INDIGO
2026-07-16,FO,NSE,STF,INDIGO,INDIGO,2026-07-28,,,5175.5,5286.0,5175.5,5268.0,5270.0,5268.0,3346,2633907900.0,6486000,-69750,5120,NSE,UDIFF F&O BHAVCOPY,FUTURE,INDIGO
2026-07-16,FO,NSE,STF,INDIGO,INDIGO,2026-08-25,,,5229.0,5301.0,5214.0,5287.5,5286.0,5287.5,596,471005025.0,255300,41250,5164,NSE,UDIFF F&O BHAVCOPY,FUTURE,INDIGO
2026-07-16,FO,NSE,STF,JIOFIN,JIOFIN,2026-08-25,,,238.69,238.94,235.15,236.77,237.18,236.77,1171,651493625.5,17754250,1941100,5222,NSE,UDIFF F&O BHAVCOPY,FUTURE,JIOFIN
2026-07-16,FO,NSE,STF,JIOFIN,JIOFIN,2026-07-28,,,237.89,237.89,234.1,235.67,236.0,235.67,5252,2908849834.0,157081050,131600,5296,NSE,UDIFF F&O BHAVCOPY,FUTURE,JIOFIN
2026-07-16,FO,NSE,STF,JIOFIN,JIOFIN,2026-09-29,,,240.02,240.13,236.77,238.15,238.74,238.15,389,217784487.5,7896000,744950,5331,NSE,UDIFF F&O BHAVCOPY,FUTURE,JIOFIN
2026-07-16,FO,NSE,STF,KAYNES,KAYNES,2026-07-28,,,3380.0,3463.0,3375.5,3429.5,3420.0,3429.5,693,355474980.0,3946200,-75450,5426,NSE,UDIFF F&O BHAVCOPY,FUTURE,KAYNES
2026-07-16,FO,NSE,STF,KAYNES,KAYNES,2026-09-29,,,3365.0,3365.0,3326.8,3327.6,3327.6,3485.5,3,1502910.0,44100,-300,5458,NSE,UDIFF F&O BHAVCOPY,FUTURE,KAYNES
2026-07-16,FO,NSE,STF,KAYNES,KAYNES,2026-08-25,,,3341.5,3400.0,3309.0,3368.3,3342.6,3368.3,110,55437180.0,330000,-3450,5461,NSE,UDIFF F&O BHAVCOPY,FUTURE,KAYNES
2026-07-16,FO,NSE,STF,KEI,KEI,2026-07-28,,,5109.5,5135.0,5003.5,5035.0,5042.5,5035.0,2682,2376720412.5,2094225,65975,5527,NSE,UDIFF F&O BHAVCOPY,FUTURE,KEI
2026-07-16,FO,NSE,STF,KEI,KEI,2026-09-29,,,5014.0,5014.0,4920.0,4920.0,4920.0,4920.0,2,1738450.0,7525,0,5578,NSE,UDIFF F&O BHAVCOPY,FUTURE,KEI
2026-07-16,FO,NSE,STF,KEI,KEI,2026-08-25,,,5049.0,5049.0,4936.0,4964.5,4968.0,4964.5,898,784306950.0,466900,104475,5585,NSE,UDIFF F&O BHAVCOPY,FUTURE,KEI
2026-07-16,FO,NSE,STF,MFSL,MFSL,2026-07-28,,,1620.0,1620.0,1568.6,1579.3,1577.9,1579.3,1177,746484040.0,8705600,-34000,5612,NSE,UDIFF F&O BHAVCOPY,FUTURE,MFSL
2026-07-16,FO,NSE,STF,MFSL,MFSL,2026-08-25,,,1620.0,1620.0,1580.0,1589.4,1589.5,1589.4,98,62350680.0,50400,4000,5647,NSE,UDIFF F&O BHAVCOPY,FUTURE,MFSL
2026-07-16,FO,NSE,STF,MFSL,MFSL,2026-09-29,,,1589.1,1604.4,1589.1,1597.3,1597.5,1597.3,18,11490600.0,10000,4400,5729,NSE,UDIFF F&O BHAVCOPY,FUTURE,MFSL
2026-07-16,FO,NSE,STF,NYKAA,NYKAA,2026-07-28,,,330.0,331.05,324.25,326.15,326.15,326.15,964,987008750.0,46343750,-531250,5758,NSE,UDIFF F&O BHAVCOPY,FUTURE,NYKAA
2026-07-16,FO,NSE,STF,NYKAA,NYKAA,2026-09-29,,,331.75,331.75,326.85,327.85,328.25,327.85,12,12363906.25,334375,3125,5824,NSE,UDIFF F&O BHAVCOPY,FUTURE,NYKAA
2026-07-16,FO,NSE,STF,NYKAA,NYKAA,2026-08-25,,,331.0,332.35,325.75,327.9,328.5,327.9,99,101787812.5,1275000,84375,5842,NSE,UDIFF F&O BHAVCOPY,FUTURE,NYKAA
2026-07-16,FO,NSE,STF,PAGEIND,PAGEIND,2026-08-25,,,40675.0,40740.0,40180.0,40245.0,40205.0,40245.0,74,59705900.0,8400,340,5909,NSE,UDIFF F&O BHAVCOPY,FUTURE,PAGEIND
2026-07-16,FO,NSE,STF,PAGEIND,PAGEIND,2026-09-29,,,40625.0,40625.0,40285.0,40285.0,40285.0,41010.0,2,1618200.0,720,0,5954,NSE,UDIFF F&O BHAVCOPY,FUTURE,PAGEIND
2026-07-16,FO,NSE,STF,PAGEIND,PAGEIND,2026-07-28,,,40570.0,40930.0,40260.0,40435.0,40460.0,40435.0,1595,1291564200.0,297500,-1000,6044,NSE,UDIFF F&O BHAVCOPY,FUTURE,PAGEIND
2026-07-16,FO,NSE,STF,PERSISTENT,PERSISTENT,2026-09-29,,,5083.7,5103.0,4992.0,4992.7,4993.0,4992.7,46,29098275.0,31625,3250,6107,NSE,UDIFF F&O BHAVCOPY,FUTURE,PERSISTENT
2026-07-16,FO,NSE,STF,PERSISTENT,PERSISTENT,2026-08-25,,,5050.0,5143.4,5004.0,5007.4,5031.9,5007.4,576,365737437.5,522750,25750,6185,NSE,UDIFF F&O BHAVCOPY,FUTURE,PERSISTENT
2026-07-16,FO,NSE,STF,PERSISTENT,PERSISTENT,2026-07-28,,,5100.0,5204.0,5045.6,5053.6,5077.0,5053.6,5887,3773233362.5,4772000,122500,6203,NSE,UDIFF F&O BHAVCOPY,FUTURE,PERSISTENT
2026-07-16,FO,NSE,STF,PNBHOUSING,PNBHOUSING,2026-08-25,,,1105.0,1108.2,1090.0,1097.5,1097.5,1106.8,48,34259160.0,124800,6500,6274,NSE,UDIFF F&O BHAVCOPY,FUTURE,PNBHOUSING
2026-07-16,FO,NSE,STF,PNBHOUSING,PNBHOUSING,2026-07-28,,,1101.4,1112.6,1090.5,1100.6,1100.0,1100.6,944,675617995.0,7889700,-167700,6328,NSE,UDIFF F&O BHAVCOPY,FUTURE,PNBHOUSING
2026-07-16,FO,NSE,STF,PNBHOUSING,PNBHOUSING,2026-09-29,,,1105.9,1114.0,1098.0,1114.0,1114.0,1113.8,4,2875535.0,13000,650,6341,NSE,UDIFF F&O BHAVCOPY,FUTURE,PNBHOUSING
2026-07-16,FO,NSE,STF,SBILIFE,SBILIFE,2026-08-25,,,1860.0,1860.0,1824.4,1835.2,1836.0,1835.2,128,88223025.0,871500,13500,6350,NSE,UDIFF F&O BHAVCOPY,FUTURE,SBILIFE
2026-07-16,FO,NSE,STF,SBILIFE,SBILIFE,2026-09-29,,,1867.7,1867.7,1839.0,1848.3,1848.3,1848.3,13,9024300.0,28125,3750,6395,NSE,UDIFF F&O BHAVCOPY,FUTURE,SBILIFE
2026-07-16,FO,NSE,STF,SBILIFE,SBILIFE,2026-07-28,,,1872.3,1872.3,1813.4,1825.2,1828.0,1825.2,2045,1401547462.5,7160625,81750,6494,NSE,UDIFF F&O BHAVCOPY,FUTURE,SBILIFE
2026-07-16,FO,NSE,STF,TIINDIA,TIINDIA,2026-07-28,,,2968.5,3026.0,2922.1,2936.0,2933.0,2936.0,1146,679326960.0,1883800,-19400,6555,NSE,UDIFF F&O BHAVCOPY,FUTURE,TIINDIA
2026-07-16,FO,NSE,STF,TIINDIA,TIINDIA,2026-08-25,,,2960.1,3030.0,2930.0,2946.5,2945.0,2946.5,58,34586800.0,49000,1800,6596,NSE,UDIFF F&O BHAVCOPY,FUTURE,TIINDIA
2026-07-16,FO,NSE,STF,TIINDIA,TIINDIA,2026-09-29,,,2973.1,3000.0,2944.0,2945.0,2945.0,2972.5,4,2372420.0,2400,0,6637,NSE,UDIFF F&O BHAVCOPY,FUTURE,TIINDIA
2026-07-16,FO,NSE,STF,TITAN,TITAN,2026-09-29,,,4640.4,4721.0,4640.4,4684.7,4687.1,4684.7,1070,881603222.5,312200,182525,6683,NSE,UDIFF F&O BHAVCOPY,FUTURE,TITAN
2026-07-16,FO,NSE,STF,TITAN,TITAN,2026-08-25,,,4610.5,4692.9,4610.5,4655.4,4651.3,4655.4,598,487905757.5,520275,19425,6720,NSE,UDIFF F&O BHAVCOPY,FUTURE,TITAN
2026-07-16,FO,NSE,STF,TITAN,TITAN,2026-07-28,,,4582.0,4669.8,4582.0,4629.3,4628.0,4629.3,4369,3548971877.5,5643925,-238350,6758,NSE,UDIFF F&O BHAVCOPY,FUTURE,TITAN
2026-07-16,FO,NSE,STF,TRENT,TRENT,2026-07-28,,,2877.6,2914.0,2858.3,2863.2,2864.7,2863.2,4280,2776364730.0,12969450,-113400,6818,NSE,UDIFF F&O BHAVCOPY,FUTURE,TRENT
2026-07-16,FO,NSE,STF,TRENT,TRENT,2026-09-29,,,2869.0,2885.0,2841.0,2846.4,2850.4,2846.4,80,51473992.5,229950,3600,7026,NSE,UDIFF F&O BHAVCOPY,FUTURE,TRENT
2026-07-16,FO,NSE,STF,TRENT,TRENT,2026-08-25,,,2880.9,2898.8,2846.6,2850.2,2851.3,2850.2,1294,835983675.0,2485800,119025,7027,NSE,UDIFF F&O BHAVCOPY,FUTURE,TRENT
2026-07-16,FO,NSE,STF,UNIONBANK,UNIONBANK,2026-07-28,,,175.0,175.45,168.5,169.03,168.81,169.03,5397,4085403596.25,139860975,-1362900,7094,NSE,UDIFF F&O BHAVCOPY,FUTURE,UNIONBANK
2026-07-16,FO,NSE,STF,UNIONBANK,UNIONBANK,2026-08-25,,,175.0,175.0,169.5,169.96,169.86,169.96,916,694793808.75,10770450,1654950,7137,NSE,UDIFF F&O BHAVCOPY,FUTURE,UNIONBANK
2026-07-16,FO,NSE,STF,UNIONBANK,UNIONBANK,2026-09-29,,,175.53,175.53,170.5,171.11,170.8,171.11,124,94537071.75,1008900,393825,7147,NSE,UDIFF F&O BHAVCOPY,FUTURE,UNIONBANK
2026-07-16,FO,NSE,STF,YESBANK,YESBANK,2026-09-29,,,23.96,24.2,23.96,24.11,24.11,24.11,128,95972734.0,17322700,3078900,7201,NSE,UDIFF F&O BHAVCOPY,FUTURE,YESBANK
2026-07-16,FO,NSE,STF,YESBANK,YESBANK,2026-07-28,,,23.76,23.92,23.61,23.79,23.8,23.79,1942,1436232832.0,1240827800,-7090800,7217,NSE,UDIFF F&O BHAVCOPY,FUTURE,YESBANK
2026-07-16,FO,NSE,STF,YESBANK,YESBANK,2026-08-25,,,23.84,24.07,23.78,23.93,23.91,23.93,505,375712258.0,115598700,8645800,7243,NSE,UDIFF F&O BHAVCOPY,FUTURE,YESBANK
2026-07-16,FO,NSE,STF,ABB,ABB,2026-09-29,,,7230.0,7854.5,7145.0,7612.5,7625.0,7612.5,189,179559000.0,15125,4500,7335,NSE,UDIFF F&O BHAVCOPY,FUTURE,ABB
2026-07-16,FO,NSE,STF,ABB,ABB,2026-08-25,,,7204.5,7891.5,7160.0,7652.0,7642.0,7652.0,4542,4338821812.5,424125,86500,7336,NSE,UDIFF F&O BHAVCOPY,FUTURE,ABB
2026-07-16,FO,NSE,STF,ABB,ABB,2026-07-28,,,7240.0,7951.0,7206.0,7701.0,7693.5,7701.0,29506,28490122625.0,2456750,-26625,7398,NSE,UDIFF F&O BHAVCOPY,FUTURE,ABB
2026-07-16,FO,NSE,STF,BDL,BDL,2026-09-29,,,1230.0,1230.0,1207.5,1210.0,1214.5,1210.0,29,15014740.0,176800,3825,7439,NSE,UDIFF F&O BHAVCOPY,FUTURE,BDL
2026-07-16,FO,NSE,STF,BDL,BDL,2026-07-28,,,1269.9,1275.6,1246.9,1259.6,1258.0,1259.6,1749,937789955.0,7356750,-52275,7478,NSE,UDIFF F&O BHAVCOPY,FUTURE,BDL
2026-07-16,FO,NSE,STF,BDL,BDL,2026-08-25,,,1242.0,1246.4,1218.4,1228.8,1228.0,1228.8,590,309631922.5,2175575,138125,7517,NSE,UDIFF F&O BHAVCOPY,FUTURE,BDL
2026-07-16,FO,NSE,STF,BEL,BEL,2026-07-28,,,412.5,412.5,406.9,407.55,407.5,407.55,2753,1605177570.0,96681975,-290700,7553,NSE,UDIFF F&O BHAVCOPY,FUTURE,BEL
2026-07-16,FO,NSE,STF,BEL,BEL,2026-09-29,,,416.45,416.6,411.0,411.8,411.9,411.8,172,101316645.0,9291000,152475,7646,NSE,UDIFF F&O BHAVCOPY,FUTURE,BEL
2026-07-16,FO,NSE,STF,BEL,BEL,2026-08-25,,,414.0,414.3,409.0,409.7,409.75,409.7,668,391230686.25,11479800,578550,7686,NSE,UDIFF F&O BHAVCOPY,FUTURE,BEL
2026-07-16,FO,NSE,STF,BHEL,BHEL,2026-07-28,,,425.0,440.8,406.5,434.85,439.1,434.85,36319,40328526131.25,89872125,3108000,7698,NSE,UDIFF F&O BHAVCOPY,FUTURE,BHEL
2026-07-16,FO,NSE,STF,BHEL,BHEL,2026-09-29,,,427.5,444.75,412.0,437.75,443.85,437.75,275,309063431.25,406875,165375,7749,NSE,UDIFF F&O BHAVCOPY,FUTURE,BHEL
2026-07-16,FO,NSE,STF,BHEL,BHEL,2026-08-25,,,425.3,442.85,408.35,437.05,441.95,437.05,4251,4750728412.5,5026875,1483125,7777,NSE,UDIFF F&O BHAVCOPY,FUTURE,BHEL
2026-07-16,FO,NSE,STF,CGPOWER,CGPOWER,2026-08-25,,,939.35,962.3,925.0,929.45,928.8,929.45,625,498811620.0,1531700,85850,7911,NSE,UDIFF F&O BHAVCOPY,FUTURE,CGPOWER
2026-07-16,FO,NSE,STF,CGPOWER,CGPOWER,2026-07-28,,,937.0,957.5,919.25,924.85,923.0,924.85,6294,5008271400.0,20910850,782000,7922,NSE,UDIFF F&O BHAVCOPY,FUTURE,CGPOWER
2026-07-16,FO,NSE,STF,CGPOWER,CGPOWER,2026-09-29,,,943.65,964.4,931.1,934.4,934.0,934.4,43,34450585.0,103700,6800,7931,NSE,UDIFF F&O BHAVCOPY,FUTURE,CGPOWER
2026-07-16,FO,NSE,STF,GMRAIRPORT,GMRAIRPORT,2026-07-28,,,112.7,112.7,109.22,112.02,111.88,112.02,1974,1529367376.5,120409425,-1701900,8050,NSE,UDIFF F&O BHAVCOPY,FUTURE,GMRAIRPORT
2026-07-16,FO,NSE,STF,GMRAIRPORT,GMRAIRPORT,2026-08-25,,,112.7,112.72,109.92,112.47,112.36,112.47,358,278516283.75,4910400,390600,8098,NSE,UDIFF F&O BHAVCOPY,FUTURE,GMRAIRPORT
2026-07-16,FO,NSE,STF,GMRAIRPORT,GMRAIRPORT,2026-09-29,,,112.0,113.24,110.85,113.17,113.1,113.17,15,11750433.75,348750,20925,8161,NSE,UDIFF F&O BHAVCOPY,FUTURE,GMRAIRPORT
2026-07-16,FO,NSE,STF,HAL,HAL,2026-08-25,,,4441.9,4489.0,4423.7,4449.3,4453.0,4449.3,353,236035650.0,481950,19950,8225,NSE,UDIFF F&O BHAVCOPY,FUTURE,HAL
2026-07-16,FO,NSE,STF,HAL,HAL,2026-09-29,,,4465.0,4500.5,4452.0,4479.4,4487.0,4479.4,20,13437435.0,30450,1200,8313,NSE,UDIFF F&O BHAVCOPY,FUTURE,HAL
2026-07-16,FO,NSE,STF,HAL,HAL,2026-07-28,,,4440.1,4478.7,4408.0,4435.8,4443.8,4435.8,1727,1151660580.0,5039100,-72750,8327,NSE,UDIFF F&O BHAVCOPY,FUTURE,HAL
2026-07-16,FO,NSE,STF,HCLTECH,HCLTECH,2026-08-25,,,1155.0,1178.9,1152.7,1161.9,1163.3,1161.9,1719,804125680.0,7395200,116400,8356,NSE,UDIFF F&O BHAVCOPY,FUTURE,HCLTECH
2026-07-16,FO,NSE,STF,HCLTECH,HCLTECH,2026-07-28,,,1164.8,1190.0,1162.4,1173.6,1176.1,1173.6,11863,5599924320.0,34867200,-1116000,8458,NSE,UDIFF F&O BHAVCOPY,FUTURE,HCLTECH
2026-07-16,FO,NSE,STF,HCLTECH,HCLTECH,2026-09-29,,,1154.9,1172.0,1153.1,1156.8,1158.0,1156.8,352,163677880.0,391200,-32400,8536,NSE,UDIFF F&O BHAVCOPY,FUTURE,HCLTECH
2026-07-16,FO,NSE,STF,JUBLFOOD,JUBLFOOD,2026-07-28,,,429.6,431.3,421.05,422.05,421.55,422.05,958,509886625.0,19013750,103750,8671,NSE,UDIFF F&O BHAVCOPY,FUTURE,JUBLFOOD
2026-07-16,FO,NSE,STF,JUBLFOOD,JUBLFOOD,2026-08-25,,,428.95,429.75,420.65,421.7,421.5,421.7,239,126923687.5,2096250,110000,8672,NSE,UDIFF F&O BHAVCOPY,FUTURE,JUBLFOOD
2026-07-16,FO,NSE,STF,JUBLFOOD,JUBLFOOD,2026-09-29,,,428.1,429.0,421.0,421.6,421.05,421.6,50,26508625.0,353750,38750,8712,NSE,UDIFF F&O BHAVCOPY,FUTURE,JUBLFOOD
2026-07-16,FO,NSE,STF,OBEROIRLTY,OBEROIRLTY,2026-09-29,,,1843.0,1843.0,1843.0,1843.0,1843.0,1886.5,2,1289330.0,17150,350,8871,NSE,UDIFF F&O BHAVCOPY,FUTURE,OBEROIRLTY
2026-07-16,FO,NSE,STF,OBEROIRLTY,OBEROIRLTY,2026-08-25,,,1856.6,1864.1,1836.1,1841.9,1846.4,1841.9,374,241728725.0,919800,92400,8898,NSE,UDIFF F&O BHAVCOPY,FUTURE,OBEROIRLTY
2026-07-16,FO,NSE,STF,OBEROIRLTY,OBEROIRLTY,2026-07-28,,,1890.0,1891.5,1857.0,1864.2,1868.5,1864.2,1718,1124733680.0,5875450,3500,8904,NSE,UDIFF F&O BHAVCOPY,FUTURE,OBEROIRLTY
2026-07-16,FO,NSE,STF,ONGC,ONGC,2026-08-25,,,247.66,248.5,246.63,247.33,247.74,247.33,220,122511847.5,7166250,-15750,8948,NSE,UDIFF F&O BHAVCOPY,FUTURE,ONGC
2026-07-16,FO,NSE,STF,ONGC,ONGC,2026-07-28,,,247.5,248.23,246.25,246.88,247.06,246.88,1534,852841935.0,84190500,-249750,9060,NSE,UDIFF F&O BHAVCOPY,FUTURE,ONGC
2026-07-16,FO,NSE,STF,ONGC,ONGC,2026-09-29,,,248.76,249.71,248.4,248.4,248.4,248.4,13,7279920.0,605250,4500,9083,NSE,UDIFF F&O BHAVCOPY,FUTURE,ONGC
2026-07-16,FO,NSE,STF,PNB,PNB,2026-08-25,,,106.55,106.85,105.87,106.17,106.15,106.17,512,435080800.0,34952000,2112000,9211,NSE,UDIFF F&O BHAVCOPY,FUTURE,PNB
2026-07-16,FO,NSE,STF,PNB,PNB,2026-09-29,,,107.0,107.35,106.43,106.88,106.81,106.88,115,98316800.0,3768000,840000,9240,NSE,UDIFF F&O BHAVCOPY,FUTURE,PNB
2026-07-16,FO,NSE,STF,PNB,PNB,2026-07-28,,,106.25,106.3,105.25,105.58,105.5,105.58,2731,2308636400.0,315856000,-3272000,9265,NSE,UDIFF F&O BHAVCOPY,FUTURE,PNB
2026-07-16,FO,NSE,STF,POWERGRID,POWERGRID,2026-09-29,,,284.85,286.2,282.65,283.0,283.0,284.6,13,7024870.0,5052100,9500,9347,NSE,UDIFF F&O BHAVCOPY,FUTURE,POWERGRID
2026-07-16,FO,NSE,STF,POWERGRID,POWERGRID,2026-07-28,,,281.5,284.4,280.5,280.9,281.2,280.9,1501,803829865.0,63697500,-193800,9376,NSE,UDIFF F&O BHAVCOPY,FUTURE,POWERGRID
2026-07-16,FO,NSE,STF,POWERGRID,POWERGRID,2026-08-25,,,282.9,284.55,281.2,281.75,281.5,281.75,251,134763295.0,2188800,174800,9426,NSE,UDIFF F&O BHAVCOPY,FUTURE,POWERGRID
2026-07-16,FO,NSE,STF,SONACOMS,SONACOMS,2026-09-29,,,674.7,689.65,674.25,685.9,685.9,685.9,8,6670982.5,29400,0,9506,NSE,UDIFF F&O BHAVCOPY,FUTURE,SONACOMS
2026-07-16,FO,NSE,STF,SONACOMS,SONACOMS,2026-08-25,,,672.0,690.95,668.05,684.8,684.0,684.8,218,181495632.5,270725,24500,9539,NSE,UDIFF F&O BHAVCOPY,FUTURE,SONACOMS
2026-07-16,FO,NSE,STF,SONACOMS,SONACOMS,2026-07-28,,,665.0,692.25,665.0,686.55,686.65,686.55,3602,3013964887.5,15673875,870975,9595,NSE,UDIFF F&O BHAVCOPY,FUTURE,SONACOMS
2026-07-16,FO,NSE,STF,AXISBANK,AXISBANK,2026-07-28,,,1318.0,1319.0,1302.0,1310.2,1311.8,1310.2,9186,7509486000.0,63720625,-255625,9677,NSE,UDIFF F&O BHAVCOPY,FUTURE,AXISBANK
2026-07-16,FO,NSE,STF,AXISBANK,AXISBANK,2026-09-29,,,1330.3,1330.5,1317.3,1325.7,1327.5,1325.7,267,220600375.0,3120000,151250,9707,NSE,UDIFF F&O BHAVCOPY,FUTURE,AXISBANK
2026-07-16,FO,NSE,STF,AXISBANK,AXISBANK,2026-08-25,,,1322.8,1322.8,1309.7,1317.3,1318.2,1317.3,964,792019937.5,5040000,311250,9722,NSE,UDIFF F&O BHAVCOPY,FUTURE,AXISBANK
2026-07-16,FO,NSE,STF,COCHINSHIP,COCHINSHIP,2026-07-28,,,1417.9,1428.0,1406.0,1410.4,1407.6,1410.4,974,551695240.0,6894800,1200,9769,NSE,UDIFF F&O BHAVCOPY,FUTURE,COCHINSHIP
2026-07-16,FO,NSE,STF,COCHINSHIP,COCHINSHIP,2026-09-29,,,1413.0,1424.0,1401.0,1403.9,1402.0,1403.9,19,10734120.0,97600,2000,9833,NSE,UDIFF F&O BHAVCOPY,FUTURE,COCHINSHIP
2026-07-16,FO,NSE,STF,COCHINSHIP,COCHINSHIP,2026-08-25,,,1413.8,1424.1,1401.0,1405.0,1405.7,1405.0,252,142141280.0,791200,27200,9854,NSE,UDIFF F&O BHAVCOPY,FUTURE,COCHINSHIP
2026-07-16,FO,NSE,STF,ETERNAL,ETERNAL,2026-08-25,,,299.0,299.7,287.15,288.05,287.85,288.05,949,672715006.25,8385650,945750,9912,NSE,UDIFF F&O BHAVCOPY,FUTURE,ETERNAL
2026-07-16,FO,NSE,STF,ETERNAL,ETERNAL,2026-07-28,,,299.8,299.8,285.55,286.5,286.4,286.5,11819,8331073798.75,150211775,-4175850,9984,NSE,UDIFF F&O BHAVCOPY,FUTURE,ETERNAL
2026-07-16,FO,NSE,STF,ETERNAL,ETERNAL,2026-09-29,,,300.4,301.25,289.0,289.85,290.15,289.85,244,174519247.5,1828450,322525,9994,NSE,UDIFF F&O BHAVCOPY,FUTURE,ETERNAL
2026-07-16,FO,NSE,STF,GVT&D,GVT&D,2026-07-28,,,4730.0,4730.0,4522.0,4586.5,4578.9,4586.5,3186,1830137587.5,1542750,-32875,10126,NSE,UDIFF F&O BHAVCOPY,FUTURE,GVT&D
2026-07-16,FO,NSE,STF,GVT&D,GVT&D,2026-09-29,,,4628.0,4639.0,4540.0,4589.0,4583.0,4589.0,25,14320750.0,6875,2000,10144,NSE,UDIFF F&O BHAVCOPY,FUTURE,GVT&D
2026-07-16,FO,NSE,STF,GVT&D,GVT&D,2026-08-25,,,4695.4,4695.4,4517.7,4577.1,4562.0,4577.1,661,379059012.5,209250,27250,10145,NSE,UDIFF F&O BHAVCOPY,FUTURE,GVT&D
2026-07-16,FO,NSE,STF,HINDPETRO,HINDPETRO,2026-09-29,,,401.45,411.75,401.45,405.0,405.1,405.0,49,40401787.5,113400,12150,10157,NSE,UDIFF F&O BHAVCOPY,FUTURE,HINDPETRO
2026-07-16,FO,NSE,STF,HINDPETRO,HINDPETRO,2026-08-25,,,400.0,409.0,399.5,402.65,402.65,402.65,497,407050515.0,4841775,257175,10207,NSE,UDIFF F&O BHAVCOPY,FUTURE,HINDPETRO
2026-07-16,FO,NSE,STF,HINDPETRO,HINDPETRO,2026-07-28,,,397.3,407.3,396.6,400.7,400.2,400.7,2459,2007312232.5,39744675,346275,10256,NSE,UDIFF F&O BHAVCOPY,FUTURE,HINDPETRO
2026-07-16,FO,NSE,STF,IDFCFIRSTB,IDFCFIRSTB,2026-09-29,,,80.3,80.56,80.14,80.32,80.26,80.32,233,173624197.25,5212550,992425,10304,NSE,UDIFF F&O BHAVCOPY,FUTURE,IDFCFIRSTB
2026-07-16,FO,NSE,STF,IDFCFIRSTB,IDFCFIRSTB,2026-07-28,,,79.35,79.73,79.3,79.5,79.55,79.5,1790,1320253306.75,360732575,-64925,10327,NSE,UDIFF F&O BHAVCOPY,FUTURE,IDFCFIRSTB
2026-07-16,FO,NSE,STF,IDFCFIRSTB,IDFCFIRSTB,2026-08-25,,,79.7,80.12,79.67,79.89,79.88,79.89,1098,813947751.75,65991625,7744625,10383,NSE,UDIFF F&O BHAVCOPY,FUTURE,IDFCFIRSTB
2026-07-16,FO,NSE,STF,LODHA,LODHA,2026-07-28,,,1162.95,1186.95,1148.9,1172.15,1171.2,1172.15,2432,1787618812.5,15217500,181250,10457,NSE,UDIFF F&O BHAVCOPY,FUTURE,LODHA
2026-07-16,FO,NSE,STF,LODHA,LODHA,2026-09-29,,,1123.25,1141.65,1109.0,1129.8,1129.55,1129.8,72,50878031.25,210625,6875,10498,NSE,UDIFF F&O BHAVCOPY,FUTURE,LODHA
2026-07-16,FO,NSE,STF,LODHA,LODHA,2026-08-25,,,1134.85,1155.6,1118.4,1143.0,1142.5,1143.0,909,651669593.75,4634375,283125,10545,NSE,UDIFF F&O BHAVCOPY,FUTURE,LODHA
2026-07-16,FO,NSE,STF,TVSMOTOR,TVSMOTOR,2026-08-25,,,3641.3,3660.8,3581.7,3594.4,3591.0,3594.4,1195,757024275.0,617925,142450,10575,NSE,UDIFF F&O BHAVCOPY,FUTURE,TVSMOTOR
2026-07-16,FO,NSE,STF,TVSMOTOR,TVSMOTOR,2026-07-28,,,3618.9,3642.4,3564.2,3577.5,3578.1,3577.5,3871,2435813240.0,13008625,230300,10718,NSE,UDIFF F&O BHAVCOPY,FUTURE,TVSMOTOR
2026-07-16,FO,NSE,STF,TVSMOTOR,TVSMOTOR,2026-09-29,,,3674.6,3674.6,3616.5,3617.2,3617.2,3617.2,16,10206262.5,21000,525,10719,NSE,UDIFF F&O BHAVCOPY,FUTURE,TVSMOTOR
2026-07-16,FO,NSE,STF,BAJAJ-AUTO,BAJAJ-AUTO,2026-08-25,,,10383.0,10448.5,10350.0,10399.5,10399.5,10399.5,214,166991137.5,62550,4800,10748,NSE,UDIFF F&O BHAVCOPY,FUTURE,BAJAJ-AUTO
2026-07-16,FO,NSE,STF,BAJAJ-AUTO,BAJAJ-AUTO,2026-07-28,,,10340.0,10428.0,10319.0,10376.0,10372.0,10376.0,4740,3687661200.0,2760750,-7575,10835,NSE,UDIFF F&O BHAVCOPY,FUTURE,BAJAJ-AUTO
2026-07-16,FO,NSE,STF,BAJAJ-AUTO,BAJAJ-AUTO,2026-09-29,,,10389.0,10464.5,10370.5,10407.5,10407.5,10472.0,25,19527300.0,6675,300,10884,NSE,UDIFF F&O BHAVCOPY,FUTURE,BAJAJ-AUTO
2026-07-16,FO,NSE,STF,BOSCHLTD,BOSCHLTD,2026-07-28,,,41560.0,41610.0,41020.0,41220.0,41265.0,41220.0,590,607896125.0,221075,-1375,10954,NSE,UDIFF F&O BHAVCOPY,FUTURE,BOSCHLTD
2026-07-16,FO,NSE,STF,BOSCHLTD,BOSCHLTD,2026-08-25,,,41300.0,41435.0,41035.0,41155.0,41180.0,41155.0,56,57642375.0,11125,575,10980,NSE,UDIFF F&O BHAVCOPY,FUTURE,BOSCHLTD
2026-07-16,FO,NSE,STF,BOSCHLTD,BOSCHLTD,2026-09-29,,,41300.0,41400.0,41255.0,41400.0,41400.0,41670.0,3,3098875.0,575,50,10991,NSE,UDIFF F&O BHAVCOPY,FUTURE,BOSCHLTD
2026-07-16,FO,NSE,STF,CIPLA,CIPLA,2026-09-29,,,1463.9,1463.9,1448.6,1450.6,1450.7,1450.6,435,269317952.5,243525,184450,11186,NSE,UDIFF F&O BHAVCOPY,FUTURE,CIPLA
2026-07-16,FO,NSE,STF,CIPLA,CIPLA,2026-08-25,,,1453.4,1455.0,1439.3,1441.7,1443.0,1441.7,303,186406657.5,528700,79050,11214,NSE,UDIFF F&O BHAVCOPY,FUTURE,CIPLA
2026-07-16,FO,NSE,STF,CIPLA,CIPLA,2026-07-28,,,1439.4,1447.9,1430.6,1433.4,1436.8,1433.4,1791,1094748575.0,13390050,-288575,11261,NSE,UDIFF F&O BHAVCOPY,FUTURE,CIPLA
2026-07-16,FO,NSE,STF,DLF,DLF,2026-08-25,,,654.9,654.9,643.35,644.4,645.1,644.4,598,367867787.5,14589150,-10450,11328,NSE,UDIFF F&O BHAVCOPY,FUTURE,DLF
2026-07-16,FO,NSE,STF,DLF,DLF,2026-07-28,,,652.0,654.0,640.95,642.5,643.5,642.5,4771,2927297510.0,42302550,404700,11392,NSE,UDIFF F&O BHAVCOPY,FUTURE,DLF
2026-07-16,FO,NSE,STF,DLF,DLF,2026-09-29,,,651.3,656.0,647.1,648.45,648.1,648.45,36,22248905.0,168150,9500,11393,NSE,UDIFF F&O BHAVCOPY,FUTURE,DLF
2026-07-16,FO,NSE,STF,DRREDDY,DRREDDY,2026-08-25,,,1226.8,1228.5,1220.6,1224.0,1223.7,1224.0,374,286125937.5,1981250,60625,11578,NSE,UDIFF F&O BHAVCOPY,FUTURE,DRREDDY
2026-07-16,FO,NSE,STF,DRREDDY,DRREDDY,2026-09-29,,,1224.8,1225.0,1217.5,1220.5,1222.3,1220.5,23,17557812.5,222500,4375,11584,NSE,UDIFF F&O BHAVCOPY,FUTURE,DRREDDY
2026-07-16,FO,NSE,STF,DRREDDY,DRREDDY,2026-07-28,,,1227.9,1235.0,1225.3,1228.8,1227.8,1228.8,1890,1452747062.5,14983750,-110625,11605,NSE,UDIFF F&O BHAVCOPY,FUTURE,DRREDDY
2026-07-16,FO,NSE,STF,EXIDEIND,EXIDEIND,2026-07-28,,,422.25,426.25,420.0,421.95,422.7,421.95,1204,915327180.0,22734000,-743400,11714,NSE,UDIFF F&O BHAVCOPY,FUTURE,EXIDEIND
2026-07-16,FO,NSE,STF,GODREJPROP,GODREJPROP,2026-09-29,,,2113.8,2113.8,2092.9,2100.0,2100.0,2100.0,23,15705495.0,22425,0,11784,NSE,UDIFF F&O BHAVCOPY,FUTURE,GODREJPROP
2026-07-16,FO,NSE,STF,GODREJPROP,GODREJPROP,2026-08-25,,,2101.2,2121.0,2083.9,2094.2,2092.1,2094.2,204,139090607.5,396175,1950,11837,NSE,UDIFF F&O BHAVCOPY,FUTURE,GODREJPROP
2026-07-16,FO,NSE,STF,GODREJPROP,GODREJPROP,2026-07-28,,,2107.3,2115.8,2074.3,2087.9,2087.6,2087.9,1607,1092734305.0,7781475,-24375,11885,NSE,UDIFF F&O BHAVCOPY,FUTURE,GODREJPROP
2026-07-16,FO,NSE,STF,KOTAKBANK,KOTAKBANK,2026-09-29,,,383.95,386.05,381.9,382.25,382.6,382.25,277,212482100.0,24112000,492000,12082,NSE,UDIFF F&O BHAVCOPY,FUTURE,KOTAKBANK
2026-07-16,FO,NSE,STF,KOTAKBANK,KOTAKBANK,2026-07-28,,,378.5,381.9,377.1,377.7,377.35,377.7,4157,3151845700.0,158028000,-554000,12091,NSE,UDIFF F&O BHAVCOPY,FUTURE,KOTAKBANK
2026-07-16,FO,NSE,STF,KOTAKBANK,KOTAKBANK,2026-08-25,,,380.0,383.75,379.25,379.75,379.45,379.75,1039,791857800.0,35728000,1326000,12148,NSE,UDIFF F&O BHAVCOPY,FUTURE,KOTAKBANK
2026-07-16,FO,NSE,STF,M&M,M&M,2026-09-29,,,3155.0,3190.0,3150.9,3162.4,3166.8,3162.4,643,407107580.0,1182200,107200,12198,NSE,UDIFF F&O BHAVCOPY,FUTURE,M&M
2026-07-16,FO,NSE,STF,M&M,M&M,2026-08-25,,,3125.0,3174.0,3118.5,3140.8,3144.0,3140.8,924,582250500.0,877000,28200,12260,NSE,UDIFF F&O BHAVCOPY,FUTURE,M&M
2026-07-16,FO,NSE,STF,M&M,M&M,2026-07-28,,,3117.0,3158.0,3101.6,3124.0,3129.0,3124.0,8441,5289616700.0,16292400,-453800,12328,NSE,UDIFF F&O BHAVCOPY,FUTURE,M&M
2026-07-16,FO,NSE,STF,NATIONALUM,NATIONALUM,2026-08-25,,,365.35,365.4,356.3,357.1,358.7,357.1,365,246171656.25,2145000,283125,12378,NSE,UDIFF F&O BHAVCOPY,FUTURE,NATIONALUM
2026-07-16,FO,NSE,STF,NATIONALUM,NATIONALUM,2026-07-28,,,363.9,365.05,355.05,355.9,356.95,355.9,2591,1744125375.0,45723750,-146250,12422,NSE,UDIFF F&O BHAVCOPY,FUTURE,NATIONALUM
2026-07-16,FO,NSE,STF,NATIONALUM,NATIONALUM,2026-09-29,,,362.95,363.0,357.05,357.75,358.75,357.75,46,31103062.5,286875,28125,12436,NSE,UDIFF F&O BHAVCOPY,FUTURE,NATIONALUM
2026-07-16,FO,NSE,STF,NHPC,NHPC,2026-09-29,,,78.27,79.0,77.75,77.79,77.75,77.79,33,18019334.5,889600,97300,12528,NSE,UDIFF F&O BHAVCOPY,FUTURE,NHPC
2026-07-16,FO,NSE,STF,NHPC,NHPC,2026-08-25,,,77.9,79.15,77.8,77.9,77.91,77.9,718,391989938.5,12364050,1946000,12541,NSE,UDIFF F&O BHAVCOPY,FUTURE,NHPC
2026-07-16,FO,NSE,STF,NHPC,NHPC,2026-07-28,,,78.75,80.2,78.54,78.92,78.95,78.92,1658,915213530.0,106849300,-486500,12547,NSE,UDIFF F&O BHAVCOPY,FUTURE,NHPC
2026-07-16,FO,NSE,STF,PAYTM,PAYTM,2026-08-25,,,1400.0,1405.8,1350.0,1372.5,1379.0,1372.5,564,562653287.5,453850,81925,12603,NSE,UDIFF F&O BHAVCOPY,FUTURE,PAYTM
2026-07-16,FO,NSE,STF,PAYTM,PAYTM,2026-09-29,,,1395.0,1400.3,1358.0,1378.4,1378.4,1378.4,57,56998920.0,59450,1450,12693,NSE,UDIFF F&O BHAVCOPY,FUTURE,PAYTM
2026-07-16,FO,NSE,STF,PAYTM,PAYTM,2026-07-28,,,1390.0,1398.0,1342.4,1363.0,1372.0,1363.0,8628,8556746815.0,24298375,-685850,12747,NSE,UDIFF F&O BHAVCOPY,FUTURE,PAYTM
2026-07-16,FO,NSE,STF,PGEL,PGEL,2026-07-28,,,603.95,632.4,600.85,621.55,622.5,621.55,4202,2470173090.0,12123900,-456950,12849,NSE,UDIFF F&O BHAVCOPY,FUTURE,PGEL
2026-07-16,FO,NSE,STF,PGEL,PGEL,2026-08-25,,,602.45,634.6,602.45,623.65,625.5,623.65,687,405277315.0,607050,228000,12867,NSE,UDIFF F&O BHAVCOPY,FUTURE,PGEL
2026-07-16,FO,NSE,STF,PGEL,PGEL,2026-09-29,,,606.7,629.85,605.75,621.6,624.6,621.6,45,26363925.0,42750,6650,12871,NSE,UDIFF F&O BHAVCOPY,FUTURE,PGEL
2026-07-16,FO,NSE,STF,TECHM,TECHM,2026-08-25,,,1495.0,1524.7,1492.2,1497.3,1504.0,1497.3,2278,2061949140.0,2610600,477000,13031,NSE,UDIFF F&O BHAVCOPY,FUTURE,TECHM
2026-07-16,FO,NSE,STF,TECHM,TECHM,2026-09-29,,,1491.5,1510.0,1484.0,1485.0,1484.0,1485.0,78,69998940.0,66000,-1200,13063,NSE,UDIFF F&O BHAVCOPY,FUTURE,TECHM
2026-07-16,FO,NSE,STF,TECHM,TECHM,2026-07-28,,,1508.0,1537.0,1504.0,1510.0,1517.0,1510.0,11561,10539340140.0,22593600,-640800,13138,NSE,UDIFF F&O BHAVCOPY,FUTURE,TECHM
2026-07-16,FO,NSE,STF,ULTRACEMCO,ULTRACEMCO,2026-09-29,,,11984.0,12020.0,11871.0,11910.0,11871.0,11910.0,16,9585900.0,104850,650,13155,NSE,UDIFF F&O BHAVCOPY,FUTURE,ULTRACEMCO
2026-07-16,FO,NSE,STF,ULTRACEMCO,ULTRACEMCO,2026-08-25,,,11950.0,11977.0,11801.0,11857.0,11809.0,11857.0,608,361680800.0,179450,19450,13174,NSE,UDIFF F&O BHAVCOPY,FUTURE,ULTRACEMCO
2026-07-16,FO,NSE,STF,ULTRACEMCO,ULTRACEMCO,2026-07-28,,,11874.0,11919.0,11714.0,11775.0,11744.0,11775.0,4222,2496992350.0,2200150,-19050,13258,NSE,UDIFF F&O BHAVCOPY,FUTURE,ULTRACEMCO
2026-07-16,FO,NSE,STF,BANKINDIA,BANKINDIA,2026-07-28,,,145.36,146.78,143.38,143.92,143.71,143.92,1261,948918724.0,97396000,421200,13382,NSE,UDIFF F&O BHAVCOPY,FUTURE,BANKINDIA
2026-07-16,FO,NSE,STF,BANKINDIA,BANKINDIA,2026-09-29,,,146.7,147.3,145.1,145.4,145.4,145.4,11,8349016.0,473200,31200,13395,NSE,UDIFF F&O BHAVCOPY,FUTURE,BANKINDIA
2026-07-16,FO,NSE,STF,BANKINDIA,BANKINDIA,2026-08-25,,,146.13,147.33,144.2,144.58,144.5,144.58,131,99056880.0,3208400,109200,13409,NSE,UDIFF F&O BHAVCOPY,FUTURE,BANKINDIA
2026-07-16,FO,NSE,STF,BIOCON,BIOCON,2026-09-29,,,442.0,451.7,441.5,446.75,446.95,446.75,75,84167000.0,307500,37500,13507,NSE,UDIFF F&O BHAVCOPY,FUTURE,BIOCON
2026-07-16,FO,NSE,STF,BIOCON,BIOCON,2026-08-25,,,437.5,450.55,437.35,444.75,445.0,444.75,581,646998500.0,2137500,312500,13513,NSE,UDIFF F&O BHAVCOPY,FUTURE,BIOCON
2026-07-16,FO,NSE,STF,BIOCON,BIOCON,2026-07-28,,,438.9,448.5,435.3,442.65,443.5,442.65,3799,4208746500.0,54325000,302500,13575,NSE,UDIFF F&O BHAVCOPY,FUTURE,BIOCON
2026-07-16,FO,NSE,STF,COALINDIA,COALINDIA,2026-07-28,,,429.1,431.4,427.25,428.25,428.35,428.25,2709,1568911815.0,67107150,-1046250,13638,NSE,UDIFF F&O BHAVCOPY,FUTURE,COALINDIA
2026-07-16,FO,NSE,STF,COALINDIA,COALINDIA,2026-09-29,,,423.15,424.6,420.0,421.6,422.65,421.6,851,485159962.5,2902500,989550,13651,NSE,UDIFF F&O BHAVCOPY,FUTURE,COALINDIA
2026-07-16,FO,NSE,STF,COALINDIA,COALINDIA,2026-08-25,,,423.65,425.6,421.7,422.9,423.25,422.9,1744,997078140.0,7331850,1526850,13658,NSE,UDIFF F&O BHAVCOPY,FUTURE,COALINDIA
2026-07-16,FO,NSE,STF,COLPAL,COLPAL,2026-09-29,,,2037.0,2037.0,2013.7,2015.1,2017.0,2015.1,6,3334595.0,17325,825,13809,NSE,UDIFF F&O BHAVCOPY,FUTURE,COLPAL
2026-07-16,FO,NSE,STF,COLPAL,COLPAL,2026-07-28,,,2014.3,2035.4,2003.4,2004.9,2008.0,2004.9,1237,685636930.0,4677750,8800,13918,NSE,UDIFF F&O BHAVCOPY,FUTURE,COLPAL
2026-07-16,FO,NSE,STF,COLPAL,COLPAL,2026-08-25,,,2016.8,2035.5,2005.4,2010.1,2009.0,2010.1,152,84459017.5,194700,28050,13919,NSE,UDIFF F&O BHAVCOPY,FUTURE,COLPAL
2026-07-16,FO,NSE,STF,FEDERALBNK,FEDERALBNK,2026-07-28,,,329.8,331.25,325.35,328.55,330.75,328.55,4013,3297808875.0,84902500,2262500,13972,NSE,UDIFF F&O BHAVCOPY,FUTURE,FEDERALBNK
2026-07-16,FO,NSE,STF,FEDERALBNK,FEDERALBNK,2026-08-25,,,328.7,331.5,326.0,328.85,330.95,328.85,1101,905532875.0,10142500,1502500,13984,NSE,UDIFF F&O BHAVCOPY,FUTURE,FEDERALBNK
2026-07-16,FO,NSE,STF,FEDERALBNK,FEDERALBNK,2026-09-29,,,329.9,333.3,328.05,330.65,332.6,330.65,199,164574000.0,1165000,415000,14054,NSE,UDIFF F&O BHAVCOPY,FUTURE,FEDERALBNK
2026-07-16,FO,NSE,STF,FORCEMOT,FORCEMOT,2026-07-28,,,18600.0,18750.0,18369.0,18511.0,18502.0,18511.0,1191,551376100.0,234550,-3625,14083,NSE,UDIFF F&O BHAVCOPY,FUTURE,FORCEMOT
2026-07-16,FO,NSE,STF,FORCEMOT,FORCEMOT,2026-08-25,,,18700.0,18762.0,18400.0,18495.0,18477.0,18495.0,205,95045775.0,17625,1075,14130,NSE,UDIFF F&O BHAVCOPY,FUTURE,FORCEMOT
2026-07-16,FO,NSE,STF,FORCEMOT,FORCEMOT,2026-09-29,,,18451.0,18510.0,18451.0,18505.0,18505.0,18757.0,3,1386650.0,2075,25,14140,NSE,UDIFF F&O BHAVCOPY,FUTURE,FORCEMOT
2026-07-16,FO,NSE,STF,GODREJCP,GODREJCP,2026-08-25,,,1059.9,1071.7,1053.0,1058.7,1059.0,1058.7,74,39407650.0,160500,-4000,14166,NSE,UDIFF F&O BHAVCOPY,FUTURE,GODREJCP
2026-07-16,FO,NSE,STF,GODREJCP,GODREJCP,2026-09-29,,,1072.8,1075.0,1068.6,1068.6,1068.6,1072.1,4,2144600.0,9500,0,14221,NSE,UDIFF F&O BHAVCOPY,FUTURE,GODREJCP
2026-07-16,FO,NSE,STF,GODREJCP,GODREJCP,2026-07-28,,,1060.0,1071.6,1054.4,1058.8,1057.1,1058.8,925,491539850.0,10819500,-91500,14272,NSE,UDIFF F&O BHAVCOPY,FUTURE,GODREJCP
2026-07-16,FO,NSE,STF,KPITTECH,KPITTECH,2026-08-25,,,543.25,544.25,534.05,538.0,538.1,538.0,816,340555498.75,5457550,231725,14439,NSE,UDIFF F&O BHAVCOPY,FUTURE,KPITTECH
2026-07-16,FO,NSE,STF,KPITTECH,KPITTECH,2026-09-29,,,536.9,536.9,528.35,530.55,531.0,530.55,159,65380085.0,1648425,22475,14516,NSE,UDIFF F&O BHAVCOPY,FUTURE,KPITTECH
2026-07-16,FO,NSE,STF,KPITTECH,KPITTECH,2026-07-28,,,555.5,561.2,550.3,552.35,552.1,552.35,1854,796301068.75,14819550,-107725,14517,NSE,UDIFF F&O BHAVCOPY,FUTURE,KPITTECH
2026-07-16,FO,NSE,STF,LT,LT,2026-09-29,,,3835.0,3848.4,3816.9,3824.7,3821.5,3824.7,228,152784467.5,622125,19775,14521,NSE,UDIFF F&O BHAVCOPY,FUTURE,LT
2026-07-16,FO,NSE,STF,LT,LT,2026-07-28,,,3805.0,3815.9,3776.1,3783.0,3781.3,3783.0,10140,6723485440.0,13863675,325850,14554,NSE,UDIFF F&O BHAVCOPY,FUTURE,LT
2026-07-16,FO,NSE,STF,LT,LT,2026-08-25,,,3827.1,3828.5,3794.2,3804.3,3801.4,3804.3,1374,915665345.0,1125775,166950,14676,NSE,UDIFF F&O BHAVCOPY,FUTURE,LT
2026-07-16,FO,NSE,STF,NMDC,NMDC,2026-08-25,,,85.0,85.41,84.11,84.46,84.6,84.46,284,162373342.5,10786500,837000,14727,NSE,UDIFF F&O BHAVCOPY,FUTURE,NMDC
2026-07-16,FO,NSE,STF,NMDC,NMDC,2026-09-29,,,85.21,85.5,84.15,84.37,84.6,84.37,42,24056122.5,924750,60750,14749,NSE,UDIFF F&O BHAVCOPY,FUTURE,NMDC
2026-07-16,FO,NSE,STF,NMDC,NMDC,2026-07-28,,,85.4,85.43,84.0,84.53,84.53,84.53,1691,966994875.0,365836500,-715500,14818,NSE,UDIFF F&O BHAVCOPY,FUTURE,NMDC
2026-07-16,FO,NSE,STF,OIL,OIL,2026-07-28,,,431.05,433.7,425.2,426.2,426.65,426.2,1363,820153600.0,17676400,180600,14894,NSE,UDIFF F&O BHAVCOPY,FUTURE,OIL
2026-07-16,FO,NSE,STF,OIL,OIL,2026-08-25,,,428.65,430.85,421.25,422.1,423.0,422.1,390,232749300.0,1289400,154000,14928,NSE,UDIFF F&O BHAVCOPY,FUTURE,OIL
2026-07-16,FO,NSE,STF,OIL,OIL,2026-09-29,,,427.25,430.55,420.75,422.1,422.1,422.1,10,5938170.0,109200,5600,14990,NSE,UDIFF F&O BHAVCOPY,FUTURE,OIL
2026-07-16,FO,NSE,STF,PHOENIXLTD,PHOENIXLTD,2026-08-25,,,2127.6,2144.7,2096.6,2100.8,2103.6,2100.8,110,81554340.0,76300,9450,15023,NSE,UDIFF F&O BHAVCOPY,FUTURE,PHOENIXLTD
2026-07-16,FO,NSE,STF,PHOENIXLTD,PHOENIXLTD,2026-07-28,,,2153.9,2153.9,2090.4,2094.2,2093.0,2094.2,1446,1067997700.0,3367350,-15750,15024,NSE,UDIFF F&O BHAVCOPY,FUTURE,PHOENIXLTD
2026-07-16,FO,NSE,STF,PHOENIXLTD,PHOENIXLTD,2026-09-29,,,2114.3,2114.4,2112.0,2112.0,2112.0,2114.6,6,4439260.0,4550,-350,15167,NSE,UDIFF F&O BHAVCOPY,FUTURE,PHOENIXLTD
2026-07-16,FO,NSE,STF,PIIND,PIIND,2026-07-28,,,2620.5,2654.2,2613.1,2643.1,2648.2,2643.1,1206,557197865.0,2944900,2975,15234,NSE,UDIFF F&O BHAVCOPY,FUTURE,PIIND
2026-07-16,FO,NSE,STF,PIIND,PIIND,2026-09-29,,,2590.0,2605.0,2577.9,2598.5,2598.5,2598.5,32,14520607.5,30800,0,15237,NSE,UDIFF F&O BHAVCOPY,FUTURE,PIIND
2026-07-16,FO,NSE,STF,PIIND,PIIND,2026-08-25,,,2601.7,2621.5,2595.8,2612.6,2612.5,2612.6,346,157961177.5,201600,14175,15238,NSE,UDIFF F&O BHAVCOPY,FUTURE,PIIND
2026-07-16,FO,NSE,STF,TATACONSUM,TATACONSUM,2026-09-29,,,1105.0,1113.4,1100.0,1105.0,1105.0,1103.3,9,5477835.0,1689050,2750,15449,NSE,UDIFF F&O BHAVCOPY,FUTURE,TATACONSUM
2026-07-16,FO,NSE,STF,TATACONSUM,TATACONSUM,2026-08-25,,,1092.9,1106.7,1092.9,1096.6,1096.4,1096.6,87,52571695.0,415800,12650,15456,NSE,UDIFF F&O BHAVCOPY,FUTURE,TATACONSUM
2026-07-16,FO,NSE,STF,TATACONSUM,TATACONSUM,2026-07-28,,,1085.6,1101.4,1085.3,1090.7,1090.8,1090.7,845,507976370.0,15092000,-37400,15526,NSE,UDIFF F&O BHAVCOPY,FUTURE,TATACONSUM
2026-07-16,FO,NSE,STF,WIPRO,WIPRO,2026-07-28,,,173.9,176.8,173.65,176.14,176.1,176.14,7924,4185992010.0,319476000,-4854000,15564,NSE,UDIFF F&O BHAVCOPY,FUTURE,WIPRO
2026-07-16,FO,NSE,STF,WIPRO,WIPRO,2026-08-25,,,171.6,173.95,171.53,173.39,173.39,173.39,2019,1050380760.0,73050000,3090000,15611,NSE,UDIFF F&O BHAVCOPY,FUTURE,WIPRO
2026-07-16,FO,NSE,STF,WIPRO,WIPRO,2026-09-29,,,171.9,172.49,171.02,172.07,172.08,172.07,232,119595570.0,4773000,108000,15630,NSE,UDIFF F&O BHAVCOPY,FUTURE,WIPRO
2026-07-16,FO,NSE,STF,BHARATFORG,BHARATFORG,2026-08-25,,,2106.5,2128.1,2095.1,2116.0,2121.2,2116.0,92,97241400.0,126500,8500,15680,NSE,UDIFF F&O BHAVCOPY,FUTURE,BHARATFORG
2026-07-16,FO,NSE,STF,BHARATFORG,BHARATFORG,2026-09-29,,,2108.0,2122.7,2108.0,2122.7,2122.7,2133.3,4,4235400.0,10500,500,15734,NSE,UDIFF F&O BHAVCOPY,FUTURE,BHARATFORG
2026-07-16,FO,NSE,STF,BHARATFORG,BHARATFORG,2026-07-28,,,2110.0,2134.7,2091.0,2113.5,2116.1,2113.5,1689,1784117700.0,8250500,106500,15830,NSE,UDIFF F&O BHAVCOPY,FUTURE,BHARATFORG
2026-07-16,FO,NSE,STF,CROMPTON,CROMPTON,2026-07-28,,,258.8,261.9,256.8,258.15,258.35,258.15,1251,695671845.0,54865850,292400,15858,NSE,UDIFF F&O BHAVCOPY,FUTURE,CROMPTON
2026-07-16,FO,NSE,STF,CROMPTON,CROMPTON,2026-08-25,,,261.5,262.35,258.3,259.65,259.5,259.65,276,154285290.0,1586700,199950,15942,NSE,UDIFF F&O BHAVCOPY,FUTURE,CROMPTON
2026-07-16,FO,NSE,STF,CROMPTON,CROMPTON,2026-09-29,,,263.95,264.0,260.3,261.55,261.55,261.55,10,5632892.5,107500,12900,15953,NSE,UDIFF F&O BHAVCOPY,FUTURE,CROMPTON
2026-07-16,FO,NSE,STF,INDUSTOWER,INDUSTOWER,2026-07-28,,,408.4,415.6,406.65,407.25,407.05,407.25,3747,2620641630.0,98642500,-836400,15994,NSE,UDIFF F&O BHAVCOPY,FUTURE,INDUSTOWER
2026-07-16,FO,NSE,STF,INDUSTOWER,INDUSTOWER,2026-09-29,,,415.6,418.0,411.0,411.5,411.5,411.5,15,10559125.0,130900,-3400,16048,NSE,UDIFF F&O BHAVCOPY,FUTURE,INDUSTOWER
2026-07-16,FO,NSE,STF,INDUSTOWER,INDUSTOWER,2026-08-25,,,414.0,417.5,408.75,409.3,408.95,409.3,292,204860370.0,3886200,136000,16049,NSE,UDIFF F&O BHAVCOPY,FUTURE,INDUSTOWER
2026-07-16,FO,NSE,STF,NAM-INDIA,NAM-INDIA,2026-07-28,,,1214.8,1214.8,1137.2,1153.8,1152.6,1153.8,2540,1837921812.5,5983125,21250,16123,NSE,UDIFF F&O BHAVCOPY,FUTURE,NAM-INDIA
2026-07-16,FO,NSE,STF,NAM-INDIA,NAM-INDIA,2026-08-25,,,1192.0,1192.0,1117.8,1146.3,1143.3,1146.3,677,484489812.5,216875,139375,16192,NSE,UDIFF F&O BHAVCOPY,FUTURE,NAM-INDIA
2026-07-16,FO,NSE,STF,NAM-INDIA,NAM-INDIA,2026-09-29,,,1155.0,1158.9,1133.4,1144.1,1144.5,1144.1,10,7184625.0,6875,3750,16202,NSE,UDIFF F&O BHAVCOPY,FUTURE,NAM-INDIA
2026-07-16,FO,NSE,STF,PATANJALI,PATANJALI,2026-08-25,,,356.0,357.35,344.9,347.4,345.55,347.4,1285,482061175.0,3190600,576200,16276,NSE,UDIFF F&O BHAVCOPY,FUTURE,PATANJALI
2026-07-16,FO,NSE,STF,PATANJALI,PATANJALI,2026-09-29,,,357.35,357.35,347.0,348.8,347.7,348.8,68,25608703.75,378400,38700,16305,NSE,UDIFF F&O BHAVCOPY,FUTURE,PATANJALI
2026-07-16,FO,NSE,STF,PATANJALI,PATANJALI,2026-07-28,,,354.0,357.0,343.5,347.55,345.0,347.55,9247,3463174635.0,31250250,1650125,16373,NSE,UDIFF F&O BHAVCOPY,FUTURE,PATANJALI
2026-07-16,FO,NSE,STF,POWERINDIA,POWERINDIA,2026-08-25,,,34130.0,34375.0,33000.0,33635.0,33585.0,33635.0,862,723231500.0,23150,4825,16466,NSE,UDIFF F&O BHAVCOPY,FUTURE,POWERINDIA
2026-07-16,FO,NSE,STF,POWERINDIA,POWERINDIA,2026-09-29,,,34000.0,34015.0,33070.0,33800.0,33800.0,33800.0,22,18442000.0,1925,25,16532,NSE,UDIFF F&O BHAVCOPY,FUTURE,POWERINDIA
2026-07-16,FO,NSE,STF,POWERINDIA,POWERINDIA,2026-07-28,,,34440.0,34440.0,32945.0,33555.0,33535.0,33555.0,4552,3811693125.0,468350,-7875,16552,NSE,UDIFF F&O BHAVCOPY,FUTURE,POWERINDIA
2026-07-16,FO,NSE,STF,SOLARINDS,SOLARINDS,2026-09-29,,,18425.0,18849.0,18425.0,18669.0,18669.0,18650.0,17,15879650.0,36550,350,16606,NSE,UDIFF F&O BHAVCOPY,FUTURE,SOLARINDS
2026-07-16,FO,NSE,STF,SOLARINDS,SOLARINDS,2026-07-28,,,18379.0,18690.0,18143.0,18448.0,18437.0,18448.0,1119,1032682400.0,769900,-3900,16642,NSE,UDIFF F&O BHAVCOPY,FUTURE,SOLARINDS
2026-07-16,FO,NSE,STF,SOLARINDS,SOLARINDS,2026-08-25,,,18401.0,18778.0,18274.0,18548.0,18524.0,18548.0,234,217234350.0,62500,300,16711,NSE,UDIFF F&O BHAVCOPY,FUTURE,SOLARINDS
2026-07-16,FO,NSE,STF,TATAPOWER,TATAPOWER,2026-09-29,,,386.5,390.2,382.75,382.9,382.75,382.9,54,30208575.0,324800,15950,16723,NSE,UDIFF F&O BHAVCOPY,FUTURE,TATAPOWER
2026-07-16,FO,NSE,STF,TATAPOWER,TATAPOWER,2026-08-25,,,384.05,388.0,379.95,380.4,380.3,380.4,525,291636542.5,5259150,403100,16765,NSE,UDIFF F&O BHAVCOPY,FUTURE,TATAPOWER
2026-07-16,FO,NSE,STF,TATAPOWER,TATAPOWER,2026-07-28,,,382.1,386.75,378.05,378.45,378.95,378.45,2563,1419648672.5,62480500,-688750,16806,NSE,UDIFF F&O BHAVCOPY,FUTURE,TATAPOWER
2026-07-16,FO,NSE,STF,VOLTAS,VOLTAS,2026-09-29,,,1386.9,1389.9,1367.0,1371.9,1371.0,1371.9,19,9805987.5,31125,3000,16885,NSE,UDIFF F&O BHAVCOPY,FUTURE,VOLTAS
2026-07-16,FO,NSE,STF,VOLTAS,VOLTAS,2026-07-28,,,1387.8,1406.4,1373.6,1379.0,1379.9,1379.0,3038,1579905900.0,7906875,-232125,16903,NSE,UDIFF F&O BHAVCOPY,FUTURE,VOLTAS
2026-07-16,FO,NSE,STF,VOLTAS,VOLTAS,2026-08-25,,,1392.5,1401.6,1371.2,1374.8,1376.5,1374.8,258,133947150.0,269250,-1500,16982,NSE,UDIFF F&O BHAVCOPY,FUTURE,VOLTAS
2026-07-16,FO,NSE,STF,APOLLOHOSP,APOLLOHOSP,2026-07-28,,,8953.0,8953.0,8882.5,8916.0,8913.0,8916.0,1023,1140836937.5,2114000,-39875,17023,NSE,UDIFF F&O BHAVCOPY,FUTURE,APOLLOHOSP
2026-07-16,FO,NSE,STF,APOLLOHOSP,APOLLOHOSP,2026-08-25,,,8973.5,8996.0,8923.0,8953.0,8951.5,8953.0,119,133314250.0,75500,6375,17121,NSE,UDIFF F&O BHAVCOPY,FUTURE,APOLLOHOSP
2026-07-16,FO,NSE,STF,APOLLOHOSP,APOLLOHOSP,2026-09-29,,,9013.5,9013.5,8995.0,8995.0,8995.0,8995.0,5,5627875.0,137500,0,17147,NSE,UDIFF F&O BHAVCOPY,FUTURE,APOLLOHOSP
2026-07-16,FO,NSE,STF,DELHIVERY,DELHIVERY,2026-08-25,,,501.65,504.0,493.75,500.9,502.0,500.9,274,283392398.75,1029200,273900,17181,NSE,UDIFF F&O BHAVCOPY,FUTURE,DELHIVERY
2026-07-16,FO,NSE,STF,DELHIVERY,DELHIVERY,2026-07-28,,,499.95,501.95,490.3,498.05,499.0,498.05,2099,2159894578.75,26804850,18675,17205,NSE,UDIFF F&O BHAVCOPY,FUTURE,DELHIVERY
2026-07-16,FO,NSE,STF,DELHIVERY,DELHIVERY,2026-09-29,,,507.0,507.0,497.0,502.8,502.8,502.8,13,13509702.5,151475,12450,17307,NSE,UDIFF F&O BHAVCOPY,FUTURE,DELHIVERY
2026-07-16,FO,NSE,STF,DIXON,DIXON,2026-09-29,,,13900.0,14300.0,13900.0,14222.0,14220.0,14222.0,807,570647600.0,35050,-2000,17320,NSE,UDIFF F&O BHAVCOPY,FUTURE,DIXON
2026-07-16,FO,NSE,STF,DIXON,DIXON,2026-07-28,,,14024.0,14529.0,14000.0,14391.0,14371.0,14391.0,35994,25740006300.0,2247300,-192550,17381,NSE,UDIFF F&O BHAVCOPY,FUTURE,DIXON
2026-07-16,FO,NSE,STF,DIXON,DIXON,2026-08-25,,,13979.0,14400.0,13922.0,14290.0,14280.0,14290.0,5143,3652093300.0,274100,60950,17494,NSE,UDIFF F&O BHAVCOPY,FUTURE,DIXON
2026-07-16,FO,NSE,STF,FORTIS,FORTIS,2026-09-29,,,0.0,0.0,0.0,987.5,987.5,976.2,0,0.0,8525,0,17535,NSE,UDIFF F&O BHAVCOPY,FUTURE,FORTIS
2026-07-16,FO,NSE,STF,FORTIS,FORTIS,2026-07-28,,,981.7,981.7,962.55,963.8,963.0,963.8,630,472919918.75,11915625,-8525,17623,NSE,UDIFF F&O BHAVCOPY,FUTURE,FORTIS
2026-07-16,FO,NSE,STF,FORTIS,FORTIS,2026-08-25,,,983.0,983.0,967.75,969.95,967.75,969.95,105,79183765.0,315425,44175,17640,NSE,UDIFF F&O BHAVCOPY,FUTURE,FORTIS
2026-07-16,FO,NSE,STF,GLENMARK,GLENMARK,2026-09-29,,,2315.1,2315.1,2315.1,2315.1,2315.1,2317.9,1,868162.5,4125,0,17705,NSE,UDIFF F&O BHAVCOPY,FUTURE,GLENMARK
2026-07-16,FO,NSE,STF,GLENMARK,GLENMARK,2026-08-25,,,2305.7,2313.0,2296.1,2305.8,2306.3,2305.8,22,19000125.0,120750,3000,17775,NSE,UDIFF F&O BHAVCOPY,FUTURE,GLENMARK
2026-07-16,FO,NSE,STF,GLENMARK,GLENMARK,2026-07-28,,,2301.4,2306.5,2284.3,2295.4,2299.6,2295.4,749,644418187.5,11360625,5250,17826,NSE,UDIFF F&O BHAVCOPY,FUTURE,GLENMARK
2026-07-16,FO,NSE,STF,HINDUNILVR,HINDUNILVR,2026-09-29,,,2134.0,2149.0,2126.3,2129.5,2131.0,2129.5,98,62860170.0,1062000,16500,17865,NSE,UDIFF F&O BHAVCOPY,FUTURE,HINDUNILVR
2026-07-16,FO,NSE,STF,HINDUNILVR,HINDUNILVR,2026-07-28,,,2108.1,2131.9,2103.6,2106.7,2108.7,2106.7,4517,2867466570.0,18668100,563400,17956,NSE,UDIFF F&O BHAVCOPY,FUTURE,HINDUNILVR
2026-07-16,FO,NSE,STF,HINDUNILVR,HINDUNILVR,2026-08-25,,,2124.5,2141.1,2114.0,2117.2,2119.5,2117.2,1225,781525200.0,2589300,281100,17957,NSE,UDIFF F&O BHAVCOPY,FUTURE,HINDUNILVR
2026-07-16,FO,NSE,STF,ICICIPRULI,ICICIPRULI,2026-09-29,,,520.9,521.0,509.0,515.3,515.0,515.3,46,21924396.25,53650,20350,18032,NSE,UDIFF F&O BHAVCOPY,FUTURE,ICICIPRULI
2026-07-16,FO,NSE,STF,ICICIPRULI,ICICIPRULI,2026-07-28,,,530.1,531.4,501.35,509.1,510.0,509.1,7819,3697710347.5,20179800,912975,18211,NSE,UDIFF F&O BHAVCOPY,FUTURE,ICICIPRULI
2026-07-16,FO,NSE,STF,ICICIPRULI,ICICIPRULI,2026-08-25,,,535.15,535.15,505.0,511.7,512.95,511.7,779,370074971.25,1744550,234950,18216,NSE,UDIFF F&O BHAVCOPY,FUTURE,ICICIPRULI
2026-07-16,FO,NSE,STF,IDEA,IDEA,2026-08-25,,,13.95,14.18,13.9,14.03,14.02,14.03,570,571614879.75,409051425,8791425,18230,NSE,UDIFF F&O BHAVCOPY,FUTURE,IDEA
2026-07-16,FO,NSE,STF,IDEA,IDEA,2026-09-29,,,14.15,14.25,14.02,14.13,14.12,14.13,42,42421842.0,31091625,1286550,18251,NSE,UDIFF F&O BHAVCOPY,FUTURE,IDEA
2026-07-16,FO,NSE,STF,IDEA,IDEA,2026-07-28,,,13.86,14.1,13.81,13.95,13.96,13.95,3710,3702291354.75,5640306675,-15009750,18267,NSE,UDIFF F&O BHAVCOPY,FUTURE,IDEA
2026-07-16,FO,NSE,STF,NBCC,NBCC,2026-08-25,,,98.38,98.66,97.38,97.79,97.75,97.79,201,127860265.0,5687500,130000,18308,NSE,UDIFF F&O BHAVCOPY,FUTURE,NBCC
2026-07-16,FO,NSE,STF,NBCC,NBCC,2026-09-29,,,98.8,98.98,97.85,98.06,97.87,98.06,72,46048990.0,721500,-247000,18317,NSE,UDIFF F&O BHAVCOPY,FUTURE,NBCC
2026-07-16,FO,NSE,STF,NBCC,NBCC,2026-07-28,,,98.01,98.3,96.77,97.35,97.44,97.35,791,501290335.0,109083000,-481000,18353,NSE,UDIFF F&O BHAVCOPY,FUTURE,NBCC
2026-07-16,FO,NSE,STF,POLYCAB,POLYCAB,2026-09-29,,,9355.0,9410.0,9100.0,9261.0,9280.0,9261.0,68,78842000.0,12750,1625,18433,NSE,UDIFF F&O BHAVCOPY,FUTURE,POLYCAB
2026-07-16,FO,NSE,STF,POLYCAB,POLYCAB,2026-07-28,,,9331.0,9445.0,9081.0,9242.0,9275.0,9242.0,14396,16710832125.0,2388125,88750,18498,NSE,UDIFF F&O BHAVCOPY,FUTURE,POLYCAB
2026-07-16,FO,NSE,STF,POLYCAB,POLYCAB,2026-08-25,,,9400.0,9434.0,9091.5,9252.0,9275.0,9252.0,1071,1242182125.0,172250,31250,18523,NSE,UDIFF F&O BHAVCOPY,FUTURE,POLYCAB
2026-07-16,FO,NSE,STF,ALKEM,ALKEM,2026-08-25,,,5702.0,5767.5,5702.0,5746.0,5732.5,5746.0,39,27953875.0,16250,625,18644,NSE,UDIFF F&O BHAVCOPY,FUTURE,ALKEM
2026-07-16,FO,NSE,STF,ALKEM,ALKEM,2026-07-28,,,5688.5,5755.0,5659.0,5728.0,5730.0,5728.0,742,529771375.0,1564250,4500,18669,NSE,UDIFF F&O BHAVCOPY,FUTURE,ALKEM
2026-07-16,FO,NSE,STF,ALKEM,ALKEM,2026-09-29,,,5787.5,5787.5,5787.5,5787.5,5787.5,5786.5,1,723437.5,875,125,18697,NSE,UDIFF F&O BHAVCOPY,FUTURE,ALKEM
2026-07-16,FO,NSE,STF,ASHOKLEY,ASHOKLEY,2026-08-25,,,157.94,159.5,155.65,156.2,156.28,156.2,439,345493350.0,10740000,725000,18737,NSE,UDIFF F&O BHAVCOPY,FUTURE,ASHOKLEY
2026-07-16,FO,NSE,STF,ASHOKLEY,ASHOKLEY,2026-07-28,,,157.0,158.85,154.85,155.39,155.38,155.39,1989,1559000800.0,144885000,940000,18760,NSE,UDIFF F&O BHAVCOPY,FUTURE,ASHOKLEY
2026-07-16,FO,NSE,STF,ASHOKLEY,ASHOKLEY,2026-09-29,,,159.17,160.34,156.97,157.2,157.2,157.2,63,49944750.0,1570000,-90000,18824,NSE,UDIFF F&O BHAVCOPY,FUTURE,ASHOKLEY
2026-07-16,FO,NSE,STF,ASTRAL,ASTRAL,2026-07-28,,,1356.7,1392.7,1348.3,1377.3,1378.2,1377.3,3445,2014531535.0,7105575,-366350,18929,NSE,UDIFF F&O BHAVCOPY,FUTURE,ASTRAL
2026-07-16,FO,NSE,STF,ASTRAL,ASTRAL,2026-08-25,,,1340.0,1363.0,1326.0,1351.3,1351.0,1351.3,850,487590132.5,1003425,79050,18989,NSE,UDIFF F&O BHAVCOPY,FUTURE,ASTRAL
2026-07-16,FO,NSE,STF,ASTRAL,ASTRAL,2026-09-29,,,1328.0,1347.0,1320.0,1347.0,1347.0,1347.0,42,23856567.5,82875,-5950,18993,NSE,UDIFF F&O BHAVCOPY,FUTURE,ASTRAL
2026-07-16,FO,NSE,STF,BANKBARODA,BANKBARODA,2026-08-25,,,249.9,251.65,249.2,250.2,250.0,250.2,502,367437183.75,18886725,798525,19120,NSE,UDIFF F&O BHAVCOPY,FUTURE,BANKBARODA
2026-07-16,FO,NSE,STF,BANKBARODA,BANKBARODA,2026-07-28,,,248.5,250.55,247.7,248.65,248.35,248.65,2177,1584853335.0,119731950,-526500,19128,NSE,UDIFF F&O BHAVCOPY,FUTURE,BANKBARODA
2026-07-16,FO,NSE,STF,BANKBARODA,BANKBARODA,2026-09-29,,,252.05,253.05,251.1,251.6,251.5,251.6,114,83940918.75,1857375,283725,19147,NSE,UDIFF F&O BHAVCOPY,FUTURE,BANKBARODA
2026-07-16,FO,NSE,STF,BHARTIARTL,BHARTIARTL,2026-08-25,,,1910.1,1924.7,1910.1,1913.9,1913.3,1913.9,504,459331840.0,31164750,-38950,19217,NSE,UDIFF F&O BHAVCOPY,FUTURE,BHARTIARTL
2026-07-16,FO,NSE,STF,BHARTIARTL,BHARTIARTL,2026-09-29,,,1922.8,1936.5,1922.0,1925.1,1924.2,1925.1,32,29360510.0,130625,8550,19290,NSE,UDIFF F&O BHAVCOPY,FUTURE,BHARTIARTL
2026-07-16,FO,NSE,STF,BHARTIARTL,BHARTIARTL,2026-07-28,,,1910.0,1915.7,1900.0,1904.6,1904.0,1904.6,3104,2812722380.0,32089575,167675,19298,NSE,UDIFF F&O BHAVCOPY,FUTURE,BHARTIARTL
2026-07-16,FO,NSE,STF,BPCL,BPCL,2026-08-25,,,313.95,320.0,312.9,313.5,314.0,313.5,634,396650705.0,2239650,-61225,19344,NSE,UDIFF F&O BHAVCOPY,FUTURE,BPCL
2026-07-16,FO,NSE,STF,BPCL,BPCL,2026-07-28,,,311.05,319.25,311.05,312.7,312.95,312.7,3318,2066936546.25,41512525,-173800,19432,NSE,UDIFF F&O BHAVCOPY,FUTURE,BPCL
2026-07-16,FO,NSE,STF,BPCL,BPCL,2026-09-29,,,316.0,320.1,314.45,315.1,315.25,315.1,35,21953507.5,71100,17775,19442,NSE,UDIFF F&O BHAVCOPY,FUTURE,BPCL
2026-07-16,FO,NSE,STF,CHOLAFIN,CHOLAFIN,2026-07-28,,,1815.9,1817.8,1791.6,1795.0,1798.0,1795.0,1188,1338590625.0,14348125,123750,19485,NSE,UDIFF F&O BHAVCOPY,FUTURE,CHOLAFIN
2026-07-16,FO,NSE,STF,CHOLAFIN,CHOLAFIN,2026-08-25,,,1822.0,1824.9,1800.1,1802.6,1804.4,1802.6,89,100792000.0,471875,15000,19530,NSE,UDIFF F&O BHAVCOPY,FUTURE,CHOLAFIN
2026-07-16,FO,NSE,STF,CHOLAFIN,CHOLAFIN,2026-09-29,,,1825.0,1830.0,1812.0,1812.5,1812.0,1812.5,7,7963750.0,21875,0,19531,NSE,UDIFF F&O BHAVCOPY,FUTURE,CHOLAFIN
2026-07-16,FO,NSE,STF,CUMMINSIND,CUMMINSIND,2026-07-28,,,5522.0,5650.0,5442.5,5570.0,5574.0,5570.0,4678,5227102100.0,4805400,333600,19607,NSE,UDIFF F&O BHAVCOPY,FUTURE,CUMMINSIND
2026-07-16,FO,NSE,STF,CUMMINSIND,CUMMINSIND,2026-09-29,,,5549.0,5695.0,5540.0,5627.0,5627.0,5627.0,17,19155800.0,7400,800,19634,NSE,UDIFF F&O BHAVCOPY,FUTURE,CUMMINSIND
2026-07-16,FO,NSE,STF,CUMMINSIND,CUMMINSIND,2026-08-25,,,5553.5,5675.5,5475.0,5597.0,5614.0,5597.0,366,410372500.0,112800,7400,19704,NSE,UDIFF F&O BHAVCOPY,FUTURE,CUMMINSIND
2026-07-16,FO,NSE,STF,DIVISLAB,DIVISLAB,2026-09-29,,,7351.5,7423.5,7347.5,7372.0,7387.5,7372.0,56,41317850.0,9600,500,19758,NSE,UDIFF F&O BHAVCOPY,FUTURE,DIVISLAB
2026-07-16,FO,NSE,STF,DIVISLAB,DIVISLAB,2026-07-28,,,7338.0,7370.0,7267.5,7295.5,7302.0,7295.5,3963,2902325200.0,4116900,-24800,19799,NSE,UDIFF F&O BHAVCOPY,FUTURE,DIVISLAB
2026-07-16,FO,NSE,STF,DIVISLAB,DIVISLAB,2026-08-25,,,7330.0,7406.0,7306.5,7326.0,7345.0,7326.0,709,521319500.0,150100,10200,19832,NSE,UDIFF F&O BHAVCOPY,FUTURE,DIVISLAB
2026-07-16,FO,NSE,STF,IEX,IEX,2026-07-28,,,119.7,126.0,119.31,125.06,125.86,125.06,3455,1850398563.0,78669750,-3823650,19889,NSE,UDIFF F&O BHAVCOPY,FUTURE,IEX
2026-07-16,FO,NSE,STF,IEX,IEX,2026-09-29,,,121.11,127.05,121.11,126.26,127.05,126.26,60,32404585.5,300150,-34800,19928,NSE,UDIFF F&O BHAVCOPY,FUTURE,IEX
2026-07-16,FO,NSE,STF,IEX,IEX,2026-08-25,,,120.12,126.52,120.12,125.94,126.51,125.94,593,319105386.0,4258650,113100,19939,NSE,UDIFF F&O BHAVCOPY,FUTURE,IEX
2026-07-16,FO,NSE,STF,INDUSINDBK,INDUSINDBK,2026-08-25,,,1022.55,1023.75,1012.35,1019.85,1019.9,1019.85,746,531870395.0,2788100,340900,20006,NSE,UDIFF F&O BHAVCOPY,FUTURE,INDUSINDBK
2026-07-16,FO,NSE,STF,INDUSINDBK,INDUSINDBK,2026-07-28,,,1019.9,1020.55,1006.05,1014.05,1013.2,1014.05,2700,1912413720.0,35564900,-443800,20007,NSE,UDIFF F&O BHAVCOPY,FUTURE,INDUSINDBK
2026-07-16,FO,NSE,STF,INDUSINDBK,INDUSINDBK,2026-09-29,,,1029.0,1029.0,1018.0,1026.55,1026.15,1026.55,196,140679280.0,312200,126000,20024,NSE,UDIFF F&O BHAVCOPY,FUTURE,INDUSINDBK
2026-07-16,FO,NSE,STF,JSWENERGY,JSWENERGY,2026-07-28,,,551.15,557.6,544.55,545.35,545.7,545.35,2498,1481309472.5,25465675,-260150,20163,NSE,UDIFF F&O BHAVCOPY,FUTURE,JSWENERGY
2026-07-16,FO,NSE,STF,JSWENERGY,JSWENERGY,2026-09-29,,,557.55,558.45,549.65,549.65,549.65,550.8,15,8956470.0,41925,9675,20210,NSE,UDIFF F&O BHAVCOPY,FUTURE,JSWENERGY
2026-07-16,FO,NSE,STF,JSWENERGY,JSWENERGY,2026-08-25,,,553.3,559.9,547.25,548.0,547.75,548.0,147,87589011.25,726700,51600,20219,NSE,UDIFF F&O BHAVCOPY,FUTURE,JSWENERGY
2026-07-16,FO,NSE,STF,KALYANKJIL,KALYANKJIL,2026-08-25,,,545.0,554.95,534.4,548.3,548.2,548.3,1904,1396351440.0,4945050,754650,20485,NSE,UDIFF F&O BHAVCOPY,FUTURE,KALYANKJIL
2026-07-16,FO,NSE,STF,KALYANKJIL,KALYANKJIL,2026-07-28,,,546.95,554.9,533.0,547.1,547.4,547.1,11201,8211287857.5,33439500,-3465450,20520,NSE,UDIFF F&O BHAVCOPY,FUTURE,KALYANKJIL
2026-07-16,FO,NSE,STF,KALYANKJIL,KALYANKJIL,2026-09-29,,,545.55,552.35,534.0,546.8,547.0,546.8,186,136438357.5,603450,-14850,20575,NSE,UDIFF F&O BHAVCOPY,FUTURE,KALYANKJIL
2026-07-16,FO,NSE,STF,LAURUSLABS,LAURUSLABS,2026-07-28,,,1557.0,1570.8,1552.7,1559.8,1563.3,1559.8,1257,1668300270.0,15555850,-125800,20653,NSE,UDIFF F&O BHAVCOPY,FUTURE,LAURUSLABS
2026-07-16,FO,NSE,STF,LAURUSLABS,LAURUSLABS,2026-09-29,,,1572.5,1585.0,1569.7,1575.1,1575.1,1575.1,19,25484955.0,101150,3400,20672,NSE,UDIFF F&O BHAVCOPY,FUTURE,LAURUSLABS
2026-07-16,FO,NSE,STF,LAURUSLABS,LAURUSLABS,2026-08-25,,,1563.0,1578.0,1562.2,1566.8,1568.0,1566.8,183,243941075.0,1414400,25500,20748,NSE,UDIFF F&O BHAVCOPY,FUTURE,LAURUSLABS
2026-07-16,FO,NSE,STF,LTF,LTF,2026-08-25,,,309.8,311.2,305.65,306.65,306.85,306.65,823,569775037.5,6142500,1235250,20786,NSE,UDIFF F&O BHAVCOPY,FUTURE,LTF
2026-07-16,FO,NSE,STF,LTF,LTF,2026-07-28,,,310.05,313.7,308.1,309.25,310.0,309.25,2368,1652971837.5,49925250,447750,20822,NSE,UDIFF F&O BHAVCOPY,FUTURE,LTF
2026-07-16,FO,NSE,STF,LTF,LTF,2026-09-29,,,306.5,308.35,305.0,305.95,305.5,305.95,18,12409537.5,454500,18000,20872,NSE,UDIFF F&O BHAVCOPY,FUTURE,LTF
2026-07-16,FO,NSE,STF,MANAPPURAM,MANAPPURAM,2026-09-29,,,330.0,332.5,329.0,331.35,331.35,329.55,6,5954550.0,48000,6000,20900,NSE,UDIFF F&O BHAVCOPY,FUTURE,MANAPPURAM
2026-07-16,FO,NSE,STF,MANAPPURAM,MANAPPURAM,2026-07-28,,,327.5,330.25,325.0,326.6,327.4,326.6,1226,1203911400.0,54069000,1200000,20941,NSE,UDIFF F&O BHAVCOPY,FUTURE,MANAPPURAM
2026-07-16,FO,NSE,STF,MANAPPURAM,MANAPPURAM,2026-08-25,,,327.15,331.1,326.55,328.15,328.9,328.15,65,63998850.0,585000,90000,20986,NSE,UDIFF F&O BHAVCOPY,FUTURE,MANAPPURAM
2026-07-16,FO,NSE,STF,MARICO,MARICO,2026-07-28,,,844.85,852.5,840.15,841.95,842.45,841.95,1098,1113586740.0,13405200,-261600,21035,NSE,UDIFF F&O BHAVCOPY,FUTURE,MARICO
2026-07-16,FO,NSE,STF,MARICO,MARICO,2026-09-29,,,851.8,851.8,846.8,848.5,848.5,850.65,5,5094900.0,25200,-2400,21104,NSE,UDIFF F&O BHAVCOPY,FUTURE,MARICO
2026-07-16,FO,NSE,STF,MARICO,MARICO,2026-08-25,,,852.0,853.6,840.85,842.75,841.3,842.75,403,408473340.0,861600,332400,21105,NSE,UDIFF F&O BHAVCOPY,FUTURE,MARICO
2026-07-16,FO,NSE,STF,MOTHERSON,MOTHERSON,2026-09-29,,,144.77,146.25,144.31,145.15,144.94,145.15,74,65880829.5,399750,-153750,21248,NSE,UDIFF F&O BHAVCOPY,FUTURE,MOTHERSON
2026-07-16,FO,NSE,STF,MOTHERSON,MOTHERSON,2026-08-25,,,143.8,146.15,143.41,144.57,144.75,144.57,365,324379228.5,4108200,-61500,21286,NSE,UDIFF F&O BHAVCOPY,FUTURE,MOTHERSON
2026-07-16,FO,NSE,STF,MOTHERSON,MOTHERSON,2026-07-28,,,142.97,146.01,142.54,144.13,144.26,144.13,4260,3777581842.5,151037850,-1549800,21313,NSE,UDIFF F&O BHAVCOPY,FUTURE,MOTHERSON
2026-07-16,FO,NSE,STF,MOTILALOFS,MOTILALOFS,2026-09-29,,,0.0,0.0,0.0,996.45,996.45,967.85,0,0.0,26350,0,21372,NSE,UDIFF F&O BHAVCOPY,FUTURE,MOTILALOFS
2026-07-16,FO,NSE,STF,MOTILALOFS,MOTILALOFS,2026-07-28,,,977.0,977.0,952.0,957.4,960.0,957.4,955,709284223.75,5281625,62000,21408,NSE,UDIFF F&O BHAVCOPY,FUTURE,MOTILALOFS
2026-07-16,FO,NSE,STF,MOTILALOFS,MOTILALOFS,2026-08-25,,,976.0,976.0,958.5,962.4,964.0,962.4,105,78483862.5,167400,26350,21429,NSE,UDIFF F&O BHAVCOPY,FUTURE,MOTILALOFS
2026-07-16,FO,NSE,STF,RELIANCE,RELIANCE,2026-07-28,,,1300.0,1313.5,1296.0,1299.1,1299.1,1299.1,20697,13501809900.0,105054000,-756000,21512,NSE,UDIFF F&O BHAVCOPY,FUTURE,RELIANCE
2026-07-16,FO,NSE,STF,RELIANCE,RELIANCE,2026-09-29,,,1318.9,1328.0,1311.2,1313.8,1313.7,1313.8,689,455010250.0,7527500,230000,21566,NSE,UDIFF F&O BHAVCOPY,FUTURE,RELIANCE
2026-07-16,FO,NSE,STF,RELIANCE,RELIANCE,2026-08-25,,,1307.5,1320.5,1303.1,1306.4,1306.1,1306.4,4696,3083495000.0,14025000,1506000,21592,NSE,UDIFF F&O BHAVCOPY,FUTURE,RELIANCE
2026-07-16,FO,NSE,STF,SRF,SRF,2026-07-28,,,2799.9,2921.8,2799.9,2886.8,2888.1,2886.8,7827,4496479540.0,3477000,-50000,21710,NSE,UDIFF F&O BHAVCOPY,FUTURE,SRF
2026-07-16,FO,NSE,STF,SRF,SRF,2026-09-29,,,2833.7,2898.0,2833.6,2883.8,2883.0,2883.8,60,34432400.0,15200,2200,21711,NSE,UDIFF F&O BHAVCOPY,FUTURE,SRF
2026-07-16,FO,NSE,STF,SRF,SRF,2026-08-25,,,2824.4,2907.1,2802.0,2879.9,2882.4,2879.9,802,460012180.0,111000,-4600,21736,NSE,UDIFF F&O BHAVCOPY,FUTURE,SRF
2026-07-16,FO,NSE,STF,SWIGGY,SWIGGY,2026-07-28,,,272.2,283.66,271.04,273.18,273.1,273.18,16311,8270062361.5,50411975,-5704950,21830,NSE,UDIFF F&O BHAVCOPY,FUTURE,SWIGGY
2026-07-16,FO,NSE,STF,SWIGGY,SWIGGY,2026-08-25,,,273.99,284.29,272.21,274.49,274.0,274.49,1433,728984132.0,2374325,438000,21884,NSE,UDIFF F&O BHAVCOPY,FUTURE,SWIGGY
2026-07-16,FO,NSE,STF,SWIGGY,SWIGGY,2026-09-29,,,275.3,285.05,274.0,275.71,275.47,275.71,184,93986642.25,423400,45625,21898,NSE,UDIFF F&O BHAVCOPY,FUTURE,SWIGGY
2026-07-16,FO,NSE,STF,VMM,VMM,2026-08-25,,,114.6,114.6,113.0,113.21,113.03,113.21,57,31437700.0,940900,53350,21987,NSE,UDIFF F&O BHAVCOPY,FUTURE,VMM
2026-07-16,FO,NSE,STF,VMM,VMM,2026-07-28,,,114.5,114.64,112.35,112.53,112.45,112.53,506,277850389.0,44392050,552900,22003,NSE,UDIFF F&O BHAVCOPY,FUTURE,VMM
2026-07-16,FO,NSE,STF,VMM,VMM,2026-09-29,,,115.6,115.6,114.0,114.0,114.0,113.99,3,1667187.5,116400,9700,22023,NSE,UDIFF F&O BHAVCOPY,FUTURE,VMM
2026-07-16,FO,NSE,STF,ZYDUSLIFE,ZYDUSLIFE,2026-08-25,,,1166.7,1172.1,1157.1,1163.0,1163.5,1163.0,62,64997100.0,418500,19800,22094,NSE,UDIFF F&O BHAVCOPY,FUTURE,ZYDUSLIFE
2026-07-16,FO,NSE,STF,ZYDUSLIFE,ZYDUSLIFE,2026-09-29,,,1167.4,1173.0,1167.4,1173.0,1173.0,1169.6,2,2106360.0,28800,0,22112,NSE,UDIFF F&O BHAVCOPY,FUTURE,ZYDUSLIFE
2026-07-16,FO,NSE,STF,ZYDUSLIFE,ZYDUSLIFE,2026-07-28,,,1160.0,1164.9,1148.8,1155.0,1156.0,1155.0,669,696891150.0,10307700,-61200,22157,NSE,UDIFF F&O BHAVCOPY,FUTURE,ZYDUSLIFE
2026-07-16,FO,NSE,STF,ADANIGREEN,ADANIGREEN,2026-07-28,,,1572.3,1591.6,1545.7,1549.3,1548.4,1549.3,4037,3791468220.0,22244400,51000,22281,NSE,UDIFF F&O BHAVCOPY,FUTURE,ADANIGREEN
2026-07-16,FO,NSE,STF,ADANIGREEN,ADANIGREEN,2026-08-25,,,1576.0,1600.0,1554.0,1557.1,1554.0,1557.1,871,823460220.0,739200,226800,22290,NSE,UDIFF F&O BHAVCOPY,FUTURE,ADANIGREEN
2026-07-16,FO,NSE,STF,ADANIGREEN,ADANIGREEN,2026-09-29,,,1575.0,1606.3,1565.1,1566.3,1565.1,1566.3,57,54156420.0,91800,18600,22311,NSE,UDIFF F&O BHAVCOPY,FUTURE,ADANIGREEN
2026-07-16,FO,NSE,STF,ADANIPORTS,ADANIPORTS,2026-08-25,,,1848.0,1875.9,1833.2,1841.4,1839.4,1841.4,836,737697705.0,2248175,192375,22431,NSE,UDIFF F&O BHAVCOPY,FUTURE,ADANIPORTS
2026-07-16,FO,NSE,STF,ADANIPORTS,ADANIPORTS,2026-09-29,,,1855.0,1884.2,1848.8,1851.4,1851.0,1851.4,55,48686170.0,84075,4275,22510,NSE,UDIFF F&O BHAVCOPY,FUTURE,ADANIPORTS
2026-07-16,FO,NSE,STF,ADANIPORTS,ADANIPORTS,2026-07-28,,,1837.5,1866.6,1823.4,1831.0,1829.9,1831.0,4360,3822830922.5,18898350,-66025,22528,NSE,UDIFF F&O BHAVCOPY,FUTURE,ADANIPORTS
2026-07-16,FO,NSE,STF,BAJAJFINSV,BAJAJFINSV,2026-08-25,,,1865.5,1867.9,1842.8,1848.3,1846.5,1848.3,349,194080770.0,342000,48900,22612,NSE,UDIFF F&O BHAVCOPY,FUTURE,BAJAJFINSV
2026-07-16,FO,NSE,STF,BAJAJFINSV,BAJAJFINSV,2026-07-28,,,1845.0,1858.2,1831.4,1839.5,1837.2,1839.5,5218,2882553750.0,10732800,-429000,22665,NSE,UDIFF F&O BHAVCOPY,FUTURE,BAJAJFINSV
2026-07-16,FO,NSE,STF,BAJAJFINSV,BAJAJFINSV,2026-09-29,,,1868.0,1876.4,1855.0,1860.7,1859.6,1860.7,689,383750280.0,1448400,203700,22666,NSE,UDIFF F&O BHAVCOPY,FUTURE,BAJAJFINSV
2026-07-16,FO,NSE,STF,BLUESTARCO,BLUESTARCO,2026-09-29,,,1722.0,1722.0,1708.5,1712.7,1712.7,1765.3,3,1671540.0,4225,325,22718,NSE,UDIFF F&O BHAVCOPY,FUTURE,BLUESTARCO
2026-07-16,FO,NSE,STF,BLUESTARCO,BLUESTARCO,2026-07-28,,,1746.0,1750.0,1719.5,1728.6,1726.1,1728.6,938,527871045.0,2914600,-56550,22749,NSE,UDIFF F&O BHAVCOPY,FUTURE,BLUESTARCO
2026-07-16,FO,NSE,STF,BLUESTARCO,BLUESTARCO,2026-08-25,,,1738.0,1738.0,1712.6,1716.0,1720.3,1716.0,74,41352870.0,369850,5525,22848,NSE,UDIFF F&O BHAVCOPY,FUTURE,BLUESTARCO
2026-07-16,FO,NSE,STF,DABUR,DABUR,2026-08-25,,,427.95,431.75,427.15,427.8,428.0,427.8,136,72896562.5,1038750,80000,22879,NSE,UDIFF F&O BHAVCOPY,FUTURE,DABUR
2026-07-16,FO,NSE,STF,DABUR,DABUR,2026-07-28,,,426.3,429.4,425.0,425.6,426.05,425.6,884,471554312.5,31122500,326250,22996,NSE,UDIFF F&O BHAVCOPY,FUTURE,DABUR
2026-07-16,FO,NSE,STF,DABUR,DABUR,2026-09-29,,,430.05,433.7,430.0,430.35,430.9,430.35,12,6474062.5,146250,3750,22997,NSE,UDIFF F&O BHAVCOPY,FUTURE,DABUR
2026-07-16,FO,NSE,STF,HDFCAMC,HDFCAMC,2026-08-25,,,2732.5,2732.5,2609.2,2618.9,2617.0,2618.9,1467,1156578570.0,731100,202800,23015,NSE,UDIFF F&O BHAVCOPY,FUTURE,HDFCAMC
2026-07-16,FO,NSE,STF,HDFCAMC,HDFCAMC,2026-09-29,,,2715.0,2715.0,2627.1,2633.9,2633.8,2633.9,80,63335850.0,32700,18900,23068,NSE,UDIFF F&O BHAVCOPY,FUTURE,HDFCAMC
2026-07-16,FO,NSE,STF,HDFCAMC,HDFCAMC,2026-07-28,,,2720.2,2736.7,2591.9,2604.1,2601.5,2604.1,9993,7836233250.0,6790200,518700,23205,NSE,UDIFF F&O BHAVCOPY,FUTURE,HDFCAMC
2026-07-16,FO,NSE,STF,IOC,IOC,2026-09-29,,,140.73,143.71,140.41,142.07,142.1,142.07,34,23611136.25,516750,-9750,23215,NSE,UDIFF F&O BHAVCOPY,FUTURE,IOC
2026-07-16,FO,NSE,STF,IOC,IOC,2026-07-28,,,140.88,143.94,139.8,141.99,141.8,141.99,3224,2237374522.5,146991000,906750,23216,NSE,UDIFF F&O BHAVCOPY,FUTURE,IOC
2026-07-16,FO,NSE,STF,IOC,IOC,2026-08-25,,,140.39,143.21,139.2,141.31,141.35,141.31,426,294431036.25,10222875,117000,23356,NSE,UDIFF F&O BHAVCOPY,FUTURE,IOC
2026-07-16,FO,NSE,STF,ITC,ITC,2026-07-28,,,277.8,281.6,276.4,279.85,280.0,279.85,5717,2759754532.5,139607700,-1340325,23388,NSE,UDIFF F&O BHAVCOPY,FUTURE,ITC
2026-07-16,FO,NSE,STF,ITC,ITC,2026-09-29,,,281.1,284.55,280.5,283.15,283.25,283.15,409,200014008.75,14671125,351900,23449,NSE,UDIFF F&O BHAVCOPY,FUTURE,ITC
2026-07-16,FO,NSE,STF,ITC,ITC,2026-08-25,,,278.5,282.95,278.3,281.55,281.7,281.55,1472,714038651.25,19364850,860775,23499,NSE,UDIFF F&O BHAVCOPY,FUTURE,ITC
2026-07-16,FO,NSE,STF,MAXHEALTH,MAXHEALTH,2026-09-29,,,1103.8,1110.0,1103.0,1103.0,1103.0,1113.1,4,2322967.5,29400,1050,23651,NSE,UDIFF F&O BHAVCOPY,FUTURE,MAXHEALTH
2026-07-16,FO,NSE,STF,MAXHEALTH,MAXHEALTH,2026-08-25,,,1098.8,1110.2,1096.6,1100.8,1102.0,1100.8,77,44594287.5,494025,12075,23669,NSE,UDIFF F&O BHAVCOPY,FUTURE,MAXHEALTH
2026-07-16,FO,NSE,STF,MAXHEALTH,MAXHEALTH,2026-07-28,,,1107.0,1114.5,1098.6,1101.8,1104.4,1101.8,1525,884469127.5,10387650,-173250,23687,NSE,UDIFF F&O BHAVCOPY,FUTURE,MAXHEALTH
2026-07-16,FO,NSE,IDF,NIFTYNXT50,NIFTYNXT50,2026-08-25,,,72740.0,72800.0,72099.0,72099.0,72099.0,72099.0,7,12701495.0,1175,0,23929,NSE,UDIFF F&O BHAVCOPY,FUTURE,NIFTYNXT50
2026-07-16,FO,NSE,IDF,NIFTYNXT50,NIFTYNXT50,2026-09-29,,,0.0,0.0,0.0,72745.4,0.0,72872.4,0,0.0,0,0,24265,NSE,UDIFF F&O BHAVCOPY,FUTURE,NIFTYNXT50
2026-07-16,FO,NSE,IDF,NIFTYNXT50,NIFTYNXT50,2026-07-28,,,72065.2,72678.0,71862.6,71918.8,71900.2,71918.8,93,167868405.0,15725,50,24274,NSE,UDIFF F&O BHAVCOPY,FUTURE,NIFTYNXT50
2026-07-16,FO,NSE,STF,OFSS,OFSS,2026-07-28,,,11753.0,11868.0,11685.0,11736.0,11750.0,11736.0,2204,2594717000.0,1548300,2300,25000,NSE,UDIFF F&O BHAVCOPY,FUTURE,OFSS
2026-07-16,FO,NSE,STF,OFSS,OFSS,2026-08-25,,,11763.0,11850.0,11685.0,11735.0,11722.0,11735.0,190,223846600.0,45100,3200,25005,NSE,UDIFF F&O BHAVCOPY,FUTURE,OFSS
2026-07-16,FO,NSE,STF,OFSS,OFSS,2026-09-29,,,11709.0,11778.0,11675.0,11675.0,11675.0,11840.0,4,4693900.0,5500,-100,25044,NSE,UDIFF F&O BHAVCOPY,FUTURE,OFSS
2026-07-16,FO,NSE,STF,PIDILITIND,PIDILITIND,2026-09-29,,,1590.0,1592.5,1565.0,1566.5,1565.0,1566.5,6,4734750.0,6500,1500,25059,NSE,UDIFF F&O BHAVCOPY,FUTURE,PIDILITIND
2026-07-16,FO,NSE,STF,PIDILITIND,PIDILITIND,2026-07-28,,,1570.6,1578.0,1551.8,1554.3,1553.1,1554.3,837,653016150.0,7141000,96500,25134,NSE,UDIFF F&O BHAVCOPY,FUTURE,PIDILITIND
2026-07-16,FO,NSE,STF,PIDILITIND,PIDILITIND,2026-08-25,,,1567.3,1581.8,1558.6,1560.3,1558.9,1560.3,59,46182350.0,108000,14000,25150,NSE,UDIFF F&O BHAVCOPY,FUTURE,PIDILITIND
2026-07-16,FO,NSE,STF,SBIN,SBIN,2026-08-25,,,1039.2,1044.8,1036.2,1039.6,1039.8,1039.6,1226,955837800.0,17797500,477000,25212,NSE,UDIFF F&O BHAVCOPY,FUTURE,SBIN
2026-07-16,FO,NSE,STF,SBIN,SBIN,2026-09-29,,,1043.9,1051.0,1042.4,1046.0,1046.0,1046.0,1397,1096546125.0,4267500,983250,25228,NSE,UDIFF F&O BHAVCOPY,FUTURE,SBIN
2026-07-16,FO,NSE,STF,SBIN,SBIN,2026-07-28,,,1031.2,1039.5,1030.3,1033.9,1034.2,1033.9,6325,4905931125.0,65174250,-786000,25229,NSE,UDIFF F&O BHAVCOPY,FUTURE,SBIN
2026-07-16,FO,NSE,STF,360ONE,360ONE,2026-07-28,,,1112.0,1112.0,1066.4,1082.5,1089.0,1082.5,4893,2640814000.0,5388000,-342000,25414,NSE,UDIFF F&O BHAVCOPY,FUTURE,360ONE
2026-07-16,FO,NSE,STF,360ONE,360ONE,2026-09-29,,,1090.0,1097.0,1080.0,1090.5,1097.0,1090.5,6,3265950.0,3500,2500,25417,NSE,UDIFF F&O BHAVCOPY,FUTURE,360ONE
2026-07-16,FO,NSE,STF,360ONE,360ONE,2026-08-25,,,1095.0,1095.6,1072.0,1089.4,1093.0,1089.4,155,84100200.0,166500,23000,25468,NSE,UDIFF F&O BHAVCOPY,FUTURE,360ONE
2026-07-16,FO,NSE,STF,ADANIENT,ADANIENT,2026-08-25,,,3140.0,3212.0,3140.0,3180.3,3176.5,3180.3,382,376063258.8,857784,47586,25490,NSE,UDIFF F&O BHAVCOPY,FUTURE,ADANIENT
2026-07-16,FO,NSE,STF,ADANIENT,ADANIENT,2026-07-28,,,3170.4,3197.0,3147.2,3163.2,3161.3,3163.2,3828,3750603220.5,16952049,-135960,25628,NSE,UDIFF F&O BHAVCOPY,FUTURE,ADANIENT
2026-07-16,FO,NSE,STF,ADANIENT,ADANIENT,2026-09-29,,,3206.7,3225.0,3190.0,3197.9,3198.1,3197.9,56,55401876.9,365856,12051,25643,NSE,UDIFF F&O BHAVCOPY,FUTURE,ADANIENT
2026-07-16,FO,NSE,STF,JSWSTEEL,JSWSTEEL,2026-08-25,,,1237.2,1241.2,1230.3,1231.1,1232.6,1231.1,326,271552567.5,1956150,168075,25686,NSE,UDIFF F&O BHAVCOPY,FUTURE,JSWSTEEL
2026-07-16,FO,NSE,STF,JSWSTEEL,JSWSTEEL,2026-09-29,,,1246.4,1246.4,1238.0,1239.0,1240.0,1239.0,80,66959595.0,331425,46575,25710,NSE,UDIFF F&O BHAVCOPY,FUTURE,JSWSTEEL
2026-07-16,FO,NSE,STF,JSWSTEEL,JSWSTEEL,2026-07-28,,,1234.8,1234.8,1224.0,1225.6,1225.4,1225.6,1775,1472417325.0,40340025,-181575,25753,NSE,UDIFF F&O BHAVCOPY,FUTURE,JSWSTEEL
2026-07-16,FO,NSE,STF,LICI,LICI,2026-07-28,,,438.1,438.1,430.65,434.65,434.45,434.65,1598,972190310.0,21396200,352800,25797,NSE,UDIFF F&O BHAVCOPY,FUTURE,LICI
2026-07-16,FO,NSE,STF,LICI,LICI,2026-08-25,,,431.6,433.4,427.1,430.75,430.75,430.75,764,460763940.0,3648400,676200,25891,NSE,UDIFF F&O BHAVCOPY,FUTURE,LICI
2026-07-16,FO,NSE,STF,LICI,LICI,2026-09-29,,,428.3,432.0,426.15,432.0,432.0,444.25,22,13219500.0,343000,11200,25902,NSE,UDIFF F&O BHAVCOPY,FUTURE,LICI
2026-07-16,FO,NSE,STF,POLICYBZR,POLICYBZR,2026-09-29,,,1601.3,1602.9,1547.0,1570.1,1570.1,1570.1,21,11537505.0,33600,4550,25994,NSE,UDIFF F&O BHAVCOPY,FUTURE,POLICYBZR
2026-07-16,FO,NSE,STF,POLICYBZR,POLICYBZR,2026-07-28,,,1620.0,1620.0,1543.1,1567.2,1568.9,1567.2,4035,2218130810.0,9426550,190400,26015,NSE,UDIFF F&O BHAVCOPY,FUTURE,POLICYBZR
2026-07-16,FO,NSE,STF,POLICYBZR,POLICYBZR,2026-08-25,,,1603.0,1603.0,1542.2,1565.7,1570.0,1565.7,562,308035000.0,585200,63700,26071,NSE,UDIFF F&O BHAVCOPY,FUTURE,POLICYBZR
2026-07-16,FO,NSE,STF,PREMIERENE,PREMIERENE,2026-09-29,,,1099.0,1102.6,1090.0,1090.0,1090.0,1115.5,16,11420305.0,19500,5200,26100,NSE,UDIFF F&O BHAVCOPY,FUTURE,PREMIERENE
2026-07-16,FO,NSE,STF,PREMIERENE,PREMIERENE,2026-07-28,,,1098.0,1114.8,1098.0,1103.8,1103.0,1103.8,1604,1153427340.0,6965400,50050,26166,NSE,UDIFF F&O BHAVCOPY,FUTURE,PREMIERENE
2026-07-16,FO,NSE,STF,PREMIERENE,PREMIERENE,2026-08-25,,,1100.0,1109.0,1089.1,1094.5,1091.5,1094.5,360,257144290.0,315900,62400,26167,NSE,UDIFF F&O BHAVCOPY,FUTURE,PREMIERENE
2026-07-16,FO,NSE,STF,SAIL,SAIL,2026-09-29,,,165.54,166.03,163.5,163.87,164.02,163.87,25,19362590.0,672100,47000,26214,NSE,UDIFF F&O BHAVCOPY,FUTURE,SAIL
2026-07-16,FO,NSE,STF,SAIL,SAIL,2026-08-25,,,167.24,167.24,164.08,164.89,165.24,164.89,548,428697246.0,5635300,1621500,26236,NSE,UDIFF F&O BHAVCOPY,FUTURE,SAIL
2026-07-16,FO,NSE,STF,SAIL,SAIL,2026-07-28,,,165.77,166.6,163.32,164.28,164.87,164.28,1207,934843160.0,195628100,-568700,26261,NSE,UDIFF F&O BHAVCOPY,FUTURE,SAIL
2026-07-16,FO,NSE,STF,SUZLON,SUZLON,2026-08-25,,,52.94,53.05,52.22,52.4,52.38,52.4,782,522692376.0,49060100,6654800,26349,NSE,UDIFF F&O BHAVCOPY,FUTURE,SUZLON
2026-07-16,FO,NSE,STF,SUZLON,SUZLON,2026-07-28,,,52.59,52.82,51.96,52.12,52.07,52.12,2086,1386245767.0,406298400,3937000,26355,NSE,UDIFF F&O BHAVCOPY,FUTURE,SUZLON
2026-07-16,FO,NSE,STF,SUZLON,SUZLON,2026-09-29,,,53.15,53.41,52.55,52.67,52.65,52.67,57,38266116.0,5765800,317500,26372,NSE,UDIFF F&O BHAVCOPY,FUTURE,SUZLON
2026-07-16,FO,NSE,STF,UPL,UPL,2026-08-25,,,599.7,626.0,599.55,623.35,625.25,623.35,750,623652638.75,2804850,-75880,26468,NSE,UDIFF F&O BHAVCOPY,FUTURE,UPL
2026-07-16,FO,NSE,STF,UPL,UPL,2026-09-29,,,601.65,627.9,601.65,626.65,627.9,626.65,69,57200105.5,62330,-43360,26496,NSE,UDIFF F&O BHAVCOPY,FUTURE,UPL
2026-07-16,FO,NSE,STF,UPL,UPL,2026-07-28,,,590.05,623.65,589.3,621.35,622.65,621.35,5107,4245563438.25,28235490,-612460,26587,NSE,UDIFF F&O BHAVCOPY,FUTURE,UPL
2026-07-16,FO,NSE,STF,VEDL,VEDL,2026-08-25,,,262.95,264.15,257.85,259.65,260.0,259.65,1306,391399912.5,4988700,777400,26662,NSE,UDIFF F&O BHAVCOPY,FUTURE,VEDL
2026-07-16,FO,NSE,STF,VEDL,VEDL,2026-09-29,,,263.8,264.95,259.45,261.6,261.9,261.6,142,42793685.0,382950,96600,26683,NSE,UDIFF F&O BHAVCOPY,FUTURE,VEDL
2026-07-16,FO,NSE,STF,VEDL,VEDL,2026-07-28,,,261.9,263.5,257.0,258.85,259.2,258.85,5849,1748398130.0,65021000,486450,26701,NSE,UDIFF F&O BHAVCOPY,FUTURE,VEDL
2026-07-16,FO,NSE,STF,ASIANPAINT,ASIANPAINT,2026-09-29,,,2718.4,2718.5,2702.3,2702.9,2702.9,2711.1,14,9484000.0,1048500,-250,26899,NSE,UDIFF F&O BHAVCOPY,FUTURE,ASIANPAINT
2026-07-16,FO,NSE,STF,ASIANPAINT,ASIANPAINT,2026-08-25,,,2689.7,2704.6,2680.0,2694.6,2692.9,2694.6,74,49870700.0,576000,5000,26900,NSE,UDIFF F&O BHAVCOPY,FUTURE,ASIANPAINT
2026-07-16,FO,NSE,STF,ASIANPAINT,ASIANPAINT,2026-07-28,,,2682.7,2693.3,2666.4,2681.5,2678.8,2681.5,1194,800463350.0,7136250,-46750,26925,NSE,UDIFF F&O BHAVCOPY,FUTURE,ASIANPAINT
2026-07-16,FO,NSE,STF,BRITANNIA,BRITANNIA,2026-07-28,,,5326.0,5386.5,5314.0,5325.0,5322.0,5325.0,825,551162187.5,2250500,500,26998,NSE,UDIFF F&O BHAVCOPY,FUTURE,BRITANNIA
2026-07-16,FO,NSE,STF,BRITANNIA,BRITANNIA,2026-08-25,,,5279.5,5320.0,5253.0,5262.5,5264.0,5262.5,108,71314187.5,118000,3250,27011,NSE,UDIFF F&O BHAVCOPY,FUTURE,BRITANNIA
2026-07-16,FO,NSE,STF,BRITANNIA,BRITANNIA,2026-09-29,,,5299.0,5342.0,5298.0,5298.0,5298.0,5298.0,11,7309625.0,5125,250,27085,NSE,UDIFF F&O BHAVCOPY,FUTURE,BRITANNIA
2026-07-16,FO,NSE,STF,GRASIM,GRASIM,2026-09-29,,,3120.5,3124.9,3116.0,3123.5,3123.5,3114.6,5,3901725.0,19250,750,27126,NSE,UDIFF F&O BHAVCOPY,FUTURE,GRASIM
2026-07-16,FO,NSE,STF,GRASIM,GRASIM,2026-07-28,,,3102.3,3103.0,3064.0,3080.3,3080.9,3080.3,1990,1532681925.0,12138000,-43500,27272,NSE,UDIFF F&O BHAVCOPY,FUTURE,GRASIM
2026-07-16,FO,NSE,STF,GRASIM,GRASIM,2026-08-25,,,3088.0,3106.0,3073.0,3085.4,3080.9,3085.4,342,264216025.0,577250,41500,27311,NSE,UDIFF F&O BHAVCOPY,FUTURE,GRASIM
2026-07-16,FO,NSE,STF,HDFCLIFE,HDFCLIFE,2026-07-28,,,587.0,589.65,558.1,568.1,567.65,568.1,11475,7175316995.0,42150900,-1512500,27355,NSE,UDIFF F&O BHAVCOPY,FUTURE,HDFCLIFE
2026-07-16,FO,NSE,STF,HDFCLIFE,HDFCLIFE,2026-08-25,,,583.3,590.5,561.3,571.2,571.25,571.2,2258,1412105365.0,4320800,1137400,27460,NSE,UDIFF F&O BHAVCOPY,FUTURE,HDFCLIFE
2026-07-16,FO,NSE,STF,HDFCLIFE,HDFCLIFE,2026-09-29,,,590.5,595.0,564.95,574.55,575.0,574.55,211,132694045.0,1513600,88000,27498,NSE,UDIFF F&O BHAVCOPY,FUTURE,HDFCLIFE
2026-07-16,FO,NSE,STF,ICICIBANK,ICICIBANK,2026-08-25,,,1415.9,1423.0,1406.4,1418.5,1418.9,1418.5,1185,1172595130.0,21088200,464100,27591,NSE,UDIFF F&O BHAVCOPY,FUTURE,ICICIBANK
2026-07-16,FO,NSE,STF,ICICIBANK,ICICIBANK,2026-07-28,,,1419.3,1428.5,1410.0,1423.0,1423.5,1423.0,12034,11954973310.0,104056400,1063300,27667,NSE,UDIFF F&O BHAVCOPY,FUTURE,ICICIBANK
2026-07-16,FO,NSE,STF,ICICIBANK,ICICIBANK,2026-09-29,,,1426.3,1431.0,1415.3,1427.3,1428.2,1427.3,440,438047120.0,1087100,268100,27668,NSE,UDIFF F&O BHAVCOPY,FUTURE,ICICIBANK
2026-07-16,FO,NSE,STF,ICICIGI,ICICIGI,2026-09-29,,,1680.0,1680.0,1564.0,1631.0,1630.8,1631.0,204,107113272.5,35750,29575,27764,NSE,UDIFF F&O BHAVCOPY,FUTURE,ICICIGI
2026-07-16,FO,NSE,STF,ICICIGI,ICICIGI,2026-07-28,,,1701.0,1712.7,1540.7,1620.6,1615.0,1620.6,22112,11587442750.0,6085300,1110200,27785,NSE,UDIFF F&O BHAVCOPY,FUTURE,ICICIGI
2026-07-16,FO,NSE,STF,ICICIGI,ICICIGI,2026-08-25,,,1680.5,1682.0,1545.3,1621.5,1620.0,1621.5,1874,980090735.0,511550,248625,27864,NSE,UDIFF F&O BHAVCOPY,FUTURE,ICICIGI
2026-07-16,FO,NSE,STF,INFY,INFY,2026-07-28,,,1081.0,1096.4,1079.3,1081.6,1083.6,1081.6,28273,12300896920.0,112840000,-307200,28061,NSE,UDIFF F&O BHAVCOPY,FUTURE,INFY
2026-07-16,FO,NSE,STF,INFY,INFY,2026-08-25,,,1077.3,1089.9,1070.1,1075.9,1077.3,1075.9,4620,1999372280.0,12859600,859600,28080,NSE,UDIFF F&O BHAVCOPY,FUTURE,INFY
2026-07-16,FO,NSE,STF,INFY,INFY,2026-09-29,,,1080.0,1086.0,1072.1,1076.4,1077.2,1076.4,281,121505760.0,681200,27600,28197,NSE,UDIFF F&O BHAVCOPY,FUTURE,INFY
2026-07-16,FO,NSE,STF,KFINTECH,KFINTECH,2026-09-29,,,889.0,889.0,867.0,868.5,868.5,868.5,17,8547375.0,59225,8050,28216,NSE,UDIFF F&O BHAVCOPY,FUTURE,KFINTECH
2026-07-16,FO,NSE,STF,KFINTECH,KFINTECH,2026-07-28,,,892.1,901.8,868.95,870.4,872.05,870.4,2681,1354555732.5,5584400,-338675,28236,NSE,UDIFF F&O BHAVCOPY,FUTURE,KFINTECH
2026-07-16,FO,NSE,STF,KFINTECH,KFINTECH,2026-08-25,,,892.85,892.85,868.0,868.85,870.6,868.85,316,159133895.0,414000,108100,28303,NSE,UDIFF F&O BHAVCOPY,FUTURE,KFINTECH
2026-07-16,FO,NSE,STF,MARUTI,MARUTI,2026-08-25,,,13589.0,13787.0,13589.0,13718.0,13735.0,13718.0,840,575954200.0,202100,2050,28338,NSE,UDIFF F&O BHAVCOPY,FUTURE,MARUTI
2026-07-16,FO,NSE,STF,MARUTI,MARUTI,2026-07-28,,,13610.0,13860.0,13610.0,13786.0,13799.0,13786.0,7424,5116281850.0,2249550,-2550,28349,NSE,UDIFF F&O BHAVCOPY,FUTURE,MARUTI
2026-07-16,FO,NSE,STF,MARUTI,MARUTI,2026-09-29,,,13696.0,13880.0,13696.0,13802.0,13809.0,13802.0,108,74515800.0,74050,2000,28350,NSE,UDIFF F&O BHAVCOPY,FUTURE,MARUTI
2026-07-16,FO,NSE,STF,MUTHOOTFIN,MUTHOOTFIN,2026-09-29,,,3020.0,3026.8,3015.4,3022.6,3022.6,3036.8,7,5814187.5,23100,1100,28554,NSE,UDIFF F&O BHAVCOPY,FUTURE,MUTHOOTFIN
2026-07-16,FO,NSE,STF,MUTHOOTFIN,MUTHOOTFIN,2026-07-28,,,3015.0,3020.4,2993.0,3000.0,2999.0,3000.0,1305,1078382855.0,6618150,22275,28641,NSE,UDIFF F&O BHAVCOPY,FUTURE,MUTHOOTFIN
2026-07-16,FO,NSE,STF,MUTHOOTFIN,MUTHOOTFIN,2026-08-25,,,3020.0,3024.0,3001.0,3005.6,3006.0,3005.6,330,273173642.5,287100,35475,28648,NSE,UDIFF F&O BHAVCOPY,FUTURE,MUTHOOTFIN
2026-07-16,FO,NSE,STF,PFC,PFC,2026-08-25,,,404.4,406.75,399.5,400.2,400.7,400.2,343,179392200.0,4525300,200200,28678,NSE,UDIFF F&O BHAVCOPY,FUTURE,PFC
2026-07-16,FO,NSE,STF,PFC,PFC,2026-07-28,,,407.15,409.5,402.2,402.9,403.3,402.9,1866,982913685.0,52594100,514800,28774,NSE,UDIFF F&O BHAVCOPY,FUTURE,PFC
2026-07-16,FO,NSE,STF,PFC,PFC,2026-09-29,,,404.85,406.8,400.15,400.6,400.35,400.6,60,31382260.0,451100,18200,28788,NSE,UDIFF F&O BHAVCOPY,FUTURE,PFC
2026-07-16,FO,NSE,STF,SUNPHARMA,SUNPHARMA,2026-08-25,,,1962.0,1968.3,1958.5,1962.2,1962.8,1962.2,113,77654465.0,291550,11900,28863,NSE,UDIFF F&O BHAVCOPY,FUTURE,SUNPHARMA
2026-07-16,FO,NSE,STF,SUNPHARMA,SUNPHARMA,2026-07-28,,,1957.0,1960.0,1947.9,1951.6,1951.3,1951.6,1742,1190257180.0,17875900,-41300,28873,NSE,UDIFF F&O BHAVCOPY,FUTURE,SUNPHARMA
2026-07-16,FO,NSE,STF,SUNPHARMA,SUNPHARMA,2026-09-29,,,1980.0,1980.0,1970.3,1972.9,1972.9,1972.9,6,4145750.0,666050,350,28890,NSE,UDIFF F&O BHAVCOPY,FUTURE,SUNPHARMA
2026-07-16,FO,NSE,STF,SUPREMEIND,SUPREMEIND,2026-09-29,,,0.0,0.0,0.0,3494.5,3500.0,3570.4,0,0.0,2100,0,29016,NSE,UDIFF F&O BHAVCOPY,FUTURE,SUPREMEIND
2026-07-16,FO,NSE,STF,SUPREMEIND,SUPREMEIND,2026-07-28,,,3477.9,3550.0,3464.8,3523.5,3517.5,3523.5,1932,1189385382.5,2060800,-26250,29021,NSE,UDIFF F&O BHAVCOPY,FUTURE,SUPREMEIND
2026-07-16,FO,NSE,STF,SUPREMEIND,SUPREMEIND,2026-08-25,,,3509.8,3564.4,3476.4,3532.1,3524.0,3532.1,206,127303680.0,63700,-2450,29045,NSE,UDIFF F&O BHAVCOPY,FUTURE,SUPREMEIND
2026-07-16,FO,NSE,STF,UNOMINDA,UNOMINDA,2026-07-28,,,1165.7,1176.9,1145.0,1154.4,1152.6,1154.4,1007,641837625.0,4745950,-15950,29167,NSE,UDIFF F&O BHAVCOPY,FUTURE,UNOMINDA
2026-07-16,FO,NSE,STF,UNOMINDA,UNOMINDA,2026-09-29,,,1176.0,1180.0,1158.0,1167.0,1167.0,1167.0,10,6434010.0,7150,2750,29168,NSE,UDIFF F&O BHAVCOPY,FUTURE,UNOMINDA
2026-07-16,FO,NSE,STF,UNOMINDA,UNOMINDA,2026-08-25,,,1172.1,1178.0,1150.0,1159.9,1159.4,1159.9,66,42244125.0,166100,5500,29170,NSE,UDIFF F&O BHAVCOPY,FUTURE,UNOMINDA
2026-07-16,FO,NSE,STF,COFORGE,COFORGE,2026-09-29,,,1531.6,1535.4,1519.0,1519.3,1520.0,1519.3,46,33346425.0,141075,1425,29213,NSE,UDIFF F&O BHAVCOPY,FUTURE,COFORGE
2026-07-16,FO,NSE,STF,COFORGE,COFORGE,2026-08-25,,,1531.0,1544.1,1522.0,1525.5,1529.9,1525.5,680,494213845.0,1081575,90250,29317,NSE,UDIFF F&O BHAVCOPY,FUTURE,COFORGE
2026-07-16,FO,NSE,STF,COFORGE,COFORGE,2026-07-28,,,1540.1,1556.8,1532.5,1536.1,1538.5,1536.1,3609,2646475895.0,18329775,109250,29326,NSE,UDIFF F&O BHAVCOPY,FUTURE,COFORGE
2026-07-16,FO,NSE,STF,GAIL,GAIL,2026-09-29,,,175.65,177.0,173.2,173.43,173.2,173.43,20,12430538.0,333700,53250,29449,NSE,UDIFF F&O BHAVCOPY,FUTURE,GAIL
2026-07-16,FO,NSE,STF,GAIL,GAIL,2026-07-28,,,173.96,175.8,171.19,171.72,171.74,171.72,1205,743585414.0,75274200,110050,29500,NSE,UDIFF F&O BHAVCOPY,FUTURE,GAIL
2026-07-16,FO,NSE,STF,GAIL,GAIL,2026-08-25,,,175.4,176.3,171.98,172.35,172.47,172.35,385,238209224.5,4856400,976250,29518,NSE,UDIFF F&O BHAVCOPY,FUTURE,GAIL
2026-07-16,FO,NSE,STF,HAVELLS,HAVELLS,2026-09-29,,,1196.6,1202.0,1184.6,1187.4,1187.4,1187.4,51,30407200.0,96000,13500,29569,NSE,UDIFF F&O BHAVCOPY,FUTURE,HAVELLS
2026-07-16,FO,NSE,STF,HAVELLS,HAVELLS,2026-07-28,,,1184.9,1189.4,1168.6,1174.6,1172.0,1174.6,6153,3622290500.0,9771500,-552500,29590,NSE,UDIFF F&O BHAVCOPY,FUTURE,HAVELLS
2026-07-16,FO,NSE,STF,HAVELLS,HAVELLS,2026-08-25,,,1192.0,1196.4,1173.7,1180.2,1178.1,1180.2,727,430332900.0,1323500,187500,29595,NSE,UDIFF F&O BHAVCOPY,FUTURE,HAVELLS
2026-07-16,FO,NSE,STF,HDFCBANK,HDFCBANK,2026-09-29,,,832.9,832.9,818.35,820.05,820.6,820.05,2663,1424167030.0,12666550,1636700,29681,NSE,UDIFF F&O BHAVCOPY,FUTURE,HDFCBANK
2026-07-16,FO,NSE,STF,HDFCBANK,HDFCBANK,2026-08-25,,,822.4,823.1,813.6,815.15,815.45,815.15,5034,2673670415.0,25157600,1695850,29705,NSE,UDIFF F&O BHAVCOPY,FUTURE,HDFCBANK
2026-07-16,FO,NSE,STF,HDFCBANK,HDFCBANK,2026-07-28,,,817.3,819.45,808.9,810.75,810.5,810.75,20276,10712460265.0,275375750,-3885700,29761,NSE,UDIFF F&O BHAVCOPY,FUTURE,HDFCBANK
2026-07-16,FO,NSE,STF,HEROMOTOCO,HEROMOTOCO,2026-07-28,,,4792.2,4857.5,4792.2,4825.5,4822.3,4825.5,2516,1823065740.0,5425500,-55050,29823,NSE,UDIFF F&O BHAVCOPY,FUTURE,HEROMOTOCO
2026-07-16,FO,NSE,STF,HEROMOTOCO,HEROMOTOCO,2026-09-29,,,4863.2,4905.3,4863.2,4870.7,4870.7,4964.5,19,13916580.0,15600,750,29853,NSE,UDIFF F&O BHAVCOPY,FUTURE,HEROMOTOCO
2026-07-16,FO,NSE,STF,HEROMOTOCO,HEROMOTOCO,2026-08-25,,,4835.1,4880.0,4834.9,4854.6,4850.9,4854.6,219,159543450.0,173100,8700,29899,NSE,UDIFF F&O BHAVCOPY,FUTURE,HEROMOTOCO
2026-07-16,FO,NSE,STF,MANKIND,MANKIND,2026-07-28,,,2548.0,2563.9,2537.0,2556.0,2559.6,2556.0,1429,911714375.0,2913750,-85000,29951,NSE,UDIFF F&O BHAVCOPY,FUTURE,MANKIND
2026-07-16,FO,NSE,STF,MANKIND,MANKIND,2026-09-29,,,2548.8,2567.3,2548.8,2562.7,2562.7,2580.6,4,2558700.0,3750,750,30014,NSE,UDIFF F&O BHAVCOPY,FUTURE,MANKIND
2026-07-16,FO,NSE,STF,MANKIND,MANKIND,2026-08-25,,,2552.9,2563.3,2540.1,2558.5,2557.0,2558.5,66,42131200.0,79500,3250,30060,NSE,UDIFF F&O BHAVCOPY,FUTURE,MANKIND
2026-07-16,FO,NSE,STF,MAZDOCK,MAZDOCK,2026-09-29,,,2351.0,2351.0,2320.0,2322.0,2323.6,2322.0,47,24680632.5,79650,5175,30166,NSE,UDIFF F&O BHAVCOPY,FUTURE,MAZDOCK
2026-07-16,FO,NSE,STF,MAZDOCK,MAZDOCK,2026-07-28,,,2374.9,2384.0,2341.4,2348.9,2349.3,2348.9,1727,917490397.5,4991400,24075,30207,NSE,UDIFF F&O BHAVCOPY,FUTURE,MAZDOCK
2026-07-16,FO,NSE,STF,MAZDOCK,MAZDOCK,2026-08-25,,,2352.0,2360.0,2323.6,2328.4,2328.8,2328.4,1095,576532890.0,832500,175275,30245,NSE,UDIFF F&O BHAVCOPY,FUTURE,MAZDOCK
2026-07-16,FO,NSE,STF,MCX,MCX,2026-08-25,,,2897.2,2897.2,2821.4,2824.7,2828.0,2824.7,983,629609490.0,963675,74925,30269,NSE,UDIFF F&O BHAVCOPY,FUTURE,MCX
2026-07-16,FO,NSE,STF,MCX,MCX,2026-09-29,,,2879.2,2880.1,2826.1,2830.1,2832.0,2830.1,123,78896542.5,121950,16425,30377,NSE,UDIFF F&O BHAVCOPY,FUTURE,MCX
2026-07-16,FO,NSE,STF,MCX,MCX,2026-07-28,,,2909.2,2909.2,2821.7,2828.1,2834.0,2828.1,6577,4221373950.0,7502625,5850,30385,NSE,UDIFF F&O BHAVCOPY,FUTURE,MCX
2026-07-16,FO,NSE,IDF,NIFTY,NIFTY,2026-09-29,,,24359.9,24442.1,24290.2,24343.4,24340.0,24343.4,1159,1835915464.5,461630,195,30610,NSE,UDIFF F&O BHAVCOPY,FUTURE,NIFTY
2026-07-16,FO,NSE,IDF,NIFTY,NIFTY,2026-07-28,,,24120.0,24220.0,24055.2,24096.4,24103.7,24096.4,47688,74817782104.0,15432495,-891865,31763,NSE,UDIFF F&O BHAVCOPY,FUTURE,NIFTY
2026-07-16,FO,NSE,IDF,NIFTY,NIFTY,2026-08-25,,,24200.0,24300.0,24150.0,24190.6,24197.4,24190.6,4428,6973065755.5,1968330,66690,31943,NSE,UDIFF F&O BHAVCOPY,FUTURE,NIFTY
2026-07-16,FO,NSE,STF,NUVAMA,NUVAMA,2026-07-28,,,1896.0,1914.2,1844.5,1848.3,1850.6,1848.3,809,754116750.0,1944000,-74000,32053,NSE,UDIFF F&O BHAVCOPY,FUTURE,NUVAMA
2026-07-16,FO,NSE,STF,PETRONET,PETRONET,2026-07-28,,,278.0,280.6,275.95,276.45,276.85,276.45,1064,562367320.0,33092300,288800,32092,NSE,UDIFF F&O BHAVCOPY,FUTURE,PETRONET
2026-07-16,FO,NSE,STF,PETRONET,PETRONET,2026-08-25,,,278.95,281.75,277.5,277.9,278.0,277.9,77,40922485.0,425600,53200,32111,NSE,UDIFF F&O BHAVCOPY,FUTURE,PETRONET
2026-07-16,FO,NSE,STF,PETRONET,PETRONET,2026-09-29,,,281.65,281.65,279.05,279.05,279.05,279.05,6,3196845.0,22800,0,32112,NSE,UDIFF F&O BHAVCOPY,FUTURE,PETRONET
2026-07-16,FO,NSE,STF,SIEMENS,SIEMENS,2026-09-29,,,3569.0,3788.9,3535.1,3614.6,3614.6,3707.2,66,42098035.0,14000,-1925,32245,NSE,UDIFF F&O BHAVCOPY,FUTURE,SIEMENS
2026-07-16,FO,NSE,STF,SIEMENS,SIEMENS,2026-07-28,,,3600.0,3873.9,3563.2,3653.5,3648.0,3653.5,17640,11474876017.5,3886750,407575,32318,NSE,UDIFF F&O BHAVCOPY,FUTURE,SIEMENS
2026-07-16,FO,NSE,STF,SIEMENS,SIEMENS,2026-08-25,,,3554.8,3836.6,3531.1,3621.7,3617.0,3621.7,2449,1571008915.0,666400,41650,32333,NSE,UDIFF F&O BHAVCOPY,FUTURE,SIEMENS
2026-07-16,FO,NSE,STF,UNITDSPR,UNITDSPR,2026-08-25,,,1377.6,1403.0,1377.6,1393.8,1392.1,1393.8,240,133681360.0,118400,18400,32387,NSE,UDIFF F&O BHAVCOPY,FUTURE,UNITDSPR
2026-07-16,FO,NSE,STF,UNITDSPR,UNITDSPR,2026-09-29,,,1401.6,1404.9,1391.0,1391.0,1391.0,1400.4,7,3912200.0,10000,800,32399,NSE,UDIFF F&O BHAVCOPY,FUTURE,UNITDSPR
2026-07-16,FO,NSE,STF,UNITDSPR,UNITDSPR,2026-07-28,,,1375.0,1397.4,1358.0,1386.1,1385.5,1386.1,2947,1632240000.0,9142400,-110800,32473,NSE,UDIFF F&O BHAVCOPY,FUTURE,UNITDSPR
2026-07-16,FO,NSE,STF,AMBER,AMBER,2026-08-25,,,7921.0,8141.5,7810.0,8048.0,8055.0,8048.0,523,418771900.0,29500,3500,32484,NSE,UDIFF F&O BHAVCOPY,FUTURE,AMBER
2026-07-16,FO,NSE,STF,AMBER,AMBER,2026-07-28,,,7945.0,8127.5,7793.5,8039.0,8039.0,8039.0,6772,5410767050.0,1197300,-111200,32485,NSE,UDIFF F&O BHAVCOPY,FUTURE,AMBER
2026-07-16,FO,NSE,STF,AMBER,AMBER,2026-09-29,,,7942.0,8073.0,7823.5,8030.5,8030.5,8125.5,24,19119200.0,2300,-100,32583,NSE,UDIFF F&O BHAVCOPY,FUTURE,AMBER
2026-07-16,FO,NSE,STF,BAJFINANCE,BAJFINANCE,2026-07-28,,,1020.0,1043.0,1020.0,1038.7,1037.9,1038.7,7855,6103296975.0,66217500,-1181250,32623,NSE,UDIFF F&O BHAVCOPY,FUTURE,BAJFINANCE
2026-07-16,FO,NSE,STF,BAJFINANCE,BAJFINANCE,2026-09-29,,,1035.9,1054.5,1035.9,1051.1,1050.9,1051.1,63,49413825.0,8115000,7500,32710,NSE,UDIFF F&O BHAVCOPY,FUTURE,BAJFINANCE
2026-07-16,FO,NSE,STF,BAJFINANCE,BAJFINANCE,2026-08-25,,,1030.0,1048.0,1030.0,1044.1,1044.6,1044.1,621,485280375.0,6860250,128250,32711,NSE,UDIFF F&O BHAVCOPY,FUTURE,BAJFINANCE
2026-07-16,FO,NSE,STF,CANBK,CANBK,2026-07-28,,,127.34,127.65,125.62,126.39,126.39,126.39,2736,2337482745.0,342704250,-4070250,32799,NSE,UDIFF F&O BHAVCOPY,FUTURE,CANBK
2026-07-16,FO,NSE,STF,CANBK,CANBK,2026-08-25,,,128.0,128.2,126.38,127.05,126.95,127.05,551,473051947.5,39676500,2139750,32827,NSE,UDIFF F&O BHAVCOPY,FUTURE,CANBK
2026-07-16,FO,NSE,STF,CANBK,CANBK,2026-09-29,,,127.84,128.89,127.21,127.92,127.85,127.92,103,88929157.5,2909250,587250,32967,NSE,UDIFF F&O BHAVCOPY,FUTURE,CANBK
2026-07-16,FO,NSE,STF,DMART,DMART,2026-09-29,,,3900.0,3940.0,3900.0,3911.7,3913.0,3911.7,55,32332950.0,78600,-2250,33020,NSE,UDIFF F&O BHAVCOPY,FUTURE,DMART
2026-07-16,FO,NSE,STF,DMART,DMART,2026-08-25,,,3901.0,3958.0,3898.3,3920.8,3922.0,3920.8,676,398862255.0,1394100,42750,33032,NSE,UDIFF F&O BHAVCOPY,FUTURE,DMART
2026-07-16,FO,NSE,STF,DMART,DMART,2026-07-28,,,3928.0,3988.0,3927.7,3948.0,3949.8,3948.0,2898,1721141985.0,5177850,-60750,33110,NSE,UDIFF F&O BHAVCOPY,FUTURE,DMART
2026-07-16,FO,NSE,IDF,FINNIFTY,FINNIFTY,2026-09-29,,,0.0,0.0,0.0,26968.2,0.0,26917.1,0,0.0,0,0,33251,NSE,UDIFF F&O BHAVCOPY,FUTURE,FINNIFTY
2026-07-16,FO,NSE,IDF,FINNIFTY,FINNIFTY,2026-07-28,,,26906.2,26906.2,26587.0,26663.6,26659.0,26663.6,128,204856542.0,29940,3780,33369,NSE,UDIFF F&O BHAVCOPY,FUTURE,FINNIFTY
2026-07-16,FO,NSE,IDF,FINNIFTY,FINNIFTY,2026-08-25,,,0.0,0.0,0.0,25500.0,25500.0,26748.3,0,0.0,60,0,33558,NSE,UDIFF F&O BHAVCOPY,FUTURE,FINNIFTY
2026-07-16,FO,NSE,STF,HINDZINC,HINDZINC,2026-09-29,,,534.0,536.1,528.5,529.9,529.9,529.9,74,48165591.25,313600,57575,33650,NSE,UDIFF F&O BHAVCOPY,FUTURE,HINDZINC
2026-07-16,FO,NSE,STF,HINDZINC,HINDZINC,2026-07-28,,,529.9,531.3,522.25,523.9,523.85,523.9,1307,841612730.0,29823850,-252350,33710,NSE,UDIFF F&O BHAVCOPY,FUTURE,HINDZINC
2026-07-16,FO,NSE,STF,HINDZINC,HINDZINC,2026-08-25,,,531.8,532.9,525.3,526.6,526.0,526.6,541,349574023.75,1679475,441000,33730,NSE,UDIFF F&O BHAVCOPY,FUTURE,HINDZINC
2026-07-16,FO,NSE,STF,IREDA,IREDA,2026-08-25,,,117.93,118.5,116.63,117.12,117.32,117.12,768,407988661.0,20529925,2158425,33827,NSE,UDIFF F&O BHAVCOPY,FUTURE,IREDA
2026-07-16,FO,NSE,STF,IREDA,IREDA,2026-09-29,,,116.55,117.65,115.5,116.25,116.02,116.25,42,22040732.0,1769275,140275,33856,NSE,UDIFF F&O BHAVCOPY,FUTURE,IREDA
2026-07-16,FO,NSE,STF,IREDA,IREDA,2026-07-28,,,120.94,121.4,119.53,119.96,120.11,119.96,1074,584524250.75,62010600,687800,33874,NSE,UDIFF F&O BHAVCOPY,FUTURE,IREDA
2026-07-16,FO,NSE,STF,LICHSGFIN,LICHSGFIN,2026-07-28,,,552.15,554.2,546.3,547.0,547.05,547.0,1202,659912300.0,21920000,-144000,33924,NSE,UDIFF F&O BHAVCOPY,FUTURE,LICHSGFIN
2026-07-16,FO,NSE,STF,LICHSGFIN,LICHSGFIN,2026-08-25,,,544.9,546.7,539.6,540.3,540.7,540.3,366,198573000.0,3031000,217000,33992,NSE,UDIFF F&O BHAVCOPY,FUTURE,LICHSGFIN
2026-07-16,FO,NSE,STF,LICHSGFIN,LICHSGFIN,2026-09-29,,,548.1,548.9,542.3,542.3,542.3,554.2,16,8724100.0,70000,7000,34014,NSE,UDIFF F&O BHAVCOPY,FUTURE,LICHSGFIN
2026-07-16,FO,NSE,STF,LTM,LTM,2026-08-25,,,4087.3,4155.1,4041.2,4053.3,4070.0,4053.3,731,449381355.0,339450,27300,34026,NSE,UDIFF F&O BHAVCOPY,FUTURE,LTM
2026-07-16,FO,NSE,STF,LTM,LTM,2026-09-29,,,4080.0,4126.9,4041.1,4050.8,4064.0,4050.8,48,29503785.0,28200,3450,34029,NSE,UDIFF F&O BHAVCOPY,FUTURE,LTM
2026-07-16,FO,NSE,STF,LTM,LTM,2026-07-28,,,4099.0,4174.9,4069.0,4079.4,4099.8,4079.4,2680,1657194825.0,3590100,74250,34073,NSE,UDIFF F&O BHAVCOPY,FUTURE,LTM
2026-07-16,FO,NSE,STF,LUPIN,LUPIN,2026-08-25,,,2489.0,2515.0,2484.2,2491.3,2497.7,2491.3,245,260142712.5,202725,45900,34250,NSE,UDIFF F&O BHAVCOPY,FUTURE,LUPIN
2026-07-16,FO,NSE,STF,LUPIN,LUPIN,2026-07-28,,,2499.4,2513.9,2481.4,2490.0,2490.3,2490.0,1048,1111415885.0,5124225,26350,34355,NSE,UDIFF F&O BHAVCOPY,FUTURE,LUPIN
2026-07-16,FO,NSE,STF,LUPIN,LUPIN,2026-09-29,,,2508.0,2511.2,2501.0,2501.0,2501.0,2501.0,5,5329032.5,20400,850,34391,NSE,UDIFF F&O BHAVCOPY,FUTURE,LUPIN
2026-07-16,FO,NSE,STF,RADICO,RADICO,2026-07-28,,,4102.0,4146.0,4086.6,4098.6,4094.7,4098.6,775,478698960.0,456150,-5550,34448,NSE,UDIFF F&O BHAVCOPY,FUTURE,RADICO
2026-07-16,FO,NSE,STF,RADICO,RADICO,2026-09-29,,,4110.0,4110.0,4110.0,4110.0,4110.0,4161.7,1,616500.0,1350,-150,34459,NSE,UDIFF F&O BHAVCOPY,FUTURE,RADICO
2026-07-16,FO,NSE,STF,RADICO,RADICO,2026-08-25,,,4109.6,4140.4,4080.0,4091.5,4080.0,4091.5,39,24099165.0,14250,-600,34482,NSE,UDIFF F&O BHAVCOPY,FUTURE,RADICO
2026-07-16,FO,NSE,STF,RVNL,RVNL,2026-09-29,,,225.09,226.54,223.1,223.41,223.41,223.41,54,23351674.5,1195425,67375,34562,NSE,UDIFF F&O BHAVCOPY,FUTURE,RVNL
2026-07-16,FO,NSE,STF,RVNL,RVNL,2026-08-25,,,225.71,228.12,224.16,224.58,225.19,224.58,542,235429482.75,7551775,490875,34576,NSE,UDIFF F&O BHAVCOPY,FUTURE,RVNL
2026-07-16,FO,NSE,STF,RVNL,RVNL,2026-07-28,,,228.78,231.3,226.8,227.35,227.48,227.35,1637,720041341.25,35362250,44275,34590,NSE,UDIFF F&O BHAVCOPY,FUTURE,RVNL
2026-07-16,FO,NSE,STF,SHRIRAMFIN,SHRIRAMFIN,2026-07-28,,,1039.7,1040.3,1021.2,1027.7,1028.5,1027.7,2046,1739224492.5,29763525,-25575,34658,NSE,UDIFF F&O BHAVCOPY,FUTURE,SHRIRAMFIN
2026-07-16,FO,NSE,STF,SHRIRAMFIN,SHRIRAMFIN,2026-08-25,,,1042.4,1044.1,1026.8,1032.9,1033.5,1032.9,306,261148305.0,1552650,76725,34662,NSE,UDIFF F&O BHAVCOPY,FUTURE,SHRIRAMFIN
2026-07-16,FO,NSE,STF,SHRIRAMFIN,SHRIRAMFIN,2026-09-29,,,1046.7,1050.0,1034.2,1039.4,1039.3,1039.4,38,32620747.5,2643300,5775,34693,NSE,UDIFF F&O BHAVCOPY,FUTURE,SHRIRAMFIN
2026-07-16,FO,NSE,STF,TMPV,TMPV,2026-07-28,,,334.95,340.35,332.4,333.05,333.0,333.05,4212,2262120560.0,89081600,310400,34823,NSE,UDIFF F&O BHAVCOPY,FUTURE,TMPV
2026-07-16,FO,NSE,STF,TMPV,TMPV,2026-09-29,,,340.25,343.0,336.0,336.5,336.5,336.5,200,108644960.0,4660800,78400,34901,NSE,UDIFF F&O BHAVCOPY,FUTURE,TMPV
2026-07-16,FO,NSE,STF,TMPV,TMPV,2026-08-25,,,337.0,341.65,334.15,334.6,334.6,334.6,872,470502880.0,9064000,440000,34902,NSE,UDIFF F&O BHAVCOPY,FUTURE,TMPV
2026-07-16,FO,NSE,STF,ANGELONE,ANGELONE,2026-07-28,,,346.0,355.2,331.8,333.9,334.0,333.9,10489,8944357125.0,23837500,-125000,34972,NSE,UDIFF F&O BHAVCOPY,FUTURE,ANGELONE
2026-07-16,FO,NSE,STF,ANGELONE,ANGELONE,2026-09-29,,,341.25,356.0,335.0,336.45,336.3,336.45,236,202341375.0,377500,22500,35004,NSE,UDIFF F&O BHAVCOPY,FUTURE,ANGELONE
2026-07-16,FO,NSE,STF,ANGELONE,ANGELONE,2026-08-25,,,348.0,355.4,333.4,335.25,335.5,335.25,1191,1018109875.0,2035000,502500,35014,NSE,UDIFF F&O BHAVCOPY,FUTURE,ANGELONE
2026-07-16,FO,NSE,STF,AUBANK,AUBANK,2026-09-29,,,1049.0,1050.0,1040.9,1049.2,1047.8,1049.2,153,160125700.0,213000,33000,35065,NSE,UDIFF F&O BHAVCOPY,FUTURE,AUBANK
2026-07-16,FO,NSE,STF,AUBANK,AUBANK,2026-07-28,,,1038.0,1044.8,1028.9,1036.7,1036.1,1036.7,1331,1376629200.0,21621000,-164000,35075,NSE,UDIFF F&O BHAVCOPY,FUTURE,AUBANK
2026-07-16,FO,NSE,STF,AUBANK,AUBANK,2026-08-25,,,1049.0,1049.0,1034.2,1042.7,1041.5,1042.7,363,377525000.0,3965000,159000,35168,NSE,UDIFF F&O BHAVCOPY,FUTURE,AUBANK
2026-07-16,FO,NSE,STF,BANDHANBNK,BANDHANBNK,2026-09-29,,,216.59,218.66,214.3,215.51,215.62,215.51,36,28052136.0,464400,90000,35194,NSE,UDIFF F&O BHAVCOPY,FUTURE,BANDHANBNK
2026-07-16,FO,NSE,STF,BANDHANBNK,BANDHANBNK,2026-08-25,,,216.95,218.49,213.42,214.52,214.27,214.52,385,298700748.0,9464400,525600,35214,NSE,UDIFF F&O BHAVCOPY,FUTURE,BANDHANBNK
2026-07-16,FO,NSE,STF,BANDHANBNK,BANDHANBNK,2026-07-28,,,216.5,218.34,213.0,214.4,214.16,214.4,3658,2837979864.0,92523600,-2365200,35272,NSE,UDIFF F&O BHAVCOPY,FUTURE,BANDHANBNK
2026-07-16,FO,NSE,STF,CAMS,CAMS,2026-09-29,,,758.0,761.0,755.5,757.45,757.85,757.45,11,6884583.75,51975,3300,35329,NSE,UDIFF F&O BHAVCOPY,FUTURE,CAMS
2026-07-16,FO,NSE,STF,CAMS,CAMS,2026-08-25,,,765.1,765.1,751.0,755.1,755.6,755.1,141,87969337.5,459525,64350,35401,NSE,UDIFF F&O BHAVCOPY,FUTURE,CAMS
2026-07-16,FO,NSE,STF,CAMS,CAMS,2026-07-28,,,770.0,770.0,750.1,754.1,754.0,754.1,1008,628120102.5,7362300,161700,35402,NSE,UDIFF F&O BHAVCOPY,FUTURE,CAMS
2026-07-16,FO,NSE,STF,HINDALCO,HINDALCO,2026-07-28,,,972.0,973.55,960.4,963.1,963.5,963.1,5510,3730779500.0,51752400,123200,35448,NSE,UDIFF F&O BHAVCOPY,FUTURE,HINDALCO
2026-07-16,FO,NSE,STF,HINDALCO,HINDALCO,2026-08-25,,,973.25,978.4,965.65,967.6,968.25,967.6,642,436343985.0,2123100,209300,35485,NSE,UDIFF F&O BHAVCOPY,FUTURE,HINDALCO
2026-07-16,FO,NSE,STF,HINDALCO,HINDALCO,2026-09-29,,,980.2,984.0,972.0,973.45,975.0,973.45,268,183307040.0,340200,151900,35519,NSE,UDIFF F&O BHAVCOPY,FUTURE,HINDALCO
2026-07-16,FO,NSE,STF,HYUNDAI,HYUNDAI,2026-07-28,,,2011.1,2064.9,1981.6,2010.6,1992.0,2010.6,6959,3882476620.0,4713775,-104500,35601,NSE,UDIFF F&O BHAVCOPY,FUTURE,HYUNDAI
2026-07-16,FO,NSE,STF,HYUNDAI,HYUNDAI,2026-09-29,,,1974.2,2022.8,1935.0,1957.3,1946.1,1957.3,89,48859387.5,30250,9625,35611,NSE,UDIFF F&O BHAVCOPY,FUTURE,HYUNDAI
2026-07-16,FO,NSE,STF,HYUNDAI,HYUNDAI,2026-08-25,,,1985.2,2029.2,1937.4,1967.5,1954.6,1967.5,1104,605697125.0,316800,117425,35649,NSE,UDIFF F&O BHAVCOPY,FUTURE,HYUNDAI
2026-07-16,FO,NSE,STF,IRFC,IRFC,2026-08-25,,,88.2,88.69,87.4,87.52,87.45,87.52,1017,485909492.25,21976675,3217025,35771,NSE,UDIFF F&O BHAVCOPY,FUTURE,IRFC
2026-07-16,FO,NSE,STF,IRFC,IRFC,2026-07-28,,,88.69,89.46,88.08,88.25,88.15,88.25,1344,647144778.0,90467300,678125,35803,NSE,UDIFF F&O BHAVCOPY,FUTURE,IRFC
2026-07-16,FO,NSE,STF,IRFC,IRFC,2026-09-29,,,87.74,88.44,87.3,87.47,87.3,87.47,46,21914992.75,2945775,157325,35816,NSE,UDIFF F&O BHAVCOPY,FUTURE,IRFC
2026-07-16,FO,NSE,IDF,MIDCPNIFTY,MIDCPNIFTY,2026-09-29,,,14905.0,14930.0,14853.0,14861.45,14867.7,14861.45,25,44607000.0,7440,1560,36049,NSE,UDIFF F&O BHAVCOPY,FUTURE,MIDCPNIFTY
2026-07-16,FO,NSE,IDF,MIDCPNIFTY,MIDCPNIFTY,2026-08-25,,,14875.7,14918.0,14783.35,14832.45,14836.0,14832.45,193,344087526.0,81840,-1080,36363,NSE,UDIFF F&O BHAVCOPY,FUTURE,MIDCPNIFTY
2026-07-16,FO,NSE,IDF,MIDCPNIFTY,MIDCPNIFTY,2026-07-28,,,14787.3,14884.95,14732.2,14794.05,14792.05,14794.05,1866,3317953932.0,1932240,-1080,36729,NSE,UDIFF F&O BHAVCOPY,FUTURE,MIDCPNIFTY
2026-07-16,FO,NSE,STF,NAUKRI,NAUKRI,2026-09-29,,,1196.25,1214.95,1196.25,1211.3,1210.0,1211.3,12,7961002.5,52250,3300,36856,NSE,UDIFF F&O BHAVCOPY,FUTURE,NAUKRI
2026-07-16,FO,NSE,STF,NAUKRI,NAUKRI,2026-07-28,,,1176.05,1208.65,1176.05,1205.35,1203.25,1205.35,2218,1461970510.0,14650900,26400,36885,NSE,UDIFF F&O BHAVCOPY,FUTURE,NAUKRI
2026-07-16,FO,NSE,STF,NAUKRI,NAUKRI,2026-08-25,,,1199.4,1213.05,1194.0,1210.55,1209.0,1210.55,175,115966042.5,335500,2750,36888,NSE,UDIFF F&O BHAVCOPY,FUTURE,NAUKRI
2026-07-16,FO,NSE,STF,RECLTD,RECLTD,2026-08-25,,,349.75,351.7,346.05,346.45,346.85,346.45,646,354921131.25,8297100,568575,36948,NSE,UDIFF F&O BHAVCOPY,FUTURE,RECLTD
2026-07-16,FO,NSE,STF,RECLTD,RECLTD,2026-09-29,,,351.95,353.05,348.0,348.5,349.35,348.5,56,30799440.0,359100,11025,36986,NSE,UDIFF F&O BHAVCOPY,FUTURE,RECLTD
2026-07-16,FO,NSE,STF,RECLTD,RECLTD,2026-07-28,,,352.9,354.15,348.25,348.6,348.8,348.6,1990,1100362488.75,44103150,-371700,36987,NSE,UDIFF F&O BHAVCOPY,FUTURE,RECLTD
2026-07-16,FO,NSE,STF,SBICARD,SBICARD,2026-09-29,,,630.4,642.0,623.4,634.1,634.2,634.1,109,55428960.0,426400,4000,37069,NSE,UDIFF F&O BHAVCOPY,FUTURE,SBICARD
2026-07-16,FO,NSE,STF,SBICARD,SBICARD,2026-07-28,,,645.8,655.1,634.45,646.0,647.7,646.0,8345,4324836040.0,26696800,310400,37161,NSE,UDIFF F&O BHAVCOPY,FUTURE,SBICARD
2026-07-16,FO,NSE,STF,SBICARD,SBICARD,2026-08-25,,,639.0,646.7,628.15,638.45,638.4,638.45,925,473515960.0,2599200,121600,37173,NSE,UDIFF F&O BHAVCOPY,FUTURE,SBICARD
2026-07-16,FO,NSE,STF,TORNTPHARM,TORNTPHARM,2026-09-29,,,4850.0,4850.0,4749.1,4764.0,4790.8,4764.0,25,14933000.0,3125,1000,37246,NSE,UDIFF F&O BHAVCOPY,FUTURE,TORNTPHARM
2026-07-16,FO,NSE,STF,TORNTPHARM,TORNTPHARM,2026-08-25,,,4983.7,4983.7,4739.0,4795.1,4818.2,4795.1,14875,8931351962.5,1601000,1071500,37263,NSE,UDIFF F&O BHAVCOPY,FUTURE,TORNTPHARM
2026-07-16,FO,NSE,STF,TORNTPHARM,TORNTPHARM,2026-07-28,,,5008.9,5039.9,4795.4,4845.5,4855.0,4845.5,25348,15383168812.5,3374500,433000,37276,NSE,UDIFF F&O BHAVCOPY,FUTURE,TORNTPHARM
2026-07-16,FO,NSE,STF,VBL,VBL,2026-07-28,,,464.4,470.9,462.6,468.2,468.7,468.2,6131,3635164038.75,52695750,-2761650,37408,NSE,UDIFF F&O BHAVCOPY,FUTURE,VBL
2026-07-16,FO,NSE,STF,VBL,VBL,2026-09-29,,,470.45,474.0,467.5,473.5,473.95,473.5,37,22189717.5,228225,12750,37409,NSE,UDIFF F&O BHAVCOPY,FUTURE,VBL
2026-07-16,FO,NSE,STF,VBL,VBL,2026-08-25,,,469.0,472.0,465.0,470.5,471.2,470.5,680,405439736.25,2544900,314925,37422,NSE,UDIFF F&O BHAVCOPY,FUTURE,VBL
2026-07-16,FO,NSE,STF,WAAREEENER,WAAREEENER,2026-07-28,,,2825.0,2850.0,2803.7,2831.6,2837.9,2831.6,2296,1135710922.5,7311325,-9975,37525,NSE,UDIFF F&O BHAVCOPY,FUTURE,WAAREEENER
2026-07-16,FO,NSE,STF,WAAREEENER,WAAREEENER,2026-09-29,,,2800.0,2820.0,2783.9,2809.4,2808.4,2809.4,22,10788890.0,32375,2625,37526,NSE,UDIFF F&O BHAVCOPY,FUTURE,WAAREEENER
2026-07-16,FO,NSE,STF,WAAREEENER,WAAREEENER,2026-08-25,,,2813.6,2830.0,2786.1,2812.2,2815.5,2812.2,980,481772550.0,2242275,75250,37572,NSE,UDIFF F&O BHAVCOPY,FUTURE,WAAREEENER
